row,block,study,lag
0,0,unassigned,2721
1,1,unassigned,2898
2,0,unassigned,2683
3,2,unassigned,6992
4,3,unassigned,3230
5,0,unassigned,2775
6,2,unassigned,7009
7,4,unassigned,3335
8,5,unassigned,-2963
9,6,unassigned,2710
10,0,unassigned,2701
11,7,unassigned,1453
12,4,unassigned,3346
13,8,unassigned,4324
14,8,unassigned,4324
15,9,unassigned,2682
16,10,unassigned,6977
17,10,unassigned,6977
18,0,unassigned,2651
19,10,unassigned,6976
20,10,unassigned,6976
21,2,unassigned,7010
22,6,unassigned,2679
23,7,unassigned,1457
24,4,unassigned,3259
25,0,unassigned,2706
26,2,unassigned,7022
27,5,unassigned,-2958
28,11,unassigned,-2878
29,7,unassigned,1470
30,2,unassigned,6869
31,11,unassigned,-2859
32,7,unassigned,1447
33,8,unassigned,4021
34,10,unassigned,7015
35,10,unassigned,7015
36,11,unassigned,-2885
37,10,unassigned,6730
38,12,AMBIGUOUS: MTBLS147,-757
39,10,unassigned,7019
40,10,unassigned,7019
41,8,unassigned,4049
42,0,unassigned,2655
43,10,unassigned,6981
44,10,unassigned,6981
45,2,unassigned,6928
46,5,unassigned,-3019
47,2,unassigned,6995
48,7,unassigned,1381
49,10,unassigned,6791
50,11,unassigned,-2867
51,10,unassigned,6979
52,10,unassigned,6979
53,13,unassigned,6518
54,11,unassigned,-2959
55,10,unassigned,6977
56,10,unassigned,6977
57,11,unassigned,-2865
58,11,unassigned,-2872
59,12,AMBIGUOUS: MTBLS147,-757
60,12,AMBIGUOUS: MTBLS147,-752
61,12,AMBIGUOUS: MTBLS147,-755
62,8,unassigned,4292
63,8,unassigned,4292
64,11,unassigned,-2935
65,8,unassigned,4106
66,7,unassigned,1366
67,11,unassigned,-2870
68,5,unassigned,-2967
69,11,unassigned,-2933
70,14,unassigned,-1676
71,11,unassigned,-2875
72,11,unassigned,-2936
73,11,unassigned,-2957
74,7,unassigned,1377
75,15,unassigned,-2855
76,12,AMBIGUOUS: MTBLS147,-757
77,12,AMBIGUOUS: MTBLS147,-757
78,5,unassigned,-3010
79,11,unassigned,-2855
80,11,unassigned,-2929
81,10,unassigned,6981
82,10,unassigned,6981
83,11,unassigned,-2879
84,12,AMBIGUOUS: MTBLS147,-771
85,11,unassigned,-2944
86,10,unassigned,7033
87,10,unassigned,7033
88,2,unassigned,6930
89,10,unassigned,6980
90,10,unassigned,6980
91,12,AMBIGUOUS: MTBLS147,-756
92,11,unassigned,-2885
93,11,unassigned,-2870
94,11,unassigned,-2943
95,4,unassigned,3283
96,12,AMBIGUOUS: MTBLS147,-759
97,11,unassigned,-2872
98,11,unassigned,-2880
99,10,unassigned,6973
100,10,unassigned,6973
101,7,unassigned,1366
102,11,unassigned,-2871
103,12,AMBIGUOUS: MTBLS147,-759
104,12,AMBIGUOUS: MTBLS147,-762
105,12,AMBIGUOUS: MTBLS147,-759
106,11,unassigned,-2952
107,11,unassigned,-2867
108,12,AMBIGUOUS: MTBLS147,-756
109,16,unassigned,5532
110,16,unassigned,5532
111,11,unassigned,-2860
112,7,unassigned,1389
113,11,unassigned,-2865
114,8,unassigned,4282
115,8,unassigned,4282
116,12,AMBIGUOUS: MTBLS147,-754
117,11,unassigned,-2878
118,12,AMBIGUOUS: MTBLS147,-750
119,10,unassigned,7082
120,10,unassigned,7082
121,11,unassigned,-2871
122,0,unassigned,2748
123,8,unassigned,4307
124,8,unassigned,4307
125,12,AMBIGUOUS: MTBLS147,-748
126,11,unassigned,-2887
127,7,unassigned,1449
128,17,unassigned,2376
129,10,unassigned,6784
130,11,unassigned,-2944
131,12,AMBIGUOUS: MTBLS147,-758
132,10,unassigned,7007
133,10,unassigned,7007
134,11,unassigned,-2877
135,12,AMBIGUOUS: MTBLS147,-769
136,7,unassigned,1354
137,10,unassigned,6972
138,10,unassigned,6972
139,11,unassigned,-2870
140,12,AMBIGUOUS: MTBLS147,-755
141,10,unassigned,6981
142,10,unassigned,6981
143,10,unassigned,6970
144,10,unassigned,6970
145,2,unassigned,6915
146,11,unassigned,-2870
147,7,unassigned,1451
148,2,unassigned,6932
149,12,AMBIGUOUS: MTBLS147,-753
150,10,unassigned,6971
151,10,unassigned,6971
152,11,unassigned,-2858
153,8,unassigned,4304
154,8,unassigned,4304
155,10,unassigned,6782
156,12,AMBIGUOUS: MTBLS147,-760
157,7,unassigned,1453
158,11,unassigned,-2879
159,11,unassigned,-2874
160,12,AMBIGUOUS: MTBLS147,-754
161,18,unassigned,-2891
162,16,unassigned,5503
163,16,unassigned,5503
164,11,unassigned,-2862
165,19,unassigned,6769
166,8,unassigned,4343
167,8,unassigned,4343
168,11,unassigned,-2950
169,11,unassigned,-2880
170,11,unassigned,-2872
171,11,unassigned,-2872
172,0,unassigned,2697
173,7,unassigned,1458
174,2,unassigned,6897
175,10,unassigned,7043
176,10,unassigned,7043
177,11,unassigned,-2925
178,12,AMBIGUOUS: MTBLS147,-756
179,8,unassigned,4288
180,8,unassigned,4288
181,10,unassigned,6973
182,10,unassigned,6973
183,12,AMBIGUOUS: MTBLS147,-760
184,7,unassigned,1458
185,11,unassigned,-2873
186,11,unassigned,-2958
187,11,unassigned,-2949
188,10,unassigned,7020
189,10,unassigned,7020
190,11,unassigned,-2862
191,4,unassigned,3340
192,3,unassigned,3310
193,20,unassigned,2937
194,21,unassigned,1402
195,12,AMBIGUOUS: MTBLS147,-757
196,11,unassigned,-2874
197,10,unassigned,6995
198,10,unassigned,6995
199,7,unassigned,1458
200,7,unassigned,1449
201,11,unassigned,-2943
202,11,unassigned,-2863
203,12,AMBIGUOUS: MTBLS147,-756
204,12,AMBIGUOUS: MTBLS147,-758
205,11,unassigned,-2860
206,10,unassigned,6796
207,10,unassigned,6982
208,10,unassigned,6982
209,12,AMBIGUOUS: MTBLS147,-756
210,11,unassigned,-2878
211,16,unassigned,5534
212,16,unassigned,5534
213,11,unassigned,-2871
214,11,unassigned,-2949
215,22,unassigned,7538
216,12,AMBIGUOUS: MTBLS147,-757
217,7,unassigned,1458
218,7,unassigned,1464
219,7,unassigned,1452
220,10,unassigned,6977
221,10,unassigned,6977
222,11,unassigned,-2948
223,11,unassigned,-2870
224,4,unassigned,3340
225,11,unassigned,-2870
226,12,AMBIGUOUS: MTBLS147,-760
227,12,AMBIGUOUS: MTBLS147,-758
228,10,unassigned,6987
229,10,unassigned,6987
230,7,unassigned,1391
231,5,unassigned,-2959
232,12,AMBIGUOUS: MTBLS147,-760
233,10,unassigned,7011
234,10,unassigned,7011
235,11,unassigned,-2882
236,10,unassigned,6972
237,10,unassigned,6972
238,12,AMBIGUOUS: MTBLS147,-763
239,11,unassigned,-2882
240,11,unassigned,-2877
241,2,unassigned,6994
242,6,unassigned,2688
243,23,unassigned,2777
244,10,unassigned,6987
245,10,unassigned,6987
246,12,AMBIGUOUS: MTBLS147,-765
247,11,unassigned,-2869
248,11,unassigned,-2891
249,10,unassigned,7010
250,10,unassigned,7010
251,24,unassigned,4939
252,24,unassigned,4939
253,10,unassigned,7041
254,10,unassigned,7041
255,4,unassigned,3330
256,5,unassigned,-2966
257,12,AMBIGUOUS: MTBLS147,-762
258,11,unassigned,-2891
259,10,unassigned,7040
260,10,unassigned,7040
261,8,unassigned,4304
262,8,unassigned,4304
263,10,unassigned,6995
264,10,unassigned,6995
265,12,AMBIGUOUS: MTBLS147,-760
266,10,unassigned,7050
267,10,unassigned,7050
268,5,unassigned,-2967
269,12,AMBIGUOUS: MTBLS147,-741
270,11,unassigned,-2878
271,10,unassigned,6976
272,10,unassigned,6976
273,12,AMBIGUOUS: MTBLS147,-758
274,12,AMBIGUOUS: MTBLS147,-761
275,12,AMBIGUOUS: MTBLS147,-757
276,10,unassigned,7025
277,10,unassigned,7025
278,8,unassigned,4302
279,8,unassigned,4302
280,10,unassigned,7001
281,10,unassigned,7001
282,7,unassigned,1452
283,12,AMBIGUOUS: MTBLS147,-758
284,12,AMBIGUOUS: MTBLS147,-753
285,7,unassigned,1446
286,7,unassigned,1463
287,12,AMBIGUOUS: MTBLS147,-756
288,12,AMBIGUOUS: MTBLS147,-758
289,7,unassigned,1468
290,16,unassigned,5500
291,16,unassigned,5500
292,25,unassigned,1516
293,11,unassigned,-2875
294,26,unassigned,6753
295,26,unassigned,6753
296,12,AMBIGUOUS: MTBLS147,-753
297,27,unassigned,2760
298,11,unassigned,-2865
299,12,AMBIGUOUS: MTBLS147,-757
300,11,unassigned,-2879
301,11,unassigned,-2874
302,7,unassigned,1453
303,12,AMBIGUOUS: MTBLS147,-749
304,12,AMBIGUOUS: MTBLS147,-761
305,12,AMBIGUOUS: MTBLS147,-759
306,12,AMBIGUOUS: MTBLS147,-751
307,11,unassigned,-2892
308,12,AMBIGUOUS: MTBLS147,-763
309,24,unassigned,4933
310,24,unassigned,4933
311,0,unassigned,2663
312,11,unassigned,-2883
313,10,unassigned,7036
314,10,unassigned,7036
315,12,AMBIGUOUS: MTBLS147,-762
316,10,unassigned,7008
317,10,unassigned,7008
318,12,AMBIGUOUS: MTBLS147,-761
319,11,unassigned,-2880
320,21,unassigned,1413
321,8,unassigned,4304
322,8,unassigned,4304
323,5,unassigned,-3001
324,7,unassigned,1437
325,12,AMBIGUOUS: MTBLS147,-759
326,12,AMBIGUOUS: MTBLS147,-761
327,12,AMBIGUOUS: MTBLS147,-751
328,11,unassigned,-2879
329,8,unassigned,4284
330,8,unassigned,4284
331,2,unassigned,6913
332,25,unassigned,1513
333,11,unassigned,-2883
334,11,unassigned,-2880
335,11,unassigned,-2875
336,11,unassigned,-2879
337,10,unassigned,6995
338,10,unassigned,6995
339,7,unassigned,1457
340,11,unassigned,-2947
341,10,unassigned,7001
342,10,unassigned,7001
343,11,unassigned,-2880
344,12,AMBIGUOUS: MTBLS147,-759
345,11,unassigned,-2880
346,7,unassigned,1456
347,10,unassigned,7026
348,10,unassigned,7026
349,3,unassigned,3234
350,7,unassigned,1447
351,2,unassigned,6991
352,11,unassigned,-2876
353,4,unassigned,3328
354,12,AMBIGUOUS: MTBLS147,-753
355,8,unassigned,4299
356,8,unassigned,4299
357,3,unassigned,3280
358,11,unassigned,-2865
359,11,unassigned,-2887
360,11,unassigned,-2871
361,12,AMBIGUOUS: MTBLS147,-757
362,12,AMBIGUOUS: MTBLS147,-748
363,12,AMBIGUOUS: MTBLS147,-761
364,16,unassigned,5498
365,16,unassigned,5498
366,12,AMBIGUOUS: MTBLS147,-760
367,10,unassigned,6971
368,10,unassigned,6971
369,12,AMBIGUOUS: MTBLS147,-759
370,28,unassigned,-1653
371,11,unassigned,-2949
372,12,AMBIGUOUS: MTBLS147,-759
373,11,unassigned,-2871
374,12,AMBIGUOUS: MTBLS147,-756
375,10,unassigned,7005
376,10,unassigned,7005
377,10,unassigned,6740
378,12,AMBIGUOUS: MTBLS147,-754
379,4,unassigned,3355
380,8,unassigned,4300
381,8,unassigned,4300
382,12,AMBIGUOUS: MTBLS147,-756
383,12,AMBIGUOUS: MTBLS147,-755
384,10,unassigned,6973
385,10,unassigned,6973
386,12,AMBIGUOUS: MTBLS147,-762
387,29,unassigned,4553
388,12,AMBIGUOUS: MTBLS147,-757
389,12,AMBIGUOUS: MTBLS147,-752
390,12,AMBIGUOUS: MTBLS147,-759
391,7,unassigned,1451
392,12,AMBIGUOUS: MTBLS147,-758
393,12,AMBIGUOUS: MTBLS147,-654
394,11,unassigned,-2879
395,12,AMBIGUOUS: MTBLS147,-761
396,11,unassigned,-2887
397,10,unassigned,6966
398,10,unassigned,6966
399,12,AMBIGUOUS: MTBLS147,-750
400,12,AMBIGUOUS: MTBLS147,-761
401,12,AMBIGUOUS: MTBLS147,-763
402,12,AMBIGUOUS: MTBLS147,-759
403,10,unassigned,6801
404,16,unassigned,5502
405,16,unassigned,5502
406,16,unassigned,5545
407,16,unassigned,5545
408,11,unassigned,-2871
409,10,unassigned,6980
410,10,unassigned,6980
411,29,unassigned,4538
412,12,AMBIGUOUS: MTBLS147,-761
413,30,unassigned,1484
414,14,unassigned,-1741
415,10,unassigned,6979
416,10,unassigned,6979
417,12,AMBIGUOUS: MTBLS147,-755
418,12,AMBIGUOUS: MTBLS147,-755
419,10,unassigned,6985
420,10,unassigned,6985
421,7,unassigned,1459
422,12,AMBIGUOUS: MTBLS147,-753
423,12,AMBIGUOUS: MTBLS147,-753
424,12,AMBIGUOUS: MTBLS147,-749
425,7,unassigned,1454
426,11,unassigned,-2876
427,8,unassigned,4302
428,8,unassigned,4302
429,10,unassigned,6788
430,7,unassigned,1454
431,10,unassigned,7000
432,10,unassigned,7000
433,2,unassigned,7024
434,10,unassigned,6783
435,8,unassigned,4329
436,8,unassigned,4329
437,11,unassigned,-2871
438,12,AMBIGUOUS: MTBLS147,-762
439,8,unassigned,4292
440,8,unassigned,4292
441,12,AMBIGUOUS: MTBLS147,-755
442,12,AMBIGUOUS: MTBLS147,-759
443,10,unassigned,6996
444,10,unassigned,6996
445,12,AMBIGUOUS: MTBLS147,-757
446,10,unassigned,6977
447,10,unassigned,6977
448,8,unassigned,4301
449,8,unassigned,4301
450,11,unassigned,-2887
451,12,AMBIGUOUS: MTBLS147,-757
452,12,AMBIGUOUS: MTBLS147,-755
453,12,AMBIGUOUS: MTBLS147,-780
454,11,unassigned,-2950
455,7,unassigned,1449
456,31,unassigned,2291
457,31,unassigned,2291
458,12,AMBIGUOUS: MTBLS147,-762
459,5,unassigned,-2961
460,10,unassigned,6972
461,10,unassigned,6972
462,12,AMBIGUOUS: MTBLS147,-758
463,11,unassigned,-2877
464,12,AMBIGUOUS: MTBLS147,-749
465,12,AMBIGUOUS: MTBLS147,-756
466,12,AMBIGUOUS: MTBLS147,-745
467,12,AMBIGUOUS: MTBLS147,-761
468,8,unassigned,4307
469,8,unassigned,4307
470,12,AMBIGUOUS: MTBLS147,-767
471,12,AMBIGUOUS: MTBLS147,-757
472,12,AMBIGUOUS: MTBLS147,-756
473,0,unassigned,2757
474,8,unassigned,4300
475,8,unassigned,4300
476,12,AMBIGUOUS: MTBLS147,-778
477,8,unassigned,4289
478,8,unassigned,4289
479,11,unassigned,-2875
480,10,unassigned,7011
481,10,unassigned,7011
482,12,AMBIGUOUS: MTBLS147,-760
483,12,AMBIGUOUS: MTBLS147,-756
484,10,unassigned,7009
485,10,unassigned,7009
486,12,AMBIGUOUS: MTBLS147,-756
487,12,AMBIGUOUS: MTBLS147,-763
488,2,unassigned,7003
489,12,AMBIGUOUS: MTBLS147,-755
490,32,unassigned,-1613
491,7,unassigned,1448
492,12,AMBIGUOUS: MTBLS147,-763
493,12,AMBIGUOUS: MTBLS147,-760
494,10,unassigned,6780
495,10,unassigned,6996
496,10,unassigned,6996
497,10,unassigned,6987
498,10,unassigned,6987
499,12,AMBIGUOUS: MTBLS147,-759
500,12,AMBIGUOUS: MTBLS147,-757
501,11,unassigned,-2870
502,12,AMBIGUOUS: MTBLS147,-755
503,12,AMBIGUOUS: MTBLS147,-761
504,8,unassigned,4305
505,8,unassigned,4305
506,16,unassigned,5505
507,16,unassigned,5505
508,12,AMBIGUOUS: MTBLS147,-761
509,12,AMBIGUOUS: MTBLS147,-762
510,10,unassigned,6984
511,10,unassigned,6984
512,8,unassigned,4311
513,8,unassigned,4311
514,12,AMBIGUOUS: MTBLS147,-757
515,7,unassigned,1450
516,12,AMBIGUOUS: MTBLS147,-759
517,12,AMBIGUOUS: MTBLS147,-756
518,12,AMBIGUOUS: MTBLS147,-781
519,10,unassigned,7004
520,10,unassigned,7004
521,10,unassigned,6989
522,10,unassigned,6989
523,7,unassigned,1453
524,12,AMBIGUOUS: MTBLS147,-752
525,12,AMBIGUOUS: MTBLS147,-761
526,12,AMBIGUOUS: MTBLS147,-782
527,12,AMBIGUOUS: MTBLS147,-755
528,10,unassigned,6787
529,11,unassigned,-2886
530,12,AMBIGUOUS: MTBLS147,-759
531,32,unassigned,-1602
532,12,AMBIGUOUS: MTBLS147,-764
533,12,AMBIGUOUS: MTBLS147,-664
534,12,AMBIGUOUS: MTBLS147,-761
535,12,AMBIGUOUS: MTBLS147,-756
536,16,unassigned,5556
537,16,unassigned,5556
538,12,AMBIGUOUS: MTBLS147,-759
539,8,unassigned,4290
540,8,unassigned,4290
541,12,AMBIGUOUS: MTBLS147,-764
542,12,AMBIGUOUS: MTBLS147,-756
543,12,AMBIGUOUS: MTBLS147,-751
544,10,unassigned,7044
545,10,unassigned,7044
546,12,AMBIGUOUS: MTBLS147,-762
547,12,AMBIGUOUS: MTBLS147,-761
548,12,AMBIGUOUS: MTBLS147,-760
549,8,unassigned,4305
550,8,unassigned,4305
551,12,AMBIGUOUS: MTBLS147,-762
552,12,AMBIGUOUS: MTBLS147,-762
553,12,AMBIGUOUS: MTBLS147,-765
554,12,AMBIGUOUS: MTBLS147,-759
555,12,AMBIGUOUS: MTBLS147,-758
556,12,AMBIGUOUS: MTBLS147,-766
557,12,AMBIGUOUS: MTBLS147,-765
558,11,unassigned,-2884
559,21,unassigned,1396
560,16,unassigned,5504
561,16,unassigned,5504
562,16,unassigned,5501
563,16,unassigned,5501
564,10,unassigned,6974
565,10,unassigned,6974
566,12,AMBIGUOUS: MTBLS147,-753
567,16,unassigned,5500
568,16,unassigned,5500
569,12,AMBIGUOUS: MTBLS147,-763
570,33,unassigned,-2378
571,12,AMBIGUOUS: MTBLS147,-764
572,34,AMBIGUOUS: MTBLS395,-786
573,10,unassigned,7040
574,10,unassigned,7040
575,10,unassigned,6998
576,10,unassigned,6998
577,12,AMBIGUOUS: MTBLS147,-760
578,34,AMBIGUOUS: MTBLS395,-801
579,0,unassigned,2520
580,33,unassigned,-2373
581,8,unassigned,4107
582,12,AMBIGUOUS: MTBLS147,-762
583,12,AMBIGUOUS: MTBLS147,-758
584,12,AMBIGUOUS: MTBLS147,-747
585,12,AMBIGUOUS: MTBLS147,-760
586,12,AMBIGUOUS: MTBLS147,-768
587,7,unassigned,1338
588,12,AMBIGUOUS: MTBLS147,-760
589,12,AMBIGUOUS: MTBLS147,-755
590,12,AMBIGUOUS: MTBLS147,-758
591,12,AMBIGUOUS: MTBLS147,-763
592,16,unassigned,5537
593,16,unassigned,5537
594,10,unassigned,6971
595,10,unassigned,6971
596,12,AMBIGUOUS: MTBLS147,-757
597,12,AMBIGUOUS: MTBLS147,-759
598,29,unassigned,4537
599,10,unassigned,7002
600,10,unassigned,7002
601,16,unassigned,5574
602,16,unassigned,5574
603,12,AMBIGUOUS: MTBLS147,-758
604,12,AMBIGUOUS: MTBLS147,-760
605,8,unassigned,4295
606,8,unassigned,4295
607,10,unassigned,7008
608,10,unassigned,7008
609,12,AMBIGUOUS: MTBLS147,-755
610,12,AMBIGUOUS: MTBLS147,-762
611,12,AMBIGUOUS: MTBLS147,-758
612,16,unassigned,5503
613,16,unassigned,5503
614,24,unassigned,4934
615,24,unassigned,4934
616,12,AMBIGUOUS: MTBLS147,-758
617,16,unassigned,5497
618,16,unassigned,5497
619,12,AMBIGUOUS: MTBLS147,-763
620,12,AMBIGUOUS: MTBLS147,-764
621,12,AMBIGUOUS: MTBLS147,-753
622,16,unassigned,5508
623,16,unassigned,5508
624,16,unassigned,5497
625,16,unassigned,5497
626,12,AMBIGUOUS: MTBLS147,-753
627,12,AMBIGUOUS: MTBLS147,-750
628,12,AMBIGUOUS: MTBLS147,-764
629,12,AMBIGUOUS: MTBLS147,-755
630,12,AMBIGUOUS: MTBLS147,-665
631,12,AMBIGUOUS: MTBLS147,-755
632,10,unassigned,6980
633,10,unassigned,6980
634,10,unassigned,7040
635,10,unassigned,7040
636,11,unassigned,-2884
637,35,unassigned,7
638,34,AMBIGUOUS: MTBLS395,-621
639,34,AMBIGUOUS: MTBLS395,-790
640,10,unassigned,6969
641,10,unassigned,6969
642,12,AMBIGUOUS: MTBLS147,-758
643,12,AMBIGUOUS: MTBLS147,-755
644,34,AMBIGUOUS: MTBLS395,-584
645,12,AMBIGUOUS: MTBLS147,-765
646,12,AMBIGUOUS: MTBLS147,-753
647,8,unassigned,4291
648,8,unassigned,4291
649,12,AMBIGUOUS: MTBLS147,-783
650,12,AMBIGUOUS: MTBLS147,-755
651,12,AMBIGUOUS: MTBLS147,-755
652,10,unassigned,6993
653,10,unassigned,6993
654,12,AMBIGUOUS: MTBLS147,-755
655,12,AMBIGUOUS: MTBLS147,-757
656,12,AMBIGUOUS: MTBLS147,-760
657,29,unassigned,4542
658,12,AMBIGUOUS: MTBLS147,-759
659,12,AMBIGUOUS: MTBLS147,-755
660,16,unassigned,5539
661,16,unassigned,5539
662,12,AMBIGUOUS: MTBLS147,-758
663,12,AMBIGUOUS: MTBLS147,-753
664,12,AMBIGUOUS: MTBLS147,-757
665,10,unassigned,7045
666,10,unassigned,7045
667,12,AMBIGUOUS: MTBLS147,-759
668,12,AMBIGUOUS: MTBLS147,-761
669,12,AMBIGUOUS: MTBLS147,-780
670,8,unassigned,4290
671,8,unassigned,4290
672,16,unassigned,5485
673,16,unassigned,5485
674,12,AMBIGUOUS: MTBLS147,-760
675,29,unassigned,4531
676,12,AMBIGUOUS: MTBLS147,-765
677,21,unassigned,1362
678,12,AMBIGUOUS: MTBLS147,-757
679,12,AMBIGUOUS: MTBLS147,-761
680,12,AMBIGUOUS: MTBLS147,-753
681,34,AMBIGUOUS: MTBLS395,-797
682,12,AMBIGUOUS: MTBLS147,-761
683,36,unassigned,7197
684,36,unassigned,7197
685,33,unassigned,-2373
686,12,AMBIGUOUS: MTBLS147,-762
687,37,unassigned,-584
688,11,unassigned,-2869
689,32,unassigned,-1608
690,12,AMBIGUOUS: MTBLS147,-754
691,34,AMBIGUOUS: MTBLS395,-782
692,12,AMBIGUOUS: MTBLS147,-760
693,34,AMBIGUOUS: MTBLS395,-619
694,12,AMBIGUOUS: MTBLS147,-762
695,12,AMBIGUOUS: MTBLS147,-786
696,12,AMBIGUOUS: MTBLS147,-757
697,8,unassigned,4288
698,8,unassigned,4288
699,12,AMBIGUOUS: MTBLS147,-754
700,12,AMBIGUOUS: MTBLS147,-761
701,12,AMBIGUOUS: MTBLS147,-741
702,16,unassigned,5502
703,16,unassigned,5502
704,32,unassigned,-1607
705,34,AMBIGUOUS: MTBLS395,-682
706,8,unassigned,4285
707,8,unassigned,4285
708,12,AMBIGUOUS: MTBLS147,-763
709,12,AMBIGUOUS: MTBLS147,-756
710,12,AMBIGUOUS: MTBLS147,-774
711,12,AMBIGUOUS: MTBLS147,-753
712,34,AMBIGUOUS: MTBLS395,-557
713,34,AMBIGUOUS: MTBLS395,-791
714,12,AMBIGUOUS: MTBLS147,-763
715,34,AMBIGUOUS: MTBLS395,-617
716,29,unassigned,4553
717,12,AMBIGUOUS: MTBLS147,-761
718,12,AMBIGUOUS: MTBLS147,-764
719,12,AMBIGUOUS: MTBLS147,-757
720,12,AMBIGUOUS: MTBLS147,-760
721,12,AMBIGUOUS: MTBLS147,-756
722,29,unassigned,4547
723,12,AMBIGUOUS: MTBLS147,-764
724,32,unassigned,-1607
725,12,AMBIGUOUS: MTBLS147,-788
726,10,unassigned,7053
727,10,unassigned,7053
728,12,AMBIGUOUS: MTBLS147,-758
729,12,AMBIGUOUS: MTBLS147,-754
730,10,unassigned,6980
731,10,unassigned,6980
732,16,unassigned,5541
733,16,unassigned,5541
734,12,AMBIGUOUS: MTBLS147,-749
735,10,unassigned,6981
736,10,unassigned,6981
737,12,AMBIGUOUS: MTBLS147,-757
738,12,AMBIGUOUS: MTBLS147,-758
739,12,AMBIGUOUS: MTBLS147,-756
740,12,AMBIGUOUS: MTBLS147,-758
741,10,unassigned,6803
742,34,AMBIGUOUS: MTBLS395,-646
743,34,AMBIGUOUS: MTBLS395,-562
744,34,AMBIGUOUS: MTBLS395,-791
745,12,AMBIGUOUS: MTBLS147,-770
746,12,AMBIGUOUS: MTBLS147,-749
747,16,unassigned,5502
748,16,unassigned,5502
749,12,AMBIGUOUS: MTBLS147,-781
750,10,unassigned,6972
751,10,unassigned,6972
752,12,AMBIGUOUS: MTBLS147,-759
753,10,unassigned,6978
754,10,unassigned,6978
755,12,AMBIGUOUS: MTBLS147,-760
756,12,AMBIGUOUS: MTBLS147,-753
757,34,AMBIGUOUS: MTBLS395,-787
758,34,AMBIGUOUS: MTBLS395,-565
759,12,AMBIGUOUS: MTBLS147,-761
760,12,AMBIGUOUS: MTBLS147,-749
761,38,unassigned,7014
762,16,unassigned,5503
763,16,unassigned,5503
764,34,AMBIGUOUS: MTBLS395,-406
765,34,AMBIGUOUS: MTBLS395,-552
766,16,unassigned,5501
767,16,unassigned,5501
768,12,AMBIGUOUS: MTBLS147,-757
769,12,AMBIGUOUS: MTBLS147,-756
770,12,AMBIGUOUS: MTBLS147,-758
771,12,AMBIGUOUS: MTBLS147,-763
772,34,AMBIGUOUS: MTBLS395,-807
773,10,unassigned,6983
774,10,unassigned,6983
775,34,AMBIGUOUS: MTBLS395,-531
776,12,AMBIGUOUS: MTBLS147,-756
777,34,AMBIGUOUS: MTBLS395,-594
778,12,AMBIGUOUS: MTBLS147,-756
779,34,AMBIGUOUS: MTBLS395,-596
780,39,unassigned,6970
781,39,unassigned,6970
782,34,AMBIGUOUS: MTBLS395,-590
783,34,AMBIGUOUS: MTBLS395,-788
784,34,AMBIGUOUS: MTBLS395,-609
785,34,AMBIGUOUS: MTBLS395,-786
786,12,AMBIGUOUS: MTBLS147,-756
787,34,AMBIGUOUS: MTBLS395,-790
788,34,AMBIGUOUS: MTBLS395,-618
789,34,AMBIGUOUS: MTBLS395,-784
790,12,AMBIGUOUS: MTBLS147,-761
791,34,AMBIGUOUS: MTBLS395,-791
792,40,unassigned,-272
793,34,AMBIGUOUS: MTBLS395,-621
794,12,AMBIGUOUS: MTBLS147,-780
795,12,AMBIGUOUS: MTBLS147,-760
796,41,unassigned,7038
797,12,AMBIGUOUS: MTBLS147,-758
798,34,AMBIGUOUS: MTBLS395,-764
799,34,AMBIGUOUS: MTBLS395,-616
800,12,AMBIGUOUS: MTBLS147,-782
801,12,AMBIGUOUS: MTBLS147,-784
802,34,AMBIGUOUS: MTBLS395,-789
803,10,unassigned,7044
804,10,unassigned,7044
805,12,AMBIGUOUS: MTBLS147,-757
806,12,AMBIGUOUS: MTBLS147,-763
807,34,AMBIGUOUS: MTBLS395,-584
808,42,unassigned,7067
809,42,unassigned,7067
810,10,unassigned,7002
811,10,unassigned,7002
812,34,AMBIGUOUS: MTBLS395,-610
813,34,AMBIGUOUS: MTBLS395,-511
814,43,unassigned,4638
815,34,AMBIGUOUS: MTBLS395,-406
816,34,AMBIGUOUS: MTBLS395,-626
817,34,AMBIGUOUS: MTBLS395,-577
818,44,unassigned,7197
819,12,AMBIGUOUS: MTBLS147,-777
820,34,AMBIGUOUS: MTBLS395,-581
821,12,AMBIGUOUS: MTBLS147,-754
822,37,unassigned,-588
823,34,AMBIGUOUS: MTBLS395,-507
824,34,AMBIGUOUS: MTBLS395,-559
825,12,AMBIGUOUS: MTBLS147,-765
826,22,unassigned,7614
827,12,AMBIGUOUS: MTBLS147,-755
828,12,AMBIGUOUS: MTBLS147,-778
829,34,AMBIGUOUS: MTBLS395,-578
830,12,AMBIGUOUS: MTBLS147,-759
831,34,AMBIGUOUS: MTBLS395,-774
832,34,AMBIGUOUS: MTBLS395,-757
833,10,unassigned,6964
834,10,unassigned,6964
835,10,unassigned,6973
836,10,unassigned,6973
837,34,AMBIGUOUS: MTBLS395,-779
838,34,AMBIGUOUS: MTBLS395,-603
839,45,MTBLS798,15
840,12,AMBIGUOUS: MTBLS147,-780
841,12,AMBIGUOUS: MTBLS147,-754
842,12,AMBIGUOUS: MTBLS147,-762
843,34,AMBIGUOUS: MTBLS395,-789
844,34,AMBIGUOUS: MTBLS395,-508
845,12,AMBIGUOUS: MTBLS147,-759
846,34,AMBIGUOUS: MTBLS395,-773
847,12,AMBIGUOUS: MTBLS147,-738
848,34,AMBIGUOUS: MTBLS395,-788
849,12,AMBIGUOUS: MTBLS147,-758
850,12,AMBIGUOUS: MTBLS147,-766
851,12,AMBIGUOUS: MTBLS147,-754
852,12,AMBIGUOUS: MTBLS147,-763
853,34,AMBIGUOUS: MTBLS395,-605
854,10,unassigned,7005
855,10,unassigned,7005
856,12,AMBIGUOUS: MTBLS147,-779
857,12,AMBIGUOUS: MTBLS147,-775
858,34,AMBIGUOUS: MTBLS395,-839
859,12,AMBIGUOUS: MTBLS147,-788
860,34,AMBIGUOUS: MTBLS395,-642
861,34,AMBIGUOUS: MTBLS395,-745
862,34,AMBIGUOUS: MTBLS395,-578
863,34,AMBIGUOUS: MTBLS395,-562
864,34,AMBIGUOUS: MTBLS395,-616
865,12,AMBIGUOUS: MTBLS147,-775
866,12,AMBIGUOUS: MTBLS147,-784
867,34,AMBIGUOUS: MTBLS395,-638
868,12,AMBIGUOUS: MTBLS147,-792
869,12,AMBIGUOUS: MTBLS147,-779
870,34,AMBIGUOUS: MTBLS395,-767
871,12,AMBIGUOUS: MTBLS147,-763
872,12,AMBIGUOUS: MTBLS147,-784
873,12,AMBIGUOUS: MTBLS147,-666
874,34,AMBIGUOUS: MTBLS395,-775
875,34,AMBIGUOUS: MTBLS395,-599
876,12,AMBIGUOUS: MTBLS147,-744
877,34,AMBIGUOUS: MTBLS395,-602
878,34,AMBIGUOUS: MTBLS395,-750
879,34,AMBIGUOUS: MTBLS395,-550
880,34,AMBIGUOUS: MTBLS395,-764
881,12,AMBIGUOUS: MTBLS147,-810
882,12,AMBIGUOUS: MTBLS147,-784
883,12,AMBIGUOUS: MTBLS147,-783
884,34,AMBIGUOUS: MTBLS395,-635
885,34,AMBIGUOUS: MTBLS395,-592
886,34,AMBIGUOUS: MTBLS395,-552
887,12,AMBIGUOUS: MTBLS147,-759
888,34,AMBIGUOUS: MTBLS395,-773
889,34,AMBIGUOUS: MTBLS395,-671
890,34,AMBIGUOUS: MTBLS395,-784
891,34,AMBIGUOUS: MTBLS395,-592
892,12,AMBIGUOUS: MTBLS147,-755
893,46,unassigned,579
894,12,AMBIGUOUS: MTBLS147,-782
895,34,AMBIGUOUS: MTBLS395,-596
896,16,unassigned,5483
897,16,unassigned,5483
898,34,AMBIGUOUS: MTBLS395,-541
899,34,AMBIGUOUS: MTBLS395,-563
900,34,AMBIGUOUS: MTBLS395,-603
901,34,AMBIGUOUS: MTBLS395,-795
902,34,AMBIGUOUS: MTBLS395,-557
903,34,AMBIGUOUS: MTBLS395,-781
904,34,AMBIGUOUS: MTBLS395,-558
905,12,AMBIGUOUS: MTBLS147,-751
906,12,AMBIGUOUS: MTBLS147,-780
907,34,AMBIGUOUS: MTBLS395,-553
908,34,AMBIGUOUS: MTBLS395,-604
909,34,AMBIGUOUS: MTBLS395,-770
910,12,AMBIGUOUS: MTBLS147,-777
911,12,AMBIGUOUS: MTBLS147,-758
912,34,AMBIGUOUS: MTBLS395,-771
913,32,unassigned,-1611
914,12,AMBIGUOUS: MTBLS147,-749
915,12,AMBIGUOUS: MTBLS147,-780
916,34,AMBIGUOUS: MTBLS395,-776
917,12,AMBIGUOUS: MTBLS147,-751
918,12,AMBIGUOUS: MTBLS147,-754
919,32,unassigned,-1602
920,12,AMBIGUOUS: MTBLS147,-780
921,12,AMBIGUOUS: MTBLS147,-781
922,34,AMBIGUOUS: MTBLS395,-781
923,34,AMBIGUOUS: MTBLS395,-604
924,12,AMBIGUOUS: MTBLS147,-780
925,34,AMBIGUOUS: MTBLS395,-630
926,34,AMBIGUOUS: MTBLS395,-776
927,12,AMBIGUOUS: MTBLS147,-760
928,12,AMBIGUOUS: MTBLS147,-661
929,12,AMBIGUOUS: MTBLS147,-761
930,12,AMBIGUOUS: MTBLS147,-759
931,10,unassigned,7031
932,10,unassigned,7031
933,12,AMBIGUOUS: MTBLS147,-748
934,47,unassigned,5212
935,12,AMBIGUOUS: MTBLS147,-794
936,12,AMBIGUOUS: MTBLS147,-764
937,34,AMBIGUOUS: MTBLS395,-606
938,34,AMBIGUOUS: MTBLS395,-555
939,12,AMBIGUOUS: MTBLS147,-781
940,12,AMBIGUOUS: MTBLS147,-782
941,34,AMBIGUOUS: MTBLS395,-568
942,34,AMBIGUOUS: MTBLS395,-556
943,12,AMBIGUOUS: MTBLS147,-775
944,34,AMBIGUOUS: MTBLS395,-774
945,34,AMBIGUOUS: MTBLS395,-635
946,34,AMBIGUOUS: MTBLS395,-643
947,12,AMBIGUOUS: MTBLS147,-775
948,34,AMBIGUOUS: MTBLS395,-602
949,12,AMBIGUOUS: MTBLS147,-774
950,34,AMBIGUOUS: MTBLS395,-753
951,34,AMBIGUOUS: MTBLS395,-612
952,48,unassigned,1386
953,49,unassigned,-2023
954,34,AMBIGUOUS: MTBLS395,-615
955,34,AMBIGUOUS: MTBLS395,-644
956,12,AMBIGUOUS: MTBLS147,-759
957,34,AMBIGUOUS: MTBLS395,-647
958,50,unassigned,-234
959,12,AMBIGUOUS: MTBLS147,-756
960,34,AMBIGUOUS: MTBLS395,-627
961,12,AMBIGUOUS: MTBLS147,-759
962,12,AMBIGUOUS: MTBLS147,-815
963,34,AMBIGUOUS: MTBLS395,-769
964,34,AMBIGUOUS: MTBLS395,-776
965,34,AMBIGUOUS: MTBLS395,-587
966,34,AMBIGUOUS: MTBLS395,-638
967,12,AMBIGUOUS: MTBLS147,-787
968,12,AMBIGUOUS: MTBLS147,-771
969,34,AMBIGUOUS: MTBLS395,-703
970,12,AMBIGUOUS: MTBLS147,-761
971,34,AMBIGUOUS: MTBLS395,-786
972,34,AMBIGUOUS: MTBLS395,-574
973,34,AMBIGUOUS: MTBLS395,-772
974,12,AMBIGUOUS: MTBLS147,-685
975,12,AMBIGUOUS: MTBLS147,-788
976,12,AMBIGUOUS: MTBLS147,-783
977,12,AMBIGUOUS: MTBLS147,-748
978,34,AMBIGUOUS: MTBLS395,-593
979,46,unassigned,551
980,12,AMBIGUOUS: MTBLS147,-691
981,34,AMBIGUOUS: MTBLS395,-768
982,34,AMBIGUOUS: MTBLS395,-768
983,12,AMBIGUOUS: MTBLS147,-790
984,12,AMBIGUOUS: MTBLS147,-759
985,12,AMBIGUOUS: MTBLS147,-791
986,34,AMBIGUOUS: MTBLS395,-634
987,34,AMBIGUOUS: MTBLS395,-610
988,34,AMBIGUOUS: MTBLS395,-602
989,12,AMBIGUOUS: MTBLS147,-776
990,34,AMBIGUOUS: MTBLS395,-786
991,12,AMBIGUOUS: MTBLS147,-767
992,34,AMBIGUOUS: MTBLS395,-658
993,34,AMBIGUOUS: MTBLS395,-783
994,51,unassigned,-321
995,34,AMBIGUOUS: MTBLS395,-519
996,12,AMBIGUOUS: MTBLS147,-777
997,34,AMBIGUOUS: MTBLS395,-554
998,34,AMBIGUOUS: MTBLS395,-506
999,34,AMBIGUOUS: MTBLS395,-566
1000,34,AMBIGUOUS: MTBLS395,-766
1001,12,AMBIGUOUS: MTBLS147,-775
1002,34,AMBIGUOUS: MTBLS395,-471
1003,12,AMBIGUOUS: MTBLS147,-783
1004,12,AMBIGUOUS: MTBLS147,-783
1005,12,AMBIGUOUS: MTBLS147,-793
1006,12,AMBIGUOUS: MTBLS147,-779
1007,12,AMBIGUOUS: MTBLS147,-757
1008,34,AMBIGUOUS: MTBLS395,-559
1009,12,AMBIGUOUS: MTBLS147,-766
1010,34,AMBIGUOUS: MTBLS395,-631
1011,45,MTBLS798,-27
1012,34,AMBIGUOUS: MTBLS395,-585
1013,34,AMBIGUOUS: MTBLS395,-569
1014,34,AMBIGUOUS: MTBLS395,-572
1015,12,AMBIGUOUS: MTBLS147,-776
1016,45,MTBLS798,-8
1017,12,AMBIGUOUS: MTBLS147,-712
1018,34,AMBIGUOUS: MTBLS395,-776
1019,12,AMBIGUOUS: MTBLS147,-761
1020,34,AMBIGUOUS: MTBLS395,-763
1021,34,AMBIGUOUS: MTBLS395,-571
1022,34,AMBIGUOUS: MTBLS395,-507
1023,12,AMBIGUOUS: MTBLS147,-778
1024,52,unassigned,1689
1025,52,unassigned,1689
1026,34,AMBIGUOUS: MTBLS395,-764
1027,12,AMBIGUOUS: MTBLS147,-754
1028,34,AMBIGUOUS: MTBLS395,-626
1029,34,AMBIGUOUS: MTBLS395,-806
1030,12,AMBIGUOUS: MTBLS147,-789
1031,34,AMBIGUOUS: MTBLS395,-796
1032,12,AMBIGUOUS: MTBLS147,-777
1033,12,AMBIGUOUS: MTBLS147,-761
1034,34,AMBIGUOUS: MTBLS395,-614
1035,12,AMBIGUOUS: MTBLS147,-761
1036,12,AMBIGUOUS: MTBLS147,-782
1037,12,AMBIGUOUS: MTBLS147,-777
1038,34,AMBIGUOUS: MTBLS395,-609
1039,34,AMBIGUOUS: MTBLS395,-770
1040,34,AMBIGUOUS: MTBLS395,-576
1041,34,AMBIGUOUS: MTBLS395,-599
1042,34,AMBIGUOUS: MTBLS395,-628
1043,12,AMBIGUOUS: MTBLS147,-756
1044,12,AMBIGUOUS: MTBLS147,-779
1045,12,AMBIGUOUS: MTBLS147,-792
1046,12,AMBIGUOUS: MTBLS147,-787
1047,12,AMBIGUOUS: MTBLS147,-787
1048,45,MTBLS798,-2
1049,12,AMBIGUOUS: MTBLS147,-754
1050,34,AMBIGUOUS: MTBLS395,-772
1051,12,AMBIGUOUS: MTBLS147,-750
1052,34,AMBIGUOUS: MTBLS395,-754
1053,34,AMBIGUOUS: MTBLS395,-625
1054,34,AMBIGUOUS: MTBLS395,-551
1055,16,unassigned,5499
1056,16,unassigned,5499
1057,34,AMBIGUOUS: MTBLS395,-590
1058,12,AMBIGUOUS: MTBLS147,-778
1059,29,unassigned,4534
1060,34,AMBIGUOUS: MTBLS395,-794
1061,12,AMBIGUOUS: MTBLS147,-755
1062,34,AMBIGUOUS: MTBLS395,-514
1063,12,AMBIGUOUS: MTBLS147,-784
1064,34,AMBIGUOUS: MTBLS395,-807
1065,12,AMBIGUOUS: MTBLS147,-776
1066,12,AMBIGUOUS: MTBLS147,-756
1067,34,AMBIGUOUS: MTBLS395,-593
1068,16,unassigned,5487
1069,16,unassigned,5487
1070,12,AMBIGUOUS: MTBLS147,-763
1071,12,AMBIGUOUS: MTBLS147,-785
1072,12,AMBIGUOUS: MTBLS147,-753
1073,34,AMBIGUOUS: MTBLS395,-557
1074,12,AMBIGUOUS: MTBLS147,-777
1075,34,AMBIGUOUS: MTBLS395,-673
1076,12,AMBIGUOUS: MTBLS147,-709
1077,12,AMBIGUOUS: MTBLS147,-779
1078,12,AMBIGUOUS: MTBLS147,-696
1079,12,AMBIGUOUS: MTBLS147,-692
1080,45,MTBLS798,-11
1081,12,AMBIGUOUS: MTBLS147,-782
1082,12,AMBIGUOUS: MTBLS147,-782
1083,34,AMBIGUOUS: MTBLS395,-594
1084,34,AMBIGUOUS: MTBLS395,-617
1085,5,unassigned,-2942
1086,34,AMBIGUOUS: MTBLS395,-544
1087,12,AMBIGUOUS: MTBLS147,-780
1088,12,AMBIGUOUS: MTBLS147,-744
1089,12,AMBIGUOUS: MTBLS147,-762
1090,34,AMBIGUOUS: MTBLS395,-517
1091,12,AMBIGUOUS: MTBLS147,-761
1092,12,AMBIGUOUS: MTBLS147,-793
1093,53,unassigned,433
1094,12,AMBIGUOUS: MTBLS147,-780
1095,12,AMBIGUOUS: MTBLS147,-781
1096,34,AMBIGUOUS: MTBLS395,-579
1097,12,AMBIGUOUS: MTBLS147,-790
1098,12,AMBIGUOUS: MTBLS147,-782
1099,34,AMBIGUOUS: MTBLS395,-780
1100,34,AMBIGUOUS: MTBLS395,-771
1101,12,AMBIGUOUS: MTBLS147,-784
1102,12,AMBIGUOUS: MTBLS147,-754
1103,54,unassigned,-3581
1104,34,AMBIGUOUS: MTBLS395,-773
1105,12,AMBIGUOUS: MTBLS147,-663
1106,12,AMBIGUOUS: MTBLS147,-769
1107,34,AMBIGUOUS: MTBLS395,-759
1108,34,AMBIGUOUS: MTBLS395,-753
1109,34,AMBIGUOUS: MTBLS395,-527
1110,34,AMBIGUOUS: MTBLS395,-769
1111,34,AMBIGUOUS: MTBLS395,-768
1112,34,AMBIGUOUS: MTBLS395,-770
1113,12,AMBIGUOUS: MTBLS147,-779
1114,34,AMBIGUOUS: MTBLS395,-762
1115,12,AMBIGUOUS: MTBLS147,-713
1116,12,AMBIGUOUS: MTBLS147,-699
1117,12,AMBIGUOUS: MTBLS147,-744
1118,12,AMBIGUOUS: MTBLS147,-776
1119,12,AMBIGUOUS: MTBLS147,-779
1120,34,AMBIGUOUS: MTBLS395,-765
1121,12,AMBIGUOUS: MTBLS147,-776
1122,34,AMBIGUOUS: MTBLS395,-586
1123,34,AMBIGUOUS: MTBLS395,-650
1124,12,AMBIGUOUS: MTBLS147,-706
1125,12,AMBIGUOUS: MTBLS147,-751
1126,12,AMBIGUOUS: MTBLS147,-761
1127,34,AMBIGUOUS: MTBLS395,-520
1128,12,AMBIGUOUS: MTBLS147,-755
1129,34,AMBIGUOUS: MTBLS395,-648
1130,12,AMBIGUOUS: MTBLS147,-778
1131,34,AMBIGUOUS: MTBLS395,-604
1132,45,MTBLS798,8
1133,34,AMBIGUOUS: MTBLS395,-766
1134,12,AMBIGUOUS: MTBLS147,-769
1135,34,AMBIGUOUS: MTBLS395,-593
1136,34,AMBIGUOUS: MTBLS395,-622
1137,29,unassigned,4541
1138,12,AMBIGUOUS: MTBLS147,-779
1139,34,AMBIGUOUS: MTBLS395,-623
1140,34,AMBIGUOUS: MTBLS395,-569
1141,34,AMBIGUOUS: MTBLS395,-758
1142,34,AMBIGUOUS: MTBLS395,-655
1143,12,AMBIGUOUS: MTBLS147,-784
1144,12,AMBIGUOUS: MTBLS147,-786
1145,34,AMBIGUOUS: MTBLS395,-770
1146,34,AMBIGUOUS: MTBLS395,-595
1147,12,AMBIGUOUS: MTBLS147,-758
1148,34,AMBIGUOUS: MTBLS395,-605
1149,12,AMBIGUOUS: MTBLS147,-791
1150,34,AMBIGUOUS: MTBLS395,-748
1151,34,AMBIGUOUS: MTBLS395,-618
1152,34,AMBIGUOUS: MTBLS395,-737
1153,12,AMBIGUOUS: MTBLS147,-762
1154,12,AMBIGUOUS: MTBLS147,-755
1155,12,AMBIGUOUS: MTBLS147,-776
1156,34,AMBIGUOUS: MTBLS395,-748
1157,34,AMBIGUOUS: MTBLS395,-568
1158,34,AMBIGUOUS: MTBLS395,-775
1159,55,unassigned,6997
1160,12,AMBIGUOUS: MTBLS147,-760
1161,45,MTBLS798,-9
1162,34,AMBIGUOUS: MTBLS395,-580
1163,34,AMBIGUOUS: MTBLS395,-589
1164,12,AMBIGUOUS: MTBLS147,-759
1165,12,AMBIGUOUS: MTBLS147,-762
1166,34,AMBIGUOUS: MTBLS395,-614
1167,12,AMBIGUOUS: MTBLS147,-779
1168,12,AMBIGUOUS: MTBLS147,-781
1169,53,unassigned,462
1170,34,AMBIGUOUS: MTBLS395,-799
1171,34,AMBIGUOUS: MTBLS395,-767
1172,34,AMBIGUOUS: MTBLS395,-770
1173,12,AMBIGUOUS: MTBLS147,-754
1174,34,AMBIGUOUS: MTBLS395,-568
1175,34,AMBIGUOUS: MTBLS395,-794
1176,34,AMBIGUOUS: MTBLS395,-774
1177,53,unassigned,469
1178,34,AMBIGUOUS: MTBLS395,-786
1179,38,unassigned,7029
1180,34,AMBIGUOUS: MTBLS395,-617
1181,34,AMBIGUOUS: MTBLS395,-576
1182,12,AMBIGUOUS: MTBLS147,-703
1183,10,unassigned,6985
1184,10,unassigned,6985
1185,12,AMBIGUOUS: MTBLS147,-777
1186,34,AMBIGUOUS: MTBLS395,-779
1187,34,AMBIGUOUS: MTBLS395,-783
1188,34,AMBIGUOUS: MTBLS395,-619
1189,34,AMBIGUOUS: MTBLS395,-598
1190,34,AMBIGUOUS: MTBLS395,-636
1191,34,AMBIGUOUS: MTBLS395,-544
1192,12,AMBIGUOUS: MTBLS147,-780
1193,34,AMBIGUOUS: MTBLS395,-634
1194,12,AMBIGUOUS: MTBLS147,-789
1195,34,AMBIGUOUS: MTBLS395,-766
1196,12,AMBIGUOUS: MTBLS147,-779
1197,12,AMBIGUOUS: MTBLS147,-685
1198,16,unassigned,5562
1199,16,unassigned,5562
1200,12,AMBIGUOUS: MTBLS147,-760
1201,45,MTBLS798,4
1202,12,AMBIGUOUS: MTBLS147,-764
1203,12,AMBIGUOUS: MTBLS147,-756
1204,34,AMBIGUOUS: MTBLS395,-752
1205,12,AMBIGUOUS: MTBLS147,-766
1206,38,unassigned,7040
1207,12,AMBIGUOUS: MTBLS147,-760
1208,12,AMBIGUOUS: MTBLS147,-759
1209,34,AMBIGUOUS: MTBLS395,-644
1210,12,AMBIGUOUS: MTBLS147,-780
1211,12,AMBIGUOUS: MTBLS147,-779
1212,34,AMBIGUOUS: MTBLS395,-504
1213,34,AMBIGUOUS: MTBLS395,-581
1214,46,unassigned,563
1215,34,AMBIGUOUS: MTBLS395,-786
1216,34,AMBIGUOUS: MTBLS395,-785
1217,56,unassigned,7006
1218,56,unassigned,7006
1219,34,AMBIGUOUS: MTBLS395,-483
1220,10,unassigned,6983
1221,10,unassigned,6983
1222,12,AMBIGUOUS: MTBLS147,-757
1223,45,MTBLS798,-14
1224,45,MTBLS798,15
1225,34,AMBIGUOUS: MTBLS395,-613
1226,34,AMBIGUOUS: MTBLS395,-766
1227,34,AMBIGUOUS: MTBLS395,-568
1228,34,AMBIGUOUS: MTBLS395,-746
1229,34,AMBIGUOUS: MTBLS395,-751
1230,34,AMBIGUOUS: MTBLS395,-766
1231,34,AMBIGUOUS: MTBLS395,-512
1232,12,AMBIGUOUS: MTBLS147,-784
1233,34,AMBIGUOUS: MTBLS395,-779
1234,34,AMBIGUOUS: MTBLS395,-561
1235,12,AMBIGUOUS: MTBLS147,-774
1236,34,AMBIGUOUS: MTBLS395,-771
1237,46,unassigned,570
1238,12,AMBIGUOUS: MTBLS147,-785
1239,45,MTBLS798,-6
1240,12,AMBIGUOUS: MTBLS147,-781
1241,45,MTBLS798,-4
1242,34,AMBIGUOUS: MTBLS395,-758
1243,34,AMBIGUOUS: MTBLS395,-778
1244,12,AMBIGUOUS: MTBLS147,-785
1245,34,AMBIGUOUS: MTBLS395,-569
1246,34,AMBIGUOUS: MTBLS395,-778
1247,34,AMBIGUOUS: MTBLS395,-767
1248,12,AMBIGUOUS: MTBLS147,-760
1249,12,AMBIGUOUS: MTBLS147,-746
1250,34,AMBIGUOUS: MTBLS395,-779
1251,12,AMBIGUOUS: MTBLS147,-758
1252,34,AMBIGUOUS: MTBLS395,-537
1253,12,AMBIGUOUS: MTBLS147,-769
1254,12,AMBIGUOUS: MTBLS147,-782
1255,57,unassigned,-2015
1256,50,unassigned,-238
1257,12,AMBIGUOUS: MTBLS147,-697
1258,12,AMBIGUOUS: MTBLS147,-790
1259,34,AMBIGUOUS: MTBLS395,-812
1260,34,AMBIGUOUS: MTBLS395,-607
1261,34,AMBIGUOUS: MTBLS395,-567
1262,12,AMBIGUOUS: MTBLS147,-778
1263,34,AMBIGUOUS: MTBLS395,-768
1264,12,AMBIGUOUS: MTBLS147,-783
1265,12,AMBIGUOUS: MTBLS147,-785
1266,12,AMBIGUOUS: MTBLS147,-753
1267,34,AMBIGUOUS: MTBLS395,-764
1268,12,AMBIGUOUS: MTBLS147,-755
1269,10,unassigned,6989
1270,10,unassigned,6989
1271,12,AMBIGUOUS: MTBLS147,-787
1272,34,AMBIGUOUS: MTBLS395,-631
1273,34,AMBIGUOUS: MTBLS395,-581
1274,34,AMBIGUOUS: MTBLS395,-776
1275,34,AMBIGUOUS: MTBLS395,-561
1276,34,AMBIGUOUS: MTBLS395,-663
1277,34,AMBIGUOUS: MTBLS395,-619
1278,12,AMBIGUOUS: MTBLS147,-763
1279,34,AMBIGUOUS: MTBLS395,-488
1280,12,AMBIGUOUS: MTBLS147,-787
1281,34,AMBIGUOUS: MTBLS395,-803
1282,12,AMBIGUOUS: MTBLS147,-776
1283,34,AMBIGUOUS: MTBLS395,-768
1284,34,AMBIGUOUS: MTBLS395,-771
1285,34,AMBIGUOUS: MTBLS395,-504
1286,12,AMBIGUOUS: MTBLS147,-759
1287,34,AMBIGUOUS: MTBLS395,-606
1288,12,AMBIGUOUS: MTBLS147,-781
1289,34,AMBIGUOUS: MTBLS395,-768
1290,12,AMBIGUOUS: MTBLS147,-775
1291,34,AMBIGUOUS: MTBLS395,-764
1292,12,AMBIGUOUS: MTBLS147,-779
1293,34,AMBIGUOUS: MTBLS395,-732
1294,12,AMBIGUOUS: MTBLS147,-786
1295,34,AMBIGUOUS: MTBLS395,-587
1296,12,AMBIGUOUS: MTBLS147,-758
1297,12,AMBIGUOUS: MTBLS147,-787
1298,12,AMBIGUOUS: MTBLS147,-781
1299,12,AMBIGUOUS: MTBLS147,-761
1300,34,AMBIGUOUS: MTBLS395,-769
1301,34,AMBIGUOUS: MTBLS395,-599
1302,12,AMBIGUOUS: MTBLS147,-772
1303,12,AMBIGUOUS: MTBLS147,-786
1304,34,AMBIGUOUS: MTBLS395,-784
1305,12,AMBIGUOUS: MTBLS147,-786
1306,45,MTBLS798,-11
1307,12,AMBIGUOUS: MTBLS147,-771
1308,58,unassigned,5777
1309,34,AMBIGUOUS: MTBLS395,-503
1310,34,AMBIGUOUS: MTBLS395,-774
1311,12,AMBIGUOUS: MTBLS147,-787
1312,12,AMBIGUOUS: MTBLS147,-784
1313,12,AMBIGUOUS: MTBLS147,-775
1314,34,AMBIGUOUS: MTBLS395,-502
1315,34,AMBIGUOUS: MTBLS395,-698
1316,12,AMBIGUOUS: MTBLS147,-781
1317,45,MTBLS798,-18
1318,53,unassigned,457
1319,45,MTBLS798,-21
1320,12,AMBIGUOUS: MTBLS147,-757
1321,34,AMBIGUOUS: MTBLS395,-788
1322,34,AMBIGUOUS: MTBLS395,-614
1323,12,AMBIGUOUS: MTBLS147,-756
1324,34,AMBIGUOUS: MTBLS395,-566
1325,12,AMBIGUOUS: MTBLS147,-798
1326,45,MTBLS798,14
1327,34,AMBIGUOUS: MTBLS395,-883
1328,34,AMBIGUOUS: MTBLS395,-774
1329,12,AMBIGUOUS: MTBLS147,-687
1330,34,AMBIGUOUS: MTBLS395,-777
1331,12,AMBIGUOUS: MTBLS147,-693
1332,44,unassigned,7152
1333,12,AMBIGUOUS: MTBLS147,-777
1334,34,AMBIGUOUS: MTBLS395,-581
1335,45,MTBLS798,-10
1336,45,MTBLS798,6
1337,34,AMBIGUOUS: MTBLS395,-777
1338,46,unassigned,551
1339,12,AMBIGUOUS: MTBLS147,-688
1340,29,unassigned,4531
1341,12,AMBIGUOUS: MTBLS147,-785
1342,12,AMBIGUOUS: MTBLS147,-712
1343,12,AMBIGUOUS: MTBLS147,-760
1344,45,MTBLS798,13
1345,12,AMBIGUOUS: MTBLS147,-775
1346,34,AMBIGUOUS: MTBLS395,-627
1347,34,AMBIGUOUS: MTBLS395,-769
1348,12,AMBIGUOUS: MTBLS147,-783
1349,34,AMBIGUOUS: MTBLS395,-584
1350,59,unassigned,7036
1351,59,unassigned,7036
1352,12,AMBIGUOUS: MTBLS147,-774
1353,34,AMBIGUOUS: MTBLS395,-673
1354,12,AMBIGUOUS: MTBLS147,-779
1355,12,AMBIGUOUS: MTBLS147,-780
1356,34,AMBIGUOUS: MTBLS395,-540
1357,12,AMBIGUOUS: MTBLS147,-756
1358,45,MTBLS798,9
1359,12,AMBIGUOUS: MTBLS147,-783
1360,12,AMBIGUOUS: MTBLS147,-780
1361,12,AMBIGUOUS: MTBLS147,-781
1362,12,AMBIGUOUS: MTBLS147,-790
1363,12,AMBIGUOUS: MTBLS147,-760
1364,12,AMBIGUOUS: MTBLS147,-759
1365,12,AMBIGUOUS: MTBLS147,-792
1366,12,AMBIGUOUS: MTBLS147,-778
1367,34,AMBIGUOUS: MTBLS395,-564
1368,12,AMBIGUOUS: MTBLS147,-781
1369,34,AMBIGUOUS: MTBLS395,-603
1370,29,unassigned,4550
1371,34,AMBIGUOUS: MTBLS395,-586
1372,12,AMBIGUOUS: MTBLS147,-757
1373,34,AMBIGUOUS: MTBLS395,-756
1374,12,AMBIGUOUS: MTBLS147,-777
1375,45,MTBLS798,-19
1376,34,AMBIGUOUS: MTBLS395,-760
1377,12,AMBIGUOUS: MTBLS147,-784
1378,45,MTBLS798,-14
1379,12,AMBIGUOUS: MTBLS147,-760
1380,12,AMBIGUOUS: MTBLS147,-777
1381,12,AMBIGUOUS: MTBLS147,-776
1382,45,MTBLS798,9
1383,12,AMBIGUOUS: MTBLS147,-785
1384,34,AMBIGUOUS: MTBLS395,-562
1385,34,AMBIGUOUS: MTBLS395,-607
1386,12,AMBIGUOUS: MTBLS147,-792
1387,12,AMBIGUOUS: MTBLS147,-758
1388,12,AMBIGUOUS: MTBLS147,-773
1389,45,MTBLS798,11
1390,34,AMBIGUOUS: MTBLS395,-517
1391,34,AMBIGUOUS: MTBLS395,-725
1392,10,unassigned,7025
1393,10,unassigned,7025
1394,34,AMBIGUOUS: MTBLS395,-774
1395,12,AMBIGUOUS: MTBLS147,-761
1396,34,AMBIGUOUS: MTBLS395,-841
1397,34,AMBIGUOUS: MTBLS395,-731
1398,45,MTBLS798,-2
1399,34,AMBIGUOUS: MTBLS395,-595
1400,12,AMBIGUOUS: MTBLS147,-669
1401,34,AMBIGUOUS: MTBLS395,-541
1402,12,AMBIGUOUS: MTBLS147,-772
1403,12,AMBIGUOUS: MTBLS147,-764
1404,12,AMBIGUOUS: MTBLS147,-762
1405,45,MTBLS798,16
1406,12,AMBIGUOUS: MTBLS147,-786
1407,34,AMBIGUOUS: MTBLS395,-775
1408,34,AMBIGUOUS: MTBLS395,-782
1409,12,AMBIGUOUS: MTBLS147,-775
1410,34,AMBIGUOUS: MTBLS395,-579
1411,45,MTBLS798,23
1412,12,AMBIGUOUS: MTBLS147,-764
1413,45,MTBLS798,-22
1414,34,AMBIGUOUS: MTBLS395,-570
1415,45,MTBLS798,1
1416,34,AMBIGUOUS: MTBLS395,-776
1417,34,AMBIGUOUS: MTBLS395,-762
1418,12,AMBIGUOUS: MTBLS147,-783
1419,12,AMBIGUOUS: MTBLS147,-755
1420,12,AMBIGUOUS: MTBLS147,-779
1421,34,AMBIGUOUS: MTBLS395,-645
1422,34,AMBIGUOUS: MTBLS395,-755
1423,10,unassigned,6983
1424,10,unassigned,6983
1425,12,AMBIGUOUS: MTBLS147,-778
1426,12,AMBIGUOUS: MTBLS147,-763
1427,34,AMBIGUOUS: MTBLS395,-596
1428,45,MTBLS798,15
1429,12,AMBIGUOUS: MTBLS147,-771
1430,12,AMBIGUOUS: MTBLS147,-760
1431,26,unassigned,6752
1432,26,unassigned,6752
1433,12,AMBIGUOUS: MTBLS147,-809
1434,12,AMBIGUOUS: MTBLS147,-782
1435,12,AMBIGUOUS: MTBLS147,-762
1436,34,AMBIGUOUS: MTBLS395,-759
1437,45,MTBLS798,26
1438,12,AMBIGUOUS: MTBLS147,-789
1439,12,AMBIGUOUS: MTBLS147,-772
1440,12,AMBIGUOUS: MTBLS147,-759
1441,12,AMBIGUOUS: MTBLS147,-788
1442,12,AMBIGUOUS: MTBLS147,-785
1443,12,AMBIGUOUS: MTBLS147,-780
1444,60,unassigned,7028
1445,34,AMBIGUOUS: MTBLS395,-593
1446,61,unassigned,-730
1447,62,MTBLS46,-820
1448,34,AMBIGUOUS: MTBLS395,-763
1449,34,AMBIGUOUS: MTBLS395,-772
1450,45,MTBLS798,-2
1451,12,AMBIGUOUS: MTBLS147,-751
1452,45,MTBLS798,-7
1453,45,MTBLS798,19
1454,12,AMBIGUOUS: MTBLS147,-757
1455,12,AMBIGUOUS: MTBLS147,-775
1456,34,AMBIGUOUS: MTBLS395,-778
1457,34,AMBIGUOUS: MTBLS395,-546
1458,12,AMBIGUOUS: MTBLS147,-747
1459,34,AMBIGUOUS: MTBLS395,-786
1460,34,AMBIGUOUS: MTBLS395,-772
1461,45,MTBLS798,4
1462,34,AMBIGUOUS: MTBLS395,-769
1463,12,AMBIGUOUS: MTBLS147,-786
1464,34,AMBIGUOUS: MTBLS395,-571
1465,45,MTBLS798,-4
1466,12,AMBIGUOUS: MTBLS147,-754
1467,12,AMBIGUOUS: MTBLS147,-763
1468,34,AMBIGUOUS: MTBLS395,-791
1469,45,MTBLS798,32
1470,12,AMBIGUOUS: MTBLS147,-781
1471,45,MTBLS798,10
1472,12,AMBIGUOUS: MTBLS147,-753
1473,45,MTBLS798,1
1474,45,MTBLS798,-7
1475,34,AMBIGUOUS: MTBLS395,-775
1476,12,AMBIGUOUS: MTBLS147,-762
1477,34,AMBIGUOUS: MTBLS395,-753
1478,34,AMBIGUOUS: MTBLS395,-777
1479,34,AMBIGUOUS: MTBLS395,-584
1480,63,unassigned,-3260
1481,12,AMBIGUOUS: MTBLS147,-786
1482,34,AMBIGUOUS: MTBLS395,-625
1483,53,unassigned,514
1484,64,unassigned,-2381
1485,34,AMBIGUOUS: MTBLS395,-640
1486,34,AMBIGUOUS: MTBLS395,-529
1487,34,AMBIGUOUS: MTBLS395,-494
1488,45,MTBLS798,13
1489,45,MTBLS798,35
1490,34,AMBIGUOUS: MTBLS395,-771
1491,12,AMBIGUOUS: MTBLS147,-782
1492,53,unassigned,435
1493,12,AMBIGUOUS: MTBLS147,-774
1494,34,AMBIGUOUS: MTBLS395,-645
1495,45,MTBLS798,10
1496,34,AMBIGUOUS: MTBLS395,-775
1497,12,AMBIGUOUS: MTBLS147,-802
1498,34,AMBIGUOUS: MTBLS395,-599
1499,12,AMBIGUOUS: MTBLS147,-779
1500,34,AMBIGUOUS: MTBLS395,-769
1501,34,AMBIGUOUS: MTBLS395,-595
1502,45,MTBLS798,-3
1503,34,AMBIGUOUS: MTBLS395,-496
1504,12,AMBIGUOUS: MTBLS147,-759
1505,45,MTBLS798,-33
1506,34,AMBIGUOUS: MTBLS395,-764
1507,34,AMBIGUOUS: MTBLS395,-531
1508,45,MTBLS798,-14
1509,12,AMBIGUOUS: MTBLS147,-786
1510,45,MTBLS798,27
1511,34,AMBIGUOUS: MTBLS395,-608
1512,12,AMBIGUOUS: MTBLS147,-775
1513,12,AMBIGUOUS: MTBLS147,-760
1514,12,AMBIGUOUS: MTBLS147,-780
1515,34,AMBIGUOUS: MTBLS395,-587
1516,45,MTBLS798,-2
1517,12,AMBIGUOUS: MTBLS147,-777
1518,45,MTBLS798,-4
1519,34,AMBIGUOUS: MTBLS395,-751
1520,45,MTBLS798,15
1521,45,MTBLS798,3
1522,34,AMBIGUOUS: MTBLS395,-779
1523,45,MTBLS798,-3
1524,45,MTBLS798,-2
1525,34,AMBIGUOUS: MTBLS395,-771
1526,34,AMBIGUOUS: MTBLS395,-751
1527,45,MTBLS798,13
1528,12,AMBIGUOUS: MTBLS147,-775
1529,12,AMBIGUOUS: MTBLS147,-759
1530,34,AMBIGUOUS: MTBLS395,-764
1531,12,AMBIGUOUS: MTBLS147,-781
1532,16,unassigned,5505
1533,16,unassigned,5505
1534,34,AMBIGUOUS: MTBLS395,-602
1535,34,AMBIGUOUS: MTBLS395,-763
1536,45,MTBLS798,10
1537,12,AMBIGUOUS: MTBLS147,-781
1538,34,AMBIGUOUS: MTBLS395,-788
1539,34,AMBIGUOUS: MTBLS395,-759
1540,45,MTBLS798,25
1541,12,AMBIGUOUS: MTBLS147,-756
1542,34,AMBIGUOUS: MTBLS395,-774
1543,34,AMBIGUOUS: MTBLS395,-772
1544,45,MTBLS798,4
1545,12,AMBIGUOUS: MTBLS147,-773
1546,34,AMBIGUOUS: MTBLS395,-751
1547,16,unassigned,5501
1548,16,unassigned,5501
1549,34,AMBIGUOUS: MTBLS395,-770
1550,12,AMBIGUOUS: MTBLS147,-690
1551,12,AMBIGUOUS: MTBLS147,-766
1552,34,AMBIGUOUS: MTBLS395,-769
1553,12,AMBIGUOUS: MTBLS147,-661
1554,45,MTBLS798,4
1555,63,unassigned,-3254
1556,34,AMBIGUOUS: MTBLS395,-745
1557,45,MTBLS798,12
1558,12,AMBIGUOUS: MTBLS147,-753
1559,34,AMBIGUOUS: MTBLS395,-772
1560,34,AMBIGUOUS: MTBLS395,-775
1561,12,AMBIGUOUS: MTBLS147,-778
1562,65,unassigned,-247
1563,12,AMBIGUOUS: MTBLS147,-785
1564,34,AMBIGUOUS: MTBLS395,-780
1565,45,MTBLS798,12
1566,34,AMBIGUOUS: MTBLS395,-772
1567,34,AMBIGUOUS: MTBLS395,-770
1568,45,MTBLS798,3
1569,53,unassigned,444
1570,45,MTBLS798,45
1571,34,AMBIGUOUS: MTBLS395,-783
1572,66,unassigned,-1679
1573,34,AMBIGUOUS: MTBLS395,-764
1574,45,MTBLS798,-6
1575,45,MTBLS798,-10
1576,12,AMBIGUOUS: MTBLS147,-802
1577,12,AMBIGUOUS: MTBLS147,-770
1578,34,AMBIGUOUS: MTBLS395,-768
1579,45,MTBLS798,-7
1580,53,unassigned,482
1581,45,MTBLS798,0
1582,34,AMBIGUOUS: MTBLS395,-764
1583,45,MTBLS798,-6
1584,12,AMBIGUOUS: MTBLS147,-788
1585,12,AMBIGUOUS: MTBLS147,-768
1586,12,AMBIGUOUS: MTBLS147,-780
1587,46,unassigned,553
1588,12,AMBIGUOUS: MTBLS147,-692
1589,12,AMBIGUOUS: MTBLS147,-776
1590,45,MTBLS798,23
1591,12,AMBIGUOUS: MTBLS147,-782
1592,45,MTBLS798,18
1593,12,AMBIGUOUS: MTBLS147,-764
1594,34,AMBIGUOUS: MTBLS395,-534
1595,45,MTBLS798,8
1596,12,AMBIGUOUS: MTBLS147,-776
1597,34,AMBIGUOUS: MTBLS395,-543
1598,45,MTBLS798,2
1599,12,AMBIGUOUS: MTBLS147,-777
1600,12,AMBIGUOUS: MTBLS147,-713
1601,34,AMBIGUOUS: MTBLS395,-766
1602,34,AMBIGUOUS: MTBLS395,-542
1603,34,AMBIGUOUS: MTBLS395,-787
1604,12,AMBIGUOUS: MTBLS147,-790
1605,45,MTBLS798,6
1606,45,MTBLS798,1
1607,34,AMBIGUOUS: MTBLS395,-569
1608,12,AMBIGUOUS: MTBLS147,-785
1609,12,AMBIGUOUS: MTBLS147,-776
1610,34,AMBIGUOUS: MTBLS395,-768
1611,34,AMBIGUOUS: MTBLS395,-774
1612,12,AMBIGUOUS: MTBLS147,-694
1613,53,unassigned,411
1614,12,AMBIGUOUS: MTBLS147,-780
1615,12,AMBIGUOUS: MTBLS147,-763
1616,45,MTBLS798,-13
1617,12,AMBIGUOUS: MTBLS147,-779
1618,67,unassigned,-3343
1619,34,AMBIGUOUS: MTBLS395,-778
1620,45,MTBLS798,23
1621,34,AMBIGUOUS: MTBLS395,-586
1622,34,AMBIGUOUS: MTBLS395,-798
1623,68,MTBLS2336,-832
1624,12,AMBIGUOUS: MTBLS147,-784
1625,12,AMBIGUOUS: MTBLS147,-781
1626,45,MTBLS798,-9
1627,45,MTBLS798,17
1628,34,AMBIGUOUS: MTBLS395,-788
1629,34,AMBIGUOUS: MTBLS395,-748
1630,45,MTBLS798,-18
1631,34,AMBIGUOUS: MTBLS395,-756
1632,12,AMBIGUOUS: MTBLS147,-778
1633,34,AMBIGUOUS: MTBLS395,-796
1634,12,AMBIGUOUS: MTBLS147,-782
1635,12,AMBIGUOUS: MTBLS147,-783
1636,45,MTBLS798,7
1637,45,MTBLS798,-1
1638,12,AMBIGUOUS: MTBLS147,-782
1639,12,AMBIGUOUS: MTBLS147,-760
1640,45,MTBLS798,2
1641,12,AMBIGUOUS: MTBLS147,-785
1642,34,AMBIGUOUS: MTBLS395,-771
1643,12,AMBIGUOUS: MTBLS147,-761
1644,34,AMBIGUOUS: MTBLS395,-798
1645,34,AMBIGUOUS: MTBLS395,-538
1646,34,AMBIGUOUS: MTBLS395,-661
1647,34,AMBIGUOUS: MTBLS395,-571
1648,45,MTBLS798,6
1649,34,AMBIGUOUS: MTBLS395,-627
1650,45,MTBLS798,19
1651,45,MTBLS798,14
1652,34,AMBIGUOUS: MTBLS395,-543
1653,12,AMBIGUOUS: MTBLS147,-772
1654,34,AMBIGUOUS: MTBLS395,-746
1655,34,AMBIGUOUS: MTBLS395,-577
1656,45,MTBLS798,1
1657,45,MTBLS798,9
1658,34,AMBIGUOUS: MTBLS395,-615
1659,45,MTBLS798,7
1660,12,AMBIGUOUS: MTBLS147,-787
1661,12,AMBIGUOUS: MTBLS147,-787
1662,45,MTBLS798,0
1663,34,AMBIGUOUS: MTBLS395,-603
1664,34,AMBIGUOUS: MTBLS395,-638
1665,45,MTBLS798,12
1666,45,MTBLS798,-15
1667,45,MTBLS798,13
1668,45,MTBLS798,2
1669,12,AMBIGUOUS: MTBLS147,-786
1670,12,AMBIGUOUS: MTBLS147,-704
1671,45,MTBLS798,7
1672,34,AMBIGUOUS: MTBLS395,-747
1673,45,MTBLS798,-11
1674,34,AMBIGUOUS: MTBLS395,-761
1675,45,MTBLS798,1
1676,12,AMBIGUOUS: MTBLS147,-785
1677,34,AMBIGUOUS: MTBLS395,-771
1678,45,MTBLS798,-5
1679,34,AMBIGUOUS: MTBLS395,-550
1680,34,AMBIGUOUS: MTBLS395,-771
1681,12,AMBIGUOUS: MTBLS147,-784
1682,34,AMBIGUOUS: MTBLS395,-777
1683,34,AMBIGUOUS: MTBLS395,-791
1684,34,AMBIGUOUS: MTBLS395,-783
1685,34,AMBIGUOUS: MTBLS395,-767
1686,12,AMBIGUOUS: MTBLS147,-666
1687,12,AMBIGUOUS: MTBLS147,-768
1688,12,AMBIGUOUS: MTBLS147,-785
1689,12,AMBIGUOUS: MTBLS147,-781
1690,34,AMBIGUOUS: MTBLS395,-785
1691,45,MTBLS798,5
1692,34,AMBIGUOUS: MTBLS395,-771
1693,12,AMBIGUOUS: MTBLS147,-782
1694,34,AMBIGUOUS: MTBLS395,-592
1695,12,AMBIGUOUS: MTBLS147,-791
1696,34,AMBIGUOUS: MTBLS395,-525
1697,45,MTBLS798,18
1698,45,MTBLS798,1
1699,34,AMBIGUOUS: MTBLS395,-779
1700,45,MTBLS798,16
1701,34,AMBIGUOUS: MTBLS395,-721
1702,45,MTBLS798,7
1703,45,MTBLS798,-7
1704,12,AMBIGUOUS: MTBLS147,-778
1705,45,MTBLS798,10
1706,34,AMBIGUOUS: MTBLS395,-777
1707,12,AMBIGUOUS: MTBLS147,-690
1708,12,AMBIGUOUS: MTBLS147,-761
1709,45,MTBLS798,9
1710,45,MTBLS798,10
1711,45,MTBLS798,-20
1712,45,MTBLS798,-8
1713,45,MTBLS798,-2
1714,12,AMBIGUOUS: MTBLS147,-758
1715,34,AMBIGUOUS: MTBLS395,-766
1716,34,AMBIGUOUS: MTBLS395,-639
1717,45,MTBLS798,5
1718,34,AMBIGUOUS: MTBLS395,-775
1719,34,AMBIGUOUS: MTBLS395,-569
1720,45,MTBLS798,-7
1721,45,MTBLS798,-4
1722,12,AMBIGUOUS: MTBLS147,-782
1723,34,AMBIGUOUS: MTBLS395,-749
1724,34,AMBIGUOUS: MTBLS395,-615
1725,34,AMBIGUOUS: MTBLS395,-589
1726,45,MTBLS798,1
1727,34,AMBIGUOUS: MTBLS395,-776
1728,45,MTBLS798,-4
1729,45,MTBLS798,3
1730,34,AMBIGUOUS: MTBLS395,-764
1731,45,MTBLS798,11
1732,12,AMBIGUOUS: MTBLS147,-775
1733,34,AMBIGUOUS: MTBLS395,-638
1734,45,MTBLS798,15
1735,45,MTBLS798,11
1736,45,MTBLS798,-14
1737,34,AMBIGUOUS: MTBLS395,-779
1738,45,MTBLS798,2
1739,12,AMBIGUOUS: MTBLS147,-780
1740,45,MTBLS798,28
1741,45,MTBLS798,6
1742,45,MTBLS798,4
1743,45,MTBLS798,-21
1744,34,AMBIGUOUS: MTBLS395,-776
1745,45,MTBLS798,11
1746,34,AMBIGUOUS: MTBLS395,-631
1747,45,MTBLS798,-2
1748,12,AMBIGUOUS: MTBLS147,-786
1749,34,AMBIGUOUS: MTBLS395,-754
1750,34,AMBIGUOUS: MTBLS395,-778
1751,12,AMBIGUOUS: MTBLS147,-790
1752,45,MTBLS798,18
1753,12,AMBIGUOUS: MTBLS147,-755
1754,45,MTBLS798,-2
1755,33,unassigned,-2371
1756,12,AMBIGUOUS: MTBLS147,-774
1757,34,AMBIGUOUS: MTBLS395,-763
1758,12,AMBIGUOUS: MTBLS147,-760
1759,45,MTBLS798,-1
1760,45,MTBLS798,1
1761,45,MTBLS798,9
1762,12,AMBIGUOUS: MTBLS147,-759
1763,45,MTBLS798,8
1764,45,MTBLS798,-8
1765,12,AMBIGUOUS: MTBLS147,-754
1766,45,MTBLS798,-5
1767,45,MTBLS798,5
1768,45,MTBLS798,9
1769,12,AMBIGUOUS: MTBLS147,-755
1770,45,MTBLS798,9
1771,12,AMBIGUOUS: MTBLS147,-784
1772,12,AMBIGUOUS: MTBLS147,-780
1773,45,MTBLS798,-4
1774,12,AMBIGUOUS: MTBLS147,-779
1775,12,AMBIGUOUS: MTBLS147,-774
1776,34,AMBIGUOUS: MTBLS395,-785
1777,45,MTBLS798,29
1778,34,AMBIGUOUS: MTBLS395,-743
1779,45,MTBLS798,8
1780,45,MTBLS798,15
1781,34,AMBIGUOUS: MTBLS395,-774
1782,12,AMBIGUOUS: MTBLS147,-789
1783,34,AMBIGUOUS: MTBLS395,-841
1784,12,AMBIGUOUS: MTBLS147,-786
1785,12,AMBIGUOUS: MTBLS147,-780
1786,34,AMBIGUOUS: MTBLS395,-742
1787,34,AMBIGUOUS: MTBLS395,-574
1788,45,MTBLS798,-2
1789,45,MTBLS798,-15
1790,12,AMBIGUOUS: MTBLS147,-759
1791,45,MTBLS798,-5
1792,12,AMBIGUOUS: MTBLS147,-780
1793,45,MTBLS798,7
1794,45,MTBLS798,-2
1795,45,MTBLS798,24
1796,45,MTBLS798,-62
1797,45,MTBLS798,4
1798,45,MTBLS798,11
1799,45,MTBLS798,12
1800,45,MTBLS798,1
1801,45,MTBLS798,-8
1802,45,MTBLS798,-17
1803,34,AMBIGUOUS: MTBLS395,-471
1804,12,AMBIGUOUS: MTBLS147,-777
1805,34,AMBIGUOUS: MTBLS395,-854
1806,12,AMBIGUOUS: MTBLS147,-769
1807,45,MTBLS798,-14
1808,34,AMBIGUOUS: MTBLS395,-772
1809,34,AMBIGUOUS: MTBLS395,-760
1810,12,AMBIGUOUS: MTBLS147,-784
1811,34,AMBIGUOUS: MTBLS395,-567
1812,45,MTBLS798,6
1813,12,AMBIGUOUS: MTBLS147,-758
1814,34,AMBIGUOUS: MTBLS395,-784
1815,45,MTBLS798,0
1816,45,MTBLS798,3
1817,45,MTBLS798,12
1818,12,AMBIGUOUS: MTBLS147,-774
1819,12,AMBIGUOUS: MTBLS147,-779
1820,45,MTBLS798,2
1821,45,MTBLS798,-4
1822,45,MTBLS798,17
1823,34,AMBIGUOUS: MTBLS395,-552
1824,45,MTBLS798,-5
1825,34,AMBIGUOUS: MTBLS395,-770
1826,45,MTBLS798,20
1827,45,MTBLS798,-15
1828,45,MTBLS798,20
1829,45,MTBLS798,13
1830,45,MTBLS798,-7
1831,12,AMBIGUOUS: MTBLS147,-712
1832,45,MTBLS798,12
1833,45,MTBLS798,12
1834,45,MTBLS798,22
1835,34,AMBIGUOUS: MTBLS395,-583
1836,45,MTBLS798,4
1837,34,AMBIGUOUS: MTBLS395,-750
1838,12,AMBIGUOUS: MTBLS147,-791
1839,45,MTBLS798,8
1840,12,AMBIGUOUS: MTBLS147,-773
1841,34,AMBIGUOUS: MTBLS395,-541
1842,12,AMBIGUOUS: MTBLS147,-777
1843,45,MTBLS798,8
1844,45,MTBLS798,19
1845,45,MTBLS798,16
1846,34,AMBIGUOUS: MTBLS395,-514
1847,45,MTBLS798,-2
1848,45,MTBLS798,-4
1849,12,AMBIGUOUS: MTBLS147,-689
1850,69,unassigned,-3655
1851,45,MTBLS798,4
1852,45,MTBLS798,6
1853,12,AMBIGUOUS: MTBLS147,-783
1854,45,MTBLS798,5
1855,12,AMBIGUOUS: MTBLS147,-779
1856,12,AMBIGUOUS: MTBLS147,-780
1857,12,AMBIGUOUS: MTBLS147,-788
1858,45,MTBLS798,2
1859,12,AMBIGUOUS: MTBLS147,-781
1860,34,AMBIGUOUS: MTBLS395,-755
1861,45,MTBLS798,-12
1862,53,unassigned,466
1863,70,unassigned,7014
1864,34,AMBIGUOUS: MTBLS395,-796
1865,12,AMBIGUOUS: MTBLS147,-758
1866,45,MTBLS798,10
1867,45,MTBLS798,10
1868,45,MTBLS798,8
1869,34,AMBIGUOUS: MTBLS395,-758
1870,45,MTBLS798,9
1871,34,AMBIGUOUS: MTBLS395,-745
1872,45,MTBLS798,7
1873,45,MTBLS798,-19
1874,45,MTBLS798,2
1875,45,MTBLS798,17
1876,12,AMBIGUOUS: MTBLS147,-759
1877,34,AMBIGUOUS: MTBLS395,-760
1878,34,AMBIGUOUS: MTBLS395,-773
1879,34,AMBIGUOUS: MTBLS395,-758
1880,45,MTBLS798,17
1881,45,MTBLS798,23
1882,34,AMBIGUOUS: MTBLS395,-567
1883,45,MTBLS798,31
1884,12,AMBIGUOUS: MTBLS147,-778
1885,34,AMBIGUOUS: MTBLS395,-771
1886,34,AMBIGUOUS: MTBLS395,-640
1887,45,MTBLS798,1
1888,45,MTBLS798,12
1889,45,MTBLS798,0
1890,45,MTBLS798,3
1891,34,AMBIGUOUS: MTBLS395,-772
1892,45,MTBLS798,-7
1893,34,AMBIGUOUS: MTBLS395,-781
1894,34,AMBIGUOUS: MTBLS395,-762
1895,45,MTBLS798,8
1896,45,MTBLS798,27
1897,46,unassigned,549
1898,45,MTBLS798,1
1899,45,MTBLS798,6
1900,53,unassigned,517
1901,45,MTBLS798,-1
1902,45,MTBLS798,6
1903,45,MTBLS798,-6
1904,45,MTBLS798,-9
1905,45,MTBLS798,-2
1906,45,MTBLS798,7
1907,34,AMBIGUOUS: MTBLS395,-776
1908,34,AMBIGUOUS: MTBLS395,-758
1909,45,MTBLS798,19
1910,34,AMBIGUOUS: MTBLS395,-556
1911,45,MTBLS798,46
1912,45,MTBLS798,6
1913,45,MTBLS798,4
1914,45,MTBLS798,7
1915,53,unassigned,503
1916,45,MTBLS798,18
1917,45,MTBLS798,1
1918,45,MTBLS798,19
1919,45,MTBLS798,-18
1920,45,MTBLS798,6
1921,34,AMBIGUOUS: MTBLS395,-777
1922,45,MTBLS798,-11
1923,34,AMBIGUOUS: MTBLS395,-563
1924,12,AMBIGUOUS: MTBLS147,-781
1925,45,MTBLS798,9
1926,34,AMBIGUOUS: MTBLS395,-767
1927,45,MTBLS798,13
1928,45,MTBLS798,12
1929,45,MTBLS798,7
1930,45,MTBLS798,6
1931,45,MTBLS798,4
1932,45,MTBLS798,10
1933,45,MTBLS798,-3
1934,45,MTBLS798,3
1935,34,AMBIGUOUS: MTBLS395,-765
1936,45,MTBLS798,18
1937,45,MTBLS798,33
1938,34,AMBIGUOUS: MTBLS395,-822
1939,45,MTBLS798,6
1940,45,MTBLS798,-13
1941,45,MTBLS798,12
1942,45,MTBLS798,9
1943,45,MTBLS798,13
1944,45,MTBLS798,0
1945,34,AMBIGUOUS: MTBLS395,-765
1946,45,MTBLS798,13
1947,34,AMBIGUOUS: MTBLS395,-773
1948,12,AMBIGUOUS: MTBLS147,-758
1949,45,MTBLS798,-1
1950,45,MTBLS798,-2
1951,34,AMBIGUOUS: MTBLS395,-578
1952,45,MTBLS798,30
1953,45,MTBLS798,14
1954,34,AMBIGUOUS: MTBLS395,-770
1955,45,MTBLS798,-9
1956,45,MTBLS798,-8
1957,45,MTBLS798,-16
1958,45,MTBLS798,-3
1959,45,MTBLS798,14
1960,12,AMBIGUOUS: MTBLS147,-779
1961,45,MTBLS798,-11
1962,12,AMBIGUOUS: MTBLS147,-774
1963,45,MTBLS798,11
1964,45,MTBLS798,8
1965,12,AMBIGUOUS: MTBLS147,-755
1966,45,MTBLS798,-27
1967,12,AMBIGUOUS: MTBLS147,-787
1968,45,MTBLS798,6
1969,45,MTBLS798,-14
1970,29,unassigned,4566
1971,34,AMBIGUOUS: MTBLS395,-780
1972,12,AMBIGUOUS: MTBLS147,-763
1973,45,MTBLS798,21
1974,45,MTBLS798,20
1975,34,AMBIGUOUS: MTBLS395,-746
1976,34,AMBIGUOUS: MTBLS395,-625
1977,12,AMBIGUOUS: MTBLS147,-757
1978,12,AMBIGUOUS: MTBLS147,-775
1979,12,AMBIGUOUS: MTBLS147,-769
1980,45,MTBLS798,16
1981,45,MTBLS798,10
1982,45,MTBLS798,4
1983,12,AMBIGUOUS: MTBLS147,-774
1984,45,MTBLS798,-84
1985,12,AMBIGUOUS: MTBLS147,-692
1986,34,AMBIGUOUS: MTBLS395,-781
1987,45,MTBLS798,-4
1988,45,MTBLS798,2
1989,45,MTBLS798,14
1990,63,unassigned,-3248
1991,45,MTBLS798,7
1992,45,MTBLS798,17
1993,34,AMBIGUOUS: MTBLS395,-702
1994,34,AMBIGUOUS: MTBLS395,-780
1995,45,MTBLS798,-5
1996,45,MTBLS798,21
1997,12,AMBIGUOUS: MTBLS147,-774
1998,12,AMBIGUOUS: MTBLS147,-777
1999,45,MTBLS798,9
2000,45,MTBLS798,6
2001,45,MTBLS798,3
2002,34,AMBIGUOUS: MTBLS395,-779
2003,45,MTBLS798,16
2004,45,MTBLS798,14
2005,12,AMBIGUOUS: MTBLS147,-773
2006,34,AMBIGUOUS: MTBLS395,-612
2007,34,AMBIGUOUS: MTBLS395,-787
2008,45,MTBLS798,2
2009,45,MTBLS798,18
2010,45,MTBLS798,8
2011,34,AMBIGUOUS: MTBLS395,-779
2012,34,AMBIGUOUS: MTBLS395,-776
2013,45,MTBLS798,-19
2014,45,MTBLS798,-8
2015,12,AMBIGUOUS: MTBLS147,-778
2016,45,MTBLS798,9
2017,45,MTBLS798,-5
2018,34,AMBIGUOUS: MTBLS395,-763
2019,45,MTBLS798,-10
2020,45,MTBLS798,10
2021,34,AMBIGUOUS: MTBLS395,-878
2022,34,AMBIGUOUS: MTBLS395,-750
2023,34,AMBIGUOUS: MTBLS395,-753
2024,34,AMBIGUOUS: MTBLS395,-679
2025,45,MTBLS798,6
2026,34,AMBIGUOUS: MTBLS395,-775
2027,12,AMBIGUOUS: MTBLS147,-785
2028,45,MTBLS798,9
2029,45,MTBLS798,1
2030,45,MTBLS798,16
2031,12,AMBIGUOUS: MTBLS147,-780
2032,45,MTBLS798,1
2033,45,MTBLS798,-4
2034,45,MTBLS798,24
2035,45,MTBLS798,8
2036,45,MTBLS798,7
2037,45,MTBLS798,11
2038,45,MTBLS798,12
2039,45,MTBLS798,-8
2040,45,MTBLS798,5
2041,45,MTBLS798,4
2042,68,MTBLS2336,-827
2043,45,MTBLS798,-12
2044,12,AMBIGUOUS: MTBLS147,-784
2045,45,MTBLS798,12
2046,12,AMBIGUOUS: MTBLS147,-787
2047,29,unassigned,4538
2048,45,MTBLS798,9
2049,45,MTBLS798,5
2050,45,MTBLS798,13
2051,34,AMBIGUOUS: MTBLS395,-769
2052,45,MTBLS798,-10
2053,12,AMBIGUOUS: MTBLS147,-783
2054,45,MTBLS798,-30
2055,45,MTBLS798,18
2056,45,MTBLS798,1
2057,45,MTBLS798,-4
2058,45,MTBLS798,-7
2059,45,MTBLS798,-4
2060,45,MTBLS798,-1
2061,45,MTBLS798,3
2062,45,MTBLS798,4
2063,53,unassigned,475
2064,45,MTBLS798,9
2065,45,MTBLS798,-48
2066,45,MTBLS798,-2
2067,29,unassigned,4545
2068,45,MTBLS798,3
2069,45,MTBLS798,17
2070,34,AMBIGUOUS: MTBLS395,-763
2071,34,AMBIGUOUS: MTBLS395,-772
2072,45,MTBLS798,-19
2073,45,MTBLS798,5
2074,45,MTBLS798,9
2075,45,MTBLS798,-5
2076,34,AMBIGUOUS: MTBLS395,-572
2077,45,MTBLS798,10
2078,34,AMBIGUOUS: MTBLS395,-765
2079,45,MTBLS798,-6
2080,45,MTBLS798,19
2081,45,MTBLS798,-8
2082,45,MTBLS798,11
2083,45,MTBLS798,33
2084,45,MTBLS798,2
2085,45,MTBLS798,7
2086,34,AMBIGUOUS: MTBLS395,-787
2087,45,MTBLS798,-1
2088,12,AMBIGUOUS: MTBLS147,-777
2089,12,AMBIGUOUS: MTBLS147,-778
2090,34,AMBIGUOUS: MTBLS395,-761
2091,45,MTBLS798,32
2092,34,AMBIGUOUS: MTBLS395,-763
2093,45,MTBLS798,-5
2094,34,AMBIGUOUS: MTBLS395,-776
2095,34,AMBIGUOUS: MTBLS395,-771
2096,45,MTBLS798,16
2097,45,MTBLS798,-18
2098,12,AMBIGUOUS: MTBLS147,-788
2099,34,AMBIGUOUS: MTBLS395,-751
2100,45,MTBLS798,-5
2101,34,AMBIGUOUS: MTBLS395,-778
2102,45,MTBLS798,-8
2103,45,MTBLS798,11
2104,34,AMBIGUOUS: MTBLS395,-775
2105,45,MTBLS798,9
2106,45,MTBLS798,1
2107,45,MTBLS798,7
2108,45,MTBLS798,-16
2109,12,AMBIGUOUS: MTBLS147,-787
2110,45,MTBLS798,24
2111,12,AMBIGUOUS: MTBLS147,-785
2112,45,MTBLS798,23
2113,45,MTBLS798,9
2114,45,MTBLS798,-4
2115,34,AMBIGUOUS: MTBLS395,-782
2116,45,MTBLS798,7
2117,45,MTBLS798,-8
2118,12,AMBIGUOUS: MTBLS147,-775
2119,45,MTBLS798,16
2120,45,MTBLS798,-2
2121,12,AMBIGUOUS: MTBLS147,-778
2122,71,unassigned,-3585
2123,34,AMBIGUOUS: MTBLS395,-600
2124,45,MTBLS798,-4
2125,12,AMBIGUOUS: MTBLS147,-789
2126,45,MTBLS798,12
2127,34,AMBIGUOUS: MTBLS395,-761
2128,45,MTBLS798,7
2129,12,AMBIGUOUS: MTBLS147,-781
2130,12,AMBIGUOUS: MTBLS147,-785
2131,53,unassigned,448
2132,45,MTBLS798,-9
2133,45,MTBLS798,-28
2134,45,MTBLS798,5
2135,45,MTBLS798,9
2136,45,MTBLS798,-1
2137,45,MTBLS798,2
2138,45,MTBLS798,9
2139,34,AMBIGUOUS: MTBLS395,-763
2140,45,MTBLS798,-5
2141,45,MTBLS798,-42
2142,45,MTBLS798,21
2143,45,MTBLS798,4
2144,34,AMBIGUOUS: MTBLS395,-776
2145,45,MTBLS798,-16
2146,45,MTBLS798,30
2147,45,MTBLS798,3
2148,45,MTBLS798,7
2149,45,MTBLS798,22
2150,45,MTBLS798,6
2151,45,MTBLS798,-2
2152,12,AMBIGUOUS: MTBLS147,-761
2153,34,AMBIGUOUS: MTBLS395,-776
2154,12,AMBIGUOUS: MTBLS147,-785
2155,45,MTBLS798,6
2156,34,AMBIGUOUS: MTBLS395,-535
2157,45,MTBLS798,16
2158,45,MTBLS798,23
2159,45,MTBLS798,21
2160,45,MTBLS798,12
2161,45,MTBLS798,15
2162,45,MTBLS798,-2
2163,45,MTBLS798,9
2164,45,MTBLS798,26
2165,45,MTBLS798,7
2166,45,MTBLS798,9
2167,34,AMBIGUOUS: MTBLS395,-755
2168,34,AMBIGUOUS: MTBLS395,-576
2169,45,MTBLS798,0
2170,45,MTBLS798,7
2171,34,AMBIGUOUS: MTBLS395,-758
2172,34,AMBIGUOUS: MTBLS395,-595
2173,45,MTBLS798,19
2174,34,AMBIGUOUS: MTBLS395,-783
2175,45,MTBLS798,-1
2176,45,MTBLS798,-3
2177,45,MTBLS798,-20
2178,45,MTBLS798,-10
2179,34,AMBIGUOUS: MTBLS395,-764
2180,45,MTBLS798,2
2181,45,MTBLS798,15
2182,45,MTBLS798,-1
2183,45,MTBLS798,3
2184,34,AMBIGUOUS: MTBLS395,-769
2185,45,MTBLS798,1
2186,34,AMBIGUOUS: MTBLS395,-768
2187,34,AMBIGUOUS: MTBLS395,-733
2188,34,AMBIGUOUS: MTBLS395,-763
2189,12,AMBIGUOUS: MTBLS147,-762
2190,45,MTBLS798,4
2191,45,MTBLS798,-9
2192,45,MTBLS798,3
2193,45,MTBLS798,30
2194,12,AMBIGUOUS: MTBLS147,-757
2195,29,unassigned,4536
2196,45,MTBLS798,20
2197,45,MTBLS798,1
2198,45,MTBLS798,-6
2199,45,MTBLS798,5
2200,45,MTBLS798,7
2201,12,AMBIGUOUS: MTBLS147,-787
2202,45,MTBLS798,14
2203,45,MTBLS798,-1
2204,34,AMBIGUOUS: MTBLS395,-787
2205,45,MTBLS798,2
2206,53,unassigned,522
2207,45,MTBLS798,-13
2208,45,MTBLS798,8
2209,45,MTBLS798,2
2210,45,MTBLS798,-3
2211,45,MTBLS798,2
2212,12,AMBIGUOUS: MTBLS147,-779
2213,45,MTBLS798,12
2214,34,AMBIGUOUS: MTBLS395,-633
2215,45,MTBLS798,4
2216,45,MTBLS798,-6
2217,45,MTBLS798,-17
2218,45,MTBLS798,-4
2219,34,AMBIGUOUS: MTBLS395,-773
2220,45,MTBLS798,-6
2221,45,MTBLS798,14
2222,45,MTBLS798,-4
2223,34,AMBIGUOUS: MTBLS395,-568
2224,45,MTBLS798,8
2225,12,AMBIGUOUS: MTBLS147,-785
2226,45,MTBLS798,3
2227,45,MTBLS798,-4
2228,45,MTBLS798,14
2229,45,MTBLS798,23
2230,45,MTBLS798,3
2231,45,MTBLS798,-3
2232,45,MTBLS798,7
2233,29,unassigned,4543
2234,34,AMBIGUOUS: MTBLS395,-769
2235,45,MTBLS798,-2
2236,34,AMBIGUOUS: MTBLS395,-808
2237,12,AMBIGUOUS: MTBLS147,-784
2238,45,MTBLS798,10
2239,45,MTBLS798,15
2240,45,MTBLS798,12
2241,45,MTBLS798,4
2242,45,MTBLS798,2
2243,45,MTBLS798,9
2244,34,AMBIGUOUS: MTBLS395,-620
2245,45,MTBLS798,5
2246,45,MTBLS798,10
2247,45,MTBLS798,5
2248,45,MTBLS798,-9
2249,34,AMBIGUOUS: MTBLS395,-748
2250,45,MTBLS798,-3
2251,12,AMBIGUOUS: MTBLS147,-758
2252,45,MTBLS798,5
2253,45,MTBLS798,-4
2254,45,MTBLS798,22
2255,12,AMBIGUOUS: MTBLS147,-785
2256,45,MTBLS798,2
2257,45,MTBLS798,7
2258,45,MTBLS798,10
2259,45,MTBLS798,6
2260,34,AMBIGUOUS: MTBLS395,-748
2261,34,AMBIGUOUS: MTBLS395,-576
2262,45,MTBLS798,21
2263,45,MTBLS798,-28
2264,45,MTBLS798,21
2265,45,MTBLS798,-7
2266,45,MTBLS798,12
2267,45,MTBLS798,14
2268,45,MTBLS798,5
2269,45,MTBLS798,11
2270,45,MTBLS798,3
2271,45,MTBLS798,-13
2272,45,MTBLS798,-7
2273,45,MTBLS798,-6
2274,45,MTBLS798,20
2275,12,AMBIGUOUS: MTBLS147,-773
2276,45,MTBLS798,-5
2277,45,MTBLS798,2
2278,34,AMBIGUOUS: MTBLS395,-618
2279,45,MTBLS798,5
2280,12,AMBIGUOUS: MTBLS147,-756
2281,34,AMBIGUOUS: MTBLS395,-769
2282,45,MTBLS798,0
2283,12,AMBIGUOUS: MTBLS147,-786
2284,12,AMBIGUOUS: MTBLS147,-756
2285,45,MTBLS798,20
2286,45,MTBLS798,-1
2287,12,AMBIGUOUS: MTBLS147,-772
2288,45,MTBLS798,18
2289,45,MTBLS798,-7
2290,45,MTBLS798,-3
2291,71,unassigned,-3592
2292,45,MTBLS798,8
2293,45,MTBLS798,14
2294,45,MTBLS798,-1
2295,45,MTBLS798,12
2296,45,MTBLS798,12
2297,45,MTBLS798,-19
2298,45,MTBLS798,5
2299,45,MTBLS798,3
2300,45,MTBLS798,2
2301,45,MTBLS798,8
2302,45,MTBLS798,-24
2303,34,AMBIGUOUS: MTBLS395,-689
2304,45,MTBLS798,-2
2305,45,MTBLS798,9
2306,45,MTBLS798,3
2307,12,AMBIGUOUS: MTBLS147,-682
2308,45,MTBLS798,-17
2309,45,MTBLS798,-1
2310,12,AMBIGUOUS: MTBLS147,-709
2311,45,MTBLS798,-11
2312,45,MTBLS798,3
2313,45,MTBLS798,21
2314,45,MTBLS798,1
2315,45,MTBLS798,14
2316,34,AMBIGUOUS: MTBLS395,-761
2317,45,MTBLS798,-16
2318,45,MTBLS798,6
2319,34,AMBIGUOUS: MTBLS395,-771
2320,34,AMBIGUOUS: MTBLS395,-773
2321,12,AMBIGUOUS: MTBLS147,-795
2322,12,AMBIGUOUS: MTBLS147,-783
2323,45,MTBLS798,4
2324,8,unassigned,4282
2325,8,unassigned,4282
2326,45,MTBLS798,-5
2327,45,MTBLS798,-10
2328,45,MTBLS798,17
2329,45,MTBLS798,-10
2330,45,MTBLS798,-9
2331,45,MTBLS798,-6
2332,12,AMBIGUOUS: MTBLS147,-756
2333,34,AMBIGUOUS: MTBLS395,-766
2334,34,AMBIGUOUS: MTBLS395,-760
2335,45,MTBLS798,-14
2336,45,MTBLS798,2
2337,34,AMBIGUOUS: MTBLS395,-773
2338,45,MTBLS798,19
2339,45,MTBLS798,11
2340,45,MTBLS798,1
2341,45,MTBLS798,5
2342,45,MTBLS798,12
2343,45,MTBLS798,-8
2344,45,MTBLS798,-5
2345,45,MTBLS798,11
2346,45,MTBLS798,-2
2347,45,MTBLS798,13
2348,12,AMBIGUOUS: MTBLS147,-758
2349,45,MTBLS798,-5
2350,45,MTBLS798,9
2351,12,AMBIGUOUS: MTBLS147,-769
2352,45,MTBLS798,11
2353,45,MTBLS798,11
2354,12,AMBIGUOUS: MTBLS147,-776
2355,45,MTBLS798,-3
2356,45,MTBLS798,2
2357,45,MTBLS798,14
2358,45,MTBLS798,3
2359,45,MTBLS798,19
2360,45,MTBLS798,7
2361,34,AMBIGUOUS: MTBLS395,-763
2362,45,MTBLS798,7
2363,45,MTBLS798,-6
2364,45,MTBLS798,2
2365,34,AMBIGUOUS: MTBLS395,-715
2366,45,MTBLS798,6
2367,45,MTBLS798,6
2368,45,MTBLS798,1
2369,45,MTBLS798,17
2370,34,AMBIGUOUS: MTBLS395,-760
2371,45,MTBLS798,5
2372,45,MTBLS798,13
2373,12,AMBIGUOUS: MTBLS147,-780
2374,45,MTBLS798,29
2375,45,MTBLS798,5
2376,45,MTBLS798,0
2377,12,AMBIGUOUS: MTBLS147,-783
2378,45,MTBLS798,10
2379,12,AMBIGUOUS: MTBLS147,-780
2380,34,AMBIGUOUS: MTBLS395,-543
2381,62,MTBLS46,-821
2382,45,MTBLS798,1
2383,45,MTBLS798,6
2384,45,MTBLS798,16
2385,45,MTBLS798,17
2386,45,MTBLS798,2
2387,45,MTBLS798,-8
2388,45,MTBLS798,-25
2389,45,MTBLS798,15
2390,45,MTBLS798,-13
2391,45,MTBLS798,8
2392,45,MTBLS798,-7
2393,45,MTBLS798,2
2394,45,MTBLS798,12
2395,45,MTBLS798,30
2396,45,MTBLS798,16
2397,45,MTBLS798,22
2398,45,MTBLS798,6
2399,45,MTBLS798,-2
2400,45,MTBLS798,3
2401,45,MTBLS798,8
2402,45,MTBLS798,-9
2403,34,AMBIGUOUS: MTBLS395,-781
2404,12,AMBIGUOUS: MTBLS147,-680
2405,45,MTBLS798,6
2406,45,MTBLS798,-7
2407,45,MTBLS798,-21
2408,12,AMBIGUOUS: MTBLS147,-787
2409,45,MTBLS798,-9
2410,45,MTBLS798,0
2411,34,AMBIGUOUS: MTBLS395,-769
2412,45,MTBLS798,8
2413,45,MTBLS798,-9
2414,45,MTBLS798,5
2415,45,MTBLS798,8
2416,45,MTBLS798,0
2417,45,MTBLS798,1
2418,45,MTBLS798,-1
2419,12,AMBIGUOUS: MTBLS147,-781
2420,45,MTBLS798,-8
2421,45,MTBLS798,19
2422,45,MTBLS798,-7
2423,12,AMBIGUOUS: MTBLS147,-778
2424,45,MTBLS798,12
2425,12,AMBIGUOUS: MTBLS147,-709
2426,45,MTBLS798,9
2427,45,MTBLS798,3
2428,45,MTBLS798,-20
2429,45,MTBLS798,-6
2430,45,MTBLS798,-23
2431,12,AMBIGUOUS: MTBLS147,-784
2432,45,MTBLS798,-1
2433,45,MTBLS798,9
2434,45,MTBLS798,9
2435,45,MTBLS798,7
2436,12,AMBIGUOUS: MTBLS147,-784
2437,45,MTBLS798,10
2438,45,MTBLS798,5
2439,45,MTBLS798,1
2440,45,MTBLS798,-13
2441,12,AMBIGUOUS: MTBLS147,-779
2442,45,MTBLS798,6
2443,45,MTBLS798,7
2444,45,MTBLS798,6
2445,45,MTBLS798,12
2446,45,MTBLS798,4
2447,45,MTBLS798,14
2448,45,MTBLS798,6
2449,45,MTBLS798,-11
2450,45,MTBLS798,19
2451,45,MTBLS798,0
2452,45,MTBLS798,-4
2453,34,AMBIGUOUS: MTBLS395,-772
2454,45,MTBLS798,-14
2455,45,MTBLS798,-2
2456,45,MTBLS798,12
2457,45,MTBLS798,19
2458,12,AMBIGUOUS: MTBLS147,-780
2459,45,MTBLS798,14
2460,45,MTBLS798,11
2461,12,AMBIGUOUS: MTBLS147,-705
2462,34,AMBIGUOUS: MTBLS395,-566
2463,45,MTBLS798,22
2464,12,AMBIGUOUS: MTBLS147,-789
2465,12,AMBIGUOUS: MTBLS147,-787
2466,45,MTBLS798,-2
2467,45,MTBLS798,12
2468,45,MTBLS798,3
2469,45,MTBLS798,6
2470,45,MTBLS798,6
2471,45,MTBLS798,5
2472,45,MTBLS798,16
2473,45,MTBLS798,24
2474,12,AMBIGUOUS: MTBLS147,-780
2475,45,MTBLS798,15
2476,45,MTBLS798,-18
2477,34,AMBIGUOUS: MTBLS395,-765
2478,45,MTBLS798,16
2479,45,MTBLS798,6
2480,45,MTBLS798,-2
2481,45,MTBLS798,6
2482,45,MTBLS798,-2
2483,45,MTBLS798,6
2484,45,MTBLS798,-88
2485,45,MTBLS798,-47
2486,45,MTBLS798,-8
2487,12,AMBIGUOUS: MTBLS147,-706
2488,45,MTBLS798,2
2489,45,MTBLS798,2
2490,12,AMBIGUOUS: MTBLS147,-785
2491,45,MTBLS798,5
2492,53,unassigned,474
2493,45,MTBLS798,9
2494,45,MTBLS798,0
2495,34,AMBIGUOUS: MTBLS395,-728
2496,45,MTBLS798,11
2497,34,AMBIGUOUS: MTBLS395,-534
2498,45,MTBLS798,12
2499,45,MTBLS798,10
2500,45,MTBLS798,12
2501,12,AMBIGUOUS: MTBLS147,-785
2502,45,MTBLS798,12
2503,12,AMBIGUOUS: MTBLS147,-771
2504,45,MTBLS798,14
2505,63,unassigned,-3260
2506,45,MTBLS798,-28
2507,45,MTBLS798,8
2508,45,MTBLS798,3
2509,45,MTBLS798,10
2510,45,MTBLS798,4
2511,45,MTBLS798,14
2512,45,MTBLS798,6
2513,45,MTBLS798,11
2514,45,MTBLS798,33
2515,45,MTBLS798,9
2516,45,MTBLS798,10
2517,45,MTBLS798,1
2518,45,MTBLS798,-9
2519,45,MTBLS798,7
2520,34,AMBIGUOUS: MTBLS395,-767
2521,45,MTBLS798,-8
2522,45,MTBLS798,26
2523,34,AMBIGUOUS: MTBLS395,-774
2524,45,MTBLS798,14
2525,45,MTBLS798,3
2526,45,MTBLS798,-4
2527,45,MTBLS798,-9
2528,45,MTBLS798,-7
2529,45,MTBLS798,12
2530,34,AMBIGUOUS: MTBLS395,-765
2531,45,MTBLS798,-5
2532,45,MTBLS798,6
2533,45,MTBLS798,-13
2534,45,MTBLS798,-10
2535,45,MTBLS798,5
2536,34,AMBIGUOUS: MTBLS395,-795
2537,45,MTBLS798,8
2538,45,MTBLS798,8
2539,45,MTBLS798,-4
2540,45,MTBLS798,20
2541,46,unassigned,564
2542,45,MTBLS798,25
2543,45,MTBLS798,-1
2544,46,unassigned,548
2545,12,AMBIGUOUS: MTBLS147,-779
2546,45,MTBLS798,3
2547,45,MTBLS798,6
2548,45,MTBLS798,20
2549,34,AMBIGUOUS: MTBLS395,-774
2550,12,AMBIGUOUS: MTBLS147,-760
2551,45,MTBLS798,7
2552,45,MTBLS798,4
2553,45,MTBLS798,15
2554,12,AMBIGUOUS: MTBLS147,-782
2555,12,AMBIGUOUS: MTBLS147,-760
2556,45,MTBLS798,31
2557,45,MTBLS798,10
2558,34,AMBIGUOUS: MTBLS395,-439
2559,34,AMBIGUOUS: MTBLS395,-773
2560,45,MTBLS798,14
2561,45,MTBLS798,16
2562,45,MTBLS798,11
2563,45,MTBLS798,8
2564,45,MTBLS798,-8
2565,45,MTBLS798,-46
2566,34,AMBIGUOUS: MTBLS395,-769
2567,12,AMBIGUOUS: MTBLS147,-777
2568,45,MTBLS798,3
2569,34,AMBIGUOUS: MTBLS395,-632
2570,12,AMBIGUOUS: MTBLS147,-778
2571,45,MTBLS798,-16
2572,45,MTBLS798,5
2573,45,MTBLS798,0
2574,68,MTBLS2336,-832
2575,12,AMBIGUOUS: MTBLS147,-773
2576,45,MTBLS798,-4
2577,72,unassigned,16
2578,45,MTBLS798,21
2579,45,MTBLS798,17
2580,45,MTBLS798,14
2581,45,MTBLS798,13
2582,45,MTBLS798,15
2583,45,MTBLS798,1
2584,45,MTBLS798,9
2585,45,MTBLS798,25
2586,45,MTBLS798,-17
2587,45,MTBLS798,17
2588,45,MTBLS798,5
2589,45,MTBLS798,-10
2590,45,MTBLS798,-6
2591,45,MTBLS798,8
2592,12,AMBIGUOUS: MTBLS147,-789
2593,45,MTBLS798,1
2594,45,MTBLS798,-1
2595,45,MTBLS798,3
2596,45,MTBLS798,12
2597,45,MTBLS798,3
2598,45,MTBLS798,11
2599,45,MTBLS798,5
2600,45,MTBLS798,4
2601,45,MTBLS798,4
2602,45,MTBLS798,19
2603,45,MTBLS798,8
2604,45,MTBLS798,3
2605,34,AMBIGUOUS: MTBLS395,-769
2606,45,MTBLS798,9
2607,45,MTBLS798,2
2608,45,MTBLS798,8
2609,12,AMBIGUOUS: MTBLS147,-773
2610,45,MTBLS798,1
2611,45,MTBLS798,2
2612,45,MTBLS798,-1
2613,45,MTBLS798,-9
2614,45,MTBLS798,14
2615,45,MTBLS798,1
2616,45,MTBLS798,0
2617,12,AMBIGUOUS: MTBLS147,-761
2618,34,AMBIGUOUS: MTBLS395,-768
2619,45,MTBLS798,7
2620,45,MTBLS798,-6
2621,45,MTBLS798,13
2622,12,AMBIGUOUS: MTBLS147,-775
2623,34,AMBIGUOUS: MTBLS395,-756
2624,45,MTBLS798,1
2625,45,MTBLS798,15
2626,45,MTBLS798,3
2627,45,MTBLS798,-18
2628,12,AMBIGUOUS: MTBLS147,-784
2629,45,MTBLS798,-3
2630,34,AMBIGUOUS: MTBLS395,-588
2631,45,MTBLS798,-3
2632,45,MTBLS798,-10
2633,34,AMBIGUOUS: MTBLS395,-782
2634,45,MTBLS798,-3
2635,45,MTBLS798,1
2636,45,MTBLS798,-4
2637,45,MTBLS798,-3
2638,29,unassigned,4522
2639,45,MTBLS798,-3
2640,45,MTBLS798,3
2641,12,AMBIGUOUS: MTBLS147,-775
2642,45,MTBLS798,-25
2643,45,MTBLS798,-6
2644,45,MTBLS798,12
2645,45,MTBLS798,-8
2646,45,MTBLS798,12
2647,12,AMBIGUOUS: MTBLS147,-776
2648,45,MTBLS798,19
2649,45,MTBLS798,-8
2650,45,MTBLS798,0
2651,45,MTBLS798,1
2652,45,MTBLS798,4
2653,45,MTBLS798,13
2654,45,MTBLS798,12
2655,45,MTBLS798,11
2656,45,MTBLS798,19
2657,45,MTBLS798,-26
2658,12,AMBIGUOUS: MTBLS147,-686
2659,45,MTBLS798,-4
2660,45,MTBLS798,0
2661,45,MTBLS798,-30
2662,45,MTBLS798,16
2663,45,MTBLS798,4
2664,45,MTBLS798,25
2665,45,MTBLS798,13
2666,12,AMBIGUOUS: MTBLS147,-785
2667,45,MTBLS798,0
2668,45,MTBLS798,2
2669,45,MTBLS798,-4
2670,12,AMBIGUOUS: MTBLS147,-715
2671,45,MTBLS798,-8
2672,12,AMBIGUOUS: MTBLS147,-781
2673,45,MTBLS798,-3
2674,45,MTBLS798,-16
2675,45,MTBLS798,12
2676,45,MTBLS798,-9
2677,45,MTBLS798,-4
2678,45,MTBLS798,1
2679,45,MTBLS798,6
2680,29,unassigned,4550
2681,45,MTBLS798,10
2682,45,MTBLS798,-4
2683,45,MTBLS798,-6
2684,34,AMBIGUOUS: MTBLS395,-769
2685,45,MTBLS798,-1
2686,45,MTBLS798,8
2687,45,MTBLS798,7
2688,45,MTBLS798,21
2689,12,AMBIGUOUS: MTBLS147,-752
2690,45,MTBLS798,-9
2691,45,MTBLS798,12
2692,45,MTBLS798,17
2693,45,MTBLS798,-3
2694,45,MTBLS798,8
2695,45,MTBLS798,2
2696,45,MTBLS798,7
2697,45,MTBLS798,5
2698,45,MTBLS798,14
2699,45,MTBLS798,8
2700,34,AMBIGUOUS: MTBLS395,-778
2701,12,AMBIGUOUS: MTBLS147,-806
2702,45,MTBLS798,-4
2703,53,unassigned,418
2704,45,MTBLS798,4
2705,45,MTBLS798,-4
2706,45,MTBLS798,23
2707,45,MTBLS798,-20
2708,45,MTBLS798,-14
2709,45,MTBLS798,5
2710,45,MTBLS798,4
2711,45,MTBLS798,3
2712,45,MTBLS798,-1
2713,45,MTBLS798,5
2714,34,AMBIGUOUS: MTBLS395,-706
2715,12,AMBIGUOUS: MTBLS147,-775
2716,45,MTBLS798,4
2717,45,MTBLS798,-9
2718,45,MTBLS798,11
2719,34,AMBIGUOUS: MTBLS395,-609
2720,45,MTBLS798,6
2721,45,MTBLS798,-16
2722,45,MTBLS798,-2
2723,45,MTBLS798,1
2724,45,MTBLS798,-10
2725,45,MTBLS798,7
2726,45,MTBLS798,-25
2727,45,MTBLS798,1
2728,45,MTBLS798,12
2729,45,MTBLS798,0
2730,45,MTBLS798,-2
2731,45,MTBLS798,6
2732,45,MTBLS798,18
2733,45,MTBLS798,10
2734,45,MTBLS798,14
2735,34,AMBIGUOUS: MTBLS395,-659
2736,45,MTBLS798,7
2737,45,MTBLS798,-1
2738,45,MTBLS798,-6
2739,34,AMBIGUOUS: MTBLS395,-767
2740,45,MTBLS798,13
2741,45,MTBLS798,7
2742,45,MTBLS798,18
2743,45,MTBLS798,-4
2744,45,MTBLS798,5
2745,45,MTBLS798,7
2746,45,MTBLS798,13
2747,34,AMBIGUOUS: MTBLS395,-775
2748,34,AMBIGUOUS: MTBLS395,-585
2749,45,MTBLS798,13
2750,45,MTBLS798,-7
2751,45,MTBLS798,0
2752,45,MTBLS798,4
2753,34,AMBIGUOUS: MTBLS395,-770
2754,34,AMBIGUOUS: MTBLS395,-762
2755,45,MTBLS798,11
2756,45,MTBLS798,-4
2757,12,AMBIGUOUS: MTBLS147,-785
2758,44,unassigned,7187
2759,45,MTBLS798,9
2760,45,MTBLS798,5
2761,45,MTBLS798,5
2762,45,MTBLS798,7
2763,45,MTBLS798,4
2764,45,MTBLS798,51
2765,45,MTBLS798,11
2766,45,MTBLS798,10
2767,45,MTBLS798,18
2768,45,MTBLS798,3
2769,45,MTBLS798,5
2770,45,MTBLS798,-1
2771,45,MTBLS798,4
2772,45,MTBLS798,3
2773,45,MTBLS798,12
2774,12,AMBIGUOUS: MTBLS147,-777
2775,45,MTBLS798,16
2776,45,MTBLS798,14
2777,12,AMBIGUOUS: MTBLS147,-754
2778,45,MTBLS798,-5
2779,45,MTBLS798,-7
2780,45,MTBLS798,-10
2781,45,MTBLS798,-17
2782,45,MTBLS798,9
2783,45,MTBLS798,11
2784,45,MTBLS798,9
2785,45,MTBLS798,1
2786,45,MTBLS798,-8
2787,45,MTBLS798,-27
2788,45,MTBLS798,-10
2789,45,MTBLS798,0
2790,45,MTBLS798,-23
2791,45,MTBLS798,13
2792,12,AMBIGUOUS: MTBLS147,-713
2793,45,MTBLS798,10
2794,45,MTBLS798,2
2795,45,MTBLS798,9
2796,45,MTBLS798,6
2797,45,MTBLS798,5
2798,12,AMBIGUOUS: MTBLS147,-779
2799,45,MTBLS798,-3
2800,45,MTBLS798,-7
2801,45,MTBLS798,32
2802,34,AMBIGUOUS: MTBLS395,-555
2803,45,MTBLS798,8
2804,45,MTBLS798,4
2805,45,MTBLS798,7
2806,45,MTBLS798,-26
2807,45,MTBLS798,6
2808,45,MTBLS798,4
2809,34,AMBIGUOUS: MTBLS395,-607
2810,45,MTBLS798,-8
2811,45,MTBLS798,-6
2812,45,MTBLS798,27
2813,34,AMBIGUOUS: MTBLS395,-589
2814,45,MTBLS798,6
2815,45,MTBLS798,16
2816,45,MTBLS798,23
2817,45,MTBLS798,3
2818,45,MTBLS798,5
2819,45,MTBLS798,9
2820,34,AMBIGUOUS: MTBLS395,-769
2821,45,MTBLS798,-17
2822,45,MTBLS798,10
2823,34,AMBIGUOUS: MTBLS395,-771
2824,45,MTBLS798,-7
2825,34,AMBIGUOUS: MTBLS395,-606
2826,45,MTBLS798,7
2827,45,MTBLS798,-28
2828,45,MTBLS798,10
2829,34,AMBIGUOUS: MTBLS395,-774
2830,45,MTBLS798,3
2831,45,MTBLS798,21
2832,45,MTBLS798,5
2833,45,MTBLS798,13
2834,45,MTBLS798,10
2835,45,MTBLS798,34
2836,45,MTBLS798,-1
2837,45,MTBLS798,-4
2838,45,MTBLS798,2
2839,45,MTBLS798,29
2840,45,MTBLS798,-28
2841,45,MTBLS798,5
2842,45,MTBLS798,4
2843,45,MTBLS798,5
2844,45,MTBLS798,-4
2845,34,AMBIGUOUS: MTBLS395,-774
2846,45,MTBLS798,7
2847,45,MTBLS798,3
2848,45,MTBLS798,9
2849,45,MTBLS798,-4
2850,45,MTBLS798,4
2851,45,MTBLS798,3
2852,45,MTBLS798,19
2853,45,MTBLS798,23
2854,45,MTBLS798,16
2855,45,MTBLS798,-14
2856,45,MTBLS798,26
2857,45,MTBLS798,-9
2858,34,AMBIGUOUS: MTBLS395,-750
2859,45,MTBLS798,16
2860,45,MTBLS798,26
2861,45,MTBLS798,12
2862,45,MTBLS798,6
2863,45,MTBLS798,6
2864,45,MTBLS798,-53
2865,45,MTBLS798,-6
2866,45,MTBLS798,11
2867,34,AMBIGUOUS: MTBLS395,-757
2868,45,MTBLS798,-5
2869,45,MTBLS798,25
2870,45,MTBLS798,-7
2871,45,MTBLS798,-5
2872,12,AMBIGUOUS: MTBLS147,-783
2873,45,MTBLS798,-7
2874,45,MTBLS798,-17
2875,45,MTBLS798,-1
2876,45,MTBLS798,-2
2877,45,MTBLS798,-2
2878,68,MTBLS2336,-829
2879,45,MTBLS798,0
2880,34,AMBIGUOUS: MTBLS395,-770
2881,45,MTBLS798,1
2882,34,AMBIGUOUS: MTBLS395,-772
2883,45,MTBLS798,4
2884,34,AMBIGUOUS: MTBLS395,-773
2885,45,MTBLS798,-41
2886,12,AMBIGUOUS: MTBLS147,-780
2887,45,MTBLS798,3
2888,45,MTBLS798,-4
2889,34,AMBIGUOUS: MTBLS395,-763
2890,34,AMBIGUOUS: MTBLS395,-559
2891,45,MTBLS798,-24
2892,45,MTBLS798,17
2893,45,MTBLS798,1
2894,12,AMBIGUOUS: MTBLS147,-787
2895,34,AMBIGUOUS: MTBLS395,-766
2896,45,MTBLS798,5
2897,45,MTBLS798,10
2898,45,MTBLS798,3
2899,45,MTBLS798,1
2900,34,AMBIGUOUS: MTBLS395,-696
2901,45,MTBLS798,-2
2902,45,MTBLS798,9
2903,45,MTBLS798,2
2904,45,MTBLS798,12
2905,45,MTBLS798,25
2906,45,MTBLS798,14
2907,45,MTBLS798,-13
2908,45,MTBLS798,1
2909,45,MTBLS798,5
2910,45,MTBLS798,43
2911,45,MTBLS798,20
2912,45,MTBLS798,15
2913,45,MTBLS798,22
2914,34,AMBIGUOUS: MTBLS395,-776
2915,34,AMBIGUOUS: MTBLS395,-557
2916,45,MTBLS798,17
2917,45,MTBLS798,11
2918,45,MTBLS798,8
2919,45,MTBLS798,-16
2920,45,MTBLS798,-3
2921,45,MTBLS798,13
2922,45,MTBLS798,-8
2923,62,MTBLS46,-818
2924,45,MTBLS798,-10
2925,73,unassigned,-309
2926,45,MTBLS798,-1
2927,45,MTBLS798,5
2928,45,MTBLS798,8
2929,45,MTBLS798,-10
2930,45,MTBLS798,7
2931,45,MTBLS798,11
2932,45,MTBLS798,3
2933,45,MTBLS798,18
2934,45,MTBLS798,9
2935,45,MTBLS798,34
2936,45,MTBLS798,28
2937,45,MTBLS798,6
2938,45,MTBLS798,24
2939,45,MTBLS798,-13
2940,45,MTBLS798,10
2941,45,MTBLS798,7
2942,34,AMBIGUOUS: MTBLS395,-758
2943,45,MTBLS798,20
2944,45,MTBLS798,16
2945,45,MTBLS798,-2
2946,45,MTBLS798,2
2947,45,MTBLS798,15
2948,12,AMBIGUOUS: MTBLS147,-787
2949,45,MTBLS798,18
2950,12,AMBIGUOUS: MTBLS147,-755
2951,45,MTBLS798,4
2952,45,MTBLS798,9
2953,45,MTBLS798,-4
2954,45,MTBLS798,17
2955,45,MTBLS798,-4
2956,45,MTBLS798,9
2957,34,AMBIGUOUS: MTBLS395,-774
2958,45,MTBLS798,8
2959,45,MTBLS798,23
2960,45,MTBLS798,-9
2961,45,MTBLS798,6
2962,45,MTBLS798,15
2963,45,MTBLS798,0
2964,34,AMBIGUOUS: MTBLS395,-775
2965,45,MTBLS798,11
2966,45,MTBLS798,9
2967,45,MTBLS798,-8
2968,45,MTBLS798,2
2969,45,MTBLS798,-5
2970,45,MTBLS798,11
2971,45,MTBLS798,4
2972,45,MTBLS798,3
2973,45,MTBLS798,16
2974,45,MTBLS798,16
2975,45,MTBLS798,1
2976,45,MTBLS798,15
2977,45,MTBLS798,0
2978,45,MTBLS798,10
2979,45,MTBLS798,2
2980,12,AMBIGUOUS: MTBLS147,-757
2981,45,MTBLS798,20
2982,45,MTBLS798,11
2983,45,MTBLS798,28
2984,45,MTBLS798,-3
2985,45,MTBLS798,5
2986,12,AMBIGUOUS: MTBLS147,-717
2987,45,MTBLS798,6
2988,45,MTBLS798,17
2989,45,MTBLS798,5
2990,45,MTBLS798,5
2991,34,AMBIGUOUS: MTBLS395,-770
2992,45,MTBLS798,9
2993,45,MTBLS798,6
2994,45,MTBLS798,29
2995,45,MTBLS798,0
2996,45,MTBLS798,-9
2997,12,AMBIGUOUS: MTBLS147,-776
2998,45,MTBLS798,5
2999,45,MTBLS798,15
3000,34,AMBIGUOUS: MTBLS395,-553
3001,45,MTBLS798,4
3002,45,MTBLS798,3
3003,45,MTBLS798,15
3004,12,AMBIGUOUS: MTBLS147,-777
3005,45,MTBLS798,-1
3006,45,MTBLS798,-2
3007,45,MTBLS798,-17
3008,45,MTBLS798,0
3009,45,MTBLS798,-27
3010,12,AMBIGUOUS: MTBLS147,-780
3011,45,MTBLS798,-7
3012,45,MTBLS798,20
3013,45,MTBLS798,-4
3014,45,MTBLS798,12
3015,45,MTBLS798,-7
3016,45,MTBLS798,14
3017,45,MTBLS798,2
3018,45,MTBLS798,21
3019,45,MTBLS798,4
3020,45,MTBLS798,4
3021,45,MTBLS798,12
3022,45,MTBLS798,5
3023,45,MTBLS798,1
3024,45,MTBLS798,-5
3025,45,MTBLS798,6
3026,45,MTBLS798,6
3027,45,MTBLS798,17
3028,45,MTBLS798,7
3029,45,MTBLS798,-1
3030,45,MTBLS798,-1
3031,45,MTBLS798,-4
3032,45,MTBLS798,7
3033,45,MTBLS798,13
3034,45,MTBLS798,-1
3035,45,MTBLS798,14
3036,45,MTBLS798,11
3037,74,unassigned,7000
3038,45,MTBLS798,13
3039,45,MTBLS798,3
3040,45,MTBLS798,6
3041,45,MTBLS798,9
3042,34,AMBIGUOUS: MTBLS395,-777
3043,45,MTBLS798,-7
3044,34,AMBIGUOUS: MTBLS395,-762
3045,45,MTBLS798,4
3046,45,MTBLS798,8
3047,45,MTBLS798,-13
3048,45,MTBLS798,7
3049,45,MTBLS798,-35
3050,45,MTBLS798,-12
3051,45,MTBLS798,26
3052,53,unassigned,481
3053,45,MTBLS798,0
3054,45,MTBLS798,14
3055,45,MTBLS798,6
3056,12,AMBIGUOUS: MTBLS147,-782
3057,45,MTBLS798,-9
3058,68,MTBLS2336,-830
3059,45,MTBLS798,9
3060,45,MTBLS798,18
3061,45,MTBLS798,-1
3062,45,MTBLS798,-4
3063,45,MTBLS798,2
3064,45,MTBLS798,-23
3065,45,MTBLS798,8
3066,45,MTBLS798,9
3067,45,MTBLS798,1
3068,45,MTBLS798,-12
3069,45,MTBLS798,5
3070,45,MTBLS798,-15
3071,45,MTBLS798,21
3072,45,MTBLS798,20
3073,45,MTBLS798,5
3074,45,MTBLS798,13
3075,45,MTBLS798,20
3076,45,MTBLS798,5
3077,45,MTBLS798,0
3078,45,MTBLS798,4
3079,45,MTBLS798,5
3080,34,AMBIGUOUS: MTBLS395,-620
3081,45,MTBLS798,0
3082,45,MTBLS798,-14
3083,45,MTBLS798,22
3084,34,AMBIGUOUS: MTBLS395,-601
3085,45,MTBLS798,5
3086,45,MTBLS798,19
3087,45,MTBLS798,-2
3088,34,AMBIGUOUS: MTBLS395,-777
3089,45,MTBLS798,0
3090,34,AMBIGUOUS: MTBLS395,-772
3091,45,MTBLS798,4
3092,34,AMBIGUOUS: MTBLS395,-766
3093,45,MTBLS798,19
3094,45,MTBLS798,25
3095,34,AMBIGUOUS: MTBLS395,-624
3096,45,MTBLS798,-3
3097,45,MTBLS798,22
3098,45,MTBLS798,24
3099,45,MTBLS798,-30
3100,45,MTBLS798,-7
3101,45,MTBLS798,15
3102,45,MTBLS798,9
3103,45,MTBLS798,15
3104,45,MTBLS798,-1
3105,45,MTBLS798,-3
3106,45,MTBLS798,0
3107,12,AMBIGUOUS: MTBLS147,-700
3108,12,AMBIGUOUS: MTBLS147,-784
3109,45,MTBLS798,14
3110,34,AMBIGUOUS: MTBLS395,-543
3111,12,AMBIGUOUS: MTBLS147,-717
3112,45,MTBLS798,11
3113,12,AMBIGUOUS: MTBLS147,-743
3114,45,MTBLS798,9
3115,45,MTBLS798,10
3116,45,MTBLS798,13
3117,45,MTBLS798,8
3118,45,MTBLS798,1
3119,12,AMBIGUOUS: MTBLS147,-784
3120,45,MTBLS798,1
3121,34,AMBIGUOUS: MTBLS395,-756
3122,45,MTBLS798,-19
3123,45,MTBLS798,14
3124,34,AMBIGUOUS: MTBLS395,-772
3125,45,MTBLS798,1
3126,45,MTBLS798,6
3127,45,MTBLS798,8
3128,45,MTBLS798,-11
3129,45,MTBLS798,2
3130,45,MTBLS798,-9
3131,45,MTBLS798,0
3132,45,MTBLS798,6
3133,45,MTBLS798,11
3134,45,MTBLS798,-10
3135,45,MTBLS798,8
3136,45,MTBLS798,0
3137,45,MTBLS798,1
3138,12,AMBIGUOUS: MTBLS147,-796
3139,45,MTBLS798,7
3140,45,MTBLS798,0
3141,34,AMBIGUOUS: MTBLS395,-752
3142,45,MTBLS798,7
3143,45,MTBLS798,20
3144,45,MTBLS798,12
3145,45,MTBLS798,10
3146,34,AMBIGUOUS: MTBLS395,-546
3147,34,AMBIGUOUS: MTBLS395,-579
3148,45,MTBLS798,9
3149,45,MTBLS798,1
3150,45,MTBLS798,-6
3151,12,AMBIGUOUS: MTBLS147,-791
3152,34,AMBIGUOUS: MTBLS395,-773
3153,45,MTBLS798,-7
3154,45,MTBLS798,-34
3155,45,MTBLS798,9
3156,45,MTBLS798,9
3157,45,MTBLS798,-6
3158,45,MTBLS798,-3
3159,45,MTBLS798,10
3160,45,MTBLS798,13
3161,45,MTBLS798,8
3162,34,AMBIGUOUS: MTBLS395,-524
3163,45,MTBLS798,15
3164,45,MTBLS798,-3
3165,45,MTBLS798,-1
3166,45,MTBLS798,-4
3167,45,MTBLS798,-18
3168,45,MTBLS798,2
3169,34,AMBIGUOUS: MTBLS395,-749
3170,45,MTBLS798,15
3171,45,MTBLS798,0
3172,12,AMBIGUOUS: MTBLS147,-776
3173,45,MTBLS798,0
3174,45,MTBLS798,10
3175,45,MTBLS798,-3
3176,45,MTBLS798,10
3177,45,MTBLS798,-9
3178,45,MTBLS798,16
3179,45,MTBLS798,26
3180,45,MTBLS798,0
3181,45,MTBLS798,19
3182,45,MTBLS798,2
3183,45,MTBLS798,2
3184,45,MTBLS798,17
3185,45,MTBLS798,6
3186,45,MTBLS798,-6
3187,45,MTBLS798,9
3188,45,MTBLS798,-9
3189,45,MTBLS798,-1
3190,45,MTBLS798,18
3191,45,MTBLS798,15
3192,45,MTBLS798,11
3193,45,MTBLS798,15
3194,29,unassigned,4441
3195,12,AMBIGUOUS: MTBLS147,-783
3196,45,MTBLS798,3
3197,45,MTBLS798,-1
3198,45,MTBLS798,-8
3199,45,MTBLS798,-1
3200,12,AMBIGUOUS: MTBLS147,-712
3201,34,AMBIGUOUS: MTBLS395,-594
3202,45,MTBLS798,1
3203,45,MTBLS798,5
3204,45,MTBLS798,13
3205,45,MTBLS798,3
3206,45,MTBLS798,14
3207,45,MTBLS798,8
3208,45,MTBLS798,1
3209,45,MTBLS798,0
3210,45,MTBLS798,8
3211,45,MTBLS798,10
3212,45,MTBLS798,-2
3213,45,MTBLS798,9
3214,45,MTBLS798,7
3215,45,MTBLS798,-28
3216,45,MTBLS798,10
3217,45,MTBLS798,-3
3218,45,MTBLS798,9
3219,45,MTBLS798,5
3220,45,MTBLS798,9
3221,45,MTBLS798,5
3222,34,AMBIGUOUS: MTBLS395,-597
3223,45,MTBLS798,21
3224,45,MTBLS798,-3
3225,45,MTBLS798,19
3226,45,MTBLS798,5
3227,45,MTBLS798,19
3228,45,MTBLS798,10
3229,45,MTBLS798,-3
3230,45,MTBLS798,11
3231,45,MTBLS798,10
3232,45,MTBLS798,1
3233,45,MTBLS798,-5
3234,45,MTBLS798,10
3235,45,MTBLS798,29
3236,45,MTBLS798,-5
3237,45,MTBLS798,9
3238,45,MTBLS798,7
3239,45,MTBLS798,-2
3240,34,AMBIGUOUS: MTBLS395,-544
3241,12,AMBIGUOUS: MTBLS147,-758
3242,45,MTBLS798,2
3243,45,MTBLS798,6
3244,12,AMBIGUOUS: MTBLS147,-758
3245,45,MTBLS798,2
3246,45,MTBLS798,17
3247,34,AMBIGUOUS: MTBLS395,-799
3248,45,MTBLS798,-11
3249,45,MTBLS798,-6
3250,45,MTBLS798,34
3251,45,MTBLS798,-2
3252,45,MTBLS798,7
3253,45,MTBLS798,14
3254,45,MTBLS798,6
3255,45,MTBLS798,20
3256,34,AMBIGUOUS: MTBLS395,-548
3257,63,unassigned,-3258
3258,34,AMBIGUOUS: MTBLS395,-705
3259,45,MTBLS798,4
3260,45,MTBLS798,14
3261,12,AMBIGUOUS: MTBLS147,-775
3262,45,MTBLS798,19
3263,45,MTBLS798,3
3264,45,MTBLS798,13
3265,45,MTBLS798,-4
3266,45,MTBLS798,-27
3267,45,MTBLS798,0
3268,45,MTBLS798,35
3269,45,MTBLS798,4
3270,12,AMBIGUOUS: MTBLS147,-700
3271,45,MTBLS798,11
3272,45,MTBLS798,11
3273,45,MTBLS798,2
3274,45,MTBLS798,-3
3275,12,AMBIGUOUS: MTBLS147,-781
3276,45,MTBLS798,-2
3277,45,MTBLS798,3
3278,62,MTBLS46,-821
3279,45,MTBLS798,-3
3280,45,MTBLS798,9
3281,45,MTBLS798,23
3282,45,MTBLS798,6
3283,45,MTBLS798,11
3284,45,MTBLS798,14
3285,45,MTBLS798,-5
3286,45,MTBLS798,-10
3287,45,MTBLS798,-1
3288,45,MTBLS798,-6
3289,45,MTBLS798,13
3290,45,MTBLS798,17
3291,45,MTBLS798,-4
3292,45,MTBLS798,6
3293,45,MTBLS798,4
3294,45,MTBLS798,-1
3295,45,MTBLS798,2
3296,45,MTBLS798,10
3297,45,MTBLS798,9
3298,45,MTBLS798,18
3299,45,MTBLS798,-7
3300,45,MTBLS798,8
3301,45,MTBLS798,1
3302,45,MTBLS798,-35
3303,45,MTBLS798,-6
3304,45,MTBLS798,9
3305,45,MTBLS798,3
3306,45,MTBLS798,13
3307,45,MTBLS798,-1
3308,34,AMBIGUOUS: MTBLS395,-780
3309,34,AMBIGUOUS: MTBLS395,-756
3310,45,MTBLS798,9
3311,45,MTBLS798,26
3312,45,MTBLS798,8
3313,45,MTBLS798,-6
3314,45,MTBLS798,3
3315,45,MTBLS798,-3
3316,45,MTBLS798,15
3317,45,MTBLS798,7
3318,12,AMBIGUOUS: MTBLS147,-770
3319,45,MTBLS798,16
3320,45,MTBLS798,22
3321,45,MTBLS798,-7
3322,12,AMBIGUOUS: MTBLS147,-774
3323,45,MTBLS798,4
3324,45,MTBLS798,-9
3325,45,MTBLS798,3
3326,45,MTBLS798,-8
3327,45,MTBLS798,2
3328,45,MTBLS798,-5
3329,34,AMBIGUOUS: MTBLS395,-527
3330,45,MTBLS798,16
3331,45,MTBLS798,16
3332,34,AMBIGUOUS: MTBLS395,-779
3333,45,MTBLS798,13
3334,45,MTBLS798,6
3335,45,MTBLS798,18
3336,45,MTBLS798,5
3337,45,MTBLS798,3
3338,45,MTBLS798,19
3339,45,MTBLS798,8
3340,45,MTBLS798,12
3341,12,AMBIGUOUS: MTBLS147,-781
3342,45,MTBLS798,-3
3343,45,MTBLS798,1
3344,45,MTBLS798,10
3345,45,MTBLS798,2
3346,45,MTBLS798,-5
3347,45,MTBLS798,13
3348,45,MTBLS798,-5
3349,45,MTBLS798,8
3350,45,MTBLS798,-11
3351,45,MTBLS798,8
3352,45,MTBLS798,-19
3353,45,MTBLS798,-3
3354,45,MTBLS798,19
3355,45,MTBLS798,10
3356,45,MTBLS798,-1
3357,45,MTBLS798,-1
3358,45,MTBLS798,-1
3359,45,MTBLS798,1
3360,45,MTBLS798,1
3361,45,MTBLS798,-6
3362,45,MTBLS798,-32
3363,45,MTBLS798,5
3364,62,MTBLS46,-818
3365,45,MTBLS798,15
3366,45,MTBLS798,0
3367,45,MTBLS798,3
3368,45,MTBLS798,0
3369,45,MTBLS798,7
3370,45,MTBLS798,21
3371,45,MTBLS798,21
3372,45,MTBLS798,27
3373,45,MTBLS798,9
3374,45,MTBLS798,13
3375,45,MTBLS798,7
3376,45,MTBLS798,7
3377,45,MTBLS798,8
3378,45,MTBLS798,14
3379,45,MTBLS798,3
3380,45,MTBLS798,3
3381,45,MTBLS798,-4
3382,53,unassigned,426
3383,45,MTBLS798,0
3384,45,MTBLS798,-3
3385,45,MTBLS798,11
3386,34,AMBIGUOUS: MTBLS395,-763
3387,45,MTBLS798,-4
3388,45,MTBLS798,4
3389,45,MTBLS798,-31
3390,45,MTBLS798,0
3391,45,MTBLS798,5
3392,45,MTBLS798,-7
3393,45,MTBLS798,-1
3394,12,AMBIGUOUS: MTBLS147,-773
3395,34,AMBIGUOUS: MTBLS395,-644
3396,45,MTBLS798,-16
3397,34,AMBIGUOUS: MTBLS395,-767
3398,45,MTBLS798,15
3399,45,MTBLS798,3
3400,45,MTBLS798,-3
3401,45,MTBLS798,2
3402,45,MTBLS798,11
3403,45,MTBLS798,-23
3404,34,AMBIGUOUS: MTBLS395,-374
3405,45,MTBLS798,3
3406,45,MTBLS798,-5
3407,45,MTBLS798,5
3408,45,MTBLS798,-7
3409,45,MTBLS798,-12
3410,45,MTBLS798,-5
3411,45,MTBLS798,2
3412,45,MTBLS798,4
3413,45,MTBLS798,6
3414,12,AMBIGUOUS: MTBLS147,-754
3415,45,MTBLS798,12
3416,45,MTBLS798,5
3417,45,MTBLS798,-2
3418,45,MTBLS798,10
3419,45,MTBLS798,-17
3420,45,MTBLS798,11
3421,45,MTBLS798,13
3422,45,MTBLS798,4
3423,45,MTBLS798,2
3424,45,MTBLS798,11
3425,45,MTBLS798,25
3426,45,MTBLS798,19
3427,12,AMBIGUOUS: MTBLS147,-777
3428,45,MTBLS798,13
3429,45,MTBLS798,-1
3430,34,AMBIGUOUS: MTBLS395,-727
3431,45,MTBLS798,2
3432,45,MTBLS798,-39
3433,45,MTBLS798,-1
3434,12,AMBIGUOUS: MTBLS147,-783
3435,45,MTBLS798,2
3436,45,MTBLS798,5
3437,45,MTBLS798,4
3438,45,MTBLS798,4
3439,45,MTBLS798,7
3440,45,MTBLS798,28
3441,12,AMBIGUOUS: MTBLS147,-776
3442,45,MTBLS798,2
3443,45,MTBLS798,8
3444,45,MTBLS798,1
3445,45,MTBLS798,21
3446,45,MTBLS798,25
3447,45,MTBLS798,38
3448,45,MTBLS798,17
3449,45,MTBLS798,1
3450,45,MTBLS798,0
3451,45,MTBLS798,-11
3452,45,MTBLS798,-30
3453,45,MTBLS798,-1
3454,45,MTBLS798,-32
3455,45,MTBLS798,-2
3456,45,MTBLS798,14
3457,45,MTBLS798,-5
3458,45,MTBLS798,-9
3459,45,MTBLS798,9
3460,45,MTBLS798,8
3461,45,MTBLS798,-4
3462,12,AMBIGUOUS: MTBLS147,-657
3463,34,AMBIGUOUS: MTBLS395,-560
3464,45,MTBLS798,15
3465,45,MTBLS798,27
3466,45,MTBLS798,1
3467,45,MTBLS798,7
3468,12,AMBIGUOUS: MTBLS147,-784
3469,34,AMBIGUOUS: MTBLS395,-628
3470,45,MTBLS798,13
3471,45,MTBLS798,6
3472,53,unassigned,520
3473,34,AMBIGUOUS: MTBLS395,-774
3474,45,MTBLS798,5
3475,12,AMBIGUOUS: MTBLS147,-694
3476,45,MTBLS798,4
3477,45,MTBLS798,42
3478,45,MTBLS798,3
3479,45,MTBLS798,-26
3480,45,MTBLS798,-22
3481,45,MTBLS798,9
3482,45,MTBLS798,13
3483,45,MTBLS798,2
3484,34,AMBIGUOUS: MTBLS395,-774
3485,45,MTBLS798,8
3486,34,AMBIGUOUS: MTBLS395,-768
3487,45,MTBLS798,8
3488,45,MTBLS798,6
3489,45,MTBLS798,8
3490,34,AMBIGUOUS: MTBLS395,-575
3491,45,MTBLS798,-8
3492,34,AMBIGUOUS: MTBLS395,-755
3493,34,AMBIGUOUS: MTBLS395,-767
3494,12,AMBIGUOUS: MTBLS147,-651
3495,45,MTBLS798,23
3496,45,MTBLS798,2
3497,45,MTBLS798,10
3498,34,AMBIGUOUS: MTBLS395,-778
3499,45,MTBLS798,5
3500,45,MTBLS798,3
3501,45,MTBLS798,4
3502,45,MTBLS798,-3
3503,34,AMBIGUOUS: MTBLS395,-753
3504,45,MTBLS798,0
3505,16,unassigned,5494
3506,16,unassigned,5494
3507,45,MTBLS798,-3
3508,45,MTBLS798,28
3509,34,AMBIGUOUS: MTBLS395,-602
3510,12,AMBIGUOUS: MTBLS147,-771
3511,45,MTBLS798,16
3512,34,AMBIGUOUS: MTBLS395,-765
3513,45,MTBLS798,7
3514,45,MTBLS798,-9
3515,45,MTBLS798,9
3516,45,MTBLS798,-4
3517,45,MTBLS798,-1
3518,45,MTBLS798,17
3519,45,MTBLS798,-19
3520,45,MTBLS798,-36
3521,45,MTBLS798,1
3522,45,MTBLS798,8
3523,45,MTBLS798,-3
3524,45,MTBLS798,1
3525,45,MTBLS798,6
3526,45,MTBLS798,11
3527,45,MTBLS798,1
3528,45,MTBLS798,7
3529,45,MTBLS798,-6
3530,45,MTBLS798,-5
3531,45,MTBLS798,-4
3532,45,MTBLS798,5
3533,45,MTBLS798,11
3534,45,MTBLS798,-5
3535,45,MTBLS798,19
3536,45,MTBLS798,4
3537,45,MTBLS798,12
3538,45,MTBLS798,8
3539,34,AMBIGUOUS: MTBLS395,-754
3540,45,MTBLS798,7
3541,45,MTBLS798,-3
3542,12,AMBIGUOUS: MTBLS147,-773
3543,45,MTBLS798,21
3544,45,MTBLS798,-1
3545,45,MTBLS798,16
3546,45,MTBLS798,-6
3547,45,MTBLS798,8
3548,45,MTBLS798,15
3549,45,MTBLS798,-1
3550,45,MTBLS798,4
3551,45,MTBLS798,16
3552,45,MTBLS798,8
3553,45,MTBLS798,7
3554,45,MTBLS798,7
3555,45,MTBLS798,7
3556,45,MTBLS798,-31
3557,45,MTBLS798,14
3558,45,MTBLS798,-21
3559,45,MTBLS798,8
3560,45,MTBLS798,13
3561,75,unassigned,-16
3562,45,MTBLS798,3
3563,45,MTBLS798,-7
3564,45,MTBLS798,8
3565,45,MTBLS798,23
3566,45,MTBLS798,-5
3567,45,MTBLS798,0
3568,45,MTBLS798,-4
3569,45,MTBLS798,-3
3570,45,MTBLS798,16
3571,45,MTBLS798,8
3572,12,AMBIGUOUS: MTBLS147,-781
3573,45,MTBLS798,1
3574,12,AMBIGUOUS: MTBLS147,-770
3575,45,MTBLS798,2
3576,45,MTBLS798,10
3577,45,MTBLS798,-2
3578,45,MTBLS798,28
3579,45,MTBLS798,-16
3580,45,MTBLS798,7
3581,45,MTBLS798,-4
3582,45,MTBLS798,-10
3583,34,AMBIGUOUS: MTBLS395,-776
3584,45,MTBLS798,10
3585,12,AMBIGUOUS: MTBLS147,-792
3586,45,MTBLS798,-5
3587,45,MTBLS798,-9
3588,45,MTBLS798,-8
3589,45,MTBLS798,32
3590,45,MTBLS798,13
3591,45,MTBLS798,-8
3592,45,MTBLS798,31
3593,45,MTBLS798,9
3594,45,MTBLS798,5
3595,45,MTBLS798,0
3596,45,MTBLS798,9
3597,45,MTBLS798,16
3598,45,MTBLS798,14
3599,45,MTBLS798,14
3600,45,MTBLS798,4
3601,45,MTBLS798,24
3602,45,MTBLS798,-2
3603,45,MTBLS798,7
3604,45,MTBLS798,2
3605,45,MTBLS798,-4
3606,45,MTBLS798,-5
3607,34,AMBIGUOUS: MTBLS395,-680
3608,45,MTBLS798,6
3609,45,MTBLS798,16
3610,45,MTBLS798,8
3611,45,MTBLS798,3
3612,45,MTBLS798,7
3613,45,MTBLS798,6
3614,45,MTBLS798,-4
3615,45,MTBLS798,16
3616,45,MTBLS798,8
3617,45,MTBLS798,8
3618,45,MTBLS798,6
3619,45,MTBLS798,-8
3620,45,MTBLS798,13
3621,34,AMBIGUOUS: MTBLS395,-755
3622,34,AMBIGUOUS: MTBLS395,-785
3623,53,unassigned,462
3624,45,MTBLS798,3
3625,45,MTBLS798,11
3626,45,MTBLS798,-1
3627,45,MTBLS798,-24
3628,45,MTBLS798,-46
3629,45,MTBLS798,-1
3630,45,MTBLS798,4
3631,45,MTBLS798,1
3632,45,MTBLS798,18
3633,45,MTBLS798,-1
3634,45,MTBLS798,11
3635,45,MTBLS798,5
3636,45,MTBLS798,9
3637,45,MTBLS798,-1
3638,45,MTBLS798,5
3639,45,MTBLS798,5
3640,34,AMBIGUOUS: MTBLS395,-779
3641,45,MTBLS798,-16
3642,12,AMBIGUOUS: MTBLS147,-662
3643,34,AMBIGUOUS: MTBLS395,-580
3644,45,MTBLS798,9
3645,45,MTBLS798,0
3646,45,MTBLS798,9
3647,34,AMBIGUOUS: MTBLS395,-779
3648,45,MTBLS798,12
3649,34,AMBIGUOUS: MTBLS395,-774
3650,12,AMBIGUOUS: MTBLS147,-766
3651,45,MTBLS798,-13
3652,12,AMBIGUOUS: MTBLS147,-761
3653,45,MTBLS798,-7
3654,45,MTBLS798,16
3655,45,MTBLS798,16
3656,45,MTBLS798,9
3657,45,MTBLS798,-2
3658,45,MTBLS798,-3
3659,45,MTBLS798,8
3660,34,AMBIGUOUS: MTBLS395,-544
3661,45,MTBLS798,27
3662,45,MTBLS798,6
3663,12,AMBIGUOUS: MTBLS147,-770
3664,45,MTBLS798,8
3665,34,AMBIGUOUS: MTBLS395,-354
3666,45,MTBLS798,-6
3667,45,MTBLS798,-16
3668,34,AMBIGUOUS: MTBLS395,-792
3669,45,MTBLS798,12
3670,45,MTBLS798,28
3671,45,MTBLS798,18
3672,45,MTBLS798,8
3673,45,MTBLS798,-18
3674,29,unassigned,4534
3675,45,MTBLS798,0
3676,45,MTBLS798,1
3677,45,MTBLS798,-41
3678,45,MTBLS798,19
3679,45,MTBLS798,10
3680,45,MTBLS798,-7
3681,45,MTBLS798,-4
3682,45,MTBLS798,5
3683,34,AMBIGUOUS: MTBLS395,-763
3684,34,AMBIGUOUS: MTBLS395,-771
3685,45,MTBLS798,35
3686,12,AMBIGUOUS: MTBLS147,-747
3687,45,MTBLS798,7
3688,45,MTBLS798,15
3689,45,MTBLS798,3
3690,45,MTBLS798,-9
3691,45,MTBLS798,14
3692,45,MTBLS798,17
3693,45,MTBLS798,-2
3694,45,MTBLS798,5
3695,12,AMBIGUOUS: MTBLS147,-796
3696,45,MTBLS798,-1
3697,45,MTBLS798,7
3698,45,MTBLS798,-16
3699,45,MTBLS798,4
3700,45,MTBLS798,1
3701,45,MTBLS798,21
3702,45,MTBLS798,4
3703,45,MTBLS798,10
3704,45,MTBLS798,7
3705,45,MTBLS798,-11
3706,45,MTBLS798,6
3707,45,MTBLS798,3
3708,12,AMBIGUOUS: MTBLS147,-783
3709,45,MTBLS798,-19
3710,45,MTBLS798,15
3711,34,AMBIGUOUS: MTBLS395,-749
3712,45,MTBLS798,3
3713,45,MTBLS798,4
3714,45,MTBLS798,24
3715,45,MTBLS798,-9
3716,12,AMBIGUOUS: MTBLS147,-681
3717,45,MTBLS798,11
3718,45,MTBLS798,8
3719,45,MTBLS798,-27
3720,45,MTBLS798,11
3721,45,MTBLS798,11
3722,45,MTBLS798,-5
3723,34,AMBIGUOUS: MTBLS395,-773
3724,45,MTBLS798,16
3725,45,MTBLS798,-12
3726,45,MTBLS798,-11
3727,45,MTBLS798,20
3728,45,MTBLS798,18
3729,45,MTBLS798,14
3730,45,MTBLS798,-5
3731,45,MTBLS798,-11
3732,34,AMBIGUOUS: MTBLS395,-779
3733,34,AMBIGUOUS: MTBLS395,-770
3734,45,MTBLS798,4
3735,45,MTBLS798,-25
3736,45,MTBLS798,11
3737,45,MTBLS798,11
3738,34,AMBIGUOUS: MTBLS395,-617
3739,45,MTBLS798,6
3740,45,MTBLS798,-5
3741,45,MTBLS798,13
3742,45,MTBLS798,19
3743,12,AMBIGUOUS: MTBLS147,-761
3744,45,MTBLS798,5
3745,34,AMBIGUOUS: MTBLS395,-723
3746,45,MTBLS798,9
3747,45,MTBLS798,1
3748,45,MTBLS798,12
3749,45,MTBLS798,-11
3750,45,MTBLS798,7
3751,45,MTBLS798,-1
3752,45,MTBLS798,3
3753,45,MTBLS798,14
3754,45,MTBLS798,10
3755,34,AMBIGUOUS: MTBLS395,-693
3756,45,MTBLS798,17
3757,45,MTBLS798,-8
3758,34,AMBIGUOUS: MTBLS395,-581
3759,45,MTBLS798,1
3760,45,MTBLS798,-9
3761,45,MTBLS798,-5
3762,34,AMBIGUOUS: MTBLS395,-642
3763,29,unassigned,4545
3764,12,AMBIGUOUS: MTBLS147,-775
3765,45,MTBLS798,3
3766,45,MTBLS798,11
3767,45,MTBLS798,-21
3768,45,MTBLS798,0
3769,45,MTBLS798,8
3770,45,MTBLS798,1
3771,45,MTBLS798,-5
3772,45,MTBLS798,-17
3773,45,MTBLS798,-7
3774,12,AMBIGUOUS: MTBLS147,-717
3775,34,AMBIGUOUS: MTBLS395,-774
3776,45,MTBLS798,12
3777,45,MTBLS798,13
3778,45,MTBLS798,-5
3779,45,MTBLS798,14
3780,34,AMBIGUOUS: MTBLS395,-771
3781,45,MTBLS798,0
3782,45,MTBLS798,-1
3783,45,MTBLS798,4
3784,45,MTBLS798,-1
3785,37,unassigned,-584
3786,12,AMBIGUOUS: MTBLS147,-777
3787,45,MTBLS798,9
3788,45,MTBLS798,-1
3789,45,MTBLS798,-5
3790,34,AMBIGUOUS: MTBLS395,-784
3791,34,AMBIGUOUS: MTBLS395,-780
3792,45,MTBLS798,0
3793,45,MTBLS798,6
3794,45,MTBLS798,1
3795,45,MTBLS798,-6
3796,45,MTBLS798,-6
3797,45,MTBLS798,13
3798,45,MTBLS798,11
3799,45,MTBLS798,9
3800,45,MTBLS798,-1
3801,45,MTBLS798,15
3802,45,MTBLS798,21
3803,34,AMBIGUOUS: MTBLS395,-747
3804,45,MTBLS798,10
3805,45,MTBLS798,-1
3806,45,MTBLS798,-10
3807,45,MTBLS798,-12
3808,45,MTBLS798,-14
3809,45,MTBLS798,-3
3810,29,unassigned,4549
3811,45,MTBLS798,-1
3812,45,MTBLS798,4
3813,45,MTBLS798,11
3814,34,AMBIGUOUS: MTBLS395,-767
3815,34,AMBIGUOUS: MTBLS395,-771
3816,45,MTBLS798,15
3817,45,MTBLS798,1
3818,45,MTBLS798,-3
3819,76,unassigned,3209
3820,45,MTBLS798,-2
3821,45,MTBLS798,12
3822,45,MTBLS798,-5
3823,34,AMBIGUOUS: MTBLS395,-874
3824,45,MTBLS798,-27
3825,12,AMBIGUOUS: MTBLS147,-781
3826,45,MTBLS798,4
3827,45,MTBLS798,13
3828,45,MTBLS798,8
3829,45,MTBLS798,1
3830,45,MTBLS798,8
3831,45,MTBLS798,7
3832,45,MTBLS798,2
3833,45,MTBLS798,-3
3834,45,MTBLS798,18
3835,45,MTBLS798,10
3836,45,MTBLS798,-9
3837,45,MTBLS798,-6
3838,45,MTBLS798,-3
3839,45,MTBLS798,-6
3840,45,MTBLS798,6
3841,45,MTBLS798,-18
3842,45,MTBLS798,3
3843,45,MTBLS798,-15
3844,45,MTBLS798,16
3845,45,MTBLS798,8
3846,45,MTBLS798,3
3847,45,MTBLS798,2
3848,45,MTBLS798,12
3849,45,MTBLS798,12
3850,45,MTBLS798,-22
3851,45,MTBLS798,12
3852,45,MTBLS798,-17
3853,45,MTBLS798,-6
3854,34,AMBIGUOUS: MTBLS395,-778
3855,45,MTBLS798,-8
3856,45,MTBLS798,9
3857,45,MTBLS798,-2
3858,45,MTBLS798,1
3859,34,AMBIGUOUS: MTBLS395,-769
3860,45,MTBLS798,-52
3861,45,MTBLS798,-2
3862,12,AMBIGUOUS: MTBLS147,-780
3863,45,MTBLS798,3
3864,45,MTBLS798,1
3865,45,MTBLS798,28
3866,77,unassigned,-36
3867,45,MTBLS798,9
3868,45,MTBLS798,-9
3869,45,MTBLS798,29
3870,45,MTBLS798,2
3871,45,MTBLS798,-2
3872,45,MTBLS798,-10
3873,45,MTBLS798,-8
3874,45,MTBLS798,1
3875,45,MTBLS798,-4
3876,45,MTBLS798,0
3877,45,MTBLS798,-3
3878,45,MTBLS798,-5
3879,45,MTBLS798,0
3880,34,AMBIGUOUS: MTBLS395,-574
3881,45,MTBLS798,13
3882,45,MTBLS798,4
3883,34,AMBIGUOUS: MTBLS395,-596
3884,45,MTBLS798,3
3885,45,MTBLS798,2
3886,45,MTBLS798,-20
3887,45,MTBLS798,0
3888,45,MTBLS798,1
3889,45,MTBLS798,2
3890,45,MTBLS798,-54
3891,45,MTBLS798,-1
3892,45,MTBLS798,5
3893,45,MTBLS798,14
3894,45,MTBLS798,20
3895,45,MTBLS798,-5
3896,45,MTBLS798,1
3897,45,MTBLS798,-3
3898,45,MTBLS798,3
3899,45,MTBLS798,3
3900,45,MTBLS798,19
3901,45,MTBLS798,33
3902,45,MTBLS798,10
3903,45,MTBLS798,7
3904,45,MTBLS798,13
3905,45,MTBLS798,17
3906,45,MTBLS798,12
3907,34,AMBIGUOUS: MTBLS395,-781
3908,45,MTBLS798,19
3909,34,AMBIGUOUS: MTBLS395,-776
3910,45,MTBLS798,-4
3911,45,MTBLS798,-3
3912,45,MTBLS798,11
3913,45,MTBLS798,17
3914,34,AMBIGUOUS: MTBLS395,-780
3915,45,MTBLS798,-18
3916,45,MTBLS798,2
3917,45,MTBLS798,11
3918,45,MTBLS798,19
3919,45,MTBLS798,16
3920,45,MTBLS798,-4
3921,12,AMBIGUOUS: MTBLS147,-790
3922,45,MTBLS798,6
3923,45,MTBLS798,30
3924,45,MTBLS798,8
3925,45,MTBLS798,3
3926,45,MTBLS798,42
3927,45,MTBLS798,11
3928,45,MTBLS798,-23
3929,45,MTBLS798,-10
3930,45,MTBLS798,2
3931,45,MTBLS798,1
3932,45,MTBLS798,18
3933,45,MTBLS798,-2
3934,45,MTBLS798,16
3935,45,MTBLS798,12
3936,45,MTBLS798,19
3937,45,MTBLS798,5
3938,45,MTBLS798,2
3939,45,MTBLS798,18
3940,45,MTBLS798,15
3941,45,MTBLS798,5
3942,45,MTBLS798,-15
3943,45,MTBLS798,21
3944,45,MTBLS798,-5
3945,34,AMBIGUOUS: MTBLS395,-757
3946,45,MTBLS798,9
3947,45,MTBLS798,0
3948,34,AMBIGUOUS: MTBLS395,-772
3949,45,MTBLS798,-10
3950,45,MTBLS798,0
3951,45,MTBLS798,-7
3952,45,MTBLS798,32
3953,45,MTBLS798,7
3954,45,MTBLS798,9
3955,45,MTBLS798,-15
3956,45,MTBLS798,6
3957,45,MTBLS798,-2
3958,45,MTBLS798,-14
3959,34,AMBIGUOUS: MTBLS395,-766
3960,45,MTBLS798,13
3961,45,MTBLS798,5
3962,34,AMBIGUOUS: MTBLS395,-762
3963,45,MTBLS798,10
3964,45,MTBLS798,15
3965,45,MTBLS798,15
3966,45,MTBLS798,22
3967,34,AMBIGUOUS: MTBLS395,-649
3968,45,MTBLS798,4
3969,45,MTBLS798,10
3970,45,MTBLS798,16
3971,45,MTBLS798,1
3972,34,AMBIGUOUS: MTBLS395,-594
3973,45,MTBLS798,-31
3974,45,MTBLS798,16
3975,45,MTBLS798,14
3976,12,AMBIGUOUS: MTBLS147,-777
3977,45,MTBLS798,16
3978,12,AMBIGUOUS: MTBLS147,-789
3979,45,MTBLS798,-10
3980,45,MTBLS798,-2
3981,45,MTBLS798,0
3982,45,MTBLS798,1
3983,45,MTBLS798,7
3984,45,MTBLS798,-2
3985,45,MTBLS798,4
3986,34,AMBIGUOUS: MTBLS395,-757
3987,45,MTBLS798,16
3988,45,MTBLS798,13
3989,45,MTBLS798,4
3990,45,MTBLS798,7
3991,45,MTBLS798,-2
3992,45,MTBLS798,-30
3993,45,MTBLS798,-10
3994,45,MTBLS798,-2
3995,45,MTBLS798,8
3996,45,MTBLS798,-2
3997,34,AMBIGUOUS: MTBLS395,-658
3998,45,MTBLS798,34
3999,45,MTBLS798,1
4000,45,MTBLS798,25
4001,45,MTBLS798,-10
4002,45,MTBLS798,17
4003,45,MTBLS798,6
4004,45,MTBLS798,-2
4005,45,MTBLS798,-8
4006,45,MTBLS798,6
4007,45,MTBLS798,-5
4008,45,MTBLS798,17
4009,45,MTBLS798,-2
4010,45,MTBLS798,-16
4011,45,MTBLS798,16
4012,45,MTBLS798,13
4013,45,MTBLS798,6
4014,45,MTBLS798,17
4015,45,MTBLS798,-10
4016,45,MTBLS798,-12
4017,45,MTBLS798,1
4018,45,MTBLS798,-13
4019,45,MTBLS798,1
4020,12,AMBIGUOUS: MTBLS147,-786
4021,45,MTBLS798,2
4022,45,MTBLS798,-2
4023,34,AMBIGUOUS: MTBLS395,-778
4024,45,MTBLS798,-7
4025,45,MTBLS798,-3
4026,45,MTBLS798,6
4027,34,AMBIGUOUS: MTBLS395,-764
4028,45,MTBLS798,-11
4029,45,MTBLS798,-11
4030,45,MTBLS798,1
4031,45,MTBLS798,-14
4032,12,AMBIGUOUS: MTBLS147,-790
4033,45,MTBLS798,9
4034,12,AMBIGUOUS: MTBLS147,-760
4035,34,AMBIGUOUS: MTBLS395,-765
4036,34,AMBIGUOUS: MTBLS395,-769
4037,45,MTBLS798,12
4038,45,MTBLS798,22
4039,45,MTBLS798,19
4040,45,MTBLS798,0
4041,45,MTBLS798,12
4042,45,MTBLS798,-15
4043,45,MTBLS798,-9
4044,34,AMBIGUOUS: MTBLS395,-772
4045,45,MTBLS798,0
4046,45,MTBLS798,-8
4047,45,MTBLS798,20
4048,45,MTBLS798,21
4049,45,MTBLS798,-19
4050,12,AMBIGUOUS: MTBLS147,-784
4051,45,MTBLS798,-4
4052,45,MTBLS798,8
4053,45,MTBLS798,3
4054,45,MTBLS798,2
4055,45,MTBLS798,12
4056,45,MTBLS798,2
4057,45,MTBLS798,-1
4058,45,MTBLS798,-9
4059,78,unassigned,1
4060,45,MTBLS798,-13
4061,34,AMBIGUOUS: MTBLS395,-764
4062,45,MTBLS798,12
4063,45,MTBLS798,5
4064,45,MTBLS798,5
4065,45,MTBLS798,-4
4066,12,AMBIGUOUS: MTBLS147,-773
4067,45,MTBLS798,2
4068,45,MTBLS798,-13
4069,45,MTBLS798,5
4070,45,MTBLS798,9
4071,45,MTBLS798,5
4072,45,MTBLS798,15
4073,12,AMBIGUOUS: MTBLS147,-688
4074,45,MTBLS798,4
4075,45,MTBLS798,16
4076,12,AMBIGUOUS: MTBLS147,-780
4077,45,MTBLS798,-4
4078,45,MTBLS798,6
4079,50,unassigned,-229
4080,45,MTBLS798,10
4081,45,MTBLS798,-5
4082,45,MTBLS798,4
4083,45,MTBLS798,-2
4084,45,MTBLS798,10
4085,45,MTBLS798,-23
4086,45,MTBLS798,10
4087,34,AMBIGUOUS: MTBLS395,-526
4088,45,MTBLS798,3
4089,45,MTBLS798,13
4090,45,MTBLS798,16
4091,34,AMBIGUOUS: MTBLS395,-763
4092,45,MTBLS798,0
4093,34,AMBIGUOUS: MTBLS395,-605
4094,45,MTBLS798,6
4095,45,MTBLS798,9
4096,45,MTBLS798,-17
4097,45,MTBLS798,17
4098,45,MTBLS798,1
4099,45,MTBLS798,2
4100,67,unassigned,-3344
4101,45,MTBLS798,13
4102,45,MTBLS798,-2
4103,34,AMBIGUOUS: MTBLS395,-556
4104,45,MTBLS798,7
4105,45,MTBLS798,23
4106,45,MTBLS798,-1
4107,45,MTBLS798,16
4108,45,MTBLS798,4
4109,45,MTBLS798,-5
4110,45,MTBLS798,-2
4111,45,MTBLS798,-1
4112,45,MTBLS798,-7
4113,45,MTBLS798,1
4114,45,MTBLS798,-33
4115,45,MTBLS798,7
4116,45,MTBLS798,-6
4117,45,MTBLS798,6
4118,45,MTBLS798,10
4119,45,MTBLS798,-12
4120,12,AMBIGUOUS: MTBLS147,-785
4121,45,MTBLS798,15
4122,45,MTBLS798,24
4123,45,MTBLS798,16
4124,45,MTBLS798,6
4125,45,MTBLS798,12
4126,45,MTBLS798,0
4127,45,MTBLS798,-17
4128,45,MTBLS798,7
4129,45,MTBLS798,3
4130,45,MTBLS798,5
4131,12,AMBIGUOUS: MTBLS147,-787
4132,12,AMBIGUOUS: MTBLS147,-787
4133,45,MTBLS798,-6
4134,45,MTBLS798,6
4135,45,MTBLS798,-1
4136,45,MTBLS798,27
4137,45,MTBLS798,3
4138,45,MTBLS798,5
4139,45,MTBLS798,11
4140,45,MTBLS798,16
4141,34,AMBIGUOUS: MTBLS395,-523
4142,45,MTBLS798,-32
4143,45,MTBLS798,27
4144,45,MTBLS798,-12
4145,45,MTBLS798,-8
4146,45,MTBLS798,38
4147,45,MTBLS798,10
4148,45,MTBLS798,1
4149,45,MTBLS798,0
4150,45,MTBLS798,-4
4151,45,MTBLS798,-1
4152,45,MTBLS798,8
4153,45,MTBLS798,-1
4154,45,MTBLS798,10
4155,45,MTBLS798,19
4156,45,MTBLS798,3
4157,45,MTBLS798,-1
4158,12,AMBIGUOUS: MTBLS147,-790
4159,45,MTBLS798,12
4160,45,MTBLS798,11
4161,45,MTBLS798,13
4162,45,MTBLS798,-9
4163,45,MTBLS798,2
4164,45,MTBLS798,10
4165,45,MTBLS798,15
4166,45,MTBLS798,8
4167,45,MTBLS798,1
4168,45,MTBLS798,8
4169,45,MTBLS798,2
4170,45,MTBLS798,12
4171,45,MTBLS798,14
4172,45,MTBLS798,-5
4173,45,MTBLS798,18
4174,45,MTBLS798,-10
4175,45,MTBLS798,4
4176,45,MTBLS798,15
4177,45,MTBLS798,-14
4178,34,AMBIGUOUS: MTBLS395,-628
4179,45,MTBLS798,12
4180,34,AMBIGUOUS: MTBLS395,-736
4181,45,MTBLS798,-4
4182,34,AMBIGUOUS: MTBLS395,-764
4183,45,MTBLS798,3
4184,12,AMBIGUOUS: MTBLS147,-759
4185,45,MTBLS798,12
4186,45,MTBLS798,7
4187,45,MTBLS798,1
4188,45,MTBLS798,9
4189,34,AMBIGUOUS: MTBLS395,-767
4190,45,MTBLS798,18
4191,45,MTBLS798,16
4192,45,MTBLS798,-26
4193,12,AMBIGUOUS: MTBLS147,-760
4194,45,MTBLS798,25
4195,45,MTBLS798,21
4196,45,MTBLS798,-10
4197,45,MTBLS798,13
4198,45,MTBLS798,3
4199,34,AMBIGUOUS: MTBLS395,-780
4200,45,MTBLS798,10
4201,45,MTBLS798,-7
4202,45,MTBLS798,8
4203,45,MTBLS798,15
4204,62,MTBLS46,-819
4205,45,MTBLS798,9
4206,45,MTBLS798,0
4207,45,MTBLS798,16
4208,45,MTBLS798,-17
4209,45,MTBLS798,-2
4210,45,MTBLS798,-2
4211,45,MTBLS798,-47
4212,45,MTBLS798,0
4213,12,AMBIGUOUS: MTBLS147,-763
4214,45,MTBLS798,-9
4215,45,MTBLS798,-8
4216,12,AMBIGUOUS: MTBLS147,-704
4217,45,MTBLS798,4
4218,45,MTBLS798,11
4219,45,MTBLS798,9
4220,45,MTBLS798,16
4221,45,MTBLS798,7
4222,45,MTBLS798,-8
4223,45,MTBLS798,7
4224,45,MTBLS798,8
4225,45,MTBLS798,-2
4226,12,AMBIGUOUS: MTBLS147,-706
4227,34,AMBIGUOUS: MTBLS395,-749
4228,45,MTBLS798,7
4229,45,MTBLS798,7
4230,45,MTBLS798,17
4231,45,MTBLS798,20
4232,45,MTBLS798,7
4233,45,MTBLS798,-21
4234,45,MTBLS798,-4
4235,45,MTBLS798,2
4236,45,MTBLS798,-9
4237,45,MTBLS798,15
4238,45,MTBLS798,-5
4239,45,MTBLS798,7
4240,45,MTBLS798,8
4241,45,MTBLS798,30
4242,45,MTBLS798,20
4243,34,AMBIGUOUS: MTBLS395,-775
4244,45,MTBLS798,-1
4245,45,MTBLS798,5
4246,34,AMBIGUOUS: MTBLS395,-776
4247,45,MTBLS798,2
4248,45,MTBLS798,-16
4249,45,MTBLS798,17
4250,45,MTBLS798,15
4251,45,MTBLS798,-7
4252,45,MTBLS798,-17
4253,45,MTBLS798,18
4254,45,MTBLS798,-24
4255,45,MTBLS798,-5
4256,12,AMBIGUOUS: MTBLS147,-718
4257,45,MTBLS798,2
4258,45,MTBLS798,3
4259,45,MTBLS798,-1
4260,45,MTBLS798,3
4261,45,MTBLS798,4
4262,45,MTBLS798,-13
4263,45,MTBLS798,5
4264,45,MTBLS798,14
4265,45,MTBLS798,4
4266,45,MTBLS798,-16
4267,45,MTBLS798,7
4268,12,AMBIGUOUS: MTBLS147,-785
4269,45,MTBLS798,10
4270,45,MTBLS798,-4
4271,34,AMBIGUOUS: MTBLS395,-568
4272,45,MTBLS798,6
4273,45,MTBLS798,-9
4274,45,MTBLS798,2
4275,45,MTBLS798,8
4276,45,MTBLS798,1
4277,45,MTBLS798,1
4278,34,AMBIGUOUS: MTBLS395,-773
4279,45,MTBLS798,-5
4280,45,MTBLS798,-28
4281,45,MTBLS798,7
4282,45,MTBLS798,7
4283,45,MTBLS798,2
4284,45,MTBLS798,4
4285,45,MTBLS798,11
4286,34,AMBIGUOUS: MTBLS395,-578
4287,45,MTBLS798,7
4288,45,MTBLS798,8
4289,45,MTBLS798,-8
4290,34,AMBIGUOUS: MTBLS395,-801
4291,45,MTBLS798,2
4292,45,MTBLS798,-40
4293,45,MTBLS798,13
4294,45,MTBLS798,19
4295,45,MTBLS798,0
4296,45,MTBLS798,1
4297,45,MTBLS798,-10
4298,45,MTBLS798,-12
4299,45,MTBLS798,-9
4300,45,MTBLS798,18
4301,34,AMBIGUOUS: MTBLS395,-583
4302,45,MTBLS798,17
4303,45,MTBLS798,-8
4304,45,MTBLS798,-5
4305,45,MTBLS798,1
4306,45,MTBLS798,11
4307,45,MTBLS798,0
4308,45,MTBLS798,21
4309,45,MTBLS798,22
4310,45,MTBLS798,1
4311,45,MTBLS798,9
4312,45,MTBLS798,4
4313,79,unassigned,-128
4314,45,MTBLS798,-3
4315,45,MTBLS798,12
4316,12,AMBIGUOUS: MTBLS147,-779
4317,45,MTBLS798,4
4318,45,MTBLS798,10
4319,45,MTBLS798,9
4320,45,MTBLS798,25
4321,45,MTBLS798,-4
4322,45,MTBLS798,4
4323,45,MTBLS798,-2
4324,45,MTBLS798,-13
4325,45,MTBLS798,1
4326,34,AMBIGUOUS: MTBLS395,-772
4327,45,MTBLS798,1
4328,45,MTBLS798,-4
4329,45,MTBLS798,4
4330,45,MTBLS798,16
4331,45,MTBLS798,7
4332,45,MTBLS798,5
4333,45,MTBLS798,3
4334,45,MTBLS798,5
4335,45,MTBLS798,2
4336,45,MTBLS798,-4
4337,45,MTBLS798,-23
4338,45,MTBLS798,10
4339,45,MTBLS798,1
4340,45,MTBLS798,17
4341,45,MTBLS798,-1
4342,45,MTBLS798,16
4343,34,AMBIGUOUS: MTBLS395,-744
4344,12,AMBIGUOUS: MTBLS147,-757
4345,45,MTBLS798,11
4346,45,MTBLS798,-25
4347,45,MTBLS798,13
4348,45,MTBLS798,14
4349,45,MTBLS798,20
4350,45,MTBLS798,10
4351,45,MTBLS798,-33
4352,45,MTBLS798,13
4353,45,MTBLS798,3
4354,45,MTBLS798,1
4355,45,MTBLS798,3
4356,45,MTBLS798,9
4357,45,MTBLS798,6
4358,45,MTBLS798,2
4359,45,MTBLS798,0
4360,45,MTBLS798,-4
4361,45,MTBLS798,8
4362,45,MTBLS798,13
4363,45,MTBLS798,7
4364,45,MTBLS798,13
4365,45,MTBLS798,0
4366,45,MTBLS798,-19
4367,45,MTBLS798,-3
4368,34,AMBIGUOUS: MTBLS395,-771
4369,45,MTBLS798,7
4370,45,MTBLS798,7
4371,45,MTBLS798,7
4372,45,MTBLS798,-1
4373,45,MTBLS798,-9
4374,45,MTBLS798,1
4375,45,MTBLS798,5
4376,45,MTBLS798,0
4377,45,MTBLS798,0
4378,45,MTBLS798,2
4379,45,MTBLS798,6
4380,45,MTBLS798,19
4381,45,MTBLS798,17
4382,45,MTBLS798,19
4383,45,MTBLS798,47
4384,45,MTBLS798,17
4385,45,MTBLS798,4
4386,45,MTBLS798,3
4387,45,MTBLS798,0
4388,45,MTBLS798,-2
4389,45,MTBLS798,2
4390,45,MTBLS798,9
4391,45,MTBLS798,-7
4392,45,MTBLS798,0
4393,45,MTBLS798,7
4394,34,AMBIGUOUS: MTBLS395,-736
4395,45,MTBLS798,-1
4396,45,MTBLS798,10
4397,45,MTBLS798,3
4398,45,MTBLS798,-3
4399,45,MTBLS798,12
4400,34,AMBIGUOUS: MTBLS395,-775
4401,34,AMBIGUOUS: MTBLS395,-766
4402,45,MTBLS798,-4
4403,45,MTBLS798,5
4404,45,MTBLS798,-24
4405,45,MTBLS798,-6
4406,45,MTBLS798,-3
4407,45,MTBLS798,-41
4408,45,MTBLS798,17
4409,45,MTBLS798,8
4410,45,MTBLS798,-2
4411,34,AMBIGUOUS: MTBLS395,-799
4412,45,MTBLS798,0
4413,45,MTBLS798,21
4414,45,MTBLS798,-1
4415,45,MTBLS798,5
4416,45,MTBLS798,-13
4417,45,MTBLS798,13
4418,45,MTBLS798,2
4419,45,MTBLS798,5
4420,34,AMBIGUOUS: MTBLS395,-768
4421,45,MTBLS798,12
4422,45,MTBLS798,7
4423,45,MTBLS798,27
4424,45,MTBLS798,7
4425,45,MTBLS798,1
4426,45,MTBLS798,16
4427,45,MTBLS798,16
4428,34,AMBIGUOUS: MTBLS395,-777
4429,45,MTBLS798,9
4430,45,MTBLS798,-10
4431,45,MTBLS798,16
4432,45,MTBLS798,8
4433,45,MTBLS798,11
4434,34,AMBIGUOUS: MTBLS395,-689
4435,45,MTBLS798,15
4436,45,MTBLS798,-9
4437,45,MTBLS798,-6
4438,45,MTBLS798,10
4439,45,MTBLS798,2
4440,45,MTBLS798,-6
4441,34,AMBIGUOUS: MTBLS395,-770
4442,45,MTBLS798,11
4443,45,MTBLS798,-22
4444,34,AMBIGUOUS: MTBLS395,-751
4445,34,AMBIGUOUS: MTBLS395,-771
4446,45,MTBLS798,-2
4447,45,MTBLS798,-23
4448,45,MTBLS798,11
4449,45,MTBLS798,3
4450,45,MTBLS798,6
4451,45,MTBLS798,10
4452,45,MTBLS798,6
4453,45,MTBLS798,7
4454,45,MTBLS798,-58
4455,45,MTBLS798,12
4456,45,MTBLS798,6
4457,12,AMBIGUOUS: MTBLS147,-775
4458,45,MTBLS798,-12
4459,12,AMBIGUOUS: MTBLS147,-784
4460,45,MTBLS798,11
4461,45,MTBLS798,3
4462,45,MTBLS798,26
4463,34,AMBIGUOUS: MTBLS395,-575
4464,45,MTBLS798,3
4465,45,MTBLS798,15
4466,45,MTBLS798,16
4467,45,MTBLS798,-17
4468,45,MTBLS798,0
4469,45,MTBLS798,-3
4470,45,MTBLS798,20
4471,45,MTBLS798,14
4472,45,MTBLS798,1
4473,45,MTBLS798,8
4474,29,unassigned,4531
4475,45,MTBLS798,-3
4476,45,MTBLS798,25
4477,45,MTBLS798,12
4478,45,MTBLS798,-10
4479,45,MTBLS798,15
4480,45,MTBLS798,-3
4481,45,MTBLS798,4
4482,45,MTBLS798,6
4483,45,MTBLS798,-15
4484,45,MTBLS798,-6
4485,45,MTBLS798,-4
4486,45,MTBLS798,-6
4487,45,MTBLS798,14
4488,45,MTBLS798,12
4489,45,MTBLS798,19
4490,45,MTBLS798,5
4491,45,MTBLS798,15
4492,45,MTBLS798,8
4493,45,MTBLS798,8
4494,45,MTBLS798,0
4495,45,MTBLS798,-9
4496,45,MTBLS798,18
4497,45,MTBLS798,-6
4498,45,MTBLS798,8
4499,45,MTBLS798,-5
4500,45,MTBLS798,8
4501,45,MTBLS798,11
4502,45,MTBLS798,5
4503,45,MTBLS798,3
4504,45,MTBLS798,7
4505,45,MTBLS798,0
4506,45,MTBLS798,1
4507,45,MTBLS798,-4
4508,45,MTBLS798,-13
4509,45,MTBLS798,3
4510,45,MTBLS798,15
4511,45,MTBLS798,7
4512,45,MTBLS798,9
4513,34,AMBIGUOUS: MTBLS395,-772
4514,45,MTBLS798,3
4515,45,MTBLS798,9
4516,34,AMBIGUOUS: MTBLS395,-611
4517,45,MTBLS798,-13
4518,45,MTBLS798,3
4519,45,MTBLS798,3
4520,45,MTBLS798,11
4521,45,MTBLS798,8
4522,45,MTBLS798,-13
4523,45,MTBLS798,23
4524,45,MTBLS798,4
4525,12,AMBIGUOUS: MTBLS147,-779
4526,34,AMBIGUOUS: MTBLS395,-573
4527,45,MTBLS798,9
4528,45,MTBLS798,8
4529,45,MTBLS798,21
4530,45,MTBLS798,1
4531,45,MTBLS798,-6
4532,45,MTBLS798,22
4533,45,MTBLS798,3
4534,45,MTBLS798,15
4535,45,MTBLS798,6
4536,45,MTBLS798,4
4537,45,MTBLS798,7
4538,45,MTBLS798,1
4539,45,MTBLS798,-38
4540,45,MTBLS798,4
4541,45,MTBLS798,-1
4542,45,MTBLS798,56
4543,45,MTBLS798,19
4544,12,AMBIGUOUS: MTBLS147,-805
4545,45,MTBLS798,16
4546,45,MTBLS798,6
4547,45,MTBLS798,2
4548,45,MTBLS798,16
4549,45,MTBLS798,18
4550,45,MTBLS798,0
4551,45,MTBLS798,15
4552,45,MTBLS798,-36
4553,45,MTBLS798,2
4554,45,MTBLS798,-1
4555,45,MTBLS798,-5
4556,45,MTBLS798,3
4557,45,MTBLS798,-6
4558,45,MTBLS798,13
4559,45,MTBLS798,-6
4560,45,MTBLS798,-34
4561,12,AMBIGUOUS: MTBLS147,-774
4562,71,unassigned,-3587
4563,45,MTBLS798,1
4564,45,MTBLS798,12
4565,45,MTBLS798,6
4566,45,MTBLS798,20
4567,45,MTBLS798,11
4568,45,MTBLS798,-3
4569,45,MTBLS798,8
4570,45,MTBLS798,-4
4571,45,MTBLS798,-4
4572,45,MTBLS798,13
4573,45,MTBLS798,-9
4574,34,AMBIGUOUS: MTBLS395,-414
4575,34,AMBIGUOUS: MTBLS395,-592
4576,45,MTBLS798,0
4577,34,AMBIGUOUS: MTBLS395,-762
4578,45,MTBLS798,21
4579,45,MTBLS798,10
4580,45,MTBLS798,7
4581,45,MTBLS798,-32
4582,45,MTBLS798,-4
4583,45,MTBLS798,0
4584,45,MTBLS798,7
4585,34,AMBIGUOUS: MTBLS395,-771
4586,45,MTBLS798,11
4587,45,MTBLS798,-28
4588,45,MTBLS798,15
4589,45,MTBLS798,13
4590,45,MTBLS798,-6
4591,45,MTBLS798,-16
4592,45,MTBLS798,15
4593,45,MTBLS798,11
4594,45,MTBLS798,10
4595,45,MTBLS798,-1
4596,45,MTBLS798,-13
4597,45,MTBLS798,-2
4598,45,MTBLS798,20
4599,45,MTBLS798,17
4600,45,MTBLS798,-7
4601,45,MTBLS798,13
4602,45,MTBLS798,-19
4603,45,MTBLS798,14
4604,45,MTBLS798,-4
4605,45,MTBLS798,11
4606,45,MTBLS798,44
4607,45,MTBLS798,7
4608,34,AMBIGUOUS: MTBLS395,-770
4609,45,MTBLS798,9
4610,45,MTBLS798,11
4611,45,MTBLS798,4
4612,45,MTBLS798,-11
4613,45,MTBLS798,26
4614,45,MTBLS798,11
4615,45,MTBLS798,14
4616,45,MTBLS798,7
4617,45,MTBLS798,11
4618,45,MTBLS798,1
4619,45,MTBLS798,-2
4620,45,MTBLS798,19
4621,12,AMBIGUOUS: MTBLS147,-782
4622,45,MTBLS798,-8
4623,12,AMBIGUOUS: MTBLS147,-797
4624,45,MTBLS798,9
4625,45,MTBLS798,9
4626,45,MTBLS798,-6
4627,45,MTBLS798,3
4628,45,MTBLS798,5
4629,45,MTBLS798,-5
4630,45,MTBLS798,15
4631,45,MTBLS798,1
4632,45,MTBLS798,9
4633,45,MTBLS798,-5
4634,45,MTBLS798,6
4635,45,MTBLS798,-16
4636,45,MTBLS798,4
4637,34,AMBIGUOUS: MTBLS395,-764
4638,45,MTBLS798,-1
4639,45,MTBLS798,14
4640,45,MTBLS798,8
4641,45,MTBLS798,0
4642,45,MTBLS798,10
4643,45,MTBLS798,14
4644,45,MTBLS798,-1
4645,45,MTBLS798,2
4646,12,AMBIGUOUS: MTBLS147,-779
4647,12,AMBIGUOUS: MTBLS147,-786
4648,45,MTBLS798,6
4649,45,MTBLS798,-3
4650,45,MTBLS798,10
4651,45,MTBLS798,-27
4652,45,MTBLS798,8
4653,45,MTBLS798,8
4654,45,MTBLS798,9
4655,45,MTBLS798,21
4656,45,MTBLS798,8
4657,45,MTBLS798,-11
4658,45,MTBLS798,-11
4659,45,MTBLS798,28
4660,45,MTBLS798,2
4661,45,MTBLS798,8
4662,45,MTBLS798,25
4663,45,MTBLS798,8
4664,45,MTBLS798,0
4665,45,MTBLS798,2
4666,45,MTBLS798,10
4667,45,MTBLS798,1
4668,45,MTBLS798,9
4669,45,MTBLS798,-44
4670,45,MTBLS798,4
4671,45,MTBLS798,7
4672,45,MTBLS798,1
4673,45,MTBLS798,15
4674,45,MTBLS798,16
4675,45,MTBLS798,7
4676,45,MTBLS798,-1
4677,45,MTBLS798,-14
4678,45,MTBLS798,33
4679,45,MTBLS798,10
4680,45,MTBLS798,5
4681,45,MTBLS798,1
4682,45,MTBLS798,0
4683,45,MTBLS798,8
4684,45,MTBLS798,6
4685,45,MTBLS798,2
4686,45,MTBLS798,19
4687,45,MTBLS798,-16
4688,34,AMBIGUOUS: MTBLS395,-786
4689,45,MTBLS798,-2
4690,45,MTBLS798,-4
4691,45,MTBLS798,4
4692,45,MTBLS798,14
4693,45,MTBLS798,-3
4694,45,MTBLS798,-9
4695,45,MTBLS798,-6
4696,45,MTBLS798,-1
4697,45,MTBLS798,9
4698,45,MTBLS798,17
4699,45,MTBLS798,7
4700,45,MTBLS798,-8
4701,45,MTBLS798,0
4702,45,MTBLS798,1
4703,45,MTBLS798,7
4704,45,MTBLS798,17
4705,45,MTBLS798,9
4706,45,MTBLS798,25
4707,45,MTBLS798,-3
4708,45,MTBLS798,22
4709,45,MTBLS798,11
4710,12,AMBIGUOUS: MTBLS147,-780
4711,45,MTBLS798,0
4712,45,MTBLS798,4
4713,45,MTBLS798,18
4714,45,MTBLS798,19
4715,45,MTBLS798,-28
4716,45,MTBLS798,-20
4717,45,MTBLS798,-2
4718,34,AMBIGUOUS: MTBLS395,-763
4719,45,MTBLS798,9
4720,45,MTBLS798,-7
4721,45,MTBLS798,21
4722,45,MTBLS798,8
4723,45,MTBLS798,14
4724,12,AMBIGUOUS: MTBLS147,-695
4725,45,MTBLS798,8
4726,45,MTBLS798,18
4727,45,MTBLS798,-29
4728,45,MTBLS798,-8
4729,45,MTBLS798,-5
4730,45,MTBLS798,-7
4731,45,MTBLS798,0
4732,45,MTBLS798,-1
4733,45,MTBLS798,-51
4734,45,MTBLS798,-4
4735,45,MTBLS798,15
4736,45,MTBLS798,3
4737,45,MTBLS798,3
4738,45,MTBLS798,1
4739,45,MTBLS798,16
4740,45,MTBLS798,4
4741,45,MTBLS798,9
4742,45,MTBLS798,-2
4743,12,AMBIGUOUS: MTBLS147,-788
4744,45,MTBLS798,9
4745,45,MTBLS798,2
4746,45,MTBLS798,11
4747,45,MTBLS798,2
4748,45,MTBLS798,-5
4749,45,MTBLS798,-1
4750,45,MTBLS798,8
4751,45,MTBLS798,44
4752,45,MTBLS798,10
4753,45,MTBLS798,-10
4754,80,unassigned,4574
4755,45,MTBLS798,17
4756,45,MTBLS798,22
4757,45,MTBLS798,0
4758,45,MTBLS798,19
4759,45,MTBLS798,8
4760,34,AMBIGUOUS: MTBLS395,-707
4761,45,MTBLS798,8
4762,45,MTBLS798,2
4763,45,MTBLS798,-6
4764,45,MTBLS798,9
4765,45,MTBLS798,-22
4766,45,MTBLS798,18
4767,45,MTBLS798,-17
4768,62,MTBLS46,-819
4769,45,MTBLS798,13
4770,45,MTBLS798,-3
4771,34,AMBIGUOUS: MTBLS395,-769
4772,12,AMBIGUOUS: MTBLS147,-793
4773,34,AMBIGUOUS: MTBLS395,-600
4774,45,MTBLS798,8
4775,45,MTBLS798,13
4776,45,MTBLS798,3
4777,45,MTBLS798,15
4778,12,AMBIGUOUS: MTBLS147,-780
4779,45,MTBLS798,-30
4780,45,MTBLS798,-5
4781,45,MTBLS798,2
4782,45,MTBLS798,7
4783,45,MTBLS798,1
4784,45,MTBLS798,-6
4785,45,MTBLS798,8
4786,12,AMBIGUOUS: MTBLS147,-782
4787,45,MTBLS798,12
4788,45,MTBLS798,5
4789,12,AMBIGUOUS: MTBLS147,-784
4790,45,MTBLS798,-1
4791,45,MTBLS798,19
4792,12,AMBIGUOUS: MTBLS147,-778
4793,45,MTBLS798,17
4794,45,MTBLS798,18
4795,45,MTBLS798,-16
4796,45,MTBLS798,11
4797,45,MTBLS798,-15
4798,45,MTBLS798,6
4799,45,MTBLS798,25
4800,45,MTBLS798,40
4801,45,MTBLS798,2
4802,45,MTBLS798,19
4803,45,MTBLS798,11
4804,34,AMBIGUOUS: MTBLS395,-778
4805,45,MTBLS798,1
4806,45,MTBLS798,4
4807,45,MTBLS798,3
4808,45,MTBLS798,-6
4809,45,MTBLS798,-5
4810,45,MTBLS798,2
4811,45,MTBLS798,4
4812,45,MTBLS798,-3
4813,45,MTBLS798,-4
4814,45,MTBLS798,5
4815,45,MTBLS798,-10
4816,34,AMBIGUOUS: MTBLS395,-760
4817,34,AMBIGUOUS: MTBLS395,-773
4818,45,MTBLS798,9
4819,45,MTBLS798,8
4820,45,MTBLS798,24
4821,45,MTBLS798,5
4822,45,MTBLS798,-6
4823,45,MTBLS798,0
4824,45,MTBLS798,4
4825,45,MTBLS798,9
4826,45,MTBLS798,-4
4827,45,MTBLS798,4
4828,45,MTBLS798,2
4829,45,MTBLS798,-3
4830,45,MTBLS798,12
4831,45,MTBLS798,10
4832,34,AMBIGUOUS: MTBLS395,-765
4833,12,AMBIGUOUS: MTBLS147,-762
4834,34,AMBIGUOUS: MTBLS395,-780
4835,45,MTBLS798,11
4836,45,MTBLS798,-8
4837,45,MTBLS798,7
4838,45,MTBLS798,-2
4839,45,MTBLS798,2
4840,45,MTBLS798,-16
4841,45,MTBLS798,-48
4842,45,MTBLS798,2
4843,45,MTBLS798,6
4844,45,MTBLS798,9
4845,45,MTBLS798,26
4846,45,MTBLS798,3
4847,45,MTBLS798,20
4848,45,MTBLS798,-8
4849,45,MTBLS798,11
4850,45,MTBLS798,9
4851,45,MTBLS798,0
4852,45,MTBLS798,11
4853,45,MTBLS798,10
4854,34,AMBIGUOUS: MTBLS395,-770
4855,45,MTBLS798,5
4856,34,AMBIGUOUS: MTBLS395,-749
4857,45,MTBLS798,13
4858,45,MTBLS798,-10
4859,45,MTBLS798,16
4860,45,MTBLS798,18
4861,45,MTBLS798,8
4862,45,MTBLS798,-9
4863,45,MTBLS798,15
4864,45,MTBLS798,-19
4865,45,MTBLS798,11
4866,45,MTBLS798,9
4867,45,MTBLS798,2
4868,45,MTBLS798,12
4869,45,MTBLS798,11
4870,45,MTBLS798,11
4871,45,MTBLS798,-5
4872,45,MTBLS798,7
4873,45,MTBLS798,9
4874,45,MTBLS798,2
4875,45,MTBLS798,2
4876,45,MTBLS798,-9
4877,45,MTBLS798,17
4878,45,MTBLS798,8
4879,45,MTBLS798,7
4880,45,MTBLS798,5
4881,45,MTBLS798,27
4882,45,MTBLS798,15
4883,45,MTBLS798,4
4884,45,MTBLS798,0
4885,34,AMBIGUOUS: MTBLS395,-764
4886,45,MTBLS798,9
4887,34,AMBIGUOUS: MTBLS395,-597
4888,45,MTBLS798,8
4889,45,MTBLS798,-9
4890,45,MTBLS798,-3
4891,34,AMBIGUOUS: MTBLS395,-750
4892,45,MTBLS798,-6
4893,45,MTBLS798,6
4894,45,MTBLS798,13
4895,12,AMBIGUOUS: MTBLS147,-760
4896,45,MTBLS798,-2
4897,45,MTBLS798,6
4898,45,MTBLS798,-18
4899,45,MTBLS798,1
4900,45,MTBLS798,4
4901,45,MTBLS798,1
4902,45,MTBLS798,11
4903,45,MTBLS798,4
4904,45,MTBLS798,20
4905,45,MTBLS798,4
4906,45,MTBLS798,2
4907,45,MTBLS798,-20
4908,45,MTBLS798,12
4909,45,MTBLS798,-8
4910,45,MTBLS798,14
4911,45,MTBLS798,2
4912,45,MTBLS798,13
4913,45,MTBLS798,18
4914,34,AMBIGUOUS: MTBLS395,-757
4915,45,MTBLS798,14
4916,45,MTBLS798,1
4917,45,MTBLS798,10
4918,45,MTBLS798,-7
4919,45,MTBLS798,24
4920,45,MTBLS798,2
4921,45,MTBLS798,-8
4922,45,MTBLS798,10
4923,45,MTBLS798,-3
4924,29,unassigned,4528
4925,34,AMBIGUOUS: MTBLS395,-794
4926,45,MTBLS798,-2
4927,34,AMBIGUOUS: MTBLS395,-761
4928,45,MTBLS798,-7
4929,45,MTBLS798,10
4930,45,MTBLS798,17
4931,34,AMBIGUOUS: MTBLS395,-768
4932,45,MTBLS798,17
4933,45,MTBLS798,-5
4934,45,MTBLS798,5
4935,45,MTBLS798,-5
4936,45,MTBLS798,-7
4937,12,AMBIGUOUS: MTBLS147,-755
4938,53,unassigned,436
4939,45,MTBLS798,25
4940,45,MTBLS798,4
4941,45,MTBLS798,6
4942,45,MTBLS798,13
4943,45,MTBLS798,-4
4944,45,MTBLS798,-2
4945,45,MTBLS798,-2
4946,45,MTBLS798,7
4947,45,MTBLS798,-2
4948,45,MTBLS798,-6
4949,45,MTBLS798,3
4950,29,unassigned,4534
4951,45,MTBLS798,10
4952,45,MTBLS798,8
4953,45,MTBLS798,15
4954,45,MTBLS798,11
4955,45,MTBLS798,2
4956,12,AMBIGUOUS: MTBLS147,-784
4957,45,MTBLS798,12
4958,45,MTBLS798,-1
4959,45,MTBLS798,8
4960,34,AMBIGUOUS: MTBLS395,-785
4961,45,MTBLS798,6
4962,45,MTBLS798,-12
4963,45,MTBLS798,-16
4964,45,MTBLS798,20
4965,45,MTBLS798,2
4966,45,MTBLS798,12
4967,45,MTBLS798,1
4968,45,MTBLS798,51
4969,45,MTBLS798,-1
4970,45,MTBLS798,3
4971,45,MTBLS798,-13
4972,45,MTBLS798,-2
4973,45,MTBLS798,12
4974,45,MTBLS798,20
4975,45,MTBLS798,6
4976,45,MTBLS798,-21
4977,45,MTBLS798,2
4978,54,unassigned,-3586
4979,45,MTBLS798,0
4980,34,AMBIGUOUS: MTBLS395,-773
4981,45,MTBLS798,4
4982,45,MTBLS798,26
4983,34,AMBIGUOUS: MTBLS395,-764
4984,45,MTBLS798,5
4985,45,MTBLS798,17
4986,45,MTBLS798,-11
4987,45,MTBLS798,-10
4988,34,AMBIGUOUS: MTBLS395,-764
4989,45,MTBLS798,-1
4990,34,AMBIGUOUS: MTBLS395,-684
4991,45,MTBLS798,-10
4992,45,MTBLS798,5
4993,45,MTBLS798,0
4994,34,AMBIGUOUS: MTBLS395,-786
4995,45,MTBLS798,8
4996,45,MTBLS798,-11
4997,45,MTBLS798,18
4998,45,MTBLS798,8
4999,45,MTBLS798,4
5000,45,MTBLS798,4
5001,45,MTBLS798,0
5002,45,MTBLS798,-12
5003,45,MTBLS798,14
5004,45,MTBLS798,9
5005,45,MTBLS798,18
5006,34,AMBIGUOUS: MTBLS395,-553
5007,45,MTBLS798,-11
5008,45,MTBLS798,-9
5009,45,MTBLS798,10
5010,45,MTBLS798,-14
5011,45,MTBLS798,-16
5012,45,MTBLS798,17
5013,45,MTBLS798,-4
5014,45,MTBLS798,-6
5015,45,MTBLS798,16
5016,12,AMBIGUOUS: MTBLS147,-759
5017,45,MTBLS798,18
5018,45,MTBLS798,-17
5019,45,MTBLS798,7
5020,45,MTBLS798,11
5021,45,MTBLS798,2
5022,45,MTBLS798,0
5023,45,MTBLS798,11
5024,34,AMBIGUOUS: MTBLS395,-779
5025,45,MTBLS798,-7
5026,45,MTBLS798,9
5027,45,MTBLS798,-56
5028,12,AMBIGUOUS: MTBLS147,-716
5029,12,AMBIGUOUS: MTBLS147,-766
5030,45,MTBLS798,4
5031,45,MTBLS798,23
5032,45,MTBLS798,1
5033,45,MTBLS798,-3
5034,45,MTBLS798,3
5035,45,MTBLS798,9
5036,12,AMBIGUOUS: MTBLS147,-779
5037,45,MTBLS798,3
5038,45,MTBLS798,-23
5039,45,MTBLS798,28
5040,45,MTBLS798,10
5041,45,MTBLS798,11
5042,45,MTBLS798,12
5043,45,MTBLS798,2
5044,45,MTBLS798,2
5045,45,MTBLS798,1
5046,45,MTBLS798,-20
5047,45,MTBLS798,-1
5048,34,AMBIGUOUS: MTBLS395,-511
5049,74,unassigned,7021
5050,45,MTBLS798,22
5051,45,MTBLS798,9
5052,45,MTBLS798,6
5053,45,MTBLS798,-3
5054,45,MTBLS798,-3
5055,45,MTBLS798,0
5056,45,MTBLS798,34
5057,45,MTBLS798,0
5058,45,MTBLS798,20
5059,45,MTBLS798,-6
5060,45,MTBLS798,11
5061,45,MTBLS798,6
5062,45,MTBLS798,6
5063,45,MTBLS798,-4
5064,45,MTBLS798,5
5065,45,MTBLS798,-4
5066,45,MTBLS798,13
5067,45,MTBLS798,-7
5068,45,MTBLS798,-1
5069,45,MTBLS798,7
5070,45,MTBLS798,9
5071,45,MTBLS798,14
5072,45,MTBLS798,2
5073,45,MTBLS798,13
5074,12,AMBIGUOUS: MTBLS147,-776
5075,12,AMBIGUOUS: MTBLS147,-790
5076,45,MTBLS798,-16
5077,45,MTBLS798,8
5078,45,MTBLS798,-7
5079,34,AMBIGUOUS: MTBLS395,-757
5080,45,MTBLS798,12
5081,45,MTBLS798,-7
5082,45,MTBLS798,-13
5083,45,MTBLS798,9
5084,45,MTBLS798,0
5085,45,MTBLS798,17
5086,45,MTBLS798,7
5087,45,MTBLS798,18
5088,45,MTBLS798,2
5089,45,MTBLS798,-4
5090,45,MTBLS798,-8
5091,45,MTBLS798,-3
5092,45,MTBLS798,-1
5093,45,MTBLS798,-8
5094,34,AMBIGUOUS: MTBLS395,-778
5095,45,MTBLS798,8
5096,45,MTBLS798,2
5097,12,AMBIGUOUS: MTBLS147,-776
5098,45,MTBLS798,-5
5099,45,MTBLS798,2
5100,12,AMBIGUOUS: MTBLS147,-775
5101,45,MTBLS798,21
5102,34,AMBIGUOUS: MTBLS395,-754
5103,34,AMBIGUOUS: MTBLS395,-647
5104,45,MTBLS798,-7
5105,45,MTBLS798,8
5106,34,AMBIGUOUS: MTBLS395,-553
5107,45,MTBLS798,7
5108,34,AMBIGUOUS: MTBLS395,-763
5109,12,AMBIGUOUS: MTBLS147,-785
5110,45,MTBLS798,6
5111,45,MTBLS798,16
5112,45,MTBLS798,-13
5113,45,MTBLS798,24
5114,45,MTBLS798,-12
5115,45,MTBLS798,-5
5116,45,MTBLS798,2
5117,45,MTBLS798,7
5118,45,MTBLS798,9
5119,45,MTBLS798,-5
5120,45,MTBLS798,0
5121,45,MTBLS798,4
5122,45,MTBLS798,18
5123,45,MTBLS798,13
5124,45,MTBLS798,3
5125,45,MTBLS798,-18
5126,45,MTBLS798,9
5127,45,MTBLS798,14
5128,45,MTBLS798,-1
5129,34,AMBIGUOUS: MTBLS395,-589
5130,45,MTBLS798,23
5131,45,MTBLS798,12
5132,45,MTBLS798,-2
5133,45,MTBLS798,5
5134,34,AMBIGUOUS: MTBLS395,-674
5135,45,MTBLS798,13
5136,45,MTBLS798,10
5137,45,MTBLS798,10
5138,45,MTBLS798,10
5139,45,MTBLS798,-7
5140,34,AMBIGUOUS: MTBLS395,-531
5141,45,MTBLS798,-9
5142,45,MTBLS798,16
5143,45,MTBLS798,13
5144,45,MTBLS798,5
5145,45,MTBLS798,-1
5146,34,AMBIGUOUS: MTBLS395,-755
5147,12,AMBIGUOUS: MTBLS147,-781
5148,45,MTBLS798,-2
5149,45,MTBLS798,2
5150,45,MTBLS798,15
5151,45,MTBLS798,-7
5152,45,MTBLS798,9
5153,68,MTBLS2336,-830
5154,45,MTBLS798,7
5155,45,MTBLS798,11
5156,45,MTBLS798,-11
5157,45,MTBLS798,-3
5158,45,MTBLS798,3
5159,45,MTBLS798,0
5160,34,AMBIGUOUS: MTBLS395,-727
5161,45,MTBLS798,11
5162,45,MTBLS798,30
5163,45,MTBLS798,12
5164,45,MTBLS798,3
5165,45,MTBLS798,-12
5166,45,MTBLS798,27
5167,45,MTBLS798,-12
5168,45,MTBLS798,19
5169,45,MTBLS798,9
5170,45,MTBLS798,9
5171,34,AMBIGUOUS: MTBLS395,-780
5172,34,AMBIGUOUS: MTBLS395,-758
5173,45,MTBLS798,-14
5174,45,MTBLS798,15
5175,45,MTBLS798,-15
5176,45,MTBLS798,9
5177,45,MTBLS798,7
5178,45,MTBLS798,-12
5179,45,MTBLS798,7
5180,45,MTBLS798,4
5181,45,MTBLS798,-4
5182,45,MTBLS798,8
5183,45,MTBLS798,0
5184,45,MTBLS798,1
5185,45,MTBLS798,-10
5186,45,MTBLS798,15
5187,45,MTBLS798,-6
5188,45,MTBLS798,-1
5189,45,MTBLS798,11
5190,45,MTBLS798,-2
5191,45,MTBLS798,0
5192,45,MTBLS798,-3
5193,45,MTBLS798,10
5194,45,MTBLS798,7
5195,45,MTBLS798,-19
5196,45,MTBLS798,1
5197,45,MTBLS798,-8
5198,45,MTBLS798,18
5199,45,MTBLS798,0
5200,34,AMBIGUOUS: MTBLS395,-599
5201,45,MTBLS798,1
5202,45,MTBLS798,16
5203,45,MTBLS798,-12
5204,45,MTBLS798,19
5205,45,MTBLS798,4
5206,45,MTBLS798,2
5207,53,unassigned,531
5208,45,MTBLS798,12
5209,45,MTBLS798,3
5210,45,MTBLS798,3
5211,45,MTBLS798,-7
5212,45,MTBLS798,-10
5213,45,MTBLS798,6
5214,45,MTBLS798,4
5215,45,MTBLS798,2
5216,45,MTBLS798,10
5217,45,MTBLS798,4
5218,45,MTBLS798,0
5219,45,MTBLS798,3
5220,45,MTBLS798,9
5221,45,MTBLS798,-10
5222,45,MTBLS798,-1
5223,45,MTBLS798,24
5224,45,MTBLS798,-26
5225,45,MTBLS798,10
5226,45,MTBLS798,0
5227,45,MTBLS798,7
5228,45,MTBLS798,20
5229,45,MTBLS798,-1
5230,45,MTBLS798,27
5231,45,MTBLS798,12
5232,34,AMBIGUOUS: MTBLS395,-570
5233,45,MTBLS798,9
5234,45,MTBLS798,7
5235,45,MTBLS798,-1
5236,45,MTBLS798,5
5237,34,AMBIGUOUS: MTBLS395,-766
5238,45,MTBLS798,1
5239,45,MTBLS798,-3
5240,45,MTBLS798,6
5241,45,MTBLS798,4
5242,45,MTBLS798,30
5243,34,AMBIGUOUS: MTBLS395,-785
5244,45,MTBLS798,-4
5245,45,MTBLS798,7
5246,45,MTBLS798,0
5247,45,MTBLS798,-5
5248,45,MTBLS798,7
5249,45,MTBLS798,-13
5250,45,MTBLS798,11
5251,45,MTBLS798,11
5252,45,MTBLS798,3
5253,34,AMBIGUOUS: MTBLS395,-752
5254,45,MTBLS798,2
5255,45,MTBLS798,2
5256,45,MTBLS798,5
5257,45,MTBLS798,11
5258,45,MTBLS798,-17
5259,45,MTBLS798,-5
5260,45,MTBLS798,3
5261,53,unassigned,470
5262,45,MTBLS798,-10
5263,45,MTBLS798,10
5264,45,MTBLS798,3
5265,45,MTBLS798,2
5266,45,MTBLS798,-6
5267,45,MTBLS798,-3
5268,45,MTBLS798,-10
5269,45,MTBLS798,0
5270,45,MTBLS798,14
5271,81,unassigned,-907
5272,45,MTBLS798,11
5273,45,MTBLS798,-3
5274,45,MTBLS798,-4
5275,45,MTBLS798,0
5276,45,MTBLS798,39
5277,45,MTBLS798,2
5278,34,AMBIGUOUS: MTBLS395,-763
5279,45,MTBLS798,3
5280,82,unassigned,-735
5281,45,MTBLS798,-9
5282,45,MTBLS798,6
5283,45,MTBLS798,5
5284,45,MTBLS798,16
5285,45,MTBLS798,-8
5286,34,AMBIGUOUS: MTBLS395,-796
5287,45,MTBLS798,-21
5288,45,MTBLS798,19
5289,45,MTBLS798,5
5290,45,MTBLS798,10
5291,12,AMBIGUOUS: MTBLS147,-756
5292,45,MTBLS798,-5
5293,45,MTBLS798,-23
5294,45,MTBLS798,7
5295,45,MTBLS798,-15
5296,45,MTBLS798,-37
5297,45,MTBLS798,-15
5298,45,MTBLS798,11
5299,45,MTBLS798,17
5300,45,MTBLS798,15
5301,45,MTBLS798,5
5302,45,MTBLS798,21
5303,45,MTBLS798,3
5304,45,MTBLS798,6
5305,34,AMBIGUOUS: MTBLS395,-542
5306,45,MTBLS798,-1
5307,45,MTBLS798,-9
5308,34,AMBIGUOUS: MTBLS395,-769
5309,45,MTBLS798,-13
5310,45,MTBLS798,-4
5311,45,MTBLS798,-13
5312,45,MTBLS798,-4
5313,45,MTBLS798,13
5314,45,MTBLS798,8
5315,45,MTBLS798,7
5316,45,MTBLS798,10
5317,45,MTBLS798,11
5318,45,MTBLS798,-34
5319,34,AMBIGUOUS: MTBLS395,-600
5320,45,MTBLS798,6
5321,45,MTBLS798,2
5322,45,MTBLS798,-21
5323,45,MTBLS798,9
5324,45,MTBLS798,10
5325,45,MTBLS798,13
5326,45,MTBLS798,-10
5327,45,MTBLS798,7
5328,34,AMBIGUOUS: MTBLS395,-768
5329,45,MTBLS798,-6
5330,45,MTBLS798,-7
5331,45,MTBLS798,25
5332,45,MTBLS798,-9
5333,45,MTBLS798,3
5334,45,MTBLS798,2
5335,45,MTBLS798,8
5336,45,MTBLS798,7
5337,45,MTBLS798,6
5338,45,MTBLS798,9
5339,45,MTBLS798,12
5340,45,MTBLS798,-10
5341,45,MTBLS798,23
5342,45,MTBLS798,0
5343,45,MTBLS798,-15
5344,45,MTBLS798,1
5345,45,MTBLS798,-16
5346,45,MTBLS798,-13
5347,45,MTBLS798,-20
5348,45,MTBLS798,-11
5349,45,MTBLS798,-8
5350,45,MTBLS798,14
5351,45,MTBLS798,-4
5352,45,MTBLS798,0
5353,45,MTBLS798,-4
5354,45,MTBLS798,5
5355,45,MTBLS798,6
5356,45,MTBLS798,9
5357,45,MTBLS798,9
5358,45,MTBLS798,12
5359,45,MTBLS798,-9
5360,45,MTBLS798,-12
5361,12,AMBIGUOUS: MTBLS147,-758
5362,45,MTBLS798,-6
5363,45,MTBLS798,-1
5364,45,MTBLS798,8
5365,34,AMBIGUOUS: MTBLS395,-630
5366,45,MTBLS798,-8
5367,45,MTBLS798,5
5368,45,MTBLS798,15
5369,45,MTBLS798,6
5370,45,MTBLS798,23
5371,45,MTBLS798,-31
5372,45,MTBLS798,25
5373,45,MTBLS798,-16
5374,45,MTBLS798,8
5375,45,MTBLS798,9
5376,45,MTBLS798,-19
5377,45,MTBLS798,-1
5378,45,MTBLS798,1
5379,45,MTBLS798,8
5380,45,MTBLS798,-2
5381,45,MTBLS798,6
5382,45,MTBLS798,34
5383,34,AMBIGUOUS: MTBLS395,-778
5384,45,MTBLS798,4
5385,45,MTBLS798,10
5386,45,MTBLS798,7
5387,45,MTBLS798,5
5388,45,MTBLS798,-13
5389,45,MTBLS798,-8
5390,45,MTBLS798,-8
5391,45,MTBLS798,9
5392,34,AMBIGUOUS: MTBLS395,-584
5393,45,MTBLS798,22
5394,45,MTBLS798,13
5395,34,AMBIGUOUS: MTBLS395,-761
5396,45,MTBLS798,13
5397,45,MTBLS798,3
5398,45,MTBLS798,-2
5399,45,MTBLS798,-16
5400,45,MTBLS798,-16
5401,45,MTBLS798,-2
5402,45,MTBLS798,5
5403,45,MTBLS798,-16
5404,45,MTBLS798,8
5405,45,MTBLS798,22
5406,45,MTBLS798,33
5407,45,MTBLS798,-2
5408,45,MTBLS798,4
5409,45,MTBLS798,-4
5410,45,MTBLS798,-14
5411,45,MTBLS798,0
5412,34,AMBIGUOUS: MTBLS395,-554
5413,45,MTBLS798,32
5414,45,MTBLS798,4
5415,12,AMBIGUOUS: MTBLS147,-803
5416,45,MTBLS798,-6
5417,45,MTBLS798,14
5418,45,MTBLS798,-3
5419,45,MTBLS798,10
5420,45,MTBLS798,-6
5421,45,MTBLS798,9
5422,45,MTBLS798,8
5423,45,MTBLS798,5
5424,45,MTBLS798,-7
5425,45,MTBLS798,10
5426,45,MTBLS798,-1
5427,45,MTBLS798,35
5428,45,MTBLS798,6
5429,34,AMBIGUOUS: MTBLS395,-767
5430,45,MTBLS798,2
5431,45,MTBLS798,12
5432,34,AMBIGUOUS: MTBLS395,-774
5433,45,MTBLS798,7
5434,45,MTBLS798,2
5435,45,MTBLS798,-2
5436,45,MTBLS798,10
5437,12,AMBIGUOUS: MTBLS147,-645
5438,45,MTBLS798,17
5439,45,MTBLS798,38
5440,45,MTBLS798,22
5441,34,AMBIGUOUS: MTBLS395,-761
5442,45,MTBLS798,0
5443,45,MTBLS798,1
5444,45,MTBLS798,-5
5445,45,MTBLS798,-60
5446,34,AMBIGUOUS: MTBLS395,-760
5447,45,MTBLS798,12
5448,34,AMBIGUOUS: MTBLS395,-795
5449,45,MTBLS798,4
5450,34,AMBIGUOUS: MTBLS395,-784
5451,45,MTBLS798,0
5452,45,MTBLS798,-14
5453,45,MTBLS798,12
5454,45,MTBLS798,8
5455,45,MTBLS798,7
5456,45,MTBLS798,21
5457,45,MTBLS798,20
5458,34,AMBIGUOUS: MTBLS395,-769
5459,45,MTBLS798,18
5460,45,MTBLS798,1
5461,45,MTBLS798,5
5462,45,MTBLS798,14
5463,45,MTBLS798,7
5464,45,MTBLS798,-16
5465,45,MTBLS798,18
5466,45,MTBLS798,-4
5467,34,AMBIGUOUS: MTBLS395,-725
5468,12,AMBIGUOUS: MTBLS147,-690
5469,45,MTBLS798,5
5470,45,MTBLS798,7
5471,45,MTBLS798,-8
5472,45,MTBLS798,9
5473,45,MTBLS798,12
5474,45,MTBLS798,-19
5475,45,MTBLS798,-2
5476,45,MTBLS798,11
5477,45,MTBLS798,-14
5478,45,MTBLS798,12
5479,45,MTBLS798,3
5480,45,MTBLS798,3
5481,45,MTBLS798,-14
5482,45,MTBLS798,10
5483,45,MTBLS798,5
5484,34,AMBIGUOUS: MTBLS395,-754
5485,12,AMBIGUOUS: MTBLS147,-758
5486,83,unassigned,5541
5487,45,MTBLS798,-2
5488,12,AMBIGUOUS: MTBLS147,-783
5489,45,MTBLS798,-6
5490,46,unassigned,535
5491,45,MTBLS798,8
5492,45,MTBLS798,8
5493,45,MTBLS798,-8
5494,45,MTBLS798,9
5495,12,AMBIGUOUS: MTBLS147,-779
5496,12,AMBIGUOUS: MTBLS147,-775
5497,12,AMBIGUOUS: MTBLS147,-782
5498,45,MTBLS798,5
5499,45,MTBLS798,-2
5500,45,MTBLS798,-13
5501,45,MTBLS798,-5
5502,45,MTBLS798,-7
5503,45,MTBLS798,-29
5504,45,MTBLS798,3
5505,45,MTBLS798,7
5506,45,MTBLS798,-8
5507,45,MTBLS798,11
5508,45,MTBLS798,0
5509,34,AMBIGUOUS: MTBLS395,-615
5510,34,AMBIGUOUS: MTBLS395,-781
5511,45,MTBLS798,5
5512,45,MTBLS798,5
5513,45,MTBLS798,5
5514,12,AMBIGUOUS: MTBLS147,-785
5515,45,MTBLS798,1
5516,45,MTBLS798,-9
5517,34,AMBIGUOUS: MTBLS395,-778
5518,45,MTBLS798,8
5519,45,MTBLS798,-13
5520,45,MTBLS798,9
5521,45,MTBLS798,-4
5522,45,MTBLS798,20
5523,45,MTBLS798,10
5524,45,MTBLS798,9
5525,34,AMBIGUOUS: MTBLS395,-772
5526,45,MTBLS798,-42
5527,45,MTBLS798,4
5528,45,MTBLS798,-10
5529,45,MTBLS798,-7
5530,12,AMBIGUOUS: MTBLS147,-787
5531,45,MTBLS798,-17
5532,45,MTBLS798,15
5533,45,MTBLS798,2
5534,45,MTBLS798,4
5535,45,MTBLS798,2
5536,45,MTBLS798,3
5537,12,AMBIGUOUS: MTBLS147,-785
5538,84,unassigned,-2809
5539,34,AMBIGUOUS: MTBLS395,-771
5540,45,MTBLS798,11
5541,45,MTBLS798,3
5542,45,MTBLS798,2
5543,34,AMBIGUOUS: MTBLS395,-617
5544,45,MTBLS798,8
5545,45,MTBLS798,11
5546,45,MTBLS798,1
5547,45,MTBLS798,0
5548,45,MTBLS798,23
5549,45,MTBLS798,1
5550,34,AMBIGUOUS: MTBLS395,-775
5551,45,MTBLS798,3
5552,45,MTBLS798,3
5553,45,MTBLS798,-7
5554,45,MTBLS798,-1
5555,45,MTBLS798,23
5556,34,AMBIGUOUS: MTBLS395,-787
5557,45,MTBLS798,5
5558,45,MTBLS798,1
5559,45,MTBLS798,-14
5560,45,MTBLS798,-18
5561,45,MTBLS798,16
5562,12,AMBIGUOUS: MTBLS147,-712
5563,45,MTBLS798,3
5564,45,MTBLS798,6
5565,45,MTBLS798,4
5566,45,MTBLS798,22
5567,45,MTBLS798,23
5568,45,MTBLS798,3
5569,45,MTBLS798,-1
5570,45,MTBLS798,-10
5571,34,AMBIGUOUS: MTBLS395,-774
5572,45,MTBLS798,-72
5573,45,MTBLS798,19
5574,45,MTBLS798,3
5575,45,MTBLS798,6
5576,45,MTBLS798,10
5577,45,MTBLS798,-4
5578,45,MTBLS798,-3
5579,45,MTBLS798,28
5580,45,MTBLS798,-10
5581,12,AMBIGUOUS: MTBLS147,-787
5582,45,MTBLS798,-9
5583,45,MTBLS798,9
5584,45,MTBLS798,13
5585,45,MTBLS798,14
5586,45,MTBLS798,-13
5587,45,MTBLS798,0
5588,45,MTBLS798,-6
5589,45,MTBLS798,3
5590,34,AMBIGUOUS: MTBLS395,-530
5591,45,MTBLS798,-4
5592,45,MTBLS798,-15
5593,45,MTBLS798,6
5594,45,MTBLS798,0
5595,45,MTBLS798,-36
5596,45,MTBLS798,11
5597,45,MTBLS798,-4
5598,45,MTBLS798,-11
5599,45,MTBLS798,10
5600,45,MTBLS798,7
5601,45,MTBLS798,-16
5602,45,MTBLS798,4
5603,45,MTBLS798,18
5604,45,MTBLS798,26
5605,45,MTBLS798,10
5606,45,MTBLS798,-9
5607,45,MTBLS798,3
5608,45,MTBLS798,13
5609,45,MTBLS798,-5
5610,45,MTBLS798,5
5611,45,MTBLS798,-4
5612,45,MTBLS798,5
5613,45,MTBLS798,13
5614,12,AMBIGUOUS: MTBLS147,-779
5615,45,MTBLS798,-20
5616,45,MTBLS798,1
5617,45,MTBLS798,-1
5618,45,MTBLS798,10
5619,45,MTBLS798,2
5620,34,AMBIGUOUS: MTBLS395,-591
5621,34,AMBIGUOUS: MTBLS395,-748
5622,12,AMBIGUOUS: MTBLS147,-781
5623,45,MTBLS798,15
5624,45,MTBLS798,8
5625,45,MTBLS798,-5
5626,45,MTBLS798,13
5627,12,AMBIGUOUS: MTBLS147,-787
5628,45,MTBLS798,-2
5629,45,MTBLS798,11
5630,45,MTBLS798,-26
5631,45,MTBLS798,-2
5632,45,MTBLS798,14
5633,45,MTBLS798,-6
5634,45,MTBLS798,20
5635,45,MTBLS798,-16
5636,45,MTBLS798,-2
5637,45,MTBLS798,-6
5638,45,MTBLS798,7
5639,45,MTBLS798,-16
5640,45,MTBLS798,-3
5641,45,MTBLS798,2
5642,45,MTBLS798,-3
5643,85,unassigned,128
5644,45,MTBLS798,14
5645,12,AMBIGUOUS: MTBLS147,-779
5646,45,MTBLS798,-5
5647,45,MTBLS798,7
5648,45,MTBLS798,13
5649,45,MTBLS798,-4
5650,45,MTBLS798,11
5651,45,MTBLS798,5
5652,45,MTBLS798,5
5653,45,MTBLS798,6
5654,45,MTBLS798,0
5655,45,MTBLS798,-5
5656,45,MTBLS798,7
5657,45,MTBLS798,20
5658,45,MTBLS798,5
5659,45,MTBLS798,-9
5660,45,MTBLS798,3
5661,45,MTBLS798,12
5662,45,MTBLS798,22
5663,45,MTBLS798,0
5664,45,MTBLS798,-5
5665,45,MTBLS798,-10
5666,45,MTBLS798,13
5667,45,MTBLS798,-10
5668,45,MTBLS798,-3
5669,45,MTBLS798,11
5670,45,MTBLS798,2
5671,45,MTBLS798,4
5672,34,AMBIGUOUS: MTBLS395,-607
5673,45,MTBLS798,3
5674,45,MTBLS798,-4
5675,45,MTBLS798,-49
5676,45,MTBLS798,4
5677,12,AMBIGUOUS: MTBLS147,-783
5678,45,MTBLS798,2
5679,34,AMBIGUOUS: MTBLS395,-773
5680,45,MTBLS798,10
5681,45,MTBLS798,-10
5682,34,AMBIGUOUS: MTBLS395,-775
5683,45,MTBLS798,2
5684,34,AMBIGUOUS: MTBLS395,-764
5685,45,MTBLS798,3
5686,45,MTBLS798,9
5687,45,MTBLS798,17
5688,45,MTBLS798,2
5689,45,MTBLS798,8
5690,45,MTBLS798,11
5691,45,MTBLS798,10
5692,45,MTBLS798,9
5693,45,MTBLS798,14
5694,45,MTBLS798,4
5695,12,AMBIGUOUS: MTBLS147,-781
5696,45,MTBLS798,0
5697,45,MTBLS798,-13
5698,45,MTBLS798,7
5699,45,MTBLS798,4
5700,45,MTBLS798,6
5701,45,MTBLS798,5
5702,45,MTBLS798,1
5703,45,MTBLS798,6
5704,45,MTBLS798,-13
5705,34,AMBIGUOUS: MTBLS395,-780
5706,45,MTBLS798,24
5707,45,MTBLS798,7
5708,34,AMBIGUOUS: MTBLS395,-871
5709,45,MTBLS798,-4
5710,12,AMBIGUOUS: MTBLS147,-779
5711,45,MTBLS798,9
5712,46,unassigned,534
5713,45,MTBLS798,5
5714,34,AMBIGUOUS: MTBLS395,-764
5715,45,MTBLS798,-23
5716,45,MTBLS798,2
5717,45,MTBLS798,-7
5718,45,MTBLS798,-4
5719,45,MTBLS798,7
5720,45,MTBLS798,-24
5721,45,MTBLS798,7
5722,45,MTBLS798,-4
5723,45,MTBLS798,10
5724,34,AMBIGUOUS: MTBLS395,-927
5725,45,MTBLS798,10
5726,45,MTBLS798,-3
5727,45,MTBLS798,-1
5728,45,MTBLS798,6
5729,34,AMBIGUOUS: MTBLS395,-776
5730,45,MTBLS798,-12
5731,45,MTBLS798,22
5732,45,MTBLS798,6
5733,45,MTBLS798,-1
5734,45,MTBLS798,21
5735,34,AMBIGUOUS: MTBLS395,-773
5736,34,AMBIGUOUS: MTBLS395,-776
5737,45,MTBLS798,5
5738,45,MTBLS798,-2
5739,34,AMBIGUOUS: MTBLS395,-730
5740,45,MTBLS798,-4
5741,45,MTBLS798,-13
5742,45,MTBLS798,30
5743,34,AMBIGUOUS: MTBLS395,-833
5744,45,MTBLS798,2
5745,45,MTBLS798,20
5746,45,MTBLS798,-12
5747,45,MTBLS798,5
5748,45,MTBLS798,15
5749,45,MTBLS798,11
5750,45,MTBLS798,0
5751,34,AMBIGUOUS: MTBLS395,-807
5752,45,MTBLS798,9
5753,45,MTBLS798,7
5754,45,MTBLS798,-20
5755,12,AMBIGUOUS: MTBLS147,-773
5756,45,MTBLS798,6
5757,12,AMBIGUOUS: MTBLS147,-762
5758,45,MTBLS798,-8
5759,45,MTBLS798,-5
5760,45,MTBLS798,0
5761,45,MTBLS798,-2
5762,45,MTBLS798,-3
5763,45,MTBLS798,-6
5764,45,MTBLS798,-2
5765,45,MTBLS798,1
5766,45,MTBLS798,-5
5767,62,MTBLS46,-817
5768,34,AMBIGUOUS: MTBLS395,-771
5769,45,MTBLS798,11
5770,45,MTBLS798,5
5771,45,MTBLS798,-10
5772,45,MTBLS798,-12
5773,45,MTBLS798,-1
5774,45,MTBLS798,-2
5775,45,MTBLS798,-16
5776,45,MTBLS798,11
5777,45,MTBLS798,-48
5778,45,MTBLS798,9
5779,45,MTBLS798,-16
5780,34,AMBIGUOUS: MTBLS395,-774
5781,45,MTBLS798,5
5782,45,MTBLS798,7
5783,45,MTBLS798,-35
5784,45,MTBLS798,-7
5785,45,MTBLS798,16
5786,45,MTBLS798,-11
5787,45,MTBLS798,-1
5788,45,MTBLS798,8
5789,45,MTBLS798,8
5790,45,MTBLS798,-15
5791,45,MTBLS798,16
5792,45,MTBLS798,-6
5793,45,MTBLS798,-2
5794,45,MTBLS798,15
5795,45,MTBLS798,2
5796,45,MTBLS798,9
5797,45,MTBLS798,22
5798,12,AMBIGUOUS: MTBLS147,-756
5799,45,MTBLS798,-4
5800,45,MTBLS798,-25
5801,45,MTBLS798,-11
5802,34,AMBIGUOUS: MTBLS395,-776
5803,45,MTBLS798,-8
5804,45,MTBLS798,-3
5805,45,MTBLS798,-2
5806,45,MTBLS798,15
5807,45,MTBLS798,12
5808,45,MTBLS798,-6
5809,34,AMBIGUOUS: MTBLS395,-784
5810,45,MTBLS798,14
5811,45,MTBLS798,4
5812,45,MTBLS798,13
5813,45,MTBLS798,11
5814,45,MTBLS798,-19
5815,45,MTBLS798,4
5816,34,AMBIGUOUS: MTBLS395,-742
5817,45,MTBLS798,17
5818,45,MTBLS798,2
5819,45,MTBLS798,5
5820,45,MTBLS798,23
5821,45,MTBLS798,14
5822,45,MTBLS798,-6
5823,45,MTBLS798,0
5824,45,MTBLS798,8
5825,45,MTBLS798,-11
5826,45,MTBLS798,26
5827,45,MTBLS798,-7
5828,45,MTBLS798,14
5829,45,MTBLS798,2
5830,45,MTBLS798,17
5831,45,MTBLS798,9
5832,45,MTBLS798,-10
5833,45,MTBLS798,5
5834,45,MTBLS798,-18
5835,45,MTBLS798,-18
5836,45,MTBLS798,-12
5837,34,AMBIGUOUS: MTBLS395,-760
5838,45,MTBLS798,24
5839,45,MTBLS798,19
5840,45,MTBLS798,2
5841,45,MTBLS798,9
5842,45,MTBLS798,0
5843,45,MTBLS798,-14
5844,45,MTBLS798,5
5845,45,MTBLS798,6
5846,45,MTBLS798,14
5847,45,MTBLS798,-6
5848,45,MTBLS798,-2
5849,45,MTBLS798,-16
5850,45,MTBLS798,8
5851,45,MTBLS798,-1
5852,45,MTBLS798,0
5853,34,AMBIGUOUS: MTBLS395,-753
5854,45,MTBLS798,1
5855,45,MTBLS798,-14
5856,45,MTBLS798,-1
5857,45,MTBLS798,-11
5858,34,AMBIGUOUS: MTBLS395,-590
5859,45,MTBLS798,1
5860,45,MTBLS798,1
5861,45,MTBLS798,2
5862,45,MTBLS798,7
5863,45,MTBLS798,8
5864,45,MTBLS798,-11
5865,45,MTBLS798,4
5866,45,MTBLS798,-10
5867,45,MTBLS798,24
5868,45,MTBLS798,13
5869,45,MTBLS798,0
5870,45,MTBLS798,5
5871,45,MTBLS798,10
5872,45,MTBLS798,11
5873,45,MTBLS798,-16
5874,34,AMBIGUOUS: MTBLS395,-700
5875,45,MTBLS798,-5
5876,34,AMBIGUOUS: MTBLS395,-757
5877,45,MTBLS798,10
5878,45,MTBLS798,-1
5879,12,AMBIGUOUS: MTBLS147,-709
5880,45,MTBLS798,9
5881,45,MTBLS798,26
5882,45,MTBLS798,-2
5883,45,MTBLS798,-1
5884,45,MTBLS798,18
5885,45,MTBLS798,2
5886,34,AMBIGUOUS: MTBLS395,-748
5887,45,MTBLS798,-9
5888,12,AMBIGUOUS: MTBLS147,-781
5889,45,MTBLS798,17
5890,34,AMBIGUOUS: MTBLS395,-768
5891,62,MTBLS46,-817
5892,45,MTBLS798,22
5893,45,MTBLS798,9
5894,45,MTBLS798,2
5895,45,MTBLS798,10
5896,45,MTBLS798,5
5897,45,MTBLS798,0
5898,45,MTBLS798,6
5899,45,MTBLS798,21
5900,45,MTBLS798,11
5901,45,MTBLS798,16
5902,34,AMBIGUOUS: MTBLS395,-777
5903,45,MTBLS798,1
5904,45,MTBLS798,3
5905,12,AMBIGUOUS: MTBLS147,-790
5906,45,MTBLS798,14
5907,45,MTBLS798,10
5908,12,AMBIGUOUS: MTBLS147,-755
5909,45,MTBLS798,20
5910,45,MTBLS798,-7
5911,45,MTBLS798,-55
5912,45,MTBLS798,-5
5913,45,MTBLS798,-3
5914,45,MTBLS798,18
5915,45,MTBLS798,-22
5916,45,MTBLS798,20
5917,45,MTBLS798,6
5918,45,MTBLS798,-28
5919,45,MTBLS798,17
5920,45,MTBLS798,-6
5921,45,MTBLS798,16
5922,12,AMBIGUOUS: MTBLS147,-784
5923,45,MTBLS798,-10
5924,45,MTBLS798,-9
5925,45,MTBLS798,7
5926,45,MTBLS798,-2
5927,45,MTBLS798,12
5928,45,MTBLS798,-2
5929,45,MTBLS798,10
5930,45,MTBLS798,0
5931,45,MTBLS798,10
5932,45,MTBLS798,-5
5933,34,AMBIGUOUS: MTBLS395,-769
5934,45,MTBLS798,21
5935,45,MTBLS798,10
5936,45,MTBLS798,1
5937,45,MTBLS798,23
5938,45,MTBLS798,14
5939,34,AMBIGUOUS: MTBLS395,-762
5940,45,MTBLS798,2
5941,45,MTBLS798,17
5942,45,MTBLS798,6
5943,45,MTBLS798,-7
5944,45,MTBLS798,29
5945,45,MTBLS798,4
5946,45,MTBLS798,11
5947,12,AMBIGUOUS: MTBLS147,-776
5948,45,MTBLS798,5
5949,45,MTBLS798,16
5950,45,MTBLS798,0
5951,34,AMBIGUOUS: MTBLS395,-516
5952,45,MTBLS798,-13
5953,45,MTBLS798,3
5954,45,MTBLS798,-15
5955,45,MTBLS798,-9
5956,45,MTBLS798,3
5957,45,MTBLS798,0
5958,45,MTBLS798,-56
5959,45,MTBLS798,5
5960,45,MTBLS798,-12
5961,45,MTBLS798,10
5962,45,MTBLS798,2
5963,45,MTBLS798,9
5964,45,MTBLS798,-4
5965,45,MTBLS798,1
5966,12,AMBIGUOUS: MTBLS147,-789
5967,45,MTBLS798,-13
5968,45,MTBLS798,-13
5969,12,AMBIGUOUS: MTBLS147,-757
5970,45,MTBLS798,3
5971,12,AMBIGUOUS: MTBLS147,-777
5972,45,MTBLS798,-22
5973,45,MTBLS798,20
5974,12,AMBIGUOUS: MTBLS147,-792
5975,45,MTBLS798,-6
5976,34,AMBIGUOUS: MTBLS395,-775
5977,45,MTBLS798,-10
5978,45,MTBLS798,-3
5979,45,MTBLS798,24
5980,12,AMBIGUOUS: MTBLS147,-754
5981,45,MTBLS798,16
5982,45,MTBLS798,6
5983,45,MTBLS798,8
5984,45,MTBLS798,-22
5985,45,MTBLS798,0
5986,45,MTBLS798,10
5987,53,unassigned,485
5988,45,MTBLS798,0
5989,45,MTBLS798,5
5990,45,MTBLS798,-21
5991,45,MTBLS798,16
5992,45,MTBLS798,3
5993,45,MTBLS798,1
5994,45,MTBLS798,2
5995,45,MTBLS798,-1
5996,45,MTBLS798,-12
5997,45,MTBLS798,10
5998,45,MTBLS798,-2
5999,45,MTBLS798,-1
6000,45,MTBLS798,0
6001,12,AMBIGUOUS: MTBLS147,-785
6002,45,MTBLS798,-4
6003,45,MTBLS798,5
6004,45,MTBLS798,-7
6005,45,MTBLS798,-6
6006,45,MTBLS798,1
6007,45,MTBLS798,16
6008,12,AMBIGUOUS: MTBLS147,-781
6009,12,AMBIGUOUS: MTBLS147,-782
6010,45,MTBLS798,-3
6011,45,MTBLS798,-13
6012,45,MTBLS798,14
6013,45,MTBLS798,-11
6014,34,AMBIGUOUS: MTBLS395,-778
6015,45,MTBLS798,7
6016,45,MTBLS798,5
6017,45,MTBLS798,12
6018,45,MTBLS798,3
6019,45,MTBLS798,3
6020,45,MTBLS798,16
6021,45,MTBLS798,-36
6022,45,MTBLS798,-2
6023,45,MTBLS798,2
6024,34,AMBIGUOUS: MTBLS395,-779
6025,34,AMBIGUOUS: MTBLS395,-556
6026,45,MTBLS798,79
6027,45,MTBLS798,6
6028,45,MTBLS798,-9
6029,45,MTBLS798,12
6030,45,MTBLS798,-7
6031,45,MTBLS798,15
6032,44,unassigned,7194
6033,45,MTBLS798,3
6034,45,MTBLS798,-7
6035,45,MTBLS798,1
6036,45,MTBLS798,11
6037,45,MTBLS798,-9
6038,45,MTBLS798,-2
6039,45,MTBLS798,-9
6040,45,MTBLS798,0
6041,45,MTBLS798,-4
6042,45,MTBLS798,9
6043,45,MTBLS798,10
6044,45,MTBLS798,-8
6045,45,MTBLS798,0
6046,45,MTBLS798,24
6047,45,MTBLS798,10
6048,45,MTBLS798,0
6049,45,MTBLS798,10
6050,45,MTBLS798,1
6051,45,MTBLS798,2
6052,34,AMBIGUOUS: MTBLS395,-750
6053,45,MTBLS798,6
6054,45,MTBLS798,4
6055,45,MTBLS798,-14
6056,45,MTBLS798,0
6057,34,AMBIGUOUS: MTBLS395,-837
6058,45,MTBLS798,13
6059,45,MTBLS798,-15
6060,45,MTBLS798,15
6061,45,MTBLS798,-17
6062,12,AMBIGUOUS: MTBLS147,-780
6063,45,MTBLS798,6
6064,34,AMBIGUOUS: MTBLS395,-780
6065,45,MTBLS798,-4
6066,45,MTBLS798,-6
6067,34,AMBIGUOUS: MTBLS395,-774
6068,45,MTBLS798,-4
6069,45,MTBLS798,11
6070,34,AMBIGUOUS: MTBLS395,-772
6071,45,MTBLS798,-3
6072,45,MTBLS798,11
6073,45,MTBLS798,15
6074,45,MTBLS798,13
6075,45,MTBLS798,9
6076,45,MTBLS798,-12
6077,45,MTBLS798,3
6078,75,unassigned,-21
6079,45,MTBLS798,7
6080,45,MTBLS798,10
6081,34,AMBIGUOUS: MTBLS395,-699
6082,45,MTBLS798,7
6083,45,MTBLS798,12
6084,45,MTBLS798,19
6085,45,MTBLS798,4
6086,45,MTBLS798,5
6087,45,MTBLS798,15
6088,45,MTBLS798,23
6089,45,MTBLS798,10
6090,45,MTBLS798,-8
6091,45,MTBLS798,-5
6092,45,MTBLS798,-7
6093,45,MTBLS798,0
6094,45,MTBLS798,15
6095,45,MTBLS798,5
6096,45,MTBLS798,-2
6097,45,MTBLS798,-1
6098,45,MTBLS798,-15
6099,45,MTBLS798,21
6100,10,unassigned,6983
6101,10,unassigned,6983
6102,12,AMBIGUOUS: MTBLS147,-712
6103,45,MTBLS798,-4
6104,45,MTBLS798,10
6105,45,MTBLS798,21
6106,45,MTBLS798,13
6107,45,MTBLS798,11
6108,45,MTBLS798,8
6109,45,MTBLS798,3
6110,45,MTBLS798,11
6111,45,MTBLS798,15
6112,45,MTBLS798,11
6113,45,MTBLS798,5
6114,45,MTBLS798,16
6115,34,AMBIGUOUS: MTBLS395,-756
6116,12,AMBIGUOUS: MTBLS147,-780
6117,45,MTBLS798,-1
6118,45,MTBLS798,18
6119,45,MTBLS798,-3
6120,45,MTBLS798,-18
6121,45,MTBLS798,6
6122,45,MTBLS798,4
6123,45,MTBLS798,-9
6124,45,MTBLS798,4
6125,45,MTBLS798,19
6126,45,MTBLS798,12
6127,34,AMBIGUOUS: MTBLS395,-750
6128,45,MTBLS798,-2
6129,45,MTBLS798,-6
6130,45,MTBLS798,10
6131,45,MTBLS798,5
6132,12,AMBIGUOUS: MTBLS147,-760
6133,45,MTBLS798,15
6134,45,MTBLS798,12
6135,45,MTBLS798,-3
6136,45,MTBLS798,6
6137,45,MTBLS798,4
6138,45,MTBLS798,1
6139,45,MTBLS798,-24
6140,45,MTBLS798,-18
6141,34,AMBIGUOUS: MTBLS395,-769
6142,34,AMBIGUOUS: MTBLS395,-758
6143,45,MTBLS798,11
6144,45,MTBLS798,0
6145,45,MTBLS798,9
6146,45,MTBLS798,11
6147,45,MTBLS798,-1
6148,45,MTBLS798,14
6149,34,AMBIGUOUS: MTBLS395,-773
6150,45,MTBLS798,-12
6151,12,AMBIGUOUS: MTBLS147,-784
6152,45,MTBLS798,5
6153,45,MTBLS798,-5
6154,45,MTBLS798,6
6155,45,MTBLS798,6
6156,45,MTBLS798,10
6157,45,MTBLS798,-3
6158,45,MTBLS798,21
6159,45,MTBLS798,16
6160,45,MTBLS798,12
6161,45,MTBLS798,-4
6162,45,MTBLS798,5
6163,45,MTBLS798,7
6164,45,MTBLS798,9
6165,45,MTBLS798,15
6166,45,MTBLS798,6
6167,45,MTBLS798,3
6168,34,AMBIGUOUS: MTBLS395,-776
6169,45,MTBLS798,18
6170,45,MTBLS798,2
6171,45,MTBLS798,-1
6172,45,MTBLS798,2
6173,45,MTBLS798,7
6174,45,MTBLS798,5
6175,45,MTBLS798,-13
6176,45,MTBLS798,0
6177,45,MTBLS798,-1
6178,34,AMBIGUOUS: MTBLS395,-592
6179,45,MTBLS798,-10
6180,45,MTBLS798,5
6181,45,MTBLS798,8
6182,45,MTBLS798,-5
6183,45,MTBLS798,2
6184,45,MTBLS798,5
6185,45,MTBLS798,0
6186,12,AMBIGUOUS: MTBLS147,-783
6187,45,MTBLS798,-2
6188,45,MTBLS798,2
6189,45,MTBLS798,4
6190,45,MTBLS798,-1
6191,12,AMBIGUOUS: MTBLS147,-776
6192,45,MTBLS798,12
6193,45,MTBLS798,-58
6194,45,MTBLS798,-19
6195,12,AMBIGUOUS: MTBLS147,-776
6196,45,MTBLS798,9
6197,45,MTBLS798,8
6198,45,MTBLS798,2
6199,45,MTBLS798,18
6200,12,AMBIGUOUS: MTBLS147,-687
6201,45,MTBLS798,-9
6202,45,MTBLS798,-2
6203,45,MTBLS798,9
6204,45,MTBLS798,8
6205,45,MTBLS798,-7
6206,45,MTBLS798,10
6207,34,AMBIGUOUS: MTBLS395,-540
6208,45,MTBLS798,-6
6209,45,MTBLS798,2
6210,34,AMBIGUOUS: MTBLS395,-590
6211,12,AMBIGUOUS: MTBLS147,-778
6212,45,MTBLS798,13
6213,45,MTBLS798,-13
6214,45,MTBLS798,9
6215,45,MTBLS798,0
6216,34,AMBIGUOUS: MTBLS395,-774
6217,34,AMBIGUOUS: MTBLS395,-775
6218,45,MTBLS798,5
6219,45,MTBLS798,7
6220,45,MTBLS798,13
6221,45,MTBLS798,-66
6222,45,MTBLS798,1
6223,12,AMBIGUOUS: MTBLS147,-780
6224,45,MTBLS798,-6
6225,45,MTBLS798,3
6226,45,MTBLS798,1
6227,45,MTBLS798,9
6228,45,MTBLS798,-15
6229,45,MTBLS798,-5
6230,45,MTBLS798,11
6231,12,AMBIGUOUS: MTBLS147,-762
6232,45,MTBLS798,15
6233,45,MTBLS798,10
6234,45,MTBLS798,6
6235,45,MTBLS798,-7
6236,34,AMBIGUOUS: MTBLS395,-663
6237,45,MTBLS798,15
6238,45,MTBLS798,11
6239,45,MTBLS798,1
6240,45,MTBLS798,-1
6241,45,MTBLS798,6
6242,45,MTBLS798,-3
6243,45,MTBLS798,-7
6244,34,AMBIGUOUS: MTBLS395,-766
6245,45,MTBLS798,-3
6246,45,MTBLS798,8
6247,45,MTBLS798,15
6248,45,MTBLS798,13
6249,12,AMBIGUOUS: MTBLS147,-779
6250,45,MTBLS798,-1
6251,45,MTBLS798,14
6252,45,MTBLS798,-11
6253,45,MTBLS798,17
6254,45,MTBLS798,3
6255,45,MTBLS798,-25
6256,45,MTBLS798,-25
6257,45,MTBLS798,2
6258,45,MTBLS798,18
6259,45,MTBLS798,5
6260,45,MTBLS798,5
6261,45,MTBLS798,-10
6262,45,MTBLS798,-6
6263,12,AMBIGUOUS: MTBLS147,-753
6264,45,MTBLS798,15
6265,45,MTBLS798,12
6266,34,AMBIGUOUS: MTBLS395,-774
6267,45,MTBLS798,19
6268,45,MTBLS798,-1
6269,45,MTBLS798,15
6270,45,MTBLS798,12
6271,45,MTBLS798,-1
6272,45,MTBLS798,0
6273,45,MTBLS798,4
6274,45,MTBLS798,-2
6275,45,MTBLS798,-52
6276,12,AMBIGUOUS: MTBLS147,-664
6277,45,MTBLS798,-2
6278,45,MTBLS798,4
6279,45,MTBLS798,4
6280,45,MTBLS798,2
6281,12,AMBIGUOUS: MTBLS147,-792
6282,45,MTBLS798,0
6283,34,AMBIGUOUS: MTBLS395,-611
6284,45,MTBLS798,11
6285,45,MTBLS798,8
6286,45,MTBLS798,16
6287,45,MTBLS798,3
6288,45,MTBLS798,-5
6289,45,MTBLS798,-6
6290,45,MTBLS798,11
6291,45,MTBLS798,-35
6292,45,MTBLS798,-8
6293,45,MTBLS798,-31
6294,45,MTBLS798,9
6295,45,MTBLS798,-1
6296,45,MTBLS798,6
6297,45,MTBLS798,-1
6298,45,MTBLS798,22
6299,45,MTBLS798,10
6300,45,MTBLS798,1
6301,45,MTBLS798,6
6302,45,MTBLS798,6
6303,45,MTBLS798,-3
6304,45,MTBLS798,8
6305,45,MTBLS798,3
6306,45,MTBLS798,4
6307,45,MTBLS798,8
6308,45,MTBLS798,-4
6309,45,MTBLS798,5
6310,34,AMBIGUOUS: MTBLS395,-654
6311,45,MTBLS798,9
6312,45,MTBLS798,2
6313,34,AMBIGUOUS: MTBLS395,-765
6314,45,MTBLS798,-15
6315,45,MTBLS798,2
6316,45,MTBLS798,-33
6317,34,AMBIGUOUS: MTBLS395,-633
6318,45,MTBLS798,9
6319,12,AMBIGUOUS: MTBLS147,-773
6320,45,MTBLS798,-10
6321,45,MTBLS798,-3
6322,34,AMBIGUOUS: MTBLS395,-603
6323,45,MTBLS798,5
6324,45,MTBLS798,-1
6325,45,MTBLS798,-1
6326,45,MTBLS798,2
6327,45,MTBLS798,-6
6328,45,MTBLS798,-11
6329,45,MTBLS798,-9
6330,45,MTBLS798,-7
6331,12,AMBIGUOUS: MTBLS147,-788
6332,34,AMBIGUOUS: MTBLS395,-773
6333,45,MTBLS798,3
6334,45,MTBLS798,1
6335,45,MTBLS798,-3
6336,45,MTBLS798,1
6337,45,MTBLS798,-16
6338,45,MTBLS798,-2
6339,34,AMBIGUOUS: MTBLS395,-779
6340,45,MTBLS798,7
6341,45,MTBLS798,13
6342,34,AMBIGUOUS: MTBLS395,-771
6343,45,MTBLS798,13
6344,45,MTBLS798,4
6345,45,MTBLS798,23
6346,45,MTBLS798,7
6347,45,MTBLS798,16
6348,12,AMBIGUOUS: MTBLS147,-713
6349,86,unassigned,388
6350,45,MTBLS798,20
6351,45,MTBLS798,6
6352,45,MTBLS798,-6
6353,62,MTBLS46,-821
6354,45,MTBLS798,12
6355,45,MTBLS798,-28
6356,45,MTBLS798,4
6357,34,AMBIGUOUS: MTBLS395,-776
6358,45,MTBLS798,3
6359,34,AMBIGUOUS: MTBLS395,-763
6360,34,AMBIGUOUS: MTBLS395,-769
6361,45,MTBLS798,7
6362,45,MTBLS798,14
6363,34,AMBIGUOUS: MTBLS395,-756
6364,45,MTBLS798,13
6365,45,MTBLS798,4
6366,45,MTBLS798,-58
6367,45,MTBLS798,-20
6368,45,MTBLS798,-12
6369,45,MTBLS798,41
6370,87,unassigned,8
6371,45,MTBLS798,19
6372,29,unassigned,4522
6373,45,MTBLS798,2
6374,34,AMBIGUOUS: MTBLS395,-767
6375,45,MTBLS798,-13
6376,34,AMBIGUOUS: MTBLS395,-779
6377,45,MTBLS798,-2
6378,45,MTBLS798,13
6379,45,MTBLS798,7
6380,45,MTBLS798,9
6381,45,MTBLS798,-1
6382,34,AMBIGUOUS: MTBLS395,-774
6383,45,MTBLS798,-17
6384,45,MTBLS798,-26
6385,45,MTBLS798,-18
6386,45,MTBLS798,-1
6387,45,MTBLS798,15
6388,45,MTBLS798,-4
6389,12,AMBIGUOUS: MTBLS147,-761
6390,34,AMBIGUOUS: MTBLS395,-615
6391,34,AMBIGUOUS: MTBLS395,-769
6392,45,MTBLS798,11
6393,45,MTBLS798,-4
6394,45,MTBLS798,-2
6395,45,MTBLS798,4
6396,34,AMBIGUOUS: MTBLS395,-626
6397,45,MTBLS798,7
6398,45,MTBLS798,-11
6399,45,MTBLS798,16
6400,34,AMBIGUOUS: MTBLS395,-770
6401,45,MTBLS798,-20
6402,12,AMBIGUOUS: MTBLS147,-774
6403,53,unassigned,485
6404,45,MTBLS798,21
6405,12,AMBIGUOUS: MTBLS147,-775
6406,45,MTBLS798,5
6407,45,MTBLS798,-11
6408,45,MTBLS798,-4
6409,45,MTBLS798,-12
6410,34,AMBIGUOUS: MTBLS395,-775
6411,45,MTBLS798,-8
6412,45,MTBLS798,5
6413,45,MTBLS798,6
6414,45,MTBLS798,-10
6415,45,MTBLS798,-4
6416,45,MTBLS798,4
6417,45,MTBLS798,-10
6418,12,AMBIGUOUS: MTBLS147,-718
6419,45,MTBLS798,4
6420,45,MTBLS798,11
6421,45,MTBLS798,15
6422,12,AMBIGUOUS: MTBLS147,-768
6423,45,MTBLS798,-4
6424,45,MTBLS798,12
6425,45,MTBLS798,-15
6426,45,MTBLS798,4
6427,45,MTBLS798,5
6428,34,AMBIGUOUS: MTBLS395,-777
6429,45,MTBLS798,10
6430,34,AMBIGUOUS: MTBLS395,-772
6431,12,AMBIGUOUS: MTBLS147,-772
6432,45,MTBLS798,-3
6433,45,MTBLS798,5
6434,45,MTBLS798,1
6435,34,AMBIGUOUS: MTBLS395,-763
6436,45,MTBLS798,4
6437,45,MTBLS798,12
6438,45,MTBLS798,3
6439,45,MTBLS798,13
6440,45,MTBLS798,-8
6441,45,MTBLS798,-8
6442,34,AMBIGUOUS: MTBLS395,-533
6443,45,MTBLS798,7
6444,45,MTBLS798,24
6445,45,MTBLS798,9
6446,45,MTBLS798,-34
6447,12,AMBIGUOUS: MTBLS147,-789
6448,45,MTBLS798,-11
6449,45,MTBLS798,2
6450,45,MTBLS798,-5
6451,34,AMBIGUOUS: MTBLS395,-673
6452,45,MTBLS798,-14
6453,45,MTBLS798,-23
6454,45,MTBLS798,-28
6455,45,MTBLS798,-72
6456,34,AMBIGUOUS: MTBLS395,-607
6457,53,unassigned,470
6458,45,MTBLS798,13
6459,12,AMBIGUOUS: MTBLS147,-779
6460,45,MTBLS798,-4
6461,45,MTBLS798,19
6462,45,MTBLS798,18
6463,45,MTBLS798,2
6464,88,unassigned,-3353
6465,45,MTBLS798,-4
6466,45,MTBLS798,4
6467,45,MTBLS798,-5
6468,45,MTBLS798,-6
6469,45,MTBLS798,8
6470,34,AMBIGUOUS: MTBLS395,-789
6471,12,AMBIGUOUS: MTBLS147,-777
6472,45,MTBLS798,-1
6473,45,MTBLS798,-14
6474,45,MTBLS798,-1
6475,45,MTBLS798,-8
6476,45,MTBLS798,10
6477,45,MTBLS798,-7
6478,45,MTBLS798,9
6479,45,MTBLS798,7
6480,12,AMBIGUOUS: MTBLS147,-759
6481,45,MTBLS798,7
6482,45,MTBLS798,22
6483,12,AMBIGUOUS: MTBLS147,-811
6484,45,MTBLS798,-6
6485,45,MTBLS798,6
6486,45,MTBLS798,0
6487,12,AMBIGUOUS: MTBLS147,-762
6488,45,MTBLS798,0
6489,45,MTBLS798,3
6490,45,MTBLS798,3
6491,45,MTBLS798,9
6492,45,MTBLS798,1
6493,45,MTBLS798,12
6494,45,MTBLS798,-85
6495,45,MTBLS798,-21
6496,45,MTBLS798,6
6497,45,MTBLS798,13
6498,45,MTBLS798,13
6499,12,AMBIGUOUS: MTBLS147,-776
6500,45,MTBLS798,2
6501,34,AMBIGUOUS: MTBLS395,-768
6502,45,MTBLS798,3
6503,45,MTBLS798,-14
6504,45,MTBLS798,6
6505,45,MTBLS798,-6
6506,45,MTBLS798,-8
6507,45,MTBLS798,7
6508,45,MTBLS798,17
6509,45,MTBLS798,17
6510,45,MTBLS798,14
6511,45,MTBLS798,12
6512,45,MTBLS798,-17
6513,45,MTBLS798,-11
6514,34,AMBIGUOUS: MTBLS395,-614
6515,45,MTBLS798,-9
6516,45,MTBLS798,2
6517,45,MTBLS798,3
6518,34,AMBIGUOUS: MTBLS395,-769
6519,45,MTBLS798,-9
6520,34,AMBIGUOUS: MTBLS395,-601
6521,45,MTBLS798,-15
6522,34,AMBIGUOUS: MTBLS395,-565
6523,45,MTBLS798,-3
6524,45,MTBLS798,-14
6525,45,MTBLS798,6
6526,45,MTBLS798,-3
6527,45,MTBLS798,4
6528,34,AMBIGUOUS: MTBLS395,-766
6529,45,MTBLS798,14
6530,12,AMBIGUOUS: MTBLS147,-778
6531,45,MTBLS798,-9
6532,45,MTBLS798,7
6533,45,MTBLS798,-6
6534,45,MTBLS798,10
6535,45,MTBLS798,-3
6536,45,MTBLS798,-6
6537,45,MTBLS798,-4
6538,45,MTBLS798,16
6539,45,MTBLS798,3
6540,45,MTBLS798,11
6541,45,MTBLS798,-7
6542,45,MTBLS798,17
6543,45,MTBLS798,0
6544,12,AMBIGUOUS: MTBLS147,-780
6545,45,MTBLS798,5
6546,45,MTBLS798,12
6547,45,MTBLS798,5
6548,45,MTBLS798,26
6549,45,MTBLS798,4
6550,45,MTBLS798,-9
6551,45,MTBLS798,-4
6552,45,MTBLS798,19
6553,45,MTBLS798,14
6554,45,MTBLS798,14
6555,45,MTBLS798,5
6556,34,AMBIGUOUS: MTBLS395,-567
6557,45,MTBLS798,7
6558,45,MTBLS798,9
6559,45,MTBLS798,-3
6560,34,AMBIGUOUS: MTBLS395,-784
6561,45,MTBLS798,4
6562,45,MTBLS798,8
6563,45,MTBLS798,8
6564,45,MTBLS798,1
6565,45,MTBLS798,15
6566,12,AMBIGUOUS: MTBLS147,-805
6567,12,AMBIGUOUS: MTBLS147,-779
6568,45,MTBLS798,-7
6569,45,MTBLS798,-21
6570,45,MTBLS798,13
6571,45,MTBLS798,19
6572,45,MTBLS798,4
6573,45,MTBLS798,8
6574,45,MTBLS798,-7
6575,45,MTBLS798,2
6576,45,MTBLS798,3
6577,45,MTBLS798,-1
6578,45,MTBLS798,15
6579,45,MTBLS798,12
6580,34,AMBIGUOUS: MTBLS395,-781
6581,45,MTBLS798,0
6582,34,AMBIGUOUS: MTBLS395,-778
6583,12,AMBIGUOUS: MTBLS147,-784
6584,45,MTBLS798,6
6585,45,MTBLS798,6
6586,45,MTBLS798,-5
6587,45,MTBLS798,3
6588,45,MTBLS798,29
6589,45,MTBLS798,11
6590,12,AMBIGUOUS: MTBLS147,-778
6591,45,MTBLS798,-20
6592,12,AMBIGUOUS: MTBLS147,-779
6593,45,MTBLS798,5
6594,45,MTBLS798,12
6595,45,MTBLS798,12
6596,45,MTBLS798,6
6597,45,MTBLS798,18
6598,45,MTBLS798,5
6599,34,AMBIGUOUS: MTBLS395,-767
6600,45,MTBLS798,1
6601,45,MTBLS798,-78
6602,34,AMBIGUOUS: MTBLS395,-776
6603,45,MTBLS798,13
6604,45,MTBLS798,-10
6605,45,MTBLS798,3
6606,45,MTBLS798,4
6607,45,MTBLS798,-3
6608,34,AMBIGUOUS: MTBLS395,-774
6609,45,MTBLS798,9
6610,29,unassigned,4546
6611,34,AMBIGUOUS: MTBLS395,-776
6612,45,MTBLS798,24
6613,45,MTBLS798,-10
6614,68,MTBLS2336,-826
6615,45,MTBLS798,-3
6616,45,MTBLS798,-7
6617,34,AMBIGUOUS: MTBLS395,-761
6618,45,MTBLS798,-4
6619,34,AMBIGUOUS: MTBLS395,-646
6620,34,AMBIGUOUS: MTBLS395,-779
6621,45,MTBLS798,12
6622,34,AMBIGUOUS: MTBLS395,-559
6623,45,MTBLS798,21
6624,34,AMBIGUOUS: MTBLS395,-777
6625,45,MTBLS798,5
6626,45,MTBLS798,6
6627,45,MTBLS798,8
6628,12,AMBIGUOUS: MTBLS147,-697
6629,45,MTBLS798,0
6630,45,MTBLS798,-4
6631,45,MTBLS798,-2
6632,45,MTBLS798,15
6633,45,MTBLS798,7
6634,34,AMBIGUOUS: MTBLS395,-804
6635,45,MTBLS798,5
6636,45,MTBLS798,14
6637,45,MTBLS798,4
6638,45,MTBLS798,-13
6639,45,MTBLS798,-2
6640,45,MTBLS798,1
6641,45,MTBLS798,0
6642,45,MTBLS798,3
6643,45,MTBLS798,-10
6644,45,MTBLS798,-10
6645,12,AMBIGUOUS: MTBLS147,-705
6646,45,MTBLS798,12
6647,45,MTBLS798,-35
6648,45,MTBLS798,-5
6649,45,MTBLS798,20
6650,34,AMBIGUOUS: MTBLS395,-856
6651,45,MTBLS798,-6
6652,45,MTBLS798,0
6653,45,MTBLS798,0
6654,45,MTBLS798,4
6655,45,MTBLS798,-6
6656,45,MTBLS798,-7
6657,12,AMBIGUOUS: MTBLS147,-755
6658,34,AMBIGUOUS: MTBLS395,-760
6659,45,MTBLS798,-2
6660,45,MTBLS798,6
6661,45,MTBLS798,12
6662,45,MTBLS798,-9
6663,45,MTBLS798,4
6664,45,MTBLS798,-1
6665,45,MTBLS798,-14
6666,45,MTBLS798,11
6667,45,MTBLS798,20
6668,45,MTBLS798,21
6669,45,MTBLS798,0
6670,45,MTBLS798,10
6671,45,MTBLS798,16
6672,34,AMBIGUOUS: MTBLS395,-766
6673,45,MTBLS798,7
6674,45,MTBLS798,8
6675,45,MTBLS798,13
6676,45,MTBLS798,4
6677,45,MTBLS798,-19
6678,45,MTBLS798,-4
6679,45,MTBLS798,6
6680,45,MTBLS798,42
6681,45,MTBLS798,3
6682,45,MTBLS798,4
6683,45,MTBLS798,3
6684,45,MTBLS798,-13
6685,45,MTBLS798,3
6686,34,AMBIGUOUS: MTBLS395,-784
6687,34,AMBIGUOUS: MTBLS395,-769
6688,45,MTBLS798,15
6689,45,MTBLS798,1
6690,45,MTBLS798,23
6691,45,MTBLS798,5
6692,45,MTBLS798,4
6693,45,MTBLS798,-3
6694,89,unassigned,4539
6695,34,AMBIGUOUS: MTBLS395,-772
6696,34,AMBIGUOUS: MTBLS395,-784
6697,45,MTBLS798,16
6698,45,MTBLS798,7
6699,34,AMBIGUOUS: MTBLS395,-777
6700,45,MTBLS798,5
6701,45,MTBLS798,2
6702,12,AMBIGUOUS: MTBLS147,-697
6703,45,MTBLS798,-5
6704,45,MTBLS798,12
6705,45,MTBLS798,-11
6706,45,MTBLS798,7
6707,34,AMBIGUOUS: MTBLS395,-787
6708,45,MTBLS798,-3
6709,34,AMBIGUOUS: MTBLS395,-774
6710,45,MTBLS798,14
6711,53,unassigned,428
6712,34,AMBIGUOUS: MTBLS395,-768
6713,45,MTBLS798,-24
6714,45,MTBLS798,4
6715,45,MTBLS798,65
6716,34,AMBIGUOUS: MTBLS395,-778
6717,34,AMBIGUOUS: MTBLS395,-779
6718,45,MTBLS798,3
6719,63,unassigned,-3266
6720,34,AMBIGUOUS: MTBLS395,-644
6721,45,MTBLS798,2
6722,45,MTBLS798,10
6723,34,AMBIGUOUS: MTBLS395,-785
6724,45,MTBLS798,27
6725,45,MTBLS798,13
6726,45,MTBLS798,8
6727,62,MTBLS46,-821
6728,45,MTBLS798,25
6729,45,MTBLS798,7
6730,45,MTBLS798,-5
6731,45,MTBLS798,-1
6732,34,AMBIGUOUS: MTBLS395,-772
6733,45,MTBLS798,-5
6734,34,AMBIGUOUS: MTBLS395,-754
6735,45,MTBLS798,-9
6736,45,MTBLS798,-8
6737,45,MTBLS798,1
6738,45,MTBLS798,-2
6739,45,MTBLS798,20
6740,45,MTBLS798,-24
6741,45,MTBLS798,-4
6742,45,MTBLS798,-18
6743,45,MTBLS798,7
6744,45,MTBLS798,0
6745,45,MTBLS798,-12
6746,45,MTBLS798,2
6747,45,MTBLS798,8
6748,45,MTBLS798,21
6749,45,MTBLS798,-20
6750,45,MTBLS798,13
6751,34,AMBIGUOUS: MTBLS395,-762
6752,68,MTBLS2336,-830
6753,34,AMBIGUOUS: MTBLS395,-798
6754,45,MTBLS798,6
6755,45,MTBLS798,27
6756,34,AMBIGUOUS: MTBLS395,-759
6757,45,MTBLS798,9
6758,45,MTBLS798,13
6759,45,MTBLS798,-2
6760,45,MTBLS798,2
6761,34,AMBIGUOUS: MTBLS395,-787
6762,45,MTBLS798,0
6763,83,unassigned,5541
6764,34,AMBIGUOUS: MTBLS395,-440
6765,45,MTBLS798,-9
6766,45,MTBLS798,3
6767,34,AMBIGUOUS: MTBLS395,-705
6768,12,AMBIGUOUS: MTBLS147,-758
6769,45,MTBLS798,0
6770,45,MTBLS798,17
6771,34,AMBIGUOUS: MTBLS395,-545
6772,45,MTBLS798,30
6773,45,MTBLS798,-18
6774,34,AMBIGUOUS: MTBLS395,-596
6775,45,MTBLS798,10
6776,45,MTBLS798,16
6777,45,MTBLS798,6
6778,45,MTBLS798,18
6779,45,MTBLS798,7
6780,45,MTBLS798,-8
6781,45,MTBLS798,3
6782,45,MTBLS798,4
6783,45,MTBLS798,-4
6784,45,MTBLS798,11
6785,12,AMBIGUOUS: MTBLS147,-774
6786,34,AMBIGUOUS: MTBLS395,-606
6787,45,MTBLS798,16
6788,45,MTBLS798,14
6789,45,MTBLS798,-4
6790,45,MTBLS798,18
6791,45,MTBLS798,0
6792,12,AMBIGUOUS: MTBLS147,-787
6793,45,MTBLS798,-4
6794,45,MTBLS798,-3
6795,45,MTBLS798,14
6796,34,AMBIGUOUS: MTBLS395,-760
6797,45,MTBLS798,-18
6798,45,MTBLS798,-20
6799,45,MTBLS798,6
6800,45,MTBLS798,-2
6801,34,AMBIGUOUS: MTBLS395,-744
6802,45,MTBLS798,-8
6803,45,MTBLS798,21
6804,45,MTBLS798,-6
6805,12,AMBIGUOUS: MTBLS147,-773
6806,45,MTBLS798,18
6807,45,MTBLS798,-14
6808,45,MTBLS798,10
6809,45,MTBLS798,0
6810,45,MTBLS798,11
6811,34,AMBIGUOUS: MTBLS395,-752
6812,34,AMBIGUOUS: MTBLS395,-776
6813,45,MTBLS798,2
6814,45,MTBLS798,10
6815,45,MTBLS798,18
6816,45,MTBLS798,10
6817,45,MTBLS798,-3
6818,45,MTBLS798,17
6819,45,MTBLS798,8
6820,45,MTBLS798,23
6821,62,MTBLS46,-818
6822,34,AMBIGUOUS: MTBLS395,-783
6823,45,MTBLS798,17
6824,12,AMBIGUOUS: MTBLS147,-34
6825,34,AMBIGUOUS: MTBLS395,-743
6826,45,MTBLS798,2
6827,45,MTBLS798,15
6828,45,MTBLS798,-37
6829,45,MTBLS798,-1
6830,12,AMBIGUOUS: MTBLS147,-786
6831,45,MTBLS798,1
6832,45,MTBLS798,1
6833,45,MTBLS798,-11
6834,34,AMBIGUOUS: MTBLS395,-552
6835,34,AMBIGUOUS: MTBLS395,-634
6836,45,MTBLS798,-18
6837,45,MTBLS798,9
6838,45,MTBLS798,9
6839,45,MTBLS798,-16
6840,45,MTBLS798,-5
6841,45,MTBLS798,1
6842,45,MTBLS798,12
6843,45,MTBLS798,9
6844,45,MTBLS798,-26
6845,45,MTBLS798,42
6846,45,MTBLS798,-25
6847,45,MTBLS798,-13
6848,90,unassigned,-2
6849,12,AMBIGUOUS: MTBLS147,-700
6850,45,MTBLS798,1
6851,34,AMBIGUOUS: MTBLS395,-758
6852,45,MTBLS798,-23
6853,34,AMBIGUOUS: MTBLS395,-777
6854,34,AMBIGUOUS: MTBLS395,-784
6855,45,MTBLS798,5
6856,45,MTBLS798,-24
6857,45,MTBLS798,5
6858,45,MTBLS798,8
6859,46,unassigned,535
6860,45,MTBLS798,7
6861,45,MTBLS798,10
6862,45,MTBLS798,0
6863,12,AMBIGUOUS: MTBLS147,-788
6864,12,AMBIGUOUS: MTBLS147,-770
6865,91,unassigned,-2651
6866,12,AMBIGUOUS: MTBLS147,-715
6867,45,MTBLS798,2
6868,45,MTBLS798,1
6869,45,MTBLS798,-8
6870,45,MTBLS798,4
6871,45,MTBLS798,6
6872,45,MTBLS798,17
6873,12,AMBIGUOUS: MTBLS147,-773
6874,34,AMBIGUOUS: MTBLS395,-768
6875,45,MTBLS798,2
6876,45,MTBLS798,11
6877,12,AMBIGUOUS: MTBLS147,-782
6878,34,AMBIGUOUS: MTBLS395,-818
6879,12,AMBIGUOUS: MTBLS147,-757
6880,45,MTBLS798,-1
6881,45,MTBLS798,-9
6882,34,AMBIGUOUS: MTBLS395,-730
6883,45,MTBLS798,-2
6884,34,AMBIGUOUS: MTBLS395,-577
6885,34,AMBIGUOUS: MTBLS395,-772
6886,45,MTBLS798,2
6887,45,MTBLS798,19
6888,45,MTBLS798,8
6889,12,AMBIGUOUS: MTBLS147,-776
6890,34,AMBIGUOUS: MTBLS395,-763
6891,45,MTBLS798,16
6892,45,MTBLS798,-3
6893,45,MTBLS798,-5
6894,12,AMBIGUOUS: MTBLS147,-809
6895,45,MTBLS798,-4
6896,45,MTBLS798,-6
6897,12,AMBIGUOUS: MTBLS147,-789
6898,45,MTBLS798,4
6899,12,AMBIGUOUS: MTBLS147,-776
6900,45,MTBLS798,-9
6901,45,MTBLS798,3
6902,34,AMBIGUOUS: MTBLS395,-778
6903,12,AMBIGUOUS: MTBLS147,-790
6904,45,MTBLS798,-1
6905,45,MTBLS798,-2
6906,45,MTBLS798,-3
6907,45,MTBLS798,12
6908,45,MTBLS798,9
6909,45,MTBLS798,11
6910,29,unassigned,4530
6911,45,MTBLS798,13
6912,45,MTBLS798,11
6913,45,MTBLS798,-18
6914,45,MTBLS798,-3
6915,34,AMBIGUOUS: MTBLS395,-571
6916,45,MTBLS798,17
6917,45,MTBLS798,10
6918,45,MTBLS798,4
6919,12,AMBIGUOUS: MTBLS147,-787
6920,45,MTBLS798,12
6921,34,AMBIGUOUS: MTBLS395,-655
6922,45,MTBLS798,-18
6923,45,MTBLS798,-30
6924,45,MTBLS798,12
6925,34,AMBIGUOUS: MTBLS395,-769
6926,45,MTBLS798,-1
6927,45,MTBLS798,-6
6928,45,MTBLS798,-8
6929,45,MTBLS798,8
6930,45,MTBLS798,-10
6931,45,MTBLS798,-3
6932,34,AMBIGUOUS: MTBLS395,-745
6933,45,MTBLS798,20
6934,12,AMBIGUOUS: MTBLS147,-782
6935,12,AMBIGUOUS: MTBLS147,-711
6936,12,AMBIGUOUS: MTBLS147,-774
6937,45,MTBLS798,11
6938,34,AMBIGUOUS: MTBLS395,-604
6939,62,MTBLS46,-820
6940,45,MTBLS798,0
6941,45,MTBLS798,-16
6942,45,MTBLS798,-15
6943,45,MTBLS798,-14
6944,45,MTBLS798,3
6945,45,MTBLS798,16
6946,34,AMBIGUOUS: MTBLS395,-779
6947,45,MTBLS798,-21
6948,34,AMBIGUOUS: MTBLS395,-649
6949,45,MTBLS798,-1
6950,34,AMBIGUOUS: MTBLS395,-645
6951,45,MTBLS798,5
6952,45,MTBLS798,5
6953,45,MTBLS798,-13
6954,45,MTBLS798,1
6955,45,MTBLS798,-11
6956,45,MTBLS798,0
6957,45,MTBLS798,6
6958,45,MTBLS798,8
6959,45,MTBLS798,4
6960,45,MTBLS798,-8
6961,29,unassigned,4529
6962,45,MTBLS798,10
6963,45,MTBLS798,6
6964,45,MTBLS798,8
6965,45,MTBLS798,-16
6966,45,MTBLS798,1
6967,12,AMBIGUOUS: MTBLS147,-776
6968,45,MTBLS798,5
6969,45,MTBLS798,-3
6970,34,AMBIGUOUS: MTBLS395,-769
6971,45,MTBLS798,28
6972,45,MTBLS798,21
6973,45,MTBLS798,14
6974,45,MTBLS798,10
6975,45,MTBLS798,3
6976,45,MTBLS798,2
6977,34,AMBIGUOUS: MTBLS395,-760
6978,45,MTBLS798,16
6979,45,MTBLS798,10
6980,45,MTBLS798,7
6981,45,MTBLS798,-12
6982,45,MTBLS798,2
6983,45,MTBLS798,2
6984,45,MTBLS798,12
6985,45,MTBLS798,2
6986,12,AMBIGUOUS: MTBLS147,-767
6987,45,MTBLS798,0
6988,45,MTBLS798,-6
6989,45,MTBLS798,-1
6990,45,MTBLS798,-5
6991,12,AMBIGUOUS: MTBLS147,-776
6992,45,MTBLS798,-16
6993,45,MTBLS798,3
6994,53,unassigned,420
6995,34,AMBIGUOUS: MTBLS395,-780
6996,45,MTBLS798,5
6997,45,MTBLS798,12
6998,12,AMBIGUOUS: MTBLS147,-783
6999,34,AMBIGUOUS: MTBLS395,-783
7000,45,MTBLS798,-16
7001,45,MTBLS798,14
7002,45,MTBLS798,-3
7003,45,MTBLS798,18
7004,45,MTBLS798,-8
7005,45,MTBLS798,12
7006,34,AMBIGUOUS: MTBLS395,-760
7007,45,MTBLS798,-9
7008,45,MTBLS798,-11
7009,12,AMBIGUOUS: MTBLS147,-788
7010,45,MTBLS798,13
7011,45,MTBLS798,10
7012,45,MTBLS798,6
7013,45,MTBLS798,8
7014,12,AMBIGUOUS: MTBLS147,-805
7015,34,AMBIGUOUS: MTBLS395,-748
7016,12,AMBIGUOUS: MTBLS147,-753
7017,45,MTBLS798,-12
7018,45,MTBLS798,6
7019,45,MTBLS798,5
7020,45,MTBLS798,-10
7021,45,MTBLS798,-16
7022,45,MTBLS798,-21
7023,45,MTBLS798,7
7024,45,MTBLS798,-1
7025,34,AMBIGUOUS: MTBLS395,-848
7026,45,MTBLS798,-16
7027,45,MTBLS798,4
7028,45,MTBLS798,-20
7029,45,MTBLS798,16
7030,12,AMBIGUOUS: MTBLS147,-791
7031,45,MTBLS798,0
7032,34,AMBIGUOUS: MTBLS395,-802
7033,45,MTBLS798,-8
7034,45,MTBLS798,4
7035,45,MTBLS798,8
7036,12,AMBIGUOUS: MTBLS147,-788
7037,45,MTBLS798,8
7038,34,AMBIGUOUS: MTBLS395,-657
7039,45,MTBLS798,17
7040,45,MTBLS798,-6
7041,45,MTBLS798,-1
7042,34,AMBIGUOUS: MTBLS395,-763
7043,45,MTBLS798,17
7044,71,unassigned,-3590
7045,34,AMBIGUOUS: MTBLS395,-757
7046,45,MTBLS798,-19
7047,45,MTBLS798,-8
7048,12,AMBIGUOUS: MTBLS147,-775
7049,45,MTBLS798,0
7050,34,AMBIGUOUS: MTBLS395,-582
7051,45,MTBLS798,-1
7052,45,MTBLS798,0
7053,34,AMBIGUOUS: MTBLS395,-772
7054,45,MTBLS798,11
7055,45,MTBLS798,7
7056,45,MTBLS798,14
7057,45,MTBLS798,19
7058,45,MTBLS798,-10
7059,12,AMBIGUOUS: MTBLS147,-779
7060,45,MTBLS798,-24
7061,12,AMBIGUOUS: MTBLS147,-795
7062,34,AMBIGUOUS: MTBLS395,-590
7063,45,MTBLS798,-7
7064,45,MTBLS798,13
7065,45,MTBLS798,22
7066,34,AMBIGUOUS: MTBLS395,-778
7067,45,MTBLS798,4
7068,12,AMBIGUOUS: MTBLS147,-680
7069,45,MTBLS798,1
7070,45,MTBLS798,2
7071,45,MTBLS798,13
7072,45,MTBLS798,-1
7073,45,MTBLS798,-5
7074,34,AMBIGUOUS: MTBLS395,-751
7075,45,MTBLS798,9
7076,12,AMBIGUOUS: MTBLS147,-778
7077,45,MTBLS798,-19
7078,45,MTBLS798,-18
7079,34,AMBIGUOUS: MTBLS395,-781
7080,34,AMBIGUOUS: MTBLS395,-587
7081,45,MTBLS798,-18
7082,45,MTBLS798,54
7083,45,MTBLS798,12
7084,34,AMBIGUOUS: MTBLS395,-776
7085,45,MTBLS798,17
7086,45,MTBLS798,15
7087,34,AMBIGUOUS: MTBLS395,-599
7088,45,MTBLS798,6
7089,45,MTBLS798,-46
7090,34,AMBIGUOUS: MTBLS395,-771
7091,45,MTBLS798,0
7092,45,MTBLS798,2
7093,45,MTBLS798,-12
7094,45,MTBLS798,3
7095,45,MTBLS798,6
7096,45,MTBLS798,0
7097,12,AMBIGUOUS: MTBLS147,-709
7098,45,MTBLS798,0
7099,34,AMBIGUOUS: MTBLS395,-622
7100,45,MTBLS798,1
7101,12,AMBIGUOUS: MTBLS147,-780
7102,45,MTBLS798,-10
7103,45,MTBLS798,-19
7104,34,AMBIGUOUS: MTBLS395,-761
7105,45,MTBLS798,1
7106,45,MTBLS798,16
7107,45,MTBLS798,-1
7108,45,MTBLS798,-1
7109,45,MTBLS798,11
7110,34,AMBIGUOUS: MTBLS395,-566
7111,45,MTBLS798,-23
7112,34,AMBIGUOUS: MTBLS395,-768
7113,45,MTBLS798,-32
7114,45,MTBLS798,-3
7115,45,MTBLS798,3
7116,34,AMBIGUOUS: MTBLS395,-630
7117,45,MTBLS798,-9
7118,45,MTBLS798,-4
7119,45,MTBLS798,1
7120,34,AMBIGUOUS: MTBLS395,-772
7121,45,MTBLS798,-3
7122,12,AMBIGUOUS: MTBLS147,-775
7123,45,MTBLS798,10
7124,45,MTBLS798,11
7125,45,MTBLS798,7
7126,12,AMBIGUOUS: MTBLS147,-781
7127,45,MTBLS798,0
7128,34,AMBIGUOUS: MTBLS395,-748
7129,34,AMBIGUOUS: MTBLS395,-778
7130,45,MTBLS798,4
7131,45,MTBLS798,-6
7132,45,MTBLS798,-9
7133,12,AMBIGUOUS: MTBLS147,-800
7134,45,MTBLS798,5
7135,34,AMBIGUOUS: MTBLS395,-740
7136,45,MTBLS798,-7
7137,45,MTBLS798,-2
7138,45,MTBLS798,29
7139,45,MTBLS798,3
7140,34,AMBIGUOUS: MTBLS395,-770
7141,45,MTBLS798,8
7142,45,MTBLS798,4
7143,45,MTBLS798,11
7144,45,MTBLS798,11
7145,12,AMBIGUOUS: MTBLS147,-759
7146,34,AMBIGUOUS: MTBLS395,-754
7147,45,MTBLS798,11
7148,45,MTBLS798,24
7149,45,MTBLS798,9
7150,45,MTBLS798,6
7151,34,AMBIGUOUS: MTBLS395,-760
7152,12,AMBIGUOUS: MTBLS147,-785
7153,34,AMBIGUOUS: MTBLS395,-760
7154,45,MTBLS798,-7
7155,45,MTBLS798,-8
7156,45,MTBLS798,-7
7157,45,MTBLS798,-5
7158,45,MTBLS798,6
7159,34,AMBIGUOUS: MTBLS395,-692
7160,45,MTBLS798,6
7161,45,MTBLS798,8
7162,34,AMBIGUOUS: MTBLS395,-757
7163,45,MTBLS798,-6
7164,45,MTBLS798,-33
7165,45,MTBLS798,-10
7166,45,MTBLS798,-3
7167,45,MTBLS798,8
7168,34,AMBIGUOUS: MTBLS395,-771
7169,45,MTBLS798,-3
7170,62,MTBLS46,-818
7171,45,MTBLS798,-1
7172,12,AMBIGUOUS: MTBLS147,-692
7173,45,MTBLS798,4
7174,45,MTBLS798,14
7175,45,MTBLS798,19
7176,45,MTBLS798,-3
7177,45,MTBLS798,-20
7178,12,AMBIGUOUS: MTBLS147,-781
7179,12,AMBIGUOUS: MTBLS147,-786
7180,45,MTBLS798,-7
7181,12,AMBIGUOUS: MTBLS147,-776
7182,45,MTBLS798,5
7183,34,AMBIGUOUS: MTBLS395,-579
7184,34,AMBIGUOUS: MTBLS395,-780
7185,45,MTBLS798,-12
7186,12,AMBIGUOUS: MTBLS147,-784
7187,12,AMBIGUOUS: MTBLS147,-762
7188,34,AMBIGUOUS: MTBLS395,-756
7189,34,AMBIGUOUS: MTBLS395,-772
7190,45,MTBLS798,-9
7191,45,MTBLS798,13
7192,45,MTBLS798,4
7193,67,unassigned,-3336
7194,34,AMBIGUOUS: MTBLS395,-574
7195,45,MTBLS798,-4
7196,45,MTBLS798,23
7197,45,MTBLS798,8
7198,45,MTBLS798,1
7199,34,AMBIGUOUS: MTBLS395,-770
7200,45,MTBLS798,16
7201,45,MTBLS798,-2
7202,34,AMBIGUOUS: MTBLS395,-781
7203,45,MTBLS798,11
7204,34,AMBIGUOUS: MTBLS395,-606
7205,45,MTBLS798,13
7206,45,MTBLS798,20
7207,45,MTBLS798,13
7208,12,AMBIGUOUS: MTBLS147,-783
7209,34,AMBIGUOUS: MTBLS395,-773
7210,45,MTBLS798,0
7211,45,MTBLS798,-7
7212,34,AMBIGUOUS: MTBLS395,-547
7213,45,MTBLS798,8
7214,34,AMBIGUOUS: MTBLS395,-753
7215,45,MTBLS798,-2
7216,34,AMBIGUOUS: MTBLS395,-745
7217,34,AMBIGUOUS: MTBLS395,-614
7218,34,AMBIGUOUS: MTBLS395,-611
7219,45,MTBLS798,-19
7220,12,AMBIGUOUS: MTBLS147,-765
7221,45,MTBLS798,-6
7222,34,AMBIGUOUS: MTBLS395,-758
7223,45,MTBLS798,9
7224,45,MTBLS798,2
7225,12,AMBIGUOUS: MTBLS147,-756
7226,45,MTBLS798,0
7227,45,MTBLS798,10
7228,45,MTBLS798,-14
7229,34,AMBIGUOUS: MTBLS395,-775
7230,12,AMBIGUOUS: MTBLS147,-784
7231,45,MTBLS798,-7
7232,45,MTBLS798,18
7233,45,MTBLS798,-2
7234,12,AMBIGUOUS: MTBLS147,-789
7235,45,MTBLS798,5
7236,45,MTBLS798,-6
7237,12,AMBIGUOUS: MTBLS147,-777
7238,12,AMBIGUOUS: MTBLS147,-780
7239,12,AMBIGUOUS: MTBLS147,-788
7240,45,MTBLS798,-10
7241,45,MTBLS798,-72
7242,45,MTBLS798,-1
7243,12,AMBIGUOUS: MTBLS147,-784
7244,34,AMBIGUOUS: MTBLS395,-590
7245,45,MTBLS798,2
7246,12,AMBIGUOUS: MTBLS147,-782
7247,45,MTBLS798,13
7248,34,AMBIGUOUS: MTBLS395,-823
7249,45,MTBLS798,1
7250,45,MTBLS798,18
7251,34,AMBIGUOUS: MTBLS395,-772
7252,45,MTBLS798,-9
7253,34,AMBIGUOUS: MTBLS395,-755
7254,34,AMBIGUOUS: MTBLS395,-766
7255,45,MTBLS798,-8
7256,45,MTBLS798,18
7257,45,MTBLS798,-8
7258,45,MTBLS798,7
7259,45,MTBLS798,0
7260,45,MTBLS798,8
7261,45,MTBLS798,-17
7262,45,MTBLS798,-2
7263,12,AMBIGUOUS: MTBLS147,-693
7264,62,MTBLS46,-821
7265,45,MTBLS798,-5
7266,45,MTBLS798,-6
7267,45,MTBLS798,14
7268,45,MTBLS798,11
7269,45,MTBLS798,-9
7270,34,AMBIGUOUS: MTBLS395,-516
7271,12,AMBIGUOUS: MTBLS147,-782
7272,45,MTBLS798,4
7273,45,MTBLS798,-31
7274,45,MTBLS798,5
7275,45,MTBLS798,11
7276,45,MTBLS798,3
7277,12,AMBIGUOUS: MTBLS147,-785
7278,45,MTBLS798,8
7279,12,AMBIGUOUS: MTBLS147,-775
7280,45,MTBLS798,-5
7281,45,MTBLS798,-54
7282,12,AMBIGUOUS: MTBLS147,-788
7283,12,AMBIGUOUS: MTBLS147,-778
7284,45,MTBLS798,12
7285,45,MTBLS798,-4
7286,34,AMBIGUOUS: MTBLS395,-774
7287,34,AMBIGUOUS: MTBLS395,-604
7288,34,AMBIGUOUS: MTBLS395,-597
7289,45,MTBLS798,2
7290,45,MTBLS798,17
7291,45,MTBLS798,4
7292,34,AMBIGUOUS: MTBLS395,-572
7293,45,MTBLS798,13
7294,34,AMBIGUOUS: MTBLS395,-761
7295,45,MTBLS798,7
7296,12,AMBIGUOUS: MTBLS147,-705
7297,45,MTBLS798,-6
7298,12,AMBIGUOUS: MTBLS147,-780
7299,45,MTBLS798,8
7300,45,MTBLS798,5
7301,45,MTBLS798,11
7302,45,MTBLS798,15
7303,45,MTBLS798,11
7304,45,MTBLS798,-8
7305,34,AMBIGUOUS: MTBLS395,-781
7306,12,AMBIGUOUS: MTBLS147,-782
7307,34,AMBIGUOUS: MTBLS395,-797
7308,53,unassigned,407
7309,34,AMBIGUOUS: MTBLS395,-616
7310,34,AMBIGUOUS: MTBLS395,-771
7311,12,AMBIGUOUS: MTBLS147,-758
7312,45,MTBLS798,1
7313,45,MTBLS798,10
7314,45,MTBLS798,-1
7315,12,AMBIGUOUS: MTBLS147,-786
7316,45,MTBLS798,-13
7317,45,MTBLS798,-2
7318,45,MTBLS798,12
7319,45,MTBLS798,-6
7320,45,MTBLS798,-10
7321,45,MTBLS798,9
7322,45,MTBLS798,5
7323,45,MTBLS798,-5
7324,45,MTBLS798,-5
7325,45,MTBLS798,0
7326,34,AMBIGUOUS: MTBLS395,-686
7327,45,MTBLS798,3
7328,45,MTBLS798,-2
7329,34,AMBIGUOUS: MTBLS395,-718
7330,45,MTBLS798,6
7331,34,AMBIGUOUS: MTBLS395,-756
7332,45,MTBLS798,-6
7333,62,MTBLS46,-819
7334,45,MTBLS798,14
7335,45,MTBLS798,15
7336,12,AMBIGUOUS: MTBLS147,-781
7337,34,AMBIGUOUS: MTBLS395,-772
7338,45,MTBLS798,-2
7339,12,AMBIGUOUS: MTBLS147,-787
7340,45,MTBLS798,-7
7341,12,AMBIGUOUS: MTBLS147,-779
7342,45,MTBLS798,-24
7343,12,AMBIGUOUS: MTBLS147,-754
7344,34,AMBIGUOUS: MTBLS395,-770
7345,34,AMBIGUOUS: MTBLS395,-785
7346,45,MTBLS798,10
7347,45,MTBLS798,-8
7348,45,MTBLS798,-2
7349,45,MTBLS798,-8
7350,45,MTBLS798,9
7351,46,unassigned,535
7352,12,AMBIGUOUS: MTBLS147,-786
7353,12,AMBIGUOUS: MTBLS147,-788
7354,45,MTBLS798,7
7355,45,MTBLS798,-4
7356,45,MTBLS798,9
7357,45,MTBLS798,11
7358,45,MTBLS798,-1
7359,12,AMBIGUOUS: MTBLS147,-785
7360,34,AMBIGUOUS: MTBLS395,-882
7361,45,MTBLS798,-3
7362,45,MTBLS798,11
7363,45,MTBLS798,18
7364,92,unassigned,448
7365,12,AMBIGUOUS: MTBLS147,-780
7366,12,AMBIGUOUS: MTBLS147,-756
7367,45,MTBLS798,-53
7368,45,MTBLS798,18
7369,45,MTBLS798,11
7370,34,AMBIGUOUS: MTBLS395,-769
7371,45,MTBLS798,14
7372,45,MTBLS798,13
7373,34,AMBIGUOUS: MTBLS395,-771
7374,45,MTBLS798,4
7375,34,AMBIGUOUS: MTBLS395,-768
7376,34,AMBIGUOUS: MTBLS395,-755
7377,45,MTBLS798,-3
7378,45,MTBLS798,10
7379,45,MTBLS798,10
7380,45,MTBLS798,-4
7381,45,MTBLS798,6
7382,12,AMBIGUOUS: MTBLS147,-690
7383,45,MTBLS798,-7
7384,45,MTBLS798,3
7385,45,MTBLS798,-5
7386,34,AMBIGUOUS: MTBLS395,-776
7387,45,MTBLS798,-9
7388,34,AMBIGUOUS: MTBLS395,-745
7389,34,AMBIGUOUS: MTBLS395,-760
7390,34,AMBIGUOUS: MTBLS395,-600
7391,45,MTBLS798,0
7392,45,MTBLS798,3
7393,34,AMBIGUOUS: MTBLS395,-768
7394,45,MTBLS798,1
7395,34,AMBIGUOUS: MTBLS395,-753
7396,45,MTBLS798,2
7397,34,AMBIGUOUS: MTBLS395,-631
7398,12,AMBIGUOUS: MTBLS147,-779
7399,45,MTBLS798,5
7400,45,MTBLS798,0
7401,45,MTBLS798,2
7402,45,MTBLS798,-20
7403,45,MTBLS798,10
7404,45,MTBLS798,10
7405,34,AMBIGUOUS: MTBLS395,-809
7406,45,MTBLS798,-15
7407,34,AMBIGUOUS: MTBLS395,-752
7408,45,MTBLS798,1
7409,45,MTBLS798,7
7410,45,MTBLS798,-19
7411,34,AMBIGUOUS: MTBLS395,-555
7412,93,unassigned,-6
7413,45,MTBLS798,-5
7414,45,MTBLS798,4
7415,45,MTBLS798,21
7416,34,AMBIGUOUS: MTBLS395,-504
7417,12,AMBIGUOUS: MTBLS147,-777
7418,45,MTBLS798,-6
7419,45,MTBLS798,4
7420,34,AMBIGUOUS: MTBLS395,-546
7421,45,MTBLS798,14
7422,74,unassigned,7008
7423,45,MTBLS798,-2
7424,45,MTBLS798,9
7425,45,MTBLS798,-2
7426,34,AMBIGUOUS: MTBLS395,-771
7427,34,AMBIGUOUS: MTBLS395,-762
7428,45,MTBLS798,-6
7429,34,AMBIGUOUS: MTBLS395,-762
7430,12,AMBIGUOUS: MTBLS147,-783
7431,45,MTBLS798,8
7432,45,MTBLS798,2
7433,34,AMBIGUOUS: MTBLS395,-754
7434,45,MTBLS798,4
7435,34,AMBIGUOUS: MTBLS395,-757
7436,45,MTBLS798,9
7437,34,AMBIGUOUS: MTBLS395,-16
7438,54,unassigned,-3593
7439,12,AMBIGUOUS: MTBLS147,-774
7440,34,AMBIGUOUS: MTBLS395,-763
7441,34,AMBIGUOUS: MTBLS395,-830
7442,45,MTBLS798,6
7443,45,MTBLS798,9
7444,45,MTBLS798,12
7445,12,AMBIGUOUS: MTBLS147,-755
7446,34,AMBIGUOUS: MTBLS395,-775
7447,45,MTBLS798,3
7448,34,AMBIGUOUS: MTBLS395,-801
7449,45,MTBLS798,-15
7450,34,AMBIGUOUS: MTBLS395,-708
7451,45,MTBLS798,21
7452,45,MTBLS798,4
7453,45,MTBLS798,1
7454,45,MTBLS798,19
7455,12,AMBIGUOUS: MTBLS147,-778
7456,45,MTBLS798,22
7457,45,MTBLS798,1
7458,12,AMBIGUOUS: MTBLS147,-778
7459,45,MTBLS798,-1
7460,12,AMBIGUOUS: MTBLS147,-698
7461,45,MTBLS798,3
7462,45,MTBLS798,-7
7463,45,MTBLS798,-1
7464,12,AMBIGUOUS: MTBLS147,-803
7465,45,MTBLS798,-14
7466,34,AMBIGUOUS: MTBLS395,-836
7467,45,MTBLS798,12
7468,12,AMBIGUOUS: MTBLS147,-775
7469,45,MTBLS798,-15
7470,34,AMBIGUOUS: MTBLS395,-778
7471,45,MTBLS798,6
7472,45,MTBLS798,-1
7473,34,AMBIGUOUS: MTBLS395,-758
7474,45,MTBLS798,-5
7475,12,AMBIGUOUS: MTBLS147,-696
7476,45,MTBLS798,-62
7477,45,MTBLS798,1
7478,45,MTBLS798,-2
7479,34,AMBIGUOUS: MTBLS395,-763
7480,12,AMBIGUOUS: MTBLS147,-781
7481,34,AMBIGUOUS: MTBLS395,-626
7482,62,MTBLS46,-822
7483,34,AMBIGUOUS: MTBLS395,-763
7484,45,MTBLS798,6
7485,45,MTBLS798,1
7486,45,MTBLS798,2
7487,12,AMBIGUOUS: MTBLS147,-781
7488,12,AMBIGUOUS: MTBLS147,-779
7489,34,AMBIGUOUS: MTBLS395,-741
7490,45,MTBLS798,-9
7491,45,MTBLS798,-2
7492,34,AMBIGUOUS: MTBLS395,-622
7493,12,AMBIGUOUS: MTBLS147,-717
7494,34,AMBIGUOUS: MTBLS395,-785
7495,34,AMBIGUOUS: MTBLS395,-512
7496,45,MTBLS798,-2
7497,45,MTBLS798,-1
7498,34,AMBIGUOUS: MTBLS395,-662
7499,45,MTBLS798,-1
7500,45,MTBLS798,15
7501,45,MTBLS798,0
7502,34,AMBIGUOUS: MTBLS395,-768
7503,45,MTBLS798,0
7504,46,unassigned,545
7505,12,AMBIGUOUS: MTBLS147,-759
7506,45,MTBLS798,-12
7507,45,MTBLS798,3
7508,12,AMBIGUOUS: MTBLS147,-776
7509,45,MTBLS798,1
7510,34,AMBIGUOUS: MTBLS395,-775
7511,45,MTBLS798,5
7512,12,AMBIGUOUS: MTBLS147,-754
7513,34,AMBIGUOUS: MTBLS395,-591
7514,45,MTBLS798,23
7515,34,AMBIGUOUS: MTBLS395,-754
7516,45,MTBLS798,14
7517,34,AMBIGUOUS: MTBLS395,-777
7518,45,MTBLS798,8
7519,45,MTBLS798,6
7520,45,MTBLS798,-13
7521,34,AMBIGUOUS: MTBLS395,-877
7522,34,AMBIGUOUS: MTBLS395,-703
7523,34,AMBIGUOUS: MTBLS395,-719
7524,45,MTBLS798,2
7525,12,AMBIGUOUS: MTBLS147,-792
7526,63,unassigned,-3256
7527,45,MTBLS798,-13
7528,12,AMBIGUOUS: MTBLS147,-780
7529,34,AMBIGUOUS: MTBLS395,-755
7530,45,MTBLS798,10
7531,45,MTBLS798,-11
7532,45,MTBLS798,-4
7533,12,AMBIGUOUS: MTBLS147,-790
7534,12,AMBIGUOUS: MTBLS147,-774
7535,45,MTBLS798,-14
7536,45,MTBLS798,5
7537,34,AMBIGUOUS: MTBLS395,-776
7538,45,MTBLS798,21
7539,45,MTBLS798,18
7540,45,MTBLS798,-8
7541,34,AMBIGUOUS: MTBLS395,-585
7542,45,MTBLS798,-6
7543,34,AMBIGUOUS: MTBLS395,-761
7544,34,AMBIGUOUS: MTBLS395,-755
7545,34,AMBIGUOUS: MTBLS395,-761
7546,45,MTBLS798,-2
7547,12,AMBIGUOUS: MTBLS147,-807
7548,45,MTBLS798,17
7549,45,MTBLS798,19
7550,45,MTBLS798,11
7551,45,MTBLS798,-13
7552,45,MTBLS798,-4
7553,34,AMBIGUOUS: MTBLS395,-771
7554,34,AMBIGUOUS: MTBLS395,-778
7555,45,MTBLS798,1
7556,12,AMBIGUOUS: MTBLS147,-775
7557,34,AMBIGUOUS: MTBLS395,-767
7558,45,MTBLS798,1
7559,12,AMBIGUOUS: MTBLS147,-784
7560,45,MTBLS798,-2
7561,45,MTBLS798,-7
7562,45,MTBLS798,-6
7563,45,MTBLS798,1
7564,12,AMBIGUOUS: MTBLS147,-779
7565,45,MTBLS798,-6
7566,34,AMBIGUOUS: MTBLS395,-590
7567,12,AMBIGUOUS: MTBLS147,-688
7568,34,AMBIGUOUS: MTBLS395,-626
7569,45,MTBLS798,16
7570,45,MTBLS798,1
7571,45,MTBLS798,14
7572,34,AMBIGUOUS: MTBLS395,-617
7573,45,MTBLS798,4
7574,45,MTBLS798,5
7575,34,AMBIGUOUS: MTBLS395,-506
7576,34,AMBIGUOUS: MTBLS395,-776
7577,45,MTBLS798,3
7578,45,MTBLS798,9
7579,45,MTBLS798,7
7580,45,MTBLS798,-9
7581,12,AMBIGUOUS: MTBLS147,-781
7582,34,AMBIGUOUS: MTBLS395,-760
7583,45,MTBLS798,1
7584,34,AMBIGUOUS: MTBLS395,-764
7585,12,AMBIGUOUS: MTBLS147,-710
7586,34,AMBIGUOUS: MTBLS395,-772
7587,34,AMBIGUOUS: MTBLS395,-760
7588,94,unassigned,6817
7589,34,AMBIGUOUS: MTBLS395,-794
7590,45,MTBLS798,2
7591,45,MTBLS798,-3
7592,34,AMBIGUOUS: MTBLS395,-777
7593,34,AMBIGUOUS: MTBLS395,-599
7594,34,AMBIGUOUS: MTBLS395,-409
7595,34,AMBIGUOUS: MTBLS395,-766
7596,34,AMBIGUOUS: MTBLS395,-761
7597,34,AMBIGUOUS: MTBLS395,-756
7598,45,MTBLS798,-5
7599,34,AMBIGUOUS: MTBLS395,-763
7600,12,AMBIGUOUS: MTBLS147,-783
7601,34,AMBIGUOUS: MTBLS395,-770
7602,34,AMBIGUOUS: MTBLS395,-533
7603,45,MTBLS798,-25
7604,45,MTBLS798,6
7605,34,AMBIGUOUS: MTBLS395,-799
7606,45,MTBLS798,4
7607,34,AMBIGUOUS: MTBLS395,-759
7608,45,MTBLS798,-10
7609,45,MTBLS798,4
7610,45,MTBLS798,-7
7611,34,AMBIGUOUS: MTBLS395,-767
7612,34,AMBIGUOUS: MTBLS395,-766
7613,34,AMBIGUOUS: MTBLS395,-775
7614,34,AMBIGUOUS: MTBLS395,-780
7615,45,MTBLS798,8
7616,34,AMBIGUOUS: MTBLS395,-781
7617,12,AMBIGUOUS: MTBLS147,-779
7618,12,AMBIGUOUS: MTBLS147,-787
7619,12,AMBIGUOUS: MTBLS147,-786
7620,12,AMBIGUOUS: MTBLS147,-773
7621,45,MTBLS798,-3
7622,34,AMBIGUOUS: MTBLS395,-420
7623,45,MTBLS798,4
7624,34,AMBIGUOUS: MTBLS395,-780
7625,12,AMBIGUOUS: MTBLS147,-791
7626,45,MTBLS798,4
7627,34,AMBIGUOUS: MTBLS395,-761
7628,71,unassigned,-3602
7629,34,AMBIGUOUS: MTBLS395,-757
7630,12,AMBIGUOUS: MTBLS147,-708
7631,34,AMBIGUOUS: MTBLS395,-723
7632,45,MTBLS798,-22
7633,34,AMBIGUOUS: MTBLS395,-566
7634,12,AMBIGUOUS: MTBLS147,-775
7635,45,MTBLS798,-3
7636,12,AMBIGUOUS: MTBLS147,-742
7637,34,AMBIGUOUS: MTBLS395,-738
7638,12,AMBIGUOUS: MTBLS147,-762
7639,34,AMBIGUOUS: MTBLS395,-522
7640,45,MTBLS798,-2
7641,34,AMBIGUOUS: MTBLS395,-774
7642,34,AMBIGUOUS: MTBLS395,-534
7643,45,MTBLS798,1
7644,34,AMBIGUOUS: MTBLS395,-759
7645,34,AMBIGUOUS: MTBLS395,-772
7646,34,AMBIGUOUS: MTBLS395,-777
7647,12,AMBIGUOUS: MTBLS147,-759
7648,34,AMBIGUOUS: MTBLS395,-773
7649,53,unassigned,543
7650,45,MTBLS798,16
7651,12,AMBIGUOUS: MTBLS147,-779
7652,45,MTBLS798,-18
7653,34,AMBIGUOUS: MTBLS395,-555
7654,34,AMBIGUOUS: MTBLS395,-602
7655,12,AMBIGUOUS: MTBLS147,-761
7656,45,MTBLS798,-2
7657,34,AMBIGUOUS: MTBLS395,-687
7658,12,AMBIGUOUS: MTBLS147,-692
7659,34,AMBIGUOUS: MTBLS395,-771
7660,34,AMBIGUOUS: MTBLS395,-776
7661,45,MTBLS798,6
7662,12,AMBIGUOUS: MTBLS147,-781
7663,34,AMBIGUOUS: MTBLS395,-611
7664,34,AMBIGUOUS: MTBLS395,-769
7665,34,AMBIGUOUS: MTBLS395,-772
7666,12,AMBIGUOUS: MTBLS147,-775
7667,34,AMBIGUOUS: MTBLS395,-647
7668,12,AMBIGUOUS: MTBLS147,-784
7669,45,MTBLS798,-19
7670,12,AMBIGUOUS: MTBLS147,-788
7671,45,MTBLS798,1
7672,12,AMBIGUOUS: MTBLS147,-694
7673,45,MTBLS798,1
7674,45,MTBLS798,-2
7675,12,AMBIGUOUS: MTBLS147,-771
7676,34,AMBIGUOUS: MTBLS395,-787
7677,34,AMBIGUOUS: MTBLS395,-778
7678,34,AMBIGUOUS: MTBLS395,-854
7679,12,AMBIGUOUS: MTBLS147,-774
7680,34,AMBIGUOUS: MTBLS395,-759
7681,34,AMBIGUOUS: MTBLS395,-785
7682,34,AMBIGUOUS: MTBLS395,-781
7683,12,AMBIGUOUS: MTBLS147,-772
7684,45,MTBLS798,9
7685,34,AMBIGUOUS: MTBLS395,-768
7686,34,AMBIGUOUS: MTBLS395,-773
7687,12,AMBIGUOUS: MTBLS147,-804
7688,45,MTBLS798,-9
7689,74,unassigned,7029
7690,45,MTBLS798,-25
7691,12,AMBIGUOUS: MTBLS147,-759
7692,34,AMBIGUOUS: MTBLS395,-607
7693,12,AMBIGUOUS: MTBLS147,-774
7694,45,MTBLS798,7
7695,34,AMBIGUOUS: MTBLS395,-771
7696,34,AMBIGUOUS: MTBLS395,-743
7697,34,AMBIGUOUS: MTBLS395,-777
7698,12,AMBIGUOUS: MTBLS147,-782
7699,45,MTBLS798,-11
7700,12,AMBIGUOUS: MTBLS147,-791
7701,45,MTBLS798,16
7702,45,MTBLS798,14
7703,34,AMBIGUOUS: MTBLS395,-481
7704,12,AMBIGUOUS: MTBLS147,-787
7705,12,AMBIGUOUS: MTBLS147,-783
7706,34,AMBIGUOUS: MTBLS395,-714
7707,34,AMBIGUOUS: MTBLS395,-766
7708,34,AMBIGUOUS: MTBLS395,-767
7709,45,MTBLS798,-1
7710,12,AMBIGUOUS: MTBLS147,-784
7711,34,AMBIGUOUS: MTBLS395,-771
7712,45,MTBLS798,6
7713,45,MTBLS798,3
7714,45,MTBLS798,-13
7715,34,AMBIGUOUS: MTBLS395,-752
7716,53,unassigned,416
7717,34,AMBIGUOUS: MTBLS395,-781
7718,12,AMBIGUOUS: MTBLS147,-783
7719,34,AMBIGUOUS: MTBLS395,-768
7720,12,AMBIGUOUS: MTBLS147,-771
7721,45,MTBLS798,-1
7722,34,AMBIGUOUS: MTBLS395,-761
7723,12,AMBIGUOUS: MTBLS147,-771
7724,34,AMBIGUOUS: MTBLS395,-586
7725,12,AMBIGUOUS: MTBLS147,-778
7726,46,unassigned,557
7727,34,AMBIGUOUS: MTBLS395,-754
7728,12,AMBIGUOUS: MTBLS147,-787
7729,12,AMBIGUOUS: MTBLS147,-778
7730,45,MTBLS798,4
7731,29,unassigned,4541
7732,34,AMBIGUOUS: MTBLS395,-767
7733,12,AMBIGUOUS: MTBLS147,-780
7734,34,AMBIGUOUS: MTBLS395,-608
7735,34,AMBIGUOUS: MTBLS395,-854
7736,45,MTBLS798,-1
7737,12,AMBIGUOUS: MTBLS147,-811
7738,12,AMBIGUOUS: MTBLS147,-755
7739,45,MTBLS798,6
7740,12,AMBIGUOUS: MTBLS147,-787
7741,34,AMBIGUOUS: MTBLS395,-835
7742,34,AMBIGUOUS: MTBLS395,-777
7743,34,AMBIGUOUS: MTBLS395,-756
7744,34,AMBIGUOUS: MTBLS395,-756
7745,12,AMBIGUOUS: MTBLS147,-774
7746,34,AMBIGUOUS: MTBLS395,-769
7747,34,AMBIGUOUS: MTBLS395,-785
7748,34,AMBIGUOUS: MTBLS395,-779
7749,34,AMBIGUOUS: MTBLS395,-713
7750,12,AMBIGUOUS: MTBLS147,-706
7751,12,AMBIGUOUS: MTBLS147,-781
7752,45,MTBLS798,-1
7753,12,AMBIGUOUS: MTBLS147,-788
7754,95,unassigned,4223
7755,34,AMBIGUOUS: MTBLS395,-757
7756,12,AMBIGUOUS: MTBLS147,-701
7757,34,AMBIGUOUS: MTBLS395,-770
7758,12,AMBIGUOUS: MTBLS147,-717
7759,40,unassigned,-289
7760,34,AMBIGUOUS: MTBLS395,-762
7761,34,AMBIGUOUS: MTBLS395,-700
7762,34,AMBIGUOUS: MTBLS395,-581
7763,34,AMBIGUOUS: MTBLS395,-750
7764,29,unassigned,4554
7765,34,AMBIGUOUS: MTBLS395,-683
7766,45,MTBLS798,8
7767,71,unassigned,-3582
7768,12,AMBIGUOUS: MTBLS147,-774
7769,12,AMBIGUOUS: MTBLS147,-779
7770,45,MTBLS798,1
7771,95,unassigned,4206
7772,45,MTBLS798,3
7773,34,AMBIGUOUS: MTBLS395,-655
7774,45,MTBLS798,16
7775,45,MTBLS798,-1
7776,45,MTBLS798,-12
7777,34,AMBIGUOUS: MTBLS395,-760
7778,12,AMBIGUOUS: MTBLS147,-779
7779,34,AMBIGUOUS: MTBLS395,-772
7780,12,AMBIGUOUS: MTBLS147,-775
7781,34,AMBIGUOUS: MTBLS395,-762
7782,12,AMBIGUOUS: MTBLS147,-785
7783,62,MTBLS46,-821
7784,34,AMBIGUOUS: MTBLS395,-757
7785,34,AMBIGUOUS: MTBLS395,-770
7786,45,MTBLS798,3
7787,34,AMBIGUOUS: MTBLS395,-762
7788,34,AMBIGUOUS: MTBLS395,-764
7789,12,AMBIGUOUS: MTBLS147,-771
7790,12,AMBIGUOUS: MTBLS147,-789
7791,34,AMBIGUOUS: MTBLS395,-753
7792,34,AMBIGUOUS: MTBLS395,-787
7793,12,AMBIGUOUS: MTBLS147,-780
7794,34,AMBIGUOUS: MTBLS395,-768
7795,34,AMBIGUOUS: MTBLS395,-746
7796,12,AMBIGUOUS: MTBLS147,-703
7797,32,unassigned,-1604
7798,34,AMBIGUOUS: MTBLS395,-748
7799,12,AMBIGUOUS: MTBLS147,-758
7800,12,AMBIGUOUS: MTBLS147,-773
7801,12,AMBIGUOUS: MTBLS147,-779
7802,45,MTBLS798,11
7803,45,MTBLS798,12
7804,45,MTBLS798,15
7805,34,AMBIGUOUS: MTBLS395,-771
7806,34,AMBIGUOUS: MTBLS395,-774
7807,34,AMBIGUOUS: MTBLS395,-787
7808,12,AMBIGUOUS: MTBLS147,-788
7809,34,AMBIGUOUS: MTBLS395,-790
7810,71,unassigned,-3594
7811,34,AMBIGUOUS: MTBLS395,-775
7812,34,AMBIGUOUS: MTBLS395,-726
7813,34,AMBIGUOUS: MTBLS395,-769
7814,34,AMBIGUOUS: MTBLS395,-572
7815,45,MTBLS798,-13
7816,34,AMBIGUOUS: MTBLS395,-616
7817,45,MTBLS798,-1
7818,45,MTBLS798,5
7819,34,AMBIGUOUS: MTBLS395,-768
7820,34,AMBIGUOUS: MTBLS395,-780
7821,34,AMBIGUOUS: MTBLS395,-767
7822,34,AMBIGUOUS: MTBLS395,-777
7823,12,AMBIGUOUS: MTBLS147,-778
7824,12,AMBIGUOUS: MTBLS147,-793
7825,45,MTBLS798,9
7826,12,AMBIGUOUS: MTBLS147,-786
7827,12,AMBIGUOUS: MTBLS147,-783
7828,12,AMBIGUOUS: MTBLS147,-780
7829,34,AMBIGUOUS: MTBLS395,-554
7830,34,AMBIGUOUS: MTBLS395,-749
7831,45,MTBLS798,-12
7832,45,MTBLS798,-3
7833,29,unassigned,4557
7834,45,MTBLS798,-7
7835,12,AMBIGUOUS: MTBLS147,-775
7836,34,AMBIGUOUS: MTBLS395,-766
7837,34,AMBIGUOUS: MTBLS395,-763
7838,12,AMBIGUOUS: MTBLS147,-782
7839,34,AMBIGUOUS: MTBLS395,-773
7840,34,AMBIGUOUS: MTBLS395,-763
7841,68,MTBLS2336,-830
7842,45,MTBLS798,-10
7843,12,AMBIGUOUS: MTBLS147,-782
7844,34,AMBIGUOUS: MTBLS395,-756
7845,34,AMBIGUOUS: MTBLS395,-771
7846,45,MTBLS798,-13
7847,45,MTBLS798,3
7848,12,AMBIGUOUS: MTBLS147,-755
7849,34,AMBIGUOUS: MTBLS395,-772
7850,34,AMBIGUOUS: MTBLS395,-585
7851,12,AMBIGUOUS: MTBLS147,-705
7852,45,MTBLS798,19
7853,12,AMBIGUOUS: MTBLS147,-785
7854,12,AMBIGUOUS: MTBLS147,-693
7855,45,MTBLS798,-2
7856,34,AMBIGUOUS: MTBLS395,-502
7857,34,AMBIGUOUS: MTBLS395,-778
7858,34,AMBIGUOUS: MTBLS395,-772
7859,12,AMBIGUOUS: MTBLS147,-778
7860,34,AMBIGUOUS: MTBLS395,-757
7861,34,AMBIGUOUS: MTBLS395,-577
7862,34,AMBIGUOUS: MTBLS395,-766
7863,12,AMBIGUOUS: MTBLS147,-758
7864,34,AMBIGUOUS: MTBLS395,-767
7865,34,AMBIGUOUS: MTBLS395,-771
7866,34,AMBIGUOUS: MTBLS395,-760
7867,34,AMBIGUOUS: MTBLS395,-760
7868,12,AMBIGUOUS: MTBLS147,-688
7869,12,AMBIGUOUS: MTBLS147,-785
7870,34,AMBIGUOUS: MTBLS395,-783
7871,12,AMBIGUOUS: MTBLS147,-786
7872,96,unassigned,-997
7873,34,AMBIGUOUS: MTBLS395,-582
7874,34,AMBIGUOUS: MTBLS395,-726
7875,34,AMBIGUOUS: MTBLS395,-759
7876,34,AMBIGUOUS: MTBLS395,-767
7877,12,AMBIGUOUS: MTBLS147,-781
7878,34,AMBIGUOUS: MTBLS395,-737
7879,34,AMBIGUOUS: MTBLS395,-554
7880,12,AMBIGUOUS: MTBLS147,-753
7881,45,MTBLS798,-32
7882,34,AMBIGUOUS: MTBLS395,-773
7883,34,AMBIGUOUS: MTBLS395,-540
7884,34,AMBIGUOUS: MTBLS395,-743
7885,12,AMBIGUOUS: MTBLS147,-716
7886,45,MTBLS798,-8
7887,12,AMBIGUOUS: MTBLS147,-807
7888,45,MTBLS798,-5
7889,45,MTBLS798,-20
7890,34,AMBIGUOUS: MTBLS395,-776
7891,12,AMBIGUOUS: MTBLS147,-801
7892,12,AMBIGUOUS: MTBLS147,-777
7893,34,AMBIGUOUS: MTBLS395,-776
7894,34,AMBIGUOUS: MTBLS395,-781
7895,29,unassigned,4523
7896,34,AMBIGUOUS: MTBLS395,-542
7897,12,AMBIGUOUS: MTBLS147,-758
7898,12,AMBIGUOUS: MTBLS147,-781
7899,34,AMBIGUOUS: MTBLS395,-771
7900,45,MTBLS798,2
7901,34,AMBIGUOUS: MTBLS395,-779
7902,12,AMBIGUOUS: MTBLS147,-786
7903,34,AMBIGUOUS: MTBLS395,-766
7904,34,AMBIGUOUS: MTBLS395,-756
7905,12,AMBIGUOUS: MTBLS147,-790
7906,12,AMBIGUOUS: MTBLS147,-681
7907,34,AMBIGUOUS: MTBLS395,-784
7908,12,AMBIGUOUS: MTBLS147,-706
7909,12,AMBIGUOUS: MTBLS147,-779
7910,45,MTBLS798,-7
7911,34,AMBIGUOUS: MTBLS395,-588
7912,34,AMBIGUOUS: MTBLS395,-616
7913,45,MTBLS798,4
7914,29,unassigned,4542
7915,34,AMBIGUOUS: MTBLS395,-773
7916,34,AMBIGUOUS: MTBLS395,-749
7917,12,AMBIGUOUS: MTBLS147,-778
7918,12,AMBIGUOUS: MTBLS147,-695
7919,12,AMBIGUOUS: MTBLS147,-784
7920,12,AMBIGUOUS: MTBLS147,-763
7921,12,AMBIGUOUS: MTBLS147,-800
7922,34,AMBIGUOUS: MTBLS395,-771
7923,34,AMBIGUOUS: MTBLS395,-762
7924,34,AMBIGUOUS: MTBLS395,-769
7925,12,AMBIGUOUS: MTBLS147,-790
7926,29,unassigned,4556
7927,34,AMBIGUOUS: MTBLS395,-768
7928,34,AMBIGUOUS: MTBLS395,-753
7929,34,AMBIGUOUS: MTBLS395,-727
7930,34,AMBIGUOUS: MTBLS395,-748
7931,12,AMBIGUOUS: MTBLS147,-778
7932,34,AMBIGUOUS: MTBLS395,-766
7933,12,AMBIGUOUS: MTBLS147,-812
7934,45,MTBLS798,-5
7935,12,AMBIGUOUS: MTBLS147,-769
7936,12,AMBIGUOUS: MTBLS147,-782
7937,34,AMBIGUOUS: MTBLS395,-766
7938,34,AMBIGUOUS: MTBLS395,-755
7939,12,AMBIGUOUS: MTBLS147,-792
7940,12,AMBIGUOUS: MTBLS147,-750
7941,34,AMBIGUOUS: MTBLS395,-763
7942,45,MTBLS798,-11
7943,12,AMBIGUOUS: MTBLS147,-756
7944,45,MTBLS798,7
7945,12,AMBIGUOUS: MTBLS147,-664
7946,53,unassigned,436
7947,45,MTBLS798,-5
7948,45,MTBLS798,-6
7949,12,AMBIGUOUS: MTBLS147,-692
7950,12,AMBIGUOUS: MTBLS147,-700
7951,45,MTBLS798,3
7952,34,AMBIGUOUS: MTBLS395,-648
7953,34,AMBIGUOUS: MTBLS395,-771
7954,34,AMBIGUOUS: MTBLS395,-768
7955,34,AMBIGUOUS: MTBLS395,-743
7956,34,AMBIGUOUS: MTBLS395,-732
7957,12,AMBIGUOUS: MTBLS147,-782
7958,12,AMBIGUOUS: MTBLS147,-778
7959,34,AMBIGUOUS: MTBLS395,-761
7960,12,AMBIGUOUS: MTBLS147,-781
7961,12,AMBIGUOUS: MTBLS147,-780
7962,34,AMBIGUOUS: MTBLS395,-807
7963,34,AMBIGUOUS: MTBLS395,-775
7964,45,MTBLS798,-6
7965,12,AMBIGUOUS: MTBLS147,-767
7966,12,AMBIGUOUS: MTBLS147,-779
7967,34,AMBIGUOUS: MTBLS395,-785
7968,34,AMBIGUOUS: MTBLS395,-779
7969,34,AMBIGUOUS: MTBLS395,-565
7970,34,AMBIGUOUS: MTBLS395,-767
7971,34,AMBIGUOUS: MTBLS395,-704
7972,12,AMBIGUOUS: MTBLS147,-764
7973,34,AMBIGUOUS: MTBLS395,-759
7974,34,AMBIGUOUS: MTBLS395,-654
7975,12,AMBIGUOUS: MTBLS147,-783
7976,34,AMBIGUOUS: MTBLS395,-761
7977,53,unassigned,472
7978,12,AMBIGUOUS: MTBLS147,-778
7979,12,AMBIGUOUS: MTBLS147,-779
7980,34,AMBIGUOUS: MTBLS395,-773
7981,12,AMBIGUOUS: MTBLS147,-715
7982,34,AMBIGUOUS: MTBLS395,-687
7983,34,AMBIGUOUS: MTBLS395,-768
7984,12,AMBIGUOUS: MTBLS147,-771
7985,44,unassigned,7159
7986,34,AMBIGUOUS: MTBLS395,-697
7987,50,unassigned,-240
7988,12,AMBIGUOUS: MTBLS147,-755
7989,12,AMBIGUOUS: MTBLS147,-778
7990,34,AMBIGUOUS: MTBLS395,-730
7991,34,AMBIGUOUS: MTBLS395,-762
7992,12,AMBIGUOUS: MTBLS147,-784
7993,45,MTBLS798,19
7994,34,AMBIGUOUS: MTBLS395,-756
7995,12,AMBIGUOUS: MTBLS147,-787
7996,34,AMBIGUOUS: MTBLS395,-771
7997,34,AMBIGUOUS: MTBLS395,-779
7998,34,AMBIGUOUS: MTBLS395,-769
7999,45,MTBLS798,7
8000,12,AMBIGUOUS: MTBLS147,-759
8001,12,AMBIGUOUS: MTBLS147,-774
8002,34,AMBIGUOUS: MTBLS395,-774
8003,34,AMBIGUOUS: MTBLS395,-573
8004,12,AMBIGUOUS: MTBLS147,-773
8005,34,AMBIGUOUS: MTBLS395,-768
8006,34,AMBIGUOUS: MTBLS395,-771
8007,97,unassigned,427
8008,12,AMBIGUOUS: MTBLS147,-790
8009,12,AMBIGUOUS: MTBLS147,-707
8010,34,AMBIGUOUS: MTBLS395,-506
8011,45,MTBLS798,9
8012,53,unassigned,408
8013,12,AMBIGUOUS: MTBLS147,-790
8014,12,AMBIGUOUS: MTBLS147,-783
8015,12,AMBIGUOUS: MTBLS147,-798
8016,12,AMBIGUOUS: MTBLS147,-770
8017,12,AMBIGUOUS: MTBLS147,-806
8018,45,MTBLS798,7
8019,12,AMBIGUOUS: MTBLS147,-801
8020,34,AMBIGUOUS: MTBLS395,-763
8021,34,AMBIGUOUS: MTBLS395,-502
8022,12,AMBIGUOUS: MTBLS147,-682
8023,12,AMBIGUOUS: MTBLS147,-782
8024,29,unassigned,4531
8025,34,AMBIGUOUS: MTBLS395,-616
8026,12,AMBIGUOUS: MTBLS147,-785
8027,12,AMBIGUOUS: MTBLS147,-782
8028,12,AMBIGUOUS: MTBLS147,-788
8029,12,AMBIGUOUS: MTBLS147,-768
8030,45,MTBLS798,14
8031,12,AMBIGUOUS: MTBLS147,-780
8032,12,AMBIGUOUS: MTBLS147,-785
8033,67,unassigned,-3342
8034,34,AMBIGUOUS: MTBLS395,-604
8035,34,AMBIGUOUS: MTBLS395,-768
8036,34,AMBIGUOUS: MTBLS395,-756
8037,12,AMBIGUOUS: MTBLS147,-779
8038,65,unassigned,-261
8039,29,unassigned,4544
8040,12,AMBIGUOUS: MTBLS147,-785
8041,29,unassigned,4556
8042,12,AMBIGUOUS: MTBLS147,-689
8043,34,AMBIGUOUS: MTBLS395,-771
8044,34,AMBIGUOUS: MTBLS395,-757
8045,12,AMBIGUOUS: MTBLS147,-769
8046,34,AMBIGUOUS: MTBLS395,-784
8047,12,AMBIGUOUS: MTBLS147,-790
8048,34,AMBIGUOUS: MTBLS395,-756
8049,45,MTBLS798,-1
8050,34,AMBIGUOUS: MTBLS395,-776
8051,12,AMBIGUOUS: MTBLS147,-784
8052,45,MTBLS798,6
8053,45,MTBLS798,28
8054,12,AMBIGUOUS: MTBLS147,-784
8055,45,MTBLS798,12
8056,45,MTBLS798,16
8057,12,AMBIGUOUS: MTBLS147,-784
8058,34,AMBIGUOUS: MTBLS395,-779
8059,12,AMBIGUOUS: MTBLS147,-752
8060,29,unassigned,4538
8061,12,AMBIGUOUS: MTBLS147,-772
8062,29,unassigned,4536
8063,34,AMBIGUOUS: MTBLS395,-708
8064,34,AMBIGUOUS: MTBLS395,-537
8065,50,unassigned,-244
8066,12,AMBIGUOUS: MTBLS147,-783
8067,34,AMBIGUOUS: MTBLS395,-851
8068,34,AMBIGUOUS: MTBLS395,-770
8069,12,AMBIGUOUS: MTBLS147,-757
8070,34,AMBIGUOUS: MTBLS395,-606
8071,34,AMBIGUOUS: MTBLS395,-769
8072,12,AMBIGUOUS: MTBLS147,-791
8073,53,unassigned,461
8074,34,AMBIGUOUS: MTBLS395,-502
8075,12,AMBIGUOUS: MTBLS147,-689
8076,12,AMBIGUOUS: MTBLS147,-800
8077,12,AMBIGUOUS: MTBLS147,-759
8078,34,AMBIGUOUS: MTBLS395,-779
8079,12,AMBIGUOUS: MTBLS147,-754
8080,45,MTBLS798,8
8081,45,MTBLS798,10
8082,34,AMBIGUOUS: MTBLS395,-776
8083,12,AMBIGUOUS: MTBLS147,-802
8084,34,AMBIGUOUS: MTBLS395,-759
8085,34,AMBIGUOUS: MTBLS395,-763
8086,12,AMBIGUOUS: MTBLS147,-779
8087,12,AMBIGUOUS: MTBLS147,-783
8088,12,AMBIGUOUS: MTBLS147,-773
8089,12,AMBIGUOUS: MTBLS147,-692
8090,34,AMBIGUOUS: MTBLS395,-832
8091,34,AMBIGUOUS: MTBLS395,-506
8092,12,AMBIGUOUS: MTBLS147,-805
8093,12,AMBIGUOUS: MTBLS147,-706
8094,12,AMBIGUOUS: MTBLS147,-789
8095,12,AMBIGUOUS: MTBLS147,-705
8096,12,AMBIGUOUS: MTBLS147,-781
8097,12,AMBIGUOUS: MTBLS147,-755
8098,12,AMBIGUOUS: MTBLS147,-779
8099,12,AMBIGUOUS: MTBLS147,-755
8100,53,unassigned,425
8101,12,AMBIGUOUS: MTBLS147,-804
8102,34,AMBIGUOUS: MTBLS395,-771
8103,12,AMBIGUOUS: MTBLS147,-794
8104,34,AMBIGUOUS: MTBLS395,-757
8105,12,AMBIGUOUS: MTBLS147,-788
8106,34,AMBIGUOUS: MTBLS395,-781
8107,34,AMBIGUOUS: MTBLS395,-568
8108,12,AMBIGUOUS: MTBLS147,-778
8109,12,AMBIGUOUS: MTBLS147,-777
8110,12,AMBIGUOUS: MTBLS147,-705
8111,34,AMBIGUOUS: MTBLS395,-774
8112,12,AMBIGUOUS: MTBLS147,-781
8113,34,AMBIGUOUS: MTBLS395,-764
8114,98,unassigned,-932
8115,34,AMBIGUOUS: MTBLS395,-588
8116,12,AMBIGUOUS: MTBLS147,-784
8117,45,MTBLS798,-6
8118,34,AMBIGUOUS: MTBLS395,-758
8119,12,AMBIGUOUS: MTBLS147,-791
8120,12,AMBIGUOUS: MTBLS147,-693
8121,12,AMBIGUOUS: MTBLS147,-700
8122,12,AMBIGUOUS: MTBLS147,-788
8123,34,AMBIGUOUS: MTBLS395,-555
8124,12,AMBIGUOUS: MTBLS147,-758
8125,34,AMBIGUOUS: MTBLS395,-774
8126,12,AMBIGUOUS: MTBLS147,-776
8127,53,unassigned,410
8128,12,AMBIGUOUS: MTBLS147,-791
8129,34,AMBIGUOUS: MTBLS395,-548
8130,38,unassigned,7020
8131,45,MTBLS798,-21
8132,12,AMBIGUOUS: MTBLS147,-797
8133,34,AMBIGUOUS: MTBLS395,-760
8134,12,AMBIGUOUS: MTBLS147,-692
8135,45,MTBLS798,1
8136,12,AMBIGUOUS: MTBLS147,-686
8137,45,MTBLS798,14
8138,12,AMBIGUOUS: MTBLS147,-709
8139,45,MTBLS798,6
8140,34,AMBIGUOUS: MTBLS395,-773
8141,12,AMBIGUOUS: MTBLS147,-788
8142,29,unassigned,4540
8143,53,unassigned,472
8144,34,AMBIGUOUS: MTBLS395,-759
8145,34,AMBIGUOUS: MTBLS395,-563
8146,34,AMBIGUOUS: MTBLS395,-553
8147,34,AMBIGUOUS: MTBLS395,-772
8148,34,AMBIGUOUS: MTBLS395,-670
8149,34,AMBIGUOUS: MTBLS395,-774
8150,12,AMBIGUOUS: MTBLS147,-789
8151,45,MTBLS798,-9
8152,12,AMBIGUOUS: MTBLS147,-802
8153,34,AMBIGUOUS: MTBLS395,-866
8154,45,MTBLS798,7
8155,12,AMBIGUOUS: MTBLS147,-778
8156,34,AMBIGUOUS: MTBLS395,-567
8157,34,AMBIGUOUS: MTBLS395,-749
8158,34,AMBIGUOUS: MTBLS395,-593
8159,71,unassigned,-3591
8160,53,unassigned,540
8161,34,AMBIGUOUS: MTBLS395,-665
8162,34,AMBIGUOUS: MTBLS395,-775
8163,34,AMBIGUOUS: MTBLS395,-757
8164,12,AMBIGUOUS: MTBLS147,-778
8165,12,AMBIGUOUS: MTBLS147,-684
8166,34,AMBIGUOUS: MTBLS395,-744
8167,12,AMBIGUOUS: MTBLS147,-784
8168,12,AMBIGUOUS: MTBLS147,-709
8169,34,AMBIGUOUS: MTBLS395,-776
8170,12,AMBIGUOUS: MTBLS147,-780
8171,34,AMBIGUOUS: MTBLS395,-771
8172,34,AMBIGUOUS: MTBLS395,-601
8173,34,AMBIGUOUS: MTBLS395,-558
8174,12,AMBIGUOUS: MTBLS147,-781
8175,34,AMBIGUOUS: MTBLS395,-630
8176,45,MTBLS798,13
8177,12,AMBIGUOUS: MTBLS147,-777
8178,34,AMBIGUOUS: MTBLS395,-756
8179,53,unassigned,551
8180,34,AMBIGUOUS: MTBLS395,-746
8181,12,AMBIGUOUS: MTBLS147,-777
8182,45,MTBLS798,-15
8183,12,AMBIGUOUS: MTBLS147,-783
8184,12,AMBIGUOUS: MTBLS147,-758
8185,12,AMBIGUOUS: MTBLS147,-764
8186,12,AMBIGUOUS: MTBLS147,-775
8187,34,AMBIGUOUS: MTBLS395,-777
8188,34,AMBIGUOUS: MTBLS395,-758
8189,34,AMBIGUOUS: MTBLS395,-776
8190,46,unassigned,578
8191,34,AMBIGUOUS: MTBLS395,-768
8192,34,AMBIGUOUS: MTBLS395,-512
8193,29,unassigned,4557
8194,34,AMBIGUOUS: MTBLS395,-574
8195,34,AMBIGUOUS: MTBLS395,-768
8196,98,unassigned,-940
8197,34,AMBIGUOUS: MTBLS395,-612
8198,34,AMBIGUOUS: MTBLS395,-837
8199,34,AMBIGUOUS: MTBLS395,-766
8200,45,MTBLS798,-10
8201,34,AMBIGUOUS: MTBLS395,-561
8202,34,AMBIGUOUS: MTBLS395,-775
8203,12,AMBIGUOUS: MTBLS147,-784
8204,45,MTBLS798,70
8205,53,unassigned,514
8206,34,AMBIGUOUS: MTBLS395,-409
8207,12,AMBIGUOUS: MTBLS147,-774
8208,34,AMBIGUOUS: MTBLS395,-779
8209,34,AMBIGUOUS: MTBLS395,-786
8210,62,MTBLS46,-822
8211,34,AMBIGUOUS: MTBLS395,-622
8212,34,AMBIGUOUS: MTBLS395,-490
8213,29,unassigned,4537
8214,34,AMBIGUOUS: MTBLS395,-614
8215,12,AMBIGUOUS: MTBLS147,-757
8216,29,unassigned,4544
8217,12,AMBIGUOUS: MTBLS147,-777
8218,34,AMBIGUOUS: MTBLS395,-766
8219,12,AMBIGUOUS: MTBLS147,-804
8220,34,AMBIGUOUS: MTBLS395,-767
8221,34,AMBIGUOUS: MTBLS395,-790
8222,12,AMBIGUOUS: MTBLS147,-785
8223,34,AMBIGUOUS: MTBLS395,-774
8224,12,AMBIGUOUS: MTBLS147,-687
8225,29,unassigned,4547
8226,99,unassigned,-6
8227,34,AMBIGUOUS: MTBLS395,-429
8228,34,AMBIGUOUS: MTBLS395,-770
8229,12,AMBIGUOUS: MTBLS147,-786
8230,45,MTBLS798,24
8231,12,AMBIGUOUS: MTBLS147,-781
8232,34,AMBIGUOUS: MTBLS395,-780
8233,34,AMBIGUOUS: MTBLS395,-760
8234,12,AMBIGUOUS: MTBLS147,-778
8235,34,AMBIGUOUS: MTBLS395,-759
8236,12,AMBIGUOUS: MTBLS147,-788
8237,34,AMBIGUOUS: MTBLS395,-785
8238,12,AMBIGUOUS: MTBLS147,-778
8239,45,MTBLS798,-1
8240,34,AMBIGUOUS: MTBLS395,-600
8241,34,AMBIGUOUS: MTBLS395,-754
8242,50,unassigned,-247
8243,62,MTBLS46,-820
8244,12,AMBIGUOUS: MTBLS147,-693
8245,29,unassigned,4543
8246,12,AMBIGUOUS: MTBLS147,-785
8247,12,AMBIGUOUS: MTBLS147,-760
8248,34,AMBIGUOUS: MTBLS395,-573
8249,34,AMBIGUOUS: MTBLS395,-777
8250,12,AMBIGUOUS: MTBLS147,-787
8251,12,AMBIGUOUS: MTBLS147,-758
8252,12,AMBIGUOUS: MTBLS147,-774
8253,12,AMBIGUOUS: MTBLS147,-786
8254,34,AMBIGUOUS: MTBLS395,-766
8255,34,AMBIGUOUS: MTBLS395,-778
8256,34,AMBIGUOUS: MTBLS395,-773
8257,12,AMBIGUOUS: MTBLS147,-691
8258,12,AMBIGUOUS: MTBLS147,-796
8259,34,AMBIGUOUS: MTBLS395,-771
8260,45,MTBLS798,1
8261,12,AMBIGUOUS: MTBLS147,-786
8262,34,AMBIGUOUS: MTBLS395,-780
8263,12,AMBIGUOUS: MTBLS147,-710
8264,34,AMBIGUOUS: MTBLS395,-570
8265,34,AMBIGUOUS: MTBLS395,-775
8266,12,AMBIGUOUS: MTBLS147,-778
8267,34,AMBIGUOUS: MTBLS395,-769
8268,34,AMBIGUOUS: MTBLS395,-521
8269,34,AMBIGUOUS: MTBLS395,-599
8270,34,AMBIGUOUS: MTBLS395,-749
8271,34,AMBIGUOUS: MTBLS395,-764
8272,12,AMBIGUOUS: MTBLS147,-763
8273,34,AMBIGUOUS: MTBLS395,-760
8274,34,AMBIGUOUS: MTBLS395,-760
8275,12,AMBIGUOUS: MTBLS147,-775
8276,34,AMBIGUOUS: MTBLS395,-781
8277,53,unassigned,477
8278,34,AMBIGUOUS: MTBLS395,-547
8279,34,AMBIGUOUS: MTBLS395,-521
8280,34,AMBIGUOUS: MTBLS395,-623
8281,34,AMBIGUOUS: MTBLS395,-768
8282,34,AMBIGUOUS: MTBLS395,-715
8283,46,unassigned,555
8284,34,AMBIGUOUS: MTBLS395,-754
8285,12,AMBIGUOUS: MTBLS147,-786
8286,34,AMBIGUOUS: MTBLS395,-768
8287,12,AMBIGUOUS: MTBLS147,-775
8288,34,AMBIGUOUS: MTBLS395,-771
8289,34,AMBIGUOUS: MTBLS395,-778
8290,67,unassigned,-3334
8291,65,unassigned,-236
8292,34,AMBIGUOUS: MTBLS395,-583
8293,12,AMBIGUOUS: MTBLS147,-781
8294,34,AMBIGUOUS: MTBLS395,-781
8295,12,AMBIGUOUS: MTBLS147,-776
8296,45,MTBLS798,1
8297,68,MTBLS2336,-830
8298,12,AMBIGUOUS: MTBLS147,-781
8299,12,AMBIGUOUS: MTBLS147,-786
8300,12,AMBIGUOUS: MTBLS147,-784
8301,12,AMBIGUOUS: MTBLS147,-753
8302,12,AMBIGUOUS: MTBLS147,-775
8303,34,AMBIGUOUS: MTBLS395,-579
8304,12,AMBIGUOUS: MTBLS147,-787
8305,12,AMBIGUOUS: MTBLS147,-783
8306,53,unassigned,555
8307,34,AMBIGUOUS: MTBLS395,-771
8308,34,AMBIGUOUS: MTBLS395,-765
8309,34,AMBIGUOUS: MTBLS395,-770
8310,34,AMBIGUOUS: MTBLS395,-766
8311,12,AMBIGUOUS: MTBLS147,-785
8312,12,AMBIGUOUS: MTBLS147,-780
8313,34,AMBIGUOUS: MTBLS395,-770
8314,45,MTBLS798,-26
8315,34,AMBIGUOUS: MTBLS395,-716
8316,34,AMBIGUOUS: MTBLS395,-801
8317,34,AMBIGUOUS: MTBLS395,-760
8318,34,AMBIGUOUS: MTBLS395,-658
8319,34,AMBIGUOUS: MTBLS395,-779
8320,45,MTBLS798,-10
8321,34,AMBIGUOUS: MTBLS395,-778
8322,10,unassigned,7047
8323,10,unassigned,7047
8324,12,AMBIGUOUS: MTBLS147,-793
8325,34,AMBIGUOUS: MTBLS395,-616
8326,34,AMBIGUOUS: MTBLS395,-751
8327,34,AMBIGUOUS: MTBLS395,-552
8328,34,AMBIGUOUS: MTBLS395,-569
8329,34,AMBIGUOUS: MTBLS395,-784
8330,12,AMBIGUOUS: MTBLS147,-774
8331,12,AMBIGUOUS: MTBLS147,-788
8332,12,AMBIGUOUS: MTBLS147,-785
8333,12,AMBIGUOUS: MTBLS147,-788
8334,12,AMBIGUOUS: MTBLS147,-758
8335,34,AMBIGUOUS: MTBLS395,-777
8336,12,AMBIGUOUS: MTBLS147,-771
8337,12,AMBIGUOUS: MTBLS147,-685
8338,34,AMBIGUOUS: MTBLS395,-768
8339,34,AMBIGUOUS: MTBLS395,-763
8340,34,AMBIGUOUS: MTBLS395,-765
8341,100,unassigned,1732
8342,34,AMBIGUOUS: MTBLS395,-750
8343,12,AMBIGUOUS: MTBLS147,-785
8344,34,AMBIGUOUS: MTBLS395,-754
8345,34,AMBIGUOUS: MTBLS395,-778
8346,34,AMBIGUOUS: MTBLS395,-747
8347,29,unassigned,4526
8348,12,AMBIGUOUS: MTBLS147,-783
8349,45,MTBLS798,12
8350,12,AMBIGUOUS: MTBLS147,-784
8351,34,AMBIGUOUS: MTBLS395,-515
8352,34,AMBIGUOUS: MTBLS395,-764
8353,12,AMBIGUOUS: MTBLS147,-793
8354,34,AMBIGUOUS: MTBLS395,-564
8355,12,AMBIGUOUS: MTBLS147,-779
8356,12,AMBIGUOUS: MTBLS147,-702
8357,12,AMBIGUOUS: MTBLS147,-784
8358,50,unassigned,-234
8359,12,AMBIGUOUS: MTBLS147,-770
8360,12,AMBIGUOUS: MTBLS147,-773
8361,34,AMBIGUOUS: MTBLS395,-568
8362,12,AMBIGUOUS: MTBLS147,-756
8363,10,unassigned,7041
8364,10,unassigned,7041
8365,34,AMBIGUOUS: MTBLS395,-773
8366,12,AMBIGUOUS: MTBLS147,-775
8367,34,AMBIGUOUS: MTBLS395,-780
8368,34,AMBIGUOUS: MTBLS395,-766
8369,34,AMBIGUOUS: MTBLS395,-779
8370,34,AMBIGUOUS: MTBLS395,-581
8371,12,AMBIGUOUS: MTBLS147,-772
8372,34,AMBIGUOUS: MTBLS395,-630
8373,40,unassigned,-262
8374,34,AMBIGUOUS: MTBLS395,-787
8375,34,AMBIGUOUS: MTBLS395,-761
8376,46,unassigned,558
8377,12,AMBIGUOUS: MTBLS147,-790
8378,12,AMBIGUOUS: MTBLS147,-793
8379,12,AMBIGUOUS: MTBLS147,-788
8380,34,AMBIGUOUS: MTBLS395,-761
8381,34,AMBIGUOUS: MTBLS395,-755
8382,34,AMBIGUOUS: MTBLS395,-606
8383,12,AMBIGUOUS: MTBLS147,-791
8384,12,AMBIGUOUS: MTBLS147,-757
8385,29,unassigned,4563
8386,12,AMBIGUOUS: MTBLS147,-784
8387,34,AMBIGUOUS: MTBLS395,-758
8388,12,AMBIGUOUS: MTBLS147,-711
8389,34,AMBIGUOUS: MTBLS395,-753
8390,34,AMBIGUOUS: MTBLS395,-752
8391,12,AMBIGUOUS: MTBLS147,-709
8392,12,AMBIGUOUS: MTBLS147,-691
8393,34,AMBIGUOUS: MTBLS395,-755
8394,34,AMBIGUOUS: MTBLS395,-791
8395,34,AMBIGUOUS: MTBLS395,-746
8396,34,AMBIGUOUS: MTBLS395,-773
8397,34,AMBIGUOUS: MTBLS395,-525
8398,101,unassigned,6200
8399,34,AMBIGUOUS: MTBLS395,-730
8400,34,AMBIGUOUS: MTBLS395,-532
8401,12,AMBIGUOUS: MTBLS147,-756
8402,34,AMBIGUOUS: MTBLS395,-766
8403,12,AMBIGUOUS: MTBLS147,-784
8404,12,AMBIGUOUS: MTBLS147,-808
8405,34,AMBIGUOUS: MTBLS395,-769
8406,12,AMBIGUOUS: MTBLS147,-768
8407,34,AMBIGUOUS: MTBLS395,-599
8408,101,unassigned,6215
8409,12,AMBIGUOUS: MTBLS147,-781
8410,34,AMBIGUOUS: MTBLS395,-752
8411,12,AMBIGUOUS: MTBLS147,-801
8412,45,MTBLS798,-3
8413,12,AMBIGUOUS: MTBLS147,-783
8414,12,AMBIGUOUS: MTBLS147,-788
8415,34,AMBIGUOUS: MTBLS395,-547
8416,34,AMBIGUOUS: MTBLS395,-438
8417,12,AMBIGUOUS: MTBLS147,-760
8418,8,unassigned,4303
8419,8,unassigned,4303
8420,34,AMBIGUOUS: MTBLS395,-767
8421,34,AMBIGUOUS: MTBLS395,-767
8422,53,unassigned,486
8423,34,AMBIGUOUS: MTBLS395,-684
8424,12,AMBIGUOUS: MTBLS147,-804
8425,29,unassigned,4550
8426,12,AMBIGUOUS: MTBLS147,-782
8427,34,AMBIGUOUS: MTBLS395,-773
8428,12,AMBIGUOUS: MTBLS147,-776
8429,12,AMBIGUOUS: MTBLS147,-752
8430,34,AMBIGUOUS: MTBLS395,-778
8431,34,AMBIGUOUS: MTBLS395,-763
8432,12,AMBIGUOUS: MTBLS147,-771
8433,12,AMBIGUOUS: MTBLS147,-785
8434,12,AMBIGUOUS: MTBLS147,-751
8435,34,AMBIGUOUS: MTBLS395,-629
8436,12,AMBIGUOUS: MTBLS147,-689
8437,12,AMBIGUOUS: MTBLS147,-763
8438,102,unassigned,517
8439,34,AMBIGUOUS: MTBLS395,-774
8440,12,AMBIGUOUS: MTBLS147,-766
8441,65,unassigned,-268
8442,12,AMBIGUOUS: MTBLS147,-779
8443,34,AMBIGUOUS: MTBLS395,-770
8444,34,AMBIGUOUS: MTBLS395,-773
8445,29,unassigned,4559
8446,34,AMBIGUOUS: MTBLS395,-585
8447,34,AMBIGUOUS: MTBLS395,-783
8448,10,unassigned,7004
8449,10,unassigned,7004
8450,12,AMBIGUOUS: MTBLS147,-783
8451,34,AMBIGUOUS: MTBLS395,-768
8452,34,AMBIGUOUS: MTBLS395,-779
8453,34,AMBIGUOUS: MTBLS395,-774
8454,34,AMBIGUOUS: MTBLS395,-724
8455,34,AMBIGUOUS: MTBLS395,-594
8456,34,AMBIGUOUS: MTBLS395,-770
8457,12,AMBIGUOUS: MTBLS147,-786
8458,34,AMBIGUOUS: MTBLS395,-578
8459,12,AMBIGUOUS: MTBLS147,-760
8460,34,AMBIGUOUS: MTBLS395,-775
8461,34,AMBIGUOUS: MTBLS395,-755
8462,34,AMBIGUOUS: MTBLS395,-573
8463,34,AMBIGUOUS: MTBLS395,-772
8464,34,AMBIGUOUS: MTBLS395,-774
8465,34,AMBIGUOUS: MTBLS395,-557
8466,12,AMBIGUOUS: MTBLS147,-768
8467,34,AMBIGUOUS: MTBLS395,-775
8468,34,AMBIGUOUS: MTBLS395,-775
8469,12,AMBIGUOUS: MTBLS147,-789
8470,50,unassigned,-248
8471,34,AMBIGUOUS: MTBLS395,-656
8472,45,MTBLS798,-5
8473,34,AMBIGUOUS: MTBLS395,-572
8474,12,AMBIGUOUS: MTBLS147,-779
8475,34,AMBIGUOUS: MTBLS395,-766
8476,12,AMBIGUOUS: MTBLS147,-762
8477,34,AMBIGUOUS: MTBLS395,-569
8478,12,AMBIGUOUS: MTBLS147,-767
8479,34,AMBIGUOUS: MTBLS395,-596
8480,12,AMBIGUOUS: MTBLS147,-780
8481,34,AMBIGUOUS: MTBLS395,-444
8482,53,unassigned,461
8483,12,AMBIGUOUS: MTBLS147,-776
8484,34,AMBIGUOUS: MTBLS395,-628
8485,29,unassigned,4546
8486,12,AMBIGUOUS: MTBLS147,-770
8487,34,AMBIGUOUS: MTBLS395,-793
8488,12,AMBIGUOUS: MTBLS147,-791
8489,46,unassigned,543
8490,103,unassigned,472
8491,34,AMBIGUOUS: MTBLS395,-779
8492,12,AMBIGUOUS: MTBLS147,-791
8493,12,AMBIGUOUS: MTBLS147,-755
8494,34,AMBIGUOUS: MTBLS395,-775
8495,104,unassigned,7064
8496,34,AMBIGUOUS: MTBLS395,-779
8497,12,AMBIGUOUS: MTBLS147,-780
8498,34,AMBIGUOUS: MTBLS395,-754
8499,12,AMBIGUOUS: MTBLS147,-791
8500,12,AMBIGUOUS: MTBLS147,-781
8501,12,AMBIGUOUS: MTBLS147,-789
8502,12,AMBIGUOUS: MTBLS147,-799
8503,34,AMBIGUOUS: MTBLS395,-622
8504,34,AMBIGUOUS: MTBLS395,-765
8505,12,AMBIGUOUS: MTBLS147,-780
8506,34,AMBIGUOUS: MTBLS395,-746
8507,12,AMBIGUOUS: MTBLS147,-778
8508,71,unassigned,-3591
8509,29,unassigned,4530
8510,34,AMBIGUOUS: MTBLS395,-582
8511,34,AMBIGUOUS: MTBLS395,-547
8512,34,AMBIGUOUS: MTBLS395,-772
8513,12,AMBIGUOUS: MTBLS147,-774
8514,12,AMBIGUOUS: MTBLS147,-768
8515,34,AMBIGUOUS: MTBLS395,-568
8516,34,AMBIGUOUS: MTBLS395,-766
8517,12,AMBIGUOUS: MTBLS147,-761
8518,34,AMBIGUOUS: MTBLS395,-545
8519,34,AMBIGUOUS: MTBLS395,-778
8520,12,AMBIGUOUS: MTBLS147,-761
8521,34,AMBIGUOUS: MTBLS395,-748
8522,53,unassigned,466
8523,12,AMBIGUOUS: MTBLS147,-753
8524,34,AMBIGUOUS: MTBLS395,-770
8525,34,AMBIGUOUS: MTBLS395,-672
8526,12,AMBIGUOUS: MTBLS147,-782
8527,12,AMBIGUOUS: MTBLS147,-794
8528,34,AMBIGUOUS: MTBLS395,-776
8529,8,unassigned,4307
8530,8,unassigned,4307
8531,12,AMBIGUOUS: MTBLS147,-778
8532,12,AMBIGUOUS: MTBLS147,-779
8533,12,AMBIGUOUS: MTBLS147,-753
8534,34,AMBIGUOUS: MTBLS395,-759
8535,34,AMBIGUOUS: MTBLS395,-797
8536,12,AMBIGUOUS: MTBLS147,-764
8537,34,AMBIGUOUS: MTBLS395,-767
8538,98,unassigned,-966
8539,12,AMBIGUOUS: MTBLS147,-779
8540,34,AMBIGUOUS: MTBLS395,-770
8541,34,AMBIGUOUS: MTBLS395,-838
8542,12,AMBIGUOUS: MTBLS147,-772
8543,12,AMBIGUOUS: MTBLS147,-779
8544,34,AMBIGUOUS: MTBLS395,-770
8545,12,AMBIGUOUS: MTBLS147,-778
8546,34,AMBIGUOUS: MTBLS395,-769
8547,12,AMBIGUOUS: MTBLS147,-777
8548,12,AMBIGUOUS: MTBLS147,-809
8549,34,AMBIGUOUS: MTBLS395,-771
8550,45,MTBLS798,8
8551,34,AMBIGUOUS: MTBLS395,-609
8552,34,AMBIGUOUS: MTBLS395,-799
8553,34,AMBIGUOUS: MTBLS395,-771
8554,12,AMBIGUOUS: MTBLS147,-781
8555,34,AMBIGUOUS: MTBLS395,-572
8556,34,AMBIGUOUS: MTBLS395,-617
8557,53,unassigned,422
8558,34,AMBIGUOUS: MTBLS395,-580
8559,34,AMBIGUOUS: MTBLS395,-616
8560,12,AMBIGUOUS: MTBLS147,-787
8561,34,AMBIGUOUS: MTBLS395,-766
8562,34,AMBIGUOUS: MTBLS395,-771
8563,34,AMBIGUOUS: MTBLS395,-782
8564,67,unassigned,-3343
8565,34,AMBIGUOUS: MTBLS395,-773
8566,34,AMBIGUOUS: MTBLS395,-625
8567,34,AMBIGUOUS: MTBLS395,-550
8568,53,unassigned,429
8569,12,AMBIGUOUS: MTBLS147,-756
8570,45,MTBLS798,6
8571,34,AMBIGUOUS: MTBLS395,-560
8572,29,unassigned,4543
8573,34,AMBIGUOUS: MTBLS395,-504
8574,12,AMBIGUOUS: MTBLS147,-784
8575,12,AMBIGUOUS: MTBLS147,-795
8576,12,AMBIGUOUS: MTBLS147,-758
8577,12,AMBIGUOUS: MTBLS147,-789
8578,34,AMBIGUOUS: MTBLS395,-576
8579,34,AMBIGUOUS: MTBLS395,-599
8580,34,AMBIGUOUS: MTBLS395,-751
8581,34,AMBIGUOUS: MTBLS395,-768
8582,12,AMBIGUOUS: MTBLS147,-773
8583,34,AMBIGUOUS: MTBLS395,-761
8584,34,AMBIGUOUS: MTBLS395,-767
8585,34,AMBIGUOUS: MTBLS395,-628
8586,34,AMBIGUOUS: MTBLS395,-780
8587,34,AMBIGUOUS: MTBLS395,-775
8588,12,AMBIGUOUS: MTBLS147,-777
8589,105,unassigned,-498
8590,12,AMBIGUOUS: MTBLS147,-699
8591,12,AMBIGUOUS: MTBLS147,-753
8592,34,AMBIGUOUS: MTBLS395,-555
8593,12,AMBIGUOUS: MTBLS147,-807
8594,34,AMBIGUOUS: MTBLS395,-772
8595,12,AMBIGUOUS: MTBLS147,-777
8596,12,AMBIGUOUS: MTBLS147,-792
8597,12,AMBIGUOUS: MTBLS147,-785
8598,12,AMBIGUOUS: MTBLS147,-801
8599,34,AMBIGUOUS: MTBLS395,-847
8600,12,AMBIGUOUS: MTBLS147,-789
8601,46,unassigned,561
8602,12,AMBIGUOUS: MTBLS147,-759
8603,12,AMBIGUOUS: MTBLS147,-782
8604,34,AMBIGUOUS: MTBLS395,-768
8605,34,AMBIGUOUS: MTBLS395,-722
8606,53,unassigned,517
8607,34,AMBIGUOUS: MTBLS395,-751
8608,106,unassigned,-843
8609,34,AMBIGUOUS: MTBLS395,-745
8610,98,unassigned,-968
8611,34,AMBIGUOUS: MTBLS395,-544
8612,34,AMBIGUOUS: MTBLS395,-783
8613,12,AMBIGUOUS: MTBLS147,-769
8614,12,AMBIGUOUS: MTBLS147,-776
8615,12,AMBIGUOUS: MTBLS147,-773
8616,34,AMBIGUOUS: MTBLS395,-623
8617,34,AMBIGUOUS: MTBLS395,-764
8618,34,AMBIGUOUS: MTBLS395,-767
8619,101,unassigned,6219
8620,12,AMBIGUOUS: MTBLS147,-780
8621,12,AMBIGUOUS: MTBLS147,-759
8622,12,AMBIGUOUS: MTBLS147,-781
8623,34,AMBIGUOUS: MTBLS395,-787
8624,34,AMBIGUOUS: MTBLS395,-799
8625,34,AMBIGUOUS: MTBLS395,-774
8626,12,AMBIGUOUS: MTBLS147,-781
8627,34,AMBIGUOUS: MTBLS395,-771
8628,34,AMBIGUOUS: MTBLS395,-771
8629,12,AMBIGUOUS: MTBLS147,-749
8630,12,AMBIGUOUS: MTBLS147,-784
8631,53,unassigned,564
8632,12,AMBIGUOUS: MTBLS147,-776
8633,12,AMBIGUOUS: MTBLS147,-711
8634,34,AMBIGUOUS: MTBLS395,-773
8635,12,AMBIGUOUS: MTBLS147,-762
8636,34,AMBIGUOUS: MTBLS395,-759
8637,12,AMBIGUOUS: MTBLS147,-784
8638,107,unassigned,-3180
8639,34,AMBIGUOUS: MTBLS395,-775
8640,45,MTBLS798,-20
8641,12,AMBIGUOUS: MTBLS147,-760
8642,12,AMBIGUOUS: MTBLS147,-779
8643,12,AMBIGUOUS: MTBLS147,-779
8644,12,AMBIGUOUS: MTBLS147,-801
8645,12,AMBIGUOUS: MTBLS147,-783
8646,12,AMBIGUOUS: MTBLS147,-757
8647,34,AMBIGUOUS: MTBLS395,-763
8648,12,AMBIGUOUS: MTBLS147,-759
8649,12,AMBIGUOUS: MTBLS147,-778
8650,34,AMBIGUOUS: MTBLS395,-580
8651,65,unassigned,-269
8652,12,AMBIGUOUS: MTBLS147,-775
8653,34,AMBIGUOUS: MTBLS395,-589
8654,34,AMBIGUOUS: MTBLS395,-697
8655,12,AMBIGUOUS: MTBLS147,-750
8656,34,AMBIGUOUS: MTBLS395,-750
8657,12,AMBIGUOUS: MTBLS147,-776
8658,53,unassigned,400
8659,34,AMBIGUOUS: MTBLS395,-687
8660,53,unassigned,551
8661,12,AMBIGUOUS: MTBLS147,-780
8662,34,AMBIGUOUS: MTBLS395,-784
8663,34,AMBIGUOUS: MTBLS395,-625
8664,12,AMBIGUOUS: MTBLS147,-760
8665,34,AMBIGUOUS: MTBLS395,-777
8666,12,AMBIGUOUS: MTBLS147,-766
8667,34,AMBIGUOUS: MTBLS395,-582
8668,71,unassigned,-3590
8669,53,unassigned,519
8670,34,AMBIGUOUS: MTBLS395,-770
8671,10,unassigned,6986
8672,10,unassigned,6986
8673,34,AMBIGUOUS: MTBLS395,-770
8674,12,AMBIGUOUS: MTBLS147,-773
8675,12,AMBIGUOUS: MTBLS147,-781
8676,12,AMBIGUOUS: MTBLS147,-774
8677,29,unassigned,4528
8678,33,unassigned,-2371
8679,12,AMBIGUOUS: MTBLS147,-772
8680,12,AMBIGUOUS: MTBLS147,-786
8681,12,AMBIGUOUS: MTBLS147,-773
8682,12,AMBIGUOUS: MTBLS147,-783
8683,12,AMBIGUOUS: MTBLS147,-784
8684,34,AMBIGUOUS: MTBLS395,-626
8685,108,unassigned,6984
8686,34,AMBIGUOUS: MTBLS395,-557
8687,65,unassigned,-277
8688,34,AMBIGUOUS: MTBLS395,-762
8689,34,AMBIGUOUS: MTBLS395,-751
8690,34,AMBIGUOUS: MTBLS395,-767
8691,34,AMBIGUOUS: MTBLS395,-772
8692,12,AMBIGUOUS: MTBLS147,-788
8693,34,AMBIGUOUS: MTBLS395,-584
8694,34,AMBIGUOUS: MTBLS395,-562
8695,12,AMBIGUOUS: MTBLS147,-770
8696,34,AMBIGUOUS: MTBLS395,-574
8697,12,AMBIGUOUS: MTBLS147,-771
8698,12,AMBIGUOUS: MTBLS147,-688
8699,12,AMBIGUOUS: MTBLS147,-776
8700,34,AMBIGUOUS: MTBLS395,-838
8701,12,AMBIGUOUS: MTBLS147,-777
8702,12,AMBIGUOUS: MTBLS147,-774
8703,12,AMBIGUOUS: MTBLS147,-779
8704,34,AMBIGUOUS: MTBLS395,-755
8705,34,AMBIGUOUS: MTBLS395,-767
8706,34,AMBIGUOUS: MTBLS395,-576
8707,34,AMBIGUOUS: MTBLS395,-769
8708,12,AMBIGUOUS: MTBLS147,-780
8709,12,AMBIGUOUS: MTBLS147,-776
8710,8,unassigned,4345
8711,8,unassigned,4345
8712,65,unassigned,-275
8713,12,AMBIGUOUS: MTBLS147,-771
8714,12,AMBIGUOUS: MTBLS147,-781
8715,34,AMBIGUOUS: MTBLS395,-767
8716,34,AMBIGUOUS: MTBLS395,-647
8717,12,AMBIGUOUS: MTBLS147,-775
8718,12,AMBIGUOUS: MTBLS147,-771
8719,12,AMBIGUOUS: MTBLS147,-692
8720,109,unassigned,466
8721,12,AMBIGUOUS: MTBLS147,-780
8722,53,unassigned,571
8723,110,unassigned,-471
8724,34,AMBIGUOUS: MTBLS395,-581
8725,34,AMBIGUOUS: MTBLS395,-594
8726,65,unassigned,-251
8727,12,AMBIGUOUS: MTBLS147,-698
8728,34,AMBIGUOUS: MTBLS395,-772
8729,34,AMBIGUOUS: MTBLS395,-777
8730,65,unassigned,-267
8731,34,AMBIGUOUS: MTBLS395,-665
8732,12,AMBIGUOUS: MTBLS147,-779
8733,12,AMBIGUOUS: MTBLS147,-749
8734,34,AMBIGUOUS: MTBLS395,-775
8735,12,AMBIGUOUS: MTBLS147,-779
8736,39,unassigned,7017
8737,39,unassigned,7017
8738,34,AMBIGUOUS: MTBLS395,-662
8739,34,AMBIGUOUS: MTBLS395,-748
8740,34,AMBIGUOUS: MTBLS395,-522
8741,65,unassigned,-261
8742,34,AMBIGUOUS: MTBLS395,-673
8743,34,AMBIGUOUS: MTBLS395,-749
8744,12,AMBIGUOUS: MTBLS147,-750
8745,12,AMBIGUOUS: MTBLS147,-760
8746,45,MTBLS798,1
8747,34,AMBIGUOUS: MTBLS395,-587
8748,34,AMBIGUOUS: MTBLS395,-776
8749,34,AMBIGUOUS: MTBLS395,-568
8750,111,unassigned,-3711
8751,34,AMBIGUOUS: MTBLS395,-693
8752,101,unassigned,6209
8753,34,AMBIGUOUS: MTBLS395,-604
8754,34,AMBIGUOUS: MTBLS395,-624
8755,12,AMBIGUOUS: MTBLS147,-781
8756,53,unassigned,425
8757,12,AMBIGUOUS: MTBLS147,-778
8758,12,AMBIGUOUS: MTBLS147,-709
8759,12,AMBIGUOUS: MTBLS147,-771
8760,12,AMBIGUOUS: MTBLS147,-778
8761,34,AMBIGUOUS: MTBLS395,-564
8762,12,AMBIGUOUS: MTBLS147,-792
8763,34,AMBIGUOUS: MTBLS395,-746
8764,34,AMBIGUOUS: MTBLS395,-780
8765,53,unassigned,415
8766,12,AMBIGUOUS: MTBLS147,-763
8767,34,AMBIGUOUS: MTBLS395,-764
8768,34,AMBIGUOUS: MTBLS395,-594
8769,12,AMBIGUOUS: MTBLS147,-784
8770,34,AMBIGUOUS: MTBLS395,-566
8771,29,unassigned,4530
8772,12,AMBIGUOUS: MTBLS147,-686
8773,34,AMBIGUOUS: MTBLS395,-762
8774,34,AMBIGUOUS: MTBLS395,-565
8775,12,AMBIGUOUS: MTBLS147,-773
8776,12,AMBIGUOUS: MTBLS147,-783
8777,34,AMBIGUOUS: MTBLS395,-795
8778,34,AMBIGUOUS: MTBLS395,-771
8779,12,AMBIGUOUS: MTBLS147,-779
8780,53,unassigned,435
8781,101,unassigned,6206
8782,12,AMBIGUOUS: MTBLS147,-710
8783,29,unassigned,4527
8784,34,AMBIGUOUS: MTBLS395,-762
8785,12,AMBIGUOUS: MTBLS147,-785
8786,12,AMBIGUOUS: MTBLS147,-783
8787,12,AMBIGUOUS: MTBLS147,-785
8788,34,AMBIGUOUS: MTBLS395,-555
8789,12,AMBIGUOUS: MTBLS147,-784
8790,12,AMBIGUOUS: MTBLS147,-779
8791,34,AMBIGUOUS: MTBLS395,-609
8792,12,AMBIGUOUS: MTBLS147,-780
8793,12,AMBIGUOUS: MTBLS147,-783
8794,12,AMBIGUOUS: MTBLS147,-789
8795,12,AMBIGUOUS: MTBLS147,-755
8796,34,AMBIGUOUS: MTBLS395,-566
8797,12,AMBIGUOUS: MTBLS147,-784
8798,12,AMBIGUOUS: MTBLS147,-753
8799,12,AMBIGUOUS: MTBLS147,-756
8800,12,AMBIGUOUS: MTBLS147,-785
8801,12,AMBIGUOUS: MTBLS147,-706
8802,12,AMBIGUOUS: MTBLS147,-773
8803,12,AMBIGUOUS: MTBLS147,-753
8804,34,AMBIGUOUS: MTBLS395,-776
8805,34,AMBIGUOUS: MTBLS395,-631
8806,12,AMBIGUOUS: MTBLS147,-781
8807,34,AMBIGUOUS: MTBLS395,-771
8808,12,AMBIGUOUS: MTBLS147,-779
8809,34,AMBIGUOUS: MTBLS395,-760
8810,45,MTBLS798,-9
8811,10,unassigned,6970
8812,10,unassigned,6970
8813,12,AMBIGUOUS: MTBLS147,-775
8814,12,AMBIGUOUS: MTBLS147,-774
8815,34,AMBIGUOUS: MTBLS395,-756
8816,34,AMBIGUOUS: MTBLS395,-792
8817,12,AMBIGUOUS: MTBLS147,-689
8818,34,AMBIGUOUS: MTBLS395,-622
8819,34,AMBIGUOUS: MTBLS395,-766
8820,50,unassigned,-235
8821,53,unassigned,452
8822,12,AMBIGUOUS: MTBLS147,-781
8823,29,unassigned,4554
8824,34,AMBIGUOUS: MTBLS395,-779
8825,34,AMBIGUOUS: MTBLS395,-754
8826,34,AMBIGUOUS: MTBLS395,-778
8827,12,AMBIGUOUS: MTBLS147,-781
8828,101,unassigned,6207
8829,34,AMBIGUOUS: MTBLS395,-775
8830,34,AMBIGUOUS: MTBLS395,-795
8831,12,AMBIGUOUS: MTBLS147,-788
8832,34,AMBIGUOUS: MTBLS395,-566
8833,34,AMBIGUOUS: MTBLS395,-753
8834,34,AMBIGUOUS: MTBLS395,-765
8835,112,unassigned,-293
8836,34,AMBIGUOUS: MTBLS395,-765
8837,12,AMBIGUOUS: MTBLS147,-780
8838,12,AMBIGUOUS: MTBLS147,-794
8839,10,unassigned,6991
8840,10,unassigned,6991
8841,12,AMBIGUOUS: MTBLS147,-774
8842,12,AMBIGUOUS: MTBLS147,-784
8843,12,AMBIGUOUS: MTBLS147,-686
8844,12,AMBIGUOUS: MTBLS147,-750
8845,34,AMBIGUOUS: MTBLS395,-531
8846,34,AMBIGUOUS: MTBLS395,-771
8847,101,unassigned,6218
8848,12,AMBIGUOUS: MTBLS147,-781
8849,12,AMBIGUOUS: MTBLS147,-681
8850,34,AMBIGUOUS: MTBLS395,-785
8851,12,AMBIGUOUS: MTBLS147,-785
8852,12,AMBIGUOUS: MTBLS147,-757
8853,34,AMBIGUOUS: MTBLS395,-594
8854,34,AMBIGUOUS: MTBLS395,-775
8855,53,unassigned,516
8856,12,AMBIGUOUS: MTBLS147,-758
8857,12,AMBIGUOUS: MTBLS147,-783
8858,34,AMBIGUOUS: MTBLS395,-771
8859,34,AMBIGUOUS: MTBLS395,-777
8860,12,AMBIGUOUS: MTBLS147,-762
8861,34,AMBIGUOUS: MTBLS395,-772
8862,12,AMBIGUOUS: MTBLS147,-784
8863,12,AMBIGUOUS: MTBLS147,-776
8864,34,AMBIGUOUS: MTBLS395,-605
8865,12,AMBIGUOUS: MTBLS147,-779
8866,34,AMBIGUOUS: MTBLS395,-581
8867,45,MTBLS798,-4
8868,12,AMBIGUOUS: MTBLS147,-687
8869,12,AMBIGUOUS: MTBLS147,-758
8870,34,AMBIGUOUS: MTBLS395,-778
8871,12,AMBIGUOUS: MTBLS147,-772
8872,29,unassigned,4513
8873,34,AMBIGUOUS: MTBLS395,-584
8874,34,AMBIGUOUS: MTBLS395,-762
8875,29,unassigned,4535
8876,12,AMBIGUOUS: MTBLS147,-771
8877,34,AMBIGUOUS: MTBLS395,-761
8878,53,unassigned,463
8879,50,unassigned,-223
8880,34,AMBIGUOUS: MTBLS395,-578
8881,34,AMBIGUOUS: MTBLS395,-625
8882,34,AMBIGUOUS: MTBLS395,-782
8883,34,AMBIGUOUS: MTBLS395,-767
8884,34,AMBIGUOUS: MTBLS395,-754
8885,34,AMBIGUOUS: MTBLS395,-767
8886,12,AMBIGUOUS: MTBLS147,-779
8887,40,unassigned,-267
8888,12,AMBIGUOUS: MTBLS147,-781
8889,12,AMBIGUOUS: MTBLS147,-769
8890,12,AMBIGUOUS: MTBLS147,-760
8891,34,AMBIGUOUS: MTBLS395,-796
8892,12,AMBIGUOUS: MTBLS147,-786
8893,34,AMBIGUOUS: MTBLS395,-847
8894,12,AMBIGUOUS: MTBLS147,-782
8895,12,AMBIGUOUS: MTBLS147,-789
8896,12,AMBIGUOUS: MTBLS147,-779
8897,34,AMBIGUOUS: MTBLS395,-762
8898,12,AMBIGUOUS: MTBLS147,-753
8899,34,AMBIGUOUS: MTBLS395,-592
8900,12,AMBIGUOUS: MTBLS147,-782
8901,34,AMBIGUOUS: MTBLS395,-753
8902,12,AMBIGUOUS: MTBLS147,-782
8903,12,AMBIGUOUS: MTBLS147,-778
8904,34,AMBIGUOUS: MTBLS395,-780
8905,34,AMBIGUOUS: MTBLS395,-604
8906,101,unassigned,6210
8907,12,AMBIGUOUS: MTBLS147,-785
8908,34,AMBIGUOUS: MTBLS395,-755
8909,34,AMBIGUOUS: MTBLS395,-774
8910,12,AMBIGUOUS: MTBLS147,-776
8911,34,AMBIGUOUS: MTBLS395,-484
8912,12,AMBIGUOUS: MTBLS147,-789
8913,12,AMBIGUOUS: MTBLS147,-760
8914,12,AMBIGUOUS: MTBLS147,-748
8915,12,AMBIGUOUS: MTBLS147,-782
8916,12,AMBIGUOUS: MTBLS147,-662
8917,34,AMBIGUOUS: MTBLS395,-770
8918,12,AMBIGUOUS: MTBLS147,-689
8919,34,AMBIGUOUS: MTBLS395,-763
8920,12,AMBIGUOUS: MTBLS147,-756
8921,54,unassigned,-3594
8922,34,AMBIGUOUS: MTBLS395,-660
8923,12,AMBIGUOUS: MTBLS147,-788
8924,34,AMBIGUOUS: MTBLS395,-775
8925,12,AMBIGUOUS: MTBLS147,-773
8926,101,unassigned,6198
8927,12,AMBIGUOUS: MTBLS147,-782
8928,34,AMBIGUOUS: MTBLS395,-565
8929,98,unassigned,-945
8930,12,AMBIGUOUS: MTBLS147,-775
8931,12,AMBIGUOUS: MTBLS147,-780
8932,34,AMBIGUOUS: MTBLS395,-620
8933,34,AMBIGUOUS: MTBLS395,-547
8934,12,AMBIGUOUS: MTBLS147,-655
8935,34,AMBIGUOUS: MTBLS395,-764
8936,34,AMBIGUOUS: MTBLS395,-731
8937,12,AMBIGUOUS: MTBLS147,-769
8938,12,AMBIGUOUS: MTBLS147,-686
8939,34,AMBIGUOUS: MTBLS395,-633
8940,12,AMBIGUOUS: MTBLS147,-690
8941,12,AMBIGUOUS: MTBLS147,-780
8942,12,AMBIGUOUS: MTBLS147,-760
8943,12,AMBIGUOUS: MTBLS147,-784
8944,34,AMBIGUOUS: MTBLS395,-770
8945,34,AMBIGUOUS: MTBLS395,-773
8946,12,AMBIGUOUS: MTBLS147,-782
8947,34,AMBIGUOUS: MTBLS395,-777
8948,12,AMBIGUOUS: MTBLS147,-784
8949,34,AMBIGUOUS: MTBLS395,-756
8950,12,AMBIGUOUS: MTBLS147,-783
8951,65,unassigned,-271
8952,34,AMBIGUOUS: MTBLS395,-604
8953,34,AMBIGUOUS: MTBLS395,-776
8954,12,AMBIGUOUS: MTBLS147,-749
8955,101,unassigned,6215
8956,34,AMBIGUOUS: MTBLS395,-771
8957,29,unassigned,4542
8958,113,unassigned,-862
8959,12,AMBIGUOUS: MTBLS147,-756
8960,34,AMBIGUOUS: MTBLS395,-772
8961,29,unassigned,4546
8962,12,AMBIGUOUS: MTBLS147,-787
8963,34,AMBIGUOUS: MTBLS395,-771
8964,34,AMBIGUOUS: MTBLS395,-573
8965,12,AMBIGUOUS: MTBLS147,-782
8966,12,AMBIGUOUS: MTBLS147,-781
8967,12,AMBIGUOUS: MTBLS147,-774
8968,114,unassigned,-3338
8969,12,AMBIGUOUS: MTBLS147,-753
8970,12,AMBIGUOUS: MTBLS147,-782
8971,34,AMBIGUOUS: MTBLS395,-752
8972,115,unassigned,-785
8973,12,AMBIGUOUS: MTBLS147,-778
8974,12,AMBIGUOUS: MTBLS147,-778
8975,34,AMBIGUOUS: MTBLS395,-751
8976,12,AMBIGUOUS: MTBLS147,-758
8977,29,unassigned,4542
8978,12,AMBIGUOUS: MTBLS147,-778
8979,12,AMBIGUOUS: MTBLS147,-785
8980,12,AMBIGUOUS: MTBLS147,-782
8981,12,AMBIGUOUS: MTBLS147,-756
8982,12,AMBIGUOUS: MTBLS147,-760
8983,12,AMBIGUOUS: MTBLS147,-785
8984,34,AMBIGUOUS: MTBLS395,-763
8985,34,AMBIGUOUS: MTBLS395,-617
8986,101,unassigned,6220
8987,12,AMBIGUOUS: MTBLS147,-754
8988,12,AMBIGUOUS: MTBLS147,-779
8989,12,AMBIGUOUS: MTBLS147,-756
8990,12,AMBIGUOUS: MTBLS147,-773
8991,50,unassigned,-231
8992,12,AMBIGUOUS: MTBLS147,-787
8993,50,unassigned,-230
8994,12,AMBIGUOUS: MTBLS147,-785
8995,12,AMBIGUOUS: MTBLS147,-710
8996,12,AMBIGUOUS: MTBLS147,-786
8997,34,AMBIGUOUS: MTBLS395,-762
8998,12,AMBIGUOUS: MTBLS147,-774
8999,12,AMBIGUOUS: MTBLS147,-777
9000,34,AMBIGUOUS: MTBLS395,-756
9001,12,AMBIGUOUS: MTBLS147,-777
9002,53,unassigned,475
9003,12,AMBIGUOUS: MTBLS147,-783
9004,101,unassigned,6210
9005,12,AMBIGUOUS: MTBLS147,-774
9006,74,unassigned,7000
9007,12,AMBIGUOUS: MTBLS147,-778
9008,12,AMBIGUOUS: MTBLS147,-786
9009,53,unassigned,530
9010,65,unassigned,-276
9011,101,unassigned,6217
9012,12,AMBIGUOUS: MTBLS147,-776
9013,12,AMBIGUOUS: MTBLS147,-786
9014,34,AMBIGUOUS: MTBLS395,-594
9015,34,AMBIGUOUS: MTBLS395,-781
9016,12,AMBIGUOUS: MTBLS147,-757
9017,101,unassigned,6202
9018,91,unassigned,-2668
9019,12,AMBIGUOUS: MTBLS147,-781
9020,12,AMBIGUOUS: MTBLS147,-771
9021,12,AMBIGUOUS: MTBLS147,-690
9022,101,unassigned,6202
9023,12,AMBIGUOUS: MTBLS147,-781
9024,53,unassigned,474
9025,63,unassigned,-3252
9026,12,AMBIGUOUS: MTBLS147,-791
9027,12,AMBIGUOUS: MTBLS147,-766
9028,12,AMBIGUOUS: MTBLS147,-775
9029,34,AMBIGUOUS: MTBLS395,-649
9030,12,AMBIGUOUS: MTBLS147,-762
9031,12,AMBIGUOUS: MTBLS147,-779
9032,34,AMBIGUOUS: MTBLS395,-520
9033,34,AMBIGUOUS: MTBLS395,-830
9034,65,unassigned,-277
9035,12,AMBIGUOUS: MTBLS147,-783
9036,34,AMBIGUOUS: MTBLS395,-789
9037,34,AMBIGUOUS: MTBLS395,-758
9038,33,unassigned,-2375
9039,12,AMBIGUOUS: MTBLS147,-756
9040,101,unassigned,6212
9041,34,AMBIGUOUS: MTBLS395,-775
9042,34,AMBIGUOUS: MTBLS395,-836
9043,34,AMBIGUOUS: MTBLS395,-626
9044,12,AMBIGUOUS: MTBLS147,-758
9045,12,AMBIGUOUS: MTBLS147,-751
9046,34,AMBIGUOUS: MTBLS395,-777
9047,12,AMBIGUOUS: MTBLS147,-771
9048,12,AMBIGUOUS: MTBLS147,-776
9049,40,unassigned,-288
9050,53,unassigned,400
9051,101,unassigned,6211
9052,101,unassigned,6212
9053,12,AMBIGUOUS: MTBLS147,-781
9054,34,AMBIGUOUS: MTBLS395,-781
9055,29,unassigned,4537
9056,12,AMBIGUOUS: MTBLS147,-779
9057,53,unassigned,494
9058,12,AMBIGUOUS: MTBLS147,-788
9059,12,AMBIGUOUS: MTBLS147,-758
9060,12,AMBIGUOUS: MTBLS147,-780
9061,34,AMBIGUOUS: MTBLS395,-760
9062,12,AMBIGUOUS: MTBLS147,-795
9063,34,AMBIGUOUS: MTBLS395,-616
9064,34,AMBIGUOUS: MTBLS395,-771
9065,12,AMBIGUOUS: MTBLS147,-779
9066,34,AMBIGUOUS: MTBLS395,-598
9067,12,AMBIGUOUS: MTBLS147,-783
9068,12,AMBIGUOUS: MTBLS147,-751
9069,34,AMBIGUOUS: MTBLS395,-778
9070,12,AMBIGUOUS: MTBLS147,-784
9071,12,AMBIGUOUS: MTBLS147,-776
9072,34,AMBIGUOUS: MTBLS395,-595
9073,12,AMBIGUOUS: MTBLS147,-772
9074,10,unassigned,7013
9075,10,unassigned,7013
9076,12,AMBIGUOUS: MTBLS147,-768
9077,12,AMBIGUOUS: MTBLS147,-788
9078,29,unassigned,4545
9079,34,AMBIGUOUS: MTBLS395,-772
9080,53,unassigned,415
9081,12,AMBIGUOUS: MTBLS147,-778
9082,50,unassigned,-241
9083,12,AMBIGUOUS: MTBLS147,-753
9084,34,AMBIGUOUS: MTBLS395,-430
9085,12,AMBIGUOUS: MTBLS147,-786
9086,12,AMBIGUOUS: MTBLS147,-779
9087,12,AMBIGUOUS: MTBLS147,-758
9088,34,AMBIGUOUS: MTBLS395,-515
9089,12,AMBIGUOUS: MTBLS147,-684
9090,12,AMBIGUOUS: MTBLS147,-663
9091,65,unassigned,-245
9092,34,AMBIGUOUS: MTBLS395,-604
9093,34,AMBIGUOUS: MTBLS395,-778
9094,12,AMBIGUOUS: MTBLS147,-760
9095,12,AMBIGUOUS: MTBLS147,-754
9096,12,AMBIGUOUS: MTBLS147,-781
9097,12,AMBIGUOUS: MTBLS147,-791
9098,34,AMBIGUOUS: MTBLS395,-611
9099,12,AMBIGUOUS: MTBLS147,-753
9100,34,AMBIGUOUS: MTBLS395,-771
9101,34,AMBIGUOUS: MTBLS395,-752
9102,12,AMBIGUOUS: MTBLS147,-688
9103,34,AMBIGUOUS: MTBLS395,-775
9104,12,AMBIGUOUS: MTBLS147,-746
9105,34,AMBIGUOUS: MTBLS395,-599
9106,34,AMBIGUOUS: MTBLS395,-559
9107,101,unassigned,6213
9108,34,AMBIGUOUS: MTBLS395,-766
9109,12,AMBIGUOUS: MTBLS147,-757
9110,12,AMBIGUOUS: MTBLS147,-754
9111,64,unassigned,-2372
9112,12,AMBIGUOUS: MTBLS147,-776
9113,101,unassigned,6208
9114,12,AMBIGUOUS: MTBLS147,-698
9115,74,unassigned,7016
9116,12,AMBIGUOUS: MTBLS147,-764
9117,12,AMBIGUOUS: MTBLS147,-778
9118,34,AMBIGUOUS: MTBLS395,-767
9119,12,AMBIGUOUS: MTBLS147,-763
9120,12,AMBIGUOUS: MTBLS147,-756
9121,12,AMBIGUOUS: MTBLS147,-776
9122,34,AMBIGUOUS: MTBLS395,-771
9123,12,AMBIGUOUS: MTBLS147,-789
9124,34,AMBIGUOUS: MTBLS395,-630
9125,50,unassigned,-238
9126,45,MTBLS798,29
9127,12,AMBIGUOUS: MTBLS147,-760
9128,101,unassigned,6212
9129,12,AMBIGUOUS: MTBLS147,-797
9130,12,AMBIGUOUS: MTBLS147,-759
9131,116,unassigned,-2957
9132,12,AMBIGUOUS: MTBLS147,-773
9133,12,AMBIGUOUS: MTBLS147,-773
9134,12,AMBIGUOUS: MTBLS147,-756
9135,12,AMBIGUOUS: MTBLS147,-776
9136,12,AMBIGUOUS: MTBLS147,-749
9137,12,AMBIGUOUS: MTBLS147,-791
9138,53,unassigned,515
9139,34,AMBIGUOUS: MTBLS395,-650
9140,34,AMBIGUOUS: MTBLS395,-593
9141,0,unassigned,2572
9142,12,AMBIGUOUS: MTBLS147,-782
9143,12,AMBIGUOUS: MTBLS147,-744
9144,117,unassigned,3276
9145,118,unassigned,-189
9146,12,AMBIGUOUS: MTBLS147,-790
9147,65,unassigned,-269
9148,12,AMBIGUOUS: MTBLS147,-773
9149,12,AMBIGUOUS: MTBLS147,-770
9150,34,AMBIGUOUS: MTBLS395,-748
9151,34,AMBIGUOUS: MTBLS395,-748
9152,12,AMBIGUOUS: MTBLS147,-782
9153,34,AMBIGUOUS: MTBLS395,-588
9154,12,AMBIGUOUS: MTBLS147,-793
9155,12,AMBIGUOUS: MTBLS147,-687
9156,12,AMBIGUOUS: MTBLS147,-757
9157,12,AMBIGUOUS: MTBLS147,-773
9158,12,AMBIGUOUS: MTBLS147,-681
9159,12,AMBIGUOUS: MTBLS147,-773
9160,45,MTBLS798,10
9161,12,AMBIGUOUS: MTBLS147,-786
9162,12,AMBIGUOUS: MTBLS147,-792
9163,29,unassigned,4541
9164,34,AMBIGUOUS: MTBLS395,-661
9165,12,AMBIGUOUS: MTBLS147,-766
9166,34,AMBIGUOUS: MTBLS395,-598
9167,34,AMBIGUOUS: MTBLS395,-765
9168,34,AMBIGUOUS: MTBLS395,-583
9169,53,unassigned,464
9170,12,AMBIGUOUS: MTBLS147,-791
9171,12,AMBIGUOUS: MTBLS147,-780
9172,12,AMBIGUOUS: MTBLS147,-780
9173,45,MTBLS798,5
9174,12,AMBIGUOUS: MTBLS147,-756
9175,12,AMBIGUOUS: MTBLS147,-758
9176,12,AMBIGUOUS: MTBLS147,-787
9177,101,unassigned,6208
9178,34,AMBIGUOUS: MTBLS395,-748
9179,12,AMBIGUOUS: MTBLS147,-779
9180,12,AMBIGUOUS: MTBLS147,-761
9181,12,AMBIGUOUS: MTBLS147,-780
9182,108,unassigned,6986
9183,12,AMBIGUOUS: MTBLS147,-784
9184,12,AMBIGUOUS: MTBLS147,-759
9185,12,AMBIGUOUS: MTBLS147,-776
9186,101,unassigned,6218
9187,34,AMBIGUOUS: MTBLS395,-782
9188,53,unassigned,475
9189,34,AMBIGUOUS: MTBLS395,-770
9190,12,AMBIGUOUS: MTBLS147,-759
9191,65,unassigned,-271
9192,29,unassigned,4531
9193,12,AMBIGUOUS: MTBLS147,-753
9194,34,AMBIGUOUS: MTBLS395,-786
9195,34,AMBIGUOUS: MTBLS395,-772
9196,53,unassigned,414
9197,12,AMBIGUOUS: MTBLS147,-754
9198,12,AMBIGUOUS: MTBLS147,-783
9199,12,AMBIGUOUS: MTBLS147,-781
9200,34,AMBIGUOUS: MTBLS395,-613
9201,29,unassigned,4531
9202,34,AMBIGUOUS: MTBLS395,-778
9203,29,unassigned,4559
9204,0,unassigned,2617
9205,34,AMBIGUOUS: MTBLS395,-791
9206,50,unassigned,-239
9207,34,AMBIGUOUS: MTBLS395,-594
9208,12,AMBIGUOUS: MTBLS147,-782
9209,0,unassigned,2566
9210,34,AMBIGUOUS: MTBLS395,-621
9211,12,AMBIGUOUS: MTBLS147,-757
9212,12,AMBIGUOUS: MTBLS147,-786
9213,12,AMBIGUOUS: MTBLS147,-758
9214,29,unassigned,4539
9215,29,unassigned,4549
9216,0,unassigned,2572
9217,0,unassigned,2495
9218,108,unassigned,6975
9219,29,unassigned,4552
9220,12,AMBIGUOUS: MTBLS147,-691
9221,119,unassigned,6313
9222,12,AMBIGUOUS: MTBLS147,-692
9223,12,AMBIGUOUS: MTBLS147,-787
9224,65,unassigned,-268
9225,12,AMBIGUOUS: MTBLS147,-758
9226,12,AMBIGUOUS: MTBLS147,-757
9227,101,unassigned,6209
9228,12,AMBIGUOUS: MTBLS147,-755
9229,12,AMBIGUOUS: MTBLS147,-761
9230,12,AMBIGUOUS: MTBLS147,-761
9231,0,unassigned,2577
9232,101,unassigned,6212
9233,12,AMBIGUOUS: MTBLS147,-754
9234,34,AMBIGUOUS: MTBLS395,-826
9235,0,unassigned,2566
9236,101,unassigned,6212
9237,65,unassigned,-249
9238,0,unassigned,2582
9239,101,unassigned,6214
9240,34,AMBIGUOUS: MTBLS395,-823
9241,34,AMBIGUOUS: MTBLS395,-763
9242,101,unassigned,6215
9243,65,unassigned,-275
9244,12,AMBIGUOUS: MTBLS147,-758
9245,12,AMBIGUOUS: MTBLS147,-764
9246,34,AMBIGUOUS: MTBLS395,-575
9247,45,MTBLS798,11
9248,101,unassigned,6210
9249,101,unassigned,6217
9250,101,unassigned,6214
9251,0,unassigned,2563
9252,0,unassigned,2544
9253,12,AMBIGUOUS: MTBLS147,-786
9254,12,AMBIGUOUS: MTBLS147,-761
9255,53,unassigned,569
9256,0,unassigned,2505
9257,65,unassigned,-267
9258,12,AMBIGUOUS: MTBLS147,-752
9259,50,unassigned,-238
9260,101,unassigned,6218
9261,101,unassigned,6221
9262,101,unassigned,6220
9263,120,unassigned,4962
9264,12,AMBIGUOUS: MTBLS147,-755
9265,34,AMBIGUOUS: MTBLS395,-778
9266,0,unassigned,2587
9267,12,AMBIGUOUS: MTBLS147,-781
9268,0,unassigned,2480
9269,121,unassigned,-2936
9270,12,AMBIGUOUS: MTBLS147,-757
9271,0,unassigned,2458
9272,50,unassigned,-226
9273,95,unassigned,4207
9274,0,unassigned,2535
9275,50,unassigned,-234
9276,12,AMBIGUOUS: MTBLS147,-758
9277,12,AMBIGUOUS: MTBLS147,-762
9278,0,unassigned,2562
9279,0,unassigned,2577
9280,10,unassigned,6989
9281,10,unassigned,6989
9282,12,AMBIGUOUS: MTBLS147,-760
9283,0,unassigned,2557
9284,122,unassigned,56
9285,0,unassigned,2547
9286,104,unassigned,7063
9287,101,unassigned,6217
9288,0,unassigned,2577
9289,0,unassigned,2576
9290,0,unassigned,2604
9291,12,AMBIGUOUS: MTBLS147,-763
9292,12,AMBIGUOUS: MTBLS147,-750
9293,34,AMBIGUOUS: MTBLS395,-783
9294,0,unassigned,2552
9295,12,AMBIGUOUS: MTBLS147,-780
9296,0,unassigned,2496
9297,65,unassigned,-265
9298,12,AMBIGUOUS: MTBLS147,-762
9299,12,AMBIGUOUS: MTBLS147,-762
9300,12,AMBIGUOUS: MTBLS147,-776
9301,101,unassigned,6213
9302,0,unassigned,2552
9303,0,unassigned,2553
9304,120,unassigned,4965
9305,0,unassigned,2571
9306,12,AMBIGUOUS: MTBLS147,-759
9307,112,unassigned,-306
9308,12,AMBIGUOUS: MTBLS147,-745
9309,0,unassigned,2584
9310,123,unassigned,-246
9311,45,MTBLS798,-7
9312,0,unassigned,2649
9313,101,unassigned,6209
9314,101,unassigned,6214
9315,12,AMBIGUOUS: MTBLS147,-742
9316,0,unassigned,2578
9317,12,AMBIGUOUS: MTBLS147,-740
9318,0,unassigned,2548
9319,0,unassigned,2560
9320,0,unassigned,2616
9321,12,AMBIGUOUS: MTBLS147,-782
9322,0,unassigned,2622
9323,0,unassigned,2594
9324,0,unassigned,2553
9325,34,AMBIGUOUS: MTBLS395,-780
9326,0,unassigned,2554
9327,0,unassigned,2557
9328,0,unassigned,2581
9329,0,unassigned,2571
9330,12,AMBIGUOUS: MTBLS147,-767
9331,45,MTBLS798,43
9332,34,AMBIGUOUS: MTBLS395,-768
9333,101,unassigned,6215
9334,0,unassigned,2567
9335,12,AMBIGUOUS: MTBLS147,-742
9336,12,AMBIGUOUS: MTBLS147,-754
9337,124,unassigned,-66
9338,0,unassigned,2616
9339,0,unassigned,2570
9340,0,unassigned,2544
9341,65,unassigned,-266
9342,0,unassigned,2569
9343,101,unassigned,6215
9344,12,AMBIGUOUS: MTBLS147,-783
9345,12,AMBIGUOUS: MTBLS147,-755
9346,0,unassigned,2689
9347,12,AMBIGUOUS: MTBLS147,-758
9348,101,unassigned,6214
9349,12,AMBIGUOUS: MTBLS147,-752
9350,0,unassigned,2560
9351,12,AMBIGUOUS: MTBLS147,-752
9352,10,unassigned,6979
9353,10,unassigned,6979
9354,12,AMBIGUOUS: MTBLS147,-754
9355,125,unassigned,-180
9356,101,unassigned,6218
9357,34,AMBIGUOUS: MTBLS395,-625
9358,101,unassigned,6221
9359,0,unassigned,2535
9360,0,unassigned,2580
9361,12,AMBIGUOUS: MTBLS147,-754
9362,12,AMBIGUOUS: MTBLS147,-762
9363,0,unassigned,2525
9364,101,unassigned,6216
9365,0,unassigned,2579
9366,12,AMBIGUOUS: MTBLS147,-763
9367,12,AMBIGUOUS: MTBLS147,-760
9368,0,unassigned,2690
9369,0,unassigned,2564
9370,65,unassigned,-256
9371,0,unassigned,2549
9372,12,AMBIGUOUS: MTBLS147,-753
9373,101,unassigned,6216
9374,101,unassigned,6222
9375,0,unassigned,2567
9376,126,unassigned,1414
9377,12,AMBIGUOUS: MTBLS147,-754
9378,0,unassigned,2511
9379,0,unassigned,2568
9380,12,AMBIGUOUS: MTBLS147,-761
9381,0,unassigned,2541
9382,65,unassigned,-264
9383,12,AMBIGUOUS: MTBLS147,-764
9384,8,unassigned,4305
9385,8,unassigned,4305
9386,0,unassigned,2583
9387,0,unassigned,2613
9388,12,AMBIGUOUS: MTBLS147,-746
9389,0,unassigned,2586
9390,127,unassigned,6800
9391,0,unassigned,2719
9392,127,unassigned,6786
9393,12,AMBIGUOUS: MTBLS147,-763
9394,12,AMBIGUOUS: MTBLS147,-761
9395,124,unassigned,-58
9396,104,unassigned,7068
9397,128,unassigned,1983
9398,0,unassigned,2547
9399,129,unassigned,6869
9400,10,unassigned,6975
9401,10,unassigned,6975
9402,29,unassigned,4547
9403,40,unassigned,-285
9404,65,unassigned,-270
9405,0,unassigned,2583
9406,124,unassigned,-57
9407,0,unassigned,2572
9408,0,unassigned,2497
9409,12,AMBIGUOUS: MTBLS147,-762
9410,128,unassigned,2005
9411,0,unassigned,2604
9412,12,AMBIGUOUS: MTBLS147,-756
9413,124,unassigned,-65
9414,0,unassigned,2723
9415,0,unassigned,2571
9416,0,unassigned,2530
9417,12,AMBIGUOUS: MTBLS147,-756
9418,128,unassigned,1998
9419,95,unassigned,4212
9420,126,unassigned,1383
9421,130,unassigned,-64
9422,10,unassigned,6991
9423,10,unassigned,6991
9424,12,AMBIGUOUS: MTBLS147,-761
9425,12,AMBIGUOUS: MTBLS147,-761
9426,0,unassigned,2719
9427,12,AMBIGUOUS: MTBLS147,-758
9428,12,AMBIGUOUS: MTBLS147,-762
9429,0,unassigned,2560
9430,128,unassigned,2003
9431,65,unassigned,-266
9432,121,unassigned,-2938
9433,124,unassigned,-57
9434,131,unassigned,-63
9435,0,unassigned,2709
9436,65,unassigned,-269
9437,12,AMBIGUOUS: MTBLS147,-752
9438,0,unassigned,2717
9439,132,unassigned,-48
9440,0,unassigned,2587
9441,29,unassigned,4552
9442,0,unassigned,2563
9443,0,unassigned,2573
9444,12,AMBIGUOUS: MTBLS147,-762
9445,0,unassigned,2568
9446,124,unassigned,-66
9447,0,unassigned,2593
9448,12,AMBIGUOUS: MTBLS147,-762
9449,12,AMBIGUOUS: MTBLS147,-759
9450,29,unassigned,4544
9451,12,AMBIGUOUS: MTBLS147,-755
9452,12,AMBIGUOUS: MTBLS147,-758
9453,0,unassigned,2550
9454,12,AMBIGUOUS: MTBLS147,-758
9455,121,unassigned,-2931
9456,104,unassigned,7069
9457,0,unassigned,2564
9458,124,unassigned,-54
9459,133,unassigned,-2580
9460,0,unassigned,2578
9461,0,unassigned,2565
9462,0,unassigned,2588
9463,129,unassigned,6842
9464,124,unassigned,-56
9465,128,unassigned,1993
9466,12,AMBIGUOUS: MTBLS147,-757
9467,121,unassigned,-2928
9468,29,unassigned,4535
9469,12,AMBIGUOUS: MTBLS147,-757
9470,12,AMBIGUOUS: MTBLS147,-757
9471,130,unassigned,-62
9472,124,unassigned,-57
9473,129,unassigned,6892
9474,101,unassigned,6218
9475,0,unassigned,2553
9476,0,unassigned,2513
9477,12,AMBIGUOUS: MTBLS147,-758
9478,12,AMBIGUOUS: MTBLS147,-760
9479,134,unassigned,6283
9480,29,unassigned,4541
9481,101,unassigned,6214
9482,0,unassigned,2499
9483,12,AMBIGUOUS: MTBLS147,-759
9484,12,AMBIGUOUS: MTBLS147,-792
9485,135,unassigned,-52
9486,128,unassigned,2005
9487,0,unassigned,2561
9488,136,unassigned,-499
9489,12,AMBIGUOUS: MTBLS147,-753
9490,128,unassigned,1993
9491,12,AMBIGUOUS: MTBLS147,-765
9492,12,AMBIGUOUS: MTBLS147,-751
9493,128,unassigned,2004
9494,12,AMBIGUOUS: MTBLS147,-757
9495,128,unassigned,2020
9496,128,unassigned,2006
9497,137,unassigned,2028
9498,0,unassigned,2549
9499,8,unassigned,4286
9500,8,unassigned,4286
9501,12,AMBIGUOUS: MTBLS147,-769
9502,12,AMBIGUOUS: MTBLS147,-755
9503,12,AMBIGUOUS: MTBLS147,-759
9504,0,unassigned,2563
9505,0,unassigned,2522
9506,120,unassigned,4995
9507,12,AMBIGUOUS: MTBLS147,-751
9508,120,unassigned,4995
9509,130,unassigned,-70
9510,128,unassigned,1995
9511,127,unassigned,6838
9512,138,unassigned,-853
9513,127,unassigned,6838
9514,0,unassigned,2504
9515,121,unassigned,-2872
9516,74,unassigned,7016
9517,0,unassigned,2569
9518,12,AMBIGUOUS: MTBLS147,-759
9519,128,unassigned,1994
9520,10,unassigned,6985
9521,10,unassigned,6985
9522,12,AMBIGUOUS: MTBLS147,-761
9523,128,unassigned,2001
9524,128,unassigned,2000
9525,12,AMBIGUOUS: MTBLS147,-759
9526,12,AMBIGUOUS: MTBLS147,-779
9527,128,unassigned,2018
9528,0,unassigned,2722
9529,12,AMBIGUOUS: MTBLS147,-757
9530,12,AMBIGUOUS: MTBLS147,-756
9531,126,unassigned,1378
9532,0,unassigned,2560
9533,104,unassigned,7062
9534,12,AMBIGUOUS: MTBLS147,-786
9535,12,AMBIGUOUS: MTBLS147,-759
9536,104,unassigned,7068
9537,128,unassigned,2003
9538,12,AMBIGUOUS: MTBLS147,-762
9539,0,unassigned,2545
9540,128,unassigned,2024
9541,12,AMBIGUOUS: MTBLS147,-767
9542,12,AMBIGUOUS: MTBLS147,-755
9543,12,AMBIGUOUS: MTBLS147,-750
9544,12,AMBIGUOUS: MTBLS147,-760
9545,12,AMBIGUOUS: MTBLS147,-755
9546,121,unassigned,-2952
9547,128,unassigned,2001
9548,12,AMBIGUOUS: MTBLS147,-763
9549,135,unassigned,-55
9550,129,unassigned,6813
9551,0,unassigned,2522
9552,127,unassigned,6837
9553,29,unassigned,4557
9554,128,unassigned,1990
9555,0,unassigned,2520
9556,12,AMBIGUOUS: MTBLS147,-763
9557,121,unassigned,-2955
9558,129,unassigned,6824
9559,0,unassigned,2559
9560,129,unassigned,6836
9561,0,unassigned,2563
9562,128,unassigned,2021
9563,139,unassigned,3336
9564,0,unassigned,2590
9565,10,unassigned,7001
9566,10,unassigned,7001
9567,121,unassigned,-2949
9568,0,unassigned,2580
9569,12,AMBIGUOUS: MTBLS147,-762
9570,128,unassigned,1999
9571,128,unassigned,2012
9572,12,AMBIGUOUS: MTBLS147,-757
9573,12,AMBIGUOUS: MTBLS147,-757
9574,140,unassigned,-2517
9575,128,unassigned,2001
9576,128,unassigned,1990
9577,128,unassigned,1999
9578,12,AMBIGUOUS: MTBLS147,-757
9579,121,unassigned,-2960
9580,12,AMBIGUOUS: MTBLS147,-753
9581,12,AMBIGUOUS: MTBLS147,-755
9582,12,AMBIGUOUS: MTBLS147,-765
9583,12,AMBIGUOUS: MTBLS147,-746
9584,12,AMBIGUOUS: MTBLS147,-757
9585,121,unassigned,-2940
9586,139,unassigned,3317
9587,12,AMBIGUOUS: MTBLS147,-764
9588,12,AMBIGUOUS: MTBLS147,-761
9589,0,unassigned,2528
9590,0,unassigned,2553
9591,12,AMBIGUOUS: MTBLS147,-759
9592,127,unassigned,6806
9593,127,unassigned,6825
9594,126,unassigned,1430
9595,126,unassigned,1392
9596,104,unassigned,7072
9597,128,unassigned,2009
9598,0,unassigned,2603
9599,126,unassigned,1392
9600,12,AMBIGUOUS: MTBLS147,-763
9601,12,AMBIGUOUS: MTBLS147,-757
9602,12,AMBIGUOUS: MTBLS147,-763
9603,12,AMBIGUOUS: MTBLS147,-755
9604,0,unassigned,2560
9605,126,unassigned,1378
9606,127,unassigned,6822
9607,129,unassigned,6833
9608,120,unassigned,4951
9609,128,unassigned,1993
9610,126,unassigned,1413
9611,126,unassigned,1416
9612,128,unassigned,2022
9613,45,MTBLS798,-2
9614,139,unassigned,3324
9615,139,unassigned,3308
9616,12,AMBIGUOUS: MTBLS147,-762
9617,12,AMBIGUOUS: MTBLS147,-773
9618,139,unassigned,3299
9619,120,unassigned,4999
9620,12,AMBIGUOUS: MTBLS147,-760
9621,12,AMBIGUOUS: MTBLS147,-762
9622,12,AMBIGUOUS: MTBLS147,-761
9623,128,unassigned,1999
9624,29,unassigned,4540
9625,141,unassigned,-1771
9626,12,AMBIGUOUS: MTBLS147,-763
9627,121,unassigned,-2957
9628,29,unassigned,4451
9629,12,AMBIGUOUS: MTBLS147,-756
9630,12,AMBIGUOUS: MTBLS147,-761
9631,128,unassigned,2028
9632,142,unassigned,6816
9633,128,unassigned,2062
9634,29,unassigned,4544
9635,12,AMBIGUOUS: MTBLS147,-760
9636,120,unassigned,4950
9637,128,unassigned,2040
9638,128,unassigned,2000
9639,143,unassigned,3306
9640,128,unassigned,1971
9641,29,unassigned,4547
9642,29,unassigned,4539
9643,29,unassigned,4543
9644,144,unassigned,3268
9645,126,unassigned,1393
9646,128,unassigned,2010
9647,0,unassigned,2543
9648,10,unassigned,7084
9649,10,unassigned,7084
9650,12,AMBIGUOUS: MTBLS147,-746
9651,128,unassigned,2005
9652,29,unassigned,4558
9653,128,unassigned,1982
9654,145,unassigned,-3766
9655,145,unassigned,-3766
9656,12,AMBIGUOUS: MTBLS147,-763
9657,29,unassigned,4546
9658,95,unassigned,4209
9659,12,AMBIGUOUS: MTBLS147,-756
9660,104,unassigned,7063
9661,126,unassigned,1396
9662,0,unassigned,2541
9663,12,AMBIGUOUS: MTBLS147,-759
9664,12,AMBIGUOUS: MTBLS147,-755
9665,146,unassigned,2749
9666,147,unassigned,-55
9667,147,unassigned,-55
9668,148,unassigned,-3121
9669,148,unassigned,-3121
