feature_group,feature_name,classifier,episode,n_train,n_test,status,error,accuracy,macro_f1,macro_precision,macro_recall
foundation_backbone,mae_flatten,svm,1,18,24,ok,,0.5416666666666666,0.49883597883597885,0.587121212121212,0.6851851851851851
foundation_backbone,mae_flatten,logreg,1,18,24,ok,,0.5416666666666666,0.49883597883597885,0.587121212121212,0.6851851851851851
foundation_backbone,mae_flatten,xgboost,1,18,24,ok,,0.5833333333333334,0.5255026455026455,0.6174242424242424,0.708994708994709
foundation_backbone,mae_flatten,svm,2,18,24,ok,,0.7083333333333334,0.6289428815004262,0.6772486772486772,0.8201058201058201
foundation_backbone,mae_flatten,logreg,2,18,24,ok,,0.75,0.6589635854341737,0.6888888888888888,0.8439153439153438
foundation_backbone,mae_flatten,xgboost,2,18,24,ok,,0.7083333333333334,0.625,0.6809523809523809,0.8068783068783069
foundation_backbone,mae_flatten,svm,3,18,24,ok,,0.5833333333333334,0.5079365079365079,0.5529914529914529,0.6957671957671957
foundation_backbone,mae_flatten,logreg,3,18,24,ok,,0.5833333333333334,0.5158730158730159,0.5476190476190477,0.6957671957671957
foundation_backbone,mae_flatten,xgboost,3,18,24,ok,,0.5833333333333334,0.5158730158730159,0.5476190476190477,0.6957671957671957
foundation_backbone,mae_flatten,svm,4,18,24,ok,,0.4583333333333333,0.44516594516594515,0.5719696969696969,0.6375661375661376
foundation_backbone,mae_flatten,logreg,4,18,24,ok,,0.5416666666666666,0.49883597883597885,0.587121212121212,0.6851851851851851
foundation_backbone,mae_flatten,xgboost,4,18,24,ok,,0.625,0.5547619047619047,0.6703703703703704,0.7328042328042329
foundation_backbone,mae_flatten,svm,5,18,24,ok,,0.625,0.5662337662337662,0.5741758241758242,0.7724867724867724
foundation_backbone,mae_flatten,logreg,5,18,24,ok,,0.5833333333333334,0.5202020202020202,0.5495726495726496,0.7486772486772487
foundation_backbone,mae_flatten,xgboost,5,18,24,ok,,0.625,0.5511695906432749,0.6142857142857142,0.7592592592592592
foundation_backbone,mae_flatten,svm,6,18,24,ok,,0.5416666666666666,0.4473684210526316,0.5444444444444444,0.41534391534391535
foundation_backbone,mae_flatten,logreg,6,18,24,ok,,0.6666666666666666,0.5880610617452723,0.6138888888888889,0.7962962962962963
foundation_backbone,mae_flatten,xgboost,6,18,24,ok,,0.5833333333333334,0.5202020202020202,0.5495726495726496,0.7486772486772487
foundation_backbone,mae_flatten,svm,7,18,24,ok,,0.7083333333333334,0.6296296296296297,0.7083333333333334,0.8333333333333334
foundation_backbone,mae_flatten,logreg,7,18,24,ok,,0.75,0.6590909090909091,0.7142857142857143,0.8571428571428571
foundation_backbone,mae_flatten,xgboost,7,18,24,ok,,0.75,0.6534518113465482,0.688888888888889,0.8571428571428571
foundation_backbone,mae_flatten,svm,8,18,24,ok,,0.5416666666666666,0.4473684210526316,0.5444444444444444,0.41534391534391535
foundation_backbone,mae_flatten,logreg,8,18,24,ok,,0.5833333333333334,0.4484848484848485,0.49242424242424243,0.43915343915343913
foundation_backbone,mae_flatten,xgboost,8,18,24,ok,,0.625,0.46956521739130436,0.5016835016835017,0.46296296296296297
foundation_backbone,mae_flatten,svm,9,18,24,ok,,0.5416666666666666,0.4876775271512113,0.5190476190476191,0.7116402116402116
foundation_backbone,mae_flatten,logreg,9,18,24,ok,,0.5833333333333334,0.5244107744107743,0.5568783068783069,0.7354497354497355
foundation_backbone,mae_flatten,xgboost,9,18,24,ok,,0.5416666666666666,0.4911863735393147,0.5416666666666666,0.6984126984126985
foundation_backbone,mae_flatten,svm,10,18,24,ok,,0.5833333333333334,0.468954248366013,0.525,0.4259259259259259
foundation_backbone,mae_flatten,logreg,10,18,24,ok,,0.5416666666666666,0.41952707856598015,0.45555555555555555,0.4021164021164021
foundation_backbone,mae_flatten,xgboost,10,18,24,ok,,0.75,0.5535714285714285,0.5952380952380952,0.5211640211640212
foundation_backbone,mae_flatten,svm,11,18,24,ok,,0.6666666666666666,0.5185185185185185,0.562962962962963,0.48677248677248675
foundation_backbone,mae_flatten,logreg,11,18,24,ok,,0.7083333333333334,0.5362962962962963,0.5690235690235691,0.5105820105820106
foundation_backbone,mae_flatten,xgboost,11,18,24,ok,,0.75,0.5803921568627451,0.6363636363636364,0.5343915343915344
foundation_backbone,mae_flatten,svm,12,18,24,ok,,0.625,0.5444862155388471,0.6309523809523809,0.7857142857142857
foundation_backbone,mae_flatten,logreg,12,18,24,ok,,0.6666666666666666,0.5898635477582846,0.6749999999999999,0.8095238095238096
foundation_backbone,mae_flatten,xgboost,12,18,24,ok,,0.6666666666666666,0.5833333333333334,0.6536796536796537,0.8095238095238096
foundation_backbone,mae_flatten,svm,13,18,24,ok,,0.4583333333333333,0.3391053391053391,0.36996336996337,0.3544973544973545
foundation_backbone,mae_flatten,logreg,13,18,24,ok,,0.5,0.45656565656565656,0.4683760683760683,0.6878306878306878
foundation_backbone,mae_flatten,xgboost,13,18,24,ok,,0.5416666666666666,0.48412698412698413,0.5277777777777778,0.7116402116402116
foundation_backbone,mae_flatten,svm,14,18,24,ok,,0.75,0.5357142857142857,0.5499999999999999,0.5476190476190476
foundation_backbone,mae_flatten,logreg,14,18,24,ok,,0.75,0.5357142857142857,0.5499999999999999,0.5476190476190476
foundation_backbone,mae_flatten,xgboost,14,18,24,ok,,0.75,0.5499999999999999,0.5727272727272728,0.5476190476190476
foundation_backbone,mae_flatten,svm,15,18,24,ok,,0.7916666666666666,0.6894409937888198,0.7222222222222223,0.8809523809523809
foundation_backbone,mae_flatten,logreg,15,18,24,ok,,0.75,0.6590909090909091,0.7142857142857143,0.8571428571428571
foundation_backbone,mae_flatten,xgboost,15,18,24,ok,,0.6666666666666666,0.6026143790849673,0.7037037037037037,0.7962962962962963
foundation_backbone,mae_flatten,svm,16,18,24,ok,,0.75,0.5657894736842105,0.6,0.5476190476190476
foundation_backbone,mae_flatten,logreg,16,18,24,ok,,0.7083333333333334,0.6174603174603175,0.6616161616161617,0.8333333333333334
foundation_backbone,mae_flatten,xgboost,16,18,24,ok,,0.625,0.5547758284600389,0.6416666666666667,0.7724867724867724
foundation_backbone,mae_flatten,svm,17,18,24,ok,,0.5,0.38888888888888884,0.4222222222222222,0.36507936507936506
foundation_backbone,mae_flatten,logreg,17,18,24,ok,,0.5416666666666666,0.49137336093857825,0.5,0.6984126984126985
foundation_backbone,mae_flatten,xgboost,17,18,24,ok,,0.625,0.5688888888888889,0.547979797979798,0.746031746031746
foundation_backbone,mae_flatten,svm,18,18,24,ok,,0.6666666666666666,0.5925925925925926,0.6712962962962963,0.7962962962962963
foundation_backbone,mae_flatten,logreg,18,18,24,ok,,0.7916666666666666,0.6877701500127129,0.7000000000000001,0.8809523809523809
foundation_backbone,mae_flatten,xgboost,18,18,24,ok,,0.7083333333333334,0.626610305958132,0.7083333333333334,0.8068783068783069
foundation_backbone,mae_flatten,svm,19,18,24,ok,,0.5416666666666666,0.47825311942959003,0.6393939393939395,0.7380952380952381
foundation_backbone,mae_flatten,logreg,19,18,24,ok,,0.5833333333333334,0.5148148148148147,0.6430976430976432,0.7619047619047619
foundation_backbone,mae_flatten,xgboost,19,18,24,ok,,0.4583333333333333,0.39364876385336744,0.4603174603174603,0.6772486772486772
foundation_backbone,mae_flatten,svm,20,18,24,ok,,0.5833333333333334,0.5226703121439963,0.5388888888888889,0.7354497354497355
foundation_backbone,mae_flatten,logreg,20,18,24,ok,,0.5,0.4572795625427204,0.46388888888888885,0.6746031746031745
foundation_backbone,mae_flatten,xgboost,20,18,24,ok,,0.5,0.46262626262626255,0.4568181818181818,0.6746031746031745
foundation_backbone,mae_flatten,svm,21,18,24,ok,,0.4583333333333333,0.37894736842105264,0.45555555555555555,0.3544973544973545
foundation_backbone,mae_flatten,logreg,21,18,24,ok,,0.4583333333333333,0.37894736842105264,0.45555555555555555,0.3544973544973545
foundation_backbone,mae_flatten,xgboost,21,18,24,ok,,0.625,0.4836003051106026,0.525925925925926,0.46296296296296297
foundation_backbone,mae_flatten,svm,22,18,24,ok,,0.5833333333333334,0.5245436824384192,0.6666666666666666,0.7619047619047619
foundation_backbone,mae_flatten,logreg,22,18,24,ok,,0.5416666666666666,0.5,0.6599326599326599,0.7248677248677248
foundation_backbone,mae_flatten,xgboost,22,18,24,ok,,0.5416666666666666,0.48945596314017364,0.6333333333333334,0.7248677248677248
foundation_backbone,mae_flatten,svm,23,18,24,ok,,0.6666666666666666,0.5224358974358975,0.5833333333333334,0.47354497354497355
foundation_backbone,mae_flatten,logreg,23,18,24,ok,,0.6666666666666666,0.5224358974358975,0.5833333333333334,0.47354497354497355
foundation_backbone,mae_flatten,xgboost,23,18,24,ok,,0.5416666666666666,0.4047619047619048,0.480952380952381,0.3624338624338625
foundation_backbone,mae_flatten,svm,24,18,24,ok,,0.5833333333333334,0.5401515151515152,0.6203703703703703,0.7354497354497355
foundation_backbone,mae_flatten,logreg,24,18,24,ok,,0.625,0.5708683473389355,0.656084656084656,0.7724867724867724
foundation_backbone,mae_flatten,xgboost,24,18,24,ok,,0.7916666666666666,0.68482905982906,0.7055555555555556,0.8544973544973544
foundation_backbone,mae_flatten,svm,25,18,24,ok,,0.5833333333333334,0.42777777777777776,0.4454545454545455,0.4259259259259259
foundation_backbone,mae_flatten,logreg,25,18,24,ok,,0.5833333333333334,0.42777777777777776,0.4454545454545455,0.4259259259259259
foundation_backbone,mae_flatten,xgboost,25,18,24,ok,,0.625,0.4589473684210526,0.47575757575757577,0.44973544973544977
foundation_backbone,mae_flatten,svm,26,18,24,ok,,0.7916666666666666,0.6,0.6363636363636364,0.5714285714285715
foundation_backbone,mae_flatten,logreg,26,18,24,ok,,0.7083333333333334,0.5175983436853002,0.5462962962962963,0.5238095238095238
foundation_backbone,mae_flatten,xgboost,26,18,24,ok,,0.625,0.5066666666666667,0.6060606060606061,0.4365079365079365
foundation_backbone,mae_flatten,svm,27,18,24,ok,,0.6666666666666666,0.48484848484848486,0.5224358974358975,0.5
foundation_backbone,mae_flatten,logreg,27,18,24,ok,,0.7083333333333334,0.5175983436853002,0.5462962962962963,0.5238095238095238
foundation_backbone,mae_flatten,xgboost,27,18,24,ok,,0.6666666666666666,0.48888888888888893,0.5090909090909091,0.48677248677248675
foundation_backbone,mae_flatten,svm,28,18,24,ok,,0.7083333333333334,0.625,0.6809523809523809,0.8068783068783069
foundation_backbone,mae_flatten,logreg,28,18,24,ok,,0.75,0.6589635854341737,0.6888888888888888,0.8439153439153438
foundation_backbone,mae_flatten,xgboost,28,18,24,ok,,0.6666666666666666,0.5972222222222222,0.6476190476190476,0.7830687830687831
foundation_backbone,mae_flatten,svm,29,18,24,ok,,0.5416666666666666,0.3703703703703704,0.5,0.42857142857142855
foundation_backbone,mae_flatten,logreg,29,18,24,ok,,0.625,0.43999999999999995,0.5208333333333334,0.4761904761904762
foundation_backbone,mae_flatten,xgboost,29,18,24,ok,,0.5833333333333334,0.4154385964912281,0.5208333333333334,0.4523809523809524
foundation_backbone,mae_flatten,svm,30,18,24,ok,,0.375,0.3115942028985507,0.37566137566137564,0.2671957671957672
foundation_backbone,mae_flatten,logreg,30,18,24,ok,,0.4166666666666667,0.3333333333333333,0.3904761904761904,0.291005291005291
foundation_backbone,mae_flatten,xgboost,30,18,24,ok,,0.4583333333333333,0.4146537842190016,0.45436507936507936,0.6243386243386243
foundation_backbone,mae_flatten,svm,31,18,24,ok,,0.6666666666666666,0.5029239766081871,0.5333333333333333,0.48677248677248675
foundation_backbone,mae_flatten,logreg,31,18,24,ok,,0.7083333333333334,0.5307017543859649,0.5666666666666668,0.5105820105820106
foundation_backbone,mae_flatten,xgboost,31,18,24,ok,,0.625,0.4761904761904761,0.5357142857142857,0.4761904761904762
foundation_backbone,mae_flatten,svm,32,18,24,ok,,0.7083333333333334,0.5362962962962963,0.5690235690235691,0.5105820105820106
foundation_backbone,mae_flatten,logreg,32,18,24,ok,,0.625,0.46956521739130436,0.5016835016835017,0.46296296296296297
foundation_backbone,mae_flatten,xgboost,32,18,24,ok,,0.5,0.3708513708513708,0.4175824175824176,0.3783068783068783
foundation_backbone,mae_flatten,svm,33,18,24,ok,,0.5,0.4411764705882353,0.5694444444444445,0.3783068783068783
foundation_backbone,mae_flatten,logreg,33,18,24,ok,,0.6666666666666666,0.5898635477582846,0.6749999999999999,0.8095238095238096
foundation_backbone,mae_flatten,xgboost,33,18,24,ok,,0.5833333333333334,0.526984126984127,0.6370370370370371,0.708994708994709
foundation_backbone,mae_flatten,svm,34,18,24,ok,,0.625,0.4545454545454546,0.4967948717948718,0.46296296296296297
foundation_backbone,mae_flatten,logreg,34,18,24,ok,,0.6666666666666666,0.47299077733860345,0.5059523809523809,0.5
foundation_backbone,mae_flatten,xgboost,34,18,24,ok,,0.7083333333333334,0.5207017543859649,0.5393939393939394,0.5105820105820106
foundation_backbone,mae_flatten,svm,35,18,24,ok,,0.7916666666666666,0.6962962962962963,0.6826599326599326,0.8677248677248678
foundation_backbone,mae_flatten,logreg,35,18,24,ok,,0.7083333333333334,0.6202020202020202,0.6424242424242425,0.8201058201058201
foundation_backbone,mae_flatten,xgboost,35,18,24,ok,,0.6666666666666666,0.5898989898989899,0.6007575757575757,0.7962962962962963
foundation_backbone,mae_flatten,svm,36,18,24,ok,,0.75,0.5499999999999999,0.5727272727272728,0.5476190476190476
foundation_backbone,mae_flatten,logreg,36,18,24,ok,,0.7916666666666666,0.5666666666666668,0.5757575757575758,0.5714285714285715
foundation_backbone,mae_flatten,xgboost,36,18,24,ok,,0.7916666666666666,0.5824561403508772,0.603030303030303,0.5714285714285715
foundation_backbone,mae_flatten,svm,37,18,24,ok,,0.5833333333333334,0.5287878787878788,0.6144179894179894,0.7222222222222222
foundation_backbone,mae_flatten,logreg,37,18,24,ok,,0.625,0.5652173913043478,0.6666666666666666,0.746031746031746
foundation_backbone,mae_flatten,xgboost,37,18,24,ok,,0.375,0.3704248366013072,0.5952380952380952,0.5899470899470899
foundation_backbone,mae_flatten,svm,38,18,24,ok,,0.7083333333333334,0.5385802469135802,0.5897435897435898,0.4973544973544974
foundation_backbone,mae_flatten,logreg,38,18,24,ok,,0.75,0.5535714285714285,0.5952380952380952,0.5211640211640212
foundation_backbone,mae_flatten,xgboost,38,18,24,ok,,0.625,0.43821839080459773,0.4603174603174603,0.42328042328042326
foundation_backbone,mae_flatten,svm,39,18,24,ok,,0.5416666666666666,0.49137336093857825,0.5,0.6984126984126985
foundation_backbone,mae_flatten,logreg,39,18,24,ok,,0.5416666666666666,0.49254049445865306,0.5198412698412699,0.6984126984126985
foundation_backbone,mae_flatten,xgboost,39,18,24,ok,,0.5833333333333334,0.5249766573295985,0.5388888888888889,0.7222222222222222
foundation_backbone,mae_flatten,svm,40,18,24,ok,,0.7083333333333334,0.626904761904762,0.6616161616161617,0.8068783068783069
foundation_backbone,mae_flatten,logreg,40,18,24,ok,,0.7083333333333334,0.626904761904762,0.6616161616161617,0.8068783068783069
foundation_backbone,mae_flatten,xgboost,40,18,24,ok,,0.5416666666666666,0.5126984126984127,0.6493506493506493,0.6984126984126985
foundation_backbone,mae_flatten,svm,41,18,24,ok,,0.625,0.492822966507177,0.5583333333333333,0.46296296296296297
foundation_backbone,mae_flatten,logreg,41,18,24,ok,,0.6666666666666666,0.5281803542673108,0.5925925925925926,0.48677248677248675
foundation_backbone,mae_flatten,xgboost,41,18,24,ok,,0.5416666666666666,0.42940685045948196,0.5555555555555555,0.41534391534391535
foundation_backbone,mae_flatten,svm,42,18,24,ok,,0.5,0.4586894586894587,0.5694444444444445,0.6481481481481481
foundation_backbone,mae_flatten,logreg,42,18,24,ok,,0.5,0.4584615384615385,0.5824915824915825,0.6481481481481481
foundation_backbone,mae_flatten,xgboost,42,18,24,ok,,0.5416666666666666,0.48512820512820515,0.6127946127946128,0.671957671957672
foundation_backbone,mae_flatten,svm,43,18,24,ok,,0.75,0.6534518113465482,0.688888888888889,0.8571428571428571
foundation_backbone,mae_flatten,logreg,43,18,24,ok,,0.7083333333333334,0.6174603174603175,0.6616161616161617,0.8333333333333334
foundation_backbone,mae_flatten,xgboost,43,18,24,ok,,0.75,0.6534518113465482,0.688888888888889,0.8571428571428571
foundation_backbone,mae_flatten,svm,44,18,24,ok,,0.625,0.4725925925925926,0.5016835016835017,0.44973544973544977
foundation_backbone,mae_flatten,logreg,44,18,24,ok,,0.625,0.4725925925925926,0.5016835016835017,0.44973544973544977
foundation_backbone,mae_flatten,xgboost,44,18,24,ok,,0.625,0.4678362573099415,0.5,0.44973544973544977
foundation_backbone,mae_flatten,svm,45,18,24,ok,,0.7083333333333334,0.6183640920483026,0.6555555555555556,0.8201058201058201
foundation_backbone,mae_flatten,logreg,45,18,24,ok,,0.625,0.5499999999999999,0.6233766233766234,0.7724867724867724
foundation_backbone,mae_flatten,xgboost,45,18,24,ok,,0.5833333333333334,0.5277777777777778,0.5666666666666665,0.7222222222222222
foundation_backbone,mae_flatten,svm,46,18,24,ok,,0.7083333333333334,0.6296296296296297,0.7083333333333334,0.8333333333333334
foundation_backbone,mae_flatten,logreg,46,18,24,ok,,0.6666666666666666,0.5898635477582846,0.6749999999999999,0.8095238095238096
foundation_backbone,mae_flatten,xgboost,46,18,24,ok,,0.6666666666666666,0.5898635477582846,0.6749999999999999,0.8095238095238096
foundation_backbone,mae_flatten,svm,47,18,24,ok,,0.6666666666666666,0.580952380952381,0.638888888888889,0.8095238095238096
foundation_backbone,mae_flatten,logreg,47,18,24,ok,,0.6666666666666666,0.580952380952381,0.638888888888889,0.8095238095238096
foundation_backbone,mae_flatten,xgboost,47,18,24,ok,,0.5833333333333334,0.43939393939393945,0.5085470085470085,0.4523809523809524
foundation_backbone,mae_flatten,svm,48,18,24,ok,,0.6666666666666666,0.5125858123569794,0.562962962962963,0.48677248677248675
foundation_backbone,mae_flatten,logreg,48,18,24,ok,,0.7083333333333334,0.5362962962962963,0.5690235690235691,0.5105820105820106
foundation_backbone,mae_flatten,xgboost,48,18,24,ok,,0.625,0.49673202614379086,0.5583333333333333,0.44973544973544977
foundation_backbone,mae_flatten,svm,49,18,24,ok,,0.5833333333333334,0.5226703121439963,0.5388888888888889,0.7354497354497355
foundation_backbone,mae_flatten,logreg,49,18,24,ok,,0.625,0.5499999999999999,0.6233766233766234,0.7724867724867724
foundation_backbone,mae_flatten,xgboost,49,18,24,ok,,0.5,0.4606909430438842,0.5251322751322751,0.6746031746031745
foundation_backbone,mae_flatten,svm,50,18,24,ok,,0.5416666666666666,0.46184995737425405,0.5952380952380952,0.7380952380952381
foundation_backbone,mae_flatten,logreg,50,18,24,ok,,0.5833333333333334,0.5214814814814814,0.6041666666666666,0.7619047619047619
foundation_backbone,mae_flatten,xgboost,50,18,24,ok,,0.625,0.5535353535353535,0.6051282051282051,0.7724867724867724
foundation_backbone,mae_flatten,svm,51,18,24,ok,,0.5,0.3757575757575758,0.42735042735042733,0.39153439153439146
foundation_backbone,mae_flatten,logreg,51,18,24,ok,,0.5,0.3757575757575758,0.42735042735042733,0.39153439153439146
foundation_backbone,mae_flatten,xgboost,51,18,24,ok,,0.5833333333333334,0.45751633986928103,0.5166666666666667,0.41269841269841273
foundation_backbone,mae_flatten,svm,52,18,24,ok,,0.6666666666666666,0.5281803542673108,0.5925925925925926,0.48677248677248675
foundation_backbone,mae_flatten,logreg,52,18,24,ok,,0.7083333333333334,0.5652173913043478,0.6296296296296297,0.5238095238095238
foundation_backbone,mae_flatten,xgboost,52,18,24,ok,,0.625,0.5166240409207161,0.5925925925925926,0.46296296296296297
foundation_backbone,mae_flatten,svm,53,18,24,ok,,0.7083333333333334,0.5318840579710145,0.5690235690235691,0.5238095238095238
foundation_backbone,mae_flatten,logreg,53,18,24,ok,,0.5833333333333334,0.43939393939393945,0.5085470085470085,0.4523809523809524
foundation_backbone,mae_flatten,xgboost,53,18,24,ok,,0.5833333333333334,0.5161793372319688,0.6174242424242424,0.7486772486772487
foundation_backbone,mae_flatten,svm,54,18,24,ok,,0.7083333333333334,0.5652173913043478,0.6296296296296297,0.5238095238095238
foundation_backbone,mae_flatten,logreg,54,18,24,ok,,0.75,0.5833333333333334,0.6333333333333333,0.5476190476190476
foundation_backbone,mae_flatten,xgboost,54,18,24,ok,,0.7916666666666666,0.6,0.6363636363636364,0.5714285714285715
foundation_backbone,mae_flatten,svm,55,18,24,ok,,0.5833333333333334,0.44005847953216376,0.4666666666666666,0.4259259259259259
foundation_backbone,mae_flatten,logreg,55,18,24,ok,,0.625,0.559623696923468,0.5592592592592592,0.7592592592592592
foundation_backbone,mae_flatten,xgboost,55,18,24,ok,,0.625,0.5573959052219922,0.5740740740740741,0.7592592592592592
foundation_backbone,mae_flatten,svm,56,18,24,ok,,0.625,0.562962962962963,0.6666666666666666,0.7724867724867724
foundation_backbone,mae_flatten,logreg,56,18,24,ok,,0.6666666666666666,0.5880610617452723,0.6138888888888889,0.7962962962962963
foundation_backbone,mae_flatten,xgboost,56,18,24,ok,,0.5833333333333334,0.5401515151515152,0.6203703703703703,0.7354497354497355
foundation_backbone,mae_flatten,svm,57,18,24,ok,,0.625,0.4632034632034632,0.5164835164835164,0.4761904761904762
foundation_backbone,mae_flatten,logreg,57,18,24,ok,,0.5833333333333334,0.43939393939393945,0.5085470085470085,0.4523809523809524
foundation_backbone,mae_flatten,xgboost,57,18,24,ok,,0.5,0.3757575757575758,0.42735042735042733,0.39153439153439146
foundation_backbone,mae_flatten,svm,58,18,24,ok,,0.75,0.6534518113465482,0.688888888888889,0.8571428571428571
foundation_backbone,mae_flatten,logreg,58,18,24,ok,,0.75,0.6534518113465482,0.688888888888889,0.8571428571428571
foundation_backbone,mae_flatten,xgboost,58,18,24,ok,,0.6666666666666666,0.5833333333333334,0.6536796536796537,0.8095238095238096
foundation_backbone,mae_flatten,svm,59,18,24,ok,,0.5833333333333334,0.47117794486215536,0.5523809523809523,0.43915343915343913
foundation_backbone,mae_flatten,logreg,59,18,24,ok,,0.5833333333333334,0.47117794486215536,0.5523809523809523,0.43915343915343913
foundation_backbone,mae_flatten,xgboost,59,18,24,ok,,0.625,0.46956521739130436,0.5016835016835017,0.46296296296296297
foundation_backbone,mae_flatten,svm,60,18,24,ok,,0.5833333333333334,0.5166666666666667,0.5678210678210679,0.7486772486772487
foundation_backbone,mae_flatten,logreg,60,18,24,ok,,0.5833333333333334,0.5166666666666667,0.5678210678210679,0.7486772486772487
foundation_backbone,mae_flatten,xgboost,60,18,24,ok,,0.5833333333333334,0.5158730158730158,0.5555555555555555,0.7486772486772487
foundation_backbone,mae_flatten,svm,61,18,24,ok,,0.6666666666666666,0.5919701213818861,0.6138888888888889,0.7830687830687831
foundation_backbone,mae_flatten,logreg,61,18,24,ok,,0.6666666666666666,0.5919701213818861,0.6138888888888889,0.7830687830687831
foundation_backbone,mae_flatten,xgboost,61,18,24,ok,,0.6666666666666666,0.5224358974358975,0.5833333333333334,0.47354497354497355
foundation_backbone,mae_flatten,svm,62,18,24,ok,,0.625,0.5066666666666667,0.6060606060606061,0.4365079365079365
foundation_backbone,mae_flatten,logreg,62,18,24,ok,,0.6666666666666666,0.5224358974358975,0.5833333333333334,0.47354497354497355
foundation_backbone,mae_flatten,xgboost,62,18,24,ok,,0.5833333333333334,0.48888888888888893,0.6,0.41269841269841273
foundation_backbone,mae_flatten,svm,63,18,24,ok,,0.75,0.5657894736842105,0.6,0.5476190476190476
foundation_backbone,mae_flatten,logreg,63,18,24,ok,,0.75,0.5657894736842105,0.6,0.5476190476190476
foundation_backbone,mae_flatten,xgboost,63,18,24,ok,,0.7083333333333334,0.5318840579710145,0.5690235690235691,0.5238095238095238
foundation_backbone,mae_flatten,svm,64,18,24,ok,,0.4166666666666667,0.32085561497326204,0.42735042735042733,0.3439153439153439
foundation_backbone,mae_flatten,logreg,64,18,24,ok,,0.4166666666666667,0.30595813204508854,0.35714285714285715,0.3439153439153439
foundation_backbone,mae_flatten,xgboost,64,18,24,ok,,0.5,0.3737373737373737,0.40277777777777785,0.3783068783068783
foundation_backbone,mae_flatten,svm,65,18,24,ok,,0.4583333333333333,0.3671497584541063,0.40740740740740744,0.3412698412698412
foundation_backbone,mae_flatten,logreg,65,18,24,ok,,0.4583333333333333,0.3671497584541063,0.40740740740740744,0.3412698412698412
foundation_backbone,mae_flatten,xgboost,65,18,24,ok,,0.625,0.4752941176470588,0.5227272727272728,0.4365079365079365
foundation_backbone,mae_flatten,svm,66,18,24,ok,,0.5416666666666666,0.5126984126984127,0.6493506493506493,0.6984126984126985
foundation_backbone,mae_flatten,logreg,66,18,24,ok,,0.5833333333333334,0.5427489177489178,0.6523809523809524,0.7354497354497355
foundation_backbone,mae_flatten,xgboost,66,18,24,ok,,0.4583333333333333,0.45925925925925926,0.6904761904761904,0.6507936507936507
foundation_backbone,mae_flatten,svm,67,18,24,ok,,0.5833333333333334,0.5079365079365079,0.625,0.7619047619047619
foundation_backbone,mae_flatten,logreg,67,18,24,ok,,0.625,0.5495126705653021,0.6477272727272728,0.7857142857142857
foundation_backbone,mae_flatten,xgboost,67,18,24,ok,,0.5833333333333334,0.47117794486215536,0.5523809523809523,0.43915343915343913
foundation_backbone,mae_flatten,svm,68,18,24,ok,,0.75,0.5701357466063349,0.6111111111111112,0.5343915343915344
foundation_backbone,mae_flatten,logreg,68,18,24,ok,,0.75,0.5701357466063349,0.6111111111111112,0.5343915343915344
foundation_backbone,mae_flatten,xgboost,68,18,24,ok,,0.625,0.46606334841628955,0.5,0.4365079365079365
foundation_backbone,mae_flatten,svm,69,18,24,ok,,0.5416666666666666,0.511002886002886,0.6047619047619047,0.7116402116402116
foundation_backbone,mae_flatten,logreg,69,18,24,ok,,0.6666666666666666,0.5972222222222222,0.6476190476190476,0.7830687830687831
foundation_backbone,mae_flatten,xgboost,69,18,24,ok,,0.6666666666666666,0.5972222222222222,0.6476190476190476,0.7830687830687831
foundation_backbone,mae_flatten,svm,70,18,24,ok,,0.5416666666666666,0.4873015873015873,0.5057720057720058,0.7116402116402116
foundation_backbone,mae_flatten,logreg,70,18,24,ok,,0.5833333333333334,0.5226703121439963,0.5388888888888889,0.7354497354497355
foundation_backbone,mae_flatten,xgboost,70,18,24,ok,,0.5416666666666666,0.49137336093857825,0.5,0.6984126984126985
foundation_backbone,mae_flatten,svm,71,18,24,ok,,0.625,0.4466666666666666,0.4545454545454546,0.44973544973544977
foundation_backbone,mae_flatten,logreg,71,18,24,ok,,0.5833333333333334,0.4166666666666667,0.42777777777777776,0.4259259259259259
foundation_backbone,mae_flatten,xgboost,71,18,24,ok,,0.625,0.4466666666666666,0.4545454545454546,0.44973544973544977
foundation_backbone,mae_flatten,svm,72,18,24,ok,,0.625,0.5444862155388471,0.6309523809523809,0.7857142857142857
foundation_backbone,mae_flatten,logreg,72,18,24,ok,,0.625,0.5444862155388471,0.6309523809523809,0.7857142857142857
foundation_backbone,mae_flatten,xgboost,72,18,24,ok,,0.6666666666666666,0.5898635477582846,0.6749999999999999,0.8095238095238096
foundation_backbone,mae_flatten,svm,73,18,24,ok,,0.5833333333333334,0.5079365079365079,0.625,0.7619047619047619
foundation_backbone,mae_flatten,logreg,73,18,24,ok,,0.5833333333333334,0.4666666666666666,0.5505050505050505,0.4523809523809524
foundation_backbone,mae_flatten,xgboost,73,18,24,ok,,0.5833333333333334,0.5127401837928153,0.6031746031746031,0.7486772486772487
foundation_backbone,mae_flatten,svm,74,18,24,ok,,0.7083333333333334,0.5214233841684822,0.548076923076923,0.4973544973544974
foundation_backbone,mae_flatten,logreg,74,18,24,ok,,0.6666666666666666,0.5052790346907994,0.5416666666666666,0.47354497354497355
foundation_backbone,mae_flatten,xgboost,74,18,24,ok,,0.625,0.4807692307692308,0.5357142857142857,0.4365079365079365
foundation_backbone,mae_flatten,svm,75,18,24,ok,,0.75,0.6534518113465482,0.688888888888889,0.8571428571428571
foundation_backbone,mae_flatten,logreg,75,18,24,ok,,0.6666666666666666,0.5833333333333334,0.6536796536796537,0.8095238095238096
foundation_backbone,mae_flatten,xgboost,75,18,24,ok,,0.6666666666666666,0.5833333333333334,0.6536796536796537,0.8095238095238096
foundation_backbone,mae_flatten,svm,76,18,24,ok,,0.8333333333333334,0.7291101055806939,0.7222222222222222,0.8915343915343915
foundation_backbone,mae_flatten,logreg,76,18,24,ok,,0.7083333333333334,0.5207017543859649,0.5393939393939394,0.5105820105820106
foundation_backbone,mae_flatten,xgboost,76,18,24,ok,,0.5416666666666666,0.49259259259259264,0.5740740740740741,0.7116402116402116
foundation_backbone,mae_flatten,svm,77,18,24,ok,,0.75,0.6815044858523119,0.6666666666666666,0.8439153439153438
foundation_backbone,mae_flatten,logreg,77,18,24,ok,,0.6666666666666666,0.5832763727500571,0.6222222222222222,0.7830687830687831
foundation_backbone,mae_flatten,xgboost,77,18,24,ok,,0.625,0.5529733424470266,0.5805555555555556,0.7592592592592592
foundation_backbone,mae_flatten,svm,78,18,24,ok,,0.5,0.46296296296296297,0.6228956228956228,0.6878306878306878
foundation_backbone,mae_flatten,logreg,78,18,24,ok,,0.5416666666666666,0.487719298245614,0.5703703703703704,0.7248677248677248
foundation_backbone,mae_flatten,xgboost,78,18,24,ok,,0.5833333333333334,0.5169047619047619,0.536075036075036,0.708994708994709
foundation_backbone,mae_flatten,svm,79,18,24,ok,,0.625,0.5499999999999999,0.6233766233766234,0.7724867724867724
foundation_backbone,mae_flatten,logreg,79,18,24,ok,,0.625,0.5499999999999999,0.6233766233766234,0.7724867724867724
foundation_backbone,mae_flatten,xgboost,79,18,24,ok,,0.5833333333333334,0.5158730158730158,0.5555555555555555,0.7486772486772487
foundation_backbone,mae_flatten,svm,80,18,24,ok,,0.625,0.559623696923468,0.5592592592592592,0.7592592592592592
foundation_backbone,mae_flatten,logreg,80,18,24,ok,,0.6666666666666666,0.5898989898989899,0.6007575757575757,0.7962962962962963
foundation_backbone,mae_flatten,xgboost,80,18,24,ok,,0.5416666666666666,0.48771929824561405,0.6037037037037037,0.7116402116402116
foundation_backbone,mae_flatten,svm,81,18,24,ok,,0.5833333333333334,0.5228070175438596,0.6370370370370371,0.7486772486772487
foundation_backbone,mae_flatten,logreg,81,18,24,ok,,0.5833333333333334,0.5214424951267057,0.5861111111111111,0.7486772486772487
foundation_backbone,mae_flatten,xgboost,81,18,24,ok,,0.5,0.45925925925925926,0.5185185185185185,0.6878306878306878
foundation_backbone,mae_flatten,svm,82,18,24,ok,,0.5833333333333334,0.5304020598138245,0.5833333333333334,0.7354497354497355
foundation_backbone,mae_flatten,logreg,82,18,24,ok,,0.5833333333333334,0.5304020598138245,0.5833333333333334,0.7354497354497355
foundation_backbone,mae_flatten,xgboost,82,18,24,ok,,0.5833333333333334,0.5401515151515152,0.6203703703703703,0.7354497354497355
foundation_backbone,mae_flatten,svm,83,18,24,ok,,0.5416666666666666,0.5017825311942959,0.6027777777777777,0.7116402116402116
foundation_backbone,mae_flatten,logreg,83,18,24,ok,,0.5416666666666666,0.5138888888888888,0.6414141414141414,0.7116402116402116
foundation_backbone,mae_flatten,xgboost,83,18,24,ok,,0.4166666666666667,0.4163614163614164,0.5515873015873015,0.6137566137566137
foundation_backbone,mae_flatten,svm,84,18,24,ok,,0.6666666666666666,0.4978354978354978,0.5416666666666666,0.5
foundation_backbone,mae_flatten,logreg,84,18,24,ok,,0.7083333333333334,0.5318840579710145,0.5690235690235691,0.5238095238095238
foundation_backbone,mae_flatten,xgboost,84,18,24,ok,,0.625,0.46956521739130436,0.5016835016835017,0.46296296296296297
foundation_backbone,mae_flatten,svm,85,18,24,ok,,0.625,0.5704545454545454,0.6620370370370371,0.7592592592592592
foundation_backbone,mae_flatten,logreg,85,18,24,ok,,0.75,0.6535714285714286,0.6919191919191919,0.8306878306878307
foundation_backbone,mae_flatten,xgboost,85,18,24,ok,,0.5833333333333334,0.4541062801932367,0.5185185185185185,0.41269841269841273
foundation_backbone,mae_flatten,svm,86,18,24,ok,,0.625,0.574331550802139,0.7000000000000001,0.7724867724867724
foundation_backbone,mae_flatten,logreg,86,18,24,ok,,0.7083333333333334,0.6296296296296297,0.7083333333333334,0.8333333333333334
foundation_backbone,mae_flatten,xgboost,86,18,24,ok,,0.7083333333333334,0.626610305958132,0.7083333333333334,0.8068783068783069
foundation_backbone,mae_flatten,svm,87,18,24,ok,,0.7083333333333334,0.49396825396825395,0.494949494949495,0.5105820105820106
foundation_backbone,mae_flatten,logreg,87,18,24,ok,,0.7083333333333334,0.49396825396825395,0.494949494949495,0.5105820105820106
foundation_backbone,mae_flatten,xgboost,87,18,24,ok,,0.6666666666666666,0.47333333333333333,0.48484848484848486,0.47354497354497355
foundation_backbone,mae_flatten,svm,88,18,24,ok,,0.625,0.5499999999999999,0.6233766233766234,0.7724867724867724
foundation_backbone,mae_flatten,logreg,88,18,24,ok,,0.625,0.46608946608946605,0.5138888888888888,0.46296296296296297
foundation_backbone,mae_flatten,xgboost,88,18,24,ok,,0.5416666666666666,0.43333333333333335,0.5202020202020202,0.41534391534391535
foundation_backbone,mae_flatten,svm,89,18,24,ok,,0.5833333333333334,0.47117794486215536,0.5523809523809523,0.43915343915343913
foundation_backbone,mae_flatten,logreg,89,18,24,ok,,0.625,0.492822966507177,0.5583333333333333,0.46296296296296297
foundation_backbone,mae_flatten,xgboost,89,18,24,ok,,0.625,0.5084175084175083,0.5879629629629629,0.46296296296296297
foundation_backbone,mae_flatten,svm,90,18,24,ok,,0.5833333333333334,0.4774083546462063,0.5509259259259259,0.4259259259259259
foundation_backbone,mae_flatten,logreg,90,18,24,ok,,0.625,0.4878431372549019,0.5340909090909091,0.44973544973544977
foundation_backbone,mae_flatten,xgboost,90,18,24,ok,,0.6666666666666666,0.5833333333333334,0.6333333333333333,0.7698412698412698
foundation_backbone,mae_flatten,svm,91,18,24,ok,,0.875,0.6296296296296297,0.6410256410256411,0.6190476190476191
foundation_backbone,mae_flatten,logreg,91,18,24,ok,,0.75,0.5499999999999999,0.5727272727272728,0.5476190476190476
foundation_backbone,mae_flatten,xgboost,91,18,24,ok,,0.75,0.5461147421931735,0.5737179487179488,0.5211640211640212
foundation_backbone,mae_flatten,svm,92,18,24,ok,,0.625,0.45686680469289165,0.48148148148148145,0.46296296296296297
foundation_backbone,mae_flatten,logreg,92,18,24,ok,,0.625,0.45686680469289165,0.48148148148148145,0.46296296296296297
foundation_backbone,mae_flatten,xgboost,92,18,24,ok,,0.5,0.3844393592677345,0.4222222222222222,0.36507936507936506
foundation_backbone,mae_flatten,svm,93,18,24,ok,,0.7916666666666666,0.6877701500127129,0.7000000000000001,0.8809523809523809
foundation_backbone,mae_flatten,logreg,93,18,24,ok,,0.7916666666666666,0.6894409937888198,0.7222222222222223,0.8809523809523809
foundation_backbone,mae_flatten,xgboost,93,18,24,ok,,0.75,0.6534518113465482,0.688888888888889,0.8571428571428571
foundation_backbone,mae_flatten,svm,94,18,24,ok,,0.5416666666666666,0.44035087719298244,0.5393939393939394,0.42857142857142855
foundation_backbone,mae_flatten,logreg,94,18,24,ok,,0.625,0.5708683473389355,0.656084656084656,0.7724867724867724
foundation_backbone,mae_flatten,xgboost,94,18,24,ok,,0.625,0.5708683473389355,0.656084656084656,0.7724867724867724
foundation_backbone,mae_flatten,svm,95,18,24,ok,,0.6666666666666666,0.5972222222222222,0.6476190476190476,0.7830687830687831
foundation_backbone,mae_flatten,logreg,95,18,24,ok,,0.6666666666666666,0.5972222222222222,0.6476190476190476,0.7830687830687831
foundation_backbone,mae_flatten,xgboost,95,18,24,ok,,0.625,0.5652173913043478,0.6666666666666666,0.746031746031746
foundation_backbone,mae_flatten,svm,96,18,24,ok,,0.625,0.4545454545454546,0.4967948717948718,0.46296296296296297
foundation_backbone,mae_flatten,logreg,96,18,24,ok,,0.5833333333333334,0.4343434343434343,0.48611111111111116,0.4259259259259259
foundation_backbone,mae_flatten,xgboost,96,18,24,ok,,0.5,0.3722943722943723,0.4166666666666667,0.36507936507936506
foundation_backbone,mae_flatten,svm,97,18,24,ok,,0.625,0.4904761904761905,0.5584415584415584,0.4761904761904762
foundation_backbone,mae_flatten,logreg,97,18,24,ok,,0.625,0.4904761904761905,0.5584415584415584,0.4761904761904762
foundation_backbone,mae_flatten,xgboost,97,18,24,ok,,0.7083333333333334,0.6282828282828282,0.6474358974358975,0.8333333333333334
foundation_backbone,mae_flatten,svm,98,18,24,ok,,0.4166666666666667,0.410359231411863,0.6238095238095238,0.6005291005291006
foundation_backbone,mae_flatten,logreg,98,18,24,ok,,0.4583333333333333,0.4495726495726496,0.6904761904761904,0.6243386243386243
foundation_backbone,mae_flatten,xgboost,98,18,24,ok,,0.5833333333333334,0.521553325901152,0.6969696969696969,0.6957671957671957
foundation_backbone,mae_flatten,svm,99,18,24,ok,,0.7083333333333334,0.5318840579710145,0.5690235690235691,0.5238095238095238
foundation_backbone,mae_flatten,logreg,99,18,24,ok,,0.6666666666666666,0.5125858123569794,0.562962962962963,0.48677248677248675
foundation_backbone,mae_flatten,xgboost,99,18,24,ok,,0.75,0.5584795321637427,0.6,0.5343915343915344
foundation_backbone,mae_flatten,svm,100,18,24,ok,,0.5416666666666666,0.44035087719298244,0.5393939393939394,0.42857142857142855
foundation_backbone,mae_flatten,logreg,100,18,24,ok,,0.5833333333333334,0.4666666666666666,0.5505050505050505,0.4523809523809524
foundation_backbone,mae_flatten,xgboost,100,18,24,ok,,0.6666666666666666,0.5185185185185185,0.562962962962963,0.48677248677248675
prototype_head,mae_embeddings,prototype_mahalanobis_support_anova,1,18,24,ok,,0.625,0.5555555555555555,0.6196581196581197,0.7328042328042329
prototype_head,mae_embeddings,prototype_mahalanobis_support_anova,2,18,24,ok,,0.5833333333333334,0.5409982174688057,0.6444444444444445,0.7486772486772487
prototype_head,mae_embeddings,prototype_mahalanobis_support_anova,3,18,24,ok,,0.4166666666666667,0.4046231546231547,0.5333333333333333,0.6005291005291006
prototype_head,mae_embeddings,prototype_mahalanobis_support_anova,4,18,24,ok,,0.5416666666666666,0.5015998494259364,0.6259259259259259,0.6851851851851851
prototype_head,mae_embeddings,prototype_mahalanobis_support_anova,5,18,24,ok,,0.6666666666666666,0.5942028985507246,0.6309523809523809,0.8095238095238096
prototype_head,mae_embeddings,prototype_mahalanobis_support_anova,6,18,24,ok,,0.5833333333333334,0.5214424951267057,0.5861111111111111,0.7486772486772487
prototype_head,mae_embeddings,prototype_mahalanobis_support_anova,7,18,24,ok,,0.7916666666666666,0.6894409937888198,0.7222222222222223,0.8809523809523809
prototype_head,mae_embeddings,prototype_mahalanobis_support_anova,8,18,24,ok,,0.5416666666666666,0.4260651629072682,0.5166666666666667,0.42857142857142855
prototype_head,mae_embeddings,prototype_mahalanobis_support_anova,9,18,24,ok,,0.5416666666666666,0.46444840562487616,0.6057692307692307,0.7380952380952381
prototype_head,mae_embeddings,prototype_mahalanobis_support_anova,10,18,24,ok,,0.6666666666666666,0.6026143790849673,0.7037037037037037,0.7962962962962963
prototype_head,mae_embeddings,prototype_mahalanobis_support_anova,11,18,24,ok,,0.7083333333333334,0.5476735316552249,0.5962962962962962,0.5238095238095238
prototype_head,mae_embeddings,prototype_mahalanobis_support_anova,12,18,24,ok,,0.6666666666666666,0.580952380952381,0.638888888888889,0.8095238095238096
prototype_head,mae_embeddings,prototype_mahalanobis_support_anova,13,18,24,ok,,0.5833333333333334,0.42424242424242425,0.4551282051282051,0.43915343915343913
prototype_head,mae_embeddings,prototype_mahalanobis_support_anova,14,18,24,ok,,0.7083333333333334,0.5046113306982872,0.527065527065527,0.5238095238095238
prototype_head,mae_embeddings,prototype_mahalanobis_support_anova,15,18,24,ok,,0.7916666666666666,0.6877701500127129,0.7000000000000001,0.8809523809523809
prototype_head,mae_embeddings,prototype_mahalanobis_support_anova,16,18,24,ok,,0.75,0.6535353535353535,0.6727272727272727,0.8571428571428571
prototype_head,mae_embeddings,prototype_mahalanobis_support_anova,17,18,24,ok,,0.4166666666666667,0.3878787878787879,0.5,0.31746031746031744
prototype_head,mae_embeddings,prototype_mahalanobis_support_anova,18,18,24,ok,,0.6666666666666666,0.580952380952381,0.638888888888889,0.8095238095238096
prototype_head,mae_embeddings,prototype_mahalanobis_support_anova,19,18,24,ok,,0.5833333333333334,0.5079365079365079,0.625,0.7619047619047619
prototype_head,mae_embeddings,prototype_mahalanobis_support_anova,20,18,24,ok,,0.4583333333333333,0.4492063492063492,0.5541125541125541,0.6507936507936507
prototype_head,mae_embeddings,prototype_mahalanobis_support_anova,21,18,24,ok,,0.5416666666666666,0.40122044241037375,0.480952380952381,0.42857142857142855
prototype_head,mae_embeddings,prototype_mahalanobis_support_anova,22,18,24,ok,,0.5416666666666666,0.487719298245614,0.5703703703703704,0.7248677248677248
prototype_head,mae_embeddings,prototype_mahalanobis_support_anova,23,18,24,ok,,0.6666666666666666,0.5224358974358975,0.5833333333333334,0.47354497354497355
prototype_head,mae_embeddings,prototype_mahalanobis_support_anova,24,18,24,ok,,0.6666666666666666,0.6,0.7037037037037037,0.8095238095238096
prototype_head,mae_embeddings,prototype_mahalanobis_support_anova,25,18,24,ok,,0.5416666666666666,0.46557971014492755,0.5555555555555555,0.4021164021164021
prototype_head,mae_embeddings,prototype_mahalanobis_support_anova,26,18,24,ok,,0.75,0.5499999999999999,0.5727272727272728,0.5476190476190476
prototype_head,mae_embeddings,prototype_mahalanobis_support_anova,27,18,24,ok,,0.75,0.5499999999999999,0.5727272727272728,0.5476190476190476
prototype_head,mae_embeddings,prototype_mahalanobis_support_anova,28,18,24,ok,,0.5833333333333334,0.5245436824384192,0.6666666666666666,0.7619047619047619
prototype_head,mae_embeddings,prototype_mahalanobis_support_anova,29,18,24,ok,,0.6666666666666666,0.48484848484848486,0.5224358974358975,0.5
prototype_head,mae_embeddings,prototype_mahalanobis_support_anova,30,18,24,ok,,0.4583333333333333,0.3779677113010447,0.5128205128205128,0.3148148148148148
prototype_head,mae_embeddings,prototype_mahalanobis_support_anova,31,18,24,ok,,0.7083333333333334,0.5537254901960784,0.6060606060606061,0.5105820105820106
prototype_head,mae_embeddings,prototype_mahalanobis_support_anova,32,18,24,ok,,0.6666666666666666,0.5029239766081871,0.5333333333333333,0.48677248677248675
prototype_head,mae_embeddings,prototype_mahalanobis_support_anova,33,18,24,ok,,0.5833333333333334,0.4523809523809524,0.5277777777777778,0.4523809523809524
prototype_head,mae_embeddings,prototype_mahalanobis_support_anova,34,18,24,ok,,0.6666666666666666,0.48484848484848486,0.5224358974358975,0.5
prototype_head,mae_embeddings,prototype_mahalanobis_support_anova,35,18,24,ok,,0.7083333333333334,0.5028735632183908,0.5301587301587302,0.48412698412698413
prototype_head,mae_embeddings,prototype_mahalanobis_support_anova,36,18,24,ok,,0.75,0.5499999999999999,0.5727272727272728,0.5476190476190476
prototype_head,mae_embeddings,prototype_mahalanobis_support_anova,37,18,24,ok,,0.5,0.4524189261031366,0.5499999999999999,0.7010582010582009
prototype_head,mae_embeddings,prototype_mahalanobis_support_anova,38,18,24,ok,,0.625,0.5166240409207161,0.5925925925925926,0.46296296296296297
prototype_head,mae_embeddings,prototype_mahalanobis_support_anova,39,18,24,ok,,0.6666666666666666,0.5898635477582846,0.6749999999999999,0.8095238095238096
prototype_head,mae_embeddings,prototype_mahalanobis_support_anova,40,18,24,ok,,0.75,0.5833333333333334,0.6333333333333333,0.5476190476190476
prototype_head,mae_embeddings,prototype_mahalanobis_support_anova,41,18,24,ok,,0.625,0.4836003051106026,0.525925925925926,0.46296296296296297
prototype_head,mae_embeddings,prototype_mahalanobis_support_anova,42,18,24,ok,,0.5,0.4584615384615385,0.5824915824915825,0.6481481481481481
prototype_head,mae_embeddings,prototype_mahalanobis_support_anova,43,18,24,ok,,0.625,0.5578947368421052,0.6703703703703704,0.7857142857142857
prototype_head,mae_embeddings,prototype_mahalanobis_support_anova,44,18,24,ok,,0.625,0.4725925925925926,0.5016835016835017,0.44973544973544977
prototype_head,mae_embeddings,prototype_mahalanobis_support_anova,45,18,24,ok,,0.5833333333333334,0.48677248677248675,0.582010582010582,0.43915343915343913
prototype_head,mae_embeddings,prototype_mahalanobis_support_anova,46,18,24,ok,,0.7083333333333334,0.6296296296296297,0.7083333333333334,0.8333333333333334
prototype_head,mae_embeddings,prototype_mahalanobis_support_anova,47,18,24,ok,,0.75,0.6535353535353535,0.6727272727272727,0.8571428571428571
prototype_head,mae_embeddings,prototype_mahalanobis_support_anova,48,18,24,ok,,0.5,0.4140350877192982,0.48888888888888893,0.39153439153439146
prototype_head,mae_embeddings,prototype_mahalanobis_support_anova,49,18,24,ok,,0.625,0.5523809523809523,0.5836940836940837,0.7724867724867724
prototype_head,mae_embeddings,prototype_mahalanobis_support_anova,50,18,24,ok,,0.5833333333333334,0.5092592592592592,0.6,0.7619047619047619
prototype_head,mae_embeddings,prototype_mahalanobis_support_anova,51,18,24,ok,,0.5416666666666666,0.45502645502645506,0.5343915343915344,0.41534391534391535
prototype_head,mae_embeddings,prototype_mahalanobis_support_anova,52,18,24,ok,,0.6666666666666666,0.5454545454545454,0.625,0.5
prototype_head,mae_embeddings,prototype_mahalanobis_support_anova,53,18,24,ok,,0.75,0.5657894736842105,0.6,0.5476190476190476
prototype_head,mae_embeddings,prototype_mahalanobis_support_anova,54,18,24,ok,,0.6666666666666666,0.5898635477582846,0.6749999999999999,0.8095238095238096
prototype_head,mae_embeddings,prototype_mahalanobis_support_anova,55,18,24,ok,,0.5416666666666666,0.44035087719298244,0.5393939393939394,0.42857142857142855
prototype_head,mae_embeddings,prototype_mahalanobis_support_anova,56,18,24,ok,,0.7083333333333334,0.6174603174603175,0.6616161616161617,0.8333333333333334
prototype_head,mae_embeddings,prototype_mahalanobis_support_anova,57,18,24,ok,,0.5833333333333334,0.4666666666666666,0.5505050505050505,0.4523809523809524
prototype_head,mae_embeddings,prototype_mahalanobis_support_anova,58,18,24,ok,,0.7916666666666666,0.6877701500127129,0.7000000000000001,0.8809523809523809
prototype_head,mae_embeddings,prototype_mahalanobis_support_anova,59,18,24,ok,,0.7083333333333334,0.5476735316552249,0.5962962962962962,0.5238095238095238
prototype_head,mae_embeddings,prototype_mahalanobis_support_anova,60,18,24,ok,,0.5833333333333334,0.5166666666666667,0.5678210678210679,0.7486772486772487
prototype_head,mae_embeddings,prototype_mahalanobis_support_anova,61,18,24,ok,,0.7083333333333334,0.5462962962962963,0.5962962962962962,0.5105820105820106
prototype_head,mae_embeddings,prototype_mahalanobis_support_anova,62,18,24,ok,,0.5,0.4431818181818182,0.5416666666666666,0.3783068783068783
prototype_head,mae_embeddings,prototype_mahalanobis_support_anova,63,18,24,ok,,0.7083333333333334,0.5318840579710145,0.5690235690235691,0.5238095238095238
prototype_head,mae_embeddings,prototype_mahalanobis_support_anova,64,18,24,ok,,0.4166666666666667,0.3164983164983165,0.3717948717948718,0.3439153439153439
prototype_head,mae_embeddings,prototype_mahalanobis_support_anova,65,18,24,ok,,0.5416666666666666,0.45333333333333337,0.5454545454545454,0.38888888888888884
prototype_head,mae_embeddings,prototype_mahalanobis_support_anova,66,18,24,ok,,0.7083333333333334,0.6174603174603175,0.6616161616161617,0.8333333333333334
prototype_head,mae_embeddings,prototype_mahalanobis_support_anova,67,18,24,ok,,0.5833333333333334,0.5042087542087542,0.6117216117216117,0.7619047619047619
prototype_head,mae_embeddings,prototype_mahalanobis_support_anova,68,18,24,ok,,0.7083333333333334,0.5385802469135802,0.5897435897435898,0.4973544973544974
prototype_head,mae_embeddings,prototype_mahalanobis_support_anova,69,18,24,ok,,0.5833333333333334,0.5370370370370371,0.6969696969696969,0.7619047619047619
prototype_head,mae_embeddings,prototype_mahalanobis_support_anova,70,18,24,ok,,0.5416666666666666,0.47825311942959003,0.6393939393939395,0.7380952380952381
prototype_head,mae_embeddings,prototype_mahalanobis_support_anova,71,18,24,ok,,0.7083333333333334,0.5207017543859649,0.5393939393939394,0.5105820105820106
prototype_head,mae_embeddings,prototype_mahalanobis_support_anova,72,18,24,ok,,0.5833333333333334,0.5079365079365079,0.625,0.7619047619047619
prototype_head,mae_embeddings,prototype_mahalanobis_support_anova,73,18,24,ok,,0.5833333333333334,0.5042087542087542,0.6117216117216117,0.7619047619047619
prototype_head,mae_embeddings,prototype_mahalanobis_support_anova,74,18,24,ok,,0.7083333333333334,0.5362962962962963,0.5690235690235691,0.5105820105820106
prototype_head,mae_embeddings,prototype_mahalanobis_support_anova,75,18,24,ok,,0.625,0.5578947368421052,0.6703703703703704,0.7857142857142857
prototype_head,mae_embeddings,prototype_mahalanobis_support_anova,76,18,24,ok,,0.7083333333333334,0.6190476190476191,0.65,0.8333333333333334
prototype_head,mae_embeddings,prototype_mahalanobis_support_anova,77,18,24,ok,,0.75,0.6574074074074073,0.662962962962963,0.8439153439153438
prototype_head,mae_embeddings,prototype_mahalanobis_support_anova,78,18,24,ok,,0.5,0.4530214424951267,0.49722222222222223,0.6878306878306878
prototype_head,mae_embeddings,prototype_mahalanobis_support_anova,79,18,24,ok,,0.5416666666666666,0.46444840562487616,0.6057692307692307,0.7380952380952381
prototype_head,mae_embeddings,prototype_mahalanobis_support_anova,80,18,24,ok,,0.5416666666666666,0.47825311942959003,0.6393939393939395,0.7380952380952381
prototype_head,mae_embeddings,prototype_mahalanobis_support_anova,81,18,24,ok,,0.625,0.5523809523809523,0.5836940836940837,0.7724867724867724
prototype_head,mae_embeddings,prototype_mahalanobis_support_anova,82,18,24,ok,,0.75,0.6590909090909091,0.7142857142857143,0.8571428571428571
prototype_head,mae_embeddings,prototype_mahalanobis_support_anova,83,18,24,ok,,0.3333333333333333,0.34814814814814815,0.44047619047619047,0.5793650793650794
prototype_head,mae_embeddings,prototype_mahalanobis_support_anova,84,18,24,ok,,0.7083333333333334,0.5318840579710145,0.5690235690235691,0.5238095238095238
prototype_head,mae_embeddings,prototype_mahalanobis_support_anova,85,18,24,ok,,0.5833333333333334,0.5472222222222222,0.6969696969696969,0.7354497354497355
prototype_head,mae_embeddings,prototype_mahalanobis_support_anova,86,18,24,ok,,0.6666666666666666,0.5917508417508417,0.6355820105820106,0.7962962962962963
prototype_head,mae_embeddings,prototype_mahalanobis_support_anova,87,18,24,ok,,0.7083333333333334,0.49275362318840576,0.5105820105820106,0.5238095238095238
prototype_head,mae_embeddings,prototype_mahalanobis_support_anova,88,18,24,ok,,0.5416666666666666,0.47002801120448173,0.6203703703703703,0.7380952380952381
prototype_head,mae_embeddings,prototype_mahalanobis_support_anova,89,18,24,ok,,0.625,0.4904761904761905,0.5584415584415584,0.4761904761904762
prototype_head,mae_embeddings,prototype_mahalanobis_support_anova,90,18,24,ok,,0.5416666666666666,0.47348484848484845,0.5833333333333334,0.4021164021164021
prototype_head,mae_embeddings,prototype_mahalanobis_support_anova,91,18,24,ok,,0.7083333333333334,0.5066666666666667,0.5151515151515151,0.5105820105820106
prototype_head,mae_embeddings,prototype_mahalanobis_support_anova,92,18,24,ok,,0.5,0.4431818181818182,0.5416666666666666,0.3783068783068783
prototype_head,mae_embeddings,prototype_mahalanobis_support_anova,93,18,24,ok,,0.8333333333333334,0.7222222222222223,0.7333333333333334,0.9047619047619048
prototype_head,mae_embeddings,prototype_mahalanobis_support_anova,94,18,24,ok,,0.6666666666666666,0.5917508417508417,0.6355820105820106,0.7962962962962963
prototype_head,mae_embeddings,prototype_mahalanobis_support_anova,95,18,24,ok,,0.7083333333333334,0.626904761904762,0.6616161616161617,0.8068783068783069
prototype_head,mae_embeddings,prototype_mahalanobis_support_anova,96,18,24,ok,,0.6666666666666666,0.48888888888888893,0.5090909090909091,0.48677248677248675
prototype_head,mae_embeddings,prototype_mahalanobis_support_anova,97,18,24,ok,,0.6666666666666666,0.48484848484848486,0.5224358974358975,0.5
prototype_head,mae_embeddings,prototype_mahalanobis_support_anova,98,18,24,ok,,0.4583333333333333,0.4432234432234432,0.6446886446886447,0.6243386243386243
prototype_head,mae_embeddings,prototype_mahalanobis_support_anova,99,18,24,ok,,0.625,0.4904761904761905,0.5584415584415584,0.4761904761904762
prototype_head,mae_embeddings,prototype_mahalanobis_support_anova,100,18,24,ok,,0.625,0.506265664160401,0.5857142857142857,0.4761904761904762
direct_binned,bins1024_auc,svm,1,18,24,ok,,0.6666666666666666,0.59,0.6536796536796537,0.7698412698412698
direct_binned,bins1024_auc,logreg,1,18,24,ok,,0.6666666666666666,0.5919701213818861,0.6138888888888889,0.7830687830687831
direct_binned,bins1024_auc,xgboost,1,18,24,ok,,0.5416666666666666,0.49883597883597885,0.587121212121212,0.6851851851851851
direct_binned,bins1024_auc,svm,2,18,24,ok,,0.7083333333333334,0.6296296296296297,0.7083333333333334,0.8333333333333334
direct_binned,bins1024_auc,logreg,2,18,24,ok,,0.6666666666666666,0.5833333333333334,0.6536796536796537,0.8095238095238096
direct_binned,bins1024_auc,xgboost,2,18,24,ok,,0.6666666666666666,0.5999207763913647,0.6666666666666666,0.7962962962962963
direct_binned,bins1024_auc,svm,3,18,24,ok,,0.75,0.6524039567517829,0.6851851851851851,0.8439153439153438
direct_binned,bins1024_auc,logreg,3,18,24,ok,,0.6666666666666666,0.5079365079365079,0.5833333333333334,0.5
direct_binned,bins1024_auc,xgboost,3,18,24,ok,,0.4166666666666667,0.3088023088023088,0.34432234432234426,0.31746031746031744
direct_binned,bins1024_auc,svm,4,18,24,ok,,0.4583333333333333,0.4181818181818182,0.5416666666666666,0.3412698412698412
direct_binned,bins1024_auc,logreg,4,18,24,ok,,0.5416666666666666,0.4274322169059011,0.48333333333333334,0.4021164021164021
direct_binned,bins1024_auc,xgboost,4,18,24,ok,,0.5416666666666666,0.42063492063492064,0.5,0.41534391534391535
direct_binned,bins1024_auc,svm,5,18,24,ok,,0.5416666666666666,0.4628851540616246,0.5888888888888889,0.7380952380952381
direct_binned,bins1024_auc,logreg,5,18,24,ok,,0.5,0.4227272727272728,0.6011396011396012,0.7142857142857143
direct_binned,bins1024_auc,xgboost,5,18,24,ok,,0.5416666666666666,0.4810916179337232,0.5507575757575758,0.7248677248677248
direct_binned,bins1024_auc,svm,6,18,24,ok,,0.6666666666666666,0.5942028985507246,0.6309523809523809,0.8095238095238096
direct_binned,bins1024_auc,logreg,6,18,24,ok,,0.6666666666666666,0.5838383838383838,0.6307692307692307,0.8095238095238096
direct_binned,bins1024_auc,xgboost,6,18,24,ok,,0.625,0.5444862155388471,0.6309523809523809,0.7857142857142857
direct_binned,bins1024_auc,svm,7,18,24,ok,,0.5416666666666666,0.5131556896262778,0.6944444444444443,0.7248677248677248
direct_binned,bins1024_auc,logreg,7,18,24,ok,,0.5416666666666666,0.48945596314017364,0.6333333333333334,0.7248677248677248
direct_binned,bins1024_auc,xgboost,7,18,24,ok,,0.5416666666666666,0.5055555555555555,0.6493506493506493,0.6984126984126985
direct_binned,bins1024_auc,svm,8,18,24,ok,,0.7083333333333334,0.5476735316552249,0.5962962962962962,0.5238095238095238
direct_binned,bins1024_auc,logreg,8,18,24,ok,,0.7083333333333334,0.5318840579710145,0.5690235690235691,0.5238095238095238
direct_binned,bins1024_auc,xgboost,8,18,24,ok,,0.7083333333333334,0.5318840579710145,0.5690235690235691,0.5238095238095238
direct_binned,bins1024_auc,svm,9,18,24,ok,,0.625,0.5495126705653021,0.6477272727272728,0.7857142857142857
direct_binned,bins1024_auc,logreg,9,18,24,ok,,0.625,0.5495126705653021,0.6477272727272728,0.7857142857142857
direct_binned,bins1024_auc,xgboost,9,18,24,ok,,0.5,0.45925925925925926,0.5185185185185185,0.6878306878306878
direct_binned,bins1024_auc,svm,10,18,24,ok,,0.6666666666666666,0.5919701213818861,0.6138888888888889,0.7830687830687831
direct_binned,bins1024_auc,logreg,10,18,24,ok,,0.625,0.5573959052219922,0.5740740740740741,0.7592592592592592
direct_binned,bins1024_auc,xgboost,10,18,24,ok,,0.5416666666666666,0.4366666666666667,0.4978354978354978,0.38888888888888884
direct_binned,bins1024_auc,svm,11,18,24,ok,,0.7083333333333334,0.5476735316552249,0.5962962962962962,0.5238095238095238
direct_binned,bins1024_auc,logreg,11,18,24,ok,,0.6666666666666666,0.5121212121212121,0.5643939393939394,0.5
direct_binned,bins1024_auc,xgboost,11,18,24,ok,,0.7083333333333334,0.6234184495054059,0.6481481481481481,0.8201058201058201
direct_binned,bins1024_auc,svm,12,18,24,ok,,0.6666666666666666,0.6,0.7037037037037037,0.8095238095238096
direct_binned,bins1024_auc,logreg,12,18,24,ok,,0.6666666666666666,0.6,0.7037037037037037,0.8095238095238096
direct_binned,bins1024_auc,xgboost,12,18,24,ok,,0.5833333333333334,0.5245436824384192,0.6666666666666666,0.7619047619047619
direct_binned,bins1024_auc,svm,13,18,24,ok,,0.5416666666666666,0.39061421670117324,0.42857142857142855,0.41534391534391535
direct_binned,bins1024_auc,logreg,13,18,24,ok,,0.5416666666666666,0.483346046275108,0.5238095238095238,0.7248677248677248
direct_binned,bins1024_auc,xgboost,13,18,24,ok,,0.5,0.38888888888888884,0.47222222222222227,0.3783068783068783
direct_binned,bins1024_auc,svm,14,18,24,ok,,0.6666666666666666,0.48484848484848486,0.5224358974358975,0.5
direct_binned,bins1024_auc,logreg,14,18,24,ok,,0.625,0.4632034632034632,0.5164835164835164,0.4761904761904762
direct_binned,bins1024_auc,xgboost,14,18,24,ok,,0.75,0.5357142857142857,0.5499999999999999,0.5476190476190476
direct_binned,bins1024_auc,svm,15,18,24,ok,,0.625,0.5547758284600389,0.6416666666666667,0.7724867724867724
direct_binned,bins1024_auc,logreg,15,18,24,ok,,0.625,0.5495126705653021,0.6477272727272728,0.7857142857142857
direct_binned,bins1024_auc,xgboost,15,18,24,ok,,0.5416666666666666,0.4810916179337232,0.5507575757575758,0.7248677248677248
direct_binned,bins1024_auc,svm,16,18,24,ok,,0.7083333333333334,0.6183640920483026,0.6555555555555556,0.8201058201058201
direct_binned,bins1024_auc,logreg,16,18,24,ok,,0.75,0.6535353535353535,0.6727272727272727,0.8571428571428571
direct_binned,bins1024_auc,xgboost,16,18,24,ok,,0.5,0.3943191311612364,0.48888888888888893,0.39153439153439146
direct_binned,bins1024_auc,svm,17,18,24,ok,,0.5833333333333334,0.5166666666666667,0.5678210678210679,0.7486772486772487
direct_binned,bins1024_auc,logreg,17,18,24,ok,,0.4583333333333333,0.4222222222222222,0.42784992784992787,0.6507936507936507
direct_binned,bins1024_auc,xgboost,17,18,24,ok,,0.5833333333333334,0.5249766573295985,0.5388888888888889,0.7222222222222222
direct_binned,bins1024_auc,svm,18,18,24,ok,,0.6666666666666666,0.5862573099415204,0.6476190476190476,0.7962962962962963
direct_binned,bins1024_auc,logreg,18,18,24,ok,,0.6666666666666666,0.5833333333333334,0.6536796536796537,0.8095238095238096
direct_binned,bins1024_auc,xgboost,18,18,24,ok,,0.5833333333333334,0.5166666666666667,0.5678210678210679,0.7486772486772487
direct_binned,bins1024_auc,svm,19,18,24,ok,,0.6666666666666666,0.6026143790849673,0.7037037037037037,0.7962962962962963
direct_binned,bins1024_auc,logreg,19,18,24,ok,,0.6666666666666666,0.6,0.7037037037037037,0.8095238095238096
direct_binned,bins1024_auc,xgboost,19,18,24,ok,,0.625,0.499194847020934,0.5555555555555555,0.46296296296296297
direct_binned,bins1024_auc,svm,20,18,24,ok,,0.4583333333333333,0.42894491129785245,0.4775132275132275,0.6507936507936507
direct_binned,bins1024_auc,logreg,20,18,24,ok,,0.5,0.4524189261031366,0.5499999999999999,0.7010582010582009
direct_binned,bins1024_auc,xgboost,20,18,24,ok,,0.5,0.46296296296296297,0.5194444444444445,0.6613756613756614
direct_binned,bins1024_auc,svm,21,18,24,ok,,0.6666666666666666,0.5841269841269842,0.6313131313131314,0.7962962962962963
direct_binned,bins1024_auc,logreg,21,18,24,ok,,0.5416666666666666,0.46184995737425405,0.5952380952380952,0.7380952380952381
direct_binned,bins1024_auc,xgboost,21,18,24,ok,,0.5,0.3636363636363636,0.3878205128205128,0.3783068783068783
direct_binned,bins1024_auc,svm,22,18,24,ok,,0.625,0.5587719298245614,0.6166666666666667,0.7857142857142857
direct_binned,bins1024_auc,logreg,22,18,24,ok,,0.5,0.4185714285714286,0.576388888888889,0.7142857142857143
direct_binned,bins1024_auc,xgboost,22,18,24,ok,,0.5,0.4328644501278773,0.5714285714285714,0.7010582010582009
direct_binned,bins1024_auc,svm,23,18,24,ok,,0.375,0.3538461538461539,0.4385521885521886,0.5634920634920635
direct_binned,bins1024_auc,logreg,23,18,24,ok,,0.5416666666666666,0.499906629318394,0.5667989417989417,0.7116402116402116
direct_binned,bins1024_auc,xgboost,23,18,24,ok,,0.375,0.2871794871794872,0.3333333333333333,0.25396825396825395
direct_binned,bins1024_auc,svm,24,18,24,ok,,0.7083333333333334,0.5652173913043478,0.6296296296296297,0.5238095238095238
direct_binned,bins1024_auc,logreg,24,18,24,ok,,0.8333333333333334,0.7269005847953216,0.7166666666666667,0.9047619047619048
direct_binned,bins1024_auc,xgboost,24,18,24,ok,,0.5,0.4332399626517273,0.5297619047619048,0.3783068783068783
direct_binned,bins1024_auc,svm,25,18,24,ok,,0.5833333333333334,0.4625199362041467,0.5166666666666667,0.43915343915343913
direct_binned,bins1024_auc,logreg,25,18,24,ok,,0.6666666666666666,0.5898989898989899,0.6007575757575757,0.7962962962962963
direct_binned,bins1024_auc,xgboost,25,18,24,ok,,0.6666666666666666,0.5898989898989899,0.6007575757575757,0.7962962962962963
direct_binned,bins1024_auc,svm,26,18,24,ok,,0.625,0.4904761904761905,0.5584415584415584,0.4761904761904762
direct_binned,bins1024_auc,logreg,26,18,24,ok,,0.5416666666666666,0.40122044241037375,0.480952380952381,0.42857142857142855
direct_binned,bins1024_auc,xgboost,26,18,24,ok,,0.5833333333333334,0.44005847953216376,0.4666666666666666,0.4259259259259259
direct_binned,bins1024_auc,svm,27,18,24,ok,,0.7083333333333334,0.5207017543859649,0.5393939393939394,0.5105820105820106
direct_binned,bins1024_auc,logreg,27,18,24,ok,,0.625,0.45686680469289165,0.48148148148148145,0.46296296296296297
direct_binned,bins1024_auc,xgboost,27,18,24,ok,,0.5833333333333334,0.42424242424242425,0.4551282051282051,0.43915343915343913
direct_binned,bins1024_auc,svm,28,18,24,ok,,0.75,0.6589635854341737,0.6888888888888888,0.8439153439153438
direct_binned,bins1024_auc,logreg,28,18,24,ok,,0.7083333333333334,0.6174603174603175,0.6616161616161617,0.8333333333333334
direct_binned,bins1024_auc,xgboost,28,18,24,ok,,0.4583333333333333,0.4324009324009324,0.5666666666666667,0.6243386243386243
direct_binned,bins1024_auc,svm,29,18,24,ok,,0.7083333333333334,0.5046113306982872,0.527065527065527,0.5238095238095238
direct_binned,bins1024_auc,logreg,29,18,24,ok,,0.6666666666666666,0.48484848484848486,0.5224358974358975,0.5
direct_binned,bins1024_auc,xgboost,29,18,24,ok,,0.5416666666666666,0.37112010796221323,0.4431372549019608,0.42857142857142855
direct_binned,bins1024_auc,svm,30,18,24,ok,,0.5833333333333334,0.5037851037851038,0.5277777777777778,0.6957671957671957
direct_binned,bins1024_auc,logreg,30,18,24,ok,,0.5,0.457070707070707,0.4781746031746031,0.6746031746031745
direct_binned,bins1024_auc,xgboost,30,18,24,ok,,0.375,0.3055555555555556,0.35714285714285715,0.2671957671957672
direct_binned,bins1024_auc,svm,31,18,24,ok,,0.6666666666666666,0.5454545454545454,0.625,0.5
direct_binned,bins1024_auc,logreg,31,18,24,ok,,0.625,0.5578947368421052,0.6703703703703704,0.7857142857142857
direct_binned,bins1024_auc,xgboost,31,18,24,ok,,0.625,0.5607416879795396,0.5985449735449736,0.7592592592592592
direct_binned,bins1024_auc,svm,32,18,24,ok,,0.5833333333333334,0.5,0.6111111111111112,0.4523809523809524
direct_binned,bins1024_auc,logreg,32,18,24,ok,,0.625,0.506265664160401,0.5857142857142857,0.4761904761904762
direct_binned,bins1024_auc,xgboost,32,18,24,ok,,0.5833333333333334,0.4484848484848485,0.49242424242424243,0.43915343915343913
direct_binned,bins1024_auc,svm,33,18,24,ok,,0.7083333333333334,0.5476735316552249,0.5962962962962962,0.5238095238095238
direct_binned,bins1024_auc,logreg,33,18,24,ok,,0.6666666666666666,0.4978354978354978,0.5416666666666666,0.5
direct_binned,bins1024_auc,xgboost,33,18,24,ok,,0.5,0.41798941798941797,0.4973544973544974,0.3783068783068783
direct_binned,bins1024_auc,svm,34,18,24,ok,,0.625,0.5474192728197305,0.6142857142857143,0.7857142857142857
direct_binned,bins1024_auc,logreg,34,18,24,ok,,0.5416666666666666,0.4130781499202552,0.49743589743589745,0.42857142857142855
direct_binned,bins1024_auc,xgboost,34,18,24,ok,,0.625,0.4787878787878788,0.5340909090909091,0.46296296296296297
direct_binned,bins1024_auc,svm,35,18,24,ok,,0.5833333333333334,0.4275362318840579,0.4920634920634921,0.4523809523809524
direct_binned,bins1024_auc,logreg,35,18,24,ok,,0.5416666666666666,0.39035087719298245,0.4666666666666666,0.42857142857142855
direct_binned,bins1024_auc,xgboost,35,18,24,ok,,0.625,0.4836003051106026,0.525925925925926,0.46296296296296297
direct_binned,bins1024_auc,svm,36,18,24,ok,,0.5833333333333334,0.48245614035087714,0.5777777777777778,0.4523809523809524
direct_binned,bins1024_auc,logreg,36,18,24,ok,,0.5,0.42105263157894735,0.5333333333333333,0.39153439153439146
direct_binned,bins1024_auc,xgboost,36,18,24,ok,,0.5,0.404344193817878,0.47142857142857136,0.3783068783068783
direct_binned,bins1024_auc,svm,37,18,24,ok,,0.75,0.6589635854341737,0.6888888888888888,0.8439153439153438
direct_binned,bins1024_auc,logreg,37,18,24,ok,,0.6666666666666666,0.5898635477582846,0.6749999999999999,0.8095238095238096
direct_binned,bins1024_auc,xgboost,37,18,24,ok,,0.5833333333333334,0.5277777777777778,0.5666666666666665,0.7222222222222222
direct_binned,bins1024_auc,svm,38,18,24,ok,,0.5416666666666666,0.39061421670117324,0.42857142857142855,0.41534391534391535
direct_binned,bins1024_auc,logreg,38,18,24,ok,,0.4166666666666667,0.3115942028985507,0.3367003367003367,0.30423280423280424
direct_binned,bins1024_auc,xgboost,38,18,24,ok,,0.5833333333333334,0.42777777777777776,0.4454545454545455,0.4259259259259259
direct_binned,bins1024_auc,svm,39,18,24,ok,,0.4166666666666667,0.38888888888888884,0.45622895622895626,0.6402116402116401
direct_binned,bins1024_auc,logreg,39,18,24,ok,,0.3333333333333333,0.32979082321187586,0.3992063492063492,0.5661375661375662
direct_binned,bins1024_auc,xgboost,39,18,24,ok,,0.4166666666666667,0.4047619047619047,0.4985569985569986,0.6137566137566137
direct_binned,bins1024_auc,svm,40,18,24,ok,,0.7083333333333334,0.6296296296296297,0.7083333333333334,0.8333333333333334
direct_binned,bins1024_auc,logreg,40,18,24,ok,,0.6666666666666666,0.6,0.7037037037037037,0.8095238095238096
direct_binned,bins1024_auc,xgboost,40,18,24,ok,,0.4583333333333333,0.425,0.5555555555555555,0.3544973544973545
direct_binned,bins1024_auc,svm,41,18,24,ok,,0.625,0.505,0.5757575757575758,0.44973544973544977
direct_binned,bins1024_auc,logreg,41,18,24,ok,,0.5833333333333334,0.4625199362041467,0.5166666666666667,0.43915343915343913
direct_binned,bins1024_auc,xgboost,41,18,24,ok,,0.7083333333333334,0.5537254901960784,0.6060606060606061,0.5105820105820106
direct_binned,bins1024_auc,svm,42,18,24,ok,,0.7083333333333334,0.6296296296296297,0.7083333333333334,0.8333333333333334
direct_binned,bins1024_auc,logreg,42,18,24,ok,,0.625,0.5686392914653785,0.6342592592592592,0.7592592592592592
direct_binned,bins1024_auc,xgboost,42,18,24,ok,,0.3333333333333333,0.3338907469342252,0.5092592592592592,0.5396825396825397
direct_binned,bins1024_auc,svm,43,18,24,ok,,0.625,0.543403964456596,0.6196581196581197,0.7857142857142857
direct_binned,bins1024_auc,logreg,43,18,24,ok,,0.5833333333333334,0.5042087542087542,0.6117216117216117,0.7619047619047619
direct_binned,bins1024_auc,xgboost,43,18,24,ok,,0.625,0.5444862155388471,0.6309523809523809,0.7857142857142857
direct_binned,bins1024_auc,svm,44,18,24,ok,,0.6666666666666666,0.4978354978354978,0.5416666666666666,0.5
direct_binned,bins1024_auc,logreg,44,18,24,ok,,0.5,0.38730158730158726,0.4444444444444444,0.39153439153439146
direct_binned,bins1024_auc,xgboost,44,18,24,ok,,0.5833333333333334,0.4357864357864358,0.47222222222222215,0.43915343915343913
direct_binned,bins1024_auc,svm,45,18,24,ok,,0.5833333333333334,0.4666666666666666,0.5505050505050505,0.4523809523809524
direct_binned,bins1024_auc,logreg,45,18,24,ok,,0.5833333333333334,0.4666666666666666,0.5505050505050505,0.4523809523809524
direct_binned,bins1024_auc,xgboost,45,18,24,ok,,0.4583333333333333,0.3725981620718463,0.4238095238095238,0.3544973544973545
direct_binned,bins1024_auc,svm,46,18,24,ok,,0.6666666666666666,0.5898635477582846,0.6749999999999999,0.8095238095238096
direct_binned,bins1024_auc,logreg,46,18,24,ok,,0.625,0.5495126705653021,0.6477272727272728,0.7857142857142857
direct_binned,bins1024_auc,xgboost,46,18,24,ok,,0.7083333333333334,0.6213450292397661,0.6809523809523809,0.8333333333333334
direct_binned,bins1024_auc,svm,47,18,24,ok,,0.625,0.5444862155388471,0.6309523809523809,0.7857142857142857
direct_binned,bins1024_auc,logreg,47,18,24,ok,,0.625,0.543403964456596,0.6196581196581197,0.7857142857142857
direct_binned,bins1024_auc,xgboost,47,18,24,ok,,0.4583333333333333,0.38888888888888884,0.5587301587301586,0.6772486772486772
direct_binned,bins1024_auc,svm,48,18,24,ok,,0.7916666666666666,0.5675287356321839,0.6,0.544973544973545
direct_binned,bins1024_auc,logreg,48,18,24,ok,,0.6666666666666666,0.4978354978354978,0.5416666666666666,0.5
direct_binned,bins1024_auc,xgboost,48,18,24,ok,,0.8333333333333334,0.6153846153846154,0.6388888888888888,0.5952380952380952
direct_binned,bins1024_auc,svm,49,18,24,ok,,0.6666666666666666,0.5910081204198852,0.6666666666666666,0.7830687830687831
direct_binned,bins1024_auc,logreg,49,18,24,ok,,0.6666666666666666,0.5898635477582846,0.6749999999999999,0.8095238095238096
direct_binned,bins1024_auc,xgboost,49,18,24,ok,,0.5833333333333334,0.5296296296296296,0.611111111111111,0.7486772486772487
direct_binned,bins1024_auc,svm,50,18,24,ok,,0.5833333333333334,0.5161793372319688,0.6174242424242424,0.7486772486772487
direct_binned,bins1024_auc,logreg,50,18,24,ok,,0.625,0.5474192728197305,0.6142857142857143,0.7857142857142857
direct_binned,bins1024_auc,xgboost,50,18,24,ok,,0.5833333333333334,0.5238095238095238,0.5866402116402116,0.7354497354497355
direct_binned,bins1024_auc,svm,51,18,24,ok,,0.4166666666666667,0.34561403508771926,0.39999999999999997,0.3306878306878307
direct_binned,bins1024_auc,logreg,51,18,24,ok,,0.5416666666666666,0.44035087719298244,0.5393939393939394,0.42857142857142855
direct_binned,bins1024_auc,xgboost,51,18,24,ok,,0.75,0.5527065527065527,0.5740740740740741,0.5343915343915344
direct_binned,bins1024_auc,svm,52,18,24,ok,,0.75,0.6614718614718615,0.6666666666666666,0.8571428571428571
direct_binned,bins1024_auc,logreg,52,18,24,ok,,0.5833333333333334,0.5148148148148147,0.6430976430976432,0.7619047619047619
direct_binned,bins1024_auc,xgboost,52,18,24,ok,,0.5833333333333334,0.5214424951267057,0.5861111111111111,0.7486772486772487
direct_binned,bins1024_auc,svm,53,18,24,ok,,0.6666666666666666,0.545609548167093,0.6296296296296297,0.48677248677248675
direct_binned,bins1024_auc,logreg,53,18,24,ok,,0.75,0.6590909090909091,0.7142857142857143,0.8571428571428571
direct_binned,bins1024_auc,xgboost,53,18,24,ok,,0.6666666666666666,0.5833333333333334,0.6536796536796537,0.8095238095238096
direct_binned,bins1024_auc,svm,54,18,24,ok,,0.625,0.5495126705653021,0.6477272727272728,0.7857142857142857
direct_binned,bins1024_auc,logreg,54,18,24,ok,,0.5833333333333334,0.5079365079365079,0.625,0.7619047619047619
direct_binned,bins1024_auc,xgboost,54,18,24,ok,,0.4583333333333333,0.4055555555555556,0.6060606060606061,0.6772486772486772
direct_binned,bins1024_auc,svm,55,18,24,ok,,0.6666666666666666,0.5994227994227994,0.5972222222222222,0.7962962962962963
direct_binned,bins1024_auc,logreg,55,18,24,ok,,0.7083333333333334,0.6236969234680905,0.6296296296296297,0.8201058201058201
direct_binned,bins1024_auc,xgboost,55,18,24,ok,,0.625,0.5523809523809523,0.5836940836940837,0.7724867724867724
direct_binned,bins1024_auc,svm,56,18,24,ok,,0.5833333333333334,0.5079365079365079,0.625,0.7619047619047619
direct_binned,bins1024_auc,logreg,56,18,24,ok,,0.625,0.5495126705653021,0.6477272727272728,0.7857142857142857
direct_binned,bins1024_auc,xgboost,56,18,24,ok,,0.5,0.45263157894736833,0.5370370370370371,0.6878306878306878
direct_binned,bins1024_auc,svm,57,18,24,ok,,0.5833333333333334,0.4523809523809524,0.5277777777777778,0.4523809523809524
direct_binned,bins1024_auc,logreg,57,18,24,ok,,0.5833333333333334,0.4523809523809524,0.5277777777777778,0.4523809523809524
direct_binned,bins1024_auc,xgboost,57,18,24,ok,,0.4583333333333333,0.3666666666666667,0.4343434343434343,0.3544973544973545
direct_binned,bins1024_auc,svm,58,18,24,ok,,0.7916666666666666,0.5666666666666668,0.5757575757575758,0.5714285714285715
direct_binned,bins1024_auc,logreg,58,18,24,ok,,0.6666666666666666,0.5121212121212121,0.5643939393939394,0.5
direct_binned,bins1024_auc,xgboost,58,18,24,ok,,0.6666666666666666,0.5121212121212121,0.5643939393939394,0.5
direct_binned,bins1024_auc,svm,59,18,24,ok,,0.625,0.4513457556935818,0.5,0.4761904761904762
direct_binned,bins1024_auc,logreg,59,18,24,ok,,0.4166666666666667,0.31407407407407406,0.22916666666666666,0.6666666666666666
direct_binned,bins1024_auc,xgboost,59,18,24,ok,,0.5416666666666666,0.4628851540616246,0.5888888888888889,0.7380952380952381
direct_binned,bins1024_auc,svm,60,18,24,ok,,0.5416666666666666,0.48148148148148145,0.6127946127946128,0.7248677248677248
direct_binned,bins1024_auc,logreg,60,18,24,ok,,0.625,0.5495126705653021,0.6477272727272728,0.7857142857142857
direct_binned,bins1024_auc,xgboost,60,18,24,ok,,0.625,0.5608465608465608,0.6236772486772487,0.7724867724867724
direct_binned,bins1024_auc,svm,61,18,24,ok,,0.5416666666666666,0.4628851540616246,0.5888888888888889,0.7380952380952381
direct_binned,bins1024_auc,logreg,61,18,24,ok,,0.5,0.41827697262479874,0.5892857142857143,0.7142857142857143
direct_binned,bins1024_auc,xgboost,61,18,24,ok,,0.4583333333333333,0.39790764790764793,0.5888888888888889,0.6772486772486772
direct_binned,bins1024_auc,svm,62,18,24,ok,,0.75,0.5357142857142857,0.5499999999999999,0.5476190476190476
direct_binned,bins1024_auc,logreg,62,18,24,ok,,0.625,0.5495126705653021,0.6477272727272728,0.7857142857142857
direct_binned,bins1024_auc,xgboost,62,18,24,ok,,0.5833333333333334,0.5226703121439963,0.5388888888888889,0.7354497354497355
direct_binned,bins1024_auc,svm,63,18,24,ok,,0.7083333333333334,0.5175983436853002,0.5462962962962963,0.5238095238095238
direct_binned,bins1024_auc,logreg,63,18,24,ok,,0.5833333333333334,0.4523809523809524,0.5277777777777778,0.4523809523809524
direct_binned,bins1024_auc,xgboost,63,18,24,ok,,0.5833333333333334,0.4275362318840579,0.4920634920634921,0.4523809523809524
direct_binned,bins1024_auc,svm,64,18,24,ok,,0.5,0.3611111111111111,0.45,0.4047619047619047
direct_binned,bins1024_auc,logreg,64,18,24,ok,,0.5833333333333334,0.43939393939393945,0.5085470085470085,0.4523809523809524
direct_binned,bins1024_auc,xgboost,64,18,24,ok,,0.6666666666666666,0.5121212121212121,0.5643939393939394,0.5
direct_binned,bins1024_auc,svm,65,18,24,ok,,0.4583333333333333,0.32748538011695905,0.37777777777777777,0.3677248677248677
direct_binned,bins1024_auc,logreg,65,18,24,ok,,0.375,0.325410972469796,0.33226495726495725,0.6164021164021164
direct_binned,bins1024_auc,xgboost,65,18,24,ok,,0.4583333333333333,0.42084377610693396,0.43809523809523804,0.6507936507936507
direct_binned,bins1024_auc,svm,66,18,24,ok,,0.5833333333333334,0.5148148148148147,0.6430976430976432,0.7619047619047619
direct_binned,bins1024_auc,logreg,66,18,24,ok,,0.5833333333333334,0.5148148148148147,0.6430976430976432,0.7619047619047619
direct_binned,bins1024_auc,xgboost,66,18,24,ok,,0.4583333333333333,0.4222222222222222,0.4814814814814814,0.6507936507936507
direct_binned,bins1024_auc,svm,67,18,24,ok,,0.625,0.569377990430622,0.7000000000000001,0.7857142857142857
direct_binned,bins1024_auc,logreg,67,18,24,ok,,0.625,0.569377990430622,0.7000000000000001,0.7857142857142857
direct_binned,bins1024_auc,xgboost,67,18,24,ok,,0.5833333333333334,0.5148148148148147,0.6430976430976432,0.7619047619047619
direct_binned,bins1024_auc,svm,68,18,24,ok,,0.5833333333333334,0.4523809523809524,0.5277777777777778,0.4523809523809524
direct_binned,bins1024_auc,logreg,68,18,24,ok,,0.5,0.38383838383838387,0.4807692307692308,0.4047619047619047
direct_binned,bins1024_auc,xgboost,68,18,24,ok,,0.6666666666666666,0.5052790346907994,0.5416666666666666,0.47354497354497355
direct_binned,bins1024_auc,svm,69,18,24,ok,,0.7083333333333334,0.6302238066943949,0.7083333333333334,0.8201058201058201
direct_binned,bins1024_auc,logreg,69,18,24,ok,,0.625,0.5444862155388471,0.6309523809523809,0.7857142857142857
direct_binned,bins1024_auc,xgboost,69,18,24,ok,,0.5416666666666666,0.5017825311942959,0.6027777777777777,0.7116402116402116
direct_binned,bins1024_auc,svm,70,18,24,ok,,0.5,0.45925925925925926,0.5185185185185185,0.6878306878306878
direct_binned,bins1024_auc,logreg,70,18,24,ok,,0.5416666666666666,0.4776524644945697,0.5365079365079365,0.7248677248677248
direct_binned,bins1024_auc,xgboost,70,18,24,ok,,0.5416666666666666,0.4761904761904761,0.5972222222222222,0.7248677248677248
direct_binned,bins1024_auc,svm,71,18,24,ok,,0.625,0.4632034632034632,0.5164835164835164,0.4761904761904762
direct_binned,bins1024_auc,logreg,71,18,24,ok,,0.5416666666666666,0.4260651629072682,0.5166666666666667,0.42857142857142855
direct_binned,bins1024_auc,xgboost,71,18,24,ok,,0.625,0.499194847020934,0.5555555555555555,0.46296296296296297
direct_binned,bins1024_auc,svm,72,18,24,ok,,0.5833333333333334,0.5079365079365079,0.625,0.7619047619047619
direct_binned,bins1024_auc,logreg,72,18,24,ok,,0.625,0.5444862155388471,0.6309523809523809,0.7857142857142857
direct_binned,bins1024_auc,xgboost,72,18,24,ok,,0.4583333333333333,0.37198067632850246,0.5846560846560847,0.6904761904761904
direct_binned,bins1024_auc,svm,73,18,24,ok,,0.7083333333333334,0.6302238066943949,0.7083333333333334,0.8201058201058201
direct_binned,bins1024_auc,logreg,73,18,24,ok,,0.7083333333333334,0.6213450292397661,0.6809523809523809,0.8333333333333334
direct_binned,bins1024_auc,xgboost,73,18,24,ok,,0.75,0.6574074074074073,0.662962962962963,0.8439153439153438
direct_binned,bins1024_auc,svm,74,18,24,ok,,0.7916666666666666,0.6,0.6363636363636364,0.5714285714285715
direct_binned,bins1024_auc,logreg,74,18,24,ok,,0.6666666666666666,0.4978354978354978,0.5416666666666666,0.5
direct_binned,bins1024_auc,xgboost,74,18,24,ok,,0.7083333333333334,0.5362962962962963,0.5690235690235691,0.5105820105820106
direct_binned,bins1024_auc,svm,75,18,24,ok,,0.7083333333333334,0.5476735316552249,0.5962962962962962,0.5238095238095238
direct_binned,bins1024_auc,logreg,75,18,24,ok,,0.5833333333333334,0.5,0.6111111111111112,0.4523809523809524
direct_binned,bins1024_auc,xgboost,75,18,24,ok,,0.5416666666666666,0.4260651629072682,0.5166666666666667,0.42857142857142855
direct_binned,bins1024_auc,svm,76,18,24,ok,,0.5833333333333334,0.5042087542087542,0.6117216117216117,0.7619047619047619
direct_binned,bins1024_auc,logreg,76,18,24,ok,,0.625,0.543403964456596,0.6196581196581197,0.7857142857142857
direct_binned,bins1024_auc,xgboost,76,18,24,ok,,0.5,0.4444444444444445,0.5294612794612795,0.7010582010582009
direct_binned,bins1024_auc,svm,77,18,24,ok,,0.7083333333333334,0.5307017543859649,0.5666666666666668,0.5105820105820106
direct_binned,bins1024_auc,logreg,77,18,24,ok,,0.6666666666666666,0.4761904761904761,0.48888888888888893,0.48677248677248675
direct_binned,bins1024_auc,xgboost,77,18,24,ok,,0.6666666666666666,0.5185185185185185,0.562962962962963,0.48677248677248675
direct_binned,bins1024_auc,svm,78,18,24,ok,,0.625,0.5573959052219922,0.5740740740740741,0.7592592592592592
direct_binned,bins1024_auc,logreg,78,18,24,ok,,0.625,0.5573959052219922,0.5740740740740741,0.7592592592592592
direct_binned,bins1024_auc,xgboost,78,18,24,ok,,0.625,0.5585714285714286,0.5836940836940837,0.746031746031746
direct_binned,bins1024_auc,svm,79,18,24,ok,,0.625,0.5686392914653785,0.6342592592592592,0.7592592592592592
direct_binned,bins1024_auc,logreg,79,18,24,ok,,0.6666666666666666,0.5898635477582846,0.6749999999999999,0.8095238095238096
direct_binned,bins1024_auc,xgboost,79,18,24,ok,,0.75,0.6535353535353535,0.6727272727272727,0.8571428571428571
direct_binned,bins1024_auc,svm,80,18,24,ok,,0.625,0.5545112781954887,0.6,0.7724867724867724
direct_binned,bins1024_auc,logreg,80,18,24,ok,,0.5833333333333334,0.5238095238095238,0.5866402116402116,0.7354497354497355
direct_binned,bins1024_auc,xgboost,80,18,24,ok,,0.5833333333333334,0.5316526610644258,0.6144179894179894,0.7354497354497355
direct_binned,bins1024_auc,svm,81,18,24,ok,,0.625,0.5495126705653021,0.6477272727272728,0.7857142857142857
direct_binned,bins1024_auc,logreg,81,18,24,ok,,0.5416666666666666,0.46444840562487616,0.6057692307692307,0.7380952380952381
direct_binned,bins1024_auc,xgboost,81,18,24,ok,,0.5833333333333334,0.5079365079365079,0.625,0.7619047619047619
direct_binned,bins1024_auc,svm,82,18,24,ok,,0.5833333333333334,0.5244107744107743,0.5568783068783069,0.7354497354497355
direct_binned,bins1024_auc,logreg,82,18,24,ok,,0.5833333333333334,0.5304020598138245,0.5833333333333334,0.7354497354497355
direct_binned,bins1024_auc,xgboost,82,18,24,ok,,0.5,0.41077441077441074,0.46759259259259256,0.3783068783068783
direct_binned,bins1024_auc,svm,83,18,24,ok,,0.6666666666666666,0.5972222222222222,0.6476190476190476,0.7830687830687831
direct_binned,bins1024_auc,logreg,83,18,24,ok,,0.6666666666666666,0.580952380952381,0.638888888888889,0.8095238095238096
direct_binned,bins1024_auc,xgboost,83,18,24,ok,,0.625,0.5607416879795396,0.5985449735449736,0.7592592592592592
direct_binned,bins1024_auc,svm,84,18,24,ok,,0.75,0.5499999999999999,0.5727272727272728,0.5476190476190476
direct_binned,bins1024_auc,logreg,84,18,24,ok,,0.7083333333333334,0.5318840579710145,0.5690235690235691,0.5238095238095238
direct_binned,bins1024_auc,xgboost,84,18,24,ok,,0.75,0.5527065527065527,0.5740740740740741,0.5343915343915344
direct_binned,bins1024_auc,svm,85,18,24,ok,,0.625,0.4904761904761905,0.5584415584415584,0.4761904761904762
direct_binned,bins1024_auc,logreg,85,18,24,ok,,0.5833333333333334,0.5079365079365079,0.625,0.7619047619047619
direct_binned,bins1024_auc,xgboost,85,18,24,ok,,0.5416666666666666,0.4992063492063492,0.6037037037037037,0.6851851851851851
direct_binned,bins1024_auc,svm,86,18,24,ok,,0.875,0.7600000000000001,0.75,0.9285714285714285
direct_binned,bins1024_auc,logreg,86,18,24,ok,,0.7083333333333334,0.6190476190476191,0.65,0.8333333333333334
direct_binned,bins1024_auc,xgboost,86,18,24,ok,,0.625,0.5608465608465608,0.6236772486772487,0.7724867724867724
direct_binned,bins1024_auc,svm,87,18,24,ok,,0.6666666666666666,0.47299077733860345,0.5059523809523809,0.5
direct_binned,bins1024_auc,logreg,87,18,24,ok,,0.5416666666666666,0.39035087719298245,0.4666666666666666,0.42857142857142855
direct_binned,bins1024_auc,xgboost,87,18,24,ok,,0.7083333333333334,0.5207017543859649,0.5393939393939394,0.5105820105820106
direct_binned,bins1024_auc,svm,88,18,24,ok,,0.5833333333333334,0.5042087542087542,0.6117216117216117,0.7619047619047619
direct_binned,bins1024_auc,logreg,88,18,24,ok,,0.625,0.543403964456596,0.6196581196581197,0.7857142857142857
direct_binned,bins1024_auc,xgboost,88,18,24,ok,,0.625,0.4513457556935818,0.5,0.4761904761904762
direct_binned,bins1024_auc,svm,89,18,24,ok,,0.6666666666666666,0.5029239766081871,0.5333333333333333,0.48677248677248675
direct_binned,bins1024_auc,logreg,89,18,24,ok,,0.5833333333333334,0.4523809523809524,0.5277777777777778,0.4523809523809524
direct_binned,bins1024_auc,xgboost,89,18,24,ok,,0.6666666666666666,0.5121212121212121,0.5643939393939394,0.5
direct_binned,bins1024_auc,svm,90,18,24,ok,,0.7083333333333334,0.6296296296296297,0.7083333333333334,0.8333333333333334
direct_binned,bins1024_auc,logreg,90,18,24,ok,,0.625,0.569377990430622,0.7000000000000001,0.7857142857142857
direct_binned,bins1024_auc,xgboost,90,18,24,ok,,0.4583333333333333,0.3859649122807018,0.5,0.3544973544973545
direct_binned,bins1024_auc,svm,91,18,24,ok,,0.8333333333333334,0.6153846153846154,0.6388888888888888,0.5952380952380952
direct_binned,bins1024_auc,logreg,91,18,24,ok,,0.7083333333333334,0.6213450292397661,0.6809523809523809,0.8333333333333334
direct_binned,bins1024_auc,xgboost,91,18,24,ok,,0.625,0.5686392914653785,0.6342592592592592,0.7592592592592592
direct_binned,bins1024_auc,svm,92,18,24,ok,,0.6666666666666666,0.5029239766081871,0.5333333333333333,0.48677248677248675
direct_binned,bins1024_auc,logreg,92,18,24,ok,,0.6666666666666666,0.580952380952381,0.638888888888889,0.8095238095238096
direct_binned,bins1024_auc,xgboost,92,18,24,ok,,0.625,0.5523809523809523,0.5836940836940837,0.7724867724867724
direct_binned,bins1024_auc,svm,93,18,24,ok,,0.8333333333333334,0.7269005847953216,0.7166666666666667,0.9047619047619048
direct_binned,bins1024_auc,logreg,93,18,24,ok,,0.6666666666666666,0.5281803542673108,0.5925925925925926,0.48677248677248675
direct_binned,bins1024_auc,xgboost,93,18,24,ok,,0.5416666666666666,0.4621212121212121,0.5773809523809524,0.38888888888888884
direct_binned,bins1024_auc,svm,94,18,24,ok,,0.5416666666666666,0.487719298245614,0.5703703703703704,0.7248677248677248
direct_binned,bins1024_auc,logreg,94,18,24,ok,,0.5416666666666666,0.487719298245614,0.5703703703703704,0.7248677248677248
direct_binned,bins1024_auc,xgboost,94,18,24,ok,,0.4583333333333333,0.42512847776005674,0.49259259259259264,0.6640211640211641
direct_binned,bins1024_auc,svm,95,18,24,ok,,0.6666666666666666,0.5898635477582846,0.6749999999999999,0.8095238095238096
direct_binned,bins1024_auc,logreg,95,18,24,ok,,0.625,0.5578947368421052,0.6703703703703704,0.7857142857142857
direct_binned,bins1024_auc,xgboost,95,18,24,ok,,0.6666666666666666,0.5925925925925926,0.6712962962962963,0.7962962962962963
direct_binned,bins1024_auc,svm,96,18,24,ok,,0.7083333333333334,0.5046113306982872,0.527065527065527,0.5238095238095238
direct_binned,bins1024_auc,logreg,96,18,24,ok,,0.6666666666666666,0.5942028985507246,0.6309523809523809,0.8095238095238096
direct_binned,bins1024_auc,xgboost,96,18,24,ok,,0.75,0.6574074074074073,0.662962962962963,0.8439153439153438
direct_binned,bins1024_auc,svm,97,18,24,ok,,0.7916666666666666,0.6,0.6363636363636364,0.5714285714285715
direct_binned,bins1024_auc,logreg,97,18,24,ok,,0.6666666666666666,0.5838383838383838,0.6307692307692307,0.8095238095238096
direct_binned,bins1024_auc,xgboost,97,18,24,ok,,0.5,0.4341453753218459,0.5801282051282052,0.7010582010582009
direct_binned,bins1024_auc,svm,98,18,24,ok,,0.5416666666666666,0.40122044241037375,0.480952380952381,0.42857142857142855
direct_binned,bins1024_auc,logreg,98,18,24,ok,,0.5833333333333334,0.5042558086036347,0.6031746031746033,0.7619047619047619
direct_binned,bins1024_auc,xgboost,98,18,24,ok,,0.3333333333333333,0.3111111111111111,0.4444444444444444,0.24338624338624337
direct_binned,bins1024_auc,svm,99,18,24,ok,,0.6666666666666666,0.5454545454545454,0.625,0.5
direct_binned,bins1024_auc,logreg,99,18,24,ok,,0.7083333333333334,0.6213450292397661,0.6809523809523809,0.8333333333333334
direct_binned,bins1024_auc,xgboost,99,18,24,ok,,0.5416666666666666,0.4090909090909091,0.48290598290598297,0.41534391534391535
direct_binned,bins1024_auc,svm,100,18,24,ok,,0.6666666666666666,0.5121212121212121,0.5643939393939394,0.5
direct_binned,bins1024_auc,logreg,100,18,24,ok,,0.625,0.4904761904761905,0.5584415584415584,0.4761904761904762
direct_binned,bins1024_auc,xgboost,100,18,24,ok,,0.5,0.44047619047619047,0.5714285714285714,0.36507936507936506
direct_binned,bins2048_auc,svm,1,18,24,ok,,0.625,0.5555555555555555,0.6,0.746031746031746
direct_binned,bins2048_auc,logreg,1,18,24,ok,,0.6666666666666666,0.5919701213818861,0.6138888888888889,0.7830687830687831
direct_binned,bins2048_auc,xgboost,1,18,24,ok,,0.5416666666666666,0.49883597883597885,0.587121212121212,0.6851851851851851
direct_binned,bins2048_auc,svm,2,18,24,ok,,0.6666666666666666,0.6,0.7037037037037037,0.8095238095238096
direct_binned,bins2048_auc,logreg,2,18,24,ok,,0.6666666666666666,0.5833333333333334,0.6536796536796537,0.8095238095238096
direct_binned,bins2048_auc,xgboost,2,18,24,ok,,0.6666666666666666,0.5917508417508417,0.6355820105820106,0.7962962962962963
direct_binned,bins2048_auc,svm,3,18,24,ok,,0.7916666666666666,0.6877701500127129,0.7000000000000001,0.8809523809523809
direct_binned,bins2048_auc,logreg,3,18,24,ok,,0.7083333333333334,0.6174603174603175,0.6616161616161617,0.8333333333333334
direct_binned,bins2048_auc,xgboost,3,18,24,ok,,0.4583333333333333,0.3277777777777778,0.37777777777777777,0.3544973544973545
direct_binned,bins2048_auc,svm,4,18,24,ok,,0.5,0.4431818181818182,0.5416666666666666,0.3783068783068783
direct_binned,bins2048_auc,logreg,4,18,24,ok,,0.5416666666666666,0.4274322169059011,0.48333333333333334,0.4021164021164021
direct_binned,bins2048_auc,xgboost,4,18,24,ok,,0.5416666666666666,0.42063492063492064,0.5,0.41534391534391535
direct_binned,bins2048_auc,svm,5,18,24,ok,,0.5416666666666666,0.4628851540616246,0.5888888888888889,0.7380952380952381
direct_binned,bins2048_auc,logreg,5,18,24,ok,,0.5,0.4227272727272728,0.6011396011396012,0.7142857142857143
direct_binned,bins2048_auc,xgboost,5,18,24,ok,,0.5416666666666666,0.4810916179337232,0.5507575757575758,0.7248677248677248
direct_binned,bins2048_auc,svm,6,18,24,ok,,0.7083333333333334,0.6497584541062801,0.6587301587301587,0.8333333333333334
direct_binned,bins2048_auc,logreg,6,18,24,ok,,0.6666666666666666,0.5838383838383838,0.6307692307692307,0.8095238095238096
direct_binned,bins2048_auc,xgboost,6,18,24,ok,,0.625,0.543403964456596,0.6196581196581197,0.7857142857142857
direct_binned,bins2048_auc,svm,7,18,24,ok,,0.5416666666666666,0.5,0.6599326599326599,0.7248677248677248
direct_binned,bins2048_auc,logreg,7,18,24,ok,,0.5416666666666666,0.48945596314017364,0.6333333333333334,0.7248677248677248
direct_binned,bins2048_auc,xgboost,7,18,24,ok,,0.625,0.562962962962963,0.6666666666666666,0.7724867724867724
direct_binned,bins2048_auc,svm,8,18,24,ok,,0.7083333333333334,0.5318840579710145,0.5690235690235691,0.5238095238095238
direct_binned,bins2048_auc,logreg,8,18,24,ok,,0.7083333333333334,0.5318840579710145,0.5690235690235691,0.5238095238095238
direct_binned,bins2048_auc,xgboost,8,18,24,ok,,0.6666666666666666,0.4978354978354978,0.5416666666666666,0.5
direct_binned,bins2048_auc,svm,9,18,24,ok,,0.5833333333333334,0.5214424951267057,0.5861111111111111,0.7486772486772487
direct_binned,bins2048_auc,logreg,9,18,24,ok,,0.625,0.5495126705653021,0.6477272727272728,0.7857142857142857
direct_binned,bins2048_auc,xgboost,9,18,24,ok,,0.5,0.45925925925925926,0.5185185185185185,0.6878306878306878
direct_binned,bins2048_auc,svm,10,18,24,ok,,0.6666666666666666,0.5919701213818861,0.6138888888888889,0.7830687830687831
direct_binned,bins2048_auc,logreg,10,18,24,ok,,0.5833333333333334,0.5226703121439963,0.5388888888888889,0.7354497354497355
direct_binned,bins2048_auc,xgboost,10,18,24,ok,,0.625,0.499194847020934,0.5555555555555555,0.46296296296296297
direct_binned,bins2048_auc,svm,11,18,24,ok,,0.7083333333333334,0.5476735316552249,0.5962962962962962,0.5238095238095238
direct_binned,bins2048_auc,logreg,11,18,24,ok,,0.6666666666666666,0.5121212121212121,0.5643939393939394,0.5
direct_binned,bins2048_auc,xgboost,11,18,24,ok,,0.5416666666666666,0.4920634920634921,0.5390211640211641,0.7116402116402116
direct_binned,bins2048_auc,svm,12,18,24,ok,,0.7083333333333334,0.6296296296296297,0.7083333333333334,0.8333333333333334
direct_binned,bins2048_auc,logreg,12,18,24,ok,,0.6666666666666666,0.6,0.7037037037037037,0.8095238095238096
direct_binned,bins2048_auc,xgboost,12,18,24,ok,,0.5833333333333334,0.5148148148148147,0.6430976430976432,0.7619047619047619
direct_binned,bins2048_auc,svm,13,18,24,ok,,0.5833333333333334,0.5318840579710145,0.5515873015873016,0.7486772486772487
direct_binned,bins2048_auc,logreg,13,18,24,ok,,0.5833333333333334,0.5318840579710145,0.5515873015873016,0.7486772486772487
direct_binned,bins2048_auc,xgboost,13,18,24,ok,,0.5416666666666666,0.42063492063492064,0.5,0.41534391534391535
direct_binned,bins2048_auc,svm,14,18,24,ok,,0.7083333333333334,0.5046113306982872,0.527065527065527,0.5238095238095238
direct_binned,bins2048_auc,logreg,14,18,24,ok,,0.6666666666666666,0.4978354978354978,0.5416666666666666,0.5
direct_binned,bins2048_auc,xgboost,14,18,24,ok,,0.75,0.5357142857142857,0.5499999999999999,0.5476190476190476
direct_binned,bins2048_auc,svm,15,18,24,ok,,0.6666666666666666,0.5833333333333334,0.6536796536796537,0.8095238095238096
direct_binned,bins2048_auc,logreg,15,18,24,ok,,0.625,0.5495126705653021,0.6477272727272728,0.7857142857142857
direct_binned,bins2048_auc,xgboost,15,18,24,ok,,0.5833333333333334,0.5214424951267057,0.5861111111111111,0.7486772486772487
direct_binned,bins2048_auc,svm,16,18,24,ok,,0.7083333333333334,0.6183640920483026,0.6555555555555556,0.8201058201058201
direct_binned,bins2048_auc,logreg,16,18,24,ok,,0.75,0.6535353535353535,0.6727272727272727,0.8571428571428571
direct_binned,bins2048_auc,xgboost,16,18,24,ok,,0.5416666666666666,0.4920634920634921,0.5390211640211641,0.7116402116402116
direct_binned,bins2048_auc,svm,17,18,24,ok,,0.5833333333333334,0.5226703121439963,0.5388888888888889,0.7354497354497355
direct_binned,bins2048_auc,logreg,17,18,24,ok,,0.4583333333333333,0.4222222222222222,0.42784992784992787,0.6507936507936507
direct_binned,bins2048_auc,xgboost,17,18,24,ok,,0.5,0.4608833432362844,0.5,0.6746031746031745
direct_binned,bins2048_auc,svm,18,18,24,ok,,0.6666666666666666,0.5833333333333334,0.6536796536796537,0.8095238095238096
direct_binned,bins2048_auc,logreg,18,18,24,ok,,0.7083333333333334,0.6174603174603175,0.6616161616161617,0.8333333333333334
direct_binned,bins2048_auc,xgboost,18,18,24,ok,,0.5,0.4524189261031366,0.5499999999999999,0.7010582010582009
direct_binned,bins2048_auc,svm,19,18,24,ok,,0.6666666666666666,0.5222222222222223,0.6060606060606061,0.5
direct_binned,bins2048_auc,logreg,19,18,24,ok,,0.6666666666666666,0.6,0.7037037037037037,0.8095238095238096
direct_binned,bins2048_auc,xgboost,19,18,24,ok,,0.625,0.499194847020934,0.5555555555555555,0.46296296296296297
direct_binned,bins2048_auc,svm,20,18,24,ok,,0.4583333333333333,0.42923351158645273,0.5055555555555555,0.6507936507936507
direct_binned,bins2048_auc,logreg,20,18,24,ok,,0.5416666666666666,0.487719298245614,0.5703703703703704,0.7248677248677248
direct_binned,bins2048_auc,xgboost,20,18,24,ok,,0.5,0.46844919786096256,0.5472222222222222,0.6878306878306878
direct_binned,bins2048_auc,svm,21,18,24,ok,,0.75,0.6614718614718615,0.6666666666666666,0.8571428571428571
direct_binned,bins2048_auc,logreg,21,18,24,ok,,0.5416666666666666,0.46184995737425405,0.5952380952380952,0.7380952380952381
direct_binned,bins2048_auc,xgboost,21,18,24,ok,,0.4583333333333333,0.34545454545454546,0.40170940170940167,0.3544973544973545
direct_binned,bins2048_auc,svm,22,18,24,ok,,0.6666666666666666,0.5942028985507246,0.6309523809523809,0.8095238095238096
direct_binned,bins2048_auc,logreg,22,18,24,ok,,0.4583333333333333,0.3919047619047619,0.5555555555555556,0.6772486772486772
direct_binned,bins2048_auc,xgboost,22,18,24,ok,,0.5416666666666666,0.4739057239057239,0.5860805860805861,0.7248677248677248
direct_binned,bins2048_auc,svm,23,18,24,ok,,0.375,0.3538461538461539,0.4385521885521886,0.5634920634920635
direct_binned,bins2048_auc,logreg,23,18,24,ok,,0.5416666666666666,0.499906629318394,0.5667989417989417,0.7116402116402116
direct_binned,bins2048_auc,xgboost,23,18,24,ok,,0.5,0.46296296296296297,0.5194444444444445,0.6613756613756614
direct_binned,bins2048_auc,svm,24,18,24,ok,,0.75,0.6590909090909091,0.7142857142857143,0.8571428571428571
direct_binned,bins2048_auc,logreg,24,18,24,ok,,0.7916666666666666,0.6877701500127129,0.7000000000000001,0.8809523809523809
direct_binned,bins2048_auc,xgboost,24,18,24,ok,,0.5,0.4332399626517273,0.5297619047619048,0.3783068783068783
direct_binned,bins2048_auc,svm,25,18,24,ok,,0.6666666666666666,0.5121212121212121,0.5643939393939394,0.5
direct_binned,bins2048_auc,logreg,25,18,24,ok,,0.7083333333333334,0.6190476190476191,0.65,0.8333333333333334
direct_binned,bins2048_auc,xgboost,25,18,24,ok,,0.6666666666666666,0.5898989898989899,0.6007575757575757,0.7962962962962963
direct_binned,bins2048_auc,svm,26,18,24,ok,,0.6666666666666666,0.4978354978354978,0.5416666666666666,0.5
direct_binned,bins2048_auc,logreg,26,18,24,ok,,0.5416666666666666,0.40122044241037375,0.480952380952381,0.42857142857142855
direct_binned,bins2048_auc,xgboost,26,18,24,ok,,0.6666666666666666,0.5029239766081871,0.5333333333333333,0.48677248677248675
direct_binned,bins2048_auc,svm,27,18,24,ok,,0.75,0.5371120107962213,0.5444444444444444,0.5343915343915344
direct_binned,bins2048_auc,logreg,27,18,24,ok,,0.6666666666666666,0.4761904761904761,0.48888888888888893,0.48677248677248675
direct_binned,bins2048_auc,xgboost,27,18,24,ok,,0.5833333333333334,0.42424242424242425,0.4551282051282051,0.43915343915343913
direct_binned,bins2048_auc,svm,28,18,24,ok,,0.75,0.6589635854341737,0.6888888888888888,0.8439153439153438
direct_binned,bins2048_auc,logreg,28,18,24,ok,,0.7083333333333334,0.6174603174603175,0.6616161616161617,0.8333333333333334
direct_binned,bins2048_auc,xgboost,28,18,24,ok,,0.5416666666666666,0.48433048433048437,0.5972222222222222,0.671957671957672
direct_binned,bins2048_auc,svm,29,18,24,ok,,0.7083333333333334,0.5046113306982872,0.527065527065527,0.5238095238095238
direct_binned,bins2048_auc,logreg,29,18,24,ok,,0.6666666666666666,0.48484848484848486,0.5224358974358975,0.5
direct_binned,bins2048_auc,xgboost,29,18,24,ok,,0.5833333333333334,0.4066666666666667,0.46527777777777785,0.4523809523809524
direct_binned,bins2048_auc,svm,30,18,24,ok,,0.5416666666666666,0.39206349206349206,0.4365079365079365,0.3624338624338625
direct_binned,bins2048_auc,logreg,30,18,24,ok,,0.4583333333333333,0.3671497584541063,0.40740740740740744,0.3412698412698412
direct_binned,bins2048_auc,xgboost,30,18,24,ok,,0.375,0.3,0.34848484848484845,0.29365079365079366
direct_binned,bins2048_auc,svm,31,18,24,ok,,0.75,0.6590909090909091,0.7142857142857143,0.8571428571428571
direct_binned,bins2048_auc,logreg,31,18,24,ok,,0.625,0.569377990430622,0.7000000000000001,0.7857142857142857
direct_binned,bins2048_auc,xgboost,31,18,24,ok,,0.6666666666666666,0.5917508417508417,0.6355820105820106,0.7962962962962963
direct_binned,bins2048_auc,svm,32,18,24,ok,,0.5833333333333334,0.5,0.6111111111111112,0.4523809523809524
direct_binned,bins2048_auc,logreg,32,18,24,ok,,0.625,0.506265664160401,0.5857142857142857,0.4761904761904762
direct_binned,bins2048_auc,xgboost,32,18,24,ok,,0.5833333333333334,0.4484848484848485,0.49242424242424243,0.43915343915343913
direct_binned,bins2048_auc,svm,33,18,24,ok,,0.75,0.5499999999999999,0.5727272727272728,0.5476190476190476
direct_binned,bins2048_auc,logreg,33,18,24,ok,,0.75,0.6614718614718615,0.6666666666666666,0.8571428571428571
direct_binned,bins2048_auc,xgboost,33,18,24,ok,,0.5833333333333334,0.45714285714285713,0.5281385281385281,0.43915343915343913
direct_binned,bins2048_auc,svm,34,18,24,ok,,0.6666666666666666,0.5942028985507246,0.6309523809523809,0.8095238095238096
direct_binned,bins2048_auc,logreg,34,18,24,ok,,0.5416666666666666,0.4130781499202552,0.49743589743589745,0.42857142857142855
direct_binned,bins2048_auc,xgboost,34,18,24,ok,,0.625,0.4787878787878788,0.5340909090909091,0.46296296296296297
direct_binned,bins2048_auc,svm,35,18,24,ok,,0.5833333333333334,0.4275362318840579,0.4920634920634921,0.4523809523809524
direct_binned,bins2048_auc,logreg,35,18,24,ok,,0.5416666666666666,0.40122044241037375,0.480952380952381,0.42857142857142855
direct_binned,bins2048_auc,xgboost,35,18,24,ok,,0.625,0.4836003051106026,0.525925925925926,0.46296296296296297
direct_binned,bins2048_auc,svm,36,18,24,ok,,0.6666666666666666,0.5279106858054227,0.5916666666666667,0.5
direct_binned,bins2048_auc,logreg,36,18,24,ok,,0.5,0.42105263157894735,0.5333333333333333,0.39153439153439146
direct_binned,bins2048_auc,xgboost,36,18,24,ok,,0.5833333333333334,0.4625199362041467,0.5166666666666667,0.43915343915343913
direct_binned,bins2048_auc,svm,37,18,24,ok,,0.6666666666666666,0.580952380952381,0.638888888888889,0.8095238095238096
direct_binned,bins2048_auc,logreg,37,18,24,ok,,0.625,0.5444862155388471,0.6309523809523809,0.7857142857142857
direct_binned,bins2048_auc,xgboost,37,18,24,ok,,0.5833333333333334,0.5277777777777778,0.5666666666666665,0.7222222222222222
direct_binned,bins2048_auc,svm,38,18,24,ok,,0.5416666666666666,0.39061421670117324,0.42857142857142855,0.41534391534391535
direct_binned,bins2048_auc,logreg,38,18,24,ok,,0.375,0.2878787878787879,0.3181818181818182,0.2804232804232804
direct_binned,bins2048_auc,xgboost,38,18,24,ok,,0.5833333333333334,0.44005847953216376,0.4666666666666666,0.4259259259259259
direct_binned,bins2048_auc,svm,39,18,24,ok,,0.4583333333333333,0.42512847776005674,0.49259259259259264,0.6640211640211641
direct_binned,bins2048_auc,logreg,39,18,24,ok,,0.375,0.3606502430031842,0.4444444444444445,0.6031746031746031
direct_binned,bins2048_auc,xgboost,39,18,24,ok,,0.375,0.3735042735042735,0.47222222222222227,0.5899470899470899
direct_binned,bins2048_auc,svm,40,18,24,ok,,0.7083333333333334,0.6296296296296297,0.7083333333333334,0.8333333333333334
direct_binned,bins2048_auc,logreg,40,18,24,ok,,0.6666666666666666,0.6,0.7037037037037037,0.8095238095238096
direct_binned,bins2048_auc,xgboost,40,18,24,ok,,0.4166666666666667,0.3645224171539961,0.45925925925925926,0.3306878306878307
direct_binned,bins2048_auc,svm,41,18,24,ok,,0.5833333333333334,0.468954248366013,0.525,0.4259259259259259
direct_binned,bins2048_auc,logreg,41,18,24,ok,,0.5833333333333334,0.4625199362041467,0.5166666666666667,0.43915343915343913
direct_binned,bins2048_auc,xgboost,41,18,24,ok,,0.7083333333333334,0.5537254901960784,0.6060606060606061,0.5105820105820106
direct_binned,bins2048_auc,svm,42,18,24,ok,,0.6666666666666666,0.5999207763913647,0.6666666666666666,0.7962962962962963
direct_binned,bins2048_auc,logreg,42,18,24,ok,,0.625,0.5608465608465608,0.6236772486772487,0.7724867724867724
direct_binned,bins2048_auc,xgboost,42,18,24,ok,,0.375,0.36111111111111116,0.5303030303030303,0.5634920634920635
direct_binned,bins2048_auc,svm,43,18,24,ok,,0.625,0.543403964456596,0.6196581196581197,0.7857142857142857
direct_binned,bins2048_auc,logreg,43,18,24,ok,,0.5833333333333334,0.5042558086036347,0.6031746031746033,0.7619047619047619
direct_binned,bins2048_auc,xgboost,43,18,24,ok,,0.5833333333333334,0.5079365079365079,0.625,0.7619047619047619
direct_binned,bins2048_auc,svm,44,18,24,ok,,0.7083333333333334,0.5175983436853002,0.5462962962962963,0.5238095238095238
direct_binned,bins2048_auc,logreg,44,18,24,ok,,0.5416666666666666,0.40122044241037375,0.480952380952381,0.42857142857142855
direct_binned,bins2048_auc,xgboost,44,18,24,ok,,0.5833333333333334,0.4357864357864358,0.47222222222222215,0.43915343915343913
direct_binned,bins2048_auc,svm,45,18,24,ok,,0.5833333333333334,0.4666666666666666,0.5505050505050505,0.4523809523809524
direct_binned,bins2048_auc,logreg,45,18,24,ok,,0.5833333333333334,0.4666666666666666,0.5505050505050505,0.4523809523809524
direct_binned,bins2048_auc,xgboost,45,18,24,ok,,0.5,0.4000000000000001,0.4646464646464647,0.39153439153439146
direct_binned,bins2048_auc,svm,46,18,24,ok,,0.6666666666666666,0.5898635477582846,0.6749999999999999,0.8095238095238096
direct_binned,bins2048_auc,logreg,46,18,24,ok,,0.625,0.5495126705653021,0.6477272727272728,0.7857142857142857
direct_binned,bins2048_auc,xgboost,46,18,24,ok,,0.6666666666666666,0.5898635477582846,0.6749999999999999,0.8095238095238096
direct_binned,bins2048_auc,svm,47,18,24,ok,,0.625,0.543403964456596,0.6196581196581197,0.7857142857142857
direct_binned,bins2048_auc,logreg,47,18,24,ok,,0.5833333333333334,0.5042558086036347,0.6031746031746033,0.7619047619047619
direct_binned,bins2048_auc,xgboost,47,18,24,ok,,0.4583333333333333,0.38888888888888884,0.5587301587301586,0.6772486772486772
direct_binned,bins2048_auc,svm,48,18,24,ok,,0.875,0.6296296296296297,0.6410256410256411,0.6190476190476191
direct_binned,bins2048_auc,logreg,48,18,24,ok,,0.75,0.5499999999999999,0.5727272727272728,0.5476190476190476
direct_binned,bins2048_auc,xgboost,48,18,24,ok,,0.8333333333333334,0.6153846153846154,0.6388888888888888,0.5952380952380952
direct_binned,bins2048_auc,svm,49,18,24,ok,,0.6666666666666666,0.5850168350168351,0.6402116402116401,0.7830687830687831
direct_binned,bins2048_auc,logreg,49,18,24,ok,,0.6666666666666666,0.5898635477582846,0.6749999999999999,0.8095238095238096
direct_binned,bins2048_auc,xgboost,49,18,24,ok,,0.625,0.5608465608465608,0.6236772486772487,0.7724867724867724
direct_binned,bins2048_auc,svm,50,18,24,ok,,0.625,0.543403964456596,0.6196581196581197,0.7857142857142857
direct_binned,bins2048_auc,logreg,50,18,24,ok,,0.5833333333333334,0.5042558086036347,0.6031746031746033,0.7619047619047619
direct_binned,bins2048_auc,xgboost,50,18,24,ok,,0.5416666666666666,0.48333333333333334,0.5375180375180375,0.7116402116402116
direct_binned,bins2048_auc,svm,51,18,24,ok,,0.4583333333333333,0.3725981620718463,0.4238095238095238,0.3544973544973545
direct_binned,bins2048_auc,logreg,51,18,24,ok,,0.5416666666666666,0.4260651629072682,0.5166666666666667,0.42857142857142855
direct_binned,bins2048_auc,xgboost,51,18,24,ok,,0.75,0.5527065527065527,0.5740740740740741,0.5343915343915344
direct_binned,bins2048_auc,svm,52,18,24,ok,,0.75,0.6614718614718615,0.6666666666666666,0.8571428571428571
direct_binned,bins2048_auc,logreg,52,18,24,ok,,0.625,0.4857142857142857,0.5833333333333334,0.4761904761904762
direct_binned,bins2048_auc,xgboost,52,18,24,ok,,0.625,0.5495126705653021,0.6477272727272728,0.7857142857142857
direct_binned,bins2048_auc,svm,53,18,24,ok,,0.7083333333333334,0.5652173913043478,0.6296296296296297,0.5238095238095238
direct_binned,bins2048_auc,logreg,53,18,24,ok,,0.75,0.6590909090909091,0.7142857142857143,0.8571428571428571
direct_binned,bins2048_auc,xgboost,53,18,24,ok,,0.625,0.5444862155388471,0.6309523809523809,0.7857142857142857
direct_binned,bins2048_auc,svm,54,18,24,ok,,0.7083333333333334,0.6174603174603175,0.6616161616161617,0.8333333333333334
direct_binned,bins2048_auc,logreg,54,18,24,ok,,0.5833333333333334,0.5079365079365079,0.625,0.7619047619047619
direct_binned,bins2048_auc,xgboost,54,18,24,ok,,0.5416666666666666,0.48945596314017364,0.6333333333333334,0.7248677248677248
direct_binned,bins2048_auc,svm,55,18,24,ok,,0.7083333333333334,0.49396825396825395,0.494949494949495,0.5105820105820106
direct_binned,bins2048_auc,logreg,55,18,24,ok,,0.75,0.6640350877192982,0.65,0.8439153439153438
direct_binned,bins2048_auc,xgboost,55,18,24,ok,,0.7083333333333334,0.6234184495054059,0.6481481481481481,0.8201058201058201
direct_binned,bins2048_auc,svm,56,18,24,ok,,0.5833333333333334,0.5079365079365079,0.625,0.7619047619047619
direct_binned,bins2048_auc,logreg,56,18,24,ok,,0.5833333333333334,0.5148148148148147,0.6430976430976432,0.7619047619047619
direct_binned,bins2048_auc,xgboost,56,18,24,ok,,0.5416666666666666,0.48945596314017364,0.6333333333333334,0.7248677248677248
direct_binned,bins2048_auc,svm,57,18,24,ok,,0.5833333333333334,0.4523809523809524,0.5277777777777778,0.4523809523809524
direct_binned,bins2048_auc,logreg,57,18,24,ok,,0.5833333333333334,0.4523809523809524,0.5277777777777778,0.4523809523809524
direct_binned,bins2048_auc,xgboost,57,18,24,ok,,0.5,0.4000000000000001,0.4646464646464647,0.39153439153439146
direct_binned,bins2048_auc,svm,58,18,24,ok,,0.7916666666666666,0.5666666666666668,0.5757575757575758,0.5714285714285715
direct_binned,bins2048_auc,logreg,58,18,24,ok,,0.6666666666666666,0.5121212121212121,0.5643939393939394,0.5
direct_binned,bins2048_auc,xgboost,58,18,24,ok,,0.625,0.4761904761904761,0.5357142857142857,0.4761904761904762
direct_binned,bins2048_auc,svm,59,18,24,ok,,0.5833333333333334,0.4275362318840579,0.4920634920634921,0.4523809523809524
direct_binned,bins2048_auc,logreg,59,18,24,ok,,0.4583333333333333,0.3092006033182504,0.3986928104575163,0.38095238095238093
direct_binned,bins2048_auc,xgboost,59,18,24,ok,,0.5416666666666666,0.4628851540616246,0.5888888888888889,0.7380952380952381
direct_binned,bins2048_auc,svm,60,18,24,ok,,0.5416666666666666,0.48148148148148145,0.6127946127946128,0.7248677248677248
direct_binned,bins2048_auc,logreg,60,18,24,ok,,0.625,0.5444862155388471,0.6309523809523809,0.7857142857142857
direct_binned,bins2048_auc,xgboost,60,18,24,ok,,0.6666666666666666,0.5917508417508417,0.6355820105820106,0.7962962962962963
direct_binned,bins2048_auc,svm,61,18,24,ok,,0.5833333333333334,0.5042558086036347,0.6031746031746033,0.7619047619047619
direct_binned,bins2048_auc,logreg,61,18,24,ok,,0.4583333333333333,0.3685185185185185,0.5750000000000001,0.6904761904761904
direct_binned,bins2048_auc,xgboost,61,18,24,ok,,0.5416666666666666,0.48148148148148145,0.6127946127946128,0.7248677248677248
direct_binned,bins2048_auc,svm,62,18,24,ok,,0.7083333333333334,0.6282828282828282,0.6474358974358975,0.8333333333333334
direct_binned,bins2048_auc,logreg,62,18,24,ok,,0.625,0.4857142857142857,0.5833333333333334,0.4761904761904762
direct_binned,bins2048_auc,xgboost,62,18,24,ok,,0.625,0.5545112781954887,0.6,0.7724867724867724
direct_binned,bins2048_auc,svm,63,18,24,ok,,0.7083333333333334,0.5175983436853002,0.5462962962962963,0.5238095238095238
direct_binned,bins2048_auc,logreg,63,18,24,ok,,0.625,0.4904761904761905,0.5584415584415584,0.4761904761904762
direct_binned,bins2048_auc,xgboost,63,18,24,ok,,0.6666666666666666,0.4978354978354978,0.5416666666666666,0.5
direct_binned,bins2048_auc,svm,64,18,24,ok,,0.5,0.3611111111111111,0.45,0.4047619047619047
direct_binned,bins2048_auc,logreg,64,18,24,ok,,0.5416666666666666,0.40122044241037375,0.480952380952381,0.42857142857142855
direct_binned,bins2048_auc,xgboost,64,18,24,ok,,0.6666666666666666,0.5121212121212121,0.5643939393939394,0.5
direct_binned,bins2048_auc,svm,65,18,24,ok,,0.5,0.4444444444444444,0.49444444444444446,0.7010582010582009
direct_binned,bins2048_auc,logreg,65,18,24,ok,,0.4583333333333333,0.41262246525404417,0.435042735042735,0.6640211640211641
direct_binned,bins2048_auc,xgboost,65,18,24,ok,,0.375,0.35300372142477404,0.38888888888888884,0.6031746031746031
direct_binned,bins2048_auc,svm,66,18,24,ok,,0.5416666666666666,0.4338624338624338,0.5833333333333334,0.42857142857142855
direct_binned,bins2048_auc,logreg,66,18,24,ok,,0.5833333333333334,0.5148148148148147,0.6430976430976432,0.7619047619047619
direct_binned,bins2048_auc,xgboost,66,18,24,ok,,0.5,0.4070175438596491,0.5090909090909091,0.39153439153439146
direct_binned,bins2048_auc,svm,67,18,24,ok,,0.625,0.569377990430622,0.7000000000000001,0.7857142857142857
direct_binned,bins2048_auc,logreg,67,18,24,ok,,0.625,0.569377990430622,0.7000000000000001,0.7857142857142857
direct_binned,bins2048_auc,xgboost,67,18,24,ok,,0.5416666666666666,0.47002801120448173,0.6203703703703703,0.7380952380952381
direct_binned,bins2048_auc,svm,68,18,24,ok,,0.625,0.4761904761904761,0.5357142857142857,0.4761904761904762
direct_binned,bins2048_auc,logreg,68,18,24,ok,,0.5416666666666666,0.4260651629072682,0.5166666666666667,0.42857142857142855
direct_binned,bins2048_auc,xgboost,68,18,24,ok,,0.625,0.4878431372549019,0.5340909090909091,0.44973544973544977
direct_binned,bins2048_auc,svm,69,18,24,ok,,0.625,0.5633986928104575,0.6620370370370371,0.7592592592592592
direct_binned,bins2048_auc,logreg,69,18,24,ok,,0.5833333333333334,0.5161793372319688,0.6174242424242424,0.7486772486772487
direct_binned,bins2048_auc,xgboost,69,18,24,ok,,0.5833333333333334,0.5316526610644258,0.6144179894179894,0.7354497354497355
direct_binned,bins2048_auc,svm,70,18,24,ok,,0.5,0.45925925925925926,0.5185185185185185,0.6878306878306878
direct_binned,bins2048_auc,logreg,70,18,24,ok,,0.5416666666666666,0.4776524644945697,0.5365079365079365,0.7248677248677248
direct_binned,bins2048_auc,xgboost,70,18,24,ok,,0.625,0.5545112781954887,0.6,0.7724867724867724
direct_binned,bins2048_auc,svm,71,18,24,ok,,0.625,0.5444862155388471,0.6309523809523809,0.7857142857142857
direct_binned,bins2048_auc,logreg,71,18,24,ok,,0.5,0.38383838383838387,0.4807692307692308,0.4047619047619047
direct_binned,bins2048_auc,xgboost,71,18,24,ok,,0.5833333333333334,0.4625199362041467,0.5166666666666667,0.43915343915343913
direct_binned,bins2048_auc,svm,72,18,24,ok,,0.5833333333333334,0.5079365079365079,0.625,0.7619047619047619
direct_binned,bins2048_auc,logreg,72,18,24,ok,,0.625,0.5444862155388471,0.6309523809523809,0.7857142857142857
direct_binned,bins2048_auc,xgboost,72,18,24,ok,,0.5416666666666666,0.47002801120448173,0.6203703703703703,0.7380952380952381
direct_binned,bins2048_auc,svm,73,18,24,ok,,0.75,0.6590909090909091,0.7142857142857143,0.8571428571428571
direct_binned,bins2048_auc,logreg,73,18,24,ok,,0.7083333333333334,0.6213450292397661,0.6809523809523809,0.8333333333333334
direct_binned,bins2048_auc,xgboost,73,18,24,ok,,0.6666666666666666,0.5898989898989899,0.6007575757575757,0.7962962962962963
direct_binned,bins2048_auc,svm,74,18,24,ok,,0.7916666666666666,0.6,0.6363636363636364,0.5714285714285715
direct_binned,bins2048_auc,logreg,74,18,24,ok,,0.6666666666666666,0.4978354978354978,0.5416666666666666,0.5
direct_binned,bins2048_auc,xgboost,74,18,24,ok,,0.75,0.5657894736842105,0.6,0.5476190476190476
direct_binned,bins2048_auc,svm,75,18,24,ok,,0.6666666666666666,0.5454545454545454,0.625,0.5
direct_binned,bins2048_auc,logreg,75,18,24,ok,,0.6666666666666666,0.5454545454545454,0.625,0.5
direct_binned,bins2048_auc,xgboost,75,18,24,ok,,0.5833333333333334,0.4666666666666666,0.5505050505050505,0.4523809523809524
direct_binned,bins2048_auc,svm,76,18,24,ok,,0.625,0.543403964456596,0.6196581196581197,0.7857142857142857
direct_binned,bins2048_auc,logreg,76,18,24,ok,,0.625,0.543403964456596,0.6196581196581197,0.7857142857142857
direct_binned,bins2048_auc,xgboost,76,18,24,ok,,0.5,0.4444444444444445,0.5294612794612795,0.7010582010582009
direct_binned,bins2048_auc,svm,77,18,24,ok,,0.7083333333333334,0.5166666666666667,0.5424242424242425,0.5105820105820106
direct_binned,bins2048_auc,logreg,77,18,24,ok,,0.6666666666666666,0.4761904761904761,0.48888888888888893,0.48677248677248675
direct_binned,bins2048_auc,xgboost,77,18,24,ok,,0.6666666666666666,0.5029239766081871,0.5333333333333333,0.48677248677248675
direct_binned,bins2048_auc,svm,78,18,24,ok,,0.625,0.5573959052219922,0.5740740740740741,0.7592592592592592
direct_binned,bins2048_auc,logreg,78,18,24,ok,,0.6666666666666666,0.5880610617452723,0.6138888888888889,0.7962962962962963
direct_binned,bins2048_auc,xgboost,78,18,24,ok,,0.625,0.5585714285714286,0.5836940836940837,0.746031746031746
direct_binned,bins2048_auc,svm,79,18,24,ok,,0.6666666666666666,0.5972222222222222,0.6476190476190476,0.7830687830687831
direct_binned,bins2048_auc,logreg,79,18,24,ok,,0.625,0.5495126705653021,0.6477272727272728,0.7857142857142857
direct_binned,bins2048_auc,xgboost,79,18,24,ok,,0.75,0.6534518113465482,0.688888888888889,0.8571428571428571
direct_binned,bins2048_auc,svm,80,18,24,ok,,0.625,0.5545112781954887,0.6,0.7724867724867724
direct_binned,bins2048_auc,logreg,80,18,24,ok,,0.5833333333333334,0.5238095238095238,0.5866402116402116,0.7354497354497355
direct_binned,bins2048_auc,xgboost,80,18,24,ok,,0.5833333333333334,0.5238095238095238,0.5866402116402116,0.7354497354497355
direct_binned,bins2048_auc,svm,81,18,24,ok,,0.625,0.5495126705653021,0.6477272727272728,0.7857142857142857
direct_binned,bins2048_auc,logreg,81,18,24,ok,,0.5833333333333334,0.5079365079365079,0.625,0.7619047619047619
direct_binned,bins2048_auc,xgboost,81,18,24,ok,,0.625,0.5495126705653021,0.6477272727272728,0.7857142857142857
direct_binned,bins2048_auc,svm,82,18,24,ok,,0.5833333333333334,0.5244107744107743,0.5568783068783069,0.7354497354497355
direct_binned,bins2048_auc,logreg,82,18,24,ok,,0.5416666666666666,0.4920634920634921,0.5390211640211641,0.7116402116402116
direct_binned,bins2048_auc,xgboost,82,18,24,ok,,0.5,0.42602495543672014,0.5,0.3783068783068783
direct_binned,bins2048_auc,svm,83,18,24,ok,,0.7083333333333334,0.626904761904762,0.6616161616161617,0.8068783068783069
direct_binned,bins2048_auc,logreg,83,18,24,ok,,0.625,0.5545112781954887,0.6,0.7724867724867724
direct_binned,bins2048_auc,xgboost,83,18,24,ok,,0.75,0.6534518113465482,0.688888888888889,0.8571428571428571
direct_binned,bins2048_auc,svm,84,18,24,ok,,0.75,0.5499999999999999,0.5727272727272728,0.5476190476190476
direct_binned,bins2048_auc,logreg,84,18,24,ok,,0.75,0.5499999999999999,0.5727272727272728,0.5476190476190476
direct_binned,bins2048_auc,xgboost,84,18,24,ok,,0.6666666666666666,0.4900284900284901,0.5092592592592592,0.47354497354497355
direct_binned,bins2048_auc,svm,85,18,24,ok,,0.7083333333333334,0.5318840579710145,0.5690235690235691,0.5238095238095238
direct_binned,bins2048_auc,logreg,85,18,24,ok,,0.6666666666666666,0.5833333333333334,0.6536796536796537,0.8095238095238096
direct_binned,bins2048_auc,xgboost,85,18,24,ok,,0.5416666666666666,0.4992063492063492,0.6037037037037037,0.6851851851851851
direct_binned,bins2048_auc,svm,86,18,24,ok,,0.9166666666666666,0.8076923076923078,0.7777777777777777,0.9523809523809524
direct_binned,bins2048_auc,logreg,86,18,24,ok,,0.75,0.6535353535353535,0.6727272727272727,0.8571428571428571
direct_binned,bins2048_auc,xgboost,86,18,24,ok,,0.625,0.5545112781954887,0.6,0.7724867724867724
direct_binned,bins2048_auc,svm,87,18,24,ok,,0.625,0.44047619047619047,0.4857142857142857,0.4761904761904762
direct_binned,bins2048_auc,logreg,87,18,24,ok,,0.5833333333333334,0.4166666666666667,0.4777777777777778,0.4523809523809524
direct_binned,bins2048_auc,xgboost,87,18,24,ok,,0.6666666666666666,0.48888888888888893,0.5090909090909091,0.48677248677248675
direct_binned,bins2048_auc,svm,88,18,24,ok,,0.625,0.5444862155388471,0.6309523809523809,0.7857142857142857
direct_binned,bins2048_auc,logreg,88,18,24,ok,,0.6666666666666666,0.580952380952381,0.638888888888889,0.8095238095238096
direct_binned,bins2048_auc,xgboost,88,18,24,ok,,0.7083333333333334,0.5175983436853002,0.5462962962962963,0.5238095238095238
direct_binned,bins2048_auc,svm,89,18,24,ok,,0.6666666666666666,0.5121212121212121,0.5643939393939394,0.5
direct_binned,bins2048_auc,logreg,89,18,24,ok,,0.5833333333333334,0.4523809523809524,0.5277777777777778,0.4523809523809524
direct_binned,bins2048_auc,xgboost,89,18,24,ok,,0.6666666666666666,0.5121212121212121,0.5643939393939394,0.5
direct_binned,bins2048_auc,svm,90,18,24,ok,,0.6666666666666666,0.5454545454545454,0.625,0.5
direct_binned,bins2048_auc,logreg,90,18,24,ok,,0.7083333333333334,0.6296296296296297,0.7083333333333334,0.8333333333333334
direct_binned,bins2048_auc,xgboost,90,18,24,ok,,0.5,0.42105263157894735,0.5333333333333333,0.39153439153439146
direct_binned,bins2048_auc,svm,91,18,24,ok,,0.8333333333333334,0.6153846153846154,0.6388888888888888,0.5952380952380952
direct_binned,bins2048_auc,logreg,91,18,24,ok,,0.7083333333333334,0.5476735316552249,0.5962962962962962,0.5238095238095238
direct_binned,bins2048_auc,xgboost,91,18,24,ok,,0.625,0.4878431372549019,0.5340909090909091,0.44973544973544977
direct_binned,bins2048_auc,svm,92,18,24,ok,,0.6666666666666666,0.5125858123569794,0.562962962962963,0.48677248677248675
direct_binned,bins2048_auc,logreg,92,18,24,ok,,0.7083333333333334,0.6190476190476191,0.65,0.8333333333333334
direct_binned,bins2048_auc,xgboost,92,18,24,ok,,0.5833333333333334,0.5166666666666667,0.5678210678210679,0.7486772486772487
direct_binned,bins2048_auc,svm,93,18,24,ok,,0.7916666666666666,0.6877701500127129,0.7000000000000001,0.8809523809523809
direct_binned,bins2048_auc,logreg,93,18,24,ok,,0.7083333333333334,0.6220538720538721,0.6772486772486772,0.8201058201058201
direct_binned,bins2048_auc,xgboost,93,18,24,ok,,0.7083333333333334,0.5462962962962963,0.5962962962962962,0.5105820105820106
direct_binned,bins2048_auc,svm,94,18,24,ok,,0.5,0.45925925925925926,0.5185185185185185,0.6878306878306878
direct_binned,bins2048_auc,logreg,94,18,24,ok,,0.5416666666666666,0.487719298245614,0.5703703703703704,0.7248677248677248
direct_binned,bins2048_auc,xgboost,94,18,24,ok,,0.4583333333333333,0.42512847776005674,0.49259259259259264,0.6640211640211641
direct_binned,bins2048_auc,svm,95,18,24,ok,,0.7083333333333334,0.6213450292397661,0.6809523809523809,0.8333333333333334
direct_binned,bins2048_auc,logreg,95,18,24,ok,,0.6666666666666666,0.6,0.7037037037037037,0.8095238095238096
direct_binned,bins2048_auc,xgboost,95,18,24,ok,,0.7083333333333334,0.6213450292397661,0.6809523809523809,0.8333333333333334
direct_binned,bins2048_auc,svm,96,18,24,ok,,0.7083333333333334,0.5046113306982872,0.527065527065527,0.5238095238095238
direct_binned,bins2048_auc,logreg,96,18,24,ok,,0.7083333333333334,0.6497584541062801,0.6587301587301587,0.8333333333333334
direct_binned,bins2048_auc,xgboost,96,18,24,ok,,0.7083333333333334,0.6234184495054059,0.6481481481481481,0.8201058201058201
direct_binned,bins2048_auc,svm,97,18,24,ok,,0.8333333333333334,0.7222222222222223,0.7333333333333334,0.9047619047619048
direct_binned,bins2048_auc,logreg,97,18,24,ok,,0.7083333333333334,0.6282828282828282,0.6474358974358975,0.8333333333333334
direct_binned,bins2048_auc,xgboost,97,18,24,ok,,0.5416666666666666,0.4739057239057239,0.5860805860805861,0.7248677248677248
direct_binned,bins2048_auc,svm,98,18,24,ok,,0.5416666666666666,0.40122044241037375,0.480952380952381,0.42857142857142855
direct_binned,bins2048_auc,logreg,98,18,24,ok,,0.5833333333333334,0.5042558086036347,0.6031746031746033,0.7619047619047619
direct_binned,bins2048_auc,xgboost,98,18,24,ok,,0.4166666666666667,0.38344226579520696,0.5833333333333334,0.31746031746031744
direct_binned,bins2048_auc,svm,99,18,24,ok,,0.625,0.5238095238095238,0.6190476190476191,0.4761904761904762
direct_binned,bins2048_auc,logreg,99,18,24,ok,,0.6666666666666666,0.5454545454545454,0.625,0.5
direct_binned,bins2048_auc,xgboost,99,18,24,ok,,0.5833333333333334,0.5158730158730158,0.5555555555555555,0.7486772486772487
direct_binned,bins2048_auc,svm,100,18,24,ok,,0.6666666666666666,0.5121212121212121,0.5643939393939394,0.5
direct_binned,bins2048_auc,logreg,100,18,24,ok,,0.625,0.4904761904761905,0.5584415584415584,0.4761904761904762
direct_binned,bins2048_auc,xgboost,100,18,24,ok,,0.625,0.506265664160401,0.5857142857142857,0.4761904761904762
