feature_group,feature_name,classifier,episode,n_train,n_test,status,error,accuracy,macro_f1,macro_precision,macro_recall
foundation_backbone,mae_flatten,svm_C1p0,1,40,102,ok,,0.45098039215686275,0.3779887059954343,0.3810518292682927,0.3858269995641277
foundation_backbone,mae_flatten,logreg_C0p1,1,40,102,ok,,0.5294117647058824,0.45456287778269205,0.45221861471861474,0.4641222621771821
foundation_backbone,mae_flatten,xgboost_depth2,1,40,102,ok,,0.5098039215686274,0.405955845955846,0.41608796296296297,0.4045252397297592
foundation_backbone,mae_flatten,svm_C1p0,2,40,102,ok,,0.46078431372549017,0.385094127025494,0.3866071428571428,0.3887946769096654
foundation_backbone,mae_flatten,logreg_C0p1,2,40,102,ok,,0.49019607843137253,0.42571982281284604,0.42945184106511336,0.42822920071918924
foundation_backbone,mae_flatten,xgboost_depth2,2,40,102,ok,,0.47058823529411764,0.41803751803751804,0.4433700376702405,0.4250827476299444
foundation_backbone,mae_flatten,svm_C1p0,3,40,102,ok,,0.5098039215686274,0.4147938268627923,0.4297858167657307,0.43683597580908795
foundation_backbone,mae_flatten,logreg_C0p1,3,40,102,ok,,0.5,0.4074852163087457,0.40844681634155316,0.42768095510515414
foundation_backbone,mae_flatten,xgboost_depth2,3,40,102,ok,,0.47058823529411764,0.38035714285714284,0.38574346405228754,0.410123474446987
foundation_backbone,mae_flatten,svm_C1p0,4,40,102,ok,,0.46078431372549017,0.3780859010270775,0.385412885662432,0.38131504031818675
foundation_backbone,mae_flatten,logreg_C0p1,4,40,102,ok,,0.4215686274509804,0.3293410755574576,0.340625,0.32625551650866297
foundation_backbone,mae_flatten,xgboost_depth2,4,40,102,ok,,0.4117647058823529,0.3256805388065606,0.33223824786324785,0.3319814481856816
foundation_backbone,mae_flatten,svm_C1p0,5,40,102,ok,,0.45098039215686275,0.3678635090399796,0.39157509157509157,0.37685075460390105
foundation_backbone,mae_flatten,logreg_C0p1,5,40,102,ok,,0.46078431372549017,0.36514423076923075,0.37528946149635806,0.3720953198212924
foundation_backbone,mae_flatten,xgboost_depth2,5,40,102,ok,,0.45098039215686275,0.3859136054622406,0.39926060514295814,0.38857674076495585
foundation_backbone,mae_flatten,svm_C1p0,6,40,102,ok,,0.5196078431372549,0.3965336134453782,0.40625,0.3985166721150703
foundation_backbone,mae_flatten,logreg_C0p1,6,40,102,ok,,0.5294117647058824,0.43306046431046435,0.4667099567099567,0.42586765827612505
foundation_backbone,mae_flatten,xgboost_depth2,6,40,102,ok,,0.47058823529411764,0.3355442176870749,0.337712210390229,0.34048947096000876
foundation_backbone,mae_flatten,svm_C1p0,7,40,102,ok,,0.45098039215686275,0.3450595539468629,0.34594510881275586,0.3490298436308162
foundation_backbone,mae_flatten,logreg_C0p1,7,40,102,ok,,0.45098039215686275,0.3371624938635248,0.3390151515151515,0.34130673150266966
foundation_backbone,mae_flatten,xgboost_depth2,7,40,102,ok,,0.4019607843137255,0.33109715796430933,0.33673864894795125,0.3320461479786423
foundation_backbone,mae_flatten,svm_C1p0,8,40,102,ok,,0.39215686274509803,0.30486111111111114,0.30875809919927566,0.30348118938650975
foundation_backbone,mae_flatten,logreg_C0p1,8,40,102,ok,,0.4215686274509804,0.3428309995270701,0.3503149867374006,0.34048776833387817
foundation_backbone,mae_flatten,xgboost_depth2,8,40,102,ok,,0.43137254901960786,0.2912612612612613,0.28695436507936506,0.29962303857469763
foundation_backbone,mae_flatten,svm_C1p0,9,40,102,ok,,0.46078431372549017,0.40567385822359203,0.4267506142506142,0.41960880462024625
foundation_backbone,mae_flatten,logreg_C0p1,9,40,102,ok,,0.45098039215686275,0.40007716049382713,0.42506087662337666,0.4104537839163125
foundation_backbone,mae_flatten,xgboost_depth2,9,40,102,ok,,0.4411764705882353,0.3919478742263553,0.4152774309024309,0.4251168001525553
foundation_backbone,mae_flatten,svm_C1p0,10,40,102,ok,,0.3333333333333333,0.2812999169382148,0.28602114260008993,0.28134534706331044
foundation_backbone,mae_flatten,logreg_C0p1,10,40,102,ok,,0.3627450980392157,0.2924080486974431,0.29606312292358805,0.2911797155933311
foundation_backbone,mae_flatten,xgboost_depth2,10,40,102,ok,,0.38235294117647056,0.3112449965265143,0.32986111111111116,0.31498923940285495
foundation_backbone,mae_flatten,svm_C1p0,11,40,102,ok,,0.4215686274509804,0.36138460117118654,0.37710084033613445,0.36454928081072246
foundation_backbone,mae_flatten,logreg_C0p1,11,40,102,ok,,0.45098039215686275,0.38012645249487353,0.3960360459973463,0.37838652337365153
foundation_backbone,mae_flatten,xgboost_depth2,11,40,102,ok,,0.47058823529411764,0.37577637190452634,0.386312347519653,0.3914405579165305
foundation_backbone,mae_flatten,svm_C1p0,12,40,102,ok,,0.49019607843137253,0.44598393574297185,0.4864796923620453,0.44666864171297815
foundation_backbone,mae_flatten,logreg_C0p1,12,40,102,ok,,0.4411764705882353,0.3850931834874743,0.39906015037593984,0.39790032145581344
foundation_backbone,mae_flatten,xgboost_depth2,12,40,102,ok,,0.43137254901960786,0.3443181818181818,0.35096028433546367,0.3535673422687152
foundation_backbone,mae_flatten,svm_C1p0,13,40,102,ok,,0.4117647058823529,0.37995930553784696,0.42361525734365857,0.3954672687152664
foundation_backbone,mae_flatten,logreg_C0p1,13,40,102,ok,,0.39215686274509803,0.35267474038052765,0.39666937921413625,0.3666843739784243
foundation_backbone,mae_flatten,xgboost_depth2,13,40,102,ok,,0.4215686274509804,0.368222807093239,0.38473128946919266,0.37995634466601286
foundation_backbone,mae_flatten,svm_C1p0,14,40,102,ok,,0.4019607843137255,0.30777555777555776,0.3093901196842373,0.3064488667320475
foundation_backbone,mae_flatten,logreg_C0p1,14,40,102,ok,,0.4215686274509804,0.32742478057443397,0.33656087894153985,0.32378841124550506
foundation_backbone,mae_flatten,xgboost_depth2,14,40,102,ok,,0.4411764705882353,0.3641373411534702,0.3687198766146135,0.3640146562057317
foundation_backbone,mae_flatten,svm_C1p0,15,40,102,ok,,0.4117647058823529,0.36834019638897686,0.3871072475911186,0.37237625313283207
foundation_backbone,mae_flatten,logreg_C0p1,15,40,102,ok,,0.4803921568627451,0.4057187730968219,0.413657876943881,0.41292599705786204
foundation_backbone,mae_flatten,xgboost_depth2,15,40,102,ok,,0.46078431372549017,0.3921697780131515,0.4055415305415305,0.3915444181104937
foundation_backbone,mae_flatten,svm_C1p0,16,40,102,ok,,0.39215686274509803,0.30294011544011545,0.3114722147440212,0.3031985534488395
foundation_backbone,mae_flatten,logreg_C0p1,16,40,102,ok,,0.4215686274509804,0.3375781410535379,0.3536931818181818,0.3389128391631252
foundation_backbone,mae_flatten,xgboost_depth2,16,40,102,ok,,0.4019607843137255,0.34218830339519996,0.3823505795279989,0.3422363653699466
foundation_backbone,mae_flatten,svm_C1p0,17,40,102,ok,,0.43137254901960786,0.3712741811579021,0.3763888888888889,0.37002322382042063
foundation_backbone,mae_flatten,logreg_C0p1,17,40,102,ok,,0.46078431372549017,0.38718599298424167,0.38815858937810155,0.3887946769096654
foundation_backbone,mae_flatten,xgboost_depth2,17,40,102,ok,,0.43137254901960786,0.3453863290930052,0.3501355013550136,0.34313364934074314
foundation_backbone,mae_flatten,svm_C1p0,18,40,102,ok,,0.4215686274509804,0.3294784103265635,0.34174331103678934,0.33001491500490354
foundation_backbone,mae_flatten,logreg_C0p1,18,40,102,ok,,0.45098039215686275,0.39942481057463636,0.41562499999999997,0.4055587337909992
foundation_backbone,mae_flatten,xgboost_depth2,18,40,102,ok,,0.4411764705882353,0.3689514652014652,0.39213709677419356,0.369514138607388
foundation_backbone,mae_flatten,svm_C1p0,19,40,102,ok,,0.4411764705882353,0.34607811267908295,0.35130718954248363,0.3461013266862809
foundation_backbone,mae_flatten,logreg_C0p1,19,40,102,ok,,0.5,0.39824633100842777,0.3983630952380952,0.4018793587228942
foundation_backbone,mae_flatten,xgboost_depth2,19,40,102,ok,,0.45098039215686275,0.36832208052013005,0.390225392220073,0.3617263266862809
foundation_backbone,mae_flatten,svm_C1p0,20,40,102,ok,,0.4803921568627451,0.37689384752203087,0.3802064396969212,0.38175091260760596
foundation_backbone,mae_flatten,logreg_C0p1,20,40,102,ok,,0.5,0.38712695032524147,0.3863803475935829,0.39015337256183935
foundation_backbone,mae_flatten,xgboost_depth2,20,40,102,ok,,0.49019607843137253,0.4010636960293711,0.40417115358729294,0.4013396262395118
foundation_backbone,mae_flatten,svm_C1p0,21,40,102,ok,,0.43137254901960786,0.3571132531261842,0.3587701612903226,0.37022753895608584
foundation_backbone,mae_flatten,logreg_C0p1,21,40,102,ok,,0.4117647058823529,0.35822247927511086,0.36660198884307543,0.35818316170861936
foundation_backbone,mae_flatten,xgboost_depth2,21,40,102,ok,,0.3137254901960784,0.30091244961934616,0.3292905405405406,0.30755557371690095
foundation_backbone,mae_flatten,svm_C1p0,22,40,102,ok,,0.47058823529411764,0.3960809737407719,0.400447835219979,0.39572606788710907
foundation_backbone,mae_flatten,logreg_C0p1,22,40,102,ok,,0.5196078431372549,0.4499363537692933,0.4557957393483709,0.4537924294431731
foundation_backbone,mae_flatten,xgboost_depth2,22,40,102,ok,,0.38235294117647056,0.32027624274459715,0.3397790615181919,0.31595973629726487
foundation_backbone,mae_flatten,svm_C1p0,23,40,102,ok,,0.35294117647058826,0.31305110091270044,0.32718312153796025,0.32003582325378666
foundation_backbone,mae_flatten,logreg_C0p1,23,40,102,ok,,0.3627450980392157,0.3307430516165627,0.34913793103448276,0.339663697286695
foundation_backbone,mae_flatten,xgboost_depth2,23,40,102,ok,,0.4411764705882353,0.37987884364695956,0.4019668737060042,0.3868621962514983
foundation_backbone,mae_flatten,svm_C1p0,24,40,102,ok,,0.4215686274509804,0.3315398681777992,0.344890873015873,0.34263307725836334
foundation_backbone,mae_flatten,logreg_C0p1,24,40,102,ok,,0.45098039215686275,0.35602449416491155,0.36926961926961926,0.3691276424757546
foundation_backbone,mae_flatten,xgboost_depth2,24,40,102,ok,,0.4019607843137255,0.3225473985890653,0.3334415584415584,0.36209068867821725
foundation_backbone,mae_flatten,svm_C1p0,25,40,102,ok,,0.38235294117647056,0.3188399037295472,0.3315860215053763,0.33314604445897356
foundation_backbone,mae_flatten,logreg_C0p1,25,40,102,ok,,0.4117647058823529,0.34022992633992233,0.3571526759530792,0.3507426855181432
foundation_backbone,mae_flatten,xgboost_depth2,25,40,102,ok,,0.45098039215686275,0.37331682844723335,0.37713284046235995,0.3762020540481639
foundation_backbone,mae_flatten,svm_C1p0,26,40,102,ok,,0.49019607843137253,0.41091200466200467,0.418944099378882,0.4146013811703171
foundation_backbone,mae_flatten,logreg_C0p1,26,40,102,ok,,0.5490196078431373,0.4864831465963657,0.5090754483611627,0.47778072899640406
foundation_backbone,mae_flatten,xgboost_depth2,26,40,102,ok,,0.5294117647058824,0.43720875071419957,0.4386140819964349,0.44103124659474774
foundation_backbone,mae_flatten,svm_C1p0,27,40,102,ok,,0.45098039215686275,0.3697200739335571,0.3685149649237589,0.3731305165086629
foundation_backbone,mae_flatten,logreg_C0p1,27,40,102,ok,,0.45098039215686275,0.36234014523488206,0.36380718954248364,0.3641934319494388
foundation_backbone,mae_flatten,xgboost_depth2,27,40,102,ok,,0.46078431372549017,0.3896615360029994,0.4019344296858528,0.3890381524463332
foundation_backbone,mae_flatten,svm_C1p0,28,40,102,ok,,0.38235294117647056,0.3526960784313725,0.4157676672920575,0.3570424022011551
foundation_backbone,mae_flatten,logreg_C0p1,28,40,102,ok,,0.4215686274509804,0.38724406224406227,0.4358304297328688,0.39669486215538846
foundation_backbone,mae_flatten,xgboost_depth2,28,40,102,ok,,0.4019607843137255,0.3575421671351904,0.3840654077723043,0.36265596055355775
foundation_backbone,mae_flatten,svm_C1p0,29,40,102,ok,,0.43137254901960786,0.38183637776914114,0.3769610127368748,0.4082386673204751
foundation_backbone,mae_flatten,logreg_C0p1,29,40,102,ok,,0.3627450980392157,0.31087624932671015,0.30917366946778707,0.33934190094802225
foundation_backbone,mae_flatten,xgboost_depth2,29,40,102,ok,,0.38235294117647056,0.3332263585793752,0.33438966004755477,0.3477443609022556
foundation_backbone,mae_flatten,svm_C1p0,30,40,102,ok,,0.45098039215686275,0.3266693064800848,0.3536879786879787,0.33612904543968614
foundation_backbone,mae_flatten,logreg_C0p1,30,40,102,ok,,0.4411764705882353,0.30690297395553967,0.33482142857142855,0.31925091260760596
foundation_backbone,mae_flatten,xgboost_depth2,30,40,102,ok,,0.47058823529411764,0.3181536951698242,0.3343089818727,0.32783214830554647
foundation_backbone,mae_flatten,svm_C1p0,31,40,102,ok,,0.43137254901960786,0.3725792810883173,0.37919169169169165,0.3739869374523265
foundation_backbone,mae_flatten,logreg_C0p1,31,40,102,ok,,0.49019607843137253,0.45457721483626695,0.46003996003996,0.466805600958919
foundation_backbone,mae_flatten,xgboost_depth2,31,40,102,ok,,0.3627450980392157,0.3268394280411149,0.3658779761904762,0.33566082325378666
foundation_backbone,mae_flatten,svm_C1p0,32,40,102,ok,,0.29411764705882354,0.2510608434521478,0.2709935897435897,0.25535986705895175
foundation_backbone,mae_flatten,logreg_C0p1,32,40,102,ok,,0.30392156862745096,0.2586464315012305,0.2958192472391255,0.26605065653263593
foundation_backbone,mae_flatten,xgboost_depth2,32,40,102,ok,,0.3431372549019608,0.29068460182590616,0.32824675324675323,0.2979800043587229
foundation_backbone,mae_flatten,svm_C1p0,33,40,102,ok,,0.4117647058823529,0.32256258234519103,0.3293235930735931,0.32603758036395336
foundation_backbone,mae_flatten,logreg_C0p1,33,40,102,ok,,0.47058823529411764,0.3834822341949124,0.3957528180354267,0.3867498229268824
foundation_backbone,mae_flatten,xgboost_depth2,33,40,102,ok,,0.4411764705882353,0.33648275986917536,0.333822024229001,0.35127901274926443
foundation_backbone,mae_flatten,svm_C1p0,34,40,102,ok,,0.5,0.3631917401106784,0.3958654340010272,0.39112386945624933
foundation_backbone,mae_flatten,logreg_C0p1,34,40,102,ok,,0.5098039215686274,0.3788935574229692,0.392167742803336,0.40674886945624933
foundation_backbone,mae_flatten,xgboost_depth2,34,40,102,ok,,0.5196078431372549,0.37110079287498643,0.37535232843137256,0.39427032254549416
foundation_backbone,mae_flatten,svm_C1p0,35,40,102,ok,,0.38235294117647056,0.31802988677988675,0.3453255675029869,0.3085192601067887
foundation_backbone,mae_flatten,logreg_C0p1,35,40,102,ok,,0.3627450980392157,0.32688282647584976,0.35962547572367665,0.32700637463223275
foundation_backbone,mae_flatten,xgboost_depth2,35,40,102,ok,,0.4117647058823529,0.33769125890016666,0.34569444444444447,0.34366827394573385
foundation_backbone,mae_flatten,svm_C1p0,36,40,102,ok,,0.46078431372549017,0.3927154901493314,0.40018873403019745,0.39401152337365153
foundation_backbone,mae_flatten,logreg_C0p1,36,40,102,ok,,0.46078431372549017,0.3827937318403344,0.3811015420967541,0.39000864934074314
foundation_backbone,mae_flatten,xgboost_depth2,36,40,102,ok,,0.45098039215686275,0.36492765220799583,0.3695536537106305,0.3694102784134249
foundation_backbone,mae_flatten,svm_C1p0,37,40,102,ok,,0.5196078431372549,0.4302601809954752,0.4351004322400203,0.43309019832189166
foundation_backbone,mae_flatten,logreg_C0p1,37,40,102,ok,,0.5490196078431373,0.4545900006426322,0.45811310031258884,0.45958476353928296
foundation_backbone,mae_flatten,xgboost_depth2,37,40,102,ok,,0.5098039215686274,0.4187121212121212,0.4278107794842075,0.4204975754603901
foundation_backbone,mae_flatten,svm_C1p0,38,40,102,ok,,0.4411764705882353,0.3735146496016062,0.37642713903743313,0.37295174076495585
foundation_backbone,mae_flatten,logreg_C0p1,38,40,102,ok,,0.4215686274509804,0.3640355677154583,0.3760296934865901,0.35961507028440665
foundation_backbone,mae_flatten,xgboost_depth2,38,40,102,ok,,0.29411764705882354,0.2604380268853953,0.282977268439917,0.25285360139479135
foundation_backbone,mae_flatten,svm_C1p0,39,40,102,ok,,0.5588235294117647,0.4288821550851943,0.4425677830940989,0.4411623488067996
foundation_backbone,mae_flatten,logreg_C0p1,39,40,102,ok,,0.46078431372549017,0.36122286696754785,0.3660061203164651,0.36740458483164434
foundation_backbone,mae_flatten,xgboost_depth2,39,40,102,ok,,0.5098039215686274,0.389932548072083,0.3918578473413379,0.3945784978751226
foundation_backbone,mae_flatten,svm_C1p0,40,40,102,ok,,0.4411764705882353,0.34026939004728396,0.34361700106399146,0.3396313473902146
foundation_backbone,mae_flatten,logreg_C0p1,40,40,102,ok,,0.4215686274509804,0.33840935487276946,0.34305555555555556,0.3553687207148306
foundation_backbone,mae_flatten,xgboost_depth2,40,40,102,ok,,0.4411764705882353,0.3608273714891362,0.37550195254936636,0.35629154407758523
foundation_backbone,mae_flatten,svm_C1p0,41,40,102,ok,,0.5490196078431373,0.41449809212439526,0.41938349007314524,0.4252547128691293
foundation_backbone,mae_flatten,logreg_C0p1,41,40,102,ok,,0.49019607843137253,0.37596971480900054,0.3779380341880342,0.377238953361665
foundation_backbone,mae_flatten,xgboost_depth2,41,40,102,ok,,0.4803921568627451,0.37467107504730757,0.38467261904761907,0.37799151411136533
foundation_backbone,mae_flatten,svm_C1p0,42,40,102,ok,,0.3431372549019608,0.29174972314507197,0.30007745057087165,0.2929674730304021
foundation_backbone,mae_flatten,logreg_C0p1,42,40,102,ok,,0.35294117647058826,0.3060057302380253,0.3156641988878831,0.3036582625040863
foundation_backbone,mae_flatten,xgboost_depth2,42,40,102,ok,,0.39215686274509803,0.34854581072935503,0.36193147445416046,0.3497807017543859
foundation_backbone,mae_flatten,svm_C1p0,43,40,102,ok,,0.35294117647058826,0.31814954051796157,0.3502938034188034,0.32525266971777267
foundation_backbone,mae_flatten,logreg_C0p1,43,40,102,ok,,0.28431372549019607,0.2641101922818341,0.31627747252747257,0.2640790154734663
foundation_backbone,mae_flatten,xgboost_depth2,43,40,102,ok,,0.3333333333333333,0.2923890946771969,0.3260732323232323,0.28631871799062875
foundation_backbone,mae_flatten,svm_C1p0,44,40,102,ok,,0.5,0.4028232370083839,0.40851393188854485,0.4005870654898115
foundation_backbone,mae_flatten,logreg_C0p1,44,40,102,ok,,0.5196078431372549,0.4315589637998698,0.4342757936507936,0.4306230930587338
foundation_backbone,mae_flatten,xgboost_depth2,44,40,102,ok,,0.5294117647058824,0.42629338826027713,0.42692307692307696,0.42983137190803095
foundation_backbone,mae_flatten,svm_C1p0,45,40,102,ok,,0.4215686274509804,0.36738635294083377,0.3791698497580851,0.37004876321237873
foundation_backbone,mae_flatten,logreg_C0p1,45,40,102,ok,,0.38235294117647056,0.34343145412939463,0.36015151515151517,0.3468130244088482
foundation_backbone,mae_flatten,xgboost_depth2,45,40,102,ok,,0.35294117647058826,0.3272683397683398,0.3428362573099415,0.33297578184591914
foundation_backbone,mae_flatten,svm_C1p0,46,40,102,ok,,0.46078431372549017,0.4157847928612048,0.4371081504702194,0.44500177073117575
foundation_backbone,mae_flatten,logreg_C0p1,46,40,102,ok,,0.38235294117647056,0.3423632996280973,0.3774074074074074,0.358012899095565
foundation_backbone,mae_flatten,xgboost_depth2,46,40,102,ok,,0.46078431372549017,0.4136114987178817,0.44027905785970306,0.43481155333987137
foundation_backbone,mae_flatten,svm_C1p0,47,40,102,ok,,0.37254901960784315,0.35746699981207414,0.4087818979266348,0.36175867658276123
foundation_backbone,mae_flatten,logreg_C0p1,47,40,102,ok,,0.37254901960784315,0.34784173271015373,0.3878968253968254,0.35156845919145685
foundation_backbone,mae_flatten,xgboost_depth2,47,40,102,ok,,0.28431372549019607,0.2518583298571919,0.29625322997416026,0.25910564454614793
foundation_backbone,mae_flatten,svm_C1p0,48,40,102,ok,,0.4019607843137255,0.30312291956666465,0.29562519272278753,0.3175704206167593
foundation_backbone,mae_flatten,logreg_C0p1,48,40,102,ok,,0.47058823529411764,0.3719085373728592,0.3743604651162791,0.3864671869892121
foundation_backbone,mae_flatten,xgboost_depth2,48,40,102,ok,,0.5098039215686274,0.4286952668504303,0.4463901689708141,0.4492498229268824
foundation_backbone,mae_flatten,svm_C1p0,49,40,102,ok,,0.47058823529411764,0.38527167277167274,0.4043290043290043,0.393502438160619
foundation_backbone,mae_flatten,logreg_C0p1,49,40,102,ok,,0.46078431372549017,0.37164687164687166,0.3817099567099567,0.3791305709926991
foundation_backbone,mae_flatten,xgboost_depth2,49,40,102,ok,,0.4803921568627451,0.38024296675191815,0.39702380952380945,0.38478328974610443
foundation_backbone,mae_flatten,svm_C1p0,50,40,102,ok,,0.5490196078431373,0.3895211960746494,0.39668405365126674,0.4021245368856925
foundation_backbone,mae_flatten,logreg_C0p1,50,40,102,ok,,0.5294117647058824,0.39262506513809275,0.39983872336813514,0.39776411136536993
foundation_backbone,mae_flatten,xgboost_depth2,50,40,102,ok,,0.5392156862745098,0.440132589538362,0.4463396274328418,0.437772420180887
foundation_backbone,mae_flatten,svm_C1p0,51,40,102,ok,,0.39215686274509803,0.3551919877580916,0.38960685284214697,0.36987850059932437
foundation_backbone,mae_flatten,logreg_C0p1,51,40,102,ok,,0.45098039215686275,0.38182926829268293,0.40236928104575165,0.3947640841233519
foundation_backbone,mae_flatten,xgboost_depth2,51,40,102,ok,,0.43137254901960786,0.3855713000449843,0.4131487573099415,0.39934074316225343
foundation_backbone,mae_flatten,svm_C1p0,52,40,102,ok,,0.35294117647058826,0.3372073799732767,0.36748120300751874,0.35335621662852784
foundation_backbone,mae_flatten,logreg_C0p1,52,40,102,ok,,0.3431372549019608,0.32163344407530453,0.35375346237415206,0.33126123733246154
foundation_backbone,mae_flatten,xgboost_depth2,52,40,102,ok,,0.4215686274509804,0.393222212025268,0.430448717948718,0.39540256892230574
foundation_backbone,mae_flatten,svm_C1p0,53,40,102,ok,,0.5392156862745098,0.4558229352346999,0.4720142602495544,0.45964946333224366
foundation_backbone,mae_flatten,logreg_C0p1,53,40,102,ok,,0.4215686274509804,0.358068554591111,0.3701086495204142,0.3598585458210744
foundation_backbone,mae_flatten,xgboost_depth2,53,40,102,ok,,0.4117647058823529,0.3255405405405405,0.3384083518464857,0.3275341887327013
foundation_backbone,mae_flatten,svm_C1p0,54,40,102,ok,,0.5294117647058824,0.49287117452440027,0.5191876750700279,0.49254760542661
foundation_backbone,mae_flatten,logreg_C0p1,54,40,102,ok,,0.49019607843137253,0.43067457701604045,0.4479166666666667,0.43348520758417786
foundation_backbone,mae_flatten,xgboost_depth2,54,40,102,ok,,0.4215686274509804,0.36310077519379846,0.38085462924172603,0.35961507028440665
foundation_backbone,mae_flatten,svm_C1p0,55,40,102,ok,,0.43137254901960786,0.40040805340223945,0.4346694174280381,0.4075899667647379
foundation_backbone,mae_flatten,logreg_C0p1,55,40,102,ok,,0.4215686274509804,0.384172932330827,0.40556509075778857,0.38921522556390975
foundation_backbone,mae_flatten,xgboost_depth2,55,40,102,ok,,0.45098039215686275,0.4108726639214444,0.42291725105189343,0.42315026697177727
foundation_backbone,mae_flatten,svm_C1p0,56,40,102,ok,,0.47058823529411764,0.3793311403508772,0.39517086686898006,0.3802798436308162
foundation_backbone,mae_flatten,logreg_C0p1,56,40,102,ok,,0.5098039215686274,0.39013241660300485,0.4077380952380952,0.38810851857905637
foundation_backbone,mae_flatten,xgboost_depth2,56,40,102,ok,,0.49019607843137253,0.3538980607966457,0.36126893939393934,0.36179272910537214
foundation_backbone,mae_flatten,svm_C1p0,57,40,102,ok,,0.5294117647058824,0.4395772238514174,0.44537267080745346,0.4385249809305873
foundation_backbone,mae_flatten,logreg_C0p1,57,40,102,ok,,0.5686274509803921,0.4808183879612451,0.4981684981684982,0.4744572027895827
foundation_backbone,mae_flatten,xgboost_depth2,57,40,102,ok,,0.5196078431372549,0.37917047382053537,0.3783910533910534,0.39111535632559663
foundation_backbone,mae_flatten,svm_C1p0,58,40,102,ok,,0.45098039215686275,0.36245514784840627,0.3647387269820239,0.3835642094366351
foundation_backbone,mae_flatten,logreg_C0p1,58,40,102,ok,,0.45098039215686275,0.3720969458050787,0.37802706552706555,0.3810971041734772
foundation_backbone,mae_flatten,xgboost_depth2,58,40,102,ok,,0.47058823529411764,0.3887154861944778,0.38756145170618855,0.39843664868693474
foundation_backbone,mae_flatten,svm_C1p0,59,40,102,ok,,0.43137254901960786,0.36662895927601813,0.3744276556776557,0.3675169581562602
foundation_backbone,mae_flatten,logreg_C0p1,59,40,102,ok,,0.4411764705882353,0.36946210916799155,0.37637362637362637,0.36676439740655986
foundation_backbone,mae_flatten,xgboost_depth2,59,40,102,ok,,0.39215686274509803,0.3272660409078173,0.34755067567567566,0.3340518415604228
foundation_backbone,mae_flatten,svm_C1p0,60,40,102,ok,,0.35294117647058826,0.31176249135973144,0.3323148148148148,0.3101282418001525
foundation_backbone,mae_flatten,logreg_C0p1,60,40,102,ok,,0.39215686274509803,0.3724076757537915,0.39923416637126313,0.3843542279612074
foundation_backbone,mae_flatten,xgboost_depth2,60,40,102,ok,,0.4215686274509804,0.36275441350629317,0.3818803121935273,0.3611116786531546
foundation_backbone,mae_flatten,svm_C1p0,61,40,102,ok,,0.4215686274509804,0.36467511489721743,0.36781376518218617,0.36580241364280264
foundation_backbone,mae_flatten,logreg_C0p1,61,40,102,ok,,0.4215686274509804,0.3607434232434233,0.3670106639146887,0.35961507028440665
foundation_backbone,mae_flatten,xgboost_depth2,61,40,102,ok,,0.38235294117647056,0.2896422494410148,0.288903796461936,0.2927903999128255
foundation_backbone,mae_flatten,svm_C1p0,62,40,102,ok,,0.37254901960784315,0.29442457817128453,0.29464285714285715,0.30773605208673854
foundation_backbone,mae_flatten,logreg_C0p1,62,40,102,ok,,0.45098039215686275,0.3603899813004027,0.3704248658318426,0.37559762177182077
foundation_backbone,mae_flatten,xgboost_depth2,62,40,102,ok,,0.4411764705882353,0.3305499899819676,0.33291925465838507,0.3507529012749264
foundation_backbone,mae_flatten,svm_C1p0,63,40,102,ok,,0.46078431372549017,0.4042899855740146,0.4060187886567861,0.4082046147978642
foundation_backbone,mae_flatten,logreg_C0p1,63,40,102,ok,,0.49019607843137253,0.42998667998667994,0.4349019607843137,0.43348520758417786
foundation_backbone,mae_flatten,xgboost_depth2,63,40,102,ok,,0.47058823529411764,0.36785966333838677,0.3703790726817042,0.3700896262395118
foundation_backbone,mae_flatten,svm_C1p0,64,40,102,ok,,0.4117647058823529,0.3593260035465762,0.38055555555555554,0.3529271548436308
foundation_backbone,mae_flatten,logreg_C0p1,64,40,102,ok,,0.45098039215686275,0.41030982905982905,0.42618842995744327,0.40952244742290506
foundation_backbone,mae_flatten,xgboost_depth2,64,40,102,ok,,0.45098039215686275,0.38786327520929986,0.39650597080937633,0.3913656423667865
foundation_backbone,mae_flatten,svm_C1p0,65,40,102,ok,,0.43137254901960786,0.3563108441711234,0.36934820158504367,0.3548204751007955
foundation_backbone,mae_flatten,logreg_C0p1,65,40,102,ok,,0.5,0.41562689476506165,0.4270833333333333,0.41478015691402415
foundation_backbone,mae_flatten,xgboost_depth2,65,40,102,ok,,0.37254901960784315,0.33715825178116426,0.39376612167636016,0.329934891576768
foundation_backbone,mae_flatten,svm_C1p0,66,40,102,ok,,0.38235294117647056,0.3336538461538462,0.35181451612903225,0.3381194153862918
foundation_backbone,mae_flatten,logreg_C0p1,66,40,102,ok,,0.4117647058823529,0.35952204348430766,0.3883928571428571,0.3698308270676692
foundation_backbone,mae_flatten,xgboost_depth2,66,40,102,ok,,0.45098039215686275,0.3938914524280378,0.40216269841269847,0.40026356652500816
foundation_backbone,mae_flatten,svm_C1p0,67,40,102,ok,,0.39215686274509803,0.3296891018377632,0.35113636363636364,0.3303316034651847
foundation_backbone,mae_flatten,logreg_C0p1,67,40,102,ok,,0.4803921568627451,0.3824277767751251,0.3896187146187146,0.3857146262395118
foundation_backbone,mae_flatten,xgboost_depth2,67,40,102,ok,,0.49019607843137253,0.4072768629220242,0.4523809523809524,0.4038458919036722
foundation_backbone,mae_flatten,svm_C1p0,68,40,102,ok,,0.5490196078431373,0.49467329830010304,0.5011980267794222,0.5018814018742508
foundation_backbone,mae_flatten,logreg_C0p1,68,40,102,ok,,0.5980392156862745,0.5213034601332474,0.5465972222222223,0.5352818186771277
foundation_backbone,mae_flatten,xgboost_depth2,68,40,102,ok,,0.5294117647058824,0.4337797619047619,0.4688669950738916,0.4407486106570775
foundation_backbone,mae_flatten,svm_C1p0,69,40,102,ok,,0.46078431372549017,0.36854793314146156,0.3878117913832199,0.37088134739021467
foundation_backbone,mae_flatten,logreg_C0p1,69,40,102,ok,,0.45098039215686275,0.37072893322893324,0.38455988455988455,0.3756367821728233
foundation_backbone,mae_flatten,xgboost_depth2,69,40,102,ok,,0.5196078431372549,0.4327708550514252,0.43345662733178375,0.4393167020812902
foundation_backbone,mae_flatten,svm_C1p0,70,40,102,ok,,0.37254901960784315,0.33223684210526316,0.35247445721583653,0.3336942900730086
foundation_backbone,mae_flatten,logreg_C0p1,70,40,102,ok,,0.38235294117647056,0.3232396103336753,0.34957264957264955,0.3354479949874687
foundation_backbone,mae_flatten,xgboost_depth2,70,40,102,ok,,0.46078431372549017,0.3770527526934207,0.383525641025641,0.37638082979187093
foundation_backbone,mae_flatten,svm_C1p0,71,40,102,ok,,0.4411764705882353,0.3988761238761238,0.4215804356933389,0.4038441892775417
foundation_backbone,mae_flatten,logreg_C0p1,71,40,102,ok,,0.4117647058823529,0.370082153618739,0.38905971479500895,0.3720936171951618
foundation_backbone,mae_flatten,xgboost_depth2,71,40,102,ok,,0.4019607843137255,0.3465915940599485,0.36754437845519444,0.3410223929388689
foundation_backbone,mae_flatten,svm_C1p0,72,40,102,ok,,0.47058823529411764,0.38402738063957714,0.39484162895927605,0.38153297646289636
foundation_backbone,mae_flatten,logreg_C0p1,72,40,102,ok,,0.5098039215686274,0.4168454050486718,0.42451482158824877,0.4147154571210635
foundation_backbone,mae_flatten,xgboost_depth2,72,40,102,ok,,0.5196078431372549,0.43576311874184215,0.46653496168582376,0.4457475209763539
foundation_backbone,mae_flatten,svm_C1p0,73,40,102,ok,,0.4215686274509804,0.3245668767288534,0.3361252848111421,0.3210386700446769
foundation_backbone,mae_flatten,logreg_C0p1,73,40,102,ok,,0.5,0.404140312038794,0.41177156177156177,0.40705704478587773
foundation_backbone,mae_flatten,xgboost_depth2,73,40,102,ok,,0.4215686274509804,0.36405210643015523,0.36968253968253967,0.37720660346518464
foundation_backbone,mae_flatten,svm_C1p0,74,40,102,ok,,0.39215686274509803,0.33930445263754966,0.34934300993124523,0.3442812193527296
foundation_backbone,mae_flatten,logreg_C0p1,74,40,102,ok,,0.4215686274509804,0.3550240135605989,0.3612740183792815,0.3593324343467364
foundation_backbone,mae_flatten,xgboost_depth2,74,40,102,ok,,0.47058823529411764,0.38065516354990037,0.3831253713606655,0.3827861092949766
foundation_backbone,mae_flatten,svm_C1p0,75,40,102,ok,,0.38235294117647056,0.3358178830421892,0.33559782608695654,0.339372548218372
foundation_backbone,mae_flatten,logreg_C0p1,75,40,102,ok,,0.3333333333333333,0.29806435394670694,0.307657967032967,0.3044755230467473
foundation_backbone,mae_flatten,xgboost_depth2,75,40,102,ok,,0.38235294117647056,0.3053890969621307,0.3158614166823343,0.30204928081072246
foundation_backbone,mae_flatten,svm_C1p0,76,40,102,ok,,0.4803921568627451,0.4065447521300615,0.4484865754812563,0.3986937452326468
foundation_backbone,mae_flatten,logreg_C0p1,76,40,102,ok,,0.45098039215686275,0.39262626262626266,0.41353535353535353,0.38885937670262616
foundation_backbone,mae_flatten,xgboost_depth2,76,40,102,ok,,0.4411764705882353,0.36398856812694746,0.38267195767195766,0.37076727143946825
foundation_backbone,mae_flatten,svm_C1p0,77,40,102,ok,,0.43137254901960786,0.3573194981437667,0.3627314814814815,0.3560736079328757
foundation_backbone,mae_flatten,logreg_C0p1,77,40,102,ok,,0.4215686274509804,0.34161084037587647,0.34928713527851457,0.3404486079328757
foundation_backbone,mae_flatten,xgboost_depth2,77,40,102,ok,,0.38235294117647056,0.3284002489884843,0.34021739130434786,0.32768572245831973
foundation_backbone,mae_flatten,svm_C1p0,78,40,102,ok,,0.4019607843137255,0.33745407898876617,0.35106741356741356,0.3422363653699466
foundation_backbone,mae_flatten,logreg_C0p1,78,40,102,ok,,0.35294117647058826,0.3153548626186669,0.3428030303030303,0.31756871799062875
foundation_backbone,mae_flatten,xgboost_depth2,78,40,102,ok,,0.3627450980392157,0.32250032787546784,0.34576156765435706,0.338167088917947
foundation_backbone,mae_flatten,svm_C1p0,79,40,102,ok,,0.4411764705882353,0.356945157341967,0.364119922630561,0.36025525770949113
foundation_backbone,mae_flatten,logreg_C0p1,79,40,102,ok,,0.43137254901960786,0.3592713592713592,0.36951992753623186,0.3560736079328757
foundation_backbone,mae_flatten,xgboost_depth2,79,40,102,ok,,0.45098039215686275,0.37462356484095616,0.3870018115942029,0.3858269995641277
foundation_backbone,mae_flatten,svm_C1p0,80,40,102,ok,,0.46078431372549017,0.35361233890645655,0.35317460317460314,0.35693173150266966
foundation_backbone,mae_flatten,logreg_C0p1,80,40,102,ok,,0.4803921568627451,0.36664691084516954,0.3744773296165661,0.361613953361665
foundation_backbone,mae_flatten,xgboost_depth2,80,40,102,ok,,0.4411764705882353,0.35302197802197804,0.37994227994227997,0.3461013266862809
foundation_backbone,mae_flatten,svm_C1p0,81,40,102,ok,,0.39215686274509803,0.3602003422933656,0.3778943861402632,0.36890800370491444
foundation_backbone,mae_flatten,logreg_C0p1,81,40,102,ok,,0.39215686274509803,0.3362625538020086,0.34525362318840574,0.33433447749809303
foundation_backbone,mae_flatten,xgboost_depth2,81,40,102,ok,,0.4117647058823529,0.3421066738139909,0.35192733494363926,0.34395090988340415
foundation_backbone,mae_flatten,svm_C1p0,82,40,102,ok,,0.47058823529411764,0.3805896595926506,0.3856275303643725,0.41384371254222513
foundation_backbone,mae_flatten,logreg_C0p1,82,40,102,ok,,0.49019607843137253,0.3775729646697389,0.3742184583799925,0.38617603792088917
foundation_backbone,mae_flatten,xgboost_depth2,82,40,102,ok,,0.45098039215686275,0.36071541447010785,0.35424991674991674,0.3706242508445025
foundation_backbone,mae_flatten,svm_C1p0,83,40,102,ok,,0.3627450980392157,0.3122208078236447,0.3353448275862069,0.30783991228070173
foundation_backbone,mae_flatten,logreg_C0p1,83,40,102,ok,,0.4117647058823529,0.3167328507525786,0.35763888888888884,0.328826481965784
foundation_backbone,mae_flatten,xgboost_depth2,83,40,102,ok,,0.46078431372549017,0.3937556399915911,0.4427884615384616,0.3905739212160837
foundation_backbone,mae_flatten,svm_C1p0,84,40,102,ok,,0.4803921568627451,0.40042999656002753,0.4053030303030303,0.4011608504958047
foundation_backbone,mae_flatten,logreg_C0p1,84,40,102,ok,,0.5098039215686274,0.4185998472464111,0.4190849673202614,0.4202149395227198
foundation_backbone,mae_flatten,xgboost_depth2,84,40,102,ok,,0.5784313725490197,0.46711873438562246,0.4805272108843537,0.47366548163887984
foundation_backbone,mae_flatten,svm_C1p0,85,40,102,ok,,0.43137254901960786,0.3659858944611638,0.39345948169477585,0.37155899259017106
foundation_backbone,mae_flatten,logreg_C0p1,85,40,102,ok,,0.4019607843137255,0.3400763969898671,0.3676587301587302,0.35278753950092623
foundation_backbone,mae_flatten,xgboost_depth2,85,40,102,ok,,0.38235294117647056,0.3265455304928989,0.35822072072072075,0.3301919881224801
foundation_backbone,mae_flatten,svm_C1p0,86,40,102,ok,,0.49019607843137253,0.4040962621607783,0.40469858156028365,0.4053425002724202
foundation_backbone,mae_flatten,logreg_C0p1,86,40,102,ok,,0.5588235294117647,0.45739019654853075,0.4611662846956965,0.45757906995750247
foundation_backbone,mae_flatten,xgboost_depth2,86,40,102,ok,,0.5392156862745098,0.3679121049369965,0.35290148448043185,0.3945052849515092
foundation_backbone,mae_flatten,svm_C1p0,87,40,102,ok,,0.4411764705882353,0.3371767453936377,0.33607131093544135,0.3408844802222949
foundation_backbone,mae_flatten,logreg_C0p1,87,40,102,ok,,0.4803921568627451,0.35032981030896615,0.43954933954933956,0.3614096382259998
foundation_backbone,mae_flatten,xgboost_depth2,87,40,102,ok,,0.47058823529411764,0.34575048262548264,0.34069113756613756,0.3556530592786314
foundation_backbone,mae_flatten,svm_C1p0,88,40,102,ok,,0.5,0.3806866408065808,0.39068920210224556,0.4008305410264792
foundation_backbone,mae_flatten,logreg_C0p1,88,40,102,ok,,0.5294117647058824,0.4220122630992196,0.4314735489398158,0.441235561730413
foundation_backbone,mae_flatten,xgboost_depth2,88,40,102,ok,,0.4215686274509804,0.314401732293473,0.31181603076013015,0.31853240438051644
foundation_backbone,mae_flatten,svm_C1p0,89,40,102,ok,,0.3627450980392157,0.3212155662660321,0.344925934280773,0.32696721423123026
foundation_backbone,mae_flatten,logreg_C0p1,89,40,102,ok,,0.39215686274509803,0.3412867274569402,0.35890626411855064,0.34327156205731724
foundation_backbone,mae_flatten,xgboost_depth2,89,40,102,ok,,0.3627450980392157,0.3079004329004329,0.3493872549019608,0.3100243816061894
foundation_backbone,mae_flatten,svm_C1p0,90,40,102,ok,,0.5294117647058824,0.4128165396276964,0.4212566844919787,0.41442430805274055
foundation_backbone,mae_flatten,logreg_C0p1,90,40,102,ok,,0.5294117647058824,0.4182057609892661,0.4223856209150326,0.41814454614797864
foundation_backbone,mae_flatten,xgboost_depth2,90,40,102,ok,,0.49019607843137253,0.40262699603472296,0.4082158975775997,0.4003691293451019
foundation_backbone,mae_flatten,svm_C1p0,91,40,102,ok,,0.4215686274509804,0.34770842474769637,0.37098214285714287,0.34170174076495585
foundation_backbone,mae_flatten,logreg_C0p1,91,40,102,ok,,0.4803921568627451,0.37517706568658415,0.38479314802844217,0.3743104364171298
foundation_backbone,mae_flatten,xgboost_depth2,91,40,102,ok,,0.5392156862745098,0.44440288502788505,0.43953216374269,0.45512047782499726
foundation_backbone,mae_flatten,svm_C1p0,92,40,102,ok,,0.5196078431372549,0.4404817404817405,0.43823529411764706,0.44477702408194403
foundation_backbone,mae_flatten,logreg_C0p1,92,40,102,ok,,0.5196078431372549,0.4307016512898866,0.43004068141367907,0.4345868066906396
foundation_backbone,mae_flatten,xgboost_depth2,92,40,102,ok,,0.5098039215686274,0.3845751769138866,0.3825947559646942,0.4013311131088591
foundation_backbone,mae_flatten,svm_C1p0,93,40,102,ok,,0.38235294117647056,0.3290857843977076,0.342965367965368,0.3311233246158875
foundation_backbone,mae_flatten,logreg_C0p1,93,40,102,ok,,0.4019607843137255,0.3260876840696118,0.3363811686180107,0.32407956031382806
foundation_backbone,mae_flatten,xgboost_depth2,93,40,102,ok,,0.4117647058823529,0.3455045132047258,0.3589445168392537,0.3526836793069631
foundation_backbone,mae_flatten,svm_C1p0,94,40,102,ok,,0.45098039215686275,0.38042587087874724,0.38743356235416126,0.39601721695543207
foundation_backbone,mae_flatten,logreg_C0p1,94,40,102,ok,,0.43137254901960786,0.3664693763530973,0.3795019157088122,0.3712371962514983
foundation_backbone,mae_flatten,xgboost_depth2,94,40,102,ok,,0.47058823529411764,0.3880001115530327,0.4038877867862688,0.4043805165086629
foundation_backbone,mae_flatten,svm_C1p0,95,40,102,ok,,0.45098039215686275,0.35624324201535595,0.3680814004762325,0.3592200610221205
foundation_backbone,mae_flatten,logreg_C0p1,95,40,102,ok,,0.45098039215686275,0.36202395946718735,0.3718992248062015,0.36322293505502884
foundation_backbone,mae_flatten,xgboost_depth2,95,40,102,ok,,0.4411764705882353,0.32894888991674376,0.32804487179487185,0.33312220769314593
foundation_backbone,mae_flatten,svm_C1p0,96,40,102,ok,,0.4117647058823529,0.3646241714998035,0.37761904761904763,0.36712024626784356
foundation_backbone,mae_flatten,logreg_C0p1,96,40,102,ok,,0.4117647058823529,0.360987983629493,0.38754105090311985,0.36186423940285495
foundation_backbone,mae_flatten,xgboost_depth2,96,40,102,ok,,0.39215686274509803,0.3426570522500755,0.36090518488835455,0.3469918001525553
foundation_backbone,mae_flatten,svm_C1p0,97,40,102,ok,,0.5,0.39469844785459407,0.4035693473193473,0.3978764846899858
foundation_backbone,mae_flatten,logreg_C0p1,97,40,102,ok,,0.4803921568627451,0.380910409035409,0.3864049145299145,0.38328668137735644
foundation_backbone,mae_flatten,xgboost_depth2,97,40,102,ok,,0.4117647058823529,0.3435806426230503,0.3481379731379732,0.3461745396098943
foundation_backbone,mae_flatten,svm_C1p0,98,40,102,ok,,0.45098039215686275,0.3552783423473078,0.3565723590925204,0.3635055709926991
foundation_backbone,mae_flatten,logreg_C0p1,98,40,102,ok,,0.5,0.4037768090147469,0.40661161667228396,0.40212283425956197
foundation_backbone,mae_flatten,xgboost_depth2,98,40,102,ok,,0.46078431372549017,0.35340097131993187,0.35734807827831083,0.3519975209763539
foundation_backbone,mae_flatten,svm_C1p0,99,40,102,ok,,0.37254901960784315,0.3334147155285367,0.35081448723690106,0.3349082625040863
foundation_backbone,mae_flatten,logreg_C0p1,99,40,102,ok,,0.4411764705882353,0.39035184861378247,0.4085446247464503,0.3871448321891686
foundation_backbone,mae_flatten,xgboost_depth2,99,40,102,ok,,0.43137254901960786,0.3911573111573112,0.41299019607843135,0.4045575896262395
foundation_backbone,mae_flatten,svm_C1p0,100,40,102,ok,,0.43137254901960786,0.38697539002417053,0.3873308270676692,0.39934074316225343
foundation_backbone,mae_flatten,logreg_C0p1,100,40,102,ok,,0.4215686274509804,0.3728658536585366,0.372630249867092,0.38868911408957174
foundation_backbone,mae_flatten,xgboost_depth2,100,40,102,ok,,0.4411764705882353,0.41280215644512475,0.42870879120879124,0.4344148414514547
prototype_head,mae_embeddings,prototype_mahalanobis_support_anova,1,40,102,ok,,0.4803921568627451,0.43332059931572675,0.44307284444081896,0.4394546147978642
prototype_head,mae_embeddings,prototype_mahalanobis_support_anova,2,40,102,ok,,0.5098039215686274,0.43967360083779433,0.45582477535301674,0.4329114225781846
prototype_head,mae_embeddings,prototype_mahalanobis_support_anova,3,40,102,ok,,0.47058823529411764,0.3866793367471058,0.39592291766204807,0.39321980222294867
prototype_head,mae_embeddings,prototype_mahalanobis_support_anova,4,40,102,ok,,0.4117647058823529,0.33338620092231647,0.343929326487466,0.33473118938650975
prototype_head,mae_embeddings,prototype_mahalanobis_support_anova,5,40,102,ok,,0.43137254901960786,0.3758962971321716,0.3760756277586143,0.37770717554756456
prototype_head,mae_embeddings,prototype_mahalanobis_support_anova,6,40,102,ok,,0.5,0.38502913752913753,0.38855820105820105,0.38764710689767895
prototype_head,mae_embeddings,prototype_mahalanobis_support_anova,7,40,102,ok,,0.4411764705882353,0.3165589740594122,0.3232843137254902,0.32297115070284405
prototype_head,mae_embeddings,prototype_mahalanobis_support_anova,8,40,102,ok,,0.4215686274509804,0.3793015966304242,0.3894742256811222,0.3775283998038575
prototype_head,mae_embeddings,prototype_mahalanobis_support_anova,9,40,102,ok,,0.45098039215686275,0.3951907515174662,0.41323529411764703,0.3962998528931023
prototype_head,mae_embeddings,prototype_mahalanobis_support_anova,10,40,102,ok,,0.3431372549019608,0.27723081236117403,0.28467963911614036,0.27905701754385964
prototype_head,mae_embeddings,prototype_mahalanobis_support_anova,11,40,102,ok,,0.5098039215686274,0.41885341669824433,0.42175297469415113,0.4214289119537975
prototype_head,mae_embeddings,prototype_mahalanobis_support_anova,12,40,102,ok,,0.3431372549019608,0.28103471720493,0.29212454212454214,0.2787743816061894
prototype_head,mae_embeddings,prototype_mahalanobis_support_anova,13,40,102,ok,,0.3627450980392157,0.3259808921528628,0.3416666666666667,0.33072661272747084
prototype_head,mae_embeddings,prototype_mahalanobis_support_anova,14,40,102,ok,,0.4215686274509804,0.3380974879911804,0.3528903903903904,0.34174090116595834
prototype_head,mae_embeddings,prototype_mahalanobis_support_anova,15,40,102,ok,,0.45098039215686275,0.38398941510723744,0.38907422263400526,0.38639227143946825
prototype_head,mae_embeddings,prototype_mahalanobis_support_anova,16,40,102,ok,,0.43137254901960786,0.3652663393517052,0.3804563492063492,0.36626382532418
prototype_head,mae_embeddings,prototype_mahalanobis_support_anova,17,40,102,ok,,0.46078431372549017,0.3847688205446826,0.3919483294483294,0.38135420071918924
prototype_head,mae_embeddings,prototype_mahalanobis_support_anova,18,40,102,ok,,0.4411764705882353,0.4017408123791102,0.42582417582417587,0.4177546447640841
prototype_head,mae_embeddings,prototype_mahalanobis_support_anova,19,40,102,ok,,0.37254901960784315,0.32396967022910744,0.32568922305764414,0.3312271848098507
prototype_head,mae_embeddings,prototype_mahalanobis_support_anova,20,40,102,ok,,0.4803921568627451,0.39624987415685087,0.41094978313906205,0.4027357796665577
prototype_head,mae_embeddings,prototype_mahalanobis_support_anova,21,40,102,ok,,0.4411764705882353,0.3774070868657541,0.38560397935397933,0.3809574888307726
prototype_head,mae_embeddings,prototype_mahalanobis_support_anova,22,40,102,ok,,0.47058823529411764,0.3961557374336279,0.39403794037940376,0.4047414732483382
prototype_head,mae_embeddings,prototype_mahalanobis_support_anova,23,40,102,ok,,0.5098039215686274,0.4285969793322734,0.4354731116584565,0.4452861092949766
prototype_head,mae_embeddings,prototype_mahalanobis_support_anova,24,40,102,ok,,0.4117647058823529,0.33562666377375183,0.3486133192015545,0.37148918491881877
prototype_head,mae_embeddings,prototype_mahalanobis_support_anova,25,40,102,ok,,0.46078431372549017,0.3916415683178233,0.3955128205128205,0.4020564318404707
prototype_head,mae_embeddings,prototype_mahalanobis_support_anova,26,40,102,ok,,0.46078431372549017,0.3982099143206854,0.3967603668261563,0.4067080064291163
prototype_head,mae_embeddings,prototype_mahalanobis_support_anova,27,40,102,ok,,0.47058823529411764,0.4130748315145478,0.4232142857142857,0.4201485371036286
prototype_head,mae_embeddings,prototype_mahalanobis_support_anova,28,40,102,ok,,0.4215686274509804,0.39121667805878335,0.4211580086580086,0.4031648414514547
prototype_head,mae_embeddings,prototype_mahalanobis_support_anova,29,40,102,ok,,0.3431372549019608,0.3013108685134936,0.3316814872500724,0.30994946605644547
prototype_head,mae_embeddings,prototype_mahalanobis_support_anova,30,40,102,ok,,0.5196078431372549,0.38665905052043664,0.3937200956937799,0.39358246158875454
prototype_head,mae_embeddings,prototype_mahalanobis_support_anova,31,40,102,ok,,0.4215686274509804,0.3873445446783235,0.4194947932016897,0.39418859649122806
prototype_head,mae_embeddings,prototype_mahalanobis_support_anova,32,40,102,ok,,0.37254901960784315,0.3298111246224454,0.34477415966386554,0.3411347662634848
prototype_head,mae_embeddings,prototype_mahalanobis_support_anova,33,40,102,ok,,0.45098039215686275,0.3766537722797545,0.38270270270270274,0.37834736297264904
prototype_head,mae_embeddings,prototype_mahalanobis_support_anova,34,40,102,ok,,0.5196078431372549,0.4141025641025641,0.4472776769509982,0.43409985561730413
prototype_head,mae_embeddings,prototype_mahalanobis_support_anova,35,40,102,ok,,0.3627450980392157,0.3288878342034488,0.3736451048951049,0.33072661272747084
prototype_head,mae_embeddings,prototype_mahalanobis_support_anova,36,40,102,ok,,0.4117647058823529,0.36370156657794356,0.37086729060413276,0.3708013239620791
prototype_head,mae_embeddings,prototype_mahalanobis_support_anova,37,40,102,ok,,0.38235294117647056,0.2740275285204682,0.2787337662337662,0.2721664895935491
prototype_head,mae_embeddings,prototype_mahalanobis_support_anova,38,40,102,ok,,0.39215686274509803,0.3090909090909091,0.3136176187646776,0.31023380462024625
prototype_head,mae_embeddings,prototype_mahalanobis_support_anova,39,40,102,ok,,0.4117647058823529,0.3528121429276756,0.3716319444444445,0.3760181704260651
prototype_head,mae_embeddings,prototype_mahalanobis_support_anova,40,40,102,ok,,0.5098039215686274,0.4229575163398693,0.4235821649614753,0.45272658548545275
prototype_head,mae_embeddings,prototype_mahalanobis_support_anova,41,40,102,ok,,0.46078431372549017,0.35093649676029537,0.351767098906687,0.3517148850386837
prototype_head,mae_embeddings,prototype_mahalanobis_support_anova,42,40,102,ok,,0.4411764705882353,0.38281902206320806,0.3890298663324979,0.3794217200610221
prototype_head,mae_embeddings,prototype_mahalanobis_support_anova,43,40,102,ok,,0.4411764705882353,0.3733005601587116,0.38447908721078056,0.37295174076495585
prototype_head,mae_embeddings,prototype_mahalanobis_support_anova,44,40,102,ok,,0.45098039215686275,0.39416489487361206,0.4127559185124975,0.38885937670262616
prototype_head,mae_embeddings,prototype_mahalanobis_support_anova,45,40,102,ok,,0.35294117647058826,0.3258029689608637,0.3329608540381761,0.34437997166830114
prototype_head,mae_embeddings,prototype_mahalanobis_support_anova,46,40,102,ok,,0.35294117647058826,0.3221031746031746,0.3554729584141349,0.33026520104609347
prototype_head,mae_embeddings,prototype_mahalanobis_support_anova,47,40,102,ok,,0.43137254901960786,0.4075314004165286,0.4141167434715821,0.4202864498202027
prototype_head,mae_embeddings,prototype_mahalanobis_support_anova,48,40,102,ok,,0.43137254901960786,0.3529409713747777,0.37870553359683795,0.35182725836329953
prototype_head,mae_embeddings,prototype_mahalanobis_support_anova,49,40,102,ok,,0.4019607843137255,0.3335817928841185,0.3392336084631481,0.33329928081072246
prototype_head,mae_embeddings,prototype_mahalanobis_support_anova,50,40,102,ok,,0.5,0.4283172439145237,0.4350319012382966,0.4299437452326468
prototype_head,mae_embeddings,prototype_mahalanobis_support_anova,51,40,102,ok,,0.4411764705882353,0.38734848484848483,0.4112057123910572,0.3948287839163125
prototype_head,mae_embeddings,prototype_mahalanobis_support_anova,52,40,102,ok,,0.45098039215686275,0.38931043553388167,0.3993686868686869,0.39407622316661217
prototype_head,mae_embeddings,prototype_mahalanobis_support_anova,53,40,102,ok,,0.3627450980392157,0.3574319231035649,0.3988095238095238,0.37051698539827826
prototype_head,mae_embeddings,prototype_mahalanobis_support_anova,54,40,102,ok,,0.4117647058823529,0.3202143227143227,0.3278902023642557,0.34221082597798846
prototype_head,mae_embeddings,prototype_mahalanobis_support_anova,55,40,102,ok,,0.39215686274509803,0.33745257452574523,0.34886747802569307,0.33587024626784356
prototype_head,mae_embeddings,prototype_mahalanobis_support_anova,56,40,102,ok,,0.4803921568627451,0.3843982630272953,0.39106933526087334,0.38696775907159203
prototype_head,mae_embeddings,prototype_mahalanobis_support_anova,57,40,102,ok,,0.45098039215686275,0.33438062510227456,0.3387087789661319,0.3360898850386837
prototype_head,mae_embeddings,prototype_mahalanobis_support_anova,58,40,102,ok,,0.47058823529411764,0.43286240021284156,0.4446428571428571,0.46483395989974935
prototype_head,mae_embeddings,prototype_mahalanobis_support_anova,59,40,102,ok,,0.49019607843137253,0.41430491551459286,0.42065044102747484,0.42175922142312305
prototype_head,mae_embeddings,prototype_mahalanobis_support_anova,60,40,102,ok,,0.43137254901960786,0.3754781053213304,0.3955241812885572,0.37426957338999667
prototype_head,mae_embeddings,prototype_mahalanobis_support_anova,61,40,102,ok,,0.39215686274509803,0.3428802178802179,0.3555318322981367,0.3519651710798736
prototype_head,mae_embeddings,prototype_mahalanobis_support_anova,62,40,102,ok,,0.4019607843137255,0.3389056641465364,0.35465686274509806,0.3548936880244088
prototype_head,mae_embeddings,prototype_mahalanobis_support_anova,63,40,102,ok,,0.47058823529411764,0.3667641422151731,0.37034559643255294,0.3762769695979078
prototype_head,mae_embeddings,prototype_mahalanobis_support_anova,64,40,102,ok,,0.5,0.4085757379875027,0.41290726817042606,0.41506279285169445
prototype_head,mae_embeddings,prototype_mahalanobis_support_anova,65,40,102,ok,,0.35294117647058826,0.24610042735042736,0.2428872053872054,0.25117140677781413
prototype_head,mae_embeddings,prototype_mahalanobis_support_anova,66,40,102,ok,,0.3627450980392157,0.3202810526148315,0.36379187542980645,0.30783991228070173
prototype_head,mae_embeddings,prototype_mahalanobis_support_anova,67,40,102,ok,,0.5,0.4429518919249343,0.44882834556747603,0.4490710471831753
prototype_head,mae_embeddings,prototype_mahalanobis_support_anova,68,40,102,ok,,0.5,0.4191432019803525,0.41951212009351535,0.43123603846572955
prototype_head,mae_embeddings,prototype_mahalanobis_support_anova,69,40,102,ok,,0.43137254901960786,0.35041575510683065,0.35725703324808183,0.34960362863680944
prototype_head,mae_embeddings,prototype_mahalanobis_support_anova,70,40,102,ok,,0.4411764705882353,0.3812140240711669,0.38920217209690894,0.3909042306854092
prototype_head,mae_embeddings,prototype_mahalanobis_support_anova,71,40,102,ok,,0.46078431372549017,0.42713427713427715,0.463425801840436,0.4595166584940612
prototype_head,mae_embeddings,prototype_mahalanobis_support_anova,72,40,102,ok,,0.4803921568627451,0.39523271189761,0.39686274509803926,0.39594400403181873
prototype_head,mae_embeddings,prototype_mahalanobis_support_anova,73,40,102,ok,,0.43137254901960786,0.3295655795655795,0.32943490201554715,0.33844291435109514
prototype_head,mae_embeddings,prototype_mahalanobis_support_anova,74,40,102,ok,,0.4803921568627451,0.4169192876089428,0.4168554006968641,0.42032731284733577
prototype_head,mae_embeddings,prototype_mahalanobis_support_anova,75,40,102,ok,,0.4019607843137255,0.3264961782403643,0.3373737373737374,0.3243621962514983
prototype_head,mae_embeddings,prototype_mahalanobis_support_anova,76,40,102,ok,,0.43137254901960786,0.4003048780487805,0.44729729729729734,0.38943316170861936
prototype_head,mae_embeddings,prototype_mahalanobis_support_anova,77,40,102,ok,,0.4019607843137255,0.35955415866364004,0.36952479952479955,0.3576825896262395
prototype_head,mae_embeddings,prototype_mahalanobis_support_anova,78,40,102,ok,,0.3235294117647059,0.28617011393375874,0.31794871794871793,0.2873147542769968
prototype_head,mae_embeddings,prototype_mahalanobis_support_anova,79,40,102,ok,,0.4411764705882353,0.3651296600401788,0.3735294117647059,0.3664817614688896
prototype_head,mae_embeddings,prototype_mahalanobis_support_anova,80,40,102,ok,,0.3431372549019608,0.2615909929863418,0.26796536796536796,0.2609002124877411
prototype_head,mae_embeddings,prototype_mahalanobis_support_anova,81,40,102,ok,,0.43137254901960786,0.3729830428915097,0.38942577030812325,0.3801742808107224
prototype_head,mae_embeddings,prototype_mahalanobis_support_anova,82,40,102,ok,,0.47058823529411764,0.38611111111111107,0.38829131652661064,0.3855358504958047
prototype_head,mae_embeddings,prototype_mahalanobis_support_anova,83,40,102,ok,,0.37254901960784315,0.3128818846815835,0.32000207444286394,0.317034093385638
prototype_head,mae_embeddings,prototype_mahalanobis_support_anova,84,40,102,ok,,0.4117647058823529,0.32717691665060084,0.3278560985797828,0.327329873597036
prototype_head,mae_embeddings,prototype_mahalanobis_support_anova,85,40,102,ok,,0.39215686274509803,0.33402976334010814,0.3603238866396761,0.3470701209545603
prototype_head,mae_embeddings,prototype_mahalanobis_support_anova,86,40,102,ok,,0.4411764705882353,0.35909090909090907,0.36750541125541125,0.35629154407758523
prototype_head,mae_embeddings,prototype_mahalanobis_support_anova,87,40,102,ok,,0.45098039215686275,0.34440017152276575,0.33935897435897433,0.35529550779121716
prototype_head,mae_embeddings,prototype_mahalanobis_support_anova,88,40,102,ok,,0.49019607843137253,0.39404949375563636,0.39855072463768115,0.3936556745123679
prototype_head,mae_embeddings,prototype_mahalanobis_support_anova,89,40,102,ok,,0.4215686274509804,0.36075046967257113,0.3765100416824555,0.3660458891794704
prototype_head,mae_embeddings,prototype_mahalanobis_support_anova,90,40,102,ok,,0.5098039215686274,0.3707912457912458,0.36748917748917753,0.3819211752206603
prototype_head,mae_embeddings,prototype_mahalanobis_support_anova,91,40,102,ok,,0.5196078431372549,0.43891697562071674,0.46799939191243534,0.43462596709164214
prototype_head,mae_embeddings,prototype_mahalanobis_support_anova,92,40,102,ok,,0.5,0.4432789432789433,0.44202534672405547,0.4468865778576877
prototype_head,mae_embeddings,prototype_mahalanobis_support_anova,93,40,102,ok,,0.4411764705882353,0.380952380952381,0.3968164188752423,0.3806748528931023
prototype_head,mae_embeddings,prototype_mahalanobis_support_anova,94,40,102,ok,,0.45098039215686275,0.3855788246032148,0.3863530778164924,0.38861590116595834
prototype_head,mae_embeddings,prototype_mahalanobis_support_anova,95,40,102,ok,,0.49019607843137253,0.39895139090118803,0.40434451219512196,0.39915515691402415
prototype_head,mae_embeddings,prototype_mahalanobis_support_anova,96,40,102,ok,,0.46078431372549017,0.36203143703143703,0.3645363408521303,0.3631582352620682
prototype_head,mae_embeddings,prototype_mahalanobis_support_anova,97,40,102,ok,,0.5294117647058824,0.43276515151515155,0.45238636363636364,0.4333081344666013
prototype_head,mae_embeddings,prototype_mahalanobis_support_anova,98,40,102,ok,,0.5098039215686274,0.41024048415352765,0.40769927536231887,0.41528072899640406
prototype_head,mae_embeddings,prototype_mahalanobis_support_anova,99,40,102,ok,,0.4117647058823529,0.38396240925310693,0.40982263350684395,0.42801807507900186
prototype_head,mae_embeddings,prototype_mahalanobis_support_anova,100,40,102,ok,,0.4117647058823529,0.3766368274760998,0.3825670498084291,0.379534093385638
direct_binned,bins1024_auc,svm_C1p0,1,40,102,ok,,0.46078431372549017,0.4149095945829158,0.41150131426126296,0.4233682031164869
direct_binned,bins1024_auc,logreg_C0p1,1,40,102,ok,,0.47058823529411764,0.3886576255216045,0.38232612162818114,0.402883908139915
direct_binned,bins1024_auc,xgboost_depth2,1,40,102,ok,,0.35294117647058826,0.3425758452074241,0.34610931337850137,0.35586248229268824
direct_binned,bins1024_auc,svm_C1p0,2,40,102,ok,,0.5,0.4211822169059011,0.45084717000835417,0.4411044595183611
direct_binned,bins1024_auc,logreg_C0p1,2,40,102,ok,,0.43137254901960786,0.377745995423341,0.3878582001647017,0.3842163152446333
direct_binned,bins1024_auc,xgboost_depth2,2,40,102,ok,,0.4117647058823529,0.352684354006113,0.3603896103896104,0.36068942737277976
direct_binned,bins1024_auc,svm_C1p0,3,40,102,ok,,0.4117647058823529,0.35008865747255846,0.36539408866995077,0.3692655551923286
direct_binned,bins1024_auc,logreg_C0p1,3,40,102,ok,,0.4117647058823529,0.34079012394561176,0.35571209350920724,0.3804262694780429
direct_binned,bins1024_auc,xgboost_depth2,3,40,102,ok,,0.3627450980392157,0.30972419737125617,0.33965517241379306,0.32915168355671787
direct_binned,bins1024_auc,svm_C1p0,4,40,102,ok,,0.4117647058823529,0.3078583181524358,0.30376984126984125,0.3279785741527732
direct_binned,bins1024_auc,logreg_C0p1,4,40,102,ok,,0.35294117647058826,0.28235376207582674,0.2926034337179848,0.28024545058297917
direct_binned,bins1024_auc,xgboost_depth2,4,40,102,ok,,0.4117647058823529,0.3331807254949626,0.3331730769230769,0.3471450365043043
direct_binned,bins1024_auc,svm_C1p0,5,40,102,ok,,0.4215686274509804,0.3533799990611217,0.36909114997350295,0.356826168682576
direct_binned,bins1024_auc,logreg_C0p1,5,40,102,ok,,0.46078431372549017,0.39778886425227883,0.4120299145299145,0.40545487359703614
direct_binned,bins1024_auc,xgboost_depth2,5,40,102,ok,,0.3627450980392157,0.3033573569287855,0.3204803388746803,0.3029057017543859
direct_binned,bins1024_auc,svm_C1p0,6,40,102,ok,,0.5392156862745098,0.4397408963585434,0.4548992673992674,0.4399960499073772
direct_binned,bins1024_auc,logreg_C0p1,6,40,102,ok,,0.5588235294117647,0.44441194801905126,0.46745337995337993,0.44314250299662195
direct_binned,bins1024_auc,xgboost_depth2,6,40,102,ok,,0.38235294117647056,0.35984126984126985,0.39503156653791865,0.35057242290508883
direct_binned,bins1024_auc,svm_C1p0,7,40,102,ok,,0.37254901960784315,0.3275901065226908,0.32629796104488307,0.3296914160401002
direct_binned,bins1024_auc,logreg_C0p1,7,40,102,ok,,0.3627450980392157,0.3319265419265419,0.34556906814449917,0.33197974555955106
direct_binned,bins1024_auc,xgboost_depth2,7,40,102,ok,,0.3235294117647059,0.2868597168597169,0.35504201680672276,0.3049454478587773
direct_binned,bins1024_auc,svm_C1p0,8,40,102,ok,,0.43137254901960786,0.34317211948790893,0.34545845659346913,0.34563991500490354
direct_binned,bins1024_auc,logreg_C0p1,8,40,102,ok,,0.47058823529411764,0.35429056512248364,0.3573934837092732,0.3584028004794595
direct_binned,bins1024_auc,xgboost_depth2,8,40,102,ok,,0.37254901960784315,0.28072470923853415,0.2788063000828958,0.2873556173041299
direct_binned,bins1024_auc,svm_C1p0,9,40,102,ok,,0.4117647058823529,0.37643527935022036,0.40536931618525546,0.386247548218372
direct_binned,bins1024_auc,logreg_C0p1,9,40,102,ok,,0.4215686274509804,0.395206552591901,0.4185185185185185,0.41331589844175654
direct_binned,bins1024_auc,xgboost_depth2,9,40,102,ok,,0.4215686274509804,0.3655409478194288,0.4035669191919192,0.39633390541571323
direct_binned,bins1024_auc,svm_C1p0,10,40,102,ok,,0.3627450980392157,0.33710244428141295,0.3480671296296296,0.3436665713196033
direct_binned,bins1024_auc,logreg_C0p1,10,40,102,ok,,0.3333333333333333,0.3033480355046465,0.30690630561912025,0.3079522856053176
direct_binned,bins1024_auc,xgboost_depth2,10,40,102,ok,,0.23529411764705882,0.21173400673400672,0.23190935726432685,0.21927440884820748
direct_binned,bins1024_auc,svm_C1p0,11,40,102,ok,,0.46078431372549017,0.38794006611152254,0.3925225225225225,0.4180730358504958
direct_binned,bins1024_auc,logreg_C0p1,11,40,102,ok,,0.45098039215686275,0.3897058823529412,0.40981705182072825,0.4138913860738803
direct_binned,bins1024_auc,xgboost_depth2,11,40,102,ok,,0.4411764705882353,0.367762703861102,0.37510319917440665,0.38285932221859
direct_binned,bins1024_auc,svm_C1p0,12,40,102,ok,,0.4215686274509804,0.3897274527662459,0.40147758645742515,0.4058362618502779
direct_binned,bins1024_auc,logreg_C0p1,12,40,102,ok,,0.4117647058823529,0.35889469608981805,0.3765418609168609,0.36861685463659144
direct_binned,bins1024_auc,xgboost_depth2,12,40,102,ok,,0.38235294117647056,0.31486051002838666,0.31259360290971333,0.32586731775089894
direct_binned,bins1024_auc,svm_C1p0,13,40,102,ok,,0.4019607843137255,0.32894518272425244,0.3350877192982456,0.3268293015146562
direct_binned,bins1024_auc,logreg_C0p1,13,40,102,ok,,0.4803921568627451,0.4147196208599717,0.43441558441558437,0.43055669063964264
direct_binned,bins1024_auc,xgboost_depth2,13,40,102,ok,,0.38235294117647056,0.31412655971479503,0.33011204481792716,0.3097723929388689
direct_binned,bins1024_auc,svm_C1p0,14,40,102,ok,,0.4019607843137255,0.336058015883699,0.3373320342629806,0.33701951890596055
direct_binned,bins1024_auc,logreg_C0p1,14,40,102,ok,,0.46078431372549017,0.3834121802832692,0.3877964141122036,0.3915835785114961
direct_binned,bins1024_auc,xgboost_depth2,14,40,102,ok,,0.37254901960784315,0.28908688307937364,0.2909599458512502,0.3000912607605971
direct_binned,bins1024_auc,svm_C1p0,15,40,102,ok,,0.4117647058823529,0.3403140794197318,0.35374999999999995,0.3362669581562602
direct_binned,bins1024_auc,logreg_C0p1,15,40,102,ok,,0.4019607843137255,0.34917057150029285,0.37023809523809526,0.3502421134357633
direct_binned,bins1024_auc,xgboost_depth2,15,40,102,ok,,0.37254901960784315,0.31912662090007626,0.3457843137254902,0.3194620382477934
direct_binned,bins1024_auc,svm_C1p0,16,40,102,ok,,0.5,0.3987382898501636,0.39841485507246377,0.4005870654898115
direct_binned,bins1024_auc,logreg_C0p1,16,40,102,ok,,0.49019607843137253,0.43366704805491985,0.46312997347480106,0.44885311103846576
direct_binned,bins1024_auc,xgboost_depth2,16,40,102,ok,,0.3431372549019608,0.2986888111888112,0.34700573549257757,0.31431840470742073
direct_binned,bins1024_auc,svm_C1p0,17,40,102,ok,,0.4803921568627451,0.42490696438064857,0.4359875983061101,0.44689509098834046
direct_binned,bins1024_auc,logreg_C0p1,17,40,102,ok,,0.47058823529411764,0.40331598226335075,0.4096606033717835,0.41210362863680944
direct_binned,bins1024_auc,xgboost_depth2,17,40,102,ok,,0.3627450980392157,0.3087845792774422,0.3313851181498241,0.32668457829356
direct_binned,bins1024_auc,svm_C1p0,18,40,102,ok,,0.4019607843137255,0.3570028898976267,0.36719906978071365,0.3576825896262395
direct_binned,bins1024_auc,logreg_C0p1,18,40,102,ok,,0.4019607843137255,0.361294524189261,0.38744698506361797,0.36415256892230574
direct_binned,bins1024_auc,xgboost_depth2,18,40,102,ok,,0.35294117647058826,0.3145551257253385,0.3320532514080901,0.31384847989539066
direct_binned,bins1024_auc,svm_C1p0,19,40,102,ok,,0.5,0.4261904761904762,0.4302536231884058,0.4247268987686608
direct_binned,bins1024_auc,logreg_C0p1,19,40,102,ok,,0.49019607843137253,0.38251728110599076,0.38548795155738047,0.39361651411136533
direct_binned,bins1024_auc,xgboost_depth2,19,40,102,ok,,0.4803921568627451,0.35558280372110157,0.348614881850176,0.37026840198321886
direct_binned,bins1024_auc,svm_C1p0,20,40,102,ok,,0.5392156862745098,0.4397823668474482,0.44660027472527475,0.4439989239402855
direct_binned,bins1024_auc,logreg_C0p1,20,40,102,ok,,0.5882352941176471,0.46765015015015016,0.47451449013949015,0.47145547292143397
direct_binned,bins1024_auc,xgboost_depth2,20,40,102,ok,,0.47058823529411764,0.3971369373245641,0.40003232062055594,0.4036926555519233
direct_binned,bins1024_auc,svm_C1p0,21,40,102,ok,,0.3137254901960784,0.2727084086043967,0.29324525418275416,0.267726040645091
direct_binned,bins1024_auc,logreg_C0p1,21,40,102,ok,,0.27450980392156865,0.2640183750233882,0.28852130325814535,0.2679031137626675
direct_binned,bins1024_auc,xgboost_depth2,21,40,102,ok,,0.24509803921568626,0.2295708229161753,0.27773837667454687,0.25402671079873596
direct_binned,bins1024_auc,svm_C1p0,22,40,102,ok,,0.4215686274509804,0.3631897739243173,0.36896929824561403,0.36361794431731503
direct_binned,bins1024_auc,logreg_C0p1,22,40,102,ok,,0.5294117647058824,0.49739998756966175,0.5146260997067449,0.5129280402092187
direct_binned,bins1024_auc,xgboost_depth2,22,40,102,ok,,0.4411764705882353,0.39052287581699346,0.41057302231237325,0.4164231911299989
direct_binned,bins1024_auc,svm_C1p0,23,40,102,ok,,0.45098039215686275,0.359920594218507,0.3634458486642137,0.3604731938542007
direct_binned,bins1024_auc,logreg_C0p1,23,40,102,ok,,0.4117647058823529,0.3538115311164956,0.3702908986175115,0.36283473629726487
direct_binned,bins1024_auc,xgboost_depth2,23,40,102,ok,,0.4117647058823529,0.341076404548676,0.36856296856296855,0.3600849950964367
direct_binned,bins1024_auc,svm_C1p0,24,40,102,ok,,0.37254901960784315,0.2885122492179429,0.298046522131888,0.2886087501362101
direct_binned,bins1024_auc,logreg_C0p1,24,40,102,ok,,0.43137254901960786,0.3482895505187809,0.3669616044616044,0.3721685327449058
direct_binned,bins1024_auc,xgboost_depth2,24,40,102,ok,,0.38235294117647056,0.32761963918450726,0.35744896398807247,0.36541421488503867
direct_binned,bins1024_auc,svm_C1p0,25,40,102,ok,,0.3137254901960784,0.29067785280723585,0.34451694139194144,0.30375701481965783
direct_binned,bins1024_auc,logreg_C0p1,25,40,102,ok,,0.39215686274509803,0.32644703615098347,0.340922619047619,0.35398789092295957
direct_binned,bins1024_auc,xgboost_depth2,25,40,102,ok,,0.4117647058823529,0.3527914316368008,0.3645680406549972,0.35046004958047294
direct_binned,bins1024_auc,svm_C1p0,26,40,102,ok,,0.5098039215686274,0.4556584739545121,0.4599414812829447,0.45604159856162146
direct_binned,bins1024_auc,logreg_C0p1,26,40,102,ok,,0.5098039215686274,0.4414251207729468,0.45393949850471593,0.440634534706331
direct_binned,bins1024_auc,xgboost_depth2,26,40,102,ok,,0.45098039215686275,0.38971483942414176,0.392099171539961,0.39407622316661217
direct_binned,bins1024_auc,svm_C1p0,27,40,102,ok,,0.4803921568627451,0.3852901710391955,0.3888034759358289,0.3845006538084341
direct_binned,bins1024_auc,logreg_C0p1,27,40,102,ok,,0.49019607843137253,0.4284812550532632,0.44352883595725595,0.43348520758417786
direct_binned,bins1024_auc,xgboost_depth2,27,40,102,ok,,0.4117647058823529,0.3589854238588416,0.37229154287977817,0.35939713413969704
direct_binned,bins1024_auc,svm_C1p0,28,40,102,ok,,0.4019607843137255,0.3672036716549595,0.3922619047619047,0.39201264029639316
direct_binned,bins1024_auc,logreg_C0p1,28,40,102,ok,,0.39215686274509803,0.37212907941897755,0.40811125434073453,0.38811362645744796
direct_binned,bins1024_auc,xgboost_depth2,28,40,102,ok,,0.4117647058823529,0.38821967440937066,0.42014519056261346,0.3939706603465185
direct_binned,bins1024_auc,svm_C1p0,29,40,102,ok,,0.3627450980392157,0.3283464652881166,0.3346508563899869,0.33566082325378666
direct_binned,bins1024_auc,logreg_C0p1,29,40,102,ok,,0.47058823529411764,0.41794557951228695,0.42190234217256695,0.4275498528931023
direct_binned,bins1024_auc,xgboost_depth2,29,40,102,ok,,0.4411764705882353,0.38333194177729535,0.41531593406593414,0.38718399259017106
direct_binned,bins1024_auc,svm_C1p0,30,40,102,ok,,0.49019607843137253,0.3643095062359242,0.36949995309128436,0.36830186880244087
direct_binned,bins1024_auc,logreg_C0p1,30,40,102,ok,,0.5,0.37206720294955586,0.38713226428743674,0.3749897842432167
direct_binned,bins1024_auc,xgboost_depth2,30,40,102,ok,,0.46078431372549017,0.35620716870716873,0.37203519730776324,0.3541819903018416
direct_binned,bins1024_auc,svm_C1p0,31,40,102,ok,,0.4215686274509804,0.3730734032743532,0.3863711001642036,0.4028038847117794
direct_binned,bins1024_auc,logreg_C0p1,31,40,102,ok,,0.46078431372549017,0.4327252555892596,0.45600233100233095,0.45794172932330823
direct_binned,bins1024_auc,xgboost_depth2,31,40,102,ok,,0.37254901960784315,0.33105282983331763,0.3595779220779221,0.3410956058624823
direct_binned,bins1024_auc,svm_C1p0,32,40,102,ok,,0.3333333333333333,0.27709568432459997,0.2819154381654382,0.30265711833932657
direct_binned,bins1024_auc,logreg_C0p1,32,40,102,ok,,0.4215686274509804,0.3694465786857092,0.4146214896214896,0.37845973629726487
direct_binned,bins1024_auc,xgboost_depth2,32,40,102,ok,,0.3431372549019608,0.28108546858546857,0.3039154505888377,0.28621485779666556
direct_binned,bins1024_auc,svm_C1p0,33,40,102,ok,,0.4411764705882353,0.3515207530513669,0.35894607843137255,0.3636928598670589
direct_binned,bins1024_auc,logreg_C0p1,33,40,102,ok,,0.5,0.3846854764107308,0.39359882876897717,0.40798838127928516
direct_binned,bins1024_auc,xgboost_depth2,33,40,102,ok,,0.43137254901960786,0.307899971582836,0.2977225672877847,0.3465320910973085
direct_binned,bins1024_auc,svm_C1p0,34,40,102,ok,,0.5098039215686274,0.35451813323940073,0.33300493905002104,0.3876215675057208
direct_binned,bins1024_auc,logreg_C0p1,34,40,102,ok,,0.5196078431372549,0.3678146581594858,0.39134615384615384,0.39180321728233625
direct_binned,bins1024_auc,xgboost_depth2,34,40,102,ok,,0.45098039215686275,0.307562949437569,0.3101190476190476,0.32812329737386947
direct_binned,bins1024_auc,svm_C1p0,35,40,102,ok,,0.24509803921568626,0.22634032634032633,0.2766251281360987,0.22842942955214124
direct_binned,bins1024_auc,logreg_C0p1,35,40,102,ok,,0.35294117647058826,0.32259182940183706,0.34175925925925926,0.33544288710907705
direct_binned,bins1024_auc,xgboost_depth2,35,40,102,ok,,0.4117647058823529,0.37828927435237086,0.3930094664814529,0.3936880244088482
direct_binned,bins1024_auc,svm_C1p0,36,40,102,ok,,0.4411764705882353,0.38917045936427813,0.39500635088870384,0.3921182031164869
direct_binned,bins1024_auc,logreg_C0p1,36,40,102,ok,,0.43137254901960786,0.36141547985664557,0.36631706946344433,0.36230011169227416
direct_binned,bins1024_auc,xgboost_depth2,36,40,102,ok,,0.28431372549019607,0.2534475004324511,0.27046780805401494,0.2551419309142421
direct_binned,bins1024_auc,svm_C1p0,37,40,102,ok,,0.5196078431372549,0.4471334845397814,0.4587747035573122,0.45868747956848643
direct_binned,bins1024_auc,logreg_C0p1,37,40,102,ok,,0.5294117647058824,0.48009578544061304,0.5119168356997972,0.49772529148959355
direct_binned,bins1024_auc,xgboost_depth2,37,40,102,ok,,0.3627450980392157,0.3157399891774892,0.34640267932801594,0.3364695706657949
direct_binned,bins1024_auc,svm_C1p0,38,40,102,ok,,0.35294117647058826,0.292594975193211,0.2949060567160695,0.29197143674403403
direct_binned,bins1024_auc,logreg_C0p1,38,40,102,ok,,0.3431372549019608,0.29550314465408806,0.3088629068141368,0.297009507464313
direct_binned,bins1024_auc,xgboost_depth2,38,40,102,ok,,0.24509803921568626,0.23020401267002602,0.25676095302619695,0.2272154571210635
direct_binned,bins1024_auc,svm_C1p0,39,40,102,ok,,0.47058823529411764,0.3696153846153846,0.36061705989110704,0.39071353655878827
direct_binned,bins1024_auc,logreg_C0p1,39,40,102,ok,,0.4215686274509804,0.31021964892932635,0.3075233720180529,0.3148513266862809
direct_binned,bins1024_auc,xgboost_depth2,39,40,102,ok,,0.4215686274509804,0.33029438762129554,0.3321123468729852,0.3389128391631252
direct_binned,bins1024_auc,svm_C1p0,40,40,102,ok,,0.4117647058823529,0.3711656859540155,0.3868039664378337,0.39093828320802004
direct_binned,bins1024_auc,logreg_C0p1,40,40,102,ok,,0.4803921568627451,0.4183113531231811,0.46111111111111114,0.439171978860194
direct_binned,bins1024_auc,xgboost_depth2,40,40,102,ok,,0.4411764705882353,0.3886942514849491,0.4233060249189281,0.4150049035632559
direct_binned,bins1024_auc,svm_C1p0,41,40,102,ok,,0.5490196078431373,0.45942982456140347,0.4718894830659537,0.4685218480985071
direct_binned,bins1024_auc,logreg_C0p1,41,40,102,ok,,0.5,0.40337481146304677,0.41041666666666665,0.40430730358504957
direct_binned,bins1024_auc,xgboost_depth2,41,40,102,ok,,0.4215686274509804,0.35233665895951033,0.36746031746031743,0.3531059305873379
direct_binned,bins1024_auc,svm_C1p0,42,40,102,ok,,0.35294117647058826,0.2685444911952626,0.26438127090301006,0.28149858341505934
direct_binned,bins1024_auc,logreg_C0p1,42,40,102,ok,,0.3235294117647059,0.24602792964890324,0.25071823601235366,0.24881667483927208
direct_binned,bins1024_auc,xgboost_depth2,42,40,102,ok,,0.3333333333333333,0.2972400689791994,0.31058868927031613,0.30022917347717115
direct_binned,bins1024_auc,svm_C1p0,43,40,102,ok,,0.29411764705882354,0.28683808881177303,0.3361835532888164,0.2951502397297592
direct_binned,bins1024_auc,logreg_C0p1,43,40,102,ok,,0.35294117647058826,0.34364644106235576,0.38777677133655397,0.35986535632559663
direct_binned,bins1024_auc,xgboost_depth2,43,40,102,ok,,0.35294117647058826,0.29633853350831885,0.3139506869941653,0.2907183039119538
direct_binned,bins1024_auc,svm_C1p0,44,40,102,ok,,0.5490196078431373,0.45853232133719934,0.46169301712779975,0.4599065598779557
direct_binned,bins1024_auc,logreg_C0p1,44,40,102,ok,,0.47058823529411764,0.40655055125498474,0.415228078557598,0.4074520540481639
direct_binned,bins1024_auc,xgboost_depth2,44,40,102,ok,,0.4019607843137255,0.32654761904761903,0.33558695124909044,0.3296182031164869
direct_binned,bins1024_auc,svm_C1p0,45,40,102,ok,,0.3333333333333333,0.31222826086956523,0.33222381864623246,0.30916625803639536
direct_binned,bins1024_auc,logreg_C0p1,45,40,102,ok,,0.3333333333333333,0.31726161929762564,0.3494670846394985,0.31963911136536993
direct_binned,bins1024_auc,xgboost_depth2,45,40,102,ok,,0.28431372549019607,0.266592390262603,0.2863142604521915,0.2718021276016127
direct_binned,bins1024_auc,svm_C1p0,46,40,102,ok,,0.4215686274509804,0.3727450980392156,0.386904252588346,0.40785557644110276
direct_binned,bins1024_auc,logreg_C0p1,46,40,102,ok,,0.45098039215686275,0.39375343145068453,0.4430366726296959,0.44700746431295635
direct_binned,bins1024_auc,xgboost_depth2,46,40,102,ok,,0.3627450980392157,0.33362553498685094,0.39671052631578946,0.35854752370055576
direct_binned,bins1024_auc,svm_C1p0,47,40,102,ok,,0.4019607843137255,0.3520395593566325,0.3718780547409579,0.35246574316225343
direct_binned,bins1024_auc,logreg_C0p1,47,40,102,ok,,0.4117647058823529,0.39916531880817596,0.41429168657429527,0.41936362645744796
direct_binned,bins1024_auc,xgboost_depth2,47,40,102,ok,,0.3431372549019608,0.2915981935809799,0.30062908496732027,0.2890037593984962
direct_binned,bins1024_auc,svm_C1p0,48,40,102,ok,,0.47058823529411764,0.3681354732236009,0.37250905797101447,0.377530102429988
direct_binned,bins1024_auc,logreg_C0p1,48,40,102,ok,,0.43137254901960786,0.36158088235294117,0.3800865800865801,0.3913349950964367
direct_binned,bins1024_auc,xgboost_depth2,48,40,102,ok,,0.4411764705882353,0.3607825976101869,0.37470238095238095,0.3853264274817479
direct_binned,bins1024_auc,svm_C1p0,49,40,102,ok,,0.4411764705882353,0.4197332762801312,0.4506911217437533,0.41152814100468565
direct_binned,bins1024_auc,logreg_C0p1,49,40,102,ok,,0.4019607843137255,0.328034262485482,0.3380909247757074,0.3388379236133813
direct_binned,bins1024_auc,xgboost_depth2,49,40,102,ok,,0.35294117647058826,0.31019651011089366,0.34022914721444136,0.319347962297047
direct_binned,bins1024_auc,svm_C1p0,50,40,102,ok,,0.5,0.40113122631122294,0.4028714252499419,0.4015575623842214
direct_binned,bins1024_auc,logreg_C0p1,50,40,102,ok,,0.5098039215686274,0.4005564328144973,0.40285426227228477,0.39955186880244087
direct_binned,bins1024_auc,xgboost_depth2,50,40,102,ok,,0.45098039215686275,0.3215794329212311,0.3153127383676583,0.3308338781736951
direct_binned,bins1024_auc,svm_C1p0,51,40,102,ok,,0.46078431372549017,0.41303418803418807,0.4224264705882353,0.41742433529475864
direct_binned,bins1024_auc,logreg_C0p1,51,40,102,ok,,0.5588235294117647,0.515954415954416,0.5293719211822661,0.5292323880353057
direct_binned,bins1024_auc,xgboost_depth2,51,40,102,ok,,0.39215686274509803,0.3179402906958694,0.33836266390614217,0.3124574343467364
direct_binned,bins1024_auc,svm_C1p0,52,40,102,ok,,0.35294117647058826,0.3149197733639384,0.33724871435250114,0.31259534706331044
direct_binned,bins1024_auc,logreg_C0p1,52,40,102,ok,,0.47058823529411764,0.43611662599004375,0.4411497922367488,0.4531862945406996
direct_binned,bins1024_auc,xgboost_depth2,52,40,102,ok,,0.38235294117647056,0.3502929797332254,0.37770964944877994,0.36250272420180885
direct_binned,bins1024_auc,svm_C1p0,53,40,102,ok,,0.39215686274509803,0.37321390937829296,0.3910784458198251,0.38807446605644547
direct_binned,bins1024_auc,logreg_C0p1,53,40,102,ok,,0.46078431372549017,0.3847330663997331,0.39370713802762486,0.3905347608150812
direct_binned,bins1024_auc,xgboost_depth2,53,40,102,ok,,0.46078431372549017,0.39416489487361206,0.3975225225225225,0.40444521630162367
direct_binned,bins1024_auc,svm_C1p0,54,40,102,ok,,0.4411764705882353,0.39914529914529917,0.41133814102564104,0.40380502887653913
direct_binned,bins1024_auc,logreg_C0p1,54,40,102,ok,,0.45098039215686275,0.4128126797009776,0.4217621259029928,0.42068316170861936
direct_binned,bins1024_auc,xgboost_depth2,54,40,102,ok,,0.27450980392156865,0.2596969696969697,0.3041256157635468,0.26762047782499726
direct_binned,bins1024_auc,svm_C1p0,55,40,102,ok,,0.38235294117647056,0.3505898804983474,0.3703985178463399,0.36197661272747084
direct_binned,bins1024_auc,logreg_C0p1,55,40,102,ok,,0.4117647058823529,0.3635285458070268,0.39129620379620383,0.3844683039119538
direct_binned,bins1024_auc,xgboost_depth2,55,40,102,ok,,0.3431372549019608,0.3112980769230769,0.3418803418803419,0.33372834259561945
direct_binned,bins1024_auc,svm_C1p0,56,40,102,ok,,0.4019607843137255,0.3070802005012531,0.310046518607443,0.3076628391631252
direct_binned,bins1024_auc,logreg_C0p1,56,40,102,ok,,0.45098039215686275,0.35197368421052627,0.3579665071770335,0.35424669009480225
direct_binned,bins1024_auc,xgboost_depth2,56,40,102,ok,,0.4117647058823529,0.33886367255932476,0.35124104614359486,0.35013825324180015
direct_binned,bins1024_auc,svm_C1p0,57,40,102,ok,,0.4411764705882353,0.3816987661289427,0.3907429779522803,0.38217146126185025
direct_binned,bins1024_auc,logreg_C0p1,57,40,102,ok,,0.4803921568627451,0.4081608637453481,0.4115151515151515,0.4073481938542007
direct_binned,bins1024_auc,xgboost_depth2,57,40,102,ok,,0.39215686274509803,0.3158322983157906,0.32487060041407867,0.3211118829682903
direct_binned,bins1024_auc,svm_C1p0,58,40,102,ok,,0.4803921568627451,0.43062539283469514,0.43189484126984123,0.4545790427154843
direct_binned,bins1024_auc,logreg_C0p1,58,40,102,ok,,0.45098039215686275,0.40331592398202465,0.4138424688057041,0.42808447749809303
direct_binned,bins1024_auc,xgboost_depth2,58,40,102,ok,,0.4117647058823529,0.38081836923361995,0.404997594997595,0.386247548218372
direct_binned,bins1024_auc,svm_C1p0,59,40,102,ok,,0.4215686274509804,0.3788312462731067,0.38711873638344224,0.3889325896262395
direct_binned,bins1024_auc,logreg_C0p1,59,40,102,ok,,0.49019607843137253,0.45542048054919915,0.45670231729055255,0.46830220932766703
direct_binned,bins1024_auc,xgboost_depth2,59,40,102,ok,,0.45098039215686275,0.3815161866791134,0.42159337037385813,0.4086745396098943
direct_binned,bins1024_auc,svm_C1p0,60,40,102,ok,,0.37254901960784315,0.3352691828719226,0.3619967793880837,0.33765800370491444
direct_binned,bins1024_auc,logreg_C0p1,60,40,102,ok,,0.37254901960784315,0.34543067226890756,0.3807565789473684,0.35185109512912716
direct_binned,bins1024_auc,xgboost_depth2,60,40,102,ok,,0.3333333333333333,0.3004138682691175,0.3285073547142512,0.30791312520431513
direct_binned,bins1024_auc,svm_C1p0,61,40,102,ok,,0.39215686274509803,0.32742972827808453,0.33049707602339184,0.3452125558461371
direct_binned,bins1024_auc,logreg_C0p1,61,40,102,ok,,0.45098039215686275,0.37227591935362075,0.3845722904546434,0.37066341124550506
direct_binned,bins1024_auc,xgboost_depth2,61,40,102,ok,,0.39215686274509803,0.3106708849893929,0.31565656565656564,0.3074840634194181
direct_binned,bins1024_auc,svm_C1p0,62,40,102,ok,,0.45098039215686275,0.41299457994579947,0.4161060401171964,0.42189713413969704
direct_binned,bins1024_auc,logreg_C0p1,62,40,102,ok,,0.39215686274509803,0.32669981916817364,0.3446090158551459,0.34274545058297917
direct_binned,bins1024_auc,xgboost_depth2,62,40,102,ok,,0.3431372549019608,0.2847807366189719,0.29894957983193277,0.2827772556390977
direct_binned,bins1024_auc,svm_C1p0,63,40,102,ok,,0.37254901960784315,0.30989641011443336,0.317992040853883,0.30680471559333117
direct_binned,bins1024_auc,logreg_C0p1,63,40,102,ok,,0.43137254901960786,0.3658534671685103,0.3710294117647059,0.3712371962514983
direct_binned,bins1024_auc,xgboost_depth2,63,40,102,ok,,0.43137254901960786,0.36211362890223614,0.37826073581887537,0.35732674076495585
direct_binned,bins1024_auc,svm_C1p0,64,40,102,ok,,0.46078431372549017,0.39116523720182256,0.40022556390977443,0.39401152337365153
direct_binned,bins1024_auc,logreg_C0p1,64,40,102,ok,,0.47058823529411764,0.404336487272884,0.41375342734038384,0.4071694181104937
direct_binned,bins1024_auc,xgboost_depth2,64,40,102,ok,,0.4411764705882353,0.39351255927359663,0.4111938349007314,0.39733504958047294
direct_binned,bins1024_auc,svm_C1p0,65,40,102,ok,,0.27450980392156865,0.24230769230769228,0.25790372422915525,0.23951693091424212
direct_binned,bins1024_auc,logreg_C0p1,65,40,102,ok,,0.4019607843137255,0.36640165388224744,0.4019773363891011,0.3793553176419309
direct_binned,bins1024_auc,xgboost_depth2,65,40,102,ok,,0.3137254901960784,0.28295264586704466,0.3027065527065527,0.2881064754276997
direct_binned,bins1024_auc,svm_C1p0,66,40,102,ok,,0.4411764705882353,0.4102432712215321,0.42894736842105263,0.4167449874686717
direct_binned,bins1024_auc,logreg_C0p1,66,40,102,ok,,0.4019607843137255,0.36446061446061445,0.39036796536796536,0.37066170861937453
direct_binned,bins1024_auc,xgboost_depth2,66,40,102,ok,,0.3137254901960784,0.27573696145124715,0.31875,0.27047578184591914
direct_binned,bins1024_auc,svm_C1p0,67,40,102,ok,,0.49019607843137253,0.39744833970377447,0.4053113553113553,0.4189703198212924
direct_binned,bins1024_auc,logreg_C0p1,67,40,102,ok,,0.46078431372549017,0.3785145573380867,0.39969834087481143,0.3937288874359812
direct_binned,bins1024_auc,xgboost_depth2,67,40,102,ok,,0.4019607843137255,0.3290762591067469,0.371647959883254,0.34571312792851694
direct_binned,bins1024_auc,svm_C1p0,68,40,102,ok,,0.43137254901960786,0.38203852184688425,0.3829861111111111,0.3993799035632559
direct_binned,bins1024_auc,logreg_C0p1,68,40,102,ok,,0.49019607843137253,0.41754260914476043,0.48200481154771446,0.4421788166067342
direct_binned,bins1024_auc,xgboost_depth2,68,40,102,ok,,0.43137254901960786,0.3991027612978833,0.40372164385322273,0.40609335839599
direct_binned,bins1024_auc,svm_C1p0,69,40,102,ok,,0.5196078431372549,0.43426995798319334,0.437900641025641,0.4393167020812902
direct_binned,bins1024_auc,logreg_C0p1,69,40,102,ok,,0.5196078431372549,0.4457705085612062,0.4527568922305764,0.4497895554102648
direct_binned,bins1024_auc,xgboost_depth2,69,40,102,ok,,0.45098039215686275,0.36811340513296265,0.3694890077243018,0.3694494388144274
direct_binned,bins1024_auc,svm_C1p0,70,40,102,ok,,0.37254901960784315,0.3427981864682632,0.3465032679738562,0.349101353928299
direct_binned,bins1024_auc,logreg_C0p1,70,40,102,ok,,0.37254901960784315,0.32553669240975736,0.3385416666666667,0.3366875068105045
direct_binned,bins1024_auc,xgboost_depth2,70,40,102,ok,,0.38235294117647056,0.3188878298369095,0.3191184580413466,0.3239263239620791
direct_binned,bins1024_auc,svm_C1p0,71,40,102,ok,,0.43137254901960786,0.39356540084388186,0.39908008658008653,0.40581072245831973
direct_binned,bins1024_auc,logreg_C0p1,71,40,102,ok,,0.38235294117647056,0.32378485711819044,0.33488612836438925,0.32242971559333117
direct_binned,bins1024_auc,xgboost_depth2,71,40,102,ok,,0.4019607843137255,0.33564917417719936,0.3406756756756757,0.3372629944426283
direct_binned,bins1024_auc,svm_C1p0,72,40,102,ok,,0.46078431372549017,0.35922734428488573,0.35433114035087715,0.36586881606189386
direct_binned,bins1024_auc,logreg_C0p1,72,40,102,ok,,0.4803921568627451,0.4014174849540703,0.41044372294372294,0.40613422142312305
direct_binned,bins1024_auc,xgboost_depth2,72,40,102,ok,,0.45098039215686275,0.38330665024630545,0.42590811269075257,0.38085362863680944
direct_binned,bins1024_auc,svm_C1p0,73,40,102,ok,,0.3627450980392157,0.3127590494611771,0.34619261786600497,0.3125306472703498
direct_binned,bins1024_auc,logreg_C0p1,73,40,102,ok,,0.46078431372549017,0.3790231507622812,0.38439066416040096,0.3773513266862809
direct_binned,bins1024_auc,xgboost_depth2,73,40,102,ok,,0.3627450980392157,0.2871359769926569,0.3052036411411411,0.28742031709709054
direct_binned,bins1024_auc,svm_C1p0,74,40,102,ok,,0.4117647058823529,0.3560773104668572,0.3845693779904306,0.37674519178380733
direct_binned,bins1024_auc,logreg_C0p1,74,40,102,ok,,0.4117647058823529,0.34662955546597174,0.3533424908424908,0.3690612400566634
direct_binned,bins1024_auc,xgboost_depth2,74,40,102,ok,,0.38235294117647056,0.33145167484063504,0.34359364435429346,0.3351261986487959
direct_binned,bins1024_auc,svm_C1p0,75,40,102,ok,,0.4117647058823529,0.28243022822145436,0.2857843137254902,0.2912205786204642
direct_binned,bins1024_auc,logreg_C0p1,75,40,102,ok,,0.43137254901960786,0.3443810730163703,0.34746007960293673,0.34438678217282337
direct_binned,bins1024_auc,xgboost_depth2,75,40,102,ok,,0.4215686274509804,0.3547495808121309,0.3563396328839065,0.3571479650212488
direct_binned,bins1024_auc,svm_C1p0,76,40,102,ok,,0.39215686274509803,0.31948328526401615,0.333981507622812,0.3201413860738804
direct_binned,bins1024_auc,logreg_C0p1,76,40,102,ok,,0.43137254901960786,0.3399375374347566,0.35266202568879307,0.34463025770949113
direct_binned,bins1024_auc,xgboost_depth2,76,40,102,ok,,0.3333333333333333,0.321474358974359,0.3346109535625664,0.3375524408848207
direct_binned,bins1024_auc,svm_C1p0,77,40,102,ok,,0.38235294117647056,0.3413162752243212,0.3643607893607894,0.3366228070175438
direct_binned,bins1024_auc,logreg_C0p1,77,40,102,ok,,0.3333333333333333,0.3160431522500488,0.3374875451488355,0.3131691320693037
direct_binned,bins1024_auc,xgboost_depth2,77,40,102,ok,,0.23529411764705882,0.21069286714448004,0.22611254867800779,0.21927440884820748
direct_binned,bins1024_auc,svm_C1p0,78,40,102,ok,,0.39215686274509803,0.34330525878096313,0.3578887510339123,0.3562115206494497
direct_binned,bins1024_auc,logreg_C0p1,78,40,102,ok,,0.4019607843137255,0.3795411605937922,0.4120286348054043,0.38331903127383676
direct_binned,bins1024_auc,xgboost_depth2,78,40,102,ok,,0.3431372549019608,0.32098219737138084,0.35477214601255525,0.3427045875558461
direct_binned,bins1024_auc,svm_C1p0,79,40,102,ok,,0.39215686274509803,0.3003288095605583,0.32868757259001163,0.3374894437179906
direct_binned,bins1024_auc,logreg_C0p1,79,40,102,ok,,0.39215686274509803,0.30420270973266367,0.32756132756132755,0.310921665576986
direct_binned,bins1024_auc,xgboost_depth2,79,40,102,ok,,0.4411764705882353,0.3715793569726154,0.38467607973421925,0.37541884602811376
direct_binned,bins1024_auc,svm_C1p0,80,40,102,ok,,0.46078431372549017,0.3348390127469402,0.32972295903330384,0.3519583605753514
direct_binned,bins1024_auc,logreg_C0p1,80,40,102,ok,,0.5196078431372549,0.39408508158508154,0.4110455974842767,0.39479643401983217
direct_binned,bins1024_auc,xgboost_depth2,80,40,102,ok,,0.4411764705882353,0.39585616903705045,0.3969890943575154,0.40255189604445896
direct_binned,bins1024_auc,svm_C1p0,81,40,102,ok,,0.3627450980392157,0.313727745123094,0.3298611111111111,0.3167769968399259
direct_binned,bins1024_auc,logreg_C0p1,81,40,102,ok,,0.45098039215686275,0.4177292804425441,0.4231432335780162,0.4284062738367658
direct_binned,bins1024_auc,xgboost_depth2,81,40,102,ok,,0.4215686274509804,0.3454115188395107,0.35294459247113485,0.3469185872289419
direct_binned,bins1024_auc,svm_C1p0,82,40,102,ok,,0.4215686274509804,0.36691351201989497,0.40757432005060085,0.3990836466165414
direct_binned,bins1024_auc,logreg_C0p1,82,40,102,ok,,0.39215686274509803,0.33649891774891777,0.3462447478991597,0.3460213032581454
direct_binned,bins1024_auc,xgboost_depth2,82,40,102,ok,,0.37254901960784315,0.3023399014778325,0.31543522267206475,0.3080186880244088
direct_binned,bins1024_auc,svm_C1p0,83,40,102,ok,,0.4803921568627451,0.4179956222639149,0.43714646464646467,0.4060950610221205
direct_binned,bins1024_auc,logreg_C0p1,83,40,102,ok,,0.47058823529411764,0.3867931865909622,0.39379629629629626,0.39103533289746106
direct_binned,bins1024_auc,xgboost_depth2,83,40,102,ok,,0.3235294117647059,0.25035714285714283,0.28739495798319326,0.2398404298790454
direct_binned,bins1024_auc,svm_C1p0,84,40,102,ok,,0.4803921568627451,0.40245318848260025,0.40476190476190477,0.40213134739021467
direct_binned,bins1024_auc,logreg_C0p1,84,40,102,ok,,0.5588235294117647,0.4771190146190146,0.47682748538011693,0.4804657704042715
direct_binned,bins1024_auc,xgboost_depth2,84,40,102,ok,,0.4803921568627451,0.3893658424908425,0.3959401709401709,0.3959048436308162
direct_binned,bins1024_auc,svm_C1p0,85,40,102,ok,,0.3627450980392157,0.33576360121513393,0.3646267712550607,0.35236018034215977
direct_binned,bins1024_auc,logreg_C0p1,85,40,102,ok,,0.4019607843137255,0.38060485063590654,0.4188024408848207,0.40248549362536773
direct_binned,bins1024_auc,xgboost_depth2,85,40,102,ok,,0.4117647058823529,0.3904517148955976,0.4381120250685468,0.4141076195924594
direct_binned,bins1024_auc,svm_C1p0,86,40,102,ok,,0.43137254901960786,0.3253867427188661,0.31542980828695116,0.34406498583415057
direct_binned,bins1024_auc,logreg_C0p1,86,40,102,ok,,0.5392156862745098,0.45740127882985016,0.4778485403485403,0.44768000163452104
direct_binned,bins1024_auc,xgboost_depth2,86,40,102,ok,,0.4411764705882353,0.34761574074074075,0.3592495467495468,0.3473152991173586
direct_binned,bins1024_auc,svm_C1p0,87,40,102,ok,,0.4019607843137255,0.3436761596816316,0.34357860276977925,0.34878466546801784
direct_binned,bins1024_auc,logreg_C0p1,87,40,102,ok,,0.4803921568627451,0.3557790720399542,0.3619819010776457,0.3830432058406887
direct_binned,bins1024_auc,xgboost_depth2,87,40,102,ok,,0.4117647058823529,0.313365304159954,0.32316433566433567,0.3181101531001417
direct_binned,bins1024_auc,svm_C1p0,88,40,102,ok,,0.47058823529411764,0.35573463067888395,0.3568181818181818,0.36608675220660347
direct_binned,bins1024_auc,logreg_C0p1,88,40,102,ok,,0.49019607843137253,0.399863979147687,0.41372193697775095,0.40162226217718205
direct_binned,bins1024_auc,xgboost_depth2,88,40,102,ok,,0.3333333333333333,0.2805747126436781,0.30187626774847875,0.29893688024408843
direct_binned,bins1024_auc,svm_C1p0,89,40,102,ok,,0.43137254901960786,0.3626248384648938,0.360978835978836,0.3930750790018524
direct_binned,bins1024_auc,logreg_C0p1,89,40,102,ok,,0.4411764705882353,0.38591478696741854,0.4097689075630252,0.3920790427154843
direct_binned,bins1024_auc,xgboost_depth2,89,40,102,ok,,0.38235294117647056,0.32109330074755604,0.3382047782327419,0.3261107932875667
direct_binned,bins1024_auc,svm_C1p0,90,40,102,ok,,0.49019607843137253,0.3913314840499307,0.41774488304093566,0.39737591260760596
direct_binned,bins1024_auc,logreg_C0p1,90,40,102,ok,,0.5098039215686274,0.4478044895179727,0.465105746545332,0.4545449901928734
direct_binned,bins1024_auc,xgboost_depth2,90,40,102,ok,,0.45098039215686275,0.40164247517188695,0.40773809523809523,0.4204005257709491
direct_binned,bins1024_auc,svm_C1p0,91,40,102,ok,,0.45098039215686275,0.38867997141129257,0.42045454545454547,0.3836425302386401
direct_binned,bins1024_auc,logreg_C0p1,91,40,102,ok,,0.5,0.41316833751044274,0.41512059369202226,0.41607245014710686
direct_binned,bins1024_auc,xgboost_depth2,91,40,102,ok,,0.4019607843137255,0.33677920505147313,0.3546875,0.3496768415604228
direct_binned,bins1024_auc,svm_C1p0,92,40,102,ok,,0.47058823529411764,0.35653409090909094,0.3528711484593837,0.36236651411136533
direct_binned,bins1024_auc,logreg_C0p1,92,40,102,ok,,0.5,0.39651798162436463,0.40314474173169823,0.4119912553121935
direct_binned,bins1024_auc,xgboost_depth2,92,40,102,ok,,0.47058823529411764,0.3746527777777778,0.3979638752052545,0.3877203198212924
direct_binned,bins1024_auc,svm_C1p0,93,40,102,ok,,0.4019607843137255,0.3526787482669836,0.36607142857142855,0.3564294567941593
direct_binned,bins1024_auc,logreg_C0p1,93,40,102,ok,,0.37254901960784315,0.3192440545658968,0.3315343732801038,0.3321193609022556
direct_binned,bins1024_auc,xgboost_depth2,93,40,102,ok,,0.3627450980392157,0.30408376270745613,0.31132092988710636,0.325187969924812
direct_binned,bins1024_auc,svm_C1p0,94,40,102,ok,,0.37254901960784315,0.3089001482345508,0.3119887138312377,0.30931098125749157
direct_binned,bins1024_auc,logreg_C0p1,94,40,102,ok,,0.47058823529411764,0.4177280095272752,0.41948529411764707,0.4250827476299444
direct_binned,bins1024_auc,xgboost_depth2,94,40,102,ok,,0.38235294117647056,0.3175825930701817,0.33063745511150844,0.32736392611964693
direct_binned,bins1024_auc,svm_C1p0,95,40,102,ok,,0.46078431372549017,0.35797985997454085,0.3588235294117647,0.36493747956848643
direct_binned,bins1024_auc,logreg_C0p1,95,40,102,ok,,0.4117647058823529,0.29810094952523736,0.2946868349042262,0.3145942301405688
direct_binned,bins1024_auc,xgboost_depth2,95,40,102,ok,,0.45098039215686275,0.3806867048569923,0.38206261701685046,0.3796004958047292
direct_binned,bins1024_auc,svm_C1p0,96,40,102,ok,,0.43137254901960786,0.37918085204269414,0.39972446236559145,0.38324581835022337
direct_binned,bins1024_auc,logreg_C0p1,96,40,102,ok,,0.5490196078431373,0.4835821437652101,0.48959189417393745,0.48797094638770844
direct_binned,bins1024_auc,xgboost_depth2,96,40,102,ok,,0.4019607843137255,0.3502864477084183,0.3852549889135255,0.3891845782935599
direct_binned,bins1024_auc,svm_C1p0,97,40,102,ok,,0.38235294117647056,0.34111305361305355,0.3547268907563025,0.3443067587446878
direct_binned,bins1024_auc,logreg_C0p1,97,40,102,ok,,0.4215686274509804,0.3748414092616991,0.38210084033613445,0.3775283998038575
direct_binned,bins1024_auc,xgboost_depth2,97,40,102,ok,,0.39215686274509803,0.34909827760891593,0.36835399375374345,0.367372234935164
direct_binned,bins1024_auc,svm_C1p0,98,40,102,ok,,0.5294117647058824,0.4581610518943746,0.4641198234050491,0.45672094638770844
direct_binned,bins1024_auc,logreg_C0p1,98,40,102,ok,,0.5196078431372549,0.4705983775781389,0.5084443665264142,0.4741728642257818
direct_binned,bins1024_auc,xgboost_depth2,98,40,102,ok,,0.4215686274509804,0.3525315547905909,0.39382803856488063,0.3596542306854092
direct_binned,bins1024_auc,svm_C1p0,99,40,102,ok,,0.4411764705882353,0.35303537042667477,0.3567546583850931,0.36126491500490354
direct_binned,bins1024_auc,logreg_C0p1,99,40,102,ok,,0.45098039215686275,0.37118272841051314,0.3873011239235148,0.3756367821728233
direct_binned,bins1024_auc,xgboost_depth2,99,40,102,ok,,0.4117647058823529,0.3621923463419024,0.3915374933757287,0.36930471559333117
direct_binned,bins1024_auc,svm_C1p0,100,40,102,ok,,0.4117647058823529,0.3729366019737829,0.39079060678325384,0.40112850059932437
direct_binned,bins1024_auc,logreg_C0p1,100,40,102,ok,,0.4215686274509804,0.37996570662293516,0.38687034821903243,0.4078164160401002
direct_binned,bins1024_auc,xgboost_depth2,100,40,102,ok,,0.28431372549019607,0.26986945721684896,0.30131836381836385,0.2959028004794595
direct_binned,bins2048_auc,svm_C1p0,1,40,102,ok,,0.4215686274509804,0.3691398091192893,0.37100037643515904,0.37599263103410696
direct_binned,bins2048_auc,logreg_C0p1,1,40,102,ok,,0.4803921568627451,0.4079028148102482,0.4091614906832298,0.42125864934074314
direct_binned,bins2048_auc,xgboost_depth2,1,40,102,ok,,0.35294117647058826,0.3376315789473684,0.34251361161524496,0.354609349460608
direct_binned,bins2048_auc,svm_C1p0,2,40,102,ok,,0.5,0.421339868515217,0.43436926304746915,0.4411044595183611
direct_binned,bins2048_auc,logreg_C0p1,2,40,102,ok,,0.46078431372549017,0.391469789076172,0.3957596196373286,0.39805355780756235
direct_binned,bins2048_auc,xgboost_depth2,2,40,102,ok,,0.4019607843137255,0.3487737341772152,0.3601586990595611,0.3540015119320039
direct_binned,bins2048_auc,svm_C1p0,3,40,102,ok,,0.4117647058823529,0.3464620965846834,0.3593506493506493,0.35660823253786633
direct_binned,bins2048_auc,logreg_C0p1,3,40,102,ok,,0.4215686274509804,0.36026143790849674,0.3816937119675456,0.3848905551923286
direct_binned,bins2048_auc,xgboost_depth2,3,40,102,ok,,0.35294117647058826,0.30159329140461216,0.33060572048508424,0.31352668355671787
direct_binned,bins2048_auc,svm_C1p0,4,40,102,ok,,0.4117647058823529,0.3025311573904924,0.2982720178372352,0.3177883567614689
direct_binned,bins2048_auc,logreg_C0p1,4,40,102,ok,,0.37254901960784315,0.2813497492020064,0.2887591575091575,0.2821387708401438
direct_binned,bins2048_auc,xgboost_depth2,4,40,102,ok,,0.4215686274509804,0.3463203463203463,0.3532076719576719,0.35532956031382806
direct_binned,bins2048_auc,svm_C1p0,5,40,102,ok,,0.45098039215686275,0.38706777731167974,0.4051388888888889,0.386109635501798
direct_binned,bins2048_auc,logreg_C0p1,5,40,102,ok,,0.4803921568627451,0.40191952750092286,0.41105072463768116,0.40613422142312305
direct_binned,bins2048_auc,xgboost_depth2,5,40,102,ok,,0.38235294117647056,0.32424721902570003,0.3390410409768378,0.3239654843630816
direct_binned,bins2048_auc,svm_C1p0,6,40,102,ok,,0.5392156862745098,0.44435468793184735,0.4614320462146549,0.4477191620355236
direct_binned,bins2048_auc,logreg_C0p1,6,40,102,ok,,0.5490196078431373,0.43722144728336676,0.4532842384475778,0.43770772038792627
direct_binned,bins2048_auc,xgboost_depth2,6,40,102,ok,,0.39215686274509803,0.3618502956738251,0.38270577629845365,0.3547540726817043
direct_binned,bins2048_auc,svm_C1p0,7,40,102,ok,,0.3333333333333333,0.2732408979437842,0.27498006379585327,0.27212562656641603
direct_binned,bins2048_auc,logreg_C0p1,7,40,102,ok,,0.4019607843137255,0.3546650466050679,0.3637017222543539,0.35371887599433366
direct_binned,bins2048_auc,xgboost_depth2,7,40,102,ok,,0.30392156862745096,0.26187859608745684,0.30541125541125536,0.2699752097635393
direct_binned,bins2048_auc,svm_C1p0,8,40,102,ok,,0.43137254901960786,0.3420178791460256,0.34022748687575716,0.34563991500490354
direct_binned,bins2048_auc,logreg_C0p1,8,40,102,ok,,0.4411764705882353,0.3198962574189434,0.31923592367671316,0.32543825596600195
direct_binned,bins2048_auc,xgboost_depth2,8,40,102,ok,,0.4019607843137255,0.3261510890543149,0.33664467253176933,0.325576168682576
direct_binned,bins2048_auc,svm_C1p0,9,40,102,ok,,0.4019607843137255,0.37202380952380953,0.40715245402745404,0.38453300370491444
direct_binned,bins2048_auc,logreg_C0p1,9,40,102,ok,,0.46078431372549017,0.4295638571954361,0.44221967963386727,0.44031103574152775
direct_binned,bins2048_auc,xgboost_depth2,9,40,102,ok,,0.4019607843137255,0.32962483088639527,0.35218253968253965,0.36108103138280484
direct_binned,bins2048_auc,svm_C1p0,10,40,102,ok,,0.35294117647058826,0.33594971895222014,0.34085895742941585,0.3521422441974501
direct_binned,bins2048_auc,logreg_C0p1,10,40,102,ok,,0.35294117647058826,0.31340852130325814,0.314023695602643,0.318821850822709
direct_binned,bins2048_auc,xgboost_depth2,10,40,102,ok,,0.23529411764705882,0.21664333976833977,0.23555421901452375,0.22052754168028765
direct_binned,bins2048_auc,svm_C1p0,11,40,102,ok,,0.4117647058823529,0.33872041074159376,0.34205128205128205,0.35013825324180015
direct_binned,bins2048_auc,logreg_C0p1,11,40,102,ok,,0.4803921568627451,0.415649453549677,0.43695887445887444,0.43791884602811376
direct_binned,bins2048_auc,xgboost_depth2,11,40,102,ok,,0.43137254901960786,0.3648735292045374,0.3756950074874704,0.3737043015146562
direct_binned,bins2048_auc,svm_C1p0,12,40,102,ok,,0.4117647058823529,0.38267963511841385,0.3982456140350877,0.3979343739784243
direct_binned,bins2048_auc,logreg_C0p1,12,40,102,ok,,0.4019607843137255,0.3571833347789632,0.37930194805194806,0.36564917729105373
direct_binned,bins2048_auc,xgboost_depth2,12,40,102,ok,,0.37254901960784315,0.31878747746753483,0.31743311036789296,0.3281556472703498
direct_binned,bins2048_auc,svm_C1p0,13,40,102,ok,,0.38235294117647056,0.30041114021007576,0.3045661721662749,0.2992995396098943
direct_binned,bins2048_auc,logreg_C0p1,13,40,102,ok,,0.47058823529411764,0.41001545763450525,0.42470238095238094,0.4176814318404707
direct_binned,bins2048_auc,xgboost_depth2,13,40,102,ok,,0.39215686274509803,0.3467723796671165,0.36417657045840407,0.3457778277214776
direct_binned,bins2048_auc,svm_C1p0,14,40,102,ok,,0.43137254901960786,0.36479900015714617,0.365372219413549,0.36501069249209983
direct_binned,bins2048_auc,logreg_C0p1,14,40,102,ok,,0.43137254901960786,0.35718954248366014,0.36139226270805214,0.35983300642911625
direct_binned,bins2048_auc,xgboost_depth2,14,40,102,ok,,0.38235294117647056,0.30546855105678633,0.3128205128205128,0.31446312792851694
direct_binned,bins2048_auc,svm_C1p0,15,40,102,ok,,0.38235294117647056,0.3229241391678623,0.33751671122994653,0.31996261033017326
direct_binned,bins2048_auc,logreg_C0p1,15,40,102,ok,,0.43137254901960786,0.37187839649492294,0.38994391025641023,0.37026669935708834
direct_binned,bins2048_auc,xgboost_depth2,15,40,102,ok,,0.38235294117647056,0.31424533511794484,0.3334797386521524,0.3171737087283426
direct_binned,bins2048_auc,svm_C1p0,16,40,102,ok,,0.4803921568627451,0.3789725714592736,0.37648809523809523,0.3847441293451019
direct_binned,bins2048_auc,logreg_C0p1,16,40,102,ok,,0.5,0.43317342156051836,0.4528556034482759,0.4530347608150812
direct_binned,bins2048_auc,xgboost_depth2,16,40,102,ok,,0.38235294117647056,0.3427248902601015,0.3854589371980677,0.3567206058624823
direct_binned,bins2048_auc,svm_C1p0,17,40,102,ok,,0.4411764705882353,0.3908001915219237,0.396896373725642,0.4047755257709491
direct_binned,bins2048_auc,logreg_C0p1,17,40,102,ok,,0.49019607843137253,0.42857824379563514,0.4302003410059676,0.43219291435109514
direct_binned,bins2048_auc,xgboost_depth2,17,40,102,ok,,0.3627450980392157,0.3006873927760004,0.3125,0.32915168355671787
direct_binned,bins2048_auc,svm_C1p0,18,40,102,ok,,0.39215686274509803,0.3219790701266605,0.32977050326188256,0.3216771548436308
direct_binned,bins2048_auc,logreg_C0p1,18,40,102,ok,,0.4019607843137255,0.353590432537801,0.3776695526695527,0.3539623515310014
direct_binned,bins2048_auc,xgboost_depth2,18,40,102,ok,,0.3431372549019608,0.29916671229545044,0.3175691244239631,0.29822347989539066
direct_binned,bins2048_auc,svm_C1p0,19,40,102,ok,,0.47058823529411764,0.3876624533801759,0.39118173493173497,0.38804211615996514
direct_binned,bins2048_auc,logreg_C0p1,19,40,102,ok,,0.4803921568627451,0.37975701033101417,0.3846210674668121,0.3804977797755258
direct_binned,bins2048_auc,xgboost_depth2,19,40,102,ok,,0.47058823529411764,0.3436792986425339,0.3403439153439153,0.36111338127928516
direct_binned,bins2048_auc,svm_C1p0,20,40,102,ok,,0.5490196078431373,0.45190092165898615,0.45658294672852345,0.45343658058188946
direct_binned,bins2048_auc,logreg_C0p1,20,40,102,ok,,0.5588235294117647,0.440556945052019,0.4424793956043956,0.4449609077040427
direct_binned,bins2048_auc,xgboost_depth2,20,40,102,ok,,0.47058823529411764,0.39267676767676774,0.39503042596348886,0.397222676255857
direct_binned,bins2048_auc,svm_C1p0,21,40,102,ok,,0.3333333333333333,0.29508424563804314,0.3085227272727273,0.2967915713196033
direct_binned,bins2048_auc,logreg_C0p1,21,40,102,ok,,0.24509803921568626,0.23333538033243267,0.25546747303040207,0.24140854854527624
direct_binned,bins2048_auc,xgboost_depth2,21,40,102,ok,,0.24509803921568626,0.22591979494256534,0.27237897008942336,0.23736651411136536
direct_binned,bins2048_auc,svm_C1p0,22,40,102,ok,,0.3627450980392157,0.28951149425287354,0.2929343804273956,0.28996574316225343
direct_binned,bins2048_auc,logreg_C0p1,22,40,102,ok,,0.5196078431372549,0.47912548887674,0.4970818020017105,0.48339258472267627
direct_binned,bins2048_auc,xgboost_depth2,22,40,102,ok,,0.43137254901960786,0.370841447196127,0.38908730158730165,0.41345551378446116
direct_binned,bins2048_auc,svm_C1p0,23,40,102,ok,,0.43137254901960786,0.3405257936507936,0.34692390942390944,0.34188051650866297
direct_binned,bins2048_auc,logreg_C0p1,23,40,102,ok,,0.4215686274509804,0.3602215719063545,0.3763071895424836,0.36826951890596055
direct_binned,bins2048_auc,xgboost_depth2,23,40,102,ok,,0.38235294117647056,0.29629321197948644,0.30952380952380953,0.3129273591587665
direct_binned,bins2048_auc,svm_C1p0,24,40,102,ok,,0.38235294117647056,0.30328374593080476,0.31387362637362637,0.3042337501362101
direct_binned,bins2048_auc,logreg_C0p1,24,40,102,ok,,0.43137254901960786,0.34833505009258237,0.3638888888888889,0.3721685327449058
direct_binned,bins2048_auc,xgboost_depth2,24,40,102,ok,,0.4019607843137255,0.3535004138452414,0.3982142857142857,0.38150062656641603
direct_binned,bins2048_auc,svm_C1p0,25,40,102,ok,,0.38235294117647056,0.33278903807653515,0.3710897435897436,0.3587433257055682
direct_binned,bins2048_auc,logreg_C0p1,25,40,102,ok,,0.4117647058823529,0.3718925786148499,0.39639792231255644,0.3917470306200283
direct_binned,bins2048_auc,xgboost_depth2,25,40,102,ok,,0.38235294117647056,0.3417059131344845,0.3598901098901099,0.34309278631361007
direct_binned,bins2048_auc,svm_C1p0,26,40,102,ok,,0.5,0.4477477477477478,0.4535123553205975,0.44935368312084567
direct_binned,bins2048_auc,logreg_C0p1,26,40,102,ok,,0.47058823529411764,0.40028432502955624,0.4033810229518164,0.40098207475209763
direct_binned,bins2048_auc,xgboost_depth2,26,40,102,ok,,0.45098039215686275,0.38902128703918987,0.39249999999999996,0.391326481965784
direct_binned,bins2048_auc,svm_C1p0,27,40,102,ok,,0.46078431372549017,0.36847177089112576,0.37508548632218847,0.36716110929497653
direct_binned,bins2048_auc,logreg_C0p1,27,40,102,ok,,0.47058823529411764,0.4095643939393939,0.419709564860427,0.4124254249754822
direct_binned,bins2048_auc,xgboost_depth2,27,40,102,ok,,0.4117647058823529,0.35507258519881246,0.3754954064186544,0.35567689604445896
direct_binned,bins2048_auc,svm_C1p0,28,40,102,ok,,0.38235294117647056,0.34787545787545787,0.37900318072731864,0.3570424022011551
direct_binned,bins2048_auc,logreg_C0p1,28,40,102,ok,,0.39215686274509803,0.37076508826715954,0.39985094850948505,0.3958367385855944
direct_binned,bins2048_auc,xgboost_depth2,28,40,102,ok,,0.39215686274509803,0.35755983952128384,0.38104204476709014,0.35997091914569035
direct_binned,bins2048_auc,svm_C1p0,29,40,102,ok,,0.4117647058823529,0.368570987245686,0.3681663029489117,0.3794949329846355
direct_binned,bins2048_auc,logreg_C0p1,29,40,102,ok,,0.4803921568627451,0.4388383045757866,0.43730256230256226,0.4496448321891685
direct_binned,bins2048_auc,xgboost_depth2,29,40,102,ok,,0.49019607843137253,0.43170159630117105,0.4489221364221364,0.4325147106897679
direct_binned,bins2048_auc,svm_C1p0,30,40,102,ok,,0.4803921568627451,0.3647082025689836,0.3668701442841288,0.36658732428898333
direct_binned,bins2048_auc,logreg_C0p1,30,40,102,ok,,0.5,0.36602564102564106,0.3762931034482758,0.37126954614797864
direct_binned,bins2048_auc,xgboost_depth2,30,40,102,ok,,0.47058823529411764,0.360339271065276,0.40305451127819547,0.35589653481529904
direct_binned,bins2048_auc,svm_C1p0,31,40,102,ok,,0.4215686274509804,0.37017652081481867,0.3892614738202973,0.40652412280701755
direct_binned,bins2048_auc,logreg_C0p1,31,40,102,ok,,0.47058823529411764,0.44347504995800635,0.4617941317941318,0.46984649122807015
direct_binned,bins2048_auc,xgboost_depth2,31,40,102,ok,,0.39215686274509803,0.3485294671715337,0.3833841039723393,0.37606584395772036
direct_binned,bins2048_auc,svm_C1p0,32,40,102,ok,,0.3137254901960784,0.2577073382544507,0.27040769687828514,0.27140711833932657
direct_binned,bins2048_auc,logreg_C0p1,32,40,102,ok,,0.39215686274509803,0.3467489956851659,0.39621489621489614,0.3556854091751117
direct_binned,bins2048_auc,xgboost_depth2,32,40,102,ok,,0.38235294117647056,0.322361673414305,0.34353231424148606,0.3335904298790454
direct_binned,bins2048_auc,svm_C1p0,33,40,102,ok,,0.46078431372549017,0.3660589468779124,0.3742084896810507,0.3847526424757546
direct_binned,bins2048_auc,logreg_C0p1,33,40,102,ok,,0.49019607843137253,0.3785589941972921,0.3874557536899753,0.4025535986705895
direct_binned,bins2048_auc,xgboost_depth2,33,40,102,ok,,0.43137254901960786,0.31105590062111804,0.304165144318597,0.3465320910973085
direct_binned,bins2048_auc,svm_C1p0,34,40,102,ok,,0.5196078431372549,0.3600705329153605,0.33964342948717946,0.3930563501144165
direct_binned,bins2048_auc,logreg_C0p1,34,40,102,ok,,0.5294117647058824,0.3832867132867133,0.40479910714285716,0.40742821728233625
direct_binned,bins2048_auc,xgboost_depth2,34,40,102,ok,,0.43137254901960786,0.2997550694919116,0.29702246643528063,0.3197208374196361
direct_binned,bins2048_auc,svm_C1p0,35,40,102,ok,,0.2647058823529412,0.2379572245243887,0.28496013790131436,0.23683188950637463
direct_binned,bins2048_auc,logreg_C0p1,35,40,102,ok,,0.3431372549019608,0.3200690032110405,0.34689685314685315,0.3340109785332897
direct_binned,bins2048_auc,xgboost_depth2,35,40,102,ok,,0.43137254901960786,0.39296509832922877,0.4039015151515151,0.4008373515310014
direct_binned,bins2048_auc,svm_C1p0,36,40,102,ok,,0.4411764705882353,0.3863284049898094,0.39215686274509803,0.39583844121172496
direct_binned,bins2048_auc,logreg_C0p1,36,40,102,ok,,0.4019607843137255,0.34108000505561176,0.34970151072124755,0.33701951890596055
direct_binned,bins2048_auc,xgboost_depth2,36,40,102,ok,,0.30392156862745096,0.2557256399559278,0.27114832007073386,0.2607554892666448
direct_binned,bins2048_auc,svm_C1p0,37,40,102,ok,,0.5,0.40981627462729014,0.41651515151515145,0.41971436744034
direct_binned,bins2048_auc,logreg_C0p1,37,40,102,ok,,0.5882352941176471,0.5286940357538364,0.5580792258423837,0.5507144219243761
direct_binned,bins2048_auc,xgboost_depth2,37,40,102,ok,,0.37254901960784315,0.3186104481668609,0.34652777777777777,0.3289643946823581
direct_binned,bins2048_auc,svm_C1p0,38,40,102,ok,,0.39215686274509803,0.3452995832479333,0.34464701964701966,0.3507511986487959
direct_binned,bins2048_auc,logreg_C0p1,38,40,102,ok,,0.3431372549019608,0.28961251167133517,0.3078778677462888,0.2905395281682467
direct_binned,bins2048_auc,xgboost_depth2,38,40,102,ok,,0.29411764705882354,0.2824364743607017,0.30571219715956555,0.28002581181213904
direct_binned,bins2048_auc,svm_C1p0,39,40,102,ok,,0.43137254901960786,0.29900353338925745,0.278125,0.3306806418219462
direct_binned,bins2048_auc,logreg_C0p1,39,40,102,ok,,0.39215686274509803,0.2811594202898551,0.2804530507855316,0.28310075460390105
direct_binned,bins2048_auc,xgboost_depth2,39,40,102,ok,,0.4411764705882353,0.3304905437352246,0.33333333333333337,0.34852927154843627
direct_binned,bins2048_auc,svm_C1p0,40,40,102,ok,,0.4215686274509804,0.36910575076667335,0.37814171122994655,0.3899030865206494
direct_binned,bins2048_auc,logreg_C0p1,40,40,102,ok,,0.46078431372549017,0.38974735652225645,0.4222744360902256,0.4001988667320475
direct_binned,bins2048_auc,xgboost_depth2,40,40,102,ok,,0.3627450980392157,0.317003367003367,0.3392494000252621,0.3508635719734118
direct_binned,bins2048_auc,svm_C1p0,41,40,102,ok,,0.5392156862745098,0.4415608790608791,0.4562132835717741,0.4427066307072028
direct_binned,bins2048_auc,logreg_C0p1,41,40,102,ok,,0.5490196078431373,0.4372730315454774,0.440016006402561,0.44167143401983217
direct_binned,bins2048_auc,xgboost_depth2,41,40,102,ok,,0.39215686274509803,0.31879509379509385,0.3311619566156771,0.31888825324180015
direct_binned,bins2048_auc,svm_C1p0,42,40,102,ok,,0.35294117647058826,0.2896255861773103,0.2896564817296524,0.29815878010242997
direct_binned,bins2048_auc,logreg_C0p1,42,40,102,ok,,0.3333333333333333,0.2719886702444842,0.27499999999999997,0.2733787593984962
direct_binned,bins2048_auc,xgboost_depth2,42,40,102,ok,,0.3431372549019608,0.30304240617688544,0.3153371512746513,0.30566395608586683
direct_binned,bins2048_auc,svm_C1p0,43,40,102,ok,,0.24509803921568626,0.23941412762507838,0.28863916256157635,0.25406587119973845
direct_binned,bins2048_auc,logreg_C0p1,43,40,102,ok,,0.3333333333333333,0.3136181504110765,0.36248196248196246,0.3196782717663724
direct_binned,bins2048_auc,xgboost_depth2,43,40,102,ok,,0.3235294117647059,0.2688145188145188,0.2948782809056301,0.2602208646616541
direct_binned,bins2048_auc,svm_C1p0,44,40,102,ok,,0.5588235294117647,0.4572063046817605,0.48090788952028546,0.4603679715593331
direct_binned,bins2048_auc,logreg_C0p1,44,40,102,ok,,0.5,0.43517823204932093,0.4466783216783217,0.43794949329846355
direct_binned,bins2048_auc,xgboost_depth2,44,40,102,ok,,0.4411764705882353,0.3684836836016581,0.37569444444444444,0.37076727143946825
direct_binned,bins2048_auc,svm_C1p0,45,40,102,ok,,0.3333333333333333,0.29786451977195316,0.31671816421538335,0.29525580254985284
direct_binned,bins2048_auc,logreg_C0p1,45,40,102,ok,,0.3431372549019608,0.31874827633756203,0.3424107142857143,0.3198570475100796
direct_binned,bins2048_auc,xgboost_depth2,45,40,102,ok,,0.3431372549019608,0.32645922980225306,0.33915793726513366,0.338984349460608
direct_binned,bins2048_auc,svm_C1p0,46,40,102,ok,,0.43137254901960786,0.37252464304510335,0.3918634478881158,0.403100141658494
direct_binned,bins2048_auc,logreg_C0p1,46,40,102,ok,,0.43137254901960786,0.3637060257749913,0.38779288240495136,0.40928748501689005
direct_binned,bins2048_auc,xgboost_depth2,46,40,102,ok,,0.37254901960784315,0.3421536796536796,0.40469107551487415,0.37417252370055576
direct_binned,bins2048_auc,svm_C1p0,47,40,102,ok,,0.4215686274509804,0.36804455706894734,0.3877543424317618,0.3723115533398714
direct_binned,bins2048_auc,logreg_C0p1,47,40,102,ok,,0.4215686274509804,0.40819853024821967,0.4310372095698183,0.4312683883622098
direct_binned,bins2048_auc,xgboost_depth2,47,40,102,ok,,0.3431372549019608,0.30046583850931674,0.31799627791563273,0.2991939767898006
direct_binned,bins2048_auc,svm_C1p0,48,40,102,ok,,0.46078431372549017,0.3632904938348487,0.36904153027823244,0.3720953198212924
direct_binned,bins2048_auc,logreg_C0p1,48,40,102,ok,,0.46078431372549017,0.38824082264484744,0.39846912955465585,0.41410932221859
direct_binned,bins2048_auc,xgboost_depth2,48,40,102,ok,,0.4215686274509804,0.3385797562268151,0.3452724358974359,0.357796665576986
direct_binned,bins2048_auc,svm_C1p0,49,40,102,ok,,0.37254901960784315,0.3458885941644562,0.367948717948718,0.35185109512912716
direct_binned,bins2048_auc,logreg_C0p1,49,40,102,ok,,0.37254901960784315,0.3053214789457836,0.31580086580086575,0.3148104636591479
direct_binned,bins2048_auc,xgboost_depth2,49,40,102,ok,,0.35294117647058826,0.32456709956709956,0.3456447963800905,0.32925554375068106
direct_binned,bins2048_auc,svm_C1p0,50,40,102,ok,,0.49019607843137253,0.39181970431970436,0.39459325396825395,0.3936556745123679
direct_binned,bins2048_auc,logreg_C0p1,50,40,102,ok,,0.5294117647058824,0.42675711969190233,0.4305454065684245,0.4246145254440449
direct_binned,bins2048_auc,xgboost_depth2,50,40,102,ok,,0.5,0.3857164051778495,0.38405816872203424,0.39011421216083686
direct_binned,bins2048_auc,svm_C1p0,51,40,102,ok,,0.4215686274509804,0.37104835953520166,0.38505729564553093,0.3688347907813011
direct_binned,bins2048_auc,logreg_C0p1,51,40,102,ok,,0.5294117647058824,0.4772906022906023,0.4862571003875351,0.48729159856162146
direct_binned,bins2048_auc,xgboost_depth2,51,40,102,ok,,0.4019607843137255,0.3568376068376068,0.3723290598290598,0.36512306581671566
direct_binned,bins2048_auc,svm_C1p0,52,40,102,ok,,0.37254901960784315,0.3298216276477146,0.3464190087612248,0.329934891576768
direct_binned,bins2048_auc,logreg_C0p1,52,40,102,ok,,0.4411764705882353,0.40544640601757,0.4122736683606249,0.4165015119320039
direct_binned,bins2048_auc,xgboost_depth2,52,40,102,ok,,0.38235294117647056,0.37566461927982,0.4300117672229354,0.4007964885038684
direct_binned,bins2048_auc,svm_C1p0,53,40,102,ok,,0.38235294117647056,0.3534792169102,0.36979166666666663,0.36347322109621877
direct_binned,bins2048_auc,logreg_C0p1,53,40,102,ok,,0.45098039215686275,0.37723925848925854,0.3909728142464715,0.3786299989103193
direct_binned,bins2048_auc,xgboost_depth2,53,40,102,ok,,0.43137254901960786,0.3534327633113097,0.36052539608574097,0.36375755966001966
direct_binned,bins2048_auc,svm_C1p0,54,40,102,ok,,0.4411764705882353,0.39954522563218214,0.41555355194906385,0.40380502887653913
direct_binned,bins2048_auc,logreg_C0p1,54,40,102,ok,,0.4411764705882353,0.41145104895104895,0.4167708333333333,0.4279057017543859
direct_binned,bins2048_auc,xgboost_depth2,54,40,102,ok,,0.29411764705882354,0.28950064068180464,0.32912087912087906,0.3118495968181323
direct_binned,bins2048_auc,svm_C1p0,55,40,102,ok,,0.37254901960784315,0.3377159864964743,0.36,0.3426313746322328
direct_binned,bins2048_auc,logreg_C0p1,55,40,102,ok,,0.4117647058823529,0.3674087676220313,0.3809409888357257,0.37828096055355775
direct_binned,bins2048_auc,xgboost_depth2,55,40,102,ok,,0.3431372549019608,0.30775337837837835,0.33436130862601454,0.32353812520431513
direct_binned,bins2048_auc,svm_C1p0,56,40,102,ok,,0.4019607843137255,0.3260796221322537,0.33349673202614377,0.3218559305873379
direct_binned,bins2048_auc,logreg_C0p1,56,40,102,ok,,0.45098039215686275,0.3460734911135105,0.35648297780650723,0.3440564727034978
direct_binned,bins2048_auc,xgboost_depth2,56,40,102,ok,,0.39215686274509803,0.3429718264117241,0.3641025641025641,0.35346177944862156
direct_binned,bins2048_auc,svm_C1p0,57,40,102,ok,,0.4411764705882353,0.3712121212121212,0.37242601388381436,0.37444834913370384
direct_binned,bins2048_auc,logreg_C0p1,57,40,102,ok,,0.46078431372549017,0.3884825700615175,0.39302351375332745,0.386288411245505
direct_binned,bins2048_auc,xgboost_depth2,57,40,102,ok,,0.4117647058823529,0.3464151618094046,0.3482142857142857,0.3474276724419745
direct_binned,bins2048_auc,svm_C1p0,58,40,102,ok,,0.4215686274509804,0.3670182401848196,0.3713698993110758,0.3873968208564891
direct_binned,bins2048_auc,logreg_C0p1,58,40,102,ok,,0.4411764705882353,0.3932391138273491,0.41021505376344086,0.42139656205731724
direct_binned,bins2048_auc,xgboost_depth2,58,40,102,ok,,0.39215686274509803,0.36482422271895953,0.3917836196062003,0.36518776560967636
direct_binned,bins2048_auc,svm_C1p0,59,40,102,ok,,0.4411764705882353,0.3949280905752754,0.40143827334229815,0.40873923940285495
direct_binned,bins2048_auc,logreg_C0p1,59,40,102,ok,,0.49019607843137253,0.45076982202570565,0.4530067758328628,0.4605790971995205
direct_binned,bins2048_auc,xgboost_depth2,59,40,102,ok,,0.46078431372549017,0.4184353016226191,0.44450703574125733,0.42737107714939515
direct_binned,bins2048_auc,svm_C1p0,60,40,102,ok,,0.3627450980392157,0.3280687151966377,0.35206830206830203,0.33222322109621877
direct_binned,bins2048_auc,logreg_C0p1,60,40,102,ok,,0.3627450980392157,0.3339161955862157,0.36407407407407405,0.3399463332243653
direct_binned,bins2048_auc,xgboost_depth2,60,40,102,ok,,0.3627450980392157,0.32039115646258504,0.3497713720036769,0.3242174730304021
direct_binned,bins2048_auc,svm_C1p0,61,40,102,ok,,0.4215686274509804,0.36323374930241936,0.369179600886918,0.36826951890596055
direct_binned,bins2048_auc,logreg_C0p1,61,40,102,ok,,0.4411764705882353,0.3676061360739883,0.38607859531772576,0.3664817614688896
direct_binned,bins2048_auc,xgboost_depth2,61,40,102,ok,,0.35294117647058826,0.26978376172990615,0.28083999728923825,0.26633499509643677
direct_binned,bins2048_auc,svm_C1p0,62,40,102,ok,,0.4411764705882353,0.38794222497276454,0.38531123481781376,0.4062329737386945
direct_binned,bins2048_auc,logreg_C0p1,62,40,102,ok,,0.37254901960784315,0.3165636446886447,0.3355940934065934,0.340812969924812
direct_binned,bins2048_auc,xgboost_depth2,62,40,102,ok,,0.29411764705882354,0.2356394621638524,0.2563495091569048,0.23097655824343466
direct_binned,bins2048_auc,svm_C1p0,63,40,102,ok,,0.37254901960784315,0.3058518622760109,0.31879648411088574,0.30033473629726487
direct_binned,bins2048_auc,logreg_C0p1,63,40,102,ok,,0.4411764705882353,0.37921016631866944,0.38369840943370354,0.38439509098834046
direct_binned,bins2048_auc,xgboost_depth2,63,40,102,ok,,0.4117647058823529,0.3388507500635647,0.357174688057041,0.341201168682576
direct_binned,bins2048_auc,svm_C1p0,64,40,102,ok,,0.47058823529411764,0.3984005425253895,0.4127436647173489,0.39697920071918924
direct_binned,bins2048_auc,logreg_C0p1,64,40,102,ok,,0.5098039215686274,0.43976154564389863,0.44433198380566796,0.4443547728015691
direct_binned,bins2048_auc,xgboost_depth2,64,40,102,ok,,0.4411764705882353,0.39808438512706806,0.40491048593350387,0.40752526697177727
direct_binned,bins2048_auc,svm_C1p0,65,40,102,ok,,0.29411764705882354,0.27223101372827485,0.28993423961096376,0.27351667211507025
direct_binned,bins2048_auc,logreg_C0p1,65,40,102,ok,,0.38235294117647056,0.33232011766283487,0.35730837789661324,0.332659093385638
direct_binned,bins2048_auc,xgboost_depth2,65,40,102,ok,,0.3431372549019608,0.3115805946791862,0.3416146688560482,0.32353812520431513
direct_binned,bins2048_auc,svm_C1p0,66,40,102,ok,,0.43137254901960786,0.39274779244263874,0.4092308959156785,0.39190026697177727
direct_binned,bins2048_auc,logreg_C0p1,66,40,102,ok,,0.4215686274509804,0.3911255679817575,0.4192462256978386,0.3969383376920562
direct_binned,bins2048_auc,xgboost_depth2,66,40,102,ok,,0.3333333333333333,0.28069444444444447,0.30831614107476174,0.273622234935164
direct_binned,bins2048_auc,svm_C1p0,67,40,102,ok,,0.49019607843137253,0.4076689354229657,0.4160945885509839,0.4266934319494388
direct_binned,bins2048_auc,logreg_C0p1,67,40,102,ok,,0.5196078431372549,0.4345053880018398,0.44650418923969565,0.4457475209763539
direct_binned,bins2048_auc,xgboost_depth2,67,40,102,ok,,0.39215686274509803,0.3237408703590992,0.36168899992429404,0.32883499509643677
direct_binned,bins2048_auc,svm_C1p0,68,40,102,ok,,0.45098039215686275,0.39149024655669173,0.39375,0.4102494687806472
direct_binned,bins2048_auc,logreg_C0p1,68,40,102,ok,,0.47058823529411764,0.37756410256410255,0.37957810867293623,0.4159021875340525
direct_binned,bins2048_auc,xgboost_depth2,68,40,102,ok,,0.45098039215686275,0.41271837175451637,0.41678216678216673,0.42068316170861936
direct_binned,bins2048_auc,svm_C1p0,69,40,102,ok,,0.5098039215686274,0.4219041375291375,0.42974537037037036,0.4261588073444481
direct_binned,bins2048_auc,logreg_C0p1,69,40,102,ok,,0.5,0.4358615325168762,0.443625415282392,0.44138709545603133
direct_binned,bins2048_auc,xgboost_depth2,69,40,102,ok,,0.45098039215686275,0.37791252864782277,0.37902273800443137,0.3796396562057317
direct_binned,bins2048_auc,svm_C1p0,70,40,102,ok,,0.38235294117647056,0.34494735425095324,0.3493903971845148,0.35081589844175654
direct_binned,bins2048_auc,logreg_C0p1,70,40,102,ok,,0.3431372549019608,0.30579769128643053,0.3255360623781677,0.32038315898441755
direct_binned,bins2048_auc,xgboost_depth2,70,40,102,ok,,0.4019607843137255,0.3432876905702993,0.3464082080200501,0.34377213413969704
direct_binned,bins2048_auc,svm_C1p0,71,40,102,ok,,0.4215686274509804,0.3672669637575774,0.37157488516184173,0.36980528767571097
direct_binned,bins2048_auc,logreg_C0p1,71,40,102,ok,,0.39215686274509803,0.3414715719063545,0.35081841432225064,0.3445246948893974
direct_binned,bins2048_auc,xgboost_depth2,71,40,102,ok,,0.4117647058823529,0.34656559511379487,0.3556436210847976,0.3479537839163125
direct_binned,bins2048_auc,svm_C1p0,72,40,102,ok,,0.46078431372549017,0.36609492481203004,0.3647959183673469,0.36837508172605427
direct_binned,bins2048_auc,logreg_C0p1,72,40,102,ok,,0.4803921568627451,0.40271900384259934,0.4103322259136213,0.40613422142312305
direct_binned,bins2048_auc,xgboost_depth2,72,40,102,ok,,0.45098039215686275,0.37927489177489176,0.4040178571428571,0.38085362863680944
direct_binned,bins2048_auc,svm_C1p0,73,40,102,ok,,0.4411764705882353,0.3597064038736957,0.37772745571658617,0.35875864934074314
direct_binned,bins2048_auc,logreg_C0p1,73,40,102,ok,,0.4803921568627451,0.3913632119514472,0.3940972222222222,0.39097063310450036
direct_binned,bins2048_auc,xgboost_depth2,73,40,102,ok,,0.3137254901960784,0.2514797626293366,0.2621498599439776,0.253776424757546
direct_binned,bins2048_auc,svm_C1p0,74,40,102,ok,,0.4215686274509804,0.35055504458353043,0.36477370227370226,0.37445686226435654
direct_binned,bins2048_auc,logreg_C0p1,74,40,102,ok,,0.4117647058823529,0.33514902977889977,0.34280224280224286,0.3511479105372126
direct_binned,bins2048_auc,xgboost_depth2,74,40,102,ok,,0.4019607843137255,0.357961671915626,0.37813167651877333,0.3614028277214776
direct_binned,bins2048_auc,svm_C1p0,75,40,102,ok,,0.39215686274509803,0.2739140068861431,0.27409600203717854,0.2803510134030729
direct_binned,bins2048_auc,logreg_C0p1,75,40,102,ok,,0.4019607843137255,0.31152186452483566,0.3116959064327486,0.3126362100904435
direct_binned,bins2048_auc,xgboost_depth2,75,40,102,ok,,0.38235294117647056,0.3413651422110324,0.3445179738562092,0.3455990519777705
direct_binned,bins2048_auc,svm_C1p0,76,40,102,ok,,0.4215686274509804,0.348137585342667,0.35823170731707316,0.3531059305873379
direct_binned,bins2048_auc,logreg_C0p1,76,40,102,ok,,0.43137254901960786,0.3501381164256581,0.3607208363903155,0.3548204751007955
direct_binned,bins2048_auc,xgboost_depth2,76,40,102,ok,,0.3627450980392157,0.34255463597568864,0.3612278244631185,0.3501365506156696
direct_binned,bins2048_auc,svm_C1p0,77,40,102,ok,,0.38235294117647056,0.3350009762592944,0.35098322729901676,0.33536967418546365
direct_binned,bins2048_auc,logreg_C0p1,77,40,102,ok,,0.3627450980392157,0.3422360025808302,0.3653178418803419,0.34241343848752315
direct_binned,bins2048_auc,xgboost_depth2,77,40,102,ok,,0.28431372549019607,0.2737894144144144,0.2957875457875458,0.2872091914569031
direct_binned,bins2048_auc,svm_C1p0,78,40,102,ok,,0.3627450980392157,0.3034481768590296,0.31638138362276297,0.31277412280701755
direct_binned,bins2048_auc,logreg_C0p1,78,40,102,ok,,0.39215686274509803,0.3639600337742753,0.392924126172208,0.36518776560967636
direct_binned,bins2048_auc,xgboost_depth2,78,40,102,ok,,0.35294117647058826,0.33697055264219444,0.37908899191860657,0.36107932875667426
direct_binned,bins2048_auc,svm_C1p0,79,40,102,ok,,0.39215686274509803,0.30839442815249263,0.336996336996337,0.3337692056227525
direct_binned,bins2048_auc,logreg_C0p1,79,40,102,ok,,0.4117647058823529,0.32993464052287585,0.3588903743315508,0.33970456031382806
direct_binned,bins2048_auc,xgboost_depth2,79,40,102,ok,,0.4215686274509804,0.34397556123898837,0.3609265734265734,0.3503561893865098
direct_binned,bins2048_auc,svm_C1p0,80,40,102,ok,,0.49019607843137253,0.3637456512631828,0.36536687631027254,0.37598582052958485
direct_binned,bins2048_auc,logreg_C0p1,80,40,102,ok,,0.5196078431372549,0.38253126953993544,0.3961043914133159,0.3910761959245941
direct_binned,bins2048_auc,xgboost_depth2,80,40,102,ok,,0.47058823529411764,0.41023140540727254,0.41036935704514366,0.4123862645744797
direct_binned,bins2048_auc,svm_C1p0,81,40,102,ok,,0.38235294117647056,0.3428004213596953,0.3600792874986423,0.345559891576768
direct_binned,bins2048_auc,logreg_C0p1,81,40,102,ok,,0.4411764705882353,0.399211183509964,0.40936147186147187,0.4053407976462896
direct_binned,bins2048_auc,xgboost_depth2,81,40,102,ok,,0.4117647058823529,0.34327421386244916,0.34913901458019103,0.3427369374523265
direct_binned,bins2048_auc,svm_C1p0,82,40,102,ok,,0.4019607843137255,0.3419607843137255,0.38063725490196076,0.36508390541571323
direct_binned,bins2048_auc,logreg_C0p1,82,40,102,ok,,0.38235294117647056,0.321960170492399,0.32783148224324693,0.33905075187969924
direct_binned,bins2048_auc,xgboost_depth2,82,40,102,ok,,0.3627450980392157,0.2861108045469595,0.2940765685926976,0.301330772583633
direct_binned,bins2048_auc,svm_C1p0,83,40,102,ok,,0.4803921568627451,0.41524644945697575,0.437500796032996,0.4023748229268824
direct_binned,bins2048_auc,logreg_C0p1,83,40,102,ok,,0.4411764705882353,0.3738286608496961,0.3848214285714286,0.36923150266971777
direct_binned,bins2048_auc,xgboost_depth2,83,40,102,ok,,0.35294117647058826,0.2875806774403362,0.3449940130791195,0.2740581072245832
direct_binned,bins2048_auc,svm_C1p0,84,40,102,ok,,0.49019607843137253,0.4216014371987169,0.4222828826065044,0.42175922142312305
direct_binned,bins2048_auc,logreg_C0p1,84,40,102,ok,,0.6078431372549019,0.5142462206047032,0.5150767543859649,0.514109662743816
direct_binned,bins2048_auc,xgboost_depth2,84,40,102,ok,,0.5196078431372549,0.44450465692843744,0.4524038461538461,0.4497503950092623
direct_binned,bins2048_auc,svm_C1p0,85,40,102,ok,,0.35294117647058826,0.3262069980860774,0.3585794044665013,0.3354820475100796
direct_binned,bins2048_auc,logreg_C0p1,85,40,102,ok,,0.38235294117647056,0.35887410519763463,0.39948593073593075,0.3789586057535142
direct_binned,bins2048_auc,xgboost_depth2,85,40,102,ok,,0.43137254901960786,0.4135086173129651,0.4584905766970984,0.4391702762340634
direct_binned,bins2048_auc,svm_C1p0,86,40,102,ok,,0.46078431372549017,0.3429641109456296,0.337797619047619,0.3668393129563038
direct_binned,bins2048_auc,logreg_C0p1,86,40,102,ok,,0.5392156862745098,0.467613297555158,0.4970454545454545,0.4541499809305873
direct_binned,bins2048_auc,xgboost_depth2,86,40,102,ok,,0.47058823529411764,0.34365384615384614,0.35637818345729094,0.346959450256075
direct_binned,bins2048_auc,svm_C1p0,87,40,102,ok,,0.4019607843137255,0.3272038137656799,0.32407859078590784,0.33584470687588536
direct_binned,bins2048_auc,logreg_C0p1,87,40,102,ok,,0.47058823529411764,0.35167738701260287,0.35226096367400717,0.377608423231993
direct_binned,bins2048_auc,xgboost_depth2,87,40,102,ok,,0.3627450980392157,0.26373106060606055,0.2701790962660528,0.26408582597798846
direct_binned,bins2048_auc,svm_C1p0,88,40,102,ok,,0.4803921568627451,0.36080445014976464,0.362082560296846,0.367801296720061
direct_binned,bins2048_auc,logreg_C0p1,88,40,102,ok,,0.5098039215686274,0.41859414321665517,0.425553613053613,0.42268204478587773
direct_binned,bins2048_auc,xgboost_depth2,88,40,102,ok,,0.35294117647058826,0.280681503370579,0.2839962121212121,0.30855331262939956
direct_binned,bins2048_auc,svm_C1p0,89,40,102,ok,,0.4019607843137255,0.3342490842490842,0.3375353299451971,0.3563902963931568
direct_binned,bins2048_auc,logreg_C0p1,89,40,102,ok,,0.4411764705882353,0.3864108187134503,0.4117647058823529,0.3920790427154843
direct_binned,bins2048_auc,xgboost_depth2,89,40,102,ok,,0.4117647058823529,0.3664109574635891,0.39281309297912714,0.3782418001525553
direct_binned,bins2048_auc,svm_C1p0,90,40,102,ok,,0.5098039215686274,0.4213643790849673,0.43333333333333335,0.41993230358504957
direct_binned,bins2048_auc,logreg_C0p1,90,40,102,ok,,0.5196078431372549,0.46244559165907484,0.4735749494438827,0.4614763811703171
direct_binned,bins2048_auc,xgboost_depth2,90,40,102,ok,,0.43137254901960786,0.357668766236077,0.35714144362538963,0.3798916448730522
direct_binned,bins2048_auc,svm_C1p0,91,40,102,ok,,0.47058823529411764,0.3903089663959229,0.4197591680350301,0.3920449901928735
direct_binned,bins2048_auc,logreg_C0p1,91,40,102,ok,,0.5196078431372549,0.42369465329991646,0.4253246753246753,0.4269420153644982
direct_binned,bins2048_auc,xgboost_depth2,91,40,102,ok,,0.43137254901960786,0.35397957984029227,0.36425531914893616,0.36226095129127167
direct_binned,bins2048_auc,svm_C1p0,92,40,102,ok,,0.46078431372549017,0.3445757499001612,0.3434436274509804,0.3479946469434456
direct_binned,bins2048_auc,logreg_C0p1,92,40,102,ok,,0.4803921568627451,0.37889486400124694,0.3839418431809736,0.39093147270349793
direct_binned,bins2048_auc,xgboost_depth2,92,40,102,ok,,0.4411764705882353,0.36152547216377,0.3806940371456501,0.3726691048272856
direct_binned,bins2048_auc,svm_C1p0,93,40,102,ok,,0.4019607843137255,0.35956552044401774,0.37603861192570875,0.36661967418546365
direct_binned,bins2048_auc,logreg_C0p1,93,40,102,ok,,0.4117647058823529,0.3527111242772347,0.36370740068562213,0.36158160346518464
direct_binned,bins2048_auc,xgboost_depth2,93,40,102,ok,,0.38235294117647056,0.33672236613413087,0.3451484895033282,0.3743512994442628
direct_binned,bins2048_auc,svm_C1p0,94,40,102,ok,,0.38235294117647056,0.30927786119884704,0.3092373248591651,0.3110255257709491
direct_binned,bins2048_auc,logreg_C0p1,94,40,102,ok,,0.43137254901960786,0.3797330848078298,0.38466557466557466,0.38171004958047294
direct_binned,bins2048_auc,xgboost_depth2,94,40,102,ok,,0.4117647058823529,0.34584584352682435,0.35346578294371167,0.36032847063310447
direct_binned,bins2048_auc,svm_C1p0,95,40,102,ok,,0.46078431372549017,0.3669476486246673,0.3671389751552795,0.3738745641277106
direct_binned,bins2048_auc,logreg_C0p1,95,40,102,ok,,0.4411764705882353,0.3300539083557952,0.3301398291424887,0.34509166939086844
direct_binned,bins2048_auc,xgboost_depth2,95,40,102,ok,,0.4215686274509804,0.3307680837000854,0.33138442283623765,0.3327254958047292
direct_binned,bins2048_auc,svm_C1p0,96,40,102,ok,,0.4411764705882353,0.38846136133370174,0.40267965587044535,0.3911477062220769
direct_binned,bins2048_auc,logreg_C0p1,96,40,102,ok,,0.5196078431372549,0.44395530939648586,0.4476177902951358,0.4448161844829465
direct_binned,bins2048_auc,xgboost_depth2,96,40,102,ok,,0.35294117647058826,0.3039141414141414,0.3385145556198188,0.3286902718753405
direct_binned,bins2048_auc,svm_C1p0,97,40,102,ok,,0.38235294117647056,0.3362995749576556,0.3479494205300657,0.3365836466165414
direct_binned,bins2048_auc,logreg_C0p1,97,40,102,ok,,0.47058823529411764,0.4197165423229253,0.4210327855838692,0.4241122507355345
direct_binned,bins2048_auc,xgboost_depth2,97,40,102,ok,,0.35294117647058826,0.313870411431387,0.3255290811339199,0.32250292851694456
direct_binned,bins2048_auc,svm_C1p0,98,40,102,ok,,0.5196078431372549,0.46421128143169976,0.4693639693639694,0.4654792552032254
direct_binned,bins2048_auc,logreg_C0p1,98,40,102,ok,,0.5686274509803921,0.5126937984496124,0.5307005494505493,0.5142867358613926
direct_binned,bins2048_auc,xgboost_depth2,98,40,102,ok,,0.4411764705882353,0.3676343264578559,0.3920377867746289,0.36927066307072026
direct_binned,bins2048_auc,svm_C1p0,99,40,102,ok,,0.45098039215686275,0.3706589819394698,0.38035714285714284,0.37191654407758523
direct_binned,bins2048_auc,logreg_C0p1,99,40,102,ok,,0.45098039215686275,0.371394174301151,0.38722938812548613,0.37066341124550506
direct_binned,bins2048_auc,xgboost_depth2,99,40,102,ok,,0.4117647058823529,0.35820624546114743,0.3854341736694678,0.36036763103410696
direct_binned,bins2048_auc,svm_C1p0,100,40,102,ok,,0.45098039215686275,0.39247557997558,0.40769793072424654,0.42533473629726487
direct_binned,bins2048_auc,logreg_C0p1,100,40,102,ok,,0.4411764705882353,0.4095238095238095,0.4167975164203612,0.43041196741854637
direct_binned,bins2048_auc,xgboost_depth2,100,40,102,ok,,0.3333333333333333,0.3097687186123931,0.3315579371845357,0.33079982565108423
