glucose,L-lactate,L-alanine,L-valine,L-isoleucine,L-leucine,L-glutamine,L-glutamate,glycine,citrate,creatine,creatinine,pyruvate,acetate,3-hydroxybutyrate,2-hydroxybutyrate,formate,L-histidine,L-phenylalanine,L-tyrosine,L-threonine,L-proline,L-lysine,L-methionine,taurine,choline,betaine,myo-inositol,succinate,L-asparagine,L-aspartate,L-arginine,L-serine,L-tryptophan,L-ornithine,trimethylamine,TMAO,dimethylglycine,sarcosine,glycerol,L-citrulline,L-carnitine,glutathione,hippurate,2-oxoglutarate,3-methylhistidine,L-malate,succinate,fumarate,2-oxobutyrate,acetyl-l-carnitine,uracil,uridine,inosine,adenosine,allantoin,beta-alanine,GABA,l-carnosine,l-anserine,l-cysteine,l-kynurenine,l-homoserine,2-aminobutyrate,trans-4-hydroxy-l-proline,hypotaurine,homoarginine,guanidineacetic-acid,n-acetyl-l-aspartic-acid,ketoleucine,2-hydroxy-3-methylbutyric-acid,propionate,butyrate,isobutyrate,isovalerate,valerate,phenylacetylglycine,3-hydroxyphenylacetic-acid,4-hydroxyphenylacetic-acid,indole-3-acetic-acid,phenylacetate,benzoate,kynurenic-acid,5-hydroxyindoleacetate,pantothenate,scyllo-inositol,L-ascorbate,row
0.09548899745794363,0.09942553706888796,0.00882724999891124,0.003653711474336449,0.00520616157104462,0.004960194325671044,0.005795722783819143,0.005467964049608332,0.004372485873694648,1.6458702585894097e-06,0.0037732952433243085,0.0004888377402154925,0.0020277275134962243,0.00022128131957290979,0.008585637933618065,4.0860830877528995e-07,0.007220825124961702,0.0005678430217644077,0.00034711808176595175,1.8066943225871636e-09,0.008504837239222135,0.017400392141207185,0.008154682554780591,0.0001387270715153006,0.004629236151790921,0.00932927788982119,0.0045113529473990175,0.007330999776617496,0.00039066363748997967,0.00043850827517327576,0.006160205558255614,0.012465557822427328,0.001177609874729796,0.0008875517394113518,0.003329210864051768,0.00026395077282822925,0.004630232415420238,0.0007155204524878892,0.0012933531462755758,0.01256973486568448,0.001679358991416355,0.006109641815912105,0.00220220639919746,0.0008312899111280528,1.4179970011690818e-05,0.011522748022834258,0.00010237274400232161,0.0001606082368084452,0.00015166129370919348,2.7359693591905935e-18,0.002402135882495031,0.00022318841577755486,0.000677227497273041,0.0014315311764443756,0.001551840448190765,0.00035970665050026845,0.0009791653211507283,0.001336526827223431,0.0031866778219762698,0.0034646443901429525,0.01184617210864134,8.57601111278774e-06,0.00661531774700278,0.0006522223023524103,0.0037872324455524727,0.0009758390406183299,3.2391532343749847e-06,2.1040274192343487e-06,0.007312025664685897,0.0005934049531099979,0.004110633804789537,2.2366647170693677e-09,7.7347029748979285e-22,1.3850761621671097e-07,0.0005048926756482141,0.016983166736009254,0.0032153138795467384,0.0016945986902889183,0.0018527481440026854,0.0028281091662031798,0.000607723663122677,8.144041209103274e-05,0.00015708541035128537,0.0021516458092934315,0.0015769477625860566,0.0024851819173031305,0.005386508370281617,47
0.1465117252333942,0.05396949331071253,0.007930232878631331,3.591345267456294e-10,0.007099454902582969,4.568692559779918e-06,2.938089040049466e-10,0.011378868248335908,0.0050528673064243355,5.509667346917468e-10,0.004579066042858661,0.0030466614391325268,0.0008444595790012112,0.0010477488592903613,0.02403753923175168,4.153485891512378e-09,6.4023737344859425e-06,0.003217046531291981,0.0015386429447940399,5.241082058677976e-11,0.0400104598330298,0.03535101383372898,3.672426937343845e-12,3.888554021332941e-21,0.014448269028268321,0.00522972814025365,0.021640528363691458,0.009906734641439992,1.1008504082733642e-09,0.0012474498801355826,0.00743055432785518,0.012372073349297092,0.011127860704130556,0.0039595018986011725,0.00427283197970598,0.0007114132524782436,0.004792160796065817,0.00044031452306621466,0.0034797488175957176,0.013284939479833459,0.002483798683570939,0.012659451768684254,2.813172537348863e-10,0.0045501668866845865,2.2352767031807216e-09,0.008460125339080173,2.67972930146312e-10,0.0005556962358561901,0.00027541204866078525,8.016001006345547e-22,3.684284089949254e-10,0.0011021698989423826,3.67655807850406e-08,0.0018574432585531397,0.002130319225306113,0.0011680641651782057,0.0034382148662140868,0.0013995834908624835,0.0003551373194636837,0.010635968314357463,0.008233575030240083,0.004663428283067209,0.010085562563725108,3.516900465172057e-11,0.00915508769993085,4.518754718895748e-14,2.9151558148898535e-15,0.0021614710620817003,0.015367457884357222,0.002452550189685822,0.0027518478794683323,4.3168165505832433e-14,8.37760276863405e-23,4.5014134959370075e-22,0.004130861673017401,0.030960974527390314,0.006530828507764734,0.006890044645763397,0.007691781501906967,1.8815977702478328e-10,0.0014462556864527631,3.160262890221232e-11,9.172601098374136e-12,0.003549133313283493,5.422111579395106e-11,0.001881183477061929,0.004937933787589709,86
0.049009414690005325,0.09116847439377344,0.0010901297674057635,0.004187816592369519,0.005369462482941507,0.00520368507241612,0.0033751848024878507,0.003938048054284192,0.0035011792459800667,6.711228262858994e-05,0.001575608912778877,0.0017309012176219194,0.0009672387674627801,0.0008753759070592034,0.00768928579175496,1.0090779600216903e-10,0.00499124709350989,0.0002605910139314118,3.312420651640031e-06,0.000960553937553198,0.008811354837169385,0.012827409525141631,0.0037326584539328807,0.00036909486072820945,0.0022571200476075547,0.0033180262772705862,0.003149756334056311,0.0032569683949730103,0.0006405727286996775,4.9878477316197905e-05,0.0033441363110125804,0.001625265967424895,0.00336563364145568,1.1078880447769478e-05,0.005237079647589875,0.00012130403730859461,0.002438443077076348,0.0015009898122453082,0.0012841367137310616,0.004315131958384219,0.0004661169438261987,0.0059498842780858815,3.2309198498805424e-05,0.001514976313931396,0.0002289079845765207,0.021020432985749356,6.900371866763649e-05,0.00023931697726366322,0.00021420247922977493,5.789585563451523e-07,0.0013097751550502415,0.00039769865270156336,0.00221117018947271,0.0016462847269533248,0.0011123057964550448,0.0004350789095362719,0.0004180162518757361,0.0017535822292453786,0.002722439602650628,0.0019157529984065891,0.0064492191827365455,0.0049988609775651355,0.0021986555377486276,0.0015133404700324398,0.0001856574802967694,0.0002924371209813265,0.0004339409682487495,0.0013036324686196625,0.004474915303542285,0.00015141151251060712,0.0023888895222304394,1.954494010002387e-05,8.135696520814863e-06,6.181153721299159e-06,0.0009336774066167984,0.018693339993544673,0.006033389179532225,0.001367875636814579,0.0016208475944524737,0.007947499909309048,0.00023723703012761016,6.155860103807704e-05,2.1216423752541e-06,0.0003184811457780045,0.0007233633991070121,0.0017492823892606853,0.005793001708066592,123
0.003006631329618548,0.006003055315342677,0.0015037913456337167,0.0022942770841584627,0.011548827209571013,0.004621827409314851,2.8934454568252626e-19,0.0009034324385509004,0.0008190045748652973,0.002433263541128051,2.358869237670712e-05,0.008295849126215712,0.0007114849773579692,0.000342207382585008,0.011176422492022888,0.04527294545214413,0.00013252297203721232,2.3030911405172878e-05,1.1321499130484111e-07,5.542800039445282e-14,0.007647247829557171,0.034192719164429265,0.002745140530389644,1.6820464680394232e-07,0.0004800430295737111,0.006268490251774725,9.169174708931506e-12,0.009596376150429485,0.0012967567241800992,0.011208649907077437,0.018836150594915068,0.004398071824751012,0.0092334682498558,0.0011416098020733138,1.6174682468899333e-10,1.0176131168528461e-23,0.011250902394666655,0.0009117380616149979,7.382267809276396e-10,1.0176940218996841e-09,0.007591722176551039,0.0038577764469646825,2.2263947137088007e-08,0.00379439717648821,0.0003637936122291785,0.0003506681654576817,9.641028032717484e-11,3.6813769448215485e-05,0.0006563800510301109,0.021308460161538336,0.00202167786449601,4.320893588723242e-06,0.019155399494227437,2.613619724866537e-10,2.158152316180565e-10,7.902166133658974e-05,0.006394257693994739,0.00178033340752301,6.359098521287113e-11,3.6851729203138976e-08,0.00410428932537106,0.014699321089554114,3.4435765172254605e-09,0.002486552680627635,0.004146144829067808,0.0006697087089222455,0.004928568325111246,0.0009919658597873544,0.051207539060948895,0.1100210627892946,0.005888641563195732,0.0032228671509926046,0.008709471254110597,0.0024177962209259727,0.046277608550010126,0.01679521366435522,4.955229439981911e-09,1.7834607247061055e-07,0.0008954763320648651,1.0985914811582332e-07,0.0009192693329239524,4.924622208939464e-08,1.0416964455409697e-06,2.9314751513287267e-18,0.00989642609894491,7.265381400395772e-07,0.0001956203660262014,227
0.03818773555876329,0.08082874982605795,0.00022073200836761266,0.0027157171079189393,0.0028820451038183053,0.0019024626585020178,0.0030755263430741254,0.004213241252087091,0.003565134117815128,6.191469137317952e-05,0.0033532871715941936,0.0010573260201933237,0.0004252267867473353,0.0004052448928346587,0.009363337997267188,7.959259579672288e-06,0.005162504472673601,0.0012364544082977453,1.5494581798220804e-19,0.0015413880811534317,0.01199363267974645,0.013635860212992927,0.0028121992156264464,0.00023286063920826346,0.004038965138131552,0.003717587558210422,0.0034519206701010044,0.0016772495760216245,0.0004536364783481634,0.0009281667941146424,0.004289215311787982,0.003931402016049982,0.0017354767410661498,3.675616098423454e-11,0.005637192139104254,6.166285978890365e-05,0.0025305550718494707,0.0012554284314470429,0.0016696600470249541,0.006345654742545154,0.0009947256685592031,0.004864597947431442,1.8023692847022727e-09,0.0001414599150786482,0.001458177521850008,0.016592273730351763,7.820662777175329e-06,0.00019667121500318582,0.00019389873967427354,1.3087814569984966e-08,0.0020744194891671036,0.00040779624802043425,0.0016878841910826466,0.001120010204072115,0.0011819146648934865,0.0004421760963783311,0.0012096460994353733,0.0017585358854831066,0.003249019177548395,0.00038522522848758194,0.005845768321695281,0.0030784857079700348,0.003830402546587865,0.001382803063245371,5.908070767238385e-09,5.584843439676453e-05,7.007234445340694e-10,0.0006814843271163775,0.005287190568452137,9.233844587864346e-05,0.00345637562760556,9.776958302382759e-21,1.3485966987313055e-05,6.515480623866719e-08,0.0002871655313151069,0.018898952445648754,0.005141283026259142,0.0018523291931497362,0.0017480073693630126,0.006998798487329251,3.522217365206709e-11,2.902381011021716e-05,2.111914625940737e-07,0.0008033282876511642,4.577820839594572e-06,0.0007818054906217726,0.006441958342939549,291
9.041656580375718e-06,0.006408745221150843,0.003898353306943439,0.005287556181153925,0.009629598411097298,0.0047877671511499425,1.6848908128805626e-07,1.2549881941349634e-15,0.0011168821019988963,0.005297053484155563,1.9633681673491744e-20,0.010874530478147128,0.0002698562417191878,0.000393394820210893,0.011936995890382936,0.045310212024323226,0.00016438569164026827,0.0012392962843324378,7.566550807354258e-10,9.410384632904229e-15,0.007990981141080794,0.03647330015758577,0.006622893265592556,4.1751151975073524e-08,0.0057561339007571035,0.00677068194661966,3.525800790449072e-08,0.015672758311831635,0.00046806600976976643,4.079025644246673e-14,0.02841455281816158,0.0031760651789519865,0.0134792983246976,0.012748021278026574,5.044490223036407e-09,7.549939303451511e-15,0.0018331843967812624,0.004371245856440558,1.1028185480725932e-12,4.0637374246712845e-13,0.006153154683380804,0.019957317296059235,2.423464720454952e-07,3.5984863018884415e-12,3.0186405431644234e-12,3.826921299086958e-05,1.6385726556444174e-14,0.00039049724884626305,0.000684275783708744,0.020533575421628442,0.0003007350199608609,1.3340028633480824e-06,0.023873822981908363,2.732210984996149e-13,2.5762872367830236e-13,2.344853117196834e-06,0.0058884784934088805,0.002435021183991165,3.5371800939540906e-12,6.797575585964554e-09,0.00882871718261529,0.012266274110553668,1.6776249904898765e-08,0.005597654734239165,0.0038580439470492695,4.514534861199813e-11,3.8191594252537316e-07,0.0006295352333189742,0.03358421392555099,0.09730995293547383,0.0010976505054419597,0.0031502444039387054,0.008614633292895635,7.24870386252703e-14,0.05079745765955656,0.0175867810158193,2.2409889127019652e-10,2.456360081331314e-06,1.3199994175460669e-09,8.831172757342602e-06,2.356290978527022e-06,0.00013314635786929654,1.1254755764172044e-09,9.047147569027276e-11,0.011081091187234939,0.0016993943535768229,0.00265566745640734,363
0.10503317265648345,0.0672156217434047,0.0005200879864773782,7.008128676452311e-09,0.010224311369836538,0.00018199759028839432,3.555993934198656e-10,0.007811714074469844,0.0034141791899853016,2.921404779739078e-09,0.003252887818040938,0.0033727665738588213,0.000557278729932279,0.0009665937508518941,0.025855518543897445,2.6684254451102926e-07,7.478529977035824e-06,0.004567909272779647,0.0032994733442755476,0.0024930481928137765,0.06237606869335354,0.03419991811575739,7.6659485070181e-11,3.921455834442294e-10,0.01315280886597387,0.005441683109194846,0.006983631322619433,0.009395474913422571,0.00041171554557746954,0.002397516377395581,0.009368034060003937,0.0008476647150768692,0.008071451073605244,0.0007780877361105087,0.0030138459792030154,7.482708441795333e-06,0.007936603448981875,3.584849926555152e-06,0.003470528624988602,0.01367431383410942,0.0008237667499636648,0.014552340819322395,0.002891168975669337,0.0020669935756276515,0.0034582369655058297,0.004603605240996585,4.066001872720818e-09,0.0008330651620526627,0.00029991803443158165,1.5322701415901318e-33,0.004632563443885296,0.0014352279512247735,0.004201257522375151,0.003625757737946323,0.0029214642104243094,0.0012313039362737703,0.002709165164148598,0.0022200833435389047,0.0036550499080777042,0.0005345249026708865,0.00748849086722462,4.703694036202897e-06,0.016608363596217212,0.0006657663734043184,1.5463511445877123e-10,0.0015111320928914882,1.7504874249241254e-12,0.0024126820472483343,0.014645312291332846,8.089472925456216e-05,0.004144073621579381,4.2536024842845646e-15,1.6722143034439834e-20,2.7278141599181733e-13,0.00197282543686875,0.051501577265937584,0.002706061918468076,0.007573600687569238,0.0061813205382952215,0.0017381056107542677,0.004867477039159637,2.5909545268708698e-11,1.9527452779574276e-10,0.0032435934199842994,1.9419536815245377e-29,0.0025889048275862044,0.010186666962369703,421
2.703825725486946e-06,0.00586308104418557,0.00011574004579970217,0.00392736266377499,0.011354238391090015,3.488697565906105e-11,1.832181809214919e-08,7.798776245134816e-07,0.0010380961495939614,0.011349715698919972,0.001254435224212078,0.010637105047956,0.00019139775109423943,0.0008028097110317155,0.011601464055514427,0.04363137241994574,0.00012665459798438073,9.461456213992095e-10,3.7000863844515313e-07,2.3250949414412985e-12,0.007119150486502856,0.0329316769712104,0.00023198697368323132,3.3091447817780564e-07,0.006025412250321193,0.0059711015664120765,0.0006845525416332309,0.013518963450808767,0.00016120402838124353,0.02467051044631228,0.01395171955669506,1.3397443677105316e-08,0.018466819687455338,0.003871115488584601,0.0001237523053547889,1.3716368653322165e-13,0.006136996191502243,0.0013313359516229435,0.0006993999019705803,5.977222422977704e-08,0.004786208471140082,0.013919374166279912,0.0013626241193321405,0.001998861188530104,1.361711782707641e-42,0.0009296847462286473,2.8719621905250538e-08,1.7859423103278717e-07,0.0010383174097197737,0.013263100661780746,0.0018372980655919496,3.400859517305807e-06,0.019984088014576653,4.2710250612143667e-10,9.059307325175661e-11,0.00016776334740098485,0.00706015477598376,0.0018462824678275452,2.0734702580686505e-11,1.2252536019681803e-07,0.009002337507360009,0.016486068123708522,6.294912282147538e-09,0.0036395873967385267,0.0007978010067789134,0.0029978338750452985,0.002848793460913932,0.0009691728549729244,0.025753354507993674,0.12773153866050746,1.9621722457464958e-10,0.003451075079818557,0.008172515502683074,0.002431282110071121,0.03460830919177142,0.015563199121021986,2.2640881415032046e-06,0.00010322463120391762,0.0026052071944323973,1.2636729753604915e-06,1.2621866753812644e-06,7.828121130962879e-07,4.5921872375155034e-06,1.2598836296581499e-08,0.013625466898198699,0.00208824955236639,3.7426128992872634e-05,497
0.17096882864145196,0.06669209594109617,2.8828411999722306e-12,4.423891828188608e-08,0.007963145990427021,0.0003569298762607546,6.047229216275878e-07,0.012790760708426942,0.003093280209548945,1.1570437094143356e-06,0.00497907155787563,0.0024991885829770185,0.0010083630674513067,0.0009260165754492387,0.01833596029573368,2.677100335472446e-32,7.896009791009793e-05,0.003322447522740506,1.9751499755063314e-08,0.0019517740819467702,0.04051861661048029,0.04024717366741414,2.9003183792229684e-12,1.3605709128681165e-09,0.01527462139096268,8.893677018478732e-09,0.004514595070872219,0.011628961197838005,9.542888297528116e-06,0.009166985734764536,0.012913488453945327,0.013575497322901538,0.006498592683423438,0.005270121544547796,0.0015782573058197484,0.0009475666957658992,0.010614437173415876,0.0007431609190349897,0.002501081352741444,0.014957886006454672,0.0013257951331617525,0.023460888556557948,1.968867953172268e-07,0.006316692211374575,0.005426822155790964,0.01826049323348212,4.895765709326871e-09,0.0009703513711211163,0.0003261365885130307,2.5766262490720536e-20,0.0001529837731094101,0.0010212162273459404,0.0019792448894672345,0.0037922782542966923,0.003904103126321415,0.0010657454389138054,0.00542798172102883,0.0029867462309513967,0.004278504544399197,0.008642559065265946,0.006911116842187724,2.8184549033888963e-06,0.007536738238404339,0.001623547903037478,0.01014970714179066,2.043191141477887e-06,4.2539158142385734e-14,0.004128989252087509,0.018318873799398262,3.2059074957953824e-06,0.0062420765757087975,1.3241450586174884e-21,5.635288730898991e-25,7.500057101862133e-11,0.0030437074124576393,0.04602803586276538,0.006909744295102881,0.007779308343150481,0.010455708977936873,0.0016554645238789532,0.0014687437451774397,8.511317934802827e-06,9.712481645115451e-07,0.0026221645406027155,2.8026214544052817e-07,0.0009515482563526127,0.014059396289111868,824
0.0007263366832485833,0.0025095144540374942,5.73741868560425e-14,0.003573060200104359,0.006362901922651648,0.0001663571517063627,1.4338644371449688e-08,7.121587047492462e-09,0.02053466604404609,0.005742746813707871,0.01769561223655772,0.00804267351528786,8.267196102004095e-06,0.00018722318336116385,0.005599017895129173,0.032659030034837146,0.00027849936856717545,8.297224609615095e-11,0.0017826990589461958,0.003909614312389862,0.0032964720326510654,0.011604300682745797,0.0025682681890088492,0.002299101381988707,0.0033560706840487942,0.0036312018886464014,0.011780643908334436,0.0006426012337915972,5.426385362993622e-05,0.008356581938180474,0.026530423308814485,0.0020626057799592364,0.030572430939010926,0.0012387290302302934,5.425624417748839e-10,0.00011178502424230318,0.0009715360030376866,6.137612680843815e-13,1.5036923735718702e-34,1.865244133261116e-06,0.006275478383018036,0.0033928801051857005,0.003427281450714987,0.04033429237653106,2.867753979295695e-07,0.0024914755392389273,0.008710907532163772,0.007307686519159325,0.0017463100050540458,0.0032344956621671544,0.0009365109052038953,2.9094023647382116e-15,0.012473045234841688,0.012284273101553465,0.0025169319420142535,1.4742092541087202e-05,0.015640462319964278,0.004729037343797011,0.00833197924848641,8.038328817300272e-09,0.017106369006564426,0.012616555478742077,6.021551740642921e-09,0.0007314805549719553,1.1353458670345848e-07,0.011848880242764625,0.0014719699964083088,0.00026836048217964375,0.012363098248207176,0.03944850279493014,7.74711208094436e-05,0.003794844758398742,0.002632540733866642,1.7770893283182004e-06,0.021795738914731605,0.009102028803431488,0.0025556711189536952,4.016430504574294e-26,0.0034617194452692393,0.003237120367319245,6.663905396047771e-05,3.772298637860166e-12,1.2294087629325943e-05,0.0001894505849157564,0.04085833804375711,0.0028848922294420314,0.011018413025673131,873
0.0060025090064905464,0.008079818257103246,0.003572013281867484,0.005774207593331185,0.0028912926617805173,0.003403607491230701,0.00015524045600427613,7.181655923545941e-08,0.002271650617624607,1.6371055162582874e-31,0.002716419006887243,0.0056893018897828905,0.0009105881062912623,0.0010761834882147398,0.01109492410227884,0.03314992634311477,2.2415786922051238e-05,3.1866065055058094e-10,4.1345024931702134e-07,0.015448392416650521,0.009427421041657214,0.04043805712340224,6.608551889142835e-09,0.0001799327842809898,0.0030349039877479228,0.008853940765455726,4.055806658154425e-08,0.02287831345129263,0.0008357989202271997,0.02521237715145616,0.029909146008223687,0.010900013981011678,0.022379760602215363,7.718154680758287e-08,0.0005082495279771539,3.821254451730145e-15,0.013401311161055097,7.274642597536552e-15,6.27743173530721e-15,0.0015092371472137872,0.017388927406255392,0.006778647017487947,0.007988822910138634,0.006731252743202817,5.6797346105110105e-11,3.8290070743769215e-05,7.676336475151463e-14,0.006825544466663954,0.0005410824206106984,0.01603817017405673,5.4118320718100985e-09,5.5922170609414696e-05,1.1413402626763282e-13,5.860489531770231e-14,5.147208340767697e-14,0.0006034448982338557,0.015379355329749803,0.0009490473479204335,7.038011936009035e-15,3.3470636602356716e-12,0.0017186797422794843,0.014808247057483284,6.335721666709274e-07,0.006376106203928207,0.00980674263081346,0.0026026004598888606,0.008266386301354721,0.0016682734670857653,0.051038918908753395,0.07429519976723672,0.003545231287508579,0.004311022969195566,0.005924933158670722,0.0014430256256543498,0.00834794062387344,0.016825768994984086,2.5553623192989743e-05,1.3360719021623878e-05,0.0014777920956265944,2.1954546234259125e-06,0.0003952790723167281,7.392211459210272e-09,1.1861342393562e-08,0.00023820822482763655,0.007845414296674,0.0016689227557042344,0.004201695821609968,955
0.017813034236694617,0.006728903862605476,0.005870428319752087,0.0045032956433451845,1.290540379500458e-05,0.002417329722112614,0.007351538144686522,0.003521427937204957,0.0017163760251467227,1.142329032571428e-11,1.389066787755612e-18,0.00949874969857416,3.6522814670334624e-07,4.671249491185233e-05,0.011629441447090858,0.004224783180178965,1.273527284306664e-06,7.513075935357761e-08,8.127285483194429e-08,0.03570325021274909,0.0053013225400597,0.0576754281166032,0.0087939742767071,9.175363180533441e-14,0.005248675631784404,0.01272290894493141,0.0013853884439659588,0.014428263664520087,0.001868131772437538,0.04764043463805795,0.10751674561715654,0.014628305141889371,0.015012796353118033,0.0003451489809886995,0.029617709015880497,0.03548722214166353,0.016889531126052557,3.418241778646842e-16,1.1929021286722186e-14,0.0038734303735698567,0.030497128533824566,0.013635322892102328,1.7114292754255373e-07,2.163394028090461e-16,0.0005933623115911516,0.0013296598566217824,1.967353050813799e-29,0.02207184203918142,0.0007352817999120941,0.006905253809631928,3.103163014480035e-10,0.0003488170595161998,8.564479623062801e-18,7.537363270669716e-34,6.7596266696037965e-18,0.0014047267959726136,0.022543665221249964,0.005212909546910673,1.2581129104816517e-14,1.4230607459978007e-14,0.010110095356175559,0.017102879424951846,0.007010272017257515,1.2836347873010715e-24,0.021035947744103767,7.3931867571241445e-06,0.0007546773790489559,0.0016994120625272503,0.009336881029233312,0.12090447561147351,0.004181652989172053,0.00597323280449798,0.007975480414750732,0.0031021818806402928,0.02854578167373997,0.017011332502192944,0.0009761487363904427,6.740255452199397e-05,0.006244336962333527,0.0032294381304853854,2.276041668727652e-06,5.566525045085046e-11,1.2811373327221293e-20,6.068825562086595e-13,1.5843656196811654e-17,0.005515188799122831,0.000853158100784851,1281
2.6848699306624568e-05,0.0066587177167877765,1.4161332086907834e-18,0.0025460892645558977,0.012832045560272372,0.004022697769455924,4.776488792427618e-06,1.876403783964738e-12,0.01956964604042338,0.00029673826574245696,0.027438543816430072,0.002715357998808381,0.00021604008319991159,0.001192074174962308,0.013670010121882733,0.10865519348054528,0.00044599001387362263,0.0007991967744216068,0.006317730191616107,0.005263897018262165,0.009619896868942915,0.0363554078761333,1.233906368321408e-31,0.003321183177052432,4.614816079567179e-05,0.0035767526512305277,0.011041005858387173,0.007387814043110707,0.0008021993507832919,0.01113044479276292,0.025115277760960595,2.770391295489197e-07,0.02899334733269949,0.0001577736469742837,0.000906668701538573,0.003684550921670577,0.0012109392904547712,6.591339667367151e-12,6.40761445802796e-11,7.756465943327248e-07,0.013880866301282314,0.002989543157437894,3.802738365541727e-05,0.07208093581615466,0.002458985796267753,0.004113026570254977,1.075127425627499e-05,0.005653085468933658,0.0006160100415328281,0.012297221989616748,0.0019037507600997482,2.9752953221479973e-14,0.025853145259843422,0.015677741784062678,0.004090245511167783,0.0003007261881488905,0.009596874589088561,0.0033641718650354526,1.483623127263214e-06,2.2738912475284084e-08,6.25442908832397e-14,0.015027944306053632,2.836801903620605e-09,0.0003912295969100249,0.0014270443542488635,0.0005796238168520157,0.002416198265477707,4.078470265134746e-05,0.029642589390262264,0.05865358218302362,0.007239873016767797,0.007593849864367995,0.01075953292723399,0.00424409582502225,0.014995039337777561,0.02108932592949071,0.0012486429567245387,0.002805618399853969,0.004022146583179565,0.0010074065098866873,0.0009349918269325848,4.2884935388154257e-10,0.00036976900368781366,2.4550710203694926e-06,0.03490166074125675,0.0025268944248876763,0.01721541978436903,1750
1.2534042031378116e-11,0.00886274084050145,2.0716440083309994e-14,0.00257556369983373,0.011490285275073033,0.004181059951378151,7.422881392001572e-10,6.568848164648106e-09,0.0265781710913727,0.002429473660776773,0.03771925927428941,8.772273690407364e-17,2.124531961904426e-06,0.0016281511831835298,0.017249339103636397,0.13933200417806024,0.0006662976175844291,0.0019997222077434307,0.008696627350654521,0.000616600556670124,0.007012645000511432,0.044906478787582416,1.2294435407569438e-12,0.005135377309600598,9.595076207069233e-10,0.004082151697212402,0.014565521716811828,0.013425295652206662,0.001299855691728396,0.01933776380119751,0.029289611466463458,1.1211712701125931e-19,0.03924323837142888,5.480554911068168e-06,2.8179103359829873e-09,0.012473165514188013,0.0005196531865896464,0.0016319485998305644,2.2637557623294498e-15,5.931828467705077e-12,4.617229882161027e-52,0.0026053382874717764,2.3439062195134463e-09,0.11002286595754247,1.7980471049611318e-06,0.004117076359276556,0.0010891700770524154,0.004556079755903427,0.0009771613394967842,0.010483920010006562,0.001056396310411415,6.25769916441629e-18,0.04087283142774563,0.02285760542996598,0.006444918406282038,0.00018208726816145452,0.006448036970597556,0.003990915983422397,0.0034412143762318262,2.2946113291684648e-11,0.018760092481795977,0.022305423380490907,1.3543736050530678e-11,0.0017043570541348794,0.00012763083051814975,0.0037297862419649907,0.0008384690648666469,1.994650497261674e-08,0.026467693699527794,0.03188961734466026,0.006411911675862246,0.008788784492126889,0.01454333939893549,0.005276574352026074,0.033318711193193865,0.025083757751636817,0.0038258760565214453,0.0031450101487312224,0.004046256097037367,0.0015742696404086477,2.114819221906068e-15,2.6430080828635494e-13,0.00016476616627501524,0.0011647713051643332,0.045492879095418194,0.00034253667262354226,0.020893581205614065,1757
1.5841658289270692e-08,0.0028071060902328353,0.006155380862412905,7.582398808661713e-08,0.015187595789438128,0.002477623654243807,1.5096046179092755e-23,0.0013773655119953556,0.025905777609026768,0.009697113471114658,0.00837937569042119,0.00578839548697852,0.00018321416085601006,0.0019520404000546003,0.01581304422128942,0.17921291717483714,0.0007029548136626336,0.000313439183930359,0.008668504099054272,0.0031087206658246846,0.007548897644526196,0.03796811160728783,9.545157926223679e-15,0.003497265856607221,8.644411387074187e-05,0.004997671909557054,0.015127597337365446,0.01366594673878623,0.0017751209596534561,0.02943838383039562,0.029993602247984474,7.252470925244504e-09,0.05258767430179825,0.007553348258134131,2.3670644787826286e-23,0.021837875563869274,0.00011806489511446391,2.2975620162643403e-15,0.009560998175540344,3.152318620803592e-10,4.0045085175443876e-17,0.0031932811596957593,1.4138524934177165e-11,0.14797713497544757,3.173435251830674e-15,0.0025945414138550432,0.004274640696187003,0.0067072573875745205,0.0013800912265608913,0.019944434996842352,0.004125645945216627,7.00871061958537e-20,0.0427041137940212,0.007556824906160902,0.011810146038748855,0.0006345225413791617,0.011034743419141204,0.010798007963135183,3.737154114111642e-11,1.351706651953077e-10,0.05638345638058419,0.018897500188672325,1.1370985645999724e-10,0.006670069301433662,0.0036973141111606308,0.0018733617472232705,0.0009335378946071513,0.00029003673055323924,0.0365529187804647,0.10784506466833699,0.008932494660824701,0.010651841548063593,0.01880897851295812,0.006196987151119861,0.02152922849640561,0.03128599968334271,0.004960591810823259,0.005396427707670985,0.0041957048935510905,0.00012658611508781372,0.0014370349734344958,1.7570635750847127e-13,1.6517770117840069e-18,0.0018375762340379208,0.060362583721119085,0.0029580764721080276,0.032348212203963694,2515
0.0001648787307910164,0.009227352788550193,1.8593829689771635e-11,0.0033182567017144508,0.006775134166932721,1.3363137375460905e-21,1.897219625811348e-09,1.4312519749998765e-07,0.02390398831318228,0.004413248586328252,0.005869451933152903,0.009528062170343308,8.873004147380547e-05,0.0013282807755733332,0.013652149673269354,0.12765846993409755,0.0004554250447485873,4.660829011059547e-07,0.004829752318208357,0.006902255640240117,0.005390026626458704,0.03997160240575029,4.7450529821803314e-23,8.840111775003929e-07,0.0014062425848450774,0.005771839168478483,0.012861555871983005,0.012243350813987211,0.0010519351280569229,0.012046088502467285,0.03759858564508079,9.79439943660801e-08,0.026399142148084902,0.0018903823314342313,2.2421017588045564e-11,0.010860214806541845,0.0006065718889619248,3.2758496402366457e-12,5.3885977580627804e-11,1.4927844959376876e-10,4.169022276168337e-25,0.002568717687453221,0.00176834237521414,0.08134622637544399,2.41255280967616e-13,8.218200333246092e-12,4.445431664432784e-08,0.0017230558847565914,0.0008362285045568513,0.012828822105481717,0.001100485943791661,7.498230409943525e-13,0.02905711840778998,0.0045666844744060376,0.0032027561146577566,0.00020942227876397085,0.009591994571534725,0.005869516446437273,1.9491857977838536e-10,5.338800786057065e-09,0.03605129837773256,0.018497031979692262,4.326136783140298e-10,0.003610274649628155,0.001858150522213735,0.009321493830803385,2.638451355009592e-11,2.7772698957949805e-05,0.02522223193243798,0.03655392050397591,0.0064188609368162316,0.007514871661990278,0.013865638218866844,0.004232134182026121,0.03668300633266566,0.021572439223484983,0.0030638628098271174,0.0017955958871933202,0.004332858554635391,0.005083411787940257,0.0015638180200278169,4.912155648337796e-11,1.8171234421794518e-12,1.0068634367508701e-09,0.035104970538624006,7.943735367829884e-05,0.020164822353334125,2618
2.6186987197064942e-08,0.00643650222227106,9.936359082714325e-10,0.006606450382671966,0.01344305206093267,1.5305785302499357e-32,2.7786013672691324e-07,1.7975531153005432e-08,0.02531846707071525,0.0041731157991277655,0.009931440789480163,0.010510090635881379,0.0006432535746409332,0.000761221784329121,0.014828962922273634,0.16195754909929178,0.0005517928967483135,0.0017511776231603899,0.013116662720885056,0.0070422050479175165,0.01143537994870807,0.04220351003202303,0.006931257524372079,0.0014095948001739433,0.0012816665625313692,0.005173247422001291,0.013491526180358643,0.012885764721838014,0.0017657359081969391,0.01920336910465141,0.03949893613701777,9.53432560446496e-08,0.039501279664236,0.007875729329685147,1.7040516432399326e-07,0.009099518651130678,0.00030347297331056935,4.465722726578012e-12,3.689084508290166e-10,4.168180252814246e-07,0.016837040315452086,0.002630111376526654,0.008482053265325851,0.10133475796825911,4.325615867366856e-05,3.868634009867006e-12,6.746890856721971e-09,0.008645036334764116,0.0011254688410661656,0.01543468446751425,0.0026528859372882906,9.334127673516039e-14,0.03022909649355904,0.005899134996343078,0.005006416474786961,0.0004716161064918814,0.016485836402592033,0.006998471434390569,2.0154639017758616e-28,3.606904779933408e-07,9.439797230932517e-12,0.019221897665295678,5.430192936972942e-09,0.0032654276201356546,5.1178324569666964e-05,0.002831221363155315,1.5589873004786913e-19,8.490543315068074e-07,0.029488246132312636,2.8710267325586693e-12,0.009458661797027534,0.00811208385171901,0.011255001582145225,1.1483799890036584e-06,0.040245795464906295,0.02574507676341958,0.001387195716827821,0.0026946173903469968,0.004664485081040931,0.004739139168382862,0.0022229081138733777,3.4031492195338457e-10,2.6723520285370093e-05,1.5465145922870967e-08,0.04293957990310982,0.0002703940593925013,0.0267857647295562,2694
2.2525827767940168e-09,0.008732033192238468,4.6464156227117004e-10,0.005174225321932585,0.01905668178691118,0.0052551928820079126,0.0032547559527033518,1.6235397174064533e-13,0.026091327147183707,0.006501511543796052,0.0504697020781004,0.0019027610233111553,0.0008415294393862571,0.00115617633883341,0.017815681053878887,0.16067456923334042,0.0006369868927005172,0.008350935461108792,0.0057182344698896255,0.010412984407728596,0.013786659650283962,0.04753150895874851,0.006596890997288882,0.0041759283174931635,0.0015561035654324705,0.004608552469102398,0.014710188110959544,0.015005373059807113,0.0013368511701353368,0.02857164801690861,0.05039194990396154,2.165361679637892e-08,0.04231740059478434,1.3510142935281848e-10,1.168794254571529e-07,0.010858918410648418,0.0016974265068461195,0.0013277963760250572,7.726326520447134e-15,2.0411518022096706e-07,0.024204858759374878,0.0034278581021396455,0.002658155676075597,0.12865612505946494,0.003956187846772912,4.9671459096054e-16,0.002564453054092202,0.002825427196180686,0.0014648631797940213,0.01664453007582208,0.001963821490482331,1.175974362502302e-27,0.03005124059477451,0.026332500102100247,6.500013562306921e-34,0.0006304505781101029,0.014082174089732398,0.010552246457603331,9.940213626866872e-05,2.586403803897434e-11,2.333130542735917e-17,0.02370357197797214,0.0016680685995461258,0.006968804309613744,0.0038808730442243377,0.011930312585813573,0.0011596265916524085,6.32759392960101e-05,0.02880036979808468,0.045514983538439496,0.005658076640510685,0.011979320201931343,0.010636463728433923,0.004564287572289888,0.035608650516602336,0.03013854854207308,0.003995371725653061,0.005799249275316865,0.0034391908182415786,0.0016998867839431448,0.002634224998211789,4.2016617936146894e-16,0.0008831581628870624,0.00019308160068564435,0.05562992783495028,2.0406231778592574e-09,0.02897475705084102,2900
0.0024160764098940216,0.00939018986671387,0.005974323059068755,0.010797295943990448,0.013574273196735454,4.225631496001389e-15,0.01254715542935093,0.0099548628899003,0.012755231829639368,1.5459827291264413e-06,0.01822935206216332,0.0024419095971033858,1.4585793436104751e-05,0.000580178987455228,0.012236127868871774,0.11060708559376507,1.3113899625807905e-05,4.478787753245004e-10,0.002076209476857213,6.506036418153655e-17,0.00942847522463912,0.05014939366126795,0.005106202631333121,1.0146122167105978e-08,0.005813376068314111,0.011178841582036357,0.0016913477390972918,0.02223193509816384,0.0012071404222294834,1.6452724534947946e-15,0.11794064531578687,0.0001773630063728552,0.02173964202280603,3.253269019185408e-11,0.0007460672636583021,1.3338173715561557e-15,0.002259822274720147,4.115572635042673e-16,7.087546722989453e-17,0.007630708973921124,0.028810761363603738,0.017842427950335762,0.015074471502323177,0.054390198851515324,0.004750188070473039,5.104075890017943e-16,1.2925754004635127e-23,0.031068679701031384,0.0007608551451851877,0.03612300423529814,2.1331308005071456e-07,2.582688981325439e-09,0.004916385479289073,4.0477037482455846e-13,1.7813070905226954e-12,0.0012373478396292168,0.02961798824924011,0.011682535496555811,4.0830094468445324e-11,1.4259061449417158e-10,5.34541260418674e-15,0.012739240275400781,2.2114431934804333e-30,0.001987596660535279,0.015096005198232152,4.120793351406218e-08,0.008413920973291935,0.0014007765053959376,7.529875501398273e-16,6.302263390731123e-15,0.01325099997959879,6.10870871689642e-32,0.007946990271091076,0.005113151466053499,0.14342257531183508,0.030513881702988976,0.0019552384261771216,0.001277104426958798,0.0022885303977521897,0.004088758224305949,0.0004393554257591967,1.0252010354045329e-14,2.3922683700492975e-20,0.0012688378899449893,0.0257656301312041,0.00681658619885112,0.026660675987369268,2964
1.8740705670588654e-06,0.009457433141214097,1.762358628201521e-05,0.006618536620391123,0.017385715146400433,0.0030010335677260517,0.00795512426301206,0.012703672840433926,0.024379409999591525,0.004837567823976173,0.057997550602137855,0.0019821380324953524,0.001268886431950845,0.001604928448271228,0.01705361914061368,0.21213933114786532,4.402617375370411e-05,0.01771765003245302,0.008700626472680148,5.5639112312346584e-11,0.013420636954366018,0.05934966719646695,0.007159959401986902,0.009023236997652222,1.911824395421428e-05,0.005085128242126481,0.012330677527682294,0.014471492845057901,0.0012578084283370872,2.5520746340904547e-13,0.06983353422804031,1.9872325134883957e-08,0.05501716527561695,8.856550156618582e-09,0.004182716988194059,9.895591545604487e-12,0.000257214940220046,1.9124406540110584e-12,2.868691481389247e-12,0.004093083449851541,0.028147518571573642,0.005460783242946994,0.010417071790829964,2.6320027790336526e-14,0.007191758119725599,1.3371426107491581e-15,3.2541984356242475e-12,0.00872432875577831,0.0006829248412091076,0.012264256285769945,0.001559324715438397,0.0005755417214916737,0.014398494904145557,9.346047104745905e-13,0.01029060030498546,0.0009561484312539945,0.01662865500118488,0.012569325129918828,5.1196034670539784e-18,2.1757741532417133e-09,1.0785300193081566e-25,0.015693539113069168,0.0013993838578514417,0.0002405191476317848,0.01349028413504753,1.262767220030456e-06,0.001306264413986476,3.555678953026427e-05,0.019599543769907368,9.867214902893535e-16,0.009829588837477147,0.008198498053318043,0.016005559052784113,0.0050798929329853824,0.03247356410351567,0.030334398267535635,0.0002394560790045474,0.0034476933090052736,0.004624475032867631,0.010911785512171937,2.1828392197549958e-07,1.0206448896599002e-08,1.3315670260798088e-08,6.759151115701769e-09,0.06883372248073995,0.005391318486617063,0.04289833552818336,3635
0.002754541822916739,0.004978230433086077,2.103084926496618e-09,0.004550141071449934,0.007676207838215541,0.004520852401339537,0.004153040916399232,9.729059307756613e-11,0.014126475402496019,0.002137808330235157,0.011637091441687423,0.004865968639325151,0.00045153928098258425,0.000668836604028692,0.008822341582662197,0.04233677598549627,0.00012847755518037522,0.003467405265580407,0.0008325059967161731,1.427647951031107e-20,0.006745969548229281,0.030174772259977778,1.1773428757153566e-09,1.1225052864873224e-07,0.0001592555660887286,0.0044820795279826775,0.001585276600044319,0.01111042365119835,0.0011954720205890144,1.6707364673877268e-13,0.059471015020590115,0.006136728144036671,0.022442840023153672,6.14928704633096e-05,0.006850985766103019,7.610523223338935e-15,0.010101669129615014,1.8747534702371254e-15,7.097086011300714e-16,0.0010353634700944146,0.014324281685006057,0.0034752917298378,5.493000242152289e-06,0.0270266023213923,0.0014739515446113855,1.2202246643319232e-09,3.385111194933697e-16,0.0020051556580380596,0.0004054405653347198,0.012805198757977422,4.8413096937468414e-05,0.00032428668659009735,0.013954104737203167,0.005519846806115499,0.004941811796309051,0.0003737277388176341,0.008781781107957408,0.0046918844929424355,4.0675062220417695e-11,1.957021130525215e-12,4.285143573359677e-08,0.013068128638196144,1.0478426574858689e-08,7.083841897252728e-09,0.0007734661393845425,3.4926280011346825e-11,6.134964838701792e-06,0.000237952278006311,0.012280087748031918,0.06635985773022215,7.555063630693421e-10,0.005698800431508561,0.007876805452829634,1.1795736119806844e-11,0.01722837314179716,0.013989419071513652,0.00358977996037978,0.0011605680871201952,0.0003619683122469547,0.005865687417426576,5.258134813807032e-05,3.463850085298874e-31,2.5152384858448254e-08,1.13798796185078e-06,0.04020352556138981,0.002021680808443154,0.008686303295403847,3671
1.2342556435909303e-06,0.008492553524638131,2.4653927038439682e-09,0.010038609898813108,0.020625222214939072,4.274070535070554e-26,0.003829995506122434,3.9876111518329325e-25,0.0280909590463978,0.014942295958477294,0.038159582260046176,0.0021831534166922503,3.3730342737653407e-15,0.0025712721020605804,0.018350975967686423,0.24737007433157024,9.74420363554438e-05,0.025249600637229665,0.0153256703758091,9.394023472673809e-14,0.014073244691222498,0.048923779269063536,0.0080233525044243,0.009273698229848526,0.002610606184439125,0.0030894901382982056,0.014539724307899599,0.01191983243009346,0.0011422500124064325,1.4581717832112114e-13,0.037474170257449535,8.226506826526411e-20,0.06657131558516034,8.084139306517966e-09,3.826456098870918e-07,0.007486604396757417,0.001675902297428697,0.0013136628446823314,1.1308792672635678e-10,0.0017092290644034444,0.022019881420388365,0.002996274475769187,0.013416565917091288,3.361065960874457e-13,0.008592505897171237,8.868200094735518e-15,0.004468139624377313,0.01272453996018442,0.00078276395800538,0.020509442103536193,0.0035949825269704174,0.0006113103426183272,0.03349980185638996,0.01667083034131893,0.0036369006187612065,0.0007189648667584669,0.020702934545694645,0.012285510456882713,1.5314858644413312e-22,3.863385101462682e-10,3.799507732351694e-15,0.014445564000102626,7.661246827959536e-09,0.0004989115330371286,0.009204826831269849,5.545195731143362e-09,9.13596937718216e-09,0.0002241407841185786,0.03478913871243716,2.0230199206001043e-14,0.013459568915474117,0.008012090325223846,0.02043834383190425,0.006761904305437143,0.04612745185932024,0.033671607735416095,8.869978593148002e-06,0.0023788075332717112,0.003085259843096169,0.01365097139638722,2.6479160445368595e-06,4.284126763050287e-09,8.294358303680962e-09,1.016062113405139e-10,0.07247178298397282,0.004050301555081229,0.042552786345245744,3757
1.152046632798824e-08,0.011489330528466407,3.6287555903889984e-13,0.0013607788142977978,0.012977126688168389,6.946132584085621e-18,1.222514060784111e-10,1.1729504108072742e-13,0.022816543998218423,0.011063738716305343,0.0068060021064661885,0.010852868369466726,0.00013768076493158457,0.0023548938571876796,0.016346410130368073,0.15585309258629346,0.0005604982605788354,4.6343286538139583e-07,0.008115247349965639,2.389038998112101e-14,0.009602498684042372,0.04718009981489005,2.848377051492984e-14,0.0007859266302379737,0.0035438399946632598,0.005578326997081903,0.016074766349446986,0.014583146262868071,0.0011716839562145047,0.016502168803150873,0.032707013226238785,3.771510521125465e-11,0.036860570593228,0.0003926272800242365,2.0464188396324682e-13,0.01004736243818901,1.8949939484200705e-09,4.17566784004409e-13,2.386268179507365e-13,1.018700308460694e-10,2.989897484580626e-15,0.00331637037291422,0.0013827337563449159,0.102739487595457,2.0184033568280826e-15,8.895886181256546e-15,0.0029604332739629796,0.0052549122476740736,0.0011891566185171752,0.013010559796972321,0.0003093948815495453,1.5688838602198418e-15,0.03724963456601131,0.011363438429888266,0.0059124592057009165,0.00021194165343964419,0.011939311623283221,0.007969632015942847,6.118289595700099e-11,5.022388028785986e-11,0.042732588586733476,0.02096601635551625,3.9813501534956183e-10,0.007027055146534674,1.3425707995757877e-08,0.004264986575862783,5.054146077821981e-06,3.84044733352112e-07,0.03460570926009404,1.0058686846020859e-13,0.007876107310505307,0.010667847691914804,0.017127210567561908,0.004999743539302776,0.034993085247535353,0.027181030455979166,0.001030342141710565,0.004235102614328353,0.002232183622022233,0.005562645945069725,5.7951977446613314e-05,3.377731260541337e-14,5.235103324439452e-14,2.0533298009969086e-08,0.04535405630143889,0.0023758398934307944,0.022745521921598295,3846
0.0023684003433960426,0.007707183638887901,9.063182665423331e-12,0.002281540171334304,0.007439703993044138,2.025857482675589e-15,0.0011343610777367016,0.0019549905491025137,0.021951341124437338,0.008361405842103181,0.020147188627412813,0.001403136158902589,0.00048740667440681903,0.0007657195418043117,0.01028961806509452,0.10299620464524466,0.00022015760692995347,0.0023870112176503644,0.003510592799652309,1.8716052923700176e-22,0.0037813776169780804,0.03833697378285384,2.174044172053581e-19,1.084133866850024e-06,0.005046593476270627,0.005632284731658053,0.010303480488406366,0.00984075598198329,0.0011307732258750058,4.9659131045705e-10,0.06355777826420876,4.75945711099706e-05,0.02213678659012692,1.1977481110512727e-07,0.0011229197026607098,4.2463729985384283e-13,0.0009523780185437503,0.0006007645772241292,0.003441452305266255,0.003072645539773412,0.01429366868764137,0.002906969400229907,0.008464724009344981,0.04990160788018765,0.003843291644975497,7.181137821510954e-15,4.980020993979064e-11,0.01576431690932888,0.0005681686120404382,0.015948754890933812,0.0013467697901721537,1.2054076830021327e-26,0.01137971868216,0.01108605776442868,1.2522758544811216e-10,0.0005512996004679103,0.01704854350233848,0.008132839323051482,5.556427163927571e-09,8.607191320623827e-07,5.638877883693732e-13,0.014377861055875537,0.002669128217258277,0.003563372281868275,0.006765409034981907,3.078230815681912e-09,0.0021314812522035056,0.00045653258759751193,0.018270035661695605,2.0451425819646554e-10,0.0057601060518701515,0.004307193462132061,0.00776873597842665,0.0024497346664104818,0.052818706823244355,0.018344953145567316,0.004206223273716874,0.0011533346989830201,0.002783388779068711,0.0055826520333818064,0.00011576233071333442,1.4309069598480656e-11,1.5157231074642077e-17,8.211939796031774e-07,0.026501412159889676,0.0011009179352130174,0.01807550205414162,4021
0.006652238381772808,0.011088014473891319,5.71851287934482e-12,0.009848382348382142,0.013530967236812148,7.464957261983514e-23,0.002942322704340495,1.6352708421433808e-07,0.027677585293074368,0.003592309545926376,0.043519477246351884,0.0008705960736063034,0.0010495264247575538,0.0003328130181312036,0.01634703385981391,0.1742172712356499,0.00011483642877581634,0.015779456283526488,0.006430459180434129,2.2958586896471505e-11,0.005812268339113657,0.05214400268175212,0.00581354400092832,0.0021693195049404365,0.001838671427996679,0.0035727807995340095,0.014820562107642252,0.014592006471047308,0.0010956926799403344,1.2880579411606743e-10,0.05202386732773633,3.8867510577169613e-07,0.04933138553006805,0.006347915299401949,0.00616108769060587,1.333463379594422e-10,0.0009723502895383236,1.5387393086782076e-11,2.026210751494614e-11,0.0027246536990070303,0.022306968199422295,0.003702782982687091,0.007858465357559088,6.424350797783757e-12,0.004066319604014862,6.7694911348751295e-21,3.6950977505281696e-09,0.003171864428721272,0.0006704814337686976,0.005168218387241652,0.001839810182902141,0.00035894472800844306,0.027439192923470985,0.021991721093003118,2.355502825776186e-20,0.0006163227967773977,0.013465893114557396,0.010458049854608794,6.722744815185393e-10,5.044536160676791e-09,9.827589588273184e-15,0.013019422522012726,1.6444727789341217e-10,0.0005131754137319354,0.011300411777816221,0.006037422014255941,1.0772514152803724e-06,5.50634046855373e-05,0.03157321622783504,8.162898589194682e-13,0.009897527523693583,0.010659592945248044,0.014319710485327075,0.004932238514122648,0.04438350766947383,0.02810747006701161,7.930252780506848e-05,0.0019413931808089293,9.868444687675383e-20,0.010922687505399278,5.770145688339743e-07,2.891273779175078e-07,8.790084410131502e-19,0.0004693119314297206,0.049878457571029405,0.0008841639144104408,0.02972439518704645,4373
4.6690820666232984e-08,0.012068069877592026,0.004779880748278419,0.008949586000082908,0.0224689961682802,0.006694210561374183,0.009419832719085393,0.013069548196706917,0.02245811944252967,0.005409827394329048,0.05949444458288164,0.002917509769639315,0.0005432575547687242,0.0015049923288769996,0.01809640115867641,0.22053528553504487,2.716718955312014e-05,0.017116504067244707,0.007812767057226855,4.790121649499383e-25,0.014143863531111254,0.07055442228887995,0.006329802051576584,0.009588101907298745,0.005140420232468756,0.005721147120885563,0.009700009746608769,0.012546081072450308,0.0005301865443348293,1.1360583297308565e-16,0.08142992741349644,1.0533346156682504e-10,0.05687340757417225,0.00018619169543670344,0.005096852143765507,1.5774230545615583e-14,1.0902667846837658e-05,3.0181472920593372e-15,1.5956509856350524e-16,0.0065860727685335,0.0351068439684258,0.0070756224448111655,0.008156598056226445,5.352458428970253e-14,0.00987604425713537,4.558725504098541e-27,2.622142779422366e-16,0.01249386502899644,0.0008315438867494389,0.013450608580069185,0.0013654567676906501,0.0009280850348785867,0.018126196625550966,0.021695439083103573,3.60267854280585e-10,0.0013276701805314676,0.021001409846223663,0.015433909474105494,9.282982331946477e-32,4.551677452613332e-12,1.4646595461434496e-19,0.01472878213453075,0.006694814091096817,1.2249675760143736e-06,0.017130483945443337,8.02119312764621e-08,0.005806441720319664,0.00014384528970512767,0.02773890627826292,2.923378863674895e-16,0.012475052765542905,0.00840336581355049,0.015982574347982385,0.0057294706632845804,0.03209033438999873,0.03928192350293917,0.0020724086873300973,0.002212785693253129,0.005332300847873177,0.009241465321477247,1.1229434360721567e-09,1.8853814652615915e-09,1.7930514645470884e-10,0.0009075082677235663,0.07421887038448037,0.00594831131032198,0.0469167450256514,4549
1.0068378004464376e-11,0.013676765763005375,5.887445056446763e-11,0.0025421253686012785,0.010653982314163979,0.006152484320233382,5.634886681609233e-19,5.712245026467616e-09,0.021776868867014215,0.0007832751258738722,0.032539100898279855,0.00017693508498678608,0.00040559147556312096,0.000329843196621777,0.017280506659097687,0.1215703971988984,0.0005401749627763255,3.4253804458942975e-13,0.0043119875358530405,0.004741636139405706,0.01092592465102011,0.05198894065158611,7.662643605857773e-13,1.0766365991676552e-06,2.8349929199335353e-10,0.006031276985367269,0.012499043790899623,0.019597277429029124,0.001425795416069938,0.010129656754809034,0.027871375258252302,7.962573336895496e-08,0.03806127078083361,5.278947763209849e-10,1.3995985232037156e-07,0.006975852758637718,0.0004246597337209604,0.00048284434419481963,3.0313194411412765e-16,2.2629706748476783e-11,0.014769813988983162,0.0033076050209233684,0.0007922519140603508,0.09471194197699784,2.3335308467365088e-06,2.2375444778243323e-18,2.1483474262733427e-10,0.006606242326395724,0.0007724796142160391,0.010791381806032178,3.2447999006205163e-12,8.73869000659943e-38,0.03593767648098629,0.019223400313037726,0.010674518261688744,0.00022382142875128661,0.008197237018395994,0.003848510211008524,6.388242851859876e-20,7.049044737801378e-10,0.01578413526300861,0.021583264474360056,1.828472105606128e-12,0.004504686484735474,0.0008732619078768787,0.00480648505628765,3.3729269828631174e-06,1.0610568820075784e-07,0.02775993552139272,0.024262698929099477,3.2626370256004997e-10,0.008560637037211324,0.013493457942206766,0.004567061526498395,0.034099953129266766,0.026313652463813526,0.001364479586785348,0.0013573182603166232,0.0024108667374838017,1.5983515066587014e-09,0.0018309018195484168,2.253852889989825e-12,4.909329174311466e-15,0.0010718840478675567,0.03864567460358659,1.4367081697579738e-06,0.01873171856715606,4741
1.9255662109664314e-06,0.008934926292216656,4.4158249381256247e-10,0.006925626769688199,0.016997010400971756,0.003344251516061108,0.0024105443522522457,4.612599191536584e-05,0.02490760062896675,0.009479445470328732,0.04813007275128092,9.983651740789291e-15,0.0007065820434845097,1.7041658754094935e-09,0.017394757520061675,0.16765280649994876,0.0006889709584777415,2.625846654653458e-09,0.007618571588719944,0.0024733303714325073,0.013913815551159179,0.04556482133829833,6.258364876361037e-25,0.005802860443984984,3.2083361735103485e-07,0.005012652243892573,0.01740306635849278,0.014077465425339365,2.375058264566074e-10,2.3897785990792644e-11,0.03132187073311325,1.187535301002348e-05,0.04977605976679338,9.063383771399142e-05,1.7085489593826845e-08,0.011731773188093143,0.0008706828613583829,0.0020337121776150334,1.549511107242491e-11,7.099200685774911e-07,0.018351396971247446,0.003837766768061068,0.004543177916955863,0.13148302753078203,3.2472227764979025e-20,2.879525098594796e-13,0.0029579486883189875,0.00648270146420704,0.001352660307945596,0.017505478008735174,0.003361170668756172,2.0514310410124933e-21,0.036956260135685565,0.028696297934126404,2.454981158932711e-11,0.0004338561942525843,0.013323597704754277,0.009916869850772916,9.962770839868273e-10,1.6456797704374838e-05,0.019849020481996514,0.02152527011273153,2.143882741147997e-17,0.0016349877122301833,0.0038495516807188117,0.002664947727847777,1.2952264845288435e-05,7.474609304621965e-06,0.03233541207475058,1.1015076896960334e-12,0.010611929472431635,0.00854090684001019,0.016717417675478286,0.006541640941558984,0.04053202325146682,0.027291995315330657,0.004786165308493068,0.00399834224784269,0.005261170836727769,0.0031118501058244653,0.00029338844851105447,1.2273924191689456e-10,1.0053508330215479e-11,0.00019738585439105273,0.05721139103193156,0.0032774690193237517,0.027141457745112597,4804
6.367620104072141e-08,0.007924121029623225,9.547564389521052e-09,0.0043889413999012175,0.016764044901367382,0.0024888727278643886,0.0031243142175014353,1.1578695772199292e-07,0.024853277982853143,0.009383864081068961,0.05889310658626029,1.267216139974015e-15,0.0009961045469261249,0.00312227761122302,0.01836785655515192,0.21704847685388812,0.00014699568882525828,0.01705964118873208,0.0077062371422961405,9.911676005805444e-12,0.013165629771201164,0.056136427098378655,4.859768816810293e-20,0.003751313944335515,0.00357680651725812,0.0040624582312001264,0.013550217934627238,0.015377938033271211,0.0024568120730506663,2.443058193459975e-22,0.03690939530224481,1.302205840018728e-06,0.05762518134001197,0.007999604396451539,7.048904175009019e-10,0.009322702503185716,6.4632644632367465e-06,0.004331175972242664,9.78713612056005e-12,0.004244270539349436,1.3868260969039853e-35,0.0034528906611313876,0.008937713058757157,1.2095089806634988e-12,8.718483095327428e-13,7.426942983482334e-14,0.005058494597044383,0.005406503663312966,0.0007929188335678564,0.012908489528925165,0.0022329712890280253,0.0005595113340241204,0.024995087178257727,0.03272983732808066,0.0011224200057571051,0.0006680643900641243,0.013490440693274864,0.015180759051689832,0.0023043455259261166,1.745734481240084e-08,0.03330826397028085,0.01549410640112783,0.0025683797698246953,0.009908804558070599,0.004735716298262373,0.005468472966998664,1.3877173167628976e-11,3.592789193955902e-06,0.028700913284673377,3.879163676951694e-16,0.00446459195499429,0.012290515510987962,0.013307914778941887,0.004352725131608314,0.039773487033004803,0.030959482678137366,2.6333004524512323e-05,0.0016217321551071746,0.0020117818628011116,0.008746597740246855,1.6545831647053088e-06,5.488090858452054e-06,1.8289453464295248e-08,6.2787073856104115e-06,0.068389245342165,0.0005187602918101624,0.03752306991322313,4960
1.4550644616009091e-05,0.010847195806241787,6.822418917762409e-09,1.0506948306225481e-05,0.018091754106158608,0.005320522368728239,1.176778742782242e-05,7.322890419680199e-11,0.025921651379730987,0.012645685263448768,0.050536128146383114,4.0021600004035944e-11,0.0011001847067342273,0.001523531743744331,0.016370800644701793,0.17785225739905647,0.0006408445504854459,2.933342270679457e-11,0.010638808874632607,0.007233201474479872,0.009492492635128514,0.04576759613971034,0.004163791260065672,0.0034340300983596406,0.0029494630386555083,0.012746367755369482,0.016014894700500774,0.016592383430378797,0.0012972542284789836,7.198496037731274e-22,0.030639264484541177,1.1422650147155256e-07,0.05206205065491245,1.486111556160268e-09,2.904765640012152e-05,0.007328026966493243,0.0016538771672715824,5.702910731748246e-13,4.431251270968863e-11,1.2146241258433013e-06,0.02333022271822253,0.0044927233446079235,0.010295246878501729,0.13530534370613906,0.004878812620498272,1.7980709086818283e-19,0.0006225748577229918,0.012559563613925469,0.0013172456677357424,0.016169116432706163,0.003345825996278385,9.864123237425212e-15,0.03757649099543664,0.02822942424055852,5.701454706405346e-09,0.0007692533349928526,0.01535372629384822,0.010883267096717091,4.708513528037914e-30,1.2928845278533275e-08,1.110307790266682e-14,0.022398909392020647,8.069371137269958e-07,1.244864579292467e-06,0.0026086911717021297,0.0009624754716181494,3.0434750505330834e-15,1.3030959580892057e-05,0.031081016717312903,6.804988189331124e-13,0.010879016991005382,0.01137182697279942,0.01013151966556182,0.0062437820827667,0.0431878679894339,0.030587625739891912,0.0033771206872317736,0.003945893839665045,0.003965566052326863,0.0013517810421040165,0.0007284631565700296,1.9162491336352023e-10,8.55427558887589e-11,0.0027292595703989225,0.05726957074454573,0.001371243141463902,0.033121856500174636,5098
0.003644975371530001,0.00913486229527686,4.269574651795318e-12,0.004245264898988696,0.0114257969267532,0.0021770571953066324,8.188846667856603e-07,1.191240343085182e-06,0.024633076718068858,0.007427477735933997,0.033064157973768674,0.002162027882861647,0.00022298378195298116,0.0007023680712579464,0.013185931677366796,0.12160324594628276,0.0005142389342514376,0.002812902604099459,0.005730345407605866,4.4157611118002306e-11,0.004493814747294305,0.0380488431926781,0.004673955867615175,0.0017343926062629734,0.0024258562830263984,0.0035026091070587606,0.014092027329348158,0.010093558771867708,0.0007945927710754065,0.012450428708718861,0.0355525479432906,6.261064616190416e-07,0.033609134366202255,1.2675070111829492e-07,0.0009765942525173886,0.008287670877436669,0.0010241092859194177,1.3427158064794608e-11,2.195876908137529e-11,3.0975305257962754e-07,0.01567720764044997,0.00273023628833549,0.001678707060068327,0.08714322648487235,0.004297952253054059,1.1266223636874097e-13,0.0026989213443493723,0.0037953728433211898,0.0008246522641805991,0.011420269424027057,0.002082575480376818,3.383307018978284e-13,0.029504512164710086,0.01930000988996943,0.007767015142411614,0.00036162478424976003,0.010915019756245746,0.005629808829958114,5.702914015185594e-20,3.1814469949997053e-06,5.486351593882321e-30,0.018945729705004525,5.015990284108125e-09,3.771443964922138e-05,0.0002368733325340468,0.007419933611377879,2.3148340141568356e-05,2.1877673093827956e-05,0.024563390716516465,4.0023380342802303e-13,0.007875431393057224,0.007008104378288099,0.009616596303593931,0.004264190661832537,0.03883798372018124,0.022828863228813414,0.003638137017537612,0.0032785729871187006,0.0036121871721357278,0.004594068280699245,0.0004248916427484087,2.9225590300611935e-09,3.310529211451726e-11,0.0019888783029517235,0.03822716166571549,0.0004998141428536608,0.020051673055393824,5107
9.011683395934609e-09,0.010255308567205891,0.005294866857746538,0.008076536378729595,0.01776575858049388,2.5088221392945352e-23,3.238837353865839e-09,0.005853273340710512,0.01735418707444996,0.0011011830281632549,0.00486937622721275,0.011491218270161065,0.0007641807537022523,0.0014725218778026726,0.018169547638887874,0.1619276963931234,0.0004692581844098258,0.0005158119051733062,0.010711872026351075,0.016393108676017756,0.00888219942109558,0.0504141372565668,2.2751466893422916e-09,0.007794373561199579,2.4157995142278226e-06,0.006685240464598461,0.007391772146076666,0.02056582973525708,0.0009148599581656194,0.023134815930365524,0.06436068892364431,6.001227183025984e-10,0.027409747672050504,0.013544847646363323,2.6104075739576435e-07,0.013445086599895604,0.0028593582841222446,2.4590726628764482e-15,9.776975842274998e-16,3.661667888182317e-09,0.0185813266557531,0.0036536430303490777,0.0043173467384895565,0.0966158981007713,0.0036024324954986786,0.002786128198148327,2.1598665797333705e-17,0.011987964890064332,0.0009660932236251192,0.018661327656769845,0.0014464364475610012,0.0009784932116426086,0.02468362509243907,0.002415000979724731,0.0005237325616604836,0.0005388996699750395,0.015960675130220137,0.00955762904831805,5.127554173477441e-24,2.176232735857107e-10,7.427587699010164e-15,0.018494011784264346,8.936726989124903e-18,0.0012061053402347124,0.010104179918558179,4.683932211051688e-09,0.0001453899053031475,0.00016911568647397785,0.020605689839001674,1.490090177762081e-14,0.013056701978985076,0.00650840438458536,0.012155456630062804,0.006134007263266201,0.03446339927368287,0.02818004037327134,0.0010885691987249793,0.003548588622727181,0.004835587641656224,5.363522569791871e-08,0.00011692995787477682,1.714552212133186e-12,9.731695959829105e-18,5.03569762570297e-05,0.045652243644798286,8.253020553212253e-07,0.028541696401604335,5210
3.203707419627192e-09,0.006697139768253998,6.331535273481452e-13,0.004255524035599511,0.007289404429310772,1.6730574071878678e-32,5.132076504112965e-06,1.3245643148811632e-20,0.022282108806272426,0.002515499039135648,0.006472018455398943,0.003443786813138777,6.211770791410677e-06,0.0006757956720898801,0.009422590765136078,0.09065295285341222,0.00041564267093107445,0.0013075513474473418,0.0021269489701819526,0.005842845965635691,0.0042303200070781255,0.02851241624636668,2.451205959758762e-12,0.0006205640560576731,0.003903411125317253,0.005115680766806223,0.011815782538766861,0.004055767948682353,0.0010752211178856126,0.016862871675104908,0.049146844315859035,2.1919120480092663e-06,0.0354307553571156,1.221178758320465e-05,2.606225633419562e-09,0.024243708377233313,0.0021418159551121418,1.4759643075686672e-15,0.00117729671904168,4.40491123657523e-11,0.00022192422197066112,0.0019770456152424986,2.7661868212983364e-05,0.06387269785651833,0.0009232871647419052,0.0057849611120737165,2.9542157261100342e-12,0.013350493993831676,0.0006989754737139243,0.02036221650970428,0.0030475374285463055,0.0004990149086287867,0.02195216636617344,0.009950133507252967,0.002601806031878235,0.0002920702511805589,0.0022639112292543125,0.006877676203888049,2.4964644015902188e-11,1.677057290855779e-08,0.024604016637914266,0.016288791707869444,0.00012285616923062899,0.0019837861822220716,0.005424876962232576,2.1337970286806705e-10,0.010574103848441773,0.00027547440782358447,0.02565101102974371,0.06286571248718481,8.986935771877966e-11,0.0034590147451119845,0.010569807489396456,0.002406707227519493,0.0383934232695854,0.0185143178001221,0.0031491328592481165,0.0018874968762753385,0.0017315810791887047,0.007754662909006536,0.00030122370042836514,1.3834917419293705e-08,1.5587149416786482e-15,3.651941108653902e-09,0.03031964524400758,0.003226822288030973,0.014705048399229564,5257
0.004558059257161585,0.007719622429035179,2.6368685020140832e-12,0.00889657339784791,0.010153278527084376,1.4972258336748044e-22,5.376638328727794e-08,1.49783434120848e-11,0.030532682928799102,0.005174138983264312,0.032826930673818505,0.0022265639706274295,9.481854917434005e-06,2.22239145463046e-08,0.016243257883520924,0.13063854426348656,0.0006691925356322662,2.360779017293296e-08,0.005615423422626795,0.0038204973800552385,0.005306794214118127,0.03879231885604283,0.001791006904166628,0.0014960771326545253,1.5484975811795025e-06,0.005001920228264333,0.019798420342662,0.010305917653672707,0.000536206242069383,0.02355666480417036,4.3081472820639456e-06,4.642386649969614e-18,0.0426107677646727,4.833599846506348e-07,8.370373778055954e-08,0.03590460606498133,4.643436656073236e-18,1.8104530167245462e-13,9.324143870263585e-13,7.782067843494799e-10,0.01340199280272491,0.002949399133530738,2.2111830950406816e-07,0.09625523771569794,0.0025929583735249365,1.143990942721845e-13,1.2404357446641823e-06,0.0014365061498191765,0.0008120951182936725,0.011617256065670276,0.00016142568155010792,2.9052051294860104e-14,0.049266478262687007,0.02670625845998775,3.636765516080634e-11,8.70734368163056e-05,0.007851493769799846,0.003155902322103995,0.0006476128727820412,9.38766615441941e-18,1.343997611490656e-14,0.023804089589309223,3.438585175016264e-12,0.0005260654807910181,4.357282168965198e-08,5.5598019766672964e-05,3.631865300043979e-21,3.499190546849866e-06,0.031099809084002318,0.03977271367124911,0.008509249069123637,0.0034136983989526207,0.009861307867850692,0.003812334110543255,0.03422352023773831,0.022940714844759853,0.003531606103881915,0.0017525725413690776,0.003827835996857198,0.006455921003224606,0.0005245548407890126,2.353581024139365e-10,5.12282254469173e-12,0.0009286389986442765,0.03893708835835706,0.0017517520659002727,0.01888013291219184,5676
0.003544996697615003,0.008042931352861106,0.0028133477884391815,0.006377734995132823,0.01460425751555293,7.32496179993365e-25,0.0019223159349008815,0.007010018047378428,0.01819677799237518,5.667885814114167e-05,0.005568699841969268,0.007648016891335859,0.00011486882969582082,0.0008996499135766931,0.012217093421791695,0.12544515764823325,0.00024811561753139454,0.0015003490036115915,0.005678589020976578,1.0082059001115747e-16,0.008298562108584616,0.04110070263614384,8.25649696498811e-08,0.005913443210549294,0.005183532519814959,0.005052816566310318,0.007133745189879194,0.015340896336822316,0.00033073174331487554,0.029514629287866245,0.06921389383794223,7.902515115872534e-11,0.023944277017568075,0.008444807585522959,0.00010817377065671955,3.560618282058546e-14,9.527252112839804e-05,1.3365697392720403e-13,4.923483266539241e-15,0.002949389110844212,0.021036476162609792,0.006120055678329206,0.006896888364254887,0.07261840536320745,0.0032531235968170057,6.057872924072781e-16,2.726366292190364e-41,0.008929589895382279,0.0009848217696028603,0.015318376657731385,0.0010075510192498513,0.0006783066885922924,0.011943140305398992,0.0005810094749821598,0.0008102101836065159,0.000671201660322674,0.013732725259402136,0.008722540993024976,1.0892007014278006e-23,1.6730304346029644e-09,2.1779805813333802e-13,0.01549683169781451,0.0028760373783481416,0.002389921841735146,0.012625226070784585,0.0032082693402462493,0.0025378184337582666,0.0003157739047465225,0.017950104411148384,3.137470514820329e-14,0.012555195472861453,0.0034548843452246905,0.010939141851222061,0.004578846014412606,0.033980647573909485,0.02312778856609104,0.0044894778308577216,0.0013255070475075036,0.006534042559946926,0.004472104129112161,1.2623400063092664e-05,3.909080658204029e-12,2.237752295048876e-10,2.6706697763390285e-07,0.03713482101586163,4.048116623549265e-05,0.026445505874058726,5778
0.01100604724688252,0.009095722373282801,1.0503692504540929e-07,0.008424268826745218,0.008518722722812445,5.149794598827052e-14,5.0227038667181455e-05,1.7143443821699208e-06,0.0254949250662486,0.0045506610828467435,0.03276247182077041,0.015822769599180095,0.00043474478082465535,0.0009478526797189862,0.010773636642035418,0.13140577066998013,0.0005234699277024758,0.007259414956724216,0.011026789339284448,2.6191647756995956e-10,0.004570551205108531,0.0332951787942282,1.8213357545426912e-08,0.006042272432799352,2.1623626795649935e-06,0.004539597843824152,0.013166660874082652,0.013923311809841871,0.0015873248433982941,1.7847609076412933e-11,0.039428581396938965,3.311559447015802e-06,0.0376238900828254,1.0550772002172739e-07,1.0151055084319408e-05,0.00996514879391984,6.920116420267052e-10,0.0020894975369830453,9.586470520970713e-11,7.323172075782914e-07,2.097137173754886e-26,0.0011713186518003346,0.00850561125077416,0.10026550127898284,3.658516922047447e-11,2.7780788593493607e-11,4.8736136156114055e-06,0.004044448110303626,0.0012894049960072962,0.01483132583745373,0.004622151631605441,1.0151017313872518e-12,0.027349256255784948,0.01826654586645952,0.007101614837305687,0.0005805776768952656,0.01248024573526761,0.007970151921203796,0.00023623418343761356,9.57996653435311e-09,2.8982098463071264e-13,0.019900905137875086,1.4889444307327208e-09,0.0008398075972646311,0.0021022427440017004,0.0004135382019458204,1.3230722129079685e-05,1.3056687679635545e-05,0.03865828186398596,1.0186522423764916e-10,0.007912707123025681,0.002973058955721269,0.013710821654328737,0.0030166139340227324,0.04864811049940964,0.018657212796413854,0.003639830442251169,0.0038951072442379325,0.0031194756775158707,0.0051410164090247255,0.0004917045805016187,1.048175952882125e-09,7.160384946893601e-11,8.626502039152555e-05,0.04189290782801298,0.002355851886645274,0.024740458779452565,5910
0.0004566140423177117,0.006826405458586616,0.007422677969514924,0.005264808788908074,0.017970691915218495,5.0924830701717095e-15,8.851898686591065e-05,1.396232532498406e-05,0.026117844446934223,0.008586126778341096,0.010319538839646984,0.008501628519600493,0.0003635944758758154,0.0028245084059444914,0.01692865103191709,0.18777113405119736,0.000686475542420679,0.0008881119938657107,0.007847766246948409,0.004872878416899735,0.014014729179168968,0.0397101804199621,2.974437298271706e-22,0.00028271015268015577,0.0031683236439649697,0.0046957396545266915,0.013318301704227289,0.016578669528886793,0.0017370387028334715,0.011877175283056155,0.025614924135969688,1.2962312086979824e-07,0.05140651986586871,0.00587255008836765,1.2159572567180966e-22,0.003736947420874887,7.7873972234434e-11,0.0008710773987253059,0.0013832683634816148,1.2908616536650447e-05,3.382623740293647e-25,0.003040358407967556,8.576159507457182e-05,0.1334027656241834,1.1989627417029087e-06,0.0011409452352848727,0.008073718702796384,0.007958315990558648,0.0013388874505236737,0.01869373779883204,0.003462036422493598,1.0799608790663313e-12,0.03430991248088928,0.010134082140799158,0.009290513736415361,0.0005492790212412931,0.004337661365280636,0.012282054138320384,0.006758430799813655,6.459632051196151e-08,0.05616427845730153,0.020151505859183152,1.5011402236680242e-07,0.009226103893081993,0.0025344835753645318,0.001763652958152252,0.006515667639345421,0.00013848941556314243,0.027666334189447132,0.08576270522327932,0.010773265378936676,0.010286375508769785,0.020351384847996628,0.005724681451869758,0.02878943959967861,0.03232975742187835,0.003866011650382476,0.0037389921211006803,0.004569414353584632,0.002372868029168025,0.001873820400944212,2.0969316818005064e-10,9.450214525153278e-13,0.0008742673581199578,0.056352400108581925,0.0018807616280498282,0.027973923578493994,5943
0.002962012084877264,0.012015675497321548,9.31537522048883e-15,0.006680251717231651,0.012918863187073311,0.00175242217115143,0.002027623411510263,6.775462341077359e-13,0.027279880990153386,0.011508539836833859,0.04476042953694351,1.6563308581096057e-07,0.0010739700383636127,0.0014018440180517163,0.017981106756770487,0.18779568124693694,8.894464879439292e-05,0.01628811238060704,0.00812112500107433,3.406193166963047e-18,0.005393117671960077,0.058678392314579005,2.9495554030470736e-15,0.0018607138217867014,0.003698243046631575,0.0050511049356687385,0.01329955930973548,0.015837778727719323,0.0015435202771940189,4.0098777999001775e-14,0.03877129717643241,4.1737464085308726e-11,0.05073982438229127,5.83887865068192e-12,0.0064567156896709575,3.9652234274248265e-14,0.001182627931717504,0.0029548864086847097,1.3493209438594872e-15,0.0019985873452437897,0.02076135340282522,0.0027450615776355865,0.006088733691885325,2.2347818997231233e-15,0.005388704183306936,1.125454013433374e-14,0.00037946815174116493,0.005062546227331901,0.0006097194010843761,0.009180462330119602,3.005636178061847e-11,0.00034493685733895754,0.030654043956776737,0.025484600156313198,1.303236281741738e-15,0.0005037519237574911,0.014659047759435455,0.012101582169619485,1.224136449075756e-11,4.546275724435269e-12,1.459313989885506e-23,0.018771429698196066,1.613696465546817e-09,0.0019406724816410114,0.005832027183276532,3.3209426704920963e-06,1.375655576895419e-21,2.7116049191404255e-07,0.02703773484774682,9.430822274289998e-15,7.228786701351128e-17,0.010857508612919729,0.008747555139754915,0.004227079514366855,0.04473939647469852,0.030082345396621857,8.163096276228048e-06,0.002479612790861431,1.983370804978585e-30,0.011268196574263614,1.870900523798761e-05,1.8439824347603206e-10,1.2829485291153415e-08,9.492659205906969e-14,0.05099793766192018,0.0010516856081896988,0.02936954310024785,6061
8.811296446171214e-07,0.009883706373654471,3.679170844215111e-12,0.007000568444965289,0.012257173727081181,0.004726350096506262,2.0364169866520494e-07,2.184676086608593e-33,0.0286994572019931,0.00751560563392786,0.04530699729068885,0.0014689273464614484,3.252431210788694e-05,0.001497509334708573,0.018485214055524713,0.16345656661869876,0.0007379853835770945,0.000439046314600852,0.008504438567533704,0.00046493460897559106,0.013704456476478213,0.04587063740194013,0.0025381428516065055,0.008401599657795812,2.2928922461225273e-07,0.005313568830614244,0.015147776235766765,0.011611116971597207,0.0010567438710327858,0.021492982032640683,0.03205260927693643,4.0673123403233746e-08,0.04615969541969958,5.596052753390447e-07,1.2813688598821709e-05,0.013870752841030797,0.0004936546465069094,0.0020513889279676054,4.429695797291413e-12,1.7193413623019407e-07,0.01817624424198372,0.0033787307227249688,1.8085186468155953e-05,0.1275977478812595,0.004658075082572651,0.0042298926793655585,0.0017530058427195762,0.002000696627156223,0.0012056715822396623,0.014116289839745411,0.0009151712256289623,2.1598166901070266e-16,0.040220095077018764,0.027554707202926007,0.00849802368997409,0.0003281310045165236,0.009287687294777674,0.0035496666611522006,0.0026598159939880254,7.789171065874267e-05,4.296306303852068e-17,0.024121761439936232,8.215253493196728e-11,1.2778856925770406e-06,0.00017190614095999345,0.006993081056794103,5.428871087336652e-14,3.072220665816791e-05,0.02465617864157839,0.04102621427362966,0.009106906629392524,0.012452664405823518,0.01459271249374142,0.006529640467057219,0.03579994222369191,0.029893461147171087,0.0018735787007767256,0.002654077003097595,0.004843055895575787,0.001728930886496854,0.00014188327858468213,2.1711061569323757e-10,0.0004752520922514579,1.0285693473267431e-05,0.0542348298617278,0.0010749723581772808,0.0244816785613351,6065
8.199734663260288e-08,0.01112777104245104,7.0344476852744455e-09,0.0123077222185298,0.01919128581340489,0.000669042140576761,0.009143117087021368,0.010423333714168747,0.027571785714717238,0.00631882256002029,0.05294859944168946,0.004488837438790711,0.00102001124147669,0.0026879076094413626,0.02130685032037134,0.21356878630023496,6.569472968423675e-05,0.0165960332304966,0.007664408515950411,8.656141356737835e-13,0.014856543487745203,0.06516851102412546,0.010403510474860704,0.00848624988035698,8.285761292744806e-06,0.005660798075353593,0.015358544003622129,0.015379376359511959,0.0009853814955531697,7.509341734243707e-15,0.07161872129646976,1.0120035293864484e-08,0.0514521238544272,4.400813133241033e-09,0.0002583625665819545,4.356993254803515e-13,0.0005193929679943438,1.241865656390096e-13,1.0901543977888553e-21,0.0025722656022962244,0.02897781820970992,0.005329586889807131,0.009115892435962508,8.855501620600555e-15,0.008603908456849687,1.4114411327653437e-16,5.2839540386174246e-11,0.010273404743102394,0.0006289318468883141,0.012027072547544327,0.0024988330011900713,0.0003421845596073178,0.01965906031269115,5.529464670633185e-21,0.008917901776978696,0.000694970421495738,0.018182383679494405,0.012039606094480184,1.507456166256528e-11,1.1536571414995757e-08,2.7650501899586008e-17,0.018384268846907196,0.0020256998143052814,1.2712671068867644e-11,0.012992515560629607,1.0264765175218097e-09,2.2173269762981246e-06,3.632044147378795e-06,0.023393457766315563,2.9054413760516385e-25,0.011368303420028916,0.01060497894840813,0.01825586313847551,0.007027573438355915,0.04100073356581991,0.0321931977438797,0.00020797492678592148,0.004343539643994674,0.004159191539792192,0.008983909195443165,8.151243263284967e-07,9.044617810781419e-18,1.1141513005813943e-08,3.4953757001184207e-09,0.06423305983506616,0.004833975444478059,0.03935702573882799,6103
8.953699399675823e-06,0.015119372165961003,5.6691343371613115e-08,0.00696964088024652,0.013477093559194152,0.007875084723344658,0.00015455773864263988,4.4369191154145445e-07,0.02415704061180306,2.178938582050543e-05,0.03849106842451403,0.00404071748855043,0.0007876664881632893,0.0013148228858770367,0.02064382800807228,0.1483822253929469,0.0006699551664430516,9.6785909670746e-09,0.006766263458515358,0.0054470310054080835,0.011089584598496271,0.05696018932052755,4.214093545289312e-24,9.834501437659774e-06,0.00015745387041711306,0.006298754112187718,0.01269817026277034,0.020116894645928727,0.0008284756286028339,0.015870876657646072,0.03758930320193673,0.00020641001943560316,0.03649436528224696,0.0054773219477482205,0.006242322903743494,0.02431029742905147,0.0011237669889837705,9.535715305573262e-10,2.2607026922173015e-11,3.6598770901695836e-06,0.02128339617500795,0.003557410460389793,0.00033008151557748145,0.10550776825916709,0.002740189636464468,0.00022866692833766936,3.368006396511179e-05,0.0055002545632718055,0.0008748153033048674,0.013951744940343215,0.00012810791009305178,1.749103411956578e-18,0.035172967213276236,0.021020578611513324,0.003671289576628355,0.0003167004508783692,0.0068642082600260754,0.003927444702885431,4.004711633217616e-06,3.000153605274924e-05,6.374821479185481e-13,0.02703378432856563,1.8327656686247063e-06,0.001131099719612858,0.0018746433292330298,0.0011067569557545733,0.00024649400729879014,7.362435345997732e-05,0.022422910699621112,0.059517645437003885,1.294603475354437e-06,0.013070953930304538,0.015787844587213773,0.0032500415438130484,0.027009542494639455,0.031244699914488253,0.0004892480185552366,0.002649005403911148,0.004054993074145515,0.0003454646140038396,0.0006806679693838575,4.500825792146525e-11,1.1375076088278072e-05,0.0009191503539163625,0.044795484488433734,0.0006722061409364109,0.021184205740503427,6263
0.001795091431487582,0.006929246008475254,1.8377842544816647e-06,0.007080636898079225,0.014040183111954046,0.0017119324044958808,0.0013490912649262706,0.0054244543024751625,0.024172247102534968,3.0805351828143073e-09,0.03018672438574375,0.0027988011906315874,0.00021008748697373014,0.0015449661378815183,0.013255547840946288,0.1340451640674054,0.0003826212057439326,1.1471503493133226e-07,0.006964078540212958,3.7585317359843704e-11,0.009821751156451116,0.042874184599843594,0.003029037385005054,0.005257457794868503,0.0007922769705226626,0.004760633953583513,0.011178755361861347,0.009811918665790035,0.00026029384484094436,3.1663909829233647e-12,0.061137053432371365,2.2085116317435734e-08,0.03843296093069064,5.6705039895951336e-05,6.599133313864094e-06,1.2925839651178715e-11,0.0019439730835918191,2.5149002516527806e-12,6.539300407230781e-12,8.586804465572295e-09,0.019193661467285156,0.004762460898464848,0.008694778426966213,0.09401312966681533,0.004399763811470135,1.7552272100015603e-14,6.533687550751977e-20,0.00860219350973083,0.00114873210559244,0.011960657056114491,0.0021663404716212847,2.376516716083459e-13,0.021863712088296117,0.01222081001151001,0.002682846540538093,0.0007090341652486599,0.01562808283957568,0.007061412381050141,1.4523915341250354e-27,7.141333322474457e-09,1.5994951572188773e-15,0.01940256859306066,0.0010123178918314737,0.00013293468545333293,0.010028179871727227,7.2084024826466756e-09,1.7371155194513375e-05,2.5554451911131173e-09,0.023121999767880565,4.165652681914754e-14,0.010008550325899906,0.004052735800816051,0.012397347622167775,0.0036061616731746836,0.0379220211460222,0.022148135758664075,0.0039106709108451855,0.00515667245442741,0.0048156713464368416,0.0037944408089023896,0.0004025796285813501,1.1428418576557641e-10,3.020019027628037e-12,9.637204536263526e-06,0.044101100757780974,0.004577316407346481,0.02658089728662568,6276
0.006100732780949353,0.003528261237247081,1.1436189560546547e-09,0.006258846734738522,0.010478697679254906,1.1902429666639642e-35,4.2757757187366874e-09,6.726965325598535e-11,0.022952634635972843,2.6058697158731854e-06,0.03091589000549885,7.44503455809715e-14,0.000610139481616361,0.0005677078769403225,0.011394802892018292,0.11783013849399401,0.00039456820996079434,0.005975979104338943,0.005663218186597225,5.264919893195202e-12,0.0035471701607462853,0.0382052540013493,5.552630635139469e-13,0.00330469580099467,0.0028392920937337957,0.0052290080886768266,0.013984695695816483,0.014279868475949056,0.0007254906899206439,2.470586901230811e-12,0.05024198662960336,4.228666518514469e-08,0.037359965695012806,2.8045664706474643e-08,0.003529293959290567,6.340077125576887e-12,0.0010160245401600488,1.7675376316414786e-12,2.4738249514965298e-12,1.0400993850662326e-05,0.016788172063372648,0.003985464451489277,0.010330426565861186,0.08446488730897946,0.002729861591380626,3.1235028248450197e-13,4.521111343748787e-11,0.008032739148941394,0.0010231654033019733,0.009496326563563556,0.0021787166178376008,3.1052934718754464e-15,0.019420284537730346,0.014146158168582073,0.0038621703104865625,0.0004934072528609045,0.015343520240960761,0.005032696254621383,1.2847824572893293e-26,5.23221365873994e-10,3.696565470896182e-14,0.021178090474444203,4.865793241066965e-21,6.469429368997552e-07,0.004407082392923334,0.007732776065306332,3.3460610119428037e-06,3.277649213243525e-05,0.02549658318847532,3.0261696445023303e-13,0.00866448951471973,0.005922152189772901,0.007690968291181794,0.004075573508682958,0.041683982142931245,0.021196157591840174,0.003120114170742969,0.002982506110348386,0.0032840633153333643,0.004953631529899173,0.0008452397074704647,3.9939972145150064e-11,2.1276983301721133e-12,0.0015159701828667464,0.03680157722896175,4.369247016901581e-06,0.023075942088432687,6422
0.006315578596084551,0.009070441628403115,0.00625105436560471,0.009856520579897922,0.01658405914235941,0.0008319844409747417,0.011296906859725538,0.011820045988684547,0.018722285209928573,0.0022067041861145342,0.023370589508001045,0.0032011905957708307,0.0010299847873921594,0.0009991230323031953,0.011937728504560766,0.16179751983348886,0.00011289868414732644,0.015677856147513852,0.005261365730593269,3.2343073613664796e-10,0.00787133087674967,0.05809132916344263,0.008867458535652692,0.006624260877431131,0.005476388043199847,0.005742369311881386,0.0007208651289956336,0.005973080371616904,0.00043779191093242534,2.9881299936521185e-09,0.08283185802480718,3.647574065115615e-07,0.043664466694573405,0.0017858200647774003,0.0030751486174176654,9.226790220035482e-10,0.007251181531729415,3.458535342343849e-10,5.288849520878414e-12,0.006556255703126603,0.025345863322068337,0.0054327319349675735,0.008589006704031545,5.451058534547073e-10,0.0012315791158126587,7.93978472775895e-20,4.545372971484122e-12,0.010209923868850904,0.0007098410768091124,3.2105989772286203e-18,0.00044411947884321056,0.0007170533303442755,9.36774131780861e-09,1.9451044753813235e-19,0.003881414647933182,0.018803452424554428,0.018555987296668384,0.012236092718968482,9.291260339237572e-19,1.6139781136883844e-07,2.8185131580810498e-12,0.012787407299322845,0.003671314143896546,0.0001562581289479921,0.017698667316652025,0.0009057052815914562,0.0010817179981055462,0.00023838538957662284,0.012708718180830685,1.6449073308714875e-11,0.012650317530119146,0.011059004054704051,0.01393136081769462,0.004799369771382481,0.025364949629938547,0.02434098715927392,0.004461056893769733,0.0020357080262764565,0.00474400632492594,0.009340416101609421,2.1560917162474145e-07,1.1422386625302872e-06,3.4473480273809444e-07,6.634540945867315e-07,0.051812190909659016,0.005725934889575364,0.03945305115523287,6794
1.9615887712291893e-06,0.008981214154359434,1.382758642186372e-06,0.01002387173318709,0.020719347894707404,0.0030242804082559285,0.007358408749580171,0.003522332392361512,0.023717900483027642,0.01006830326596065,0.05610573918948933,0.0018896498223900532,0.0010686741182279508,0.0019654158918225445,0.018291042771304496,0.19006568155083306,8.620489686494615e-05,0.011053705005367082,0.005258811433132288,0.008906312473885094,0.014631616641160139,0.061193358224957015,0.007610550642738937,0.002975792634153496,0.003342210506083641,0.005046202018188174,0.01328342212096347,0.01866047646083974,0.0007153888162735765,0.03979473881703237,0.0543987833681081,9.693245884906311e-07,0.0498523540392364,0.006901691015985808,0.00923012701264057,0.005926865305691815,0.0011666423004403738,8.342951627023323e-13,3.202225380384056e-13,0.00541478536527056,0.029367862414114505,0.005545786182156746,0.010019584937922014,2.0391104345586015e-12,0.007638798754190086,1.3975226639057957e-15,0.0027080492429011936,0.008744997792757378,0.0007502352379645804,0.016387499442486842,0.0019050384678478982,0.0006242514240269095,0.024319744997271367,0.026156672569375247,2.856288868095952e-10,0.01409359975109728,0.01812006724921832,0.015362987519473351,5.228310866927169e-19,8.58146945816385e-10,1.2024201377712915e-15,0.016351149477678798,0.003603571615986547,2.329536072364254e-11,0.008740416894225592,0.0043260792614389035,0.006809820137915027,0.0008286790343003989,0.027652168557135468,2.634313575750351e-13,0.01010012648648289,0.009508921102970313,0.015944080888630044,0.00650316958345524,0.03325278404013374,0.035434159039298384,0.00016583896937257347,0.0016790892759518238,0.0027475931560183207,0.00824563044890577,9.598524423433836e-06,8.032575867783628e-07,5.51941107558032e-08,9.814797567923405e-09,0.06451478145462353,0.001492758844850752,0.03660776962189384,6806
3.299443526807434e-07,0.0086113042890008,0.002220820296543467,0.010301345574208278,0.016123551339938508,0.0018830806004937002,0.012618197485718142,0.0022576574273312994,0.017942270053868527,9.446092580034971e-08,0.050958802834714545,0.0038217126637285384,1.9343257986833036e-05,0.0017582669957950392,0.014399637079666348,0.1892280385874596,3.4209835438829536e-05,0.01574993074445948,0.007743843072602833,2.8213736345682278e-12,2.1255415569090333e-21,0.05971566163880924,7.778692299225034e-20,4.2599801546480925e-23,1.714514430860468e-08,0.0058151334253725194,0.004469040108935643,0.02599062617873848,0.0008801792365845598,9.958393489336095e-13,0.08680052558850294,0.0033502312264320163,0.0463843359955405,0.014974369066825005,0.009311040020627992,1.964124349892838e-12,0.006107711789278665,1.4347277316766753e-12,3.309993942933419e-22,0.00859624875104463,0.02836079191254642,0.0062423003492761454,0.006893584991559108,1.6019889355734393e-12,0.006964504253616626,7.501708171341537e-14,3.178385769487376e-12,0.009412648372271834,0.0008970364895192764,0.011027164906750316,0.0008307129415066852,0.0006170641787052897,0.01936319392713113,1.6824737457990816e-12,0.008497504218751017,0.0009509261245982732,0.016905400344629833,0.01352107156568471,2.0256660629676622e-10,1.5311612604629992e-10,1.3447054411571916e-16,0.002407515841724796,0.008208695947325057,0.006524765891722807,0.01112708724765012,0.0035042962149233955,5.1157091038507026e-05,0.0005334153906611423,0.021396584621072162,9.725907225445721e-13,3.049109566646987e-14,0.008374916606711233,0.014278291071798321,0.005162387292763302,0.03842057594951605,0.03167095344355853,5.622234561651471e-11,0.005060914049013715,0.004009117592881607,0.003989743449124972,1.5701523322622813e-12,3.1280564156526005e-08,2.4649947239061145e-09,0.00037897093306326105,0.062263757599170966,0.0004899988323940966,0.03909544428708653,7127
1.8131246199120945e-07,0.004821555862302759,2.203746648507565e-12,0.002922895155723581,0.005746805977692918,0.0010529870740458084,4.002292014102396e-09,0.0014802406329041753,0.01269101738331069,0.003654157424703422,0.016765268700908494,0.00019450006492668166,0.000730473900681337,0.0007499548908092411,0.006614682611261524,0.07852609427069414,4.656759921809401e-05,0.007554582992017509,0.0032503632021423003,7.050698771802211e-39,0.002314462464821682,0.020312743514754837,3.557812154946689e-24,2.883412307223947e-08,0.0014339227005437836,0.0032259136779773153,0.006179994222940401,0.006878580237973955,0.0008741223129804079,1.2804331607098867e-11,0.025658611087952275,0.0014685662107735745,0.01917375202567475,0.003849462974741406,0.005073645738611102,2.5825115391533006e-22,0.00040717037124864553,0.000889100038582261,0.004525435972911832,4.6365267090646957e-05,0.007327829216688593,0.0014705786219984269,6.163853061005449e-08,8.204300443790731e-13,0.001966564811288342,2.062006929601792e-16,8.232101456127731e-21,0.008741898997540763,0.00030745634981608886,0.009309595609735875,0.0013451430187890656,0.0003132125516891061,0.007886311743047538,0.011323984104052361,0.0014297506916804144,0.00046978504592352314,0.00873233078316819,0.006989641598530312,8.467125334303635e-13,4.27726816164072e-08,2.3136211813518927e-15,0.007198651102962269,0.0054103880984362075,0.0025098419433520216,0.00541458519914802,4.4914751302584335e-11,0.001978985397849173,1.0800731876419574e-05,0.050342110307187916,0.022511396412370835,0.004384750068165459,0.0030417334496234227,0.003979080895378968,1.165510246409489e-06,0.007336614894958405,0.011265342872038963,4.694511386720926e-07,0.00023408030735116195,0.0011291324594036008,0.0031233392199141344,1.1162089705340862e-08,4.880364311148212e-07,2.077074825353752e-07,1.073644332229527e-07,0.021006570469824293,0.0021097778819935717,0.013985804991057145,7137
4.698495902136956e-06,0.008520460662915378,0.002460221547159858,0.006784177286831242,0.006082945670699674,0.006971538560335689,0.0027526535150820958,1.0022677491776215e-08,0.001869058727763147,7.730963601216744e-20,2.802835066489961e-12,0.011953099880826702,0.0007287003917034976,0.0012461951210355478,0.0139463482797321,0.04651922468793376,7.041342829266475e-05,0.0028407563325354955,0.004067538422227357,0.021072915476113705,0.008949197432520305,0.05828896013924537,6.574914496159207e-09,0.004915915912489941,0.0029100725275210703,0.010448551397654,2.7522109267481627e-18,0.02143889070021944,0.00128003322949576,0.04912046635186554,0.05126073496136758,0.0036833764402336515,9.211205112325858e-12,0.009936067513324423,0.0025206778230056326,2.971697762952036e-13,0.013988878262291421,4.652546653357073e-13,7.10089202977026e-11,0.0004563200320882607,0.02734474290119246,0.01020026151498988,0.00851794728209533,3.135719554214513e-11,0.0028454462834407524,0.0018870893980350797,1.4488426682899937e-16,0.02085712814025129,0.0007049677773016235,4.978544352548104e-12,6.947082115376754e-06,8.774584293810101e-05,5.538357047420946e-21,1.5497228776180973e-20,2.0454663255478016e-12,0.0006068391334536713,0.03497200163954764,0.004068031104624873,5.742702166104542e-10,8.762791673599398e-10,1.6574751896206027e-12,0.016061044333252953,0.005570130210396381,0.005652268212566526,0.015333543105877152,0.00122918268980023,0.002572371580146602,0.0023445429014445325,0.014512712815167396,1.249070283906878e-11,0.010525657947999976,0.00805020583657734,0.009015802953263007,0.0036777070285661656,0.036823048538342944,0.013370118528122431,7.380449846872155e-06,0.00018291032339123734,0.0020578258052685035,1.5020060101440445e-09,3.595695514481683e-06,7.388122642464832e-07,2.9938097130855724e-06,2.2757517985755294e-06,0.007918047451310467,0.0014195468409912658,0.01305606582471426,7514
0.0002004413187952499,0.006214841331857136,0.0031199091602981412,0.00719717466094497,0.01095995870001737,5.827873859897686e-39,0.00954729843512427,0.009743476112631008,0.027212751033564558,0.005236175023377766,0.025836989636314443,0.004152710615694254,0.0015562696284085458,0.0009017720600620869,0.007925936837240195,0.09313853152126741,0.00018308683583843796,2.11276231886158e-05,0.005518792079445053,0.018114578726582578,0.00814825518141516,0.04988300113964645,0.006218304543118646,1.2011027492723002e-11,0.0026989075758150675,0.005314595335656394,0.003474471972793798,0.015688586585236974,0.001476847731754679,0.06784168675280232,0.11558056815730823,7.69079446327303e-20,0.020670137081197932,2.5046461442371567e-06,0.011456701287022399,1.2359219468409263e-12,0.002177287938840752,2.4576907419456554e-13,2.6060042754572634e-11,0.0010640433300606817,2.803615214011196e-23,0.012742391097140185,0.008530753456142981,0.06481826084405905,1.518665011086537e-07,1.381727901845936e-12,2.2947332025685684e-14,0.02102099111154128,0.0009091112288194958,0.00953773002197262,0.0014424233436043938,0.0010812244402526653,0.008715828343559976,0.008250141541857945,0.006953273333287998,0.020411387125352818,0.02226993380332823,0.007612021706377264,5.0980827671418684e-11,2.300896823795639e-09,0.01947598944962413,0.02110666789774159,0.007820720282607524,0.0001163673850539189,0.007490500617434942,6.041970659073126e-10,0.005668131302842815,0.00031572833651796224,0.0032253553379982037,2.1376105676316106e-13,0.010323252287713056,0.004261951876731436,0.016108946455557088,0.003711384063388741,0.00932727113311352,0.017389005398337917,0.006138631067259199,0.000767699839221067,0.0033744655637749765,0.007742270593476757,8.254135551369235e-06,2.973114364368652e-11,1.2392084297880904e-07,0.0007381042393627438,0.03460566006868971,0.004227968091143582,0.02298828315143967,7553
1.7351397090837817e-11,0.004109453057078772,0.0010220871705702269,0.003536928674724028,0.008397842470352086,0.0035803002440607367,1.1086211470958501e-13,0.0014600149062496315,0.01360095877013021,0.00315004836687411,0.018626249841885857,7.645562635037987e-21,0.0003177514981412602,0.0010834750460622822,0.008915305696133729,0.08493810457393114,8.825979206081487e-05,0.0048793629766975734,0.0003537401404626186,7.340810564242383e-22,0.0011433813594239409,0.027988659503071806,1.6930816903712135e-25,8.285916733284653e-10,0.008333725294991058,0.0018493411601470193,0.011238951511460558,0.009209124989642733,2.683705384498484e-05,5.2052235432107356e-17,0.029807268522330493,0.00021688417673383992,0.015255712562932294,0.004316349196168631,3.669397285843225e-29,1.265940181022757e-18,0.0014005769204481163,9.386486418681403e-11,3.5379878853370275e-06,6.440450870262232e-10,0.008194667744214516,0.002707381904789976,0.0004064248671733737,2.2812489021803894e-16,3.2120554812101147e-10,1.8285850380942443e-32,1.667444221621313e-17,0.0068221167472745925,0.00028584756208528564,0.01681500675515191,1.3971553679742508e-11,1.120413468340069e-05,0.016025223212886575,0.011706398074649174,9.794257009576e-16,0.0003785497912206852,0.010995724294618224,0.007726912203919785,1.9625443578026072e-17,1.3331036857394662e-13,0.012220953106623135,0.008371135654763353,2.620496187054606e-10,1.276518723218907e-07,0.00666869984384468,2.682602451982986e-15,2.727308715482531e-27,0.0004318566713668117,0.04279181107859234,1.4706936005485586e-13,6.878642712576947e-14,6.035582054627262e-23,0.008523157756745366,0.002906453366205412,0.023423531817378655,0.014349986196635727,0.001955150379259126,0.0014343328046746075,0.005875934660527777,0.0066674099868479254,3.741871642148836e-10,2.7466174588148996e-07,4.6925693268028466e-11,1.5527761281001012e-13,0.032559839339525214,2.440855422286754e-07,0.013595635565668028,7587
6.6800844149339565e-09,0.003883509632204165,5.307605401890578e-11,0.003437791880611577,0.011293967102308174,0.005506534776185312,2.9783608581005606e-16,4.55145147578474e-06,0.01001823239090558,2.158734884813937e-08,0.01159996279619411,0.00035094198627520074,0.00021427877083688188,0.0011469382356475537,0.012100998400482555,0.06829260412058263,0.00033059386190224853,3.93340210231052e-08,0.00036240996685240267,3.4574480969512874e-12,0.012131140692185197,0.028668874463987283,1.3159053882289581e-18,2.8303394432317184e-08,0.023777356640967723,6.3387891071416e-05,0.0064587202902753865,0.011001611016023271,0.00026201073313268425,1.0200328529116211e-10,0.026581258491683135,0.006078818847616046,0.002736887681392423,2.2617096187725134e-08,0.0034943603940842823,1.8428045104035276e-10,0.000814079306704553,1.461995813036577e-10,1.17886712264387e-10,6.484884347655822e-07,0.012790437071887779,0.0002587084225110382,2.316154082007388e-08,0.03763090626473083,5.699174852856032e-12,0.0009420752967210485,5.6677584077654455e-14,0.0031121313617568412,0.00031239405107243926,0.020307108959717008,7.286773210917751e-05,2.00278511401116e-10,0.016464719346058705,0.004815914898849428,0.0009715669006784426,0.0007962121539498061,0.003423159991468803,0.006201420892912409,1.9865831601419938e-10,4.54331911300593e-09,0.00808440304051226,0.004619734408290154,8.596155970695752e-08,0.0015539134504709395,0.02435061293053346,1.1101378224421167e-25,0.006353958143946279,6.0786278048629135e-05,0.03598140531007906,0.04965746573947329,2.5456508911740126e-08,0.0034290354406000785,0.010535405785973796,0.0037106673168039923,0.008656040382677995,0.018749609916022168,0.0015245708153085525,8.178075910541773e-05,0.030621303028509485,0.0033778773210683694,0.0006786329976852259,4.959599491801769e-09,0.00044360855175390126,9.763709731863254e-08,0.023845260199192295,3.0455108783847557e-10,0.005999203596833112,7879
0.029124956019645442,0.007692625276370148,0.006060649437383392,0.00928629514249673,0.018897356685107516,0.006451114580902088,0.011120476969104483,0.005915661334013305,0.002424747844149435,0.002475938502109906,0.001238956854474358,0.003984824254886638,0.00010862708562046097,0.0011279731351739267,0.01520526525281992,0.039556568194400454,4.182405875924889e-05,8.955881555677841e-05,1.3148047264910454e-06,1.0352599829725979e-13,0.011920865939059248,0.04646057781746322,0.010744748686899005,1.4886607954747496e-22,0.0012354122912726397,0.014159603508825372,8.261633750655586e-14,0.027849134560693586,0.0021369868840309942,3.635462836220124e-13,0.09572101328347492,0.012427847565047116,0.017857561952677875,4.1422919327211035e-05,0.00199962678417166,2.8009059214434833e-14,0.005268757670845567,1.4208268248109584e-14,2.7658326636450167e-15,0.0071753768855261964,0.023675830406340075,0.03696944412331871,5.678258046085344e-05,0.0020761422114614334,0.00993919794274213,5.058550360283244e-07,8.090845777828042e-14,0.013054402273702501,0.0007380226864480546,0.04349483042816187,0.0008721823153674538,2.797772563483433e-05,1.154759617705366e-39,6.392163588070878e-13,2.6178534857659744e-15,0.005367171816848469,0.016005611892865746,0.008051962354767442,2.3431386964765152e-12,6.258747648202219e-12,0.011802214994346605,0.009581454656294435,0.004689126094122584,0.009156662718037905,0.007587933325975503,3.630741191926581e-13,0.013234812775082901,0.0017072327345498016,1.3313967709716478e-21,0.10134627059498061,0.003447540644202747,1.300377312764902e-15,0.017038651778252558,0.004719620096555539,0.10893939828194465,0.02630984238742826,8.008111246054762e-07,7.507686753322153e-07,0.0025655382604773663,8.551234643231948e-07,4.1005159977287864e-05,9.399430938374772e-09,5.265510757117235e-10,0.00014256551086246107,6.794084186376428e-17,0.01864399904512757,9.132096786447231e-08,7891
0.024044863070625963,0.007766599151547226,0.006431425021822385,0.003826790992496077,0.015104737769457038,0.004271112330970371,0.014646863090384103,0.004807341764293726,0.0023773314793333502,8.8290088510855e-08,0.002183252877072054,0.0049798826875828445,0.0014328904515164937,0.0006119118063669615,0.012447064539390948,0.05069486010992389,2.4968291989919963e-05,0.004039179821649503,1.006445897488569e-05,0.032538593443437576,0.008486191084863403,0.0526350653739933,0.007264630409312091,3.893195693885885e-23,0.008580549241885081,0.012388066843230754,0.003282889478897227,0.02508882790135079,0.0027027496731898033,0.05036477934956339,0.10094044462329031,2.129691292358263e-07,0.014975575753552498,3.04397340057918e-06,0.01770256282708807,6.798091270286443e-14,0.0058454133352587425,5.573986200562089e-14,2.2952488194280476e-13,0.01173702270823238,0.025488493093728398,0.02366924310902791,7.653840727484765e-05,4.879497936487038e-05,0.005367190078801272,0.003032874198366376,3.521232728469653e-21,0.015568246182970018,0.0009661268770365077,0.03082346417669769,4.355598845909345e-08,0.000568720773963507,2.231925771335132e-25,3.246715396971158e-35,2.279676062573355e-15,0.0011985897272607058,0.017159762485384266,0.008960080071302803,1.9704490946445983e-12,2.3376542451601564e-14,0.012086976691270762,0.018959361818725477,0.009303064147048366,0.006103739009291155,0.018774251042160406,5.077190171414819e-12,0.011098420453233742,0.0028471542343357146,0.011077601278231671,0.17817398291678352,0.004418293491910178,0.004459436394715738,0.012017470763779578,0.0038554802862175767,0.036497853249229315,0.021096749533749792,0.0006186923997913852,0.002242107447290628,0.001996153542476999,0.0030277578642956817,0.0002021516624786912,4.67159706053533e-08,1.099790614500877e-06,0.00048322350682739686,0.006233697025666733,0.007307896473520907,0.000496787128565682,7978
0.0010067226519227446,0.005740829142556908,3.1202039816451602e-28,0.005512344635312685,0.013236395424796647,0.00017905035588930147,0.0033608032474942468,2.638530818355299e-07,0.02471371704424467,0.004389277020653227,0.041306665843044266,0.0013606297820874928,0.000716841534572816,0.0007364587373288624,0.01481090842585652,0.16764975488761058,0.00014741180242970646,0.015163565277560048,0.008130476713528782,1.2687110056630308e-10,0.011801575436852976,0.04877628957978109,0.004711676664774006,0.0024555909934967793,0.002390889336993419,0.0035926094638507444,0.015115025710191961,0.0163492883935145,0.00015880120592719928,2.1616014716841255e-10,0.04746712545694496,5.223967522475224e-06,0.04611462851448903,4.333396556144651e-09,0.0071823285261171385,0.00778456836817131,0.0006954841710425056,9.905855826381662e-11,6.272633400781613e-21,0.0028888294931989815,0.02012043924198388,0.003934472555812768,0.008167539310397797,1.2518709579671497e-12,0.005213712205335144,6.957539534058075e-13,0.0033239772395244555,0.00438151473776659,0.0005514293209395361,0.009660886970657919,0.0012046148645992617,0.0003950784472101494,0.019773684762025515,0.02313427808779248,1.2453576401531506e-09,0.007415575560788955,0.011678309338715385,0.009157876596253748,1.136851583528214e-05,5.884522730082081e-08,5.880669647713465e-15,0.015744427299148107,0.00014977883140903937,0.00020462341967182374,0.00838507116130854,0.010277848869795127,1.8551174283069617e-06,0.0002870654177430384,0.02394015425013829,2.913432521262901e-14,0.004660614030709046,0.008862370202394325,0.012064391432832932,0.003560100439780234,0.04133990451496196,0.02522990186144601,0.0019709144348259247,0.0016679057442390954,0.003473898654777278,0.0130563366323124,3.116372792004286e-06,9.876075343840811e-06,9.881565995778975e-07,8.451271231229782e-19,0.047831941696665464,0.0005736755265973362,0.029890820852486653,8041
8.29847774983162e-06,0.00659892256606305,1.3457353373725385e-08,0.008470549038389811,0.012844322760424675,6.63549124234863e-17,2.8636160516082633e-09,3.494863345580007e-08,6.385570740867313e-05,0.0006408988034981651,1.2792481122608027e-07,0.013728034198182441,2.2663951654171512e-07,0.00046226867037436984,0.01419302087660551,0.0458307686641522,0.000342585684058174,0.00015288171002350083,1.712149238989195e-06,1.4795160701429326e-10,0.007152669632349557,0.02911199755830408,0.002194800520957742,0.00016535864327213312,0.0006769218739528611,0.007779424402064013,3.853644590095559e-07,0.018331969999688596,1.1477010917854239e-06,0.0046589403791577,0.009233044385916923,0.0030959556114439576,2.3141606017451947e-05,0.00034936935647780933,0.0006551601505972732,0.029392403810779427,0.03320306320796763,0.0031970594251937803,8.297555604807668e-17,2.0906807901589306e-07,0.005368291506091223,0.0038922516350776725,4.875168601287095e-05,0.006700683161721694,2.896447085567224e-10,2.3128759471501218e-06,0.002565962149791413,0.011094346487766693,0.001498485342500672,0.02628020893412081,0.003234195252677725,5.0074571570933805e-09,0.035192340196964114,1.3493346437003844e-08,1.1138652529962058e-08,1.5486304115563814e-06,0.006491904976538826,0.0019192216101632101,2.7730381418949248e-06,6.69815457437393e-07,0.010709064320645431,0.015467041632927404,1.4775718927432487e-07,0.003443396779490949,0.004297809104316348,0.0016190055307023095,1.2536019856727865e-15,0.00017439748527503158,0.065694054139628,0.10934773528974093,2.6314373138810966e-05,0.0009161630245580779,0.003803641275864203,5.820735341270229e-11,0.0467912844406139,0.01701013750523022,4.202893017264257e-07,2.2573745433113255e-06,0.004485191259273408,4.8946103701145695e-06,0.00228726192490133,6.221406051646685e-05,0.0003009740614906643,1.9704227417220668e-07,0.013480802938663041,0.007497584842613453,1.1135115857039424e-05,8503
1.5743798784177458e-08,0.01584438851208801,3.1188710496677604e-09,0.0007169177812024102,0.010933702295817038,0.007734805384852314,1.0264886027185425e-07,6.165347706935303e-09,0.005991631267703186,0.015113900159925494,0.0016615387249329877,0.02259107730473334,0.00028183887695472246,0.0021623996016331823,0.025892265137500092,0.12225652067685665,0.0003440114305857472,2.1319651183712344e-05,2.6457576842467206e-05,0.007026642350003043,0.019946384828293112,0.07340140666248926,3.784524040830162e-09,0.0001790529050877804,0.0002862966485433631,0.007144921125549195,0.00021787990634028175,0.027746331296391917,0.001325523127524833,0.010057556053492274,5.807306634108204e-13,0.006514658198613884,0.025205563292079725,0.02387593308163205,6.997708988898768e-26,0.04153183565881653,0.009898433886907256,0.02189330769222451,0.007689203435243268,1.5179651325906368e-07,0.018026855001911875,0.005671983751979966,6.87253361488867e-06,0.028882433339081463,0.012005145466250018,1.4414848866434292e-07,0.0028404057251448893,0.0140706073250937,0.0002526743697878978,0.003242828914761816,5.1980210758377066e-08,0.000472508068138547,0.06025269576465239,0.0014239710488522933,4.7404641841333224e-08,5.4505745064072166e-08,0.004718284900581086,0.02360823789148519,0.035724338385059104,0.002968528951830998,0.02358245814378881,0.023006028352300496,1.0098959238636043e-07,0.00611005006699929,9.546734013204655e-07,0.009333813070068406,0.015874621469824258,1.0906738167545027e-05,0.0015495337220394964,0.01150458745444723,4.1972532627474355e-10,0.014689992677521179,0.018756510811998157,0.006560680338970713,4.222134758676944e-21,0.02795904264788943,2.2850575977800214e-08,0.0027509527237471634,0.004175872391682425,1.5233441834895505e-07,3.7662470080215713e-06,1.7290963848634015e-08,3.399691218993595e-08,3.70076092275086e-08,0.01553095767014886,1.41286539468341e-06,4.832749007048791e-06,8727
0.011394460156563011,0.007965281437624757,1.2220860001363582e-05,0.0076336118294025555,0.010972785669530315,0.0065654129541681434,1.900593200146036e-08,1.9266146385088867e-06,0.003670554119573323,0.004469718939142567,0.000942436491843088,0.010035527041057927,1.8802022692036483e-05,0.00040039363045203273,0.012930711986479123,0.03659869564649737,0.00022365907662966563,0.0018031241880933485,0.0001298457966098823,0.012284866505027532,0.00867553414016932,0.03948925000015603,0.0006210721107417531,1.0951360925441322e-07,0.006268800627493236,0.009307600413313109,0.00343648224084803,0.021353580447605068,0.00047596424528289073,0.02403717373424006,0.025401564855457213,0.0026164224730717335,0.013198654801943512,0.00218697114030383,0.0058956633095542,0.030240352131956392,0.01968160517654069,0.0012088167213262415,1.2665727199148478e-07,0.0021257354025396146,0.013297321314352137,0.0034969903363138073,0.001610020380625814,0.008673833215017421,0.0039523908808939264,1.4990554828271682e-06,1.107512628523e-09,0.01089800469895068,0.0005243392305363522,0.03173109818349193,1.5921353390361772e-05,4.343132810241885e-05,0.02566090441516117,1.2176640323889163e-11,8.600746683575405e-10,8.138940765754194e-05,0.011572083410365495,0.0025815297491982784,1.5910722523523602e-08,2.651937547679654e-07,0.004256402401795376,0.015272820373965726,1.3893325568440653e-20,0.00836742203171951,0.004185763356654307,1.26545967888557e-08,0.007061861931877983,0.0007651748151789251,0.05184413672016055,0.13024802845125616,0.0004971939185908461,0.006698242598886036,0.009309072580508261,0.0037721061237718173,0.048105980869220785,0.02072043961666493,1.1687863933184972e-05,0.0001477276529589676,0.0026040692476055585,4.181921035184037e-05,0.002139106112813074,5.309560284811798e-07,6.695045514733663e-09,7.161998852956764e-05,0.004015778163874495,0.0054139409312307036,0.003429556405029614,8917
0.02115487306652887,0.010228580431055009,0.004807061328612823,0.007612981946146227,0.01047968208144888,0.0013710179967025501,0.009932063179539256,0.0011993419592018781,0.0032356913094759047,0.0025561305665868553,0.00231614904634119,0.006399801008103295,0.0009553477718718421,0.00047415919432860164,0.012226819107187797,0.04692212898271991,0.00012947827003405036,0.004544938621736281,0.00044292826793330124,7.420667995796433e-16,0.009600324555706082,0.055184947539352464,0.007502031525425698,2.605110072723315e-10,0.0031689773061779774,0.013076462299654592,0.0034391423481593335,0.027286757070497332,0.0015841372693784763,1.7946765515421087e-11,0.09257321587416388,0.00484849091054581,0.01890769371093753,8.271699586130925e-05,0.008354258971128802,5.60166934160658e-13,0.004822021782249275,1.9875459584261896e-12,0.019071959506701378,0.0024082418625431296,0.024346281686441606,0.020806240233302693,0.012962209184304473,0.006195691788165786,0.002000812617991024,0.0031658557000637383,8.937555173147036e-12,0.011144892794663684,0.000689561524830458,0.03203115884044972,1.4388727398394446e-06,0.0003643194601673168,0.015090460113561705,1.0068802589686787e-13,1.8130569878420657e-13,0.009945479136819639,0.014240136344768919,0.007570859091234765,2.9845493180671997e-09,9.469434753801929e-08,0.00285268846453823,0.017135521072376956,1.2517949184005756e-05,0.006398825785501662,0.009922536702776097,9.632880644318798e-12,0.0007455729685667126,0.001795549973411659,0.014155214300555368,0.09550655971988552,0.000326126042626368,1.3075985801620475e-28,0.008483059390618367,4.322922517581375e-11,0.045896445093431666,0.01886692174488825,0.00044997448810430444,0.0012548160221287775,0.001491433272061653,0.0007613596625895814,0.0009999194461603718,4.443317627419041e-06,2.3432886194232094e-06,7.81738087811392e-10,0.0071876095059000365,0.016218865528342043,0.0033126348770500173,9082
3.503361607539769e-10,0.0073322013945967615,6.623898482457838e-10,0.0037610111741873545,0.006277212337307779,4.8185135560467025e-26,2.0113749165987415e-10,1.6092868652259476e-09,0.005259543282722522,0.012122379240967814,0.0014891757815110912,0.020482896435144785,4.68310431514399e-05,0.0017187424704127373,0.019898963923462454,0.07821572278342746,0.0002129464463599452,7.594490315250058e-09,9.615696925118725e-06,0.007702427704651055,0.007206786292975703,0.05965919058240593,5.993488208797555e-09,5.114690967460047e-05,0.007202490025218438,0.0023485325482473984,4.524548327202779e-05,0.029611841388542722,0.00011552926574613025,0.017514242784971913,0.018040455622773375,0.01280087172599279,0.020539867674767457,8.852515992102163e-05,0.0010870342752835052,0.054989567852502336,0.00808472357310789,0.002689389921035405,7.140627880774543e-13,0.0054201641754926515,0.02549042525086903,0.005688104708022766,0.0022258451035171594,0.019118519561613347,0.006139194667913747,2.9091843173801e-06,0.011409121400269864,0.012403456577494181,0.00024024325799873892,0.017994304570543834,0.0022538019505579997,1.079102153227e-19,0.04334536980083686,2.2490594404062955e-09,2.0457886900862017e-10,1.078433487166434e-09,7.356728804459716e-15,0.01386094753449785,0.03043293925301033,0.003742708899352954,0.009698630244205341,0.023494638837918864,1.167462864222642e-18,0.005496552912889995,0.010766559745076383,0.02170706587676673,0.008573838612938334,6.687186651798774e-05,0.0006244123415219719,0.008248030097752252,3.861030551399419e-07,0.005990408282297344,0.009044125322299186,0.0017246468432808824,3.731963391037975e-12,0.020878319044641255,8.335418293772979e-08,0.0017849588702064673,0.003929932326294788,5.475229790811363e-07,0.004374974986480271,8.754594778872376e-09,1.051611214976554e-06,1.9177194789200675e-06,0.020262805743312684,1.1680020960835325e-16,9.868829005350553e-05,9258
0.002334527433143718,0.010213162988290106,0.005399973014233592,0.005584636998238736,0.005232312393362651,5.1650446350937045e-11,5.348845885424189e-08,8.96146019058945e-07,0.003145774868793561,0.016995731621215735,0.004385880189459689,0.01236688566515909,0.0002505951740761883,0.0002282011241467732,0.014730047407928066,0.05726679285785951,0.00030134621992158146,0.001336685169271557,0.001099923589582385,4.969543393477291e-12,0.010032445810841648,0.0509300974221666,0.0023112096705298277,1.4998175633014826e-06,0.006115383182051571,0.010114301177809816,5.069432218184637e-16,0.023872015490402142,0.00014014814508115525,0.003465374419103034,0.01654030505816106,0.0015486966872964567,0.026074975332881736,0.003370885564122746,0.006424145379538527,3.641316766322401e-11,0.016042797221106398,0.001954561124770044,2.110805574300116e-07,0.001021661164381707,0.005901459062343472,0.007289555719722324,0.006348762901886572,0.012283266089975427,4.334323840831148e-07,1.552799126915193e-05,2.1296887763033467e-11,0.0029421898698686814,0.0005747466369269557,0.02493736874041887,0.00020064694576741004,0.0001577995951497071,0.026539226646189323,7.847928991746114e-06,3.161059710288618e-08,0.0003212158925060978,0.006943823000018709,0.005905129082034619,1.7553845882833788e-07,6.012978508893252e-06,0.011882161435469645,0.02324902605243486,1.6633716161292407e-06,0.004941774758565734,0.00860331723809309,9.364836074995248e-06,0.00018134915401855423,0.0016604673152856007,9.275942611381431e-10,0.16504694949558812,1.929733791547749e-06,0.0034065973222927857,0.0078057754772130694,0.0020133724316990114,0.04494498166468802,0.019546281609663547,0.00013766059884855338,0.0007870317435781469,0.002246552507468905,3.9448771168462644e-07,0.0013001128911127554,2.472919278314579e-07,2.260535641268553e-05,0.00040526377925043593,0.010579869049930392,0.0030592288966139326,0.014303953561566288,9556
