feature_group,feature_name,classifier,episode,n_train,n_test,status,error,accuracy,macro_f1,macro_precision,macro_recall
foundation_backbone,mae_flatten,svm_C1p0,1,6,36,ok,,0.5277777777777778,0.5167277167277168,0.5778388278388279,0.6156695156695157
foundation_backbone,mae_flatten,logreg_C0p1,1,6,36,ok,,0.5277777777777778,0.5143707607475724,0.6028011204481794,0.6638176638176638
foundation_backbone,mae_flatten,xgboost_depth2,1,6,36,ok,,0.3888888888888889,0.38015873015873014,0.6179183135704874,0.5498575498575499
foundation_backbone,mae_flatten,svm_C1p0,2,6,36,ok,,0.5833333333333334,0.5665445665445664,0.5635026737967914,0.5903133903133903
foundation_backbone,mae_flatten,logreg_C0p1,2,6,36,ok,,0.6111111111111112,0.5899245852187028,0.5833333333333334,0.6159544159544159
foundation_backbone,mae_flatten,xgboost_depth2,2,6,36,ok,,0.6111111111111112,0.5894339155208721,0.5953703703703704,0.6088319088319089
foundation_backbone,mae_flatten,svm_C1p0,3,6,36,ok,,0.4722222222222222,0.4104268491365266,0.4175465057817999,0.4199430199430199
foundation_backbone,mae_flatten,logreg_C0p1,3,6,36,ok,,0.4722222222222222,0.41075268817204297,0.4199430199430199,0.4199430199430199
foundation_backbone,mae_flatten,xgboost_depth2,3,6,36,ok,,0.4722222222222222,0.4405982905982906,0.5091354723707665,0.46809116809116813
foundation_backbone,mae_flatten,svm_C1p0,4,6,36,ok,,0.6388888888888888,0.58160552897395,0.6082010582010582,0.5792022792022792
foundation_backbone,mae_flatten,logreg_C0p1,4,6,36,ok,,0.6388888888888888,0.58160552897395,0.6082010582010582,0.5792022792022792
foundation_backbone,mae_flatten,xgboost_depth2,4,6,36,ok,,0.5833333333333334,0.5277777777777778,0.5779220779220778,0.527920227920228
foundation_backbone,mae_flatten,svm_C1p0,5,6,36,ok,,0.25,0.21724137931034482,0.3333333333333333,0.22364672364672367
foundation_backbone,mae_flatten,logreg_C0p1,5,6,36,ok,,0.25,0.21724137931034482,0.3333333333333333,0.22364672364672367
foundation_backbone,mae_flatten,xgboost_depth2,5,6,36,ok,,0.3333333333333333,0.33444816053511706,0.43333333333333335,0.2792022792022792
foundation_backbone,mae_flatten,svm_C1p0,6,6,36,ok,,0.5,0.4444444444444444,0.4933545986177565,0.5150997150997151
foundation_backbone,mae_flatten,logreg_C0p1,6,6,36,ok,,0.5,0.4666666666666666,0.514831573655103,0.5561253561253561
foundation_backbone,mae_flatten,xgboost_depth2,6,6,36,ok,,0.5555555555555556,0.46632996632996626,0.48650793650793656,0.5111111111111111
foundation_backbone,mae_flatten,svm_C1p0,7,6,36,ok,,0.6388888888888888,0.5404719235364396,0.5436507936507936,0.5595441595441596
foundation_backbone,mae_flatten,logreg_C0p1,7,6,36,ok,,0.6666666666666666,0.5636200716845878,0.5777777777777778,0.5780626780626781
foundation_backbone,mae_flatten,xgboost_depth2,7,6,36,ok,,0.5555555555555556,0.4305555555555555,0.6222222222222222,0.43988603988603986
foundation_backbone,mae_flatten,svm_C1p0,8,6,36,ok,,0.4722222222222222,0.41278375149342894,0.4219576719576719,0.4199430199430199
foundation_backbone,mae_flatten,logreg_C0p1,8,6,36,ok,,0.4722222222222222,0.41278375149342894,0.4219576719576719,0.4199430199430199
foundation_backbone,mae_flatten,xgboost_depth2,8,6,36,ok,,0.4166666666666667,0.3666666666666667,0.3711484593837535,0.3829059829059829
foundation_backbone,mae_flatten,svm_C1p0,9,6,36,ok,,0.6388888888888888,0.5455555555555556,0.5674603174603174,0.5381766381766382
foundation_backbone,mae_flatten,logreg_C0p1,9,6,36,ok,,0.6666666666666666,0.5666666666666667,0.595959595959596,0.5566951566951567
foundation_backbone,mae_flatten,xgboost_depth2,9,6,36,ok,,0.5833333333333334,0.5030164343665487,0.5222222222222223,0.49401709401709404
foundation_backbone,mae_flatten,svm_C1p0,10,6,36,ok,,0.6666666666666666,0.6361990950226245,0.6319444444444445,0.6601139601139602
foundation_backbone,mae_flatten,logreg_C0p1,10,6,36,ok,,0.6944444444444444,0.6581196581196581,0.6514957264957265,0.6857549857549858
foundation_backbone,mae_flatten,xgboost_depth2,10,6,36,ok,,0.6666666666666666,0.6363211951447245,0.6433080808080808,0.6601139601139602
foundation_backbone,mae_flatten,svm_C1p0,11,6,36,ok,,0.6111111111111112,0.5535612535612535,0.6134057971014492,0.5962962962962963
foundation_backbone,mae_flatten,logreg_C0p1,11,6,36,ok,,0.6111111111111112,0.5535612535612535,0.6134057971014492,0.5962962962962963
foundation_backbone,mae_flatten,xgboost_depth2,11,6,36,ok,,0.6111111111111112,0.5486195286195287,0.6328502415458938,0.5962962962962963
foundation_backbone,mae_flatten,svm_C1p0,12,6,36,ok,,0.6388888888888888,0.5818967969505603,0.5923890923890923,0.6005698005698006
foundation_backbone,mae_flatten,logreg_C0p1,12,6,36,ok,,0.6111111111111112,0.5604938271604939,0.5785714285714286,0.5820512820512821
foundation_backbone,mae_flatten,xgboost_depth2,12,6,36,ok,,0.25,0.2746774193548387,0.5494505494505494,0.28433048433048436
foundation_backbone,mae_flatten,svm_C1p0,13,6,36,ok,,0.6111111111111112,0.5894339155208721,0.5953703703703704,0.6088319088319089
foundation_backbone,mae_flatten,logreg_C0p1,13,6,36,ok,,0.6111111111111112,0.5894339155208721,0.5953703703703704,0.6088319088319089
foundation_backbone,mae_flatten,xgboost_depth2,13,6,36,ok,,0.5277777777777778,0.4953703703703704,0.5327080327080327,0.531908831908832
foundation_backbone,mae_flatten,svm_C1p0,14,6,36,ok,,0.5833333333333334,0.5501165501165501,0.5750000000000001,0.6188034188034188
foundation_backbone,mae_flatten,logreg_C0p1,14,6,36,ok,,0.5833333333333334,0.5501165501165501,0.5750000000000001,0.6188034188034188
foundation_backbone,mae_flatten,xgboost_depth2,14,6,36,ok,,0.6388888888888888,0.6202566202566202,0.6196172248803827,0.6273504273504273
foundation_backbone,mae_flatten,svm_C1p0,15,6,36,ok,,0.4444444444444444,0.4336677814938685,0.5048433048433049,0.5529914529914529
foundation_backbone,mae_flatten,logreg_C0p1,15,6,36,ok,,0.4722222222222222,0.4670531400966183,0.5462962962962963,0.5715099715099715
foundation_backbone,mae_flatten,xgboost_depth2,15,6,36,ok,,0.2777777777777778,0.2746943115364168,0.44841269841269843,0.45441595441595445
foundation_backbone,mae_flatten,svm_C1p0,16,6,36,ok,,0.4722222222222222,0.42857142857142855,0.5069444444444444,0.4806267806267807
foundation_backbone,mae_flatten,logreg_C0p1,16,6,36,ok,,0.4444444444444444,0.4088345864661654,0.4672619047619048,0.4621082621082621
foundation_backbone,mae_flatten,xgboost_depth2,16,6,36,ok,,0.2222222222222222,0.22142857142857142,0.45263157894736844,0.313960113960114
foundation_backbone,mae_flatten,svm_C1p0,17,6,36,ok,,0.5,0.38901098901098896,0.4583333333333333,0.4116809116809117
foundation_backbone,mae_flatten,logreg_C0p1,17,6,36,ok,,0.4722222222222222,0.3637037037037037,0.44513457556935815,0.39316239316239315
foundation_backbone,mae_flatten,xgboost_depth2,17,6,36,ok,,0.4166666666666667,0.3354037267080745,0.48484848484848486,0.349002849002849
foundation_backbone,mae_flatten,svm_C1p0,18,6,36,ok,,0.6111111111111112,0.5320019416129256,0.5555555555555555,0.5196581196581197
foundation_backbone,mae_flatten,logreg_C0p1,18,6,36,ok,,0.6388888888888888,0.5482771970576849,0.6028985507246377,0.5310541310541311
foundation_backbone,mae_flatten,xgboost_depth2,18,6,36,ok,,0.5555555555555556,0.47572463768115947,0.6452380952380953,0.4880341880341881
foundation_backbone,mae_flatten,svm_C1p0,19,6,36,ok,,0.3611111111111111,0.35170940170940174,0.5672222222222222,0.44757834757834764
foundation_backbone,mae_flatten,logreg_C0p1,19,6,36,ok,,0.3888888888888889,0.3753086419753086,0.6829629629629629,0.46609686609686607
foundation_backbone,mae_flatten,xgboost_depth2,19,6,36,ok,,0.3333333333333333,0.3293548387096774,0.5592185592185591,0.42905982905982903
foundation_backbone,mae_flatten,svm_C1p0,20,6,36,ok,,0.5,0.4329161176987264,0.47727272727272724,0.5222222222222223
foundation_backbone,mae_flatten,logreg_C0p1,20,6,36,ok,,0.5,0.4329161176987264,0.47727272727272724,0.5222222222222223
foundation_backbone,mae_flatten,xgboost_depth2,20,6,36,ok,,0.3611111111111111,0.291005291005291,0.3200854700854701,0.36723646723646725
foundation_backbone,mae_flatten,svm_C1p0,21,6,36,ok,,0.3611111111111111,0.27777777777777773,0.29444444444444445,0.3190883190883191
foundation_backbone,mae_flatten,logreg_C0p1,21,6,36,ok,,0.3611111111111111,0.27124183006535946,0.28571428571428575,0.3190883190883191
foundation_backbone,mae_flatten,xgboost_depth2,21,6,36,ok,,0.3333333333333333,0.3022017409114183,0.4148148148148148,0.3754985754985755
foundation_backbone,mae_flatten,svm_C1p0,22,6,36,ok,,0.4444444444444444,0.42041467304625196,0.4619047619047619,0.4692307692307693
foundation_backbone,mae_flatten,logreg_C0p1,22,6,36,ok,,0.4722222222222222,0.45098039215686275,0.4685185185185185,0.4948717948717949
foundation_backbone,mae_flatten,xgboost_depth2,22,6,36,ok,,0.4166666666666667,0.4000000000000001,0.4476190476190476,0.4507122507122507
foundation_backbone,mae_flatten,svm_C1p0,23,6,36,ok,,0.6111111111111112,0.5587301587301586,0.562962962962963,0.5891737891737892
foundation_backbone,mae_flatten,logreg_C0p1,23,6,36,ok,,0.6388888888888888,0.5818267753751625,0.5807692307692308,0.6076923076923078
foundation_backbone,mae_flatten,xgboost_depth2,23,6,36,ok,,0.4444444444444444,0.4175066312997348,0.41131907308377896,0.4566951566951567
foundation_backbone,mae_flatten,svm_C1p0,24,6,36,ok,,0.5833333333333334,0.5339682539682539,0.5331465919701214,0.5421652421652422
foundation_backbone,mae_flatten,logreg_C0p1,24,6,36,ok,,0.5555555555555556,0.5119758672699849,0.5138888888888888,0.5236467236467237
foundation_backbone,mae_flatten,xgboost_depth2,24,6,36,ok,,0.4722222222222222,0.44952753339850116,0.44746103569632983,0.46809116809116813
foundation_backbone,mae_flatten,svm_C1p0,25,6,36,ok,,0.5,0.4469135802469135,0.4658730158730158,0.45270655270655275
foundation_backbone,mae_flatten,logreg_C0p1,25,6,36,ok,,0.5277777777777778,0.45971117005599765,0.46527777777777785,0.47834757834757835
foundation_backbone,mae_flatten,xgboost_depth2,25,6,36,ok,,0.3888888888888889,0.3703703703703704,0.4163614163614164,0.3982905982905984
foundation_backbone,mae_flatten,svm_C1p0,26,6,36,ok,,0.4722222222222222,0.39444444444444443,0.47979797979797983,0.5037037037037037
foundation_backbone,mae_flatten,logreg_C0p1,26,6,36,ok,,0.4722222222222222,0.3874777183600713,0.4866522366522366,0.45555555555555555
foundation_backbone,mae_flatten,xgboost_depth2,26,6,36,ok,,0.4444444444444444,0.36226394378568294,0.38030303030303036,0.43703703703703706
foundation_backbone,mae_flatten,svm_C1p0,27,6,36,ok,,0.5833333333333334,0.5258924082453494,0.5773809523809523,0.5706552706552707
foundation_backbone,mae_flatten,logreg_C0p1,27,6,36,ok,,0.5555555555555556,0.4996825396825397,0.5627705627705627,0.5521367521367522
foundation_backbone,mae_flatten,xgboost_depth2,27,6,36,ok,,0.5277777777777778,0.49812213819004986,0.6322751322751322,0.6227920227920228
foundation_backbone,mae_flatten,svm_C1p0,28,6,36,ok,,0.4444444444444444,0.4088345864661654,0.4672619047619048,0.4621082621082621
foundation_backbone,mae_flatten,logreg_C0p1,28,6,36,ok,,0.4444444444444444,0.4144419018560894,0.5,0.4621082621082621
foundation_backbone,mae_flatten,xgboost_depth2,28,6,36,ok,,0.2777777777777778,0.2792753623188406,0.40263157894736845,0.350997150997151
foundation_backbone,mae_flatten,svm_C1p0,29,6,36,ok,,0.4166666666666667,0.3610859728506788,0.4226190476190476,0.39002849002849005
foundation_backbone,mae_flatten,logreg_C0p1,29,6,36,ok,,0.4722222222222222,0.4402811902811903,0.5277777777777778,0.4823361823361824
foundation_backbone,mae_flatten,xgboost_depth2,29,6,36,ok,,0.4444444444444444,0.403691316734795,0.49492753623188407,0.4638176638176638
foundation_backbone,mae_flatten,svm_C1p0,30,6,36,ok,,0.6111111111111112,0.5848773448773449,0.5833333333333334,0.6159544159544159
foundation_backbone,mae_flatten,logreg_C0p1,30,6,36,ok,,0.6388888888888888,0.6085434173669467,0.6130050505050505,0.6344729344729345
foundation_backbone,mae_flatten,xgboost_depth2,30,6,36,ok,,0.4166666666666667,0.4000000000000001,0.4476190476190476,0.4507122507122507
foundation_backbone,mae_flatten,svm_C1p0,31,6,36,ok,,0.6944444444444444,0.6599511599511599,0.6984126984126983,0.6643874643874644
foundation_backbone,mae_flatten,logreg_C0p1,31,6,36,ok,,0.6666666666666666,0.6358845832530043,0.6749999999999999,0.6458689458689458
foundation_backbone,mae_flatten,xgboost_depth2,31,6,36,ok,,0.6666666666666666,0.6371610845295056,0.6558201058201057,0.6458689458689458
foundation_backbone,mae_flatten,svm_C1p0,32,6,36,ok,,0.4444444444444444,0.31140350877192985,0.34,0.3888888888888889
foundation_backbone,mae_flatten,logreg_C0p1,32,6,36,ok,,0.4444444444444444,0.3055555555555555,0.3333333333333333,0.3888888888888889
foundation_backbone,mae_flatten,xgboost_depth2,32,6,36,ok,,0.4166666666666667,0.35903862219651694,0.45222222222222225,0.45242165242165244
foundation_backbone,mae_flatten,svm_C1p0,33,6,36,ok,,0.3055555555555556,0.27171717171717175,0.36274509803921573,0.356980056980057
foundation_backbone,mae_flatten,logreg_C0p1,33,6,36,ok,,0.3055555555555556,0.27171717171717175,0.36274509803921573,0.356980056980057
foundation_backbone,mae_flatten,xgboost_depth2,33,6,36,ok,,0.3611111111111111,0.3331275402582703,0.44576719576719576,0.394017094017094
foundation_backbone,mae_flatten,svm_C1p0,34,6,36,ok,,0.6111111111111112,0.5894339155208721,0.5953703703703704,0.6088319088319089
foundation_backbone,mae_flatten,logreg_C0p1,34,6,36,ok,,0.6111111111111112,0.5894339155208721,0.5953703703703704,0.6088319088319089
foundation_backbone,mae_flatten,xgboost_depth2,34,6,36,ok,,0.6111111111111112,0.5592113852983418,0.5724310776942355,0.5606837606837607
foundation_backbone,mae_flatten,svm_C1p0,35,6,36,ok,,0.2777777777777778,0.27802984472675946,0.3878968253968254,0.3028490028490029
foundation_backbone,mae_flatten,logreg_C0p1,35,6,36,ok,,0.3055555555555556,0.3030395913154534,0.39949633699633696,0.3213675213675214
foundation_backbone,mae_flatten,xgboost_depth2,35,6,36,ok,,0.4166666666666667,0.3947222222222222,0.47518796992481205,0.4239316239316239
foundation_backbone,mae_flatten,svm_C1p0,36,6,36,ok,,0.4722222222222222,0.41254651780967566,0.5052380952380952,0.4965811965811966
foundation_backbone,mae_flatten,logreg_C0p1,36,6,36,ok,,0.4444444444444444,0.39322432800693674,0.4427536231884058,0.4709401709401709
foundation_backbone,mae_flatten,xgboost_depth2,36,6,36,ok,,0.3611111111111111,0.27597597597597595,0.3527777777777778,0.36723646723646725
foundation_backbone,mae_flatten,svm_C1p0,37,6,36,ok,,0.4166666666666667,0.32242424242424245,0.3428571428571428,0.3632478632478633
foundation_backbone,mae_flatten,logreg_C0p1,37,6,36,ok,,0.3888888888888889,0.33244916003536695,0.375,0.3304843304843305
foundation_backbone,mae_flatten,xgboost_depth2,37,6,36,ok,,0.1388888888888889,0.16898148148148148,0.27901234567901234,0.1692307692307692
foundation_backbone,mae_flatten,svm_C1p0,38,6,36,ok,,0.5555555555555556,0.47764309764309765,0.48148148148148145,0.4754985754985755
foundation_backbone,mae_flatten,logreg_C0p1,38,6,36,ok,,0.5555555555555556,0.47764309764309765,0.48148148148148145,0.4754985754985755
foundation_backbone,mae_flatten,xgboost_depth2,38,6,36,ok,,0.5555555555555556,0.4753086419753087,0.4775132275132275,0.4754985754985755
foundation_backbone,mae_flatten,svm_C1p0,39,6,36,ok,,0.5,0.440728353771832,0.5239130434782608,0.5150997150997151
foundation_backbone,mae_flatten,logreg_C0p1,39,6,36,ok,,0.5,0.46965452847805783,0.5079365079365079,0.5561253561253561
foundation_backbone,mae_flatten,xgboost_depth2,39,6,36,ok,,0.4444444444444444,0.3899286987522282,0.48520923520923526,0.4709401709401709
foundation_backbone,mae_flatten,svm_C1p0,40,6,36,ok,,0.5833333333333334,0.5528735632183909,0.5625,0.6116809116809118
foundation_backbone,mae_flatten,logreg_C0p1,40,6,36,ok,,0.6666666666666666,0.630804679191776,0.6258547008547009,0.6672364672364672
foundation_backbone,mae_flatten,xgboost_depth2,40,6,36,ok,,0.5277777777777778,0.48790366721401207,0.501010101010101,0.5193732193732195
foundation_backbone,mae_flatten,svm_C1p0,41,6,36,ok,,0.4166666666666667,0.39980158730158727,0.5,0.33475783475783477
foundation_backbone,mae_flatten,logreg_C0p1,41,6,36,ok,,0.4166666666666667,0.3857142857142857,0.4901960784313726,0.3276353276353276
foundation_backbone,mae_flatten,xgboost_depth2,41,6,36,ok,,0.3055555555555556,0.2843137254901961,0.36309523809523814,0.23931623931623933
foundation_backbone,mae_flatten,svm_C1p0,42,6,36,ok,,0.6111111111111112,0.5159874608150471,0.5393939393939394,0.541025641025641
foundation_backbone,mae_flatten,logreg_C0p1,42,6,36,ok,,0.5833333333333334,0.4985988921472792,0.5020110608345902,0.5153846153846153
foundation_backbone,mae_flatten,xgboost_depth2,42,6,36,ok,,0.5,0.4821428571428572,0.47979797979797983,0.549002849002849
foundation_backbone,mae_flatten,svm_C1p0,43,6,36,ok,,0.4444444444444444,0.4198692810457516,0.5777777777777778,0.4621082621082621
foundation_backbone,mae_flatten,logreg_C0p1,43,6,36,ok,,0.4166666666666667,0.3980076628352491,0.5227272727272728,0.4435897435897436
foundation_backbone,mae_flatten,xgboost_depth2,43,6,36,ok,,0.3888888888888889,0.3858363858363858,0.5496376811594202,0.47321937321937324
foundation_backbone,mae_flatten,svm_C1p0,44,6,36,ok,,0.3888888888888889,0.3333333333333333,0.37777777777777777,0.3162393162393162
foundation_backbone,mae_flatten,logreg_C0p1,44,6,36,ok,,0.4722222222222222,0.3655913978494623,0.3789173789173789,0.3717948717948718
foundation_backbone,mae_flatten,xgboost_depth2,44,6,36,ok,,0.3333333333333333,0.2787096774193549,0.3386243386243386,0.2792022792022792
foundation_backbone,mae_flatten,svm_C1p0,45,6,36,ok,,0.5,0.40461826503016435,0.4955555555555556,0.4740740740740741
foundation_backbone,mae_flatten,logreg_C0p1,45,6,36,ok,,0.5,0.40461826503016435,0.4955555555555556,0.4740740740740741
foundation_backbone,mae_flatten,xgboost_depth2,45,6,36,ok,,0.5277777777777778,0.4351851851851852,0.5138026224982747,0.49259259259259264
foundation_backbone,mae_flatten,svm_C1p0,46,6,36,ok,,0.3333333333333333,0.3148148148148148,0.38091168091168087,0.33988603988603994
foundation_backbone,mae_flatten,logreg_C0p1,46,6,36,ok,,0.3611111111111111,0.3336866278042749,0.395906432748538,0.35840455840455837
foundation_backbone,mae_flatten,xgboost_depth2,46,6,36,ok,,0.3333333333333333,0.31725146198830406,0.37727272727272726,0.33988603988603994
foundation_backbone,mae_flatten,svm_C1p0,47,6,36,ok,,0.6388888888888888,0.463235294117647,0.4444444444444445,0.5185185185185185
foundation_backbone,mae_flatten,logreg_C0p1,47,6,36,ok,,0.6111111111111112,0.4444444444444445,0.4222222222222222,0.4928774928774929
foundation_backbone,mae_flatten,xgboost_depth2,47,6,36,ok,,0.5555555555555556,0.47572463768115947,0.6452380952380953,0.4880341880341881
foundation_backbone,mae_flatten,svm_C1p0,48,6,36,ok,,0.5277777777777778,0.38357843137254904,0.373015873015873,0.4230769230769231
foundation_backbone,mae_flatten,logreg_C0p1,48,6,36,ok,,0.5277777777777778,0.38357843137254904,0.373015873015873,0.4230769230769231
foundation_backbone,mae_flatten,xgboost_depth2,48,6,36,ok,,0.5,0.3639705882352941,0.35714285714285715,0.3974358974358974
foundation_backbone,mae_flatten,svm_C1p0,49,6,36,ok,,0.4722222222222222,0.4068783068783069,0.4453703703703704,0.39857549857549857
foundation_backbone,mae_flatten,logreg_C0p1,49,6,36,ok,,0.5555555555555556,0.42896742896742895,0.42375168690958165,0.4344729344729345
foundation_backbone,mae_flatten,xgboost_depth2,49,6,36,ok,,0.19444444444444445,0.19017094017094016,0.23484848484848486,0.16524216524216526
foundation_backbone,mae_flatten,svm_C1p0,50,6,36,ok,,0.4722222222222222,0.33063427800269907,0.34,0.40740740740740744
foundation_backbone,mae_flatten,logreg_C0p1,50,6,36,ok,,0.5555555555555556,0.4220430107526882,0.4156545209176788,0.45584045584045585
foundation_backbone,mae_flatten,xgboost_depth2,50,6,36,ok,,0.5555555555555556,0.5197306397306397,0.5185185185185185,0.5236467236467237
foundation_backbone,mae_flatten,svm_C1p0,51,6,36,ok,,0.4444444444444444,0.3956989247311828,0.43162393162393164,0.36752136752136755
foundation_backbone,mae_flatten,logreg_C0p1,51,6,36,ok,,0.4444444444444444,0.3956989247311828,0.43162393162393164,0.36752136752136755
foundation_backbone,mae_flatten,xgboost_depth2,51,6,36,ok,,0.3055555555555556,0.2601010101010101,0.28484848484848485,0.23931623931623933
foundation_backbone,mae_flatten,svm_C1p0,52,6,36,ok,,0.6944444444444444,0.6641975308641975,0.6845315904139433,0.7481481481481481
foundation_backbone,mae_flatten,logreg_C0p1,52,6,36,ok,,0.6388888888888888,0.6057516339869281,0.6517273576097106,0.7111111111111111
foundation_backbone,mae_flatten,xgboost_depth2,52,6,36,ok,,0.5,0.4303405572755417,0.6349206349206349,0.6185185185185186
foundation_backbone,mae_flatten,svm_C1p0,53,6,36,ok,,0.3888888888888889,0.3968672229541794,0.5621212121212121,0.46068376068376066
foundation_backbone,mae_flatten,logreg_C0p1,53,6,36,ok,,0.3888888888888889,0.3968672229541794,0.5621212121212121,0.46068376068376066
foundation_backbone,mae_flatten,xgboost_depth2,53,6,36,ok,,0.3888888888888889,0.39153439153439146,0.6212121212121212,0.46068376068376066
foundation_backbone,mae_flatten,svm_C1p0,54,6,36,ok,,0.6111111111111112,0.5894339155208721,0.5953703703703704,0.6088319088319089
foundation_backbone,mae_flatten,logreg_C0p1,54,6,36,ok,,0.6111111111111112,0.5894339155208721,0.5953703703703704,0.6088319088319089
foundation_backbone,mae_flatten,xgboost_depth2,54,6,36,ok,,0.6111111111111112,0.5894339155208721,0.5953703703703704,0.6088319088319089
foundation_backbone,mae_flatten,svm_C1p0,55,6,36,ok,,0.5277777777777778,0.3814814814814815,0.360566448801743,0.40883190883190884
foundation_backbone,mae_flatten,logreg_C0p1,55,6,36,ok,,0.5277777777777778,0.3814814814814815,0.360566448801743,0.40883190883190884
foundation_backbone,mae_flatten,xgboost_depth2,55,6,36,ok,,0.5277777777777778,0.3814814814814815,0.360566448801743,0.40883190883190884
foundation_backbone,mae_flatten,svm_C1p0,56,6,36,ok,,0.5833333333333334,0.5664335664335665,0.5557692307692307,0.5974358974358974
foundation_backbone,mae_flatten,logreg_C0p1,56,6,36,ok,,0.6388888888888888,0.6122766122766122,0.6036324786324786,0.6415954415954416
foundation_backbone,mae_flatten,xgboost_depth2,56,6,36,ok,,0.6666666666666666,0.6358845832530043,0.6749999999999999,0.6458689458689458
foundation_backbone,mae_flatten,svm_C1p0,57,6,36,ok,,0.6111111111111112,0.5894339155208721,0.5953703703703704,0.6088319088319089
foundation_backbone,mae_flatten,logreg_C0p1,57,6,36,ok,,0.6111111111111112,0.5894339155208721,0.5953703703703704,0.6088319088319089
foundation_backbone,mae_flatten,xgboost_depth2,57,6,36,ok,,0.5,0.4330808080808081,0.5952380952380952,0.45099715099715104
foundation_backbone,mae_flatten,svm_C1p0,58,6,36,ok,,0.4444444444444444,0.3936507936507936,0.46813725490196073,0.3461538461538461
foundation_backbone,mae_flatten,logreg_C0p1,58,6,36,ok,,0.4722222222222222,0.41385281385281386,0.4727668845315904,0.3717948717948718
foundation_backbone,mae_flatten,xgboost_depth2,58,6,36,ok,,0.2777777777777778,0.27314814814814814,0.40952380952380957,0.21367521367521367
foundation_backbone,mae_flatten,svm_C1p0,59,6,36,ok,,0.4444444444444444,0.445998445998446,0.4875222816399287,0.5458689458689459
foundation_backbone,mae_flatten,logreg_C0p1,59,6,36,ok,,0.3888888888888889,0.367468671679198,0.41269841269841273,0.36438746438746444
foundation_backbone,mae_flatten,xgboost_depth2,59,6,36,ok,,0.2222222222222222,0.22990083905415712,0.34,0.313960113960114
foundation_backbone,mae_flatten,svm_C1p0,60,6,36,ok,,0.3888888888888889,0.36894586894586895,0.4151709401709402,0.40541310541310543
foundation_backbone,mae_flatten,logreg_C0p1,60,6,36,ok,,0.4166666666666667,0.39324618736383443,0.4333333333333333,0.4239316239316239
foundation_backbone,mae_flatten,xgboost_depth2,60,6,36,ok,,0.3333333333333333,0.29918229918229916,0.4068376068376069,0.3754985754985755
foundation_backbone,mae_flatten,svm_C1p0,61,6,36,ok,,0.5,0.43976608187134497,0.48888888888888893,0.4581196581196581
foundation_backbone,mae_flatten,logreg_C0p1,61,6,36,ok,,0.5,0.45132275132275135,0.4787037037037037,0.4652421652421652
foundation_backbone,mae_flatten,xgboost_depth2,61,6,36,ok,,0.4722222222222222,0.40481270744428643,0.5041771094402673,0.47350427350427343
foundation_backbone,mae_flatten,svm_C1p0,62,6,36,ok,,0.4722222222222222,0.41380125251093,0.42457264957264956,0.4199430199430199
foundation_backbone,mae_flatten,logreg_C0p1,62,6,36,ok,,0.4444444444444444,0.3387096774193548,0.3386243386243386,0.35327635327635326
foundation_backbone,mae_flatten,xgboost_depth2,62,6,36,ok,,0.3611111111111111,0.31684981684981683,0.34405458089668617,0.3458689458689459
foundation_backbone,mae_flatten,svm_C1p0,63,6,36,ok,,0.4166666666666667,0.2962962962962963,0.2995169082125604,0.3703703703703704
foundation_backbone,mae_flatten,logreg_C0p1,63,6,36,ok,,0.4166666666666667,0.2962962962962963,0.2995169082125604,0.3703703703703704
foundation_backbone,mae_flatten,xgboost_depth2,63,6,36,ok,,0.3888888888888889,0.3055555555555555,0.3216374269005848,0.34472934472934474
foundation_backbone,mae_flatten,svm_C1p0,64,6,36,ok,,0.6666666666666666,0.5656347962382445,0.5674603174603174,0.5780626780626781
foundation_backbone,mae_flatten,logreg_C0p1,64,6,36,ok,,0.7222222222222222,0.6793091168091169,0.6726190476190476,0.7113960113960115
foundation_backbone,mae_flatten,xgboost_depth2,64,6,36,ok,,0.5,0.46486486486486484,0.48345864661654137,0.5062678062678063
foundation_backbone,mae_flatten,svm_C1p0,65,6,36,ok,,0.3055555555555556,0.296996996996997,0.3147869674185464,0.3213675213675214
foundation_backbone,mae_flatten,logreg_C0p1,65,6,36,ok,,0.3333333333333333,0.31804511278195485,0.3335978835978836,0.33988603988603994
foundation_backbone,mae_flatten,xgboost_depth2,65,6,36,ok,,0.2222222222222222,0.21076604554865427,0.21546840958605662,0.21766381766381768
foundation_backbone,mae_flatten,svm_C1p0,66,6,36,ok,,0.4166666666666667,0.2869565217391304,0.3481481481481481,0.3632478632478633
foundation_backbone,mae_flatten,logreg_C0p1,66,6,36,ok,,0.4444444444444444,0.30229120473022913,0.4047619047619048,0.3888888888888889
foundation_backbone,mae_flatten,xgboost_depth2,66,6,36,ok,,0.4166666666666667,0.26821705426356585,0.4777777777777778,0.3703703703703704
foundation_backbone,mae_flatten,svm_C1p0,67,6,36,ok,,0.6388888888888888,0.5772294033163599,0.5899749373433584,0.5792022792022792
foundation_backbone,mae_flatten,logreg_C0p1,67,6,36,ok,,0.5555555555555556,0.4784126984126984,0.4855275443510738,0.4754985754985755
foundation_backbone,mae_flatten,xgboost_depth2,67,6,36,ok,,0.5555555555555556,0.5380086580086579,0.5333333333333333,0.5717948717948719
foundation_backbone,mae_flatten,svm_C1p0,68,6,36,ok,,0.5277777777777778,0.5365079365079365,0.6111111111111112,0.6014245014245014
foundation_backbone,mae_flatten,logreg_C0p1,68,6,36,ok,,0.5,0.49797979797979797,0.5574074074074075,0.5347578347578348
foundation_backbone,mae_flatten,xgboost_depth2,68,6,36,ok,,0.25,0.2483164983164983,0.2873949579831933,0.32535612535612535
foundation_backbone,mae_flatten,svm_C1p0,69,6,36,ok,,0.4444444444444444,0.4072833599149388,0.45555555555555555,0.4621082621082621
foundation_backbone,mae_flatten,logreg_C0p1,69,6,36,ok,,0.4444444444444444,0.4072833599149388,0.45555555555555555,0.4621082621082621
foundation_backbone,mae_flatten,xgboost_depth2,69,6,36,ok,,0.19444444444444445,0.19477411477411477,0.3235042735042735,0.2883190883190883
foundation_backbone,mae_flatten,svm_C1p0,70,6,36,ok,,0.6111111111111112,0.5894339155208721,0.5953703703703704,0.6088319088319089
foundation_backbone,mae_flatten,logreg_C0p1,70,6,36,ok,,0.6111111111111112,0.5894339155208721,0.5953703703703704,0.6088319088319089
foundation_backbone,mae_flatten,xgboost_depth2,70,6,36,ok,,0.5,0.44497438615085677,0.5374493927125507,0.49914529914529915
foundation_backbone,mae_flatten,svm_C1p0,71,6,36,ok,,0.3888888888888889,0.3761022927689594,0.4739278752436647,0.425071225071225
foundation_backbone,mae_flatten,logreg_C0p1,71,6,36,ok,,0.3611111111111111,0.35372960372960377,0.4554093567251462,0.4065527065527066
foundation_backbone,mae_flatten,xgboost_depth2,71,6,36,ok,,0.25,0.2521611721611721,0.46428571428571425,0.33247863247863246
foundation_backbone,mae_flatten,svm_C1p0,72,6,36,ok,,0.5277777777777778,0.39797979797979793,0.39444444444444443,0.4373219373219373
foundation_backbone,mae_flatten,logreg_C0p1,72,6,36,ok,,0.3888888888888889,0.3010752688172043,0.2948717948717949,0.32336182336182334
foundation_backbone,mae_flatten,xgboost_depth2,72,6,36,ok,,0.4166666666666667,0.32616487455197135,0.3240740740740741,0.349002849002849
foundation_backbone,mae_flatten,svm_C1p0,73,6,36,ok,,0.3888888888888889,0.32588916459884204,0.39814814814814814,0.3162393162393162
foundation_backbone,mae_flatten,logreg_C0p1,73,6,36,ok,,0.3333333333333333,0.27777777777777773,0.3625730994152046,0.2792022792022792
foundation_backbone,mae_flatten,xgboost_depth2,73,6,36,ok,,0.2777777777777778,0.2333333333333333,0.47368421052631576,0.24216524216524218
foundation_backbone,mae_flatten,svm_C1p0,74,6,36,ok,,0.4444444444444444,0.4303763440860215,0.47715247715247716,0.49772079772079775
foundation_backbone,mae_flatten,logreg_C0p1,74,6,36,ok,,0.4166666666666667,0.40653594771241836,0.4586834733893557,0.47207977207977203
foundation_backbone,mae_flatten,xgboost_depth2,74,6,36,ok,,0.3888888888888889,0.3611111111111111,0.42317916002126527,0.41253561253561255
foundation_backbone,mae_flatten,svm_C1p0,75,6,36,ok,,0.5277777777777778,0.5003748687959214,0.5518925518925518,0.5264957264957265
foundation_backbone,mae_flatten,logreg_C0p1,75,6,36,ok,,0.5555555555555556,0.5301754385964913,0.5865079365079365,0.545014245014245
foundation_backbone,mae_flatten,xgboost_depth2,75,6,36,ok,,0.4722222222222222,0.45836385836385835,0.5277777777777778,0.4823361823361824
foundation_backbone,mae_flatten,svm_C1p0,76,6,36,ok,,0.4444444444444444,0.41794871794871796,0.4709401709401709,0.42279202279202277
foundation_backbone,mae_flatten,logreg_C0p1,76,6,36,ok,,0.4444444444444444,0.4159044334482931,0.454008954008954,0.42279202279202277
foundation_backbone,mae_flatten,xgboost_depth2,76,6,36,ok,,0.3055555555555556,0.2689456137732,0.318218954248366,0.3159544159544159
foundation_backbone,mae_flatten,svm_C1p0,77,6,36,ok,,0.5277777777777778,0.5202020202020202,0.5636955636955637,0.5532763532763533
foundation_backbone,mae_flatten,logreg_C0p1,77,6,36,ok,,0.5,0.49353280349072776,0.5230769230769231,0.5347578347578348
foundation_backbone,mae_flatten,xgboost_depth2,77,6,36,ok,,0.3055555555555556,0.2936229462545252,0.33559577677224733,0.3213675213675214
foundation_backbone,mae_flatten,svm_C1p0,78,6,36,ok,,0.5277777777777778,0.5219421101774042,0.5253968253968254,0.6085470085470085
foundation_backbone,mae_flatten,logreg_C0p1,78,6,36,ok,,0.5,0.49382716049382713,0.5020350020350021,0.5900284900284901
foundation_backbone,mae_flatten,xgboost_depth2,78,6,36,ok,,0.3055555555555556,0.3095482295482295,0.373015873015873,0.4247863247863248
foundation_backbone,mae_flatten,svm_C1p0,79,6,36,ok,,0.4166666666666667,0.42581090407177363,0.5518518518518518,0.3829059829059829
foundation_backbone,mae_flatten,logreg_C0p1,79,6,36,ok,,0.4166666666666667,0.42581090407177363,0.5518518518518518,0.3829059829059829
foundation_backbone,mae_flatten,xgboost_depth2,79,6,36,ok,,0.4444444444444444,0.4571317035085151,0.6235690235690236,0.5458689458689459
foundation_backbone,mae_flatten,svm_C1p0,80,6,36,ok,,0.4444444444444444,0.38055555555555554,0.4314888010540184,0.5262108262108263
foundation_backbone,mae_flatten,logreg_C0p1,80,6,36,ok,,0.4444444444444444,0.38055555555555554,0.4314888010540184,0.5262108262108263
foundation_backbone,mae_flatten,xgboost_depth2,80,6,36,ok,,0.4722222222222222,0.414172686618507,0.6183574879227053,0.5928774928774929
foundation_backbone,mae_flatten,svm_C1p0,81,6,36,ok,,0.5277777777777778,0.4382284382284382,0.4564102564102564,0.4230769230769231
foundation_backbone,mae_flatten,logreg_C0p1,81,6,36,ok,,0.5555555555555556,0.4437229437229437,0.4444444444444444,0.44871794871794873
foundation_backbone,mae_flatten,xgboost_depth2,81,6,36,ok,,0.2777777777777778,0.27647714604236345,0.35185185185185186,0.26894586894586897
foundation_backbone,mae_flatten,svm_C1p0,82,6,36,ok,,0.4444444444444444,0.4210851563465579,0.4252044252044252,0.4495726495726496
foundation_backbone,mae_flatten,logreg_C0p1,82,6,36,ok,,0.4166666666666667,0.3659824046920821,0.3703703703703704,0.3829059829059829
foundation_backbone,mae_flatten,xgboost_depth2,82,6,36,ok,,0.3333333333333333,0.3085457271364318,0.3444444444444444,0.3754985754985755
foundation_backbone,mae_flatten,svm_C1p0,83,6,36,ok,,0.3888888888888889,0.35802469135802467,0.4013024013024013,0.36438746438746444
foundation_backbone,mae_flatten,logreg_C0p1,83,6,36,ok,,0.4166666666666667,0.3694581280788178,0.38552188552188554,0.3829059829059829
foundation_backbone,mae_flatten,xgboost_depth2,83,6,36,ok,,0.3333333333333333,0.2950191570881226,0.38888888888888884,0.2792022792022792
foundation_backbone,mae_flatten,svm_C1p0,84,6,36,ok,,0.6944444444444444,0.5853636028054633,0.6577777777777778,0.5680911680911681
foundation_backbone,mae_flatten,logreg_C0p1,84,6,36,ok,,0.6944444444444444,0.5853636028054633,0.6577777777777778,0.5680911680911681
foundation_backbone,mae_flatten,xgboost_depth2,84,6,36,ok,,0.6388888888888888,0.5378669639539205,0.5555555555555556,0.5310541310541311
foundation_backbone,mae_flatten,svm_C1p0,85,6,36,ok,,0.4166666666666667,0.35978835978835977,0.4568376068376068,0.45242165242165244
foundation_backbone,mae_flatten,logreg_C0p1,85,6,36,ok,,0.4722222222222222,0.4236111111111111,0.4758107389686337,0.4894586894586895
foundation_backbone,mae_flatten,xgboost_depth2,85,6,36,ok,,0.5555555555555556,0.46140350877192987,0.46515151515151515,0.46125356125356126
foundation_backbone,mae_flatten,svm_C1p0,86,6,36,ok,,0.4166666666666667,0.38361573449292746,0.41071428571428575,0.40427350427350434
foundation_backbone,mae_flatten,logreg_C0p1,86,6,36,ok,,0.4722222222222222,0.42821413367390376,0.4437229437229437,0.4413105413105413
foundation_backbone,mae_flatten,xgboost_depth2,86,6,36,ok,,0.2777777777777778,0.26526610644257703,0.38986928104575164,0.2547008547008547
foundation_backbone,mae_flatten,svm_C1p0,87,6,36,ok,,0.3611111111111111,0.3614718614718615,0.46296296296296297,0.29772079772079774
foundation_backbone,mae_flatten,logreg_C0p1,87,6,36,ok,,0.3611111111111111,0.3614718614718615,0.46296296296296297,0.29772079772079774
foundation_backbone,mae_flatten,xgboost_depth2,87,6,36,ok,,0.3333333333333333,0.32888888888888884,0.4329004329004329,0.2792022792022792
foundation_backbone,mae_flatten,svm_C1p0,88,6,36,ok,,0.25,0.2337382445141066,0.23710317460317462,0.2361823361823362
foundation_backbone,mae_flatten,logreg_C0p1,88,6,36,ok,,0.2777777777777778,0.253553330861451,0.26396520146520147,0.2547008547008547
foundation_backbone,mae_flatten,xgboost_depth2,88,6,36,ok,,0.25,0.20674603174603176,0.2474747474747475,0.26467236467236466
foundation_backbone,mae_flatten,svm_C1p0,89,6,36,ok,,0.4444444444444444,0.3528822055137845,0.2683982683982684,0.5333333333333333
foundation_backbone,mae_flatten,logreg_C0p1,89,6,36,ok,,0.4444444444444444,0.3528822055137845,0.2683982683982684,0.5333333333333333
foundation_backbone,mae_flatten,xgboost_depth2,89,6,36,ok,,0.4166666666666667,0.3119047619047619,0.23456790123456792,0.4666666666666666
foundation_backbone,mae_flatten,svm_C1p0,90,6,36,ok,,0.4722222222222222,0.45726495726495725,0.4897435897435898,0.5091168091168091
foundation_backbone,mae_flatten,logreg_C0p1,90,6,36,ok,,0.4722222222222222,0.45758984355475585,0.5101750101750101,0.5091168091168091
foundation_backbone,mae_flatten,xgboost_depth2,90,6,36,ok,,0.4722222222222222,0.4567901234567901,0.5028490028490028,0.5091168091168091
foundation_backbone,mae_flatten,svm_C1p0,91,6,36,ok,,0.3055555555555556,0.31307464547296243,0.517948717948718,0.41766381766381766
foundation_backbone,mae_flatten,logreg_C0p1,91,6,36,ok,,0.3055555555555556,0.31307464547296243,0.517948717948718,0.41766381766381766
foundation_backbone,mae_flatten,xgboost_depth2,91,6,36,ok,,0.3333333333333333,0.34255745308876245,0.5790598290598291,0.43618233618233626
foundation_backbone,mae_flatten,svm_C1p0,92,6,36,ok,,0.4444444444444444,0.4087177190625466,0.4583333333333333,0.519088319088319
foundation_backbone,mae_flatten,logreg_C0p1,92,6,36,ok,,0.4444444444444444,0.4087177190625466,0.4583333333333333,0.519088319088319
foundation_backbone,mae_flatten,xgboost_depth2,92,6,36,ok,,0.4166666666666667,0.39447616259210455,0.4603174603174603,0.4934472934472935
foundation_backbone,mae_flatten,svm_C1p0,93,6,36,ok,,0.4444444444444444,0.4114071996259934,0.4794871794871795,0.3603988603988604
foundation_backbone,mae_flatten,logreg_C0p1,93,6,36,ok,,0.4444444444444444,0.38974358974358975,0.4230769230769231,0.36752136752136755
foundation_backbone,mae_flatten,xgboost_depth2,93,6,36,ok,,0.3055555555555556,0.282010582010582,0.5046296296296297,0.3142450142450143
foundation_backbone,mae_flatten,svm_C1p0,94,6,36,ok,,0.5555555555555556,0.5105289235724019,0.5800724637681159,0.6074074074074074
foundation_backbone,mae_flatten,logreg_C0p1,94,6,36,ok,,0.5277777777777778,0.478989478989479,0.5555555555555555,0.5888888888888889
foundation_backbone,mae_flatten,xgboost_depth2,94,6,36,ok,,0.5277777777777778,0.4856459330143541,0.5661904761904762,0.5888888888888889
foundation_backbone,mae_flatten,svm_C1p0,95,6,36,ok,,0.5277777777777778,0.5045177045177045,0.6132478632478633,0.6780626780626781
foundation_backbone,mae_flatten,logreg_C0p1,95,6,36,ok,,0.5277777777777778,0.5045177045177045,0.6132478632478633,0.6780626780626781
foundation_backbone,mae_flatten,xgboost_depth2,95,6,36,ok,,0.2777777777777778,0.27347781217750256,0.33524904214559387,0.4615384615384615
foundation_backbone,mae_flatten,svm_C1p0,96,6,36,ok,,0.5555555555555556,0.47710622710622713,0.5392300194931774,0.503988603988604
foundation_backbone,mae_flatten,logreg_C0p1,96,6,36,ok,,0.5277777777777778,0.45004329004329,0.5227513227513226,0.4854700854700855
foundation_backbone,mae_flatten,xgboost_depth2,96,6,36,ok,,0.5277777777777778,0.4696438064859117,0.6452380952380952,0.6370370370370371
foundation_backbone,mae_flatten,svm_C1p0,97,6,36,ok,,0.5555555555555556,0.5064182194616977,0.5747474747474747,0.6074074074074074
foundation_backbone,mae_flatten,logreg_C0p1,97,6,36,ok,,0.5555555555555556,0.5035682916117699,0.5742424242424242,0.6074074074074074
foundation_backbone,mae_flatten,xgboost_depth2,97,6,36,ok,,0.4166666666666667,0.33463726884779516,0.5606060606060607,0.45954415954415956
foundation_backbone,mae_flatten,svm_C1p0,98,6,36,ok,,0.4722222222222222,0.45758984355475585,0.5101750101750101,0.5091168091168091
foundation_backbone,mae_flatten,logreg_C0p1,98,6,36,ok,,0.4722222222222222,0.4554334554334554,0.5047008547008547,0.5162393162393163
foundation_backbone,mae_flatten,xgboost_depth2,98,6,36,ok,,0.3611111111111111,0.35070511882106087,0.42549019607843136,0.435042735042735
foundation_backbone,mae_flatten,svm_C1p0,99,6,36,ok,,0.2777777777777778,0.2809516669165792,0.29649979649979646,0.350997150997151
foundation_backbone,mae_flatten,logreg_C0p1,99,6,36,ok,,0.3611111111111111,0.3464646464646464,0.37222222222222223,0.4065527065527066
foundation_backbone,mae_flatten,xgboost_depth2,99,6,36,ok,,0.3333333333333333,0.3112212276214834,0.3222222222222222,0.33988603988603994
foundation_backbone,mae_flatten,svm_C1p0,100,6,36,ok,,0.4166666666666667,0.38878648233486945,0.43612637362637363,0.4435897435897436
foundation_backbone,mae_flatten,logreg_C0p1,100,6,36,ok,,0.3611111111111111,0.3507051188210608,0.4259259259259259,0.4065527065527066
foundation_backbone,mae_flatten,xgboost_depth2,100,6,36,ok,,0.2222222222222222,0.22041514041514043,0.3491452991452992,0.313960113960114
prototype_head,mae_embeddings,prototype_mahalanobis_support_anova,1,6,36,ok,,0.6944444444444444,0.6794871794871794,0.7521367521367521,0.7891737891737892
prototype_head,mae_embeddings,prototype_mahalanobis_support_anova,2,6,36,ok,,0.6388888888888888,0.6115440115440115,0.6111111111111112,0.6415954415954416
prototype_head,mae_embeddings,prototype_mahalanobis_support_anova,3,6,36,ok,,0.6388888888888888,0.6318840579710144,0.6305010893246188,0.6754985754985755
prototype_head,mae_embeddings,prototype_mahalanobis_support_anova,4,6,36,ok,,0.6666666666666666,0.6358845832530043,0.6749999999999999,0.6458689458689458
prototype_head,mae_embeddings,prototype_mahalanobis_support_anova,5,6,36,ok,,0.3888888888888889,0.3918992884510126,0.5151515151515151,0.3162393162393162
prototype_head,mae_embeddings,prototype_mahalanobis_support_anova,6,6,36,ok,,0.6944444444444444,0.6630481055768412,0.6883417508417509,0.7481481481481481
prototype_head,mae_embeddings,prototype_mahalanobis_support_anova,7,6,36,ok,,0.75,0.6297099484955272,0.6782407407407408,0.6407407407407407
prototype_head,mae_embeddings,prototype_mahalanobis_support_anova,8,6,36,ok,,0.5277777777777778,0.5305698405277648,0.5487179487179487,0.6014245014245014
prototype_head,mae_embeddings,prototype_mahalanobis_support_anova,9,6,36,ok,,0.7222222222222222,0.6100759144237404,0.6888888888888888,0.5937321937321937
prototype_head,mae_embeddings,prototype_mahalanobis_support_anova,10,6,36,ok,,0.6666666666666666,0.6297082228116712,0.625,0.6743589743589743
prototype_head,mae_embeddings,prototype_mahalanobis_support_anova,11,6,36,ok,,0.6388888888888888,0.6069987228607918,0.6591117216117216,0.7111111111111111
prototype_head,mae_embeddings,prototype_mahalanobis_support_anova,12,6,36,ok,,0.6388888888888888,0.4805194805194805,0.5046296296296297,0.48290598290598297
prototype_head,mae_embeddings,prototype_mahalanobis_support_anova,13,6,36,ok,,0.6111111111111112,0.5889850889850891,0.611111111111111,0.6088319088319089
prototype_head,mae_embeddings,prototype_mahalanobis_support_anova,14,6,36,ok,,0.6944444444444444,0.6617704661182922,0.6709273182957394,0.6715099715099715
prototype_head,mae_embeddings,prototype_mahalanobis_support_anova,15,6,36,ok,,0.5555555555555556,0.5536019536019536,0.5902777777777778,0.6823361823361823
prototype_head,mae_embeddings,prototype_mahalanobis_support_anova,16,6,36,ok,,0.4722222222222222,0.3769063180827887,0.4771604938271605,0.3843304843304844
prototype_head,mae_embeddings,prototype_mahalanobis_support_anova,17,6,36,ok,,0.4444444444444444,0.3212121212121212,0.48148148148148145,0.3817663817663817
prototype_head,mae_embeddings,prototype_mahalanobis_support_anova,18,6,36,ok,,0.5555555555555556,0.5590884211573867,0.6541889483065954,0.6199430199430199
prototype_head,mae_embeddings,prototype_mahalanobis_support_anova,19,6,36,ok,,0.3611111111111111,0.35170940170940174,0.5672222222222222,0.44757834757834764
prototype_head,mae_embeddings,prototype_mahalanobis_support_anova,20,6,36,ok,,0.4722222222222222,0.3501831501831502,0.3636363636363636,0.40740740740740744
prototype_head,mae_embeddings,prototype_mahalanobis_support_anova,21,6,36,ok,,0.5,0.4326912051370256,0.6328502415458938,0.6185185185185186
prototype_head,mae_embeddings,prototype_mahalanobis_support_anova,22,6,36,ok,,0.5555555555555556,0.5151515151515151,0.5095238095238095,0.5307692307692308
prototype_head,mae_embeddings,prototype_mahalanobis_support_anova,23,6,36,ok,,0.5555555555555556,0.47370908661231237,0.4824074074074074,0.5111111111111111
prototype_head,mae_embeddings,prototype_mahalanobis_support_anova,24,6,36,ok,,0.6388888888888888,0.6297258297258297,0.6453159041394335,0.6754985754985755
prototype_head,mae_embeddings,prototype_mahalanobis_support_anova,25,6,36,ok,,0.6388888888888888,0.575361037430003,0.5806595365418895,0.6148148148148148
prototype_head,mae_embeddings,prototype_mahalanobis_support_anova,26,6,36,ok,,0.5277777777777778,0.4597328786587098,0.5396825396825397,0.5407407407407407
prototype_head,mae_embeddings,prototype_mahalanobis_support_anova,27,6,36,ok,,0.6388888888888888,0.606236559139785,0.6476671476671476,0.7111111111111111
prototype_head,mae_embeddings,prototype_mahalanobis_support_anova,28,6,36,ok,,0.4444444444444444,0.4257759784075574,0.4431818181818182,0.4621082621082621
prototype_head,mae_embeddings,prototype_mahalanobis_support_anova,29,6,36,ok,,0.7222222222222222,0.6658520690778755,0.7209401709401709,0.6703703703703704
prototype_head,mae_embeddings,prototype_mahalanobis_support_anova,30,6,36,ok,,0.6666666666666666,0.6361990950226245,0.6319444444444445,0.6601139601139602
prototype_head,mae_embeddings,prototype_mahalanobis_support_anova,31,6,36,ok,,0.6666666666666666,0.6358845832530043,0.6749999999999999,0.6458689458689458
prototype_head,mae_embeddings,prototype_mahalanobis_support_anova,32,6,36,ok,,0.5,0.4088109161793372,0.4471428571428571,0.4740740740740741
prototype_head,mae_embeddings,prototype_mahalanobis_support_anova,33,6,36,ok,,0.3888888888888889,0.3932226399331662,0.7283950617283951,0.556980056980057
prototype_head,mae_embeddings,prototype_mahalanobis_support_anova,34,6,36,ok,,0.6111111111111112,0.5889850889850891,0.611111111111111,0.6088319088319089
prototype_head,mae_embeddings,prototype_mahalanobis_support_anova,35,6,36,ok,,0.4722222222222222,0.4341946597760551,0.4695238095238095,0.4324786324786325
prototype_head,mae_embeddings,prototype_mahalanobis_support_anova,36,6,36,ok,,0.5833333333333334,0.5611111111111111,0.5819548872180451,0.666951566951567
prototype_head,mae_embeddings,prototype_mahalanobis_support_anova,37,6,36,ok,,0.5,0.45951006397253863,0.4930555555555555,0.5079772079772079
prototype_head,mae_embeddings,prototype_mahalanobis_support_anova,38,6,36,ok,,0.6111111111111112,0.5894339155208721,0.5953703703703704,0.6088319088319089
prototype_head,mae_embeddings,prototype_mahalanobis_support_anova,39,6,36,ok,,0.6111111111111112,0.5767676767676768,0.699346405228758,0.7407407407407408
prototype_head,mae_embeddings,prototype_mahalanobis_support_anova,40,6,36,ok,,0.7222222222222222,0.6749189507810197,0.6736111111111112,0.7185185185185184
prototype_head,mae_embeddings,prototype_mahalanobis_support_anova,41,6,36,ok,,0.5277777777777778,0.4943209876543209,0.5444444444444444,0.5407407407407407
prototype_head,mae_embeddings,prototype_mahalanobis_support_anova,42,6,36,ok,,0.6111111111111112,0.5899245852187028,0.5833333333333334,0.6159544159544159
prototype_head,mae_embeddings,prototype_mahalanobis_support_anova,43,6,36,ok,,0.4166666666666667,0.3980076628352491,0.5227272727272728,0.4435897435897436
prototype_head,mae_embeddings,prototype_mahalanobis_support_anova,44,6,36,ok,,0.3888888888888889,0.39826839826839827,0.5209339774557166,0.5088319088319089
prototype_head,mae_embeddings,prototype_mahalanobis_support_anova,45,6,36,ok,,0.4722222222222222,0.4056005398110661,0.6188271604938271,0.5518518518518518
prototype_head,mae_embeddings,prototype_mahalanobis_support_anova,46,6,36,ok,,0.4166666666666667,0.3841358890447249,0.4934472934472935,0.39544159544159546
prototype_head,mae_embeddings,prototype_mahalanobis_support_anova,47,6,36,ok,,0.6944444444444444,0.6732348111658456,0.6708754208754208,0.7410256410256411
prototype_head,mae_embeddings,prototype_mahalanobis_support_anova,48,6,36,ok,,0.6111111111111112,0.5652385928247997,0.5638888888888889,0.5749287749287749
prototype_head,mae_embeddings,prototype_mahalanobis_support_anova,49,6,36,ok,,0.5277777777777778,0.5037037037037037,0.5404725992961287,0.6227920227920228
prototype_head,mae_embeddings,prototype_mahalanobis_support_anova,50,6,36,ok,,0.6666666666666666,0.6115837104072398,0.6180555555555555,0.6190883190883191
prototype_head,mae_embeddings,prototype_mahalanobis_support_anova,51,6,36,ok,,0.5277777777777778,0.44745484400656815,0.4707070707070707,0.4444444444444444
prototype_head,mae_embeddings,prototype_mahalanobis_support_anova,52,6,36,ok,,0.6111111111111112,0.5776072747939756,0.673015873015873,0.6925925925925926
prototype_head,mae_embeddings,prototype_mahalanobis_support_anova,53,6,36,ok,,0.5277777777777778,0.5379188712522046,0.6627680311890839,0.6014245014245014
prototype_head,mae_embeddings,prototype_mahalanobis_support_anova,54,6,36,ok,,0.6111111111111112,0.5889355742296919,0.5921717171717171,0.6159544159544159
prototype_head,mae_embeddings,prototype_mahalanobis_support_anova,55,6,36,ok,,0.6111111111111112,0.5894339155208721,0.5953703703703704,0.6088319088319089
prototype_head,mae_embeddings,prototype_mahalanobis_support_anova,56,6,36,ok,,0.6666666666666666,0.6358845832530043,0.6749999999999999,0.6458689458689458
prototype_head,mae_embeddings,prototype_mahalanobis_support_anova,57,6,36,ok,,0.6111111111111112,0.591005291005291,0.6370370370370371,0.6088319088319089
prototype_head,mae_embeddings,prototype_mahalanobis_support_anova,58,6,36,ok,,0.5277777777777778,0.5379188712522046,0.6627680311890839,0.6014245014245014
prototype_head,mae_embeddings,prototype_mahalanobis_support_anova,59,6,36,ok,,0.5,0.5090909090909091,0.5518518518518518,0.582905982905983
prototype_head,mae_embeddings,prototype_mahalanobis_support_anova,60,6,36,ok,,0.5277777777777778,0.46522432563622496,0.5511111111111111,0.5407407407407407
prototype_head,mae_embeddings,prototype_mahalanobis_support_anova,61,6,36,ok,,0.6388888888888888,0.6147669408538974,0.6200501253132832,0.6273504273504273
prototype_head,mae_embeddings,prototype_mahalanobis_support_anova,62,6,36,ok,,0.5555555555555556,0.4982327613906561,0.5583333333333333,0.4754985754985755
prototype_head,mae_embeddings,prototype_mahalanobis_support_anova,63,6,36,ok,,0.4166666666666667,0.28362573099415206,0.28444444444444444,0.3703703703703704
prototype_head,mae_embeddings,prototype_mahalanobis_support_anova,64,6,36,ok,,0.5555555555555556,0.5105289235724019,0.5800724637681159,0.6074074074074074
prototype_head,mae_embeddings,prototype_mahalanobis_support_anova,65,6,36,ok,,0.3055555555555556,0.307896051974013,0.46507936507936504,0.41766381766381766
prototype_head,mae_embeddings,prototype_mahalanobis_support_anova,66,6,36,ok,,0.5,0.43756613756613755,0.5106280193236715,0.5703703703703703
prototype_head,mae_embeddings,prototype_mahalanobis_support_anova,67,6,36,ok,,0.5833333333333334,0.5839345839345839,0.6358974358974359,0.6384615384615385
prototype_head,mae_embeddings,prototype_mahalanobis_support_anova,68,6,36,ok,,0.5277777777777778,0.533312754025827,0.571021571021571,0.6014245014245014
prototype_head,mae_embeddings,prototype_mahalanobis_support_anova,69,6,36,ok,,0.3888888888888889,0.367965367965368,0.3797008547008547,0.425071225071225
prototype_head,mae_embeddings,prototype_mahalanobis_support_anova,70,6,36,ok,,0.6111111111111112,0.591005291005291,0.6370370370370371,0.6088319088319089
prototype_head,mae_embeddings,prototype_mahalanobis_support_anova,71,6,36,ok,,0.4722222222222222,0.437539531941809,0.5846828609986504,0.4806267806267807
prototype_head,mae_embeddings,prototype_mahalanobis_support_anova,72,6,36,ok,,0.5833333333333334,0.44861111111111107,0.4502923976608187,0.48148148148148145
prototype_head,mae_embeddings,prototype_mahalanobis_support_anova,73,6,36,ok,,0.5,0.43555555555555553,0.5,0.39031339031339035
prototype_head,mae_embeddings,prototype_mahalanobis_support_anova,74,6,36,ok,,0.4722222222222222,0.3974043974043974,0.4305555555555555,0.5037037037037037
prototype_head,mae_embeddings,prototype_mahalanobis_support_anova,75,6,36,ok,,0.5277777777777778,0.47398692810457516,0.5009337068160598,0.5407407407407407
prototype_head,mae_embeddings,prototype_mahalanobis_support_anova,76,6,36,ok,,0.4444444444444444,0.39428312159709616,0.44047619047619047,0.42991452991452994
prototype_head,mae_embeddings,prototype_mahalanobis_support_anova,77,6,36,ok,,0.6111111111111112,0.6051693404634582,0.6258417508417509,0.656980056980057
prototype_head,mae_embeddings,prototype_mahalanobis_support_anova,78,6,36,ok,,0.5,0.4664750957854406,0.48701298701298706,0.49373219373219374
prototype_head,mae_embeddings,prototype_mahalanobis_support_anova,79,6,36,ok,,0.4166666666666667,0.43550671550671555,0.5750000000000001,0.4310541310541311
prototype_head,mae_embeddings,prototype_mahalanobis_support_anova,80,6,36,ok,,0.6111111111111112,0.5792929292929293,0.6277777777777778,0.6925925925925926
prototype_head,mae_embeddings,prototype_mahalanobis_support_anova,81,6,36,ok,,0.5833333333333334,0.4484848484848485,0.43529411764705883,0.4743589743589744
prototype_head,mae_embeddings,prototype_mahalanobis_support_anova,82,6,36,ok,,0.6111111111111112,0.6057402671213413,0.6083333333333333,0.656980056980057
prototype_head,mae_embeddings,prototype_mahalanobis_support_anova,83,6,36,ok,,0.4444444444444444,0.4638447971781305,0.6161616161616161,0.5458689458689459
prototype_head,mae_embeddings,prototype_mahalanobis_support_anova,84,6,36,ok,,0.7222222222222222,0.663059163059163,0.7407407407407408,0.6347578347578348
prototype_head,mae_embeddings,prototype_mahalanobis_support_anova,85,6,36,ok,,0.5555555555555556,0.5321329234372713,0.6283068783068783,0.6965811965811967
prototype_head,mae_embeddings,prototype_mahalanobis_support_anova,86,6,36,ok,,0.5833333333333334,0.5151515151515151,0.5237179487179487,0.5153846153846153
prototype_head,mae_embeddings,prototype_mahalanobis_support_anova,87,6,36,ok,,0.4166666666666667,0.39797979797979793,0.49074074074074076,0.33475783475783477
prototype_head,mae_embeddings,prototype_mahalanobis_support_anova,88,6,36,ok,,0.3611111111111111,0.3375312343828086,0.38686868686868686,0.35840455840455837
prototype_head,mae_embeddings,prototype_mahalanobis_support_anova,89,6,36,ok,,0.4166666666666667,0.30492898913951544,0.5370370370370371,0.4185185185185185
prototype_head,mae_embeddings,prototype_mahalanobis_support_anova,90,6,36,ok,,0.6388888888888888,0.5952665415031007,0.6111111111111112,0.662962962962963
prototype_head,mae_embeddings,prototype_mahalanobis_support_anova,91,6,36,ok,,0.25,0.25208855472013364,0.4382716049382716,0.3806267806267807
prototype_head,mae_embeddings,prototype_mahalanobis_support_anova,92,6,36,ok,,0.4722222222222222,0.3501831501831502,0.3636363636363636,0.40740740740740744
prototype_head,mae_embeddings,prototype_mahalanobis_support_anova,93,6,36,ok,,0.4722222222222222,0.41385281385281386,0.4727668845315904,0.3717948717948718
prototype_head,mae_embeddings,prototype_mahalanobis_support_anova,94,6,36,ok,,0.6388888888888888,0.5975189933523267,0.6123294346978557,0.662962962962963
prototype_head,mae_embeddings,prototype_mahalanobis_support_anova,95,6,36,ok,,0.5277777777777778,0.49867724867724866,0.5956558061821219,0.6780626780626781
prototype_head,mae_embeddings,prototype_mahalanobis_support_anova,96,6,36,ok,,0.6944444444444444,0.6703886152162014,0.6727272727272728,0.7410256410256411
prototype_head,mae_embeddings,prototype_mahalanobis_support_anova,97,6,36,ok,,0.6111111111111112,0.5279104037724728,0.5347222222222222,0.5481481481481482
prototype_head,mae_embeddings,prototype_mahalanobis_support_anova,98,6,36,ok,,0.6944444444444444,0.6486042692939245,0.6546717171717172,0.7000000000000001
prototype_head,mae_embeddings,prototype_mahalanobis_support_anova,99,6,36,ok,,0.5,0.45460358056265987,0.5912698412698413,0.49914529914529915
prototype_head,mae_embeddings,prototype_mahalanobis_support_anova,100,6,36,ok,,0.4444444444444444,0.40809540190345145,0.4351851851851852,0.4621082621082621
direct_binned,bins1024_auc,svm_C1p0,1,6,36,ok,,0.5555555555555556,0.5258799171842651,0.6925925925925925,0.6965811965811967
direct_binned,bins1024_auc,logreg_C0p1,1,6,36,ok,,0.5833333333333334,0.5456038214658904,0.7022058823529411,0.7222222222222223
direct_binned,bins1024_auc,xgboost_depth2,1,6,36,ok,,0.5,0.4561321489792738,0.49914529914529915,0.5632478632478632
direct_binned,bins1024_auc,svm_C1p0,2,6,36,ok,,0.5555555555555556,0.5401748788845563,0.5301282051282051,0.5789173789173788
direct_binned,bins1024_auc,logreg_C0p1,2,6,36,ok,,0.5555555555555556,0.5275644307902373,0.5370370370370371,0.5931623931623932
direct_binned,bins1024_auc,xgboost_depth2,2,6,36,ok,,0.5555555555555556,0.5196333457203023,0.5351851851851852,0.5236467236467237
direct_binned,bins1024_auc,svm_C1p0,3,6,36,ok,,0.5833333333333334,0.5762468030690537,0.5920634920634921,0.6384615384615385
direct_binned,bins1024_auc,logreg_C0p1,3,6,36,ok,,0.6111111111111112,0.6087454212454212,0.5932030932030933,0.6641025641025641
direct_binned,bins1024_auc,xgboost_depth2,3,6,36,ok,,0.4444444444444444,0.44797178130511456,0.4739057239057239,0.5458689458689459
direct_binned,bins1024_auc,svm_C1p0,4,6,36,ok,,0.5277777777777778,0.4926739926739927,0.4953194953194953,0.5122507122507122
direct_binned,bins1024_auc,logreg_C0p1,4,6,36,ok,,0.5833333333333334,0.5349206349206349,0.5407407407407407,0.5635327635327635
direct_binned,bins1024_auc,xgboost_depth2,4,6,36,ok,,0.6388888888888888,0.6,0.6130718954248366,0.6558404558404558
direct_binned,bins1024_auc,svm_C1p0,5,6,36,ok,,0.25,0.2222222222222222,0.2888888888888889,0.22364672364672367
direct_binned,bins1024_auc,logreg_C0p1,5,6,36,ok,,0.3888888888888889,0.3852813852813853,0.4962962962962963,0.3162393162393162
direct_binned,bins1024_auc,xgboost_depth2,5,6,36,ok,,0.2777777777777778,0.27136752136752135,0.3371212121212121,0.235042735042735
direct_binned,bins1024_auc,svm_C1p0,6,6,36,ok,,0.6111111111111112,0.6111111111111112,0.7543859649122807,0.7264957264957265
direct_binned,bins1024_auc,logreg_C0p1,6,6,36,ok,,0.6388888888888888,0.6258741258741259,0.7390648567119156,0.7521367521367521
direct_binned,bins1024_auc,xgboost_depth2,6,6,36,ok,,0.3055555555555556,0.3121651843761377,0.47222222222222215,0.41766381766381766
direct_binned,bins1024_auc,svm_C1p0,7,6,36,ok,,0.6111111111111112,0.5132009752699408,0.5257575757575758,0.5481481481481482
direct_binned,bins1024_auc,logreg_C0p1,7,6,36,ok,,0.6388888888888888,0.5781086729362591,0.5943646996278575,0.6076923076923078
direct_binned,bins1024_auc,xgboost_depth2,7,6,36,ok,,0.4444444444444444,0.3333333333333333,0.3245614035087719,0.3603988603988604
direct_binned,bins1024_auc,svm_C1p0,8,6,36,ok,,0.4722222222222222,0.48216464158493144,0.5128540305010894,0.6125356125356126
direct_binned,bins1024_auc,logreg_C0p1,8,6,36,ok,,0.4444444444444444,0.44855072463768114,0.5166666666666667,0.594017094017094
direct_binned,bins1024_auc,xgboost_depth2,8,6,36,ok,,0.3611111111111111,0.3588278388278388,0.3819444444444445,0.435042735042735
direct_binned,bins1024_auc,svm_C1p0,9,6,36,ok,,0.6944444444444444,0.6291486291486291,0.6222222222222222,0.6447293447293447
direct_binned,bins1024_auc,logreg_C0p1,9,6,36,ok,,0.6666666666666666,0.6085033339935301,0.6021825396825397,0.6190883190883191
direct_binned,bins1024_auc,xgboost_depth2,9,6,36,ok,,0.5555555555555556,0.5197306397306397,0.5185185185185185,0.5236467236467237
direct_binned,bins1024_auc,svm_C1p0,10,6,36,ok,,0.5277777777777778,0.5037037037037037,0.5404725992961287,0.6227920227920228
direct_binned,bins1024_auc,logreg_C0p1,10,6,36,ok,,0.4444444444444444,0.4076786168319349,0.4204481792717087,0.519088319088319
direct_binned,bins1024_auc,xgboost_depth2,10,6,36,ok,,0.5277777777777778,0.5007373506229341,0.5775910364145659,0.6227920227920228
direct_binned,bins1024_auc,svm_C1p0,11,6,36,ok,,0.5277777777777778,0.5100766115258869,0.5599439775910363,0.6709401709401709
direct_binned,bins1024_auc,logreg_C0p1,11,6,36,ok,,0.5555555555555556,0.5414462081128747,0.5882936507936508,0.6894586894586895
direct_binned,bins1024_auc,xgboost_depth2,11,6,36,ok,,0.5277777777777778,0.5282186948853616,0.5715488215488215,0.6156695156695157
direct_binned,bins1024_auc,svm_C1p0,12,6,36,ok,,0.4722222222222222,0.43209876543209874,0.4727309727309727,0.4413105413105413
direct_binned,bins1024_auc,logreg_C0p1,12,6,36,ok,,0.4444444444444444,0.42656898656898656,0.4885531135531136,0.4638176638176638
direct_binned,bins1024_auc,xgboost_depth2,12,6,36,ok,,0.4166666666666667,0.40605616605616607,0.4583333333333333,0.43817663817663816
direct_binned,bins1024_auc,svm_C1p0,13,6,36,ok,,0.5277777777777778,0.5264279624893436,0.5349206349206349,0.5943019943019943
direct_binned,bins1024_auc,logreg_C0p1,13,6,36,ok,,0.5277777777777778,0.5259259259259259,0.5394327894327895,0.6014245014245014
direct_binned,bins1024_auc,xgboost_depth2,13,6,36,ok,,0.5,0.4813676964214599,0.48148148148148145,0.549002849002849
direct_binned,bins1024_auc,svm_C1p0,14,6,36,ok,,0.5,0.42234848484848486,0.326109391124871,0.6666666666666666
direct_binned,bins1024_auc,logreg_C0p1,14,6,36,ok,,0.4722222222222222,0.38888888888888884,0.2909698996655518,0.6
direct_binned,bins1024_auc,xgboost_depth2,14,6,36,ok,,0.5,0.45210084033613446,0.6262626262626262,0.6113960113960114
direct_binned,bins1024_auc,svm_C1p0,15,6,36,ok,,0.3055555555555556,0.3115151515151515,0.2647058823529412,0.4871794871794872
direct_binned,bins1024_auc,logreg_C0p1,15,6,36,ok,,0.5277777777777778,0.487456271864068,0.6759259259259259,0.6780626780626781
direct_binned,bins1024_auc,xgboost_depth2,15,6,36,ok,,0.5833333333333334,0.5551146384479718,0.7305764411027568,0.7222222222222223
direct_binned,bins1024_auc,svm_C1p0,16,6,36,ok,,0.3333333333333333,0.3420601527193392,0.39515669515669516,0.48433048433048437
direct_binned,bins1024_auc,logreg_C0p1,16,6,36,ok,,0.3055555555555556,0.3156565656565657,0.37366946778711485,0.41766381766381766
direct_binned,bins1024_auc,xgboost_depth2,16,6,36,ok,,0.3333333333333333,0.33209876543209876,0.44155844155844154,0.43618233618233626
direct_binned,bins1024_auc,svm_C1p0,17,6,36,ok,,0.3888888888888889,0.27993897787948135,0.3466666666666667,0.3376068376068376
direct_binned,bins1024_auc,logreg_C0p1,17,6,36,ok,,0.4166666666666667,0.30930930930930933,0.375,0.3561253561253561
direct_binned,bins1024_auc,xgboost_depth2,17,6,36,ok,,0.3611111111111111,0.2302096705177578,0.4761904761904762,0.32621082621082625
direct_binned,bins1024_auc,svm_C1p0,18,6,36,ok,,0.4166666666666667,0.3273809523809524,0.3421052631578947,0.349002849002849
direct_binned,bins1024_auc,logreg_C0p1,18,6,36,ok,,0.4722222222222222,0.3698924731182796,0.3703703703703704,0.39316239316239315
direct_binned,bins1024_auc,xgboost_depth2,18,6,36,ok,,0.5277777777777778,0.4740896358543418,0.49726430976430985,0.46410256410256406
direct_binned,bins1024_auc,svm_C1p0,19,6,36,ok,,0.25,0.21645021645021645,0.3888888888888889,0.40740740740740744
direct_binned,bins1024_auc,logreg_C0p1,19,6,36,ok,,0.2777777777777778,0.2609180035650624,0.5019157088122606,0.43304843304843305
direct_binned,bins1024_auc,xgboost_depth2,19,6,36,ok,,0.2777777777777778,0.2641260805397428,0.4123931623931624,0.38490028490028494
direct_binned,bins1024_auc,svm_C1p0,20,6,36,ok,,0.5277777777777778,0.4782051282051282,0.5042335115864528,0.5336182336182337
direct_binned,bins1024_auc,logreg_C0p1,20,6,36,ok,,0.5,0.44133459835547123,0.46296296296296297,0.5222222222222223
direct_binned,bins1024_auc,xgboost_depth2,20,6,36,ok,,0.4722222222222222,0.4495319495319496,0.4743589743589744,0.4823361823361824
direct_binned,bins1024_auc,svm_C1p0,21,6,36,ok,,0.4722222222222222,0.39761600681140913,0.41898148148148145,0.40740740740740744
direct_binned,bins1024_auc,logreg_C0p1,21,6,36,ok,,0.5277777777777778,0.4639740315027671,0.4863215488215489,0.49259259259259264
direct_binned,bins1024_auc,xgboost_depth2,21,6,36,ok,,0.3611111111111111,0.34871794871794876,0.35854700854700855,0.4011396011396011
direct_binned,bins1024_auc,svm_C1p0,22,6,36,ok,,0.5833333333333334,0.5712250712250713,0.5923076923076923,0.6527065527065528
direct_binned,bins1024_auc,logreg_C0p1,22,6,36,ok,,0.5833333333333334,0.5736842105263158,0.6063492063492063,0.6527065527065528
direct_binned,bins1024_auc,xgboost_depth2,22,6,36,ok,,0.4722222222222222,0.4665167416291854,0.5545935545935546,0.543019943019943
direct_binned,bins1024_auc,svm_C1p0,23,6,36,ok,,0.7222222222222222,0.6492293625914316,0.6438492063492064,0.6703703703703704
direct_binned,bins1024_auc,logreg_C0p1,23,6,36,ok,,0.6666666666666666,0.6007820136852394,0.6018518518518517,0.6333333333333333
direct_binned,bins1024_auc,xgboost_depth2,23,6,36,ok,,0.5,0.4673874512584191,0.4628205128205128,0.49373219373219374
direct_binned,bins1024_auc,svm_C1p0,24,6,36,ok,,0.4444444444444444,0.3323481116584565,0.34848484848484845,0.3603988603988604
direct_binned,bins1024_auc,logreg_C0p1,24,6,36,ok,,0.3055555555555556,0.2222222222222222,0.24154589371980675,0.2678062678062678
direct_binned,bins1024_auc,xgboost_depth2,24,6,36,ok,,0.2777777777777778,0.17094017094017092,0.12820512820512822,0.25641025641025644
direct_binned,bins1024_auc,svm_C1p0,25,6,36,ok,,0.6388888888888888,0.4909090909090909,0.47712418300653586,0.5185185185185185
direct_binned,bins1024_auc,logreg_C0p1,25,6,36,ok,,0.6111111111111112,0.5152777777777778,0.5169590643274854,0.5481481481481482
direct_binned,bins1024_auc,xgboost_depth2,25,6,36,ok,,0.5833333333333334,0.5419354838709678,0.5421652421652422,0.5635327635327635
direct_binned,bins1024_auc,svm_C1p0,26,6,36,ok,,0.3611111111111111,0.2791783380018674,0.3968253968253968,0.3190883190883191
direct_binned,bins1024_auc,logreg_C0p1,26,6,36,ok,,0.4722222222222222,0.3907407407407408,0.5823451910408433,0.5037037037037037
direct_binned,bins1024_auc,xgboost_depth2,26,6,36,ok,,0.4722222222222222,0.4251374312843578,0.49074074074074076,0.5928774928774929
direct_binned,bins1024_auc,svm_C1p0,27,6,36,ok,,0.5,0.4584707646176911,0.6574074074074074,0.6113960113960114
direct_binned,bins1024_auc,logreg_C0p1,27,6,36,ok,,0.5,0.47308488612836436,0.6518518518518519,0.6042735042735042
direct_binned,bins1024_auc,xgboost_depth2,27,6,36,ok,,0.5555555555555556,0.5207896051974013,0.65,0.6002849002849003
direct_binned,bins1024_auc,svm_C1p0,28,6,36,ok,,0.3611111111111111,0.3573232323232323,0.42128851540616247,0.4547008547008547
direct_binned,bins1024_auc,logreg_C0p1,28,6,36,ok,,0.3611111111111111,0.3545385202135774,0.40740740740740744,0.4547008547008547
direct_binned,bins1024_auc,xgboost_depth2,28,6,36,ok,,0.4722222222222222,0.45,0.5311714429361488,0.5233618233618234
direct_binned,bins1024_auc,svm_C1p0,29,6,36,ok,,0.6388888888888888,0.5434180514825676,0.5555555555555555,0.5595441595441596
direct_binned,bins1024_auc,logreg_C0p1,29,6,36,ok,,0.6666666666666666,0.6349206349206349,0.65,0.6814814814814815
direct_binned,bins1024_auc,xgboost_depth2,29,6,36,ok,,0.4444444444444444,0.3730789613142555,0.27777777777777773,0.5743589743589744
direct_binned,bins1024_auc,svm_C1p0,30,6,36,ok,,0.3888888888888889,0.3702553485162181,0.35000000000000003,0.5159544159544159
direct_binned,bins1024_auc,logreg_C0p1,30,6,36,ok,,0.3888888888888889,0.3702553485162181,0.35000000000000003,0.5159544159544159
direct_binned,bins1024_auc,xgboost_depth2,30,6,36,ok,,0.3888888888888889,0.3812093953023488,0.43472222222222223,0.5017094017094017
direct_binned,bins1024_auc,svm_C1p0,31,6,36,ok,,0.5,0.494949494949495,0.5463675213675213,0.5276353276353275
direct_binned,bins1024_auc,logreg_C0p1,31,6,36,ok,,0.5277777777777778,0.5163398692810457,0.5625,0.5461538461538461
direct_binned,bins1024_auc,xgboost_depth2,31,6,36,ok,,0.6111111111111112,0.5582503770739065,0.5625,0.5678062678062678
direct_binned,bins1024_auc,svm_C1p0,32,6,36,ok,,0.3055555555555556,0.2589279522917967,0.25555555555555554,0.26609686609686606
direct_binned,bins1024_auc,logreg_C0p1,32,6,36,ok,,0.3333333333333333,0.31206804891015416,0.30264550264550266,0.33276353276353277
direct_binned,bins1024_auc,xgboost_depth2,32,6,36,ok,,0.3611111111111111,0.34720927824376097,0.5570175438596491,0.3173789173789174
direct_binned,bins1024_auc,svm_C1p0,33,6,36,ok,,0.5277777777777778,0.5105045492142266,0.5102564102564103,0.5532763532763533
direct_binned,bins1024_auc,logreg_C0p1,33,6,36,ok,,0.5555555555555556,0.5361455748552523,0.5358974358974359,0.5789173789173788
direct_binned,bins1024_auc,xgboost_depth2,33,6,36,ok,,0.5277777777777778,0.47994538317118957,0.5,0.5264957264957265
direct_binned,bins1024_auc,svm_C1p0,34,6,36,ok,,0.5277777777777778,0.5135918003565062,0.5376683501683502,0.5461538461538461
direct_binned,bins1024_auc,logreg_C0p1,34,6,36,ok,,0.4722222222222222,0.46637894288150045,0.48333333333333334,0.5091168091168091
direct_binned,bins1024_auc,xgboost_depth2,34,6,36,ok,,0.6111111111111112,0.5821835821835822,0.594785575048733,0.6017094017094017
direct_binned,bins1024_auc,svm_C1p0,35,6,36,ok,,0.16666666666666666,0.16131760959347166,0.25,0.18062678062678064
direct_binned,bins1024_auc,logreg_C0p1,35,6,36,ok,,0.3333333333333333,0.3181818181818182,0.3836601307189542,0.33988603988603994
direct_binned,bins1024_auc,xgboost_depth2,35,6,36,ok,,0.25,0.25193968672229544,0.376984126984127,0.33247863247863246
direct_binned,bins1024_auc,svm_C1p0,36,6,36,ok,,0.5,0.474025974025974,0.5091503267973856,0.6524216524216525
direct_binned,bins1024_auc,logreg_C0p1,36,6,36,ok,,0.5277777777777778,0.4908692839727323,0.5702614379084967,0.6780626780626781
direct_binned,bins1024_auc,xgboost_depth2,36,6,36,ok,,0.5,0.49454545454545457,0.5466853408029878,0.5971509971509971
direct_binned,bins1024_auc,svm_C1p0,37,6,36,ok,,0.4166666666666667,0.34700854700854694,0.38235294117647056,0.3561253561253561
direct_binned,bins1024_auc,logreg_C0p1,37,6,36,ok,,0.4166666666666667,0.35543766578249336,0.3958333333333333,0.3561253561253561
direct_binned,bins1024_auc,xgboost_depth2,37,6,36,ok,,0.2777777777777778,0.29850226401950536,0.40277777777777773,0.33133903133903136
direct_binned,bins1024_auc,svm_C1p0,38,6,36,ok,,0.5277777777777778,0.5133333333333333,0.5126984126984127,0.5532763532763533
direct_binned,bins1024_auc,logreg_C0p1,38,6,36,ok,,0.4722222222222222,0.4666666666666666,0.45555555555555555,0.5162393162393163
direct_binned,bins1024_auc,xgboost_depth2,38,6,36,ok,,0.5,0.4813676964214599,0.48148148148148145,0.549002849002849
direct_binned,bins1024_auc,svm_C1p0,39,6,36,ok,,0.6111111111111112,0.5796387520525451,0.5827020202020202,0.6301994301994301
direct_binned,bins1024_auc,logreg_C0p1,39,6,36,ok,,0.6388888888888888,0.622179650915283,0.6255411255411255,0.6968660968660969
direct_binned,bins1024_auc,xgboost_depth2,39,6,36,ok,,0.6388888888888888,0.6083333333333333,0.6158730158730159,0.6415954415954416
direct_binned,bins1024_auc,svm_C1p0,40,6,36,ok,,0.5555555555555556,0.5317460317460317,0.5405228758169934,0.586039886039886
direct_binned,bins1024_auc,logreg_C0p1,40,6,36,ok,,0.5833333333333334,0.5342077277561149,0.5363247863247863,0.5564102564102564
direct_binned,bins1024_auc,xgboost_depth2,40,6,36,ok,,0.5277777777777778,0.491821440208537,0.49074074074074076,0.5193732193732195
direct_binned,bins1024_auc,svm_C1p0,41,6,36,ok,,0.3888888888888889,0.33244916003536695,0.375,0.3304843304843305
direct_binned,bins1024_auc,logreg_C0p1,41,6,36,ok,,0.4166666666666667,0.36155202821869487,0.40740740740740744,0.349002849002849
direct_binned,bins1024_auc,xgboost_depth2,41,6,36,ok,,0.3888888888888889,0.2630992196209588,0.2871794871794872,0.34472934472934474
direct_binned,bins1024_auc,svm_C1p0,42,6,36,ok,,0.6111111111111112,0.5796387520525451,0.5827020202020202,0.6301994301994301
direct_binned,bins1024_auc,logreg_C0p1,42,6,36,ok,,0.6388888888888888,0.622179650915283,0.6255411255411255,0.6968660968660969
direct_binned,bins1024_auc,xgboost_depth2,42,6,36,ok,,0.3611111111111111,0.3156108597285068,0.37012987012987014,0.3512820512820513
direct_binned,bins1024_auc,svm_C1p0,43,6,36,ok,,0.25,0.2526455026455026,0.46969696969696967,0.33247863247863246
direct_binned,bins1024_auc,logreg_C0p1,43,6,36,ok,,0.25,0.2521611721611721,0.46025641025641023,0.33247863247863246
direct_binned,bins1024_auc,xgboost_depth2,43,6,36,ok,,0.25,0.24675324675324672,0.3820450885668277,0.3735042735042735
direct_binned,bins1024_auc,svm_C1p0,44,6,36,ok,,0.5,0.5005041338979632,0.5194805194805195,0.582905982905983
direct_binned,bins1024_auc,logreg_C0p1,44,6,36,ok,,0.4722222222222222,0.4634615384615384,0.4627039627039627,0.5162393162393163
direct_binned,bins1024_auc,xgboost_depth2,44,6,36,ok,,0.3333333333333333,0.19047619047619047,0.13793103448275862,0.3076923076923077
direct_binned,bins1024_auc,svm_C1p0,45,6,36,ok,,0.5833333333333334,0.5436381074168798,0.6058479532163742,0.674074074074074
direct_binned,bins1024_auc,logreg_C0p1,45,6,36,ok,,0.5277777777777778,0.4901960784313726,0.561111111111111,0.6299145299145299
direct_binned,bins1024_auc,xgboost_depth2,45,6,36,ok,,0.5,0.492512077294686,0.6111111111111112,0.549002849002849
direct_binned,bins1024_auc,svm_C1p0,46,6,36,ok,,0.4444444444444444,0.4182957393483709,0.42063492063492064,0.4621082621082621
direct_binned,bins1024_auc,logreg_C0p1,46,6,36,ok,,0.3888888888888889,0.3561872909698997,0.35000000000000003,0.3769230769230769
direct_binned,bins1024_auc,xgboost_depth2,46,6,36,ok,,0.4166666666666667,0.38311688311688313,0.3876262626262626,0.39544159544159546
direct_binned,bins1024_auc,svm_C1p0,47,6,36,ok,,0.4444444444444444,0.36991536991536994,0.4305555555555555,0.42279202279202277
direct_binned,bins1024_auc,logreg_C0p1,47,6,36,ok,,0.5,0.419753086419753,0.44243156199677935,0.466951566951567
direct_binned,bins1024_auc,xgboost_depth2,47,6,36,ok,,0.6111111111111112,0.5909090909090909,0.6,0.6373219373219373
direct_binned,bins1024_auc,svm_C1p0,48,6,36,ok,,0.6388888888888888,0.5824190177638453,0.5783730158730159,0.6005698005698006
direct_binned,bins1024_auc,logreg_C0p1,48,6,36,ok,,0.6111111111111112,0.5575330614262761,0.5551739926739927,0.5820512820512821
direct_binned,bins1024_auc,xgboost_depth2,48,6,36,ok,,0.6111111111111112,0.5825589225589226,0.6407867494824017,0.6444444444444445
direct_binned,bins1024_auc,svm_C1p0,49,6,36,ok,,0.3333333333333333,0.2782661782661782,0.28914141414141414,0.33447293447293447
direct_binned,bins1024_auc,logreg_C0p1,49,6,36,ok,,0.3888888888888889,0.3250915750915751,0.35984848484848486,0.3786324786324786
direct_binned,bins1024_auc,xgboost_depth2,49,6,36,ok,,0.5277777777777778,0.5002289377289377,0.5124269005847953,0.5746438746438747
direct_binned,bins1024_auc,svm_C1p0,50,6,36,ok,,0.6944444444444444,0.648111658456486,0.6866830065359477,0.6376068376068376
direct_binned,bins1024_auc,logreg_C0p1,50,6,36,ok,,0.6944444444444444,0.6291486291486291,0.6222222222222222,0.6447293447293447
direct_binned,bins1024_auc,xgboost_depth2,50,6,36,ok,,0.6666666666666666,0.6085033339935301,0.6021825396825397,0.6190883190883191
direct_binned,bins1024_auc,svm_C1p0,51,6,36,ok,,0.3611111111111111,0.3111111111111111,0.3253968253968254,0.30484330484330485
direct_binned,bins1024_auc,logreg_C0p1,51,6,36,ok,,0.4722222222222222,0.35736677115987464,0.3515151515151515,0.4002849002849003
direct_binned,bins1024_auc,xgboost_depth2,51,6,36,ok,,0.4166666666666667,0.3022222222222222,0.3167701863354037,0.3632478632478633
direct_binned,bins1024_auc,svm_C1p0,52,6,36,ok,,0.4444444444444444,0.44361331878863436,0.44871794871794873,0.5245014245014245
direct_binned,bins1024_auc,logreg_C0p1,52,6,36,ok,,0.4444444444444444,0.4433348936391533,0.4444444444444444,0.5458689458689459
direct_binned,bins1024_auc,xgboost_depth2,52,6,36,ok,,0.4444444444444444,0.3896825396825397,0.4407407407407407,0.41396011396011395
direct_binned,bins1024_auc,svm_C1p0,53,6,36,ok,,0.2777777777777778,0.24175824175824176,0.20952380952380953,0.3384615384615384
direct_binned,bins1024_auc,logreg_C0p1,53,6,36,ok,,0.4166666666666667,0.34417862838915475,0.5777777777777778,0.45954415954415956
direct_binned,bins1024_auc,xgboost_depth2,53,6,36,ok,,0.4722222222222222,0.46241758241758246,0.5347222222222222,0.5162393162393163
direct_binned,bins1024_auc,svm_C1p0,54,6,36,ok,,0.4722222222222222,0.45694444444444443,0.4568627450980392,0.46809116809116813
direct_binned,bins1024_auc,logreg_C0p1,54,6,36,ok,,0.4166666666666667,0.384112619406737,0.37896825396825395,0.4452991452991453
direct_binned,bins1024_auc,xgboost_depth2,54,6,36,ok,,0.5277777777777778,0.5178571428571429,0.5182957393483708,0.5675213675213676
direct_binned,bins1024_auc,svm_C1p0,55,6,36,ok,,0.5,0.467032967032967,0.46967846967846966,0.4866096866096867
direct_binned,bins1024_auc,logreg_C0p1,55,6,36,ok,,0.4166666666666667,0.37864253393665165,0.3849206349206349,0.4452991452991453
direct_binned,bins1024_auc,xgboost_depth2,55,6,36,ok,,0.5277777777777778,0.5059523809523809,0.5369875222816399,0.539031339031339
direct_binned,bins1024_auc,svm_C1p0,56,6,36,ok,,0.5555555555555556,0.5070707070707071,0.5388888888888889,0.6074074074074074
direct_binned,bins1024_auc,logreg_C0p1,56,6,36,ok,,0.5277777777777778,0.4645310245310245,0.4812169312169312,0.5407407407407407
direct_binned,bins1024_auc,xgboost_depth2,56,6,36,ok,,0.5833333333333334,0.5611111111111111,0.5996503496503497,0.5974358974358974
direct_binned,bins1024_auc,svm_C1p0,57,6,36,ok,,0.5,0.47178683385579934,0.4682539682539682,0.4866096866096867
direct_binned,bins1024_auc,logreg_C0p1,57,6,36,ok,,0.5555555555555556,0.51010101010101,0.5277777777777778,0.545014245014245
direct_binned,bins1024_auc,xgboost_depth2,57,6,36,ok,,0.4444444444444444,0.35814536340852127,0.6,0.4478632478632478
direct_binned,bins1024_auc,svm_C1p0,58,6,36,ok,,0.4444444444444444,0.40242763772175544,0.45502645502645506,0.4638176638176638
direct_binned,bins1024_auc,logreg_C0p1,58,6,36,ok,,0.5277777777777778,0.37144585601935876,0.3721212121212121,0.4373219373219373
direct_binned,bins1024_auc,xgboost_depth2,58,6,36,ok,,0.5277777777777778,0.49523809523809526,0.6405797101449275,0.6299145299145299
direct_binned,bins1024_auc,svm_C1p0,59,6,36,ok,,0.25,0.18268398268398267,0.20454545454545456,0.22364672364672367
direct_binned,bins1024_auc,logreg_C0p1,59,6,36,ok,,0.25,0.18268398268398267,0.20454545454545456,0.22364672364672367
direct_binned,bins1024_auc,xgboost_depth2,59,6,36,ok,,0.1388888888888889,0.10101010101010101,0.08333333333333333,0.12820512820512822
direct_binned,bins1024_auc,svm_C1p0,60,6,36,ok,,0.5,0.4528138528138528,0.5318181818181819,0.5632478632478632
direct_binned,bins1024_auc,logreg_C0p1,60,6,36,ok,,0.4722222222222222,0.41904761904761906,0.496135265700483,0.5447293447293448
direct_binned,bins1024_auc,xgboost_depth2,60,6,36,ok,,0.3333333333333333,0.30130718954248364,0.3705738705738706,0.4236467236467236
direct_binned,bins1024_auc,svm_C1p0,61,6,36,ok,,0.5833333333333334,0.5665445665445664,0.5635026737967914,0.5903133903133903
direct_binned,bins1024_auc,logreg_C0p1,61,6,36,ok,,0.5,0.4454083927768138,0.5205555555555555,0.5703703703703703
direct_binned,bins1024_auc,xgboost_depth2,61,6,36,ok,,0.5555555555555556,0.5275644307902373,0.5370370370370371,0.5931623931623932
direct_binned,bins1024_auc,svm_C1p0,62,6,36,ok,,0.3611111111111111,0.3490675990675991,0.41101055806938164,0.394017094017094
direct_binned,bins1024_auc,logreg_C0p1,62,6,36,ok,,0.4166666666666667,0.38589743589743586,0.40374331550802145,0.43817663817663816
direct_binned,bins1024_auc,xgboost_depth2,62,6,36,ok,,0.3888888888888889,0.3873655913978495,0.5705128205128206,0.5213675213675214
direct_binned,bins1024_auc,svm_C1p0,63,6,36,ok,,0.4444444444444444,0.3744444444444444,0.3867167919799499,0.42991452991452994
direct_binned,bins1024_auc,logreg_C0p1,63,6,36,ok,,0.4444444444444444,0.3797311827956989,0.3953823953823954,0.42991452991452994
direct_binned,bins1024_auc,xgboost_depth2,63,6,36,ok,,0.4444444444444444,0.41794871794871796,0.4709401709401709,0.42279202279202277
direct_binned,bins1024_auc,svm_C1p0,64,6,36,ok,,0.4444444444444444,0.39999999999999997,0.4142857142857143,0.4085470085470086
direct_binned,bins1024_auc,logreg_C0p1,64,6,36,ok,,0.5,0.45887096774193553,0.4875679875679875,0.45270655270655275
direct_binned,bins1024_auc,xgboost_depth2,64,6,36,ok,,0.5277777777777778,0.5316290726817042,0.5412698412698412,0.6495726495726496
direct_binned,bins1024_auc,svm_C1p0,65,6,36,ok,,0.25,0.25541125541125537,0.4698412698412698,0.3806267806267807
direct_binned,bins1024_auc,logreg_C0p1,65,6,36,ok,,0.3055555555555556,0.31009407576913295,0.48666666666666664,0.41766381766381766
direct_binned,bins1024_auc,xgboost_depth2,65,6,36,ok,,0.2777777777777778,0.28793691389599324,0.49938271604938267,0.3991452991452991
direct_binned,bins1024_auc,svm_C1p0,66,6,36,ok,,0.5555555555555556,0.4968901539110268,0.5740740740740741,0.5592592592592592
direct_binned,bins1024_auc,logreg_C0p1,66,6,36,ok,,0.4722222222222222,0.37926887926887926,0.47544283413848626,0.45555555555555555
direct_binned,bins1024_auc,xgboost_depth2,66,6,36,ok,,0.4722222222222222,0.3927510398098633,0.49444444444444446,0.45555555555555555
direct_binned,bins1024_auc,svm_C1p0,67,6,36,ok,,0.4444444444444444,0.3837312113174183,0.4583333333333333,0.36752136752136755
direct_binned,bins1024_auc,logreg_C0p1,67,6,36,ok,,0.4166666666666667,0.3307359307359307,0.5,0.3561253561253561
direct_binned,bins1024_auc,xgboost_depth2,67,6,36,ok,,0.3888888888888889,0.3259259259259259,0.3790849673202614,0.3162393162393162
direct_binned,bins1024_auc,svm_C1p0,68,6,36,ok,,0.5,0.48568376068376073,0.4904817404817405,0.5347578347578348
direct_binned,bins1024_auc,logreg_C0p1,68,6,36,ok,,0.5277777777777778,0.5299945265462508,0.5151515151515151,0.6085470085470085
direct_binned,bins1024_auc,xgboost_depth2,68,6,36,ok,,0.5555555555555556,0.5464975845410628,0.6015151515151516,0.6894586894586895
direct_binned,bins1024_auc,svm_C1p0,69,6,36,ok,,0.3611111111111111,0.36769702032859924,0.38687782805429866,0.4547008547008547
direct_binned,bins1024_auc,logreg_C0p1,69,6,36,ok,,0.3055555555555556,0.30735930735930733,0.31303418803418803,0.36951566951566955
direct_binned,bins1024_auc,xgboost_depth2,69,6,36,ok,,0.3055555555555556,0.29490147656531357,0.2993487993487994,0.36239316239316244
direct_binned,bins1024_auc,svm_C1p0,70,6,36,ok,,0.4722222222222222,0.46262913767657604,0.47494172494172493,0.5091168091168091
direct_binned,bins1024_auc,logreg_C0p1,70,6,36,ok,,0.5,0.5030097237227967,0.533984533984534,0.5757834757834758
direct_binned,bins1024_auc,xgboost_depth2,70,6,36,ok,,0.4444444444444444,0.43705475810738975,0.5222222222222223,0.4763532763532763
direct_binned,bins1024_auc,svm_C1p0,71,6,36,ok,,0.3888888888888889,0.3584313725490196,0.4666666666666666,0.41794871794871796
direct_binned,bins1024_auc,logreg_C0p1,71,6,36,ok,,0.4444444444444444,0.4198692810457516,0.5777777777777778,0.4621082621082621
direct_binned,bins1024_auc,xgboost_depth2,71,6,36,ok,,0.3055555555555556,0.3084042394387222,0.513888888888889,0.41766381766381766
direct_binned,bins1024_auc,svm_C1p0,72,6,36,ok,,0.3888888888888889,0.3456257982120052,0.34974747474747475,0.3786324786324786
direct_binned,bins1024_auc,logreg_C0p1,72,6,36,ok,,0.4166666666666667,0.3690123264159775,0.3819444444444444,0.40427350427350434
direct_binned,bins1024_auc,xgboost_depth2,72,6,36,ok,,0.4722222222222222,0.4044489958468453,0.40740740740740744,0.4484330484330485
direct_binned,bins1024_auc,svm_C1p0,73,6,36,ok,,0.3055555555555556,0.2823633432152702,0.3074980574980575,0.28746438746438746
direct_binned,bins1024_auc,logreg_C0p1,73,6,36,ok,,0.3055555555555556,0.2569786535303777,0.2916666666666667,0.24643874643874644
direct_binned,bins1024_auc,xgboost_depth2,73,6,36,ok,,0.25,0.22472603796882237,0.2517297517297517,0.22905982905982905
direct_binned,bins1024_auc,svm_C1p0,74,6,36,ok,,0.6388888888888888,0.5787114845938376,0.6063492063492064,0.6148148148148148
direct_binned,bins1024_auc,logreg_C0p1,74,6,36,ok,,0.5833333333333334,0.5501165501165501,0.5750000000000001,0.6188034188034188
direct_binned,bins1024_auc,xgboost_depth2,74,6,36,ok,,0.5,0.48136773136773137,0.5,0.5632478632478632
direct_binned,bins1024_auc,svm_C1p0,75,6,36,ok,,0.6666666666666666,0.6041666666666666,0.6114035087719297,0.6333333333333333
direct_binned,bins1024_auc,logreg_C0p1,75,6,36,ok,,0.6111111111111112,0.5549019607843136,0.5730158730158731,0.5962962962962963
direct_binned,bins1024_auc,xgboost_depth2,75,6,36,ok,,0.5555555555555556,0.5036297036297036,0.5429292929292929,0.5521367521367522
direct_binned,bins1024_auc,svm_C1p0,76,6,36,ok,,0.4444444444444444,0.3264033264033264,0.3611111111111111,0.37464387464387466
direct_binned,bins1024_auc,logreg_C0p1,76,6,36,ok,,0.4722222222222222,0.32888888888888884,0.35714285714285715,0.40740740740740744
direct_binned,bins1024_auc,xgboost_depth2,76,6,36,ok,,0.4166666666666667,0.3354090354090354,0.33459595959595956,0.4113960113960114
direct_binned,bins1024_auc,svm_C1p0,77,6,36,ok,,0.19444444444444445,0.1553030303030303,0.18859649122807018,0.17236467236467237
direct_binned,bins1024_auc,logreg_C0p1,77,6,36,ok,,0.2777777777777778,0.20476190476190473,0.30303030303030304,0.2492877492877493
direct_binned,bins1024_auc,xgboost_depth2,77,6,36,ok,,0.16666666666666666,0.1626724763979666,0.26851851851851855,0.11823361823361823
direct_binned,bins1024_auc,svm_C1p0,78,6,36,ok,,0.4722222222222222,0.45479641131815046,0.4597222222222222,0.6267806267806267
direct_binned,bins1024_auc,logreg_C0p1,78,6,36,ok,,0.4722222222222222,0.45479641131815046,0.4597222222222222,0.6267806267806267
direct_binned,bins1024_auc,xgboost_depth2,78,6,36,ok,,0.4444444444444444,0.41160493827160494,0.49523809523809526,0.5672364672364673
direct_binned,bins1024_auc,svm_C1p0,79,6,36,ok,,0.4166666666666667,0.40097680097680105,0.46527777777777785,0.39715099715099716
direct_binned,bins1024_auc,logreg_C0p1,79,6,36,ok,,0.3611111111111111,0.36343366778149383,0.4518518518518519,0.3458689458689459
direct_binned,bins1024_auc,xgboost_depth2,79,6,36,ok,,0.4166666666666667,0.3536111111111111,0.36917293233082704,0.40427350427350434
direct_binned,bins1024_auc,svm_C1p0,80,6,36,ok,,0.5,0.4717171717171717,0.4934640522875817,0.6524216524216525
direct_binned,bins1024_auc,logreg_C0p1,80,6,36,ok,,0.5,0.4678807782256058,0.5494281045751633,0.6524216524216525
direct_binned,bins1024_auc,xgboost_depth2,80,6,36,ok,,0.4444444444444444,0.44797178130511456,0.4739057239057239,0.5458689458689459
direct_binned,bins1024_auc,svm_C1p0,81,6,36,ok,,0.6388888888888888,0.4909090909090909,0.47712418300653586,0.5185185185185185
direct_binned,bins1024_auc,logreg_C0p1,81,6,36,ok,,0.6388888888888888,0.4909090909090909,0.47712418300653586,0.5185185185185185
direct_binned,bins1024_auc,xgboost_depth2,81,6,36,ok,,0.6944444444444444,0.6262408568443051,0.623015873015873,0.6447293447293447
direct_binned,bins1024_auc,svm_C1p0,82,6,36,ok,,0.4722222222222222,0.4524471770848582,0.4973544973544974,0.6267806267806267
direct_binned,bins1024_auc,logreg_C0p1,82,6,36,ok,,0.4722222222222222,0.46060606060606063,0.5277777777777778,0.6267806267806267
direct_binned,bins1024_auc,xgboost_depth2,82,6,36,ok,,0.4166666666666667,0.43876543209876545,0.5844155844155844,0.5202279202279202
direct_binned,bins1024_auc,svm_C1p0,83,6,36,ok,,0.6111111111111112,0.5848290598290599,0.5951825951825952,0.6301994301994301
direct_binned,bins1024_auc,logreg_C0p1,83,6,36,ok,,0.6111111111111112,0.5848290598290599,0.5951825951825952,0.6301994301994301
direct_binned,bins1024_auc,xgboost_depth2,83,6,36,ok,,0.5833333333333334,0.5635026737967914,0.5955387205387205,0.5903133903133903
direct_binned,bins1024_auc,svm_C1p0,84,6,36,ok,,0.5,0.46438746438746437,0.5427350427350427,0.5150997150997151
direct_binned,bins1024_auc,logreg_C0p1,84,6,36,ok,,0.6388888888888888,0.6021346469622332,0.6767676767676768,0.6076923076923078
direct_binned,bins1024_auc,xgboost_depth2,84,6,36,ok,,0.6388888888888888,0.58743961352657,0.6063492063492063,0.5792022792022792
direct_binned,bins1024_auc,svm_C1p0,85,6,36,ok,,0.5833333333333334,0.5704761904761905,0.561157796451914,0.5903133903133903
direct_binned,bins1024_auc,logreg_C0p1,85,6,36,ok,,0.6111111111111112,0.5888888888888889,0.580765639589169,0.6301994301994301
direct_binned,bins1024_auc,xgboost_depth2,85,6,36,ok,,0.5277777777777778,0.494949494949495,0.5833333333333334,0.5888888888888889
direct_binned,bins1024_auc,svm_C1p0,86,6,36,ok,,0.5277777777777778,0.4672687465790914,0.4898989898989899,0.47834757834757835
direct_binned,bins1024_auc,logreg_C0p1,86,6,36,ok,,0.5555555555555556,0.48730158730158735,0.5037037037037037,0.4968660968660969
direct_binned,bins1024_auc,xgboost_depth2,86,6,36,ok,,0.5,0.39008620689655177,0.40510366826156297,0.4116809116809117
direct_binned,bins1024_auc,svm_C1p0,87,6,36,ok,,0.3333333333333333,0.30009496676163344,0.35714285714285715,0.2792022792022792
direct_binned,bins1024_auc,logreg_C0p1,87,6,36,ok,,0.4444444444444444,0.34487734487734484,0.3666666666666667,0.36752136752136755
direct_binned,bins1024_auc,xgboost_depth2,87,6,36,ok,,0.3333333333333333,0.21052631578947367,0.16,0.3076923076923077
direct_binned,bins1024_auc,svm_C1p0,88,6,36,ok,,0.25,0.2324575807334428,0.2625,0.2361823361823362
direct_binned,bins1024_auc,logreg_C0p1,88,6,36,ok,,0.16666666666666666,0.16131760959347166,0.25,0.18062678062678064
direct_binned,bins1024_auc,xgboost_depth2,88,6,36,ok,,0.4722222222222222,0.4207616707616708,0.4444444444444444,0.4965811965811966
direct_binned,bins1024_auc,svm_C1p0,89,6,36,ok,,0.5277777777777778,0.48484848484848486,0.6666666666666666,0.6780626780626781
direct_binned,bins1024_auc,logreg_C0p1,89,6,36,ok,,0.5833333333333334,0.543049543049543,0.6782051282051281,0.7222222222222223
direct_binned,bins1024_auc,xgboost_depth2,89,6,36,ok,,0.4444444444444444,0.34076479076479077,0.43827160493827155,0.43703703703703706
direct_binned,bins1024_auc,svm_C1p0,90,6,36,ok,,0.6111111111111112,0.5971810474853071,0.6099456099456099,0.6712250712250712
direct_binned,bins1024_auc,logreg_C0p1,90,6,36,ok,,0.5833333333333334,0.5736842105263158,0.6063492063492063,0.6527065527065528
direct_binned,bins1024_auc,xgboost_depth2,90,6,36,ok,,0.5277777777777778,0.5251322751322751,0.5782828282828283,0.6085470085470085
direct_binned,bins1024_auc,svm_C1p0,91,6,36,ok,,0.3888888888888889,0.38888888888888884,0.6,0.5213675213675214
direct_binned,bins1024_auc,logreg_C0p1,91,6,36,ok,,0.3888888888888889,0.38888888888888884,0.6,0.5213675213675214
direct_binned,bins1024_auc,xgboost_depth2,91,6,36,ok,,0.2777777777777778,0.2732405726961081,0.38888888888888884,0.39202279202279194
direct_binned,bins1024_auc,svm_C1p0,92,6,36,ok,,0.5,0.42914035387153665,0.4444444444444445,0.466951566951567
direct_binned,bins1024_auc,logreg_C0p1,92,6,36,ok,,0.4444444444444444,0.3680555555555555,0.3694843168527379,0.43703703703703706
direct_binned,bins1024_auc,xgboost_depth2,92,6,36,ok,,0.4444444444444444,0.36137566137566135,0.36618357487922704,0.4851851851851852
direct_binned,bins1024_auc,svm_C1p0,93,6,36,ok,,0.4444444444444444,0.3886752136752136,0.4126559714795009,0.42279202279202277
direct_binned,bins1024_auc,logreg_C0p1,93,6,36,ok,,0.4166666666666667,0.3776963776963777,0.41452991452991456,0.39715099715099716
direct_binned,bins1024_auc,xgboost_depth2,93,6,36,ok,,0.3611111111111111,0.3013415892672859,0.5396825396825397,0.4082621082621083
direct_binned,bins1024_auc,svm_C1p0,94,6,36,ok,,0.5,0.4361111111111111,0.51010101010101,0.5703703703703703
direct_binned,bins1024_auc,logreg_C0p1,94,6,36,ok,,0.5,0.43756613756613755,0.5106280193236715,0.5703703703703703
direct_binned,bins1024_auc,xgboost_depth2,94,6,36,ok,,0.4444444444444444,0.41187916026625704,0.4962962962962963,0.5601139601139602
direct_binned,bins1024_auc,svm_C1p0,95,6,36,ok,,0.5833333333333334,0.5309165929855585,0.5414438502673797,0.5635327635327635
direct_binned,bins1024_auc,logreg_C0p1,95,6,36,ok,,0.6111111111111112,0.5796387520525451,0.5827020202020202,0.6301994301994301
direct_binned,bins1024_auc,xgboost_depth2,95,6,36,ok,,0.6111111111111112,0.5852813852813853,0.6119825708061002,0.6088319088319089
direct_binned,bins1024_auc,svm_C1p0,96,6,36,ok,,0.3333333333333333,0.2805049088359046,0.3666666666666667,0.2863247863247863
direct_binned,bins1024_auc,logreg_C0p1,96,6,36,ok,,0.4722222222222222,0.39829059829059826,0.4656862745098039,0.39316239316239315
direct_binned,bins1024_auc,xgboost_depth2,96,6,36,ok,,0.3333333333333333,0.32517482517482516,0.40975935828877,0.3131054131054131
direct_binned,bins1024_auc,svm_C1p0,97,6,36,ok,,0.5,0.42234848484848486,0.326109391124871,0.6666666666666666
direct_binned,bins1024_auc,logreg_C0p1,97,6,36,ok,,0.5,0.4399186371726418,0.6623093681917211,0.6185185185185186
direct_binned,bins1024_auc,xgboost_depth2,97,6,36,ok,,0.5555555555555556,0.5276999688764396,0.5499999999999999,0.5931623931623932
direct_binned,bins1024_auc,svm_C1p0,98,6,36,ok,,0.5277777777777778,0.4831313648517949,0.5185185185185185,0.5193732193732195
direct_binned,bins1024_auc,logreg_C0p1,98,6,36,ok,,0.4722222222222222,0.4483333333333333,0.4659147869674185,0.5304843304843305
direct_binned,bins1024_auc,xgboost_depth2,98,6,36,ok,,0.5555555555555556,0.5271635271635272,0.5694444444444443,0.6074074074074074
direct_binned,bins1024_auc,svm_C1p0,99,6,36,ok,,0.4166666666666667,0.3796296296296296,0.46374269005847957,0.4364672364672364
direct_binned,bins1024_auc,logreg_C0p1,99,6,36,ok,,0.4444444444444444,0.427960927960928,0.5634920634920636,0.5102564102564103
direct_binned,bins1024_auc,xgboost_depth2,99,6,36,ok,,0.25,0.24779817883266161,0.46296296296296297,0.3735042735042735
direct_binned,bins1024_auc,svm_C1p0,100,6,36,ok,,0.4166666666666667,0.40614608416466,0.49338624338624343,0.4917378917378918
direct_binned,bins1024_auc,logreg_C0p1,100,6,36,ok,,0.4166666666666667,0.4013071895424836,0.45555555555555555,0.4917378917378918
direct_binned,bins1024_auc,xgboost_depth2,100,6,36,ok,,0.3611111111111111,0.3591787439613527,0.44516594516594515,0.42079772079772076
direct_binned,bins2048_auc,svm_C1p0,1,6,36,ok,,0.5833333333333334,0.5456038214658904,0.7022058823529411,0.7222222222222223
direct_binned,bins2048_auc,logreg_C0p1,1,6,36,ok,,0.5833333333333334,0.5456038214658904,0.7022058823529411,0.7222222222222223
direct_binned,bins2048_auc,xgboost_depth2,1,6,36,ok,,0.4722222222222222,0.42090017825311943,0.44805194805194803,0.5447293447293448
direct_binned,bins2048_auc,svm_C1p0,2,6,36,ok,,0.5833333333333334,0.5635683760683761,0.5535714285714285,0.5974358974358974
direct_binned,bins2048_auc,logreg_C0p1,2,6,36,ok,,0.5555555555555556,0.5311609686609686,0.540204678362573,0.5931623931623932
direct_binned,bins2048_auc,xgboost_depth2,2,6,36,ok,,0.5833333333333334,0.5431865431865432,0.5726120857699805,0.5421652421652422
direct_binned,bins2048_auc,svm_C1p0,3,6,36,ok,,0.5833333333333334,0.5762468030690537,0.5920634920634921,0.6384615384615385
direct_binned,bins2048_auc,logreg_C0p1,3,6,36,ok,,0.6388888888888888,0.6309381578198783,0.617012617012617,0.6897435897435898
direct_binned,bins2048_auc,xgboost_depth2,3,6,36,ok,,0.4444444444444444,0.4503901895206243,0.5074074074074074,0.5458689458689459
direct_binned,bins2048_auc,svm_C1p0,4,6,36,ok,,0.5833333333333334,0.5617866004962779,0.5615384615384617,0.6045584045584045
direct_binned,bins2048_auc,logreg_C0p1,4,6,36,ok,,0.6111111111111112,0.582716049382716,0.5841269841269842,0.6301994301994301
direct_binned,bins2048_auc,xgboost_depth2,4,6,36,ok,,0.6388888888888888,0.6,0.6130718954248366,0.6558404558404558
direct_binned,bins2048_auc,svm_C1p0,5,6,36,ok,,0.25,0.21724137931034482,0.3333333333333333,0.22364672364672367
direct_binned,bins2048_auc,logreg_C0p1,5,6,36,ok,,0.3055555555555556,0.28138528138528135,0.42777777777777776,0.2606837606837607
direct_binned,bins2048_auc,xgboost_depth2,5,6,36,ok,,0.3055555555555556,0.28843995510662174,0.44047619047619047,0.2606837606837607
direct_binned,bins2048_auc,svm_C1p0,6,6,36,ok,,0.6111111111111112,0.6111111111111112,0.7543859649122807,0.7264957264957265
direct_binned,bins2048_auc,logreg_C0p1,6,6,36,ok,,0.6111111111111112,0.6049275362318841,0.7314814814814814,0.7264957264957265
direct_binned,bins2048_auc,xgboost_depth2,6,6,36,ok,,0.5,0.5064935064935064,0.5747276688453159,0.582905982905983
direct_binned,bins2048_auc,svm_C1p0,7,6,36,ok,,0.5833333333333334,0.4945141065830721,0.5085061137692716,0.5225071225071225
direct_binned,bins2048_auc,logreg_C0p1,7,6,36,ok,,0.6666666666666666,0.6028561476837339,0.6227272727272727,0.6333333333333333
direct_binned,bins2048_auc,xgboost_depth2,7,6,36,ok,,0.5277777777777778,0.4544504181600956,0.4639001349527665,0.4712250712250712
direct_binned,bins2048_auc,svm_C1p0,8,6,36,ok,,0.5,0.5096618357487922,0.5375,0.631054131054131
direct_binned,bins2048_auc,logreg_C0p1,8,6,36,ok,,0.4722222222222222,0.4774396135265701,0.5448621553884712,0.6125356125356126
direct_binned,bins2048_auc,xgboost_depth2,8,6,36,ok,,0.4444444444444444,0.445998445998446,0.4875222816399287,0.5458689458689459
direct_binned,bins2048_auc,svm_C1p0,9,6,36,ok,,0.6944444444444444,0.6291486291486291,0.6222222222222222,0.6447293447293447
direct_binned,bins2048_auc,logreg_C0p1,9,6,36,ok,,0.6666666666666666,0.6101010101010101,0.6111111111111112,0.611965811965812
direct_binned,bins2048_auc,xgboost_depth2,9,6,36,ok,,0.5277777777777778,0.4947753396029258,0.48908730158730157,0.5122507122507122
direct_binned,bins2048_auc,svm_C1p0,10,6,36,ok,,0.5555555555555556,0.534640522875817,0.5648926237161532,0.6413105413105414
direct_binned,bins2048_auc,logreg_C0p1,10,6,36,ok,,0.4444444444444444,0.4076786168319349,0.4204481792717087,0.519088319088319
direct_binned,bins2048_auc,xgboost_depth2,10,6,36,ok,,0.4444444444444444,0.41313131313131307,0.5127450980392156,0.5119658119658119
direct_binned,bins2048_auc,svm_C1p0,11,6,36,ok,,0.5833333333333334,0.5638990638990639,0.597008547008547,0.6598290598290598
direct_binned,bins2048_auc,logreg_C0p1,11,6,36,ok,,0.5833333333333334,0.571604938271605,0.6111111111111112,0.707977207977208
direct_binned,bins2048_auc,xgboost_depth2,11,6,36,ok,,0.5277777777777778,0.5248484848484849,0.5662931839402429,0.6638176638176638
direct_binned,bins2048_auc,svm_C1p0,12,6,36,ok,,0.4722222222222222,0.43209876543209874,0.4727309727309727,0.4413105413105413
direct_binned,bins2048_auc,logreg_C0p1,12,6,36,ok,,0.4722222222222222,0.43209876543209874,0.4727309727309727,0.4413105413105413
direct_binned,bins2048_auc,xgboost_depth2,12,6,36,ok,,0.4166666666666667,0.41904761904761906,0.5,0.4239316239316239
direct_binned,bins2048_auc,svm_C1p0,13,6,36,ok,,0.5277777777777778,0.5264279624893436,0.5349206349206349,0.5943019943019943
direct_binned,bins2048_auc,logreg_C0p1,13,6,36,ok,,0.5277777777777778,0.5259259259259259,0.5394327894327895,0.6014245014245014
direct_binned,bins2048_auc,xgboost_depth2,13,6,36,ok,,0.5,0.4813676964214599,0.48148148148148145,0.549002849002849
direct_binned,bins2048_auc,svm_C1p0,14,6,36,ok,,0.4722222222222222,0.38888888888888884,0.2909698996655518,0.6
direct_binned,bins2048_auc,logreg_C0p1,14,6,36,ok,,0.4444444444444444,0.3530701754385965,0.2642424242424242,0.5333333333333333
direct_binned,bins2048_auc,xgboost_depth2,14,6,36,ok,,0.4444444444444444,0.391124871001032,0.6031746031746031,0.5672364672364673
direct_binned,bins2048_auc,svm_C1p0,15,6,36,ok,,0.3611111111111111,0.3424584004294149,0.2830687830687831,0.5384615384615384
direct_binned,bins2048_auc,logreg_C0p1,15,6,36,ok,,0.5277777777777778,0.487456271864068,0.6759259259259259,0.6780626780626781
direct_binned,bins2048_auc,xgboost_depth2,15,6,36,ok,,0.3888888888888889,0.39486653979407604,0.4387205387205387,0.556980056980057
direct_binned,bins2048_auc,svm_C1p0,16,6,36,ok,,0.3611111111111111,0.3667929292929293,0.4170868347338936,0.5028490028490028
direct_binned,bins2048_auc,logreg_C0p1,16,6,36,ok,,0.3055555555555556,0.3156565656565657,0.37366946778711485,0.41766381766381766
direct_binned,bins2048_auc,xgboost_depth2,16,6,36,ok,,0.25,0.25592203898050975,0.3845238095238095,0.33247863247863246
direct_binned,bins2048_auc,svm_C1p0,17,6,36,ok,,0.3611111111111111,0.25358851674641153,0.3133333333333333,0.3190883190883191
direct_binned,bins2048_auc,logreg_C0p1,17,6,36,ok,,0.4722222222222222,0.4231990231990232,0.47222222222222215,0.4894586894586895
direct_binned,bins2048_auc,xgboost_depth2,17,6,36,ok,,0.3611111111111111,0.2350877192982456,0.48148148148148145,0.32621082621082625
direct_binned,bins2048_auc,svm_C1p0,18,6,36,ok,,0.4166666666666667,0.3273809523809524,0.3421052631578947,0.349002849002849
direct_binned,bins2048_auc,logreg_C0p1,18,6,36,ok,,0.5,0.43004572982326045,0.4331409331409331,0.4598290598290598
direct_binned,bins2048_auc,xgboost_depth2,18,6,36,ok,,0.5833333333333334,0.5437229437229437,0.5518518518518518,0.5564102564102564
direct_binned,bins2048_auc,svm_C1p0,19,6,36,ok,,0.25,0.21645021645021645,0.3888888888888889,0.40740740740740744
direct_binned,bins2048_auc,logreg_C0p1,19,6,36,ok,,0.2777777777777778,0.2609180035650624,0.5019157088122606,0.43304843304843305
direct_binned,bins2048_auc,xgboost_depth2,19,6,36,ok,,0.2777777777777778,0.2638888888888889,0.4382716049382716,0.38490028490028494
direct_binned,bins2048_auc,svm_C1p0,20,6,36,ok,,0.5555555555555556,0.478868258178603,0.4890819964349376,0.503988603988604
direct_binned,bins2048_auc,logreg_C0p1,20,6,36,ok,,0.4722222222222222,0.4012365591397849,0.4139009139009138,0.45555555555555555
direct_binned,bins2048_auc,xgboost_depth2,20,6,36,ok,,0.5277777777777778,0.5026455026455027,0.5704365079365079,0.5817663817663817
direct_binned,bins2048_auc,svm_C1p0,21,6,36,ok,,0.5277777777777778,0.43678160919540227,0.45265151515151514,0.4444444444444444
direct_binned,bins2048_auc,logreg_C0p1,21,6,36,ok,,0.5,0.41789819376026277,0.4375,0.4259259259259259
direct_binned,bins2048_auc,xgboost_depth2,21,6,36,ok,,0.4444444444444444,0.3882232462877624,0.5972222222222222,0.47806267806267805
direct_binned,bins2048_auc,svm_C1p0,22,6,36,ok,,0.5833333333333334,0.5712250712250713,0.5923076923076923,0.6527065527065528
direct_binned,bins2048_auc,logreg_C0p1,22,6,36,ok,,0.5833333333333334,0.5736842105263158,0.6063492063492063,0.6527065527065528
direct_binned,bins2048_auc,xgboost_depth2,22,6,36,ok,,0.4722222222222222,0.4665167416291854,0.5545935545935546,0.543019943019943
direct_binned,bins2048_auc,svm_C1p0,23,6,36,ok,,0.6944444444444444,0.6251547735418703,0.6224233283056813,0.6518518518518519
direct_binned,bins2048_auc,logreg_C0p1,23,6,36,ok,,0.6666666666666666,0.6007820136852394,0.6018518518518517,0.6333333333333333
direct_binned,bins2048_auc,xgboost_depth2,23,6,36,ok,,0.5277777777777778,0.48950332821300563,0.4934879934879935,0.5122507122507122
direct_binned,bins2048_auc,svm_C1p0,24,6,36,ok,,0.4444444444444444,0.3323481116584565,0.34848484848484845,0.3603988603988604
direct_binned,bins2048_auc,logreg_C0p1,24,6,36,ok,,0.3055555555555556,0.2222222222222222,0.24154589371980675,0.2678062678062678
direct_binned,bins2048_auc,xgboost_depth2,24,6,36,ok,,0.2777777777777778,0.1954954954954955,0.2916666666666667,0.2492877492877493
direct_binned,bins2048_auc,svm_C1p0,25,6,36,ok,,0.6388888888888888,0.4909090909090909,0.47712418300653586,0.5185185185185185
direct_binned,bins2048_auc,logreg_C0p1,25,6,36,ok,,0.5833333333333334,0.4428763440860215,0.4331983805668016,0.48148148148148145
direct_binned,bins2048_auc,xgboost_depth2,25,6,36,ok,,0.6666666666666666,0.6109243697478992,0.6069444444444444,0.6190883190883191
direct_binned,bins2048_auc,svm_C1p0,26,6,36,ok,,0.3611111111111111,0.2791783380018674,0.3968253968253968,0.3190883190883191
direct_binned,bins2048_auc,logreg_C0p1,26,6,36,ok,,0.5,0.42486772486772484,0.5884057971014492,0.5222222222222223
direct_binned,bins2048_auc,xgboost_depth2,26,6,36,ok,,0.4444444444444444,0.4004997501249375,0.42777777777777776,0.47806267806267805
direct_binned,bins2048_auc,svm_C1p0,27,6,36,ok,,0.5277777777777778,0.49231228541573363,0.6617647058823529,0.6299145299145299
direct_binned,bins2048_auc,logreg_C0p1,27,6,36,ok,,0.5555555555555556,0.5240583171617654,0.6666666666666666,0.6484330484330484
direct_binned,bins2048_auc,xgboost_depth2,27,6,36,ok,,0.5277777777777778,0.48663594470046084,0.6444444444444444,0.6299145299145299
direct_binned,bins2048_auc,svm_C1p0,28,6,36,ok,,0.3333333333333333,0.33458002181704843,0.40227920227920233,0.43618233618233626
direct_binned,bins2048_auc,logreg_C0p1,28,6,36,ok,,0.3611111111111111,0.3545385202135774,0.40740740740740744,0.4547008547008547
direct_binned,bins2048_auc,xgboost_depth2,28,6,36,ok,,0.4444444444444444,0.4336996336996337,0.5057234432234433,0.49772079772079775
direct_binned,bins2048_auc,svm_C1p0,29,6,36,ok,,0.6944444444444444,0.6340352449223418,0.6511470985155196,0.6518518518518519
direct_binned,bins2048_auc,logreg_C0p1,29,6,36,ok,,0.6666666666666666,0.6041666666666666,0.6114035087719297,0.6333333333333333
direct_binned,bins2048_auc,xgboost_depth2,29,6,36,ok,,0.4722222222222222,0.4170634920634921,0.494949494949495,0.5447293447293448
direct_binned,bins2048_auc,svm_C1p0,30,6,36,ok,,0.3888888888888889,0.3702553485162181,0.35000000000000003,0.5159544159544159
direct_binned,bins2048_auc,logreg_C0p1,30,6,36,ok,,0.3888888888888889,0.3702553485162181,0.35000000000000003,0.5159544159544159
direct_binned,bins2048_auc,xgboost_depth2,30,6,36,ok,,0.5,0.49460524950721024,0.4962962962962963,0.5900284900284901
direct_binned,bins2048_auc,svm_C1p0,31,6,36,ok,,0.5277777777777778,0.5209150326797386,0.5977564102564102,0.5461538461538461
direct_binned,bins2048_auc,logreg_C0p1,31,6,36,ok,,0.5555555555555556,0.5414565826330532,0.6127450980392157,0.5646723646723646
direct_binned,bins2048_auc,xgboost_depth2,31,6,36,ok,,0.6111111111111112,0.5853535353535354,0.5949494949494949,0.6159544159544159
direct_binned,bins2048_auc,svm_C1p0,32,6,36,ok,,0.3333333333333333,0.3132262697480089,0.3022556390977444,0.33276353276353277
direct_binned,bins2048_auc,logreg_C0p1,32,6,36,ok,,0.3333333333333333,0.31206804891015416,0.30264550264550266,0.33276353276353277
direct_binned,bins2048_auc,xgboost_depth2,32,6,36,ok,,0.3055555555555556,0.28002244668911336,0.27777777777777773,0.28746438746438746
direct_binned,bins2048_auc,svm_C1p0,33,6,36,ok,,0.5277777777777778,0.5105045492142266,0.5102564102564103,0.5532763532763533
direct_binned,bins2048_auc,logreg_C0p1,33,6,36,ok,,0.5555555555555556,0.5371223758320532,0.5305250305250305,0.5789173789173788
direct_binned,bins2048_auc,xgboost_depth2,33,6,36,ok,,0.5555555555555556,0.5297619047619048,0.5464646464646464,0.586039886039886
direct_binned,bins2048_auc,svm_C1p0,34,6,36,ok,,0.5555555555555556,0.5359307359307359,0.5553376906318083,0.5646723646723646
direct_binned,bins2048_auc,logreg_C0p1,34,6,36,ok,,0.4722222222222222,0.46637894288150045,0.48333333333333334,0.5091168091168091
direct_binned,bins2048_auc,xgboost_depth2,34,6,36,ok,,0.6388888888888888,0.6124866124866125,0.63182261208577,0.6273504273504273
direct_binned,bins2048_auc,svm_C1p0,35,6,36,ok,,0.19444444444444445,0.19365079365079363,0.3227124183006536,0.2472934472934473
direct_binned,bins2048_auc,logreg_C0p1,35,6,36,ok,,0.3611111111111111,0.33975220182116733,0.40663992869875226,0.35840455840455837
direct_binned,bins2048_auc,xgboost_depth2,35,6,36,ok,,0.25,0.25193968672229544,0.376984126984127,0.33247863247863246
direct_binned,bins2048_auc,svm_C1p0,36,6,36,ok,,0.5,0.4717171717171717,0.4934640522875817,0.6524216524216525
direct_binned,bins2048_auc,logreg_C0p1,36,6,36,ok,,0.5277777777777778,0.48888888888888893,0.5616830065359477,0.6780626780626781
direct_binned,bins2048_auc,xgboost_depth2,36,6,36,ok,,0.4722222222222222,0.47377622377622375,0.5178253119429591,0.5715099715099715
direct_binned,bins2048_auc,svm_C1p0,37,6,36,ok,,0.4166666666666667,0.34700854700854694,0.38235294117647056,0.3561253561253561
direct_binned,bins2048_auc,logreg_C0p1,37,6,36,ok,,0.4166666666666667,0.35543766578249336,0.3958333333333333,0.3561253561253561
direct_binned,bins2048_auc,xgboost_depth2,37,6,36,ok,,0.3333333333333333,0.3315850815850816,0.3878066378066378,0.3826210826210826
direct_binned,bins2048_auc,svm_C1p0,38,6,36,ok,,0.5277777777777778,0.5133333333333333,0.5126984126984127,0.5532763532763533
direct_binned,bins2048_auc,logreg_C0p1,38,6,36,ok,,0.4722222222222222,0.4666666666666666,0.45555555555555555,0.5162393162393163
direct_binned,bins2048_auc,xgboost_depth2,38,6,36,ok,,0.5,0.4813676964214599,0.48148148148148145,0.549002849002849
direct_binned,bins2048_auc,svm_C1p0,39,6,36,ok,,0.6111111111111112,0.5796387520525451,0.5827020202020202,0.6301994301994301
direct_binned,bins2048_auc,logreg_C0p1,39,6,36,ok,,0.6111111111111112,0.5791461412151068,0.5868686868686869,0.6301994301994301
direct_binned,bins2048_auc,xgboost_depth2,39,6,36,ok,,0.6388888888888888,0.6083333333333333,0.6158730158730159,0.6415954415954416
direct_binned,bins2048_auc,svm_C1p0,40,6,36,ok,,0.5833333333333334,0.5566502463054187,0.5618686868686869,0.6045584045584045
direct_binned,bins2048_auc,logreg_C0p1,40,6,36,ok,,0.6111111111111112,0.5833191102008306,0.57997557997558,0.6230769230769231
direct_binned,bins2048_auc,xgboost_depth2,40,6,36,ok,,0.5555555555555556,0.5358024691358024,0.5325396825396825,0.586039886039886
direct_binned,bins2048_auc,svm_C1p0,41,6,36,ok,,0.4166666666666667,0.35334184759472115,0.39351851851851855,0.349002849002849
direct_binned,bins2048_auc,logreg_C0p1,41,6,36,ok,,0.4166666666666667,0.36155202821869487,0.40740740740740744,0.349002849002849
direct_binned,bins2048_auc,xgboost_depth2,41,6,36,ok,,0.4166666666666667,0.33846872082166196,0.3386243386243386,0.4113960113960114
direct_binned,bins2048_auc,svm_C1p0,42,6,36,ok,,0.6111111111111112,0.5796387520525451,0.5827020202020202,0.6301994301994301
direct_binned,bins2048_auc,logreg_C0p1,42,6,36,ok,,0.6388888888888888,0.622179650915283,0.6255411255411255,0.6968660968660969
direct_binned,bins2048_auc,xgboost_depth2,42,6,36,ok,,0.4444444444444444,0.4176470588235294,0.5015151515151515,0.4621082621082621
direct_binned,bins2048_auc,svm_C1p0,43,6,36,ok,,0.25,0.2526455026455026,0.46969696969696967,0.33247863247863246
direct_binned,bins2048_auc,logreg_C0p1,43,6,36,ok,,0.25,0.2521611721611721,0.46025641025641023,0.33247863247863246
direct_binned,bins2048_auc,xgboost_depth2,43,6,36,ok,,0.3333333333333333,0.3341269841269841,0.4786059351276743,0.43618233618233626
direct_binned,bins2048_auc,svm_C1p0,44,6,36,ok,,0.5,0.5005041338979632,0.5194805194805195,0.582905982905983
direct_binned,bins2048_auc,logreg_C0p1,44,6,36,ok,,0.4444444444444444,0.41904761904761906,0.4185185185185185,0.4495726495726496
direct_binned,bins2048_auc,xgboost_depth2,44,6,36,ok,,0.3611111111111111,0.27393483709273186,0.3503703703703704,0.36723646723646725
direct_binned,bins2048_auc,svm_C1p0,45,6,36,ok,,0.5555555555555556,0.5221546932626876,0.5914529914529915,0.6484330484330484
direct_binned,bins2048_auc,logreg_C0p1,45,6,36,ok,,0.5,0.4556489262371615,0.5238095238095238,0.6113960113960114
direct_binned,bins2048_auc,xgboost_depth2,45,6,36,ok,,0.4722222222222222,0.4354822588705647,0.6365740740740741,0.5857549857549857
direct_binned,bins2048_auc,svm_C1p0,46,6,36,ok,,0.4444444444444444,0.4135135135135135,0.4182957393483709,0.4621082621082621
direct_binned,bins2048_auc,logreg_C0p1,46,6,36,ok,,0.4166666666666667,0.3693121693121693,0.3768518518518518,0.39544159544159546
direct_binned,bins2048_auc,xgboost_depth2,46,6,36,ok,,0.4444444444444444,0.40478473998294967,0.548941798941799,0.41396011396011395
direct_binned,bins2048_auc,svm_C1p0,47,6,36,ok,,0.4166666666666667,0.3407102754928842,0.40039682539682536,0.40427350427350434
direct_binned,bins2048_auc,logreg_C0p1,47,6,36,ok,,0.4722222222222222,0.399647266313933,0.4185185185185185,0.4413105413105413
direct_binned,bins2048_auc,xgboost_depth2,47,6,36,ok,,0.5555555555555556,0.5247539628878372,0.5533910533910533,0.545014245014245
direct_binned,bins2048_auc,svm_C1p0,48,6,36,ok,,0.6388888888888888,0.5824190177638453,0.5783730158730159,0.6005698005698006
direct_binned,bins2048_auc,logreg_C0p1,48,6,36,ok,,0.6111111111111112,0.560515873015873,0.5539682539682539,0.5820512820512821
direct_binned,bins2048_auc,xgboost_depth2,48,6,36,ok,,0.5833333333333334,0.5558069381598794,0.5833333333333334,0.6188034188034188
direct_binned,bins2048_auc,svm_C1p0,49,6,36,ok,,0.3888888888888889,0.3234237582063669,0.38659420289855073,0.3786324786324786
direct_binned,bins2048_auc,logreg_C0p1,49,6,36,ok,,0.3611111111111111,0.276078431372549,0.30158730158730157,0.31196581196581197
direct_binned,bins2048_auc,xgboost_depth2,49,6,36,ok,,0.5555555555555556,0.522473604826546,0.5535714285714286,0.6002849002849003
direct_binned,bins2048_auc,svm_C1p0,50,6,36,ok,,0.6944444444444444,0.6469534050179211,0.6888888888888888,0.6447293447293447
direct_binned,bins2048_auc,logreg_C0p1,50,6,36,ok,,0.7222222222222222,0.656884707287933,0.6693121693121693,0.6703703703703704
direct_binned,bins2048_auc,xgboost_depth2,50,6,36,ok,,0.6666666666666666,0.6111111111111112,0.6204906204906204,0.611965811965812
direct_binned,bins2048_auc,svm_C1p0,51,6,36,ok,,0.3611111111111111,0.3111111111111111,0.3253968253968254,0.30484330484330485
direct_binned,bins2048_auc,logreg_C0p1,51,6,36,ok,,0.4722222222222222,0.35736677115987464,0.3515151515151515,0.4002849002849003
direct_binned,bins2048_auc,xgboost_depth2,51,6,36,ok,,0.5277777777777778,0.47407407407407404,0.6429512516469038,0.6370370370370371
direct_binned,bins2048_auc,svm_C1p0,52,6,36,ok,,0.4444444444444444,0.44361331878863436,0.44871794871794873,0.5245014245014245
direct_binned,bins2048_auc,logreg_C0p1,52,6,36,ok,,0.4444444444444444,0.4433348936391533,0.4444444444444444,0.5458689458689459
direct_binned,bins2048_auc,xgboost_depth2,52,6,36,ok,,0.4722222222222222,0.4342594342594343,0.4439571150097466,0.4467236467236468
direct_binned,bins2048_auc,svm_C1p0,53,6,36,ok,,0.2777777777777778,0.24175824175824176,0.20952380952380953,0.3384615384615384
direct_binned,bins2048_auc,logreg_C0p1,53,6,36,ok,,0.4444444444444444,0.3601651186790506,0.5873015873015873,0.4851851851851852
direct_binned,bins2048_auc,xgboost_depth2,53,6,36,ok,,0.5277777777777778,0.5172798216276476,0.6638176638176638,0.6156695156695157
direct_binned,bins2048_auc,svm_C1p0,54,6,36,ok,,0.4722222222222222,0.45694444444444443,0.4568627450980392,0.46809116809116813
direct_binned,bins2048_auc,logreg_C0p1,54,6,36,ok,,0.4166666666666667,0.384112619406737,0.37896825396825395,0.4452991452991453
direct_binned,bins2048_auc,xgboost_depth2,54,6,36,ok,,0.5833333333333334,0.564145346681498,0.5586820586820587,0.6116809116809118
direct_binned,bins2048_auc,svm_C1p0,55,6,36,ok,,0.5,0.467032967032967,0.46967846967846966,0.4866096866096867
direct_binned,bins2048_auc,logreg_C0p1,55,6,36,ok,,0.4166666666666667,0.37864253393665165,0.3849206349206349,0.4452991452991453
direct_binned,bins2048_auc,xgboost_depth2,55,6,36,ok,,0.3611111111111111,0.36079471576428984,0.36305361305361306,0.42079772079772076
direct_binned,bins2048_auc,svm_C1p0,56,6,36,ok,,0.5555555555555556,0.5070707070707071,0.5388888888888889,0.6074074074074074
direct_binned,bins2048_auc,logreg_C0p1,56,6,36,ok,,0.5555555555555556,0.4942765567765568,0.5104775828460039,0.5592592592592592
direct_binned,bins2048_auc,xgboost_depth2,56,6,36,ok,,0.5277777777777778,0.5215703836393492,0.6012205387205387,0.5532763532763533
direct_binned,bins2048_auc,svm_C1p0,57,6,36,ok,,0.5,0.47178683385579934,0.4682539682539682,0.4866096866096867
direct_binned,bins2048_auc,logreg_C0p1,57,6,36,ok,,0.5555555555555556,0.51010101010101,0.5277777777777778,0.545014245014245
direct_binned,bins2048_auc,xgboost_depth2,57,6,36,ok,,0.3888888888888889,0.3250517598343685,0.5849673202614379,0.4108262108262108
direct_binned,bins2048_auc,svm_C1p0,58,6,36,ok,,0.4444444444444444,0.40242763772175544,0.45502645502645506,0.4638176638176638
direct_binned,bins2048_auc,logreg_C0p1,58,6,36,ok,,0.5277777777777778,0.37144585601935876,0.3721212121212121,0.4373219373219373
direct_binned,bins2048_auc,xgboost_depth2,58,6,36,ok,,0.5,0.4805194805194805,0.5702614379084968,0.6452991452991453
direct_binned,bins2048_auc,svm_C1p0,59,6,36,ok,,0.25,0.18268398268398267,0.20454545454545456,0.22364672364672367
direct_binned,bins2048_auc,logreg_C0p1,59,6,36,ok,,0.25,0.18268398268398267,0.20454545454545456,0.22364672364672367
direct_binned,bins2048_auc,xgboost_depth2,59,6,36,ok,,0.16666666666666666,0.125,0.10526315789473684,0.15384615384615385
direct_binned,bins2048_auc,svm_C1p0,60,6,36,ok,,0.5,0.4528138528138528,0.5318181818181819,0.5632478632478632
direct_binned,bins2048_auc,logreg_C0p1,60,6,36,ok,,0.4722222222222222,0.42256542256542257,0.5,0.5447293447293448
direct_binned,bins2048_auc,xgboost_depth2,60,6,36,ok,,0.4722222222222222,0.40090090090090086,0.44722222222222224,0.5518518518518518
direct_binned,bins2048_auc,svm_C1p0,61,6,36,ok,,0.5833333333333334,0.5665445665445664,0.5635026737967914,0.5903133903133903
direct_binned,bins2048_auc,logreg_C0p1,61,6,36,ok,,0.5,0.4454083927768138,0.5205555555555555,0.5703703703703703
direct_binned,bins2048_auc,xgboost_depth2,61,6,36,ok,,0.5555555555555556,0.5427350427350427,0.5297619047619048,0.5789173789173788
direct_binned,bins2048_auc,svm_C1p0,62,6,36,ok,,0.3888888888888889,0.3752869352869353,0.43727106227106227,0.41253561253561255
direct_binned,bins2048_auc,logreg_C0p1,62,6,36,ok,,0.4444444444444444,0.40505376344086025,0.4362674362674363,0.4638176638176638
direct_binned,bins2048_auc,xgboost_depth2,62,6,36,ok,,0.3333333333333333,0.32976827094474154,0.4421568627450981,0.38803418803418804
direct_binned,bins2048_auc,svm_C1p0,63,6,36,ok,,0.4444444444444444,0.3744444444444444,0.3867167919799499,0.42991452991452994
direct_binned,bins2048_auc,logreg_C0p1,63,6,36,ok,,0.4444444444444444,0.3797311827956989,0.3953823953823954,0.42991452991452994
direct_binned,bins2048_auc,xgboost_depth2,63,6,36,ok,,0.5,0.44063036355125607,0.46527777777777785,0.4740740740740741
direct_binned,bins2048_auc,svm_C1p0,64,6,36,ok,,0.4722222222222222,0.42047071702244115,0.43737373737373736,0.4341880341880342
direct_binned,bins2048_auc,logreg_C0p1,64,6,36,ok,,0.5,0.45887096774193553,0.4875679875679875,0.45270655270655275
direct_binned,bins2048_auc,xgboost_depth2,64,6,36,ok,,0.6388888888888888,0.6026272577996715,0.6035353535353535,0.6558404558404558
direct_binned,bins2048_auc,svm_C1p0,65,6,36,ok,,0.2777777777777778,0.2853535353535353,0.49938271604938267,0.3991452991452991
direct_binned,bins2048_auc,logreg_C0p1,65,6,36,ok,,0.3055555555555556,0.31009407576913295,0.48666666666666664,0.41766381766381766
direct_binned,bins2048_auc,xgboost_depth2,65,6,36,ok,,0.25,0.2590612002376708,0.46428571428571425,0.3806267806267807
direct_binned,bins2048_auc,svm_C1p0,66,6,36,ok,,0.5277777777777778,0.4652067348678602,0.5502923976608187,0.5407407407407407
direct_binned,bins2048_auc,logreg_C0p1,66,6,36,ok,,0.4722222222222222,0.37926887926887926,0.47544283413848626,0.45555555555555555
direct_binned,bins2048_auc,xgboost_depth2,66,6,36,ok,,0.5277777777777778,0.4849977608598299,0.5833333333333334,0.5888888888888889
direct_binned,bins2048_auc,svm_C1p0,67,6,36,ok,,0.4166666666666667,0.35555555555555557,0.4341736694677871,0.349002849002849
direct_binned,bins2048_auc,logreg_C0p1,67,6,36,ok,,0.4444444444444444,0.3545751633986928,0.4523809523809524,0.37464387464387466
direct_binned,bins2048_auc,xgboost_depth2,67,6,36,ok,,0.3888888888888889,0.3259259259259259,0.3790849673202614,0.3162393162393162
direct_binned,bins2048_auc,svm_C1p0,68,6,36,ok,,0.5277777777777778,0.5103763440860215,0.5182595182595183,0.5532763532763533
direct_binned,bins2048_auc,logreg_C0p1,68,6,36,ok,,0.5277777777777778,0.5299945265462508,0.5151515151515151,0.6085470085470085
direct_binned,bins2048_auc,xgboost_depth2,68,6,36,ok,,0.5,0.47914394057451554,0.5544159544159545,0.5971509971509971
direct_binned,bins2048_auc,svm_C1p0,69,6,36,ok,,0.3611111111111111,0.3657952069716776,0.37042124542124544,0.4547008547008547
direct_binned,bins2048_auc,logreg_C0p1,69,6,36,ok,,0.3055555555555556,0.30735930735930733,0.31303418803418803,0.36951566951566955
direct_binned,bins2048_auc,xgboost_depth2,69,6,36,ok,,0.2777777777777778,0.26058615713788125,0.28230837789661317,0.3367521367521367
direct_binned,bins2048_auc,svm_C1p0,70,6,36,ok,,0.5,0.501584333281388,0.5153846153846153,0.5757834757834758
direct_binned,bins2048_auc,logreg_C0p1,70,6,36,ok,,0.5,0.5030097237227967,0.533984533984534,0.5757834757834758
direct_binned,bins2048_auc,xgboost_depth2,70,6,36,ok,,0.5,0.484593837535014,0.5208333333333334,0.5205128205128206
direct_binned,bins2048_auc,svm_C1p0,71,6,36,ok,,0.3888888888888889,0.3584313725490196,0.4666666666666666,0.41794871794871796
direct_binned,bins2048_auc,logreg_C0p1,71,6,36,ok,,0.4444444444444444,0.4198692810457516,0.5777777777777778,0.4621082621082621
direct_binned,bins2048_auc,xgboost_depth2,71,6,36,ok,,0.3055555555555556,0.3074074074074074,0.4264069264069264,0.36951566951566955
direct_binned,bins2048_auc,svm_C1p0,72,6,36,ok,,0.3888888888888889,0.351384998443822,0.3611111111111111,0.3786324786324786
direct_binned,bins2048_auc,logreg_C0p1,72,6,36,ok,,0.4166666666666667,0.3690123264159775,0.3819444444444444,0.40427350427350434
direct_binned,bins2048_auc,xgboost_depth2,72,6,36,ok,,0.4722222222222222,0.42369540408756096,0.44259259259259265,0.4484330484330485
direct_binned,bins2048_auc,svm_C1p0,73,6,36,ok,,0.3055555555555556,0.2823633432152702,0.3074980574980575,0.28746438746438746
direct_binned,bins2048_auc,logreg_C0p1,73,6,36,ok,,0.3055555555555556,0.2569786535303777,0.2916666666666667,0.24643874643874644
direct_binned,bins2048_auc,xgboost_depth2,73,6,36,ok,,0.25,0.23775017253278122,0.28750000000000003,0.2361823361823362
direct_binned,bins2048_auc,svm_C1p0,74,6,36,ok,,0.6388888888888888,0.5787114845938376,0.6063492063492064,0.6148148148148148
direct_binned,bins2048_auc,logreg_C0p1,74,6,36,ok,,0.5555555555555556,0.5311609686609686,0.540204678362573,0.5931623931623932
direct_binned,bins2048_auc,xgboost_depth2,74,6,36,ok,,0.5555555555555556,0.5217142559941749,0.5416666666666666,0.6002849002849003
direct_binned,bins2048_auc,svm_C1p0,75,6,36,ok,,0.6388888888888888,0.5798676419366074,0.5924242424242424,0.6148148148148148
direct_binned,bins2048_auc,logreg_C0p1,75,6,36,ok,,0.6388888888888888,0.5798676419366074,0.5924242424242424,0.6148148148148148
direct_binned,bins2048_auc,xgboost_depth2,75,6,36,ok,,0.5,0.44853944853944855,0.5,0.5150997150997151
direct_binned,bins2048_auc,svm_C1p0,76,6,36,ok,,0.4722222222222222,0.33873144399460187,0.36833333333333335,0.4002849002849003
direct_binned,bins2048_auc,logreg_C0p1,76,6,36,ok,,0.4722222222222222,0.32888888888888884,0.35714285714285715,0.40740740740740744
direct_binned,bins2048_auc,xgboost_depth2,76,6,36,ok,,0.3611111111111111,0.24651924651924653,0.25,0.32621082621082625
direct_binned,bins2048_auc,svm_C1p0,77,6,36,ok,,0.19444444444444445,0.1553030303030303,0.18859649122807018,0.17236467236467237
direct_binned,bins2048_auc,logreg_C0p1,77,6,36,ok,,0.2777777777777778,0.20476190476190473,0.30303030303030304,0.2492877492877493
direct_binned,bins2048_auc,xgboost_depth2,77,6,36,ok,,0.2222222222222222,0.23456790123456792,0.38518518518518513,0.16951566951566951
direct_binned,bins2048_auc,svm_C1p0,78,6,36,ok,,0.4722222222222222,0.45479641131815046,0.4597222222222222,0.6267806267806267
direct_binned,bins2048_auc,logreg_C0p1,78,6,36,ok,,0.4444444444444444,0.4189182465044534,0.3958333333333333,0.6082621082621084
direct_binned,bins2048_auc,xgboost_depth2,78,6,36,ok,,0.4722222222222222,0.43888888888888883,0.4592760180995475,0.5376068376068376
direct_binned,bins2048_auc,svm_C1p0,79,6,36,ok,,0.3611111111111111,0.36343366778149383,0.4518518518518519,0.3458689458689459
direct_binned,bins2048_auc,logreg_C0p1,79,6,36,ok,,0.3611111111111111,0.36343366778149383,0.4518518518518519,0.3458689458689459
direct_binned,bins2048_auc,xgboost_depth2,79,6,36,ok,,0.4444444444444444,0.3858823529411765,0.4059290382819795,0.42991452991452994
direct_binned,bins2048_auc,svm_C1p0,80,6,36,ok,,0.5,0.4726037968822349,0.4894179894179895,0.6524216524216525
direct_binned,bins2048_auc,logreg_C0p1,80,6,36,ok,,0.5,0.4667178699436764,0.5370370370370371,0.6524216524216525
direct_binned,bins2048_auc,xgboost_depth2,80,6,36,ok,,0.4444444444444444,0.45198067632850236,0.5130325814536341,0.5529914529914529
direct_binned,bins2048_auc,svm_C1p0,81,6,36,ok,,0.6388888888888888,0.4909090909090909,0.47712418300653586,0.5185185185185185
direct_binned,bins2048_auc,logreg_C0p1,81,6,36,ok,,0.6111111111111112,0.4670698924731183,0.45502645502645506,0.5
direct_binned,bins2048_auc,xgboost_depth2,81,6,36,ok,,0.6944444444444444,0.6263888888888889,0.6391812865497076,0.6518518518518519
direct_binned,bins2048_auc,svm_C1p0,82,6,36,ok,,0.5,0.4722097825546101,0.5,0.6524216524216525
direct_binned,bins2048_auc,logreg_C0p1,82,6,36,ok,,0.5,0.474025974025974,0.5091503267973856,0.6524216524216525
direct_binned,bins2048_auc,xgboost_depth2,82,6,36,ok,,0.4722222222222222,0.48640248640248646,0.6190476190476191,0.5715099715099715
direct_binned,bins2048_auc,svm_C1p0,83,6,36,ok,,0.6388888888888888,0.6052043422733078,0.6190476190476191,0.6558404558404558
direct_binned,bins2048_auc,logreg_C0p1,83,6,36,ok,,0.6388888888888888,0.6118817204301076,0.6272338772338771,0.6487179487179487
direct_binned,bins2048_auc,xgboost_depth2,83,6,36,ok,,0.5277777777777778,0.5103763440860215,0.5182595182595183,0.5532763532763533
direct_binned,bins2048_auc,svm_C1p0,84,6,36,ok,,0.5,0.46438746438746437,0.5427350427350427,0.5150997150997151
direct_binned,bins2048_auc,logreg_C0p1,84,6,36,ok,,0.5833333333333334,0.5557223890557225,0.6481481481481481,0.5706552706552707
direct_binned,bins2048_auc,xgboost_depth2,84,6,36,ok,,0.5833333333333334,0.49793372319688106,0.5055555555555555,0.49401709401709404
direct_binned,bins2048_auc,svm_C1p0,85,6,36,ok,,0.5555555555555556,0.5482654600301659,0.535485347985348,0.5717948717948719
direct_binned,bins2048_auc,logreg_C0p1,85,6,36,ok,,0.6388888888888888,0.5975189933523267,0.6123294346978557,0.662962962962963
direct_binned,bins2048_auc,xgboost_depth2,85,6,36,ok,,0.5555555555555556,0.5098905723905723,0.5806342780026991,0.6555555555555556
direct_binned,bins2048_auc,svm_C1p0,86,6,36,ok,,0.5,0.4469135802469135,0.4658730158730158,0.45270655270655275
direct_binned,bins2048_auc,logreg_C0p1,86,6,36,ok,,0.5277777777777778,0.4665756386186493,0.48026048026048035,0.4712250712250712
direct_binned,bins2048_auc,xgboost_depth2,86,6,36,ok,,0.5277777777777778,0.48461959496442253,0.49583333333333335,0.5264957264957265
direct_binned,bins2048_auc,svm_C1p0,87,6,36,ok,,0.3333333333333333,0.30009496676163344,0.35714285714285715,0.2792022792022792
direct_binned,bins2048_auc,logreg_C0p1,87,6,36,ok,,0.4722222222222222,0.3692528735632184,0.38755980861244016,0.3860398860398861
direct_binned,bins2048_auc,xgboost_depth2,87,6,36,ok,,0.3333333333333333,0.22718370544457503,0.21944444444444444,0.3005698005698006
direct_binned,bins2048_auc,svm_C1p0,88,6,36,ok,,0.25,0.2324575807334428,0.2625,0.2361823361823362
direct_binned,bins2048_auc,logreg_C0p1,88,6,36,ok,,0.2222222222222222,0.2169312169312169,0.314484126984127,0.21766381766381768
direct_binned,bins2048_auc,xgboost_depth2,88,6,36,ok,,0.6111111111111112,0.5505050505050505,0.561111111111111,0.5962962962962963
direct_binned,bins2048_auc,svm_C1p0,89,6,36,ok,,0.5277777777777778,0.48484848484848486,0.6666666666666666,0.6780626780626781
direct_binned,bins2048_auc,logreg_C0p1,89,6,36,ok,,0.5833333333333334,0.543049543049543,0.6782051282051281,0.7222222222222223
direct_binned,bins2048_auc,xgboost_depth2,89,6,36,ok,,0.4166666666666667,0.3241758241758242,0.4236874236874237,0.4113960113960114
direct_binned,bins2048_auc,svm_C1p0,90,6,36,ok,,0.5833333333333334,0.5558216262239251,0.5714285714285715,0.6045584045584045
direct_binned,bins2048_auc,logreg_C0p1,90,6,36,ok,,0.5833333333333334,0.5712250712250713,0.5923076923076923,0.6527065527065528
direct_binned,bins2048_auc,xgboost_depth2,90,6,36,ok,,0.4722222222222222,0.47621138925486745,0.5555555555555555,0.5572649572649572
direct_binned,bins2048_auc,svm_C1p0,91,6,36,ok,,0.3888888888888889,0.38888888888888884,0.6,0.5213675213675214
direct_binned,bins2048_auc,logreg_C0p1,91,6,36,ok,,0.3888888888888889,0.38888888888888884,0.6,0.5213675213675214
direct_binned,bins2048_auc,xgboost_depth2,91,6,36,ok,,0.2777777777777778,0.27979797979797977,0.4461904761904762,0.3991452991452991
direct_binned,bins2048_auc,svm_C1p0,92,6,36,ok,,0.5555555555555556,0.4745396119144729,0.481962481962482,0.503988603988604
direct_binned,bins2048_auc,logreg_C0p1,92,6,36,ok,,0.5,0.4210164835164835,0.4317738791423002,0.4740740740740741
direct_binned,bins2048_auc,xgboost_depth2,92,6,36,ok,,0.5,0.43756613756613755,0.5106280193236715,0.5703703703703703
direct_binned,bins2048_auc,svm_C1p0,93,6,36,ok,,0.4444444444444444,0.3886752136752136,0.4126559714795009,0.42279202279202277
direct_binned,bins2048_auc,logreg_C0p1,93,6,36,ok,,0.4444444444444444,0.4007677144932047,0.4351851851851852,0.41566951566951565
direct_binned,bins2048_auc,xgboost_depth2,93,6,36,ok,,0.3611111111111111,0.3013415892672859,0.5396825396825397,0.4082621082621083
direct_binned,bins2048_auc,svm_C1p0,94,6,36,ok,,0.5,0.4361111111111111,0.51010101010101,0.5703703703703703
direct_binned,bins2048_auc,logreg_C0p1,94,6,36,ok,,0.4722222222222222,0.3990740740740741,0.44598155467720685,0.5518518518518518
direct_binned,bins2048_auc,xgboost_depth2,94,6,36,ok,,0.4444444444444444,0.41217627401837925,0.49289891395154556,0.5601139601139602
direct_binned,bins2048_auc,svm_C1p0,95,6,36,ok,,0.5833333333333334,0.5309165929855585,0.5414438502673797,0.5635327635327635
direct_binned,bins2048_auc,logreg_C0p1,95,6,36,ok,,0.6111111111111112,0.5796387520525451,0.5827020202020202,0.6301994301994301
direct_binned,bins2048_auc,xgboost_depth2,95,6,36,ok,,0.6111111111111112,0.5831105169340464,0.6163720538720538,0.6088319088319089
direct_binned,bins2048_auc,svm_C1p0,96,6,36,ok,,0.3611111111111111,0.29924242424242425,0.425438596491228,0.31196581196581197
direct_binned,bins2048_auc,logreg_C0p1,96,6,36,ok,,0.4444444444444444,0.3698924731182796,0.44179894179894186,0.37464387464387466
direct_binned,bins2048_auc,xgboost_depth2,96,6,36,ok,,0.4444444444444444,0.4055555555555556,0.4671717171717172,0.3603988603988604
direct_binned,bins2048_auc,svm_C1p0,97,6,36,ok,,0.5,0.42234848484848486,0.326109391124871,0.6666666666666666
direct_binned,bins2048_auc,logreg_C0p1,97,6,36,ok,,0.4722222222222222,0.3920454545454546,0.3065015479876161,0.6
direct_binned,bins2048_auc,xgboost_depth2,97,6,36,ok,,0.6111111111111112,0.5968660968660968,0.617948717948718,0.6783475783475783
direct_binned,bins2048_auc,svm_C1p0,98,6,36,ok,,0.5277777777777778,0.4831313648517949,0.5185185185185185,0.5193732193732195
direct_binned,bins2048_auc,logreg_C0p1,98,6,36,ok,,0.5,0.4666666666666666,0.5055555555555555,0.5561253561253561
direct_binned,bins2048_auc,xgboost_depth2,98,6,36,ok,,0.5833333333333334,0.5572390572390572,0.565079365079365,0.6188034188034188
direct_binned,bins2048_auc,svm_C1p0,99,6,36,ok,,0.4444444444444444,0.3983238456672992,0.5013495276653172,0.454985754985755
direct_binned,bins2048_auc,logreg_C0p1,99,6,36,ok,,0.4722222222222222,0.44766283524904216,0.5696969696969697,0.5287749287749288
direct_binned,bins2048_auc,xgboost_depth2,99,6,36,ok,,0.2777777777777778,0.269431643625192,0.4926739926739927,0.4401709401709402
direct_binned,bins2048_auc,svm_C1p0,100,6,36,ok,,0.4166666666666667,0.40614608416466,0.49338624338624343,0.4917378917378918
direct_binned,bins2048_auc,logreg_C0p1,100,6,36,ok,,0.4166666666666667,0.4013071895424836,0.45555555555555555,0.4917378917378918
direct_binned,bins2048_auc,xgboost_depth2,100,6,36,ok,,0.4444444444444444,0.4416142097301517,0.5370370370370371,0.4834757834757835
