feature_group,feature_name,classifier,episode,n_train,n_test,status,error,accuracy,macro_f1,macro_precision,macro_recall
foundation_backbone,mae_flatten,svm_C1p0,1,18,24,ok,,0.375,0.3846153846153846,0.503968253968254,0.5899470899470899
foundation_backbone,mae_flatten,logreg_C0p1,1,18,24,ok,,0.4583333333333333,0.4436288349331828,0.5518518518518518,0.6375661375661376
foundation_backbone,mae_flatten,xgboost_depth2,1,18,24,ok,,0.4583333333333333,0.43381642512077295,0.5,0.6375661375661376
foundation_backbone,mae_flatten,svm_C1p0,2,18,24,ok,,0.5416666666666666,0.48899208806329547,0.6636363636363636,0.7380952380952381
foundation_backbone,mae_flatten,logreg_C0p1,2,18,24,ok,,0.5833333333333334,0.5245436824384192,0.6666666666666666,0.7619047619047619
foundation_backbone,mae_flatten,xgboost_depth2,2,18,24,ok,,0.7083333333333334,0.6213450292397661,0.6809523809523809,0.8333333333333334
foundation_backbone,mae_flatten,svm_C1p0,3,18,24,ok,,0.20833333333333334,0.24434389140271495,0.4444444444444444,0.17195767195767195
foundation_backbone,mae_flatten,logreg_C0p1,3,18,24,ok,,0.2916666666666667,0.29603729603729606,0.4583333333333333,0.21957671957671956
foundation_backbone,mae_flatten,xgboost_depth2,3,18,24,ok,,0.4166666666666667,0.3333333333333333,0.5,0.27777777777777773
foundation_backbone,mae_flatten,svm_C1p0,4,18,24,ok,,0.5,0.47142857142857136,0.5703703703703703,0.6613756613756614
foundation_backbone,mae_flatten,logreg_C0p1,4,18,24,ok,,0.5,0.47142857142857136,0.5703703703703703,0.6613756613756614
foundation_backbone,mae_flatten,xgboost_depth2,4,18,24,ok,,0.5416666666666666,0.49883597883597885,0.587121212121212,0.6851851851851851
foundation_backbone,mae_flatten,svm_C1p0,5,18,24,ok,,0.6666666666666666,0.494949494949495,0.5641025641025641,0.5
foundation_backbone,mae_flatten,logreg_C0p1,5,18,24,ok,,0.7083333333333334,0.5281385281385281,0.5833333333333334,0.5238095238095238
foundation_backbone,mae_flatten,xgboost_depth2,5,18,24,ok,,0.5416666666666666,0.4090177133655395,0.5476190476190476,0.42857142857142855
foundation_backbone,mae_flatten,svm_C1p0,6,18,24,ok,,0.5416666666666666,0.41269841269841273,0.4801587301587302,0.4021164021164021
foundation_backbone,mae_flatten,logreg_C0p1,6,18,24,ok,,0.625,0.45686680469289165,0.48148148148148145,0.46296296296296297
foundation_backbone,mae_flatten,xgboost_depth2,6,18,24,ok,,0.5833333333333334,0.42512077294685985,0.4537037037037037,0.4259259259259259
foundation_backbone,mae_flatten,svm_C1p0,7,18,24,ok,,0.625,0.569377990430622,0.7000000000000001,0.7857142857142857
foundation_backbone,mae_flatten,logreg_C0p1,7,18,24,ok,,0.6666666666666666,0.6,0.7037037037037037,0.8095238095238096
foundation_backbone,mae_flatten,xgboost_depth2,7,18,24,ok,,0.6666666666666666,0.6,0.7037037037037037,0.8095238095238096
foundation_backbone,mae_flatten,svm_C1p0,8,18,24,ok,,0.5416666666666666,0.4274322169059011,0.48333333333333334,0.4021164021164021
foundation_backbone,mae_flatten,logreg_C0p1,8,18,24,ok,,0.5416666666666666,0.41952707856598015,0.45555555555555555,0.4021164021164021
foundation_backbone,mae_flatten,xgboost_depth2,8,18,24,ok,,0.5833333333333334,0.4357864357864358,0.47222222222222215,0.43915343915343913
foundation_backbone,mae_flatten,svm_C1p0,9,18,24,ok,,0.625,0.5578947368421052,0.6703703703703704,0.7857142857142857
foundation_backbone,mae_flatten,logreg_C0p1,9,18,24,ok,,0.5833333333333334,0.5245436824384192,0.6666666666666666,0.7619047619047619
foundation_backbone,mae_flatten,xgboost_depth2,9,18,24,ok,,0.5833333333333334,0.5245436824384192,0.6666666666666666,0.7619047619047619
foundation_backbone,mae_flatten,svm_C1p0,10,18,24,ok,,0.5416666666666666,0.5138888888888888,0.6414141414141414,0.7116402116402116
foundation_backbone,mae_flatten,logreg_C0p1,10,18,24,ok,,0.5833333333333334,0.5401515151515152,0.6203703703703703,0.7354497354497355
foundation_backbone,mae_flatten,xgboost_depth2,10,18,24,ok,,0.6666666666666666,0.5917508417508417,0.6355820105820106,0.7962962962962963
foundation_backbone,mae_flatten,svm_C1p0,11,18,24,ok,,0.5416666666666666,0.4561403508771929,0.5666666666666668,0.42857142857142855
foundation_backbone,mae_flatten,logreg_C0p1,11,18,24,ok,,0.625,0.4904761904761905,0.5584415584415584,0.4761904761904762
foundation_backbone,mae_flatten,xgboost_depth2,11,18,24,ok,,0.6666666666666666,0.5185185185185185,0.562962962962963,0.48677248677248675
foundation_backbone,mae_flatten,svm_C1p0,12,18,24,ok,,0.625,0.506265664160401,0.5857142857142857,0.4761904761904762
foundation_backbone,mae_flatten,logreg_C0p1,12,18,24,ok,,0.5833333333333334,0.48245614035087714,0.5777777777777778,0.4523809523809524
foundation_backbone,mae_flatten,xgboost_depth2,12,18,24,ok,,0.5416666666666666,0.47825311942959003,0.6393939393939395,0.7380952380952381
foundation_backbone,mae_flatten,svm_C1p0,13,18,24,ok,,0.5833333333333334,0.4577352472089314,0.525,0.4259259259259259
foundation_backbone,mae_flatten,logreg_C0p1,13,18,24,ok,,0.5833333333333334,0.44005847953216376,0.4666666666666666,0.4259259259259259
foundation_backbone,mae_flatten,xgboost_depth2,13,18,24,ok,,0.5833333333333334,0.44005847953216376,0.4666666666666666,0.4259259259259259
foundation_backbone,mae_flatten,svm_C1p0,14,18,24,ok,,0.625,0.4513457556935818,0.5,0.4761904761904762
foundation_backbone,mae_flatten,logreg_C0p1,14,18,24,ok,,0.7083333333333334,0.5175983436853002,0.5462962962962963,0.5238095238095238
foundation_backbone,mae_flatten,xgboost_depth2,14,18,24,ok,,0.6666666666666666,0.47299077733860345,0.5059523809523809,0.5
foundation_backbone,mae_flatten,svm_C1p0,15,18,24,ok,,0.6666666666666666,0.5898635477582846,0.6749999999999999,0.8095238095238096
foundation_backbone,mae_flatten,logreg_C0p1,15,18,24,ok,,0.6666666666666666,0.5898635477582846,0.6749999999999999,0.8095238095238096
foundation_backbone,mae_flatten,xgboost_depth2,15,18,24,ok,,0.7083333333333334,0.6213450292397661,0.6809523809523809,0.8333333333333334
foundation_backbone,mae_flatten,svm_C1p0,16,18,24,ok,,0.5416666666666666,0.44035087719298244,0.5393939393939394,0.42857142857142855
foundation_backbone,mae_flatten,logreg_C0p1,16,18,24,ok,,0.5833333333333334,0.48245614035087714,0.5777777777777778,0.4523809523809524
foundation_backbone,mae_flatten,xgboost_depth2,16,18,24,ok,,0.5833333333333334,0.4523809523809524,0.5277777777777778,0.4523809523809524
foundation_backbone,mae_flatten,svm_C1p0,17,18,24,ok,,0.375,0.36190476190476195,0.4761904761904762,0.29365079365079366
foundation_backbone,mae_flatten,logreg_C0p1,17,18,24,ok,,0.375,0.36190476190476195,0.4761904761904762,0.29365079365079366
foundation_backbone,mae_flatten,xgboost_depth2,17,18,24,ok,,0.3333333333333333,0.2760942760942761,0.3101851851851852,0.2566137566137566
foundation_backbone,mae_flatten,svm_C1p0,18,18,24,ok,,0.625,0.4857142857142857,0.5833333333333334,0.4761904761904762
foundation_backbone,mae_flatten,logreg_C0p1,18,18,24,ok,,0.625,0.4857142857142857,0.5833333333333334,0.4761904761904762
foundation_backbone,mae_flatten,xgboost_depth2,18,18,24,ok,,0.5416666666666666,0.39814814814814814,0.5333333333333333,0.42857142857142855
foundation_backbone,mae_flatten,svm_C1p0,19,18,24,ok,,0.5416666666666666,0.48899208806329547,0.6636363636363636,0.7380952380952381
foundation_backbone,mae_flatten,logreg_C0p1,19,18,24,ok,,0.5416666666666666,0.48899208806329547,0.6636363636363636,0.7380952380952381
foundation_backbone,mae_flatten,xgboost_depth2,19,18,24,ok,,0.6666666666666666,0.5833333333333334,0.6536796536796537,0.8095238095238096
foundation_backbone,mae_flatten,svm_C1p0,20,18,24,ok,,0.4166666666666667,0.3969298245614035,0.5333333333333333,0.3306878306878307
foundation_backbone,mae_flatten,logreg_C0p1,20,18,24,ok,,0.375,0.35000000000000003,0.4523809523809524,0.29365079365079366
foundation_backbone,mae_flatten,xgboost_depth2,20,18,24,ok,,0.4583333333333333,0.4492063492063492,0.5541125541125541,0.6507936507936507
foundation_backbone,mae_flatten,svm_C1p0,21,18,24,ok,,0.5416666666666666,0.46296296296296297,0.5740740740740741,0.41534391534391535
foundation_backbone,mae_flatten,logreg_C0p1,21,18,24,ok,,0.6666666666666666,0.5279106858054227,0.5916666666666667,0.5
foundation_backbone,mae_flatten,xgboost_depth2,21,18,24,ok,,0.75,0.5833333333333334,0.6333333333333333,0.5476190476190476
foundation_backbone,mae_flatten,svm_C1p0,22,18,24,ok,,0.4583333333333333,0.3843137254901961,0.5757575757575758,0.3677248677248677
foundation_backbone,mae_flatten,logreg_C0p1,22,18,24,ok,,0.4166666666666667,0.36326109391124867,0.5666666666666667,0.3306878306878307
foundation_backbone,mae_flatten,xgboost_depth2,22,18,24,ok,,0.5416666666666666,0.47825311942959003,0.6393939393939395,0.7380952380952381
foundation_backbone,mae_flatten,svm_C1p0,23,18,24,ok,,0.6666666666666666,0.5316666666666666,0.6060606060606061,0.47354497354497355
foundation_backbone,mae_flatten,logreg_C0p1,23,18,24,ok,,0.6666666666666666,0.5224358974358975,0.5833333333333334,0.47354497354497355
foundation_backbone,mae_flatten,xgboost_depth2,23,18,24,ok,,0.625,0.4878431372549019,0.5340909090909091,0.44973544973544977
foundation_backbone,mae_flatten,svm_C1p0,24,18,24,ok,,0.625,0.5578947368421052,0.6703703703703704,0.7857142857142857
foundation_backbone,mae_flatten,logreg_C0p1,24,18,24,ok,,0.625,0.5578947368421052,0.6703703703703704,0.7857142857142857
foundation_backbone,mae_flatten,xgboost_depth2,24,18,24,ok,,0.7916666666666666,0.7132505175983437,0.6944444444444443,0.8809523809523809
foundation_backbone,mae_flatten,svm_C1p0,25,18,24,ok,,0.5,0.4583333333333333,0.6111111111111112,0.3783068783068783
foundation_backbone,mae_flatten,logreg_C0p1,25,18,24,ok,,0.5416666666666666,0.499906629318394,0.5667989417989417,0.7116402116402116
foundation_backbone,mae_flatten,xgboost_depth2,25,18,24,ok,,0.5416666666666666,0.47825311942959003,0.6393939393939395,0.7380952380952381
foundation_backbone,mae_flatten,svm_C1p0,26,18,24,ok,,0.75,0.5357142857142857,0.5499999999999999,0.5476190476190476
foundation_backbone,mae_flatten,logreg_C0p1,26,18,24,ok,,0.7083333333333334,0.5175983436853002,0.5462962962962963,0.5238095238095238
foundation_backbone,mae_flatten,xgboost_depth2,26,18,24,ok,,0.7083333333333334,0.5318840579710145,0.5690235690235691,0.5238095238095238
foundation_backbone,mae_flatten,svm_C1p0,27,18,24,ok,,0.625,0.4513457556935818,0.5,0.4761904761904762
foundation_backbone,mae_flatten,logreg_C0p1,27,18,24,ok,,0.6666666666666666,0.48484848484848486,0.5224358974358975,0.5
foundation_backbone,mae_flatten,xgboost_depth2,27,18,24,ok,,0.7083333333333334,0.5318840579710145,0.5690235690235691,0.5238095238095238
foundation_backbone,mae_flatten,svm_C1p0,28,18,24,ok,,0.4583333333333333,0.4074074074074074,0.5462962962962963,0.3677248677248677
foundation_backbone,mae_flatten,logreg_C0p1,28,18,24,ok,,0.4166666666666667,0.3703703703703704,0.46296296296296297,0.3439153439153439
foundation_backbone,mae_flatten,xgboost_depth2,28,18,24,ok,,0.5,0.4787878787878788,0.5750000000000001,0.6746031746031745
foundation_backbone,mae_flatten,svm_C1p0,29,18,24,ok,,0.6666666666666666,0.48484848484848486,0.5224358974358975,0.5
foundation_backbone,mae_flatten,logreg_C0p1,29,18,24,ok,,0.6666666666666666,0.4978354978354978,0.5416666666666666,0.5
foundation_backbone,mae_flatten,xgboost_depth2,29,18,24,ok,,0.7083333333333334,0.48188405797101447,0.4962962962962963,0.5238095238095238
foundation_backbone,mae_flatten,svm_C1p0,30,18,24,ok,,0.3333333333333333,0.34547908232118757,0.6,0.24338624338624337
foundation_backbone,mae_flatten,logreg_C0p1,30,18,24,ok,,0.3333333333333333,0.34547908232118757,0.6,0.24338624338624337
foundation_backbone,mae_flatten,xgboost_depth2,30,18,24,ok,,0.4583333333333333,0.3917948717948718,0.5454545454545454,0.3148148148148148
foundation_backbone,mae_flatten,svm_C1p0,31,18,24,ok,,0.7083333333333334,0.5537254901960784,0.6060606060606061,0.5105820105820106
foundation_backbone,mae_flatten,logreg_C0p1,31,18,24,ok,,0.75,0.5701357466063349,0.6111111111111112,0.5343915343915344
foundation_backbone,mae_flatten,xgboost_depth2,31,18,24,ok,,0.75,0.5701357466063349,0.6111111111111112,0.5343915343915344
foundation_backbone,mae_flatten,svm_C1p0,32,18,24,ok,,0.7916666666666666,0.5853304284676834,0.6153846153846154,0.5582010582010581
foundation_backbone,mae_flatten,logreg_C0p1,32,18,24,ok,,0.7916666666666666,0.5853304284676834,0.6153846153846154,0.5582010582010581
foundation_backbone,mae_flatten,xgboost_depth2,32,18,24,ok,,0.7083333333333334,0.5385802469135802,0.5897435897435898,0.4973544973544974
foundation_backbone,mae_flatten,svm_C1p0,33,18,24,ok,,0.6666666666666666,0.4978354978354978,0.5416666666666666,0.5
foundation_backbone,mae_flatten,logreg_C0p1,33,18,24,ok,,0.6666666666666666,0.5121212121212121,0.5643939393939394,0.5
foundation_backbone,mae_flatten,xgboost_depth2,33,18,24,ok,,0.6666666666666666,0.4978354978354978,0.5416666666666666,0.5
foundation_backbone,mae_flatten,svm_C1p0,34,18,24,ok,,0.5833333333333334,0.5323409533935849,0.662962962962963,0.7486772486772487
foundation_backbone,mae_flatten,logreg_C0p1,34,18,24,ok,,0.5416666666666666,0.4561403508771929,0.5666666666666668,0.42857142857142855
foundation_backbone,mae_flatten,xgboost_depth2,34,18,24,ok,,0.6666666666666666,0.5185185185185185,0.562962962962963,0.48677248677248675
foundation_backbone,mae_flatten,svm_C1p0,35,18,24,ok,,0.75,0.5737179487179488,0.6388888888888888,0.5211640211640212
foundation_backbone,mae_flatten,logreg_C0p1,35,18,24,ok,,0.7916666666666666,0.5853304284676834,0.6153846153846154,0.5582010582010581
foundation_backbone,mae_flatten,xgboost_depth2,35,18,24,ok,,0.6666666666666666,0.5224358974358975,0.5833333333333334,0.47354497354497355
foundation_backbone,mae_flatten,svm_C1p0,36,18,24,ok,,0.75,0.6590909090909091,0.7142857142857143,0.8571428571428571
foundation_backbone,mae_flatten,logreg_C0p1,36,18,24,ok,,0.75,0.5833333333333334,0.6333333333333333,0.5476190476190476
foundation_backbone,mae_flatten,xgboost_depth2,36,18,24,ok,,0.7916666666666666,0.5824561403508772,0.603030303030303,0.5714285714285715
foundation_backbone,mae_flatten,svm_C1p0,37,18,24,ok,,0.4166666666666667,0.34561403508771926,0.39999999999999997,0.3306878306878307
foundation_backbone,mae_flatten,logreg_C0p1,37,18,24,ok,,0.4583333333333333,0.3862433862433862,0.44973544973544977,0.3544973544973545
foundation_backbone,mae_flatten,xgboost_depth2,37,18,24,ok,,0.5416666666666666,0.4920634920634921,0.5390211640211641,0.7116402116402116
foundation_backbone,mae_flatten,svm_C1p0,38,18,24,ok,,0.75,0.5364145658263305,0.5535714285714285,0.5211640211640212
foundation_backbone,mae_flatten,logreg_C0p1,38,18,24,ok,,0.7083333333333334,0.5028735632183908,0.5301587301587302,0.48412698412698413
foundation_backbone,mae_flatten,xgboost_depth2,38,18,24,ok,,0.75,0.5535714285714285,0.5952380952380952,0.5211640211640212
foundation_backbone,mae_flatten,svm_C1p0,39,18,24,ok,,0.7083333333333334,0.5362962962962963,0.5690235690235691,0.5105820105820106
foundation_backbone,mae_flatten,logreg_C0p1,39,18,24,ok,,0.75,0.5657894736842105,0.6,0.5476190476190476
foundation_backbone,mae_flatten,xgboost_depth2,39,18,24,ok,,0.625,0.4632034632034632,0.5164835164835164,0.4761904761904762
foundation_backbone,mae_flatten,svm_C1p0,40,18,24,ok,,0.6666666666666666,0.5279106858054227,0.5916666666666667,0.5
foundation_backbone,mae_flatten,logreg_C0p1,40,18,24,ok,,0.6666666666666666,0.5279106858054227,0.5916666666666667,0.5
foundation_backbone,mae_flatten,xgboost_depth2,40,18,24,ok,,0.7083333333333334,0.5476735316552249,0.5962962962962962,0.5238095238095238
foundation_backbone,mae_flatten,svm_C1p0,41,18,24,ok,,0.5833333333333334,0.4484848484848485,0.49242424242424243,0.43915343915343913
foundation_backbone,mae_flatten,logreg_C0p1,41,18,24,ok,,0.5416666666666666,0.41269841269841273,0.4603174603174603,0.41534391534391535
foundation_backbone,mae_flatten,xgboost_depth2,41,18,24,ok,,0.5416666666666666,0.41952707856598015,0.45555555555555555,0.4021164021164021
foundation_backbone,mae_flatten,svm_C1p0,42,18,24,ok,,0.375,0.32929292929292925,0.4305555555555555,0.2671957671957672
foundation_backbone,mae_flatten,logreg_C0p1,42,18,24,ok,,0.4166666666666667,0.3516908212560386,0.4444444444444444,0.291005291005291
foundation_backbone,mae_flatten,xgboost_depth2,42,18,24,ok,,0.5416666666666666,0.48599240265906934,0.5860805860805861,0.671957671957672
foundation_backbone,mae_flatten,svm_C1p0,43,18,24,ok,,0.7083333333333334,0.5281385281385281,0.5833333333333334,0.5238095238095238
foundation_backbone,mae_flatten,logreg_C0p1,43,18,24,ok,,0.6666666666666666,0.5222222222222223,0.6060606060606061,0.5
foundation_backbone,mae_flatten,xgboost_depth2,43,18,24,ok,,0.75,0.6818181818181818,0.6752136752136751,0.8571428571428571
foundation_backbone,mae_flatten,svm_C1p0,44,18,24,ok,,0.7916666666666666,0.6,0.6363636363636364,0.5714285714285715
foundation_backbone,mae_flatten,logreg_C0p1,44,18,24,ok,,0.8333333333333334,0.6153846153846154,0.6388888888888888,0.5952380952380952
foundation_backbone,mae_flatten,xgboost_depth2,44,18,24,ok,,0.75,0.5833333333333334,0.6333333333333333,0.5476190476190476
foundation_backbone,mae_flatten,svm_C1p0,45,18,24,ok,,0.5416666666666666,0.48214285714285715,0.6190476190476191,0.4021164021164021
foundation_backbone,mae_flatten,logreg_C0p1,45,18,24,ok,,0.5416666666666666,0.4803921568627451,0.6111111111111112,0.41534391534391535
foundation_backbone,mae_flatten,xgboost_depth2,45,18,24,ok,,0.5833333333333334,0.5447196422428621,0.6969696969696969,0.7486772486772487
foundation_backbone,mae_flatten,svm_C1p0,46,18,24,ok,,0.5,0.4176470588235294,0.6060606060606061,0.4047619047619047
foundation_backbone,mae_flatten,logreg_C0p1,46,18,24,ok,,0.5416666666666666,0.48899208806329547,0.6636363636363636,0.7380952380952381
foundation_backbone,mae_flatten,xgboost_depth2,46,18,24,ok,,0.5416666666666666,0.47825311942959003,0.6393939393939395,0.7380952380952381
foundation_backbone,mae_flatten,svm_C1p0,47,18,24,ok,,0.5416666666666666,0.4394319131161237,0.5047619047619047,0.41534391534391535
foundation_backbone,mae_flatten,logreg_C0p1,47,18,24,ok,,0.4166666666666667,0.3611111111111111,0.4444444444444445,0.30423280423280424
foundation_backbone,mae_flatten,xgboost_depth2,47,18,24,ok,,0.6666666666666666,0.5279106858054227,0.5916666666666667,0.5
foundation_backbone,mae_flatten,svm_C1p0,48,18,24,ok,,0.4583333333333333,0.3719298245614035,0.4424242424242424,0.3677248677248677
foundation_backbone,mae_flatten,logreg_C0p1,48,18,24,ok,,0.5,0.38730158730158726,0.4444444444444444,0.39153439153439146
foundation_backbone,mae_flatten,xgboost_depth2,48,18,24,ok,,0.5833333333333334,0.43939393939393945,0.5085470085470085,0.4523809523809524
foundation_backbone,mae_flatten,svm_C1p0,49,18,24,ok,,0.5,0.4087719298245614,0.5454545454545454,0.3783068783068783
foundation_backbone,mae_flatten,logreg_C0p1,49,18,24,ok,,0.5,0.4148148148148148,0.5757575757575758,0.39153439153439146
foundation_backbone,mae_flatten,xgboost_depth2,49,18,24,ok,,0.625,0.5444862155388471,0.6309523809523809,0.7857142857142857
foundation_backbone,mae_flatten,svm_C1p0,50,18,24,ok,,0.5416666666666666,0.47002801120448173,0.6203703703703703,0.7380952380952381
foundation_backbone,mae_flatten,logreg_C0p1,50,18,24,ok,,0.3333333333333333,0.3233511586452763,0.3527777777777778,0.5661375661375662
foundation_backbone,mae_flatten,xgboost_depth2,50,18,24,ok,,0.5833333333333334,0.4154385964912281,0.5208333333333334,0.4523809523809524
foundation_backbone,mae_flatten,svm_C1p0,51,18,24,ok,,0.6666666666666666,0.5281803542673108,0.5925925925925926,0.48677248677248675
foundation_backbone,mae_flatten,logreg_C0p1,51,18,24,ok,,0.7083333333333334,0.5362962962962963,0.5690235690235691,0.5105820105820106
foundation_backbone,mae_flatten,xgboost_depth2,51,18,24,ok,,0.5833333333333334,0.4484848484848485,0.49242424242424243,0.43915343915343913
foundation_backbone,mae_flatten,svm_C1p0,52,18,24,ok,,0.5833333333333334,0.5351158645276292,0.6583333333333333,0.7354497354497355
foundation_backbone,mae_flatten,logreg_C0p1,52,18,24,ok,,0.625,0.5608465608465608,0.6236772486772487,0.7724867724867724
foundation_backbone,mae_flatten,xgboost_depth2,52,18,24,ok,,0.5833333333333334,0.5245436824384192,0.6666666666666666,0.7619047619047619
foundation_backbone,mae_flatten,svm_C1p0,53,18,24,ok,,0.7083333333333334,0.5318840579710145,0.5690235690235691,0.5238095238095238
foundation_backbone,mae_flatten,logreg_C0p1,53,18,24,ok,,0.75,0.5657894736842105,0.6,0.5476190476190476
foundation_backbone,mae_flatten,xgboost_depth2,53,18,24,ok,,0.625,0.4632034632034632,0.5164835164835164,0.4761904761904762
foundation_backbone,mae_flatten,svm_C1p0,54,18,24,ok,,0.6666666666666666,0.5833333333333334,0.6536796536796537,0.8095238095238096
foundation_backbone,mae_flatten,logreg_C0p1,54,18,24,ok,,0.6666666666666666,0.5833333333333334,0.6536796536796537,0.8095238095238096
foundation_backbone,mae_flatten,xgboost_depth2,54,18,24,ok,,0.5833333333333334,0.5245436824384192,0.6666666666666666,0.7619047619047619
foundation_backbone,mae_flatten,svm_C1p0,55,18,24,ok,,0.5833333333333334,0.48245614035087714,0.5777777777777778,0.4523809523809524
foundation_backbone,mae_flatten,logreg_C0p1,55,18,24,ok,,0.5833333333333334,0.4781144781144781,0.5462962962962963,0.43915343915343913
foundation_backbone,mae_flatten,xgboost_depth2,55,18,24,ok,,0.5833333333333334,0.4523809523809524,0.5277777777777778,0.4523809523809524
foundation_backbone,mae_flatten,svm_C1p0,56,18,24,ok,,0.5416666666666666,0.4331723027375201,0.48148148148148145,0.4021164021164021
foundation_backbone,mae_flatten,logreg_C0p1,56,18,24,ok,,0.5416666666666666,0.4331723027375201,0.48148148148148145,0.4021164021164021
foundation_backbone,mae_flatten,xgboost_depth2,56,18,24,ok,,0.5,0.41077441077441074,0.46759259259259256,0.3783068783068783
foundation_backbone,mae_flatten,svm_C1p0,57,18,24,ok,,0.5,0.4269005847953216,0.5499999999999999,0.4047619047619047
foundation_backbone,mae_flatten,logreg_C0p1,57,18,24,ok,,0.5416666666666666,0.47368421052631576,0.6,0.42857142857142855
foundation_backbone,mae_flatten,xgboost_depth2,57,18,24,ok,,0.5416666666666666,0.47368421052631576,0.6,0.42857142857142855
foundation_backbone,mae_flatten,svm_C1p0,58,18,24,ok,,0.75,0.6590909090909091,0.7142857142857143,0.8571428571428571
foundation_backbone,mae_flatten,logreg_C0p1,58,18,24,ok,,0.7916666666666666,0.6,0.6363636363636364,0.5714285714285715
foundation_backbone,mae_flatten,xgboost_depth2,58,18,24,ok,,0.6666666666666666,0.5279106858054227,0.5916666666666667,0.5
foundation_backbone,mae_flatten,svm_C1p0,59,18,24,ok,,0.375,0.3223684210526316,0.43333333333333335,0.32010582010582006
foundation_backbone,mae_flatten,logreg_C0p1,59,18,24,ok,,0.375,0.3223684210526316,0.43333333333333335,0.32010582010582006
foundation_backbone,mae_flatten,xgboost_depth2,59,18,24,ok,,0.5,0.42105263157894735,0.5333333333333333,0.39153439153439146
foundation_backbone,mae_flatten,svm_C1p0,60,18,24,ok,,0.5833333333333334,0.4481658692185008,0.5641025641025641,0.4523809523809524
foundation_backbone,mae_flatten,logreg_C0p1,60,18,24,ok,,0.5,0.3968253968253968,0.5,0.4047619047619047
foundation_backbone,mae_flatten,xgboost_depth2,60,18,24,ok,,0.5833333333333334,0.43630816170861936,0.5476190476190476,0.4523809523809524
foundation_backbone,mae_flatten,svm_C1p0,61,18,24,ok,,0.625,0.5238095238095238,0.6190476190476191,0.4761904761904762
foundation_backbone,mae_flatten,logreg_C0p1,61,18,24,ok,,0.6666666666666666,0.5454545454545454,0.625,0.5
foundation_backbone,mae_flatten,xgboost_depth2,61,18,24,ok,,0.625,0.5384615384615384,0.626984126984127,0.7195767195767196
foundation_backbone,mae_flatten,svm_C1p0,62,18,24,ok,,0.5833333333333334,0.48245614035087714,0.5777777777777778,0.4523809523809524
foundation_backbone,mae_flatten,logreg_C0p1,62,18,24,ok,,0.5416666666666666,0.46296296296296297,0.5740740740740741,0.41534391534391535
foundation_backbone,mae_flatten,xgboost_depth2,62,18,24,ok,,0.625,0.5578947368421052,0.6703703703703704,0.7857142857142857
foundation_backbone,mae_flatten,svm_C1p0,63,18,24,ok,,0.75,0.5657894736842105,0.6,0.5476190476190476
foundation_backbone,mae_flatten,logreg_C0p1,63,18,24,ok,,0.7916666666666666,0.6,0.6363636363636364,0.5714285714285715
foundation_backbone,mae_flatten,xgboost_depth2,63,18,24,ok,,0.6666666666666666,0.5121212121212121,0.5643939393939394,0.5
foundation_backbone,mae_flatten,svm_C1p0,64,18,24,ok,,0.4583333333333333,0.3859649122807018,0.4666666666666666,0.3677248677248677
foundation_backbone,mae_flatten,logreg_C0p1,64,18,24,ok,,0.4166666666666667,0.34074074074074073,0.4090909090909091,0.3439153439153439
foundation_backbone,mae_flatten,xgboost_depth2,64,18,24,ok,,0.5416666666666666,0.4394319131161237,0.5047619047619047,0.41534391534391535
foundation_backbone,mae_flatten,svm_C1p0,65,18,24,ok,,0.4166666666666667,0.40277777777777773,0.5833333333333334,0.3306878306878307
foundation_backbone,mae_flatten,logreg_C0p1,65,18,24,ok,,0.375,0.34055727554179566,0.45,0.29365079365079366
foundation_backbone,mae_flatten,xgboost_depth2,65,18,24,ok,,0.5833333333333334,0.5245436824384192,0.6666666666666666,0.7619047619047619
foundation_backbone,mae_flatten,svm_C1p0,66,18,24,ok,,0.5,0.45040485829959515,0.6611111111111111,0.7142857142857143
foundation_backbone,mae_flatten,logreg_C0p1,66,18,24,ok,,0.375,0.3892156862745098,0.6875,0.6031746031746031
foundation_backbone,mae_flatten,xgboost_depth2,66,18,24,ok,,0.5,0.45040485829959515,0.6611111111111111,0.7142857142857143
foundation_backbone,mae_flatten,svm_C1p0,67,18,24,ok,,0.5,0.4296536796536796,0.6166666666666667,0.7142857142857143
foundation_backbone,mae_flatten,logreg_C0p1,67,18,24,ok,,0.5416666666666666,0.47002801120448173,0.6203703703703703,0.7380952380952381
foundation_backbone,mae_flatten,xgboost_depth2,67,18,24,ok,,0.5,0.4296536796536796,0.6166666666666667,0.7142857142857143
foundation_backbone,mae_flatten,svm_C1p0,68,18,24,ok,,0.8333333333333334,0.6153846153846154,0.6388888888888888,0.5952380952380952
foundation_backbone,mae_flatten,logreg_C0p1,68,18,24,ok,,0.8333333333333334,0.6153846153846154,0.6388888888888888,0.5952380952380952
foundation_backbone,mae_flatten,xgboost_depth2,68,18,24,ok,,0.75,0.5701357466063349,0.6111111111111112,0.5343915343915344
foundation_backbone,mae_flatten,svm_C1p0,69,18,24,ok,,0.5416666666666666,0.47368421052631576,0.6,0.42857142857142855
foundation_backbone,mae_flatten,logreg_C0p1,69,18,24,ok,,0.5833333333333334,0.5,0.6111111111111112,0.4523809523809524
foundation_backbone,mae_flatten,xgboost_depth2,69,18,24,ok,,0.5416666666666666,0.4803921568627451,0.6111111111111112,0.41534391534391535
foundation_backbone,mae_flatten,svm_C1p0,70,18,24,ok,,0.5416666666666666,0.49259259259259264,0.5740740740740741,0.7116402116402116
foundation_backbone,mae_flatten,logreg_C0p1,70,18,24,ok,,0.5416666666666666,0.4920634920634921,0.5390211640211641,0.7116402116402116
foundation_backbone,mae_flatten,xgboost_depth2,70,18,24,ok,,0.5,0.4530214424951267,0.49722222222222223,0.6878306878306878
foundation_backbone,mae_flatten,svm_C1p0,71,18,24,ok,,0.625,0.5704545454545454,0.6620370370370371,0.7592592592592592
foundation_backbone,mae_flatten,logreg_C0p1,71,18,24,ok,,0.75,0.5701357466063349,0.6111111111111112,0.5343915343915344
foundation_backbone,mae_flatten,xgboost_depth2,71,18,24,ok,,0.7083333333333334,0.5385802469135802,0.5897435897435898,0.4973544973544974
foundation_backbone,mae_flatten,svm_C1p0,72,18,24,ok,,0.4583333333333333,0.4222222222222222,0.6904761904761904,0.6904761904761904
foundation_backbone,mae_flatten,logreg_C0p1,72,18,24,ok,,0.5416666666666666,0.502262443438914,0.6944444444444443,0.7380952380952381
foundation_backbone,mae_flatten,xgboost_depth2,72,18,24,ok,,0.5416666666666666,0.502262443438914,0.6944444444444443,0.7380952380952381
foundation_backbone,mae_flatten,svm_C1p0,73,18,24,ok,,0.5416666666666666,0.44035087719298244,0.5393939393939394,0.42857142857142855
foundation_backbone,mae_flatten,logreg_C0p1,73,18,24,ok,,0.5,0.41111111111111115,0.5227272727272728,0.4047619047619047
foundation_backbone,mae_flatten,xgboost_depth2,73,18,24,ok,,0.5833333333333334,0.4523809523809524,0.5277777777777778,0.4523809523809524
foundation_backbone,mae_flatten,svm_C1p0,74,18,24,ok,,0.75,0.5701357466063349,0.6111111111111112,0.5343915343915344
foundation_backbone,mae_flatten,logreg_C0p1,74,18,24,ok,,0.7083333333333334,0.5385802469135802,0.5897435897435898,0.4973544973544974
foundation_backbone,mae_flatten,xgboost_depth2,74,18,24,ok,,0.75,0.5535714285714285,0.5952380952380952,0.5211640211640212
foundation_backbone,mae_flatten,svm_C1p0,75,18,24,ok,,0.5833333333333334,0.4666666666666666,0.5505050505050505,0.4523809523809524
foundation_backbone,mae_flatten,logreg_C0p1,75,18,24,ok,,0.5833333333333334,0.4666666666666666,0.5505050505050505,0.4523809523809524
foundation_backbone,mae_flatten,xgboost_depth2,75,18,24,ok,,0.5833333333333334,0.5042558086036347,0.6031746031746033,0.7619047619047619
foundation_backbone,mae_flatten,svm_C1p0,76,18,24,ok,,0.7083333333333334,0.5424242424242425,0.6060606060606061,0.5238095238095238
foundation_backbone,mae_flatten,logreg_C0p1,76,18,24,ok,,0.75,0.5657894736842105,0.6,0.5476190476190476
foundation_backbone,mae_flatten,xgboost_depth2,76,18,24,ok,,0.625,0.4904761904761905,0.5584415584415584,0.4761904761904762
foundation_backbone,mae_flatten,svm_C1p0,77,18,24,ok,,0.4583333333333333,0.43977591036414565,0.6506410256410257,0.6640211640211641
foundation_backbone,mae_flatten,logreg_C0p1,77,18,24,ok,,0.5833333333333334,0.5245436824384192,0.6666666666666666,0.7619047619047619
foundation_backbone,mae_flatten,xgboost_depth2,77,18,24,ok,,0.5,0.4388888888888889,0.6363636363636364,0.7142857142857143
foundation_backbone,mae_flatten,svm_C1p0,78,18,24,ok,,0.4583333333333333,0.3857142857142857,0.6136363636363636,0.6904761904761904
foundation_backbone,mae_flatten,logreg_C0p1,78,18,24,ok,,0.4583333333333333,0.3957264957264957,0.6338383838383838,0.6904761904761904
foundation_backbone,mae_flatten,xgboost_depth2,78,18,24,ok,,0.4583333333333333,0.3949296890473361,0.46901709401709396,0.6772486772486772
foundation_backbone,mae_flatten,svm_C1p0,79,18,24,ok,,0.5,0.4543682438419281,0.6,0.6878306878306878
foundation_backbone,mae_flatten,logreg_C0p1,79,18,24,ok,,0.5,0.4530214424951267,0.49722222222222223,0.6878306878306878
foundation_backbone,mae_flatten,xgboost_depth2,79,18,24,ok,,0.5833333333333334,0.5226703121439963,0.5388888888888889,0.7354497354497355
foundation_backbone,mae_flatten,svm_C1p0,80,18,24,ok,,0.5,0.4176470588235294,0.6060606060606061,0.4047619047619047
foundation_backbone,mae_flatten,logreg_C0p1,80,18,24,ok,,0.5,0.4033613445378151,0.5833333333333334,0.4047619047619047
foundation_backbone,mae_flatten,xgboost_depth2,80,18,24,ok,,0.5,0.4296536796536796,0.6166666666666667,0.7142857142857143
foundation_backbone,mae_flatten,svm_C1p0,81,18,24,ok,,0.5416666666666666,0.4810916179337232,0.5507575757575758,0.7248677248677248
foundation_backbone,mae_flatten,logreg_C0p1,81,18,24,ok,,0.5416666666666666,0.4810916179337232,0.5507575757575758,0.7248677248677248
foundation_backbone,mae_flatten,xgboost_depth2,81,18,24,ok,,0.5,0.4507936507936508,0.47222222222222215,0.6878306878306878
foundation_backbone,mae_flatten,svm_C1p0,82,18,24,ok,,0.5416666666666666,0.5055039559683522,0.6553030303030303,0.7116402116402116
foundation_backbone,mae_flatten,logreg_C0p1,82,18,24,ok,,0.5833333333333334,0.5296296296296296,0.611111111111111,0.7486772486772487
foundation_backbone,mae_flatten,xgboost_depth2,82,18,24,ok,,0.625,0.5578947368421052,0.6703703703703704,0.7857142857142857
foundation_backbone,mae_flatten,svm_C1p0,83,18,24,ok,,0.5416666666666666,0.518387314439946,0.6944444444444443,0.7116402116402116
foundation_backbone,mae_flatten,logreg_C0p1,83,18,24,ok,,0.5833333333333334,0.5447196422428621,0.6969696969696969,0.7486772486772487
foundation_backbone,mae_flatten,xgboost_depth2,83,18,24,ok,,0.4166666666666667,0.4047619047619047,0.4985569985569986,0.6137566137566137
foundation_backbone,mae_flatten,svm_C1p0,84,18,24,ok,,0.6666666666666666,0.5121212121212121,0.5643939393939394,0.5
foundation_backbone,mae_flatten,logreg_C0p1,84,18,24,ok,,0.6666666666666666,0.5121212121212121,0.5643939393939394,0.5
foundation_backbone,mae_flatten,xgboost_depth2,84,18,24,ok,,0.7083333333333334,0.5318840579710145,0.5690235690235691,0.5238095238095238
foundation_backbone,mae_flatten,svm_C1p0,85,18,24,ok,,0.5416666666666666,0.4561403508771929,0.5666666666666668,0.42857142857142855
foundation_backbone,mae_flatten,logreg_C0p1,85,18,24,ok,,0.5416666666666666,0.4561403508771929,0.5666666666666668,0.42857142857142855
foundation_backbone,mae_flatten,xgboost_depth2,85,18,24,ok,,0.6666666666666666,0.5279106858054227,0.5916666666666667,0.5
foundation_backbone,mae_flatten,svm_C1p0,86,18,24,ok,,0.5833333333333334,0.4481658692185008,0.5641025641025641,0.4523809523809524
foundation_backbone,mae_flatten,logreg_C0p1,86,18,24,ok,,0.625,0.4857142857142857,0.5833333333333334,0.4761904761904762
foundation_backbone,mae_flatten,xgboost_depth2,86,18,24,ok,,0.5416666666666666,0.42087542087542085,0.5641025641025641,0.42857142857142855
foundation_backbone,mae_flatten,svm_C1p0,87,18,24,ok,,0.7083333333333334,0.5318840579710145,0.5690235690235691,0.5238095238095238
foundation_backbone,mae_flatten,logreg_C0p1,87,18,24,ok,,0.7083333333333334,0.5318840579710145,0.5690235690235691,0.5238095238095238
foundation_backbone,mae_flatten,xgboost_depth2,87,18,24,ok,,0.6666666666666666,0.5121212121212121,0.5643939393939394,0.5
foundation_backbone,mae_flatten,svm_C1p0,88,18,24,ok,,0.5,0.4530214424951267,0.49722222222222223,0.6878306878306878
foundation_backbone,mae_flatten,logreg_C0p1,88,18,24,ok,,0.5833333333333334,0.5166666666666667,0.5678210678210679,0.7486772486772487
foundation_backbone,mae_flatten,xgboost_depth2,88,18,24,ok,,0.625,0.45686680469289165,0.48148148148148145,0.46296296296296297
foundation_backbone,mae_flatten,svm_C1p0,89,18,24,ok,,0.5,0.4411764705882353,0.5694444444444445,0.3783068783068783
foundation_backbone,mae_flatten,logreg_C0p1,89,18,24,ok,,0.5833333333333334,0.48245614035087714,0.5777777777777778,0.4523809523809524
foundation_backbone,mae_flatten,xgboost_depth2,89,18,24,ok,,0.625,0.506265664160401,0.5857142857142857,0.4761904761904762
foundation_backbone,mae_flatten,svm_C1p0,90,18,24,ok,,0.625,0.506265664160401,0.5857142857142857,0.4761904761904762
foundation_backbone,mae_flatten,logreg_C0p1,90,18,24,ok,,0.625,0.506265664160401,0.5857142857142857,0.4761904761904762
foundation_backbone,mae_flatten,xgboost_depth2,90,18,24,ok,,0.6666666666666666,0.5279106858054227,0.5916666666666667,0.5
foundation_backbone,mae_flatten,svm_C1p0,91,18,24,ok,,0.7083333333333334,0.5046113306982872,0.527065527065527,0.5238095238095238
foundation_backbone,mae_flatten,logreg_C0p1,91,18,24,ok,,0.75,0.5357142857142857,0.5499999999999999,0.5476190476190476
foundation_backbone,mae_flatten,xgboost_depth2,91,18,24,ok,,0.625,0.4513457556935818,0.5,0.4761904761904762
foundation_backbone,mae_flatten,svm_C1p0,92,18,24,ok,,0.4583333333333333,0.425,0.5555555555555555,0.3544973544973545
foundation_backbone,mae_flatten,logreg_C0p1,92,18,24,ok,,0.4583333333333333,0.42483660130718953,0.5833333333333334,0.3677248677248677
foundation_backbone,mae_flatten,xgboost_depth2,92,18,24,ok,,0.5416666666666666,0.5096319229446165,0.6303030303030304,0.7248677248677248
foundation_backbone,mae_flatten,svm_C1p0,93,18,24,ok,,0.7083333333333334,0.6296296296296297,0.7083333333333334,0.8333333333333334
foundation_backbone,mae_flatten,logreg_C0p1,93,18,24,ok,,0.8333333333333334,0.6153846153846154,0.6388888888888888,0.5952380952380952
foundation_backbone,mae_flatten,xgboost_depth2,93,18,24,ok,,0.7916666666666666,0.5666666666666668,0.5757575757575758,0.5714285714285715
foundation_backbone,mae_flatten,svm_C1p0,94,18,24,ok,,0.5416666666666666,0.4473684210526316,0.5444444444444444,0.41534391534391535
foundation_backbone,mae_flatten,logreg_C0p1,94,18,24,ok,,0.625,0.5608465608465608,0.6236772486772487,0.7724867724867724
foundation_backbone,mae_flatten,xgboost_depth2,94,18,24,ok,,0.625,0.5495126705653021,0.6477272727272728,0.7857142857142857
foundation_backbone,mae_flatten,svm_C1p0,95,18,24,ok,,0.5,0.4897243107769424,0.6923076923076922,0.6746031746031745
foundation_backbone,mae_flatten,logreg_C0p1,95,18,24,ok,,0.5,0.48461538461538467,0.638888888888889,0.6746031746031745
foundation_backbone,mae_flatten,xgboost_depth2,95,18,24,ok,,0.5416666666666666,0.48214285714285715,0.6190476190476191,0.4021164021164021
foundation_backbone,mae_flatten,svm_C1p0,96,18,24,ok,,0.5833333333333334,0.4577352472089314,0.525,0.4259259259259259
foundation_backbone,mae_flatten,logreg_C0p1,96,18,24,ok,,0.7083333333333334,0.5207017543859649,0.5393939393939394,0.5105820105820106
foundation_backbone,mae_flatten,xgboost_depth2,96,18,24,ok,,0.7083333333333334,0.5046113306982872,0.527065527065527,0.5238095238095238
foundation_backbone,mae_flatten,svm_C1p0,97,18,24,ok,,0.75,0.6614718614718615,0.6666666666666666,0.8571428571428571
foundation_backbone,mae_flatten,logreg_C0p1,97,18,24,ok,,0.75,0.6535353535353535,0.6727272727272727,0.8571428571428571
foundation_backbone,mae_flatten,xgboost_depth2,97,18,24,ok,,0.625,0.5474192728197305,0.6142857142857143,0.7857142857142857
foundation_backbone,mae_flatten,svm_C1p0,98,18,24,ok,,0.375,0.35714285714285715,0.5444444444444444,0.2671957671957672
foundation_backbone,mae_flatten,logreg_C0p1,98,18,24,ok,,0.4166666666666667,0.3956043956043956,0.6190476190476191,0.291005291005291
foundation_backbone,mae_flatten,xgboost_depth2,98,18,24,ok,,0.4583333333333333,0.4495726495726496,0.6904761904761904,0.6243386243386243
foundation_backbone,mae_flatten,svm_C1p0,99,18,24,ok,,0.7083333333333334,0.5462962962962963,0.5962962962962962,0.5105820105820106
foundation_backbone,mae_flatten,logreg_C0p1,99,18,24,ok,,0.7916666666666666,0.5824561403508772,0.603030303030303,0.5714285714285715
foundation_backbone,mae_flatten,xgboost_depth2,99,18,24,ok,,0.7083333333333334,0.5175983436853002,0.5462962962962963,0.5238095238095238
foundation_backbone,mae_flatten,svm_C1p0,100,18,24,ok,,0.5833333333333334,0.5,0.6111111111111112,0.4523809523809524
foundation_backbone,mae_flatten,logreg_C0p1,100,18,24,ok,,0.5833333333333334,0.5,0.6111111111111112,0.4523809523809524
foundation_backbone,mae_flatten,xgboost_depth2,100,18,24,ok,,0.5833333333333334,0.4666666666666666,0.5505050505050505,0.4523809523809524
prototype_head,mae_embeddings,prototype_mahalanobis_support_anova,1,18,24,ok,,0.5,0.47142857142857136,0.5703703703703703,0.6613756613756614
prototype_head,mae_embeddings,prototype_mahalanobis_support_anova,2,18,24,ok,,0.625,0.569377990430622,0.7000000000000001,0.7857142857142857
prototype_head,mae_embeddings,prototype_mahalanobis_support_anova,3,18,24,ok,,0.25,0.2657342657342658,0.4166666666666667,0.19576719576719573
prototype_head,mae_embeddings,prototype_mahalanobis_support_anova,4,18,24,ok,,0.75,0.6589635854341737,0.6888888888888888,0.8439153439153438
prototype_head,mae_embeddings,prototype_mahalanobis_support_anova,5,18,24,ok,,0.6666666666666666,0.5079365079365079,0.5833333333333334,0.5
prototype_head,mae_embeddings,prototype_mahalanobis_support_anova,6,18,24,ok,,0.625,0.4836003051106026,0.525925925925926,0.46296296296296297
prototype_head,mae_embeddings,prototype_mahalanobis_support_anova,7,18,24,ok,,0.5833333333333334,0.5370370370370371,0.6969696969696969,0.7619047619047619
prototype_head,mae_embeddings,prototype_mahalanobis_support_anova,8,18,24,ok,,0.5,0.4296296296296296,0.5185185185185185,0.39153439153439146
prototype_head,mae_embeddings,prototype_mahalanobis_support_anova,9,18,24,ok,,0.5416666666666666,0.48899208806329547,0.6636363636363636,0.7380952380952381
prototype_head,mae_embeddings,prototype_mahalanobis_support_anova,10,18,24,ok,,0.625,0.5578947368421052,0.6703703703703704,0.7857142857142857
prototype_head,mae_embeddings,prototype_mahalanobis_support_anova,11,18,24,ok,,0.625,0.506265664160401,0.5857142857142857,0.4761904761904762
prototype_head,mae_embeddings,prototype_mahalanobis_support_anova,12,18,24,ok,,0.625,0.5578947368421052,0.6703703703703704,0.7857142857142857
prototype_head,mae_embeddings,prototype_mahalanobis_support_anova,13,18,24,ok,,0.5833333333333334,0.4625199362041467,0.5166666666666667,0.43915343915343913
prototype_head,mae_embeddings,prototype_mahalanobis_support_anova,14,18,24,ok,,0.7083333333333334,0.5175983436853002,0.5462962962962963,0.5238095238095238
prototype_head,mae_embeddings,prototype_mahalanobis_support_anova,15,18,24,ok,,0.75,0.6534518113465482,0.688888888888889,0.8571428571428571
prototype_head,mae_embeddings,prototype_mahalanobis_support_anova,16,18,24,ok,,0.5833333333333334,0.48245614035087714,0.5777777777777778,0.4523809523809524
prototype_head,mae_embeddings,prototype_mahalanobis_support_anova,17,18,24,ok,,0.4166666666666667,0.3878787878787879,0.5,0.31746031746031744
prototype_head,mae_embeddings,prototype_mahalanobis_support_anova,18,18,24,ok,,0.625,0.5578947368421052,0.6703703703703704,0.7857142857142857
prototype_head,mae_embeddings,prototype_mahalanobis_support_anova,19,18,24,ok,,0.5,0.4388888888888889,0.6363636363636364,0.7142857142857143
prototype_head,mae_embeddings,prototype_mahalanobis_support_anova,20,18,24,ok,,0.5,0.48055555555555557,0.5858585858585859,0.6878306878306878
prototype_head,mae_embeddings,prototype_mahalanobis_support_anova,21,18,24,ok,,0.7083333333333334,0.5207017543859649,0.5393939393939394,0.5105820105820106
prototype_head,mae_embeddings,prototype_mahalanobis_support_anova,22,18,24,ok,,0.5416666666666666,0.48899208806329547,0.6636363636363636,0.7380952380952381
prototype_head,mae_embeddings,prototype_mahalanobis_support_anova,23,18,24,ok,,0.7083333333333334,0.5537254901960784,0.6060606060606061,0.5105820105820106
prototype_head,mae_embeddings,prototype_mahalanobis_support_anova,24,18,24,ok,,0.6666666666666666,0.5898635477582846,0.6749999999999999,0.8095238095238096
prototype_head,mae_embeddings,prototype_mahalanobis_support_anova,25,18,24,ok,,0.75,0.6534518113465482,0.688888888888889,0.8571428571428571
prototype_head,mae_embeddings,prototype_mahalanobis_support_anova,26,18,24,ok,,0.7083333333333334,0.5207017543859649,0.5393939393939394,0.5105820105820106
prototype_head,mae_embeddings,prototype_mahalanobis_support_anova,27,18,24,ok,,0.7916666666666666,0.5824561403508772,0.603030303030303,0.5714285714285715
prototype_head,mae_embeddings,prototype_mahalanobis_support_anova,28,18,24,ok,,0.5416666666666666,0.48899208806329547,0.6636363636363636,0.7380952380952381
prototype_head,mae_embeddings,prototype_mahalanobis_support_anova,29,18,24,ok,,0.75,0.5499999999999999,0.5727272727272728,0.5476190476190476
prototype_head,mae_embeddings,prototype_mahalanobis_support_anova,30,18,24,ok,,0.3333333333333333,0.3321123321123321,0.5238095238095238,0.24338624338624337
prototype_head,mae_embeddings,prototype_mahalanobis_support_anova,31,18,24,ok,,0.8333333333333334,0.6153846153846154,0.6388888888888888,0.5952380952380952
prototype_head,mae_embeddings,prototype_mahalanobis_support_anova,32,18,24,ok,,0.625,0.4904761904761905,0.5584415584415584,0.4761904761904762
prototype_head,mae_embeddings,prototype_mahalanobis_support_anova,33,18,24,ok,,0.625,0.5063938618925831,0.5879629629629629,0.44973544973544977
prototype_head,mae_embeddings,prototype_mahalanobis_support_anova,34,18,24,ok,,0.6666666666666666,0.5279106858054227,0.5916666666666667,0.5
prototype_head,mae_embeddings,prototype_mahalanobis_support_anova,35,18,24,ok,,0.7916666666666666,0.5824561403508772,0.603030303030303,0.5714285714285715
prototype_head,mae_embeddings,prototype_mahalanobis_support_anova,36,18,24,ok,,0.75,0.5657894736842105,0.6,0.5476190476190476
prototype_head,mae_embeddings,prototype_mahalanobis_support_anova,37,18,24,ok,,0.625,0.5608465608465608,0.6236772486772487,0.7724867724867724
prototype_head,mae_embeddings,prototype_mahalanobis_support_anova,38,18,24,ok,,0.7916666666666666,0.5853304284676834,0.6153846153846154,0.5582010582010581
prototype_head,mae_embeddings,prototype_mahalanobis_support_anova,39,18,24,ok,,0.6666666666666666,0.5898989898989899,0.6007575757575757,0.7962962962962963
prototype_head,mae_embeddings,prototype_mahalanobis_support_anova,40,18,24,ok,,0.7083333333333334,0.5652173913043478,0.6296296296296297,0.5238095238095238
prototype_head,mae_embeddings,prototype_mahalanobis_support_anova,41,18,24,ok,,0.5416666666666666,0.4394319131161237,0.5047619047619047,0.41534391534391535
prototype_head,mae_embeddings,prototype_mahalanobis_support_anova,42,18,24,ok,,0.4583333333333333,0.3779677113010447,0.5128205128205128,0.3148148148148148
prototype_head,mae_embeddings,prototype_mahalanobis_support_anova,43,18,24,ok,,0.6666666666666666,0.6,0.7037037037037037,0.8095238095238096
prototype_head,mae_embeddings,prototype_mahalanobis_support_anova,44,18,24,ok,,0.7083333333333334,0.5362962962962963,0.5690235690235691,0.5105820105820106
prototype_head,mae_embeddings,prototype_mahalanobis_support_anova,45,18,24,ok,,0.6666666666666666,0.5279106858054227,0.5916666666666667,0.5
prototype_head,mae_embeddings,prototype_mahalanobis_support_anova,46,18,24,ok,,0.5833333333333334,0.5148148148148147,0.6430976430976432,0.7619047619047619
prototype_head,mae_embeddings,prototype_mahalanobis_support_anova,47,18,24,ok,,0.4583333333333333,0.36833333333333335,0.41991341991341996,0.3280423280423281
prototype_head,mae_embeddings,prototype_mahalanobis_support_anova,48,18,24,ok,,0.6666666666666666,0.5185185185185185,0.562962962962963,0.48677248677248675
prototype_head,mae_embeddings,prototype_mahalanobis_support_anova,49,18,24,ok,,0.6666666666666666,0.580952380952381,0.638888888888889,0.8095238095238096
prototype_head,mae_embeddings,prototype_mahalanobis_support_anova,50,18,24,ok,,0.5416666666666666,0.47825311942959003,0.6393939393939395,0.7380952380952381
prototype_head,mae_embeddings,prototype_mahalanobis_support_anova,51,18,24,ok,,0.6666666666666666,0.5279106858054227,0.5916666666666667,0.5
prototype_head,mae_embeddings,prototype_mahalanobis_support_anova,52,18,24,ok,,0.6666666666666666,0.6,0.7037037037037037,0.8095238095238096
prototype_head,mae_embeddings,prototype_mahalanobis_support_anova,53,18,24,ok,,0.75,0.5657894736842105,0.6,0.5476190476190476
prototype_head,mae_embeddings,prototype_mahalanobis_support_anova,54,18,24,ok,,0.6666666666666666,0.5833333333333334,0.6536796536796537,0.8095238095238096
prototype_head,mae_embeddings,prototype_mahalanobis_support_anova,55,18,24,ok,,0.5833333333333334,0.48245614035087714,0.5777777777777778,0.4523809523809524
prototype_head,mae_embeddings,prototype_mahalanobis_support_anova,56,18,24,ok,,0.5833333333333334,0.4781144781144781,0.5462962962962963,0.43915343915343913
prototype_head,mae_embeddings,prototype_mahalanobis_support_anova,57,18,24,ok,,0.625,0.4904761904761905,0.5584415584415584,0.4761904761904762
prototype_head,mae_embeddings,prototype_mahalanobis_support_anova,58,18,24,ok,,0.7916666666666666,0.5824561403508772,0.603030303030303,0.5714285714285715
prototype_head,mae_embeddings,prototype_mahalanobis_support_anova,59,18,24,ok,,0.4583333333333333,0.40155945419103317,0.4962962962962963,0.3677248677248677
prototype_head,mae_embeddings,prototype_mahalanobis_support_anova,60,18,24,ok,,0.6666666666666666,0.5898635477582846,0.6749999999999999,0.8095238095238096
prototype_head,mae_embeddings,prototype_mahalanobis_support_anova,61,18,24,ok,,0.7083333333333334,0.5652173913043478,0.6296296296296297,0.5238095238095238
prototype_head,mae_embeddings,prototype_mahalanobis_support_anova,62,18,24,ok,,0.7083333333333334,0.6296296296296297,0.7083333333333334,0.8333333333333334
prototype_head,mae_embeddings,prototype_mahalanobis_support_anova,63,18,24,ok,,0.7083333333333334,0.5318840579710145,0.5690235690235691,0.5238095238095238
prototype_head,mae_embeddings,prototype_mahalanobis_support_anova,64,18,24,ok,,0.4166666666666667,0.34074074074074073,0.4090909090909091,0.3439153439153439
prototype_head,mae_embeddings,prototype_mahalanobis_support_anova,65,18,24,ok,,0.5833333333333334,0.5447196422428621,0.6969696969696969,0.7486772486772487
prototype_head,mae_embeddings,prototype_mahalanobis_support_anova,66,18,24,ok,,0.5,0.4789915966386555,0.6923076923076922,0.7010582010582009
prototype_head,mae_embeddings,prototype_mahalanobis_support_anova,67,18,24,ok,,0.5416666666666666,0.47825311942959003,0.6393939393939395,0.7380952380952381
prototype_head,mae_embeddings,prototype_mahalanobis_support_anova,68,18,24,ok,,0.8333333333333334,0.6153846153846154,0.6388888888888888,0.5952380952380952
prototype_head,mae_embeddings,prototype_mahalanobis_support_anova,69,18,24,ok,,0.5833333333333334,0.5,0.6111111111111112,0.4523809523809524
prototype_head,mae_embeddings,prototype_mahalanobis_support_anova,70,18,24,ok,,0.5416666666666666,0.48899208806329547,0.6636363636363636,0.7380952380952381
prototype_head,mae_embeddings,prototype_mahalanobis_support_anova,71,18,24,ok,,0.7083333333333334,0.6236969234680905,0.6296296296296297,0.8201058201058201
prototype_head,mae_embeddings,prototype_mahalanobis_support_anova,72,18,24,ok,,0.5,0.46428571428571425,0.6923076923076922,0.7142857142857143
prototype_head,mae_embeddings,prototype_mahalanobis_support_anova,73,18,24,ok,,0.5416666666666666,0.44035087719298244,0.5393939393939394,0.42857142857142855
prototype_head,mae_embeddings,prototype_mahalanobis_support_anova,74,18,24,ok,,0.75,0.5527065527065527,0.5740740740740741,0.5343915343915344
prototype_head,mae_embeddings,prototype_mahalanobis_support_anova,75,18,24,ok,,0.6666666666666666,0.5279106858054227,0.5916666666666667,0.5
prototype_head,mae_embeddings,prototype_mahalanobis_support_anova,76,18,24,ok,,0.625,0.506265664160401,0.5857142857142857,0.4761904761904762
prototype_head,mae_embeddings,prototype_mahalanobis_support_anova,77,18,24,ok,,0.625,0.569377990430622,0.7000000000000001,0.7857142857142857
prototype_head,mae_embeddings,prototype_mahalanobis_support_anova,78,18,24,ok,,0.4583333333333333,0.435328517371861,0.521969696969697,0.6640211640211641
prototype_head,mae_embeddings,prototype_mahalanobis_support_anova,79,18,24,ok,,0.5833333333333334,0.5079365079365079,0.625,0.7619047619047619
prototype_head,mae_embeddings,prototype_mahalanobis_support_anova,80,18,24,ok,,0.6666666666666666,0.5898635477582846,0.6749999999999999,0.8095238095238096
prototype_head,mae_embeddings,prototype_mahalanobis_support_anova,81,18,24,ok,,0.5416666666666666,0.4810916179337232,0.5507575757575758,0.7248677248677248
prototype_head,mae_embeddings,prototype_mahalanobis_support_anova,82,18,24,ok,,0.6666666666666666,0.5898635477582846,0.6749999999999999,0.8095238095238096
prototype_head,mae_embeddings,prototype_mahalanobis_support_anova,83,18,24,ok,,0.5416666666666666,0.48899208806329547,0.6636363636363636,0.7380952380952381
prototype_head,mae_embeddings,prototype_mahalanobis_support_anova,84,18,24,ok,,0.6666666666666666,0.6,0.7037037037037037,0.8095238095238096
prototype_head,mae_embeddings,prototype_mahalanobis_support_anova,85,18,24,ok,,0.5416666666666666,0.4561403508771929,0.5666666666666668,0.42857142857142855
prototype_head,mae_embeddings,prototype_mahalanobis_support_anova,86,18,24,ok,,0.7083333333333334,0.6213450292397661,0.6809523809523809,0.8333333333333334
prototype_head,mae_embeddings,prototype_mahalanobis_support_anova,87,18,24,ok,,0.625,0.4904761904761905,0.5584415584415584,0.4761904761904762
prototype_head,mae_embeddings,prototype_mahalanobis_support_anova,88,18,24,ok,,0.5,0.4524189261031366,0.5499999999999999,0.7010582010582009
prototype_head,mae_embeddings,prototype_mahalanobis_support_anova,89,18,24,ok,,0.5416666666666666,0.4561403508771929,0.5666666666666668,0.42857142857142855
prototype_head,mae_embeddings,prototype_mahalanobis_support_anova,90,18,24,ok,,0.6666666666666666,0.545609548167093,0.6296296296296297,0.48677248677248675
prototype_head,mae_embeddings,prototype_mahalanobis_support_anova,91,18,24,ok,,0.75,0.5357142857142857,0.5499999999999999,0.5476190476190476
prototype_head,mae_embeddings,prototype_mahalanobis_support_anova,92,18,24,ok,,0.5833333333333334,0.5409982174688057,0.6444444444444445,0.7486772486772487
prototype_head,mae_embeddings,prototype_mahalanobis_support_anova,93,18,24,ok,,0.7916666666666666,0.6894409937888198,0.7222222222222223,0.8809523809523809
prototype_head,mae_embeddings,prototype_mahalanobis_support_anova,94,18,24,ok,,0.5416666666666666,0.46444840562487616,0.6057692307692307,0.7380952380952381
prototype_head,mae_embeddings,prototype_mahalanobis_support_anova,95,18,24,ok,,0.5416666666666666,0.47368421052631576,0.6,0.42857142857142855
prototype_head,mae_embeddings,prototype_mahalanobis_support_anova,96,18,24,ok,,0.7083333333333334,0.5207017543859649,0.5393939393939394,0.5105820105820106
prototype_head,mae_embeddings,prototype_mahalanobis_support_anova,97,18,24,ok,,0.6666666666666666,0.5833333333333334,0.6536796536796537,0.8095238095238096
prototype_head,mae_embeddings,prototype_mahalanobis_support_anova,98,18,24,ok,,0.3333333333333333,0.35981230098877165,0.6862745098039215,0.5529100529100529
prototype_head,mae_embeddings,prototype_mahalanobis_support_anova,99,18,24,ok,,0.75,0.5657894736842105,0.6,0.5476190476190476
prototype_head,mae_embeddings,prototype_mahalanobis_support_anova,100,18,24,ok,,0.6666666666666666,0.5454545454545454,0.625,0.5
direct_binned,bins1024_auc,svm_C1p0,1,18,24,ok,,0.6666666666666666,0.59,0.6536796536796537,0.7698412698412698
direct_binned,bins1024_auc,logreg_C0p1,1,18,24,ok,,0.6666666666666666,0.5919701213818861,0.6138888888888889,0.7830687830687831
direct_binned,bins1024_auc,xgboost_depth2,1,18,24,ok,,0.5416666666666666,0.49883597883597885,0.587121212121212,0.6851851851851851
direct_binned,bins1024_auc,svm_C1p0,2,18,24,ok,,0.7083333333333334,0.6296296296296297,0.7083333333333334,0.8333333333333334
direct_binned,bins1024_auc,logreg_C0p1,2,18,24,ok,,0.6666666666666666,0.5833333333333334,0.6536796536796537,0.8095238095238096
direct_binned,bins1024_auc,xgboost_depth2,2,18,24,ok,,0.625,0.562962962962963,0.6666666666666666,0.7724867724867724
direct_binned,bins1024_auc,svm_C1p0,3,18,24,ok,,0.75,0.6524039567517829,0.6851851851851851,0.8439153439153438
direct_binned,bins1024_auc,logreg_C0p1,3,18,24,ok,,0.6666666666666666,0.5079365079365079,0.5833333333333334,0.5
direct_binned,bins1024_auc,xgboost_depth2,3,18,24,ok,,0.375,0.2818181818181818,0.32051282051282054,0.29365079365079366
direct_binned,bins1024_auc,svm_C1p0,4,18,24,ok,,0.4583333333333333,0.4181818181818182,0.5416666666666666,0.3412698412698412
direct_binned,bins1024_auc,logreg_C0p1,4,18,24,ok,,0.5416666666666666,0.4274322169059011,0.48333333333333334,0.4021164021164021
direct_binned,bins1024_auc,xgboost_depth2,4,18,24,ok,,0.5833333333333334,0.5166666666666667,0.5678210678210679,0.7486772486772487
direct_binned,bins1024_auc,svm_C1p0,5,18,24,ok,,0.5416666666666666,0.4628851540616246,0.5888888888888889,0.7380952380952381
direct_binned,bins1024_auc,logreg_C0p1,5,18,24,ok,,0.5,0.4227272727272728,0.6011396011396012,0.7142857142857143
direct_binned,bins1024_auc,xgboost_depth2,5,18,24,ok,,0.5833333333333334,0.5166666666666667,0.5678210678210679,0.7486772486772487
direct_binned,bins1024_auc,svm_C1p0,6,18,24,ok,,0.6666666666666666,0.5942028985507246,0.6309523809523809,0.8095238095238096
direct_binned,bins1024_auc,logreg_C0p1,6,18,24,ok,,0.6666666666666666,0.5838383838383838,0.6307692307692307,0.8095238095238096
direct_binned,bins1024_auc,xgboost_depth2,6,18,24,ok,,0.5833333333333334,0.5079365079365079,0.625,0.7619047619047619
direct_binned,bins1024_auc,svm_C1p0,7,18,24,ok,,0.5416666666666666,0.5131556896262778,0.6944444444444443,0.7248677248677248
direct_binned,bins1024_auc,logreg_C0p1,7,18,24,ok,,0.5416666666666666,0.48945596314017364,0.6333333333333334,0.7248677248677248
direct_binned,bins1024_auc,xgboost_depth2,7,18,24,ok,,0.5833333333333334,0.5351158645276292,0.6583333333333333,0.7354497354497355
direct_binned,bins1024_auc,svm_C1p0,8,18,24,ok,,0.7083333333333334,0.5476735316552249,0.5962962962962962,0.5238095238095238
direct_binned,bins1024_auc,logreg_C0p1,8,18,24,ok,,0.7083333333333334,0.5318840579710145,0.5690235690235691,0.5238095238095238
direct_binned,bins1024_auc,xgboost_depth2,8,18,24,ok,,0.7083333333333334,0.5318840579710145,0.5690235690235691,0.5238095238095238
direct_binned,bins1024_auc,svm_C1p0,9,18,24,ok,,0.625,0.5495126705653021,0.6477272727272728,0.7857142857142857
direct_binned,bins1024_auc,logreg_C0p1,9,18,24,ok,,0.625,0.5495126705653021,0.6477272727272728,0.7857142857142857
direct_binned,bins1024_auc,xgboost_depth2,9,18,24,ok,,0.5,0.45925925925925926,0.5185185185185185,0.6878306878306878
direct_binned,bins1024_auc,svm_C1p0,10,18,24,ok,,0.6666666666666666,0.5919701213818861,0.6138888888888889,0.7830687830687831
direct_binned,bins1024_auc,logreg_C0p1,10,18,24,ok,,0.625,0.5573959052219922,0.5740740740740741,0.7592592592592592
direct_binned,bins1024_auc,xgboost_depth2,10,18,24,ok,,0.4583333333333333,0.3633156966490299,0.4461538461538462,0.3148148148148148
direct_binned,bins1024_auc,svm_C1p0,11,18,24,ok,,0.7083333333333334,0.5476735316552249,0.5962962962962962,0.5238095238095238
direct_binned,bins1024_auc,logreg_C0p1,11,18,24,ok,,0.6666666666666666,0.5121212121212121,0.5643939393939394,0.5
direct_binned,bins1024_auc,xgboost_depth2,11,18,24,ok,,0.6666666666666666,0.5925925925925926,0.6712962962962963,0.7962962962962963
direct_binned,bins1024_auc,svm_C1p0,12,18,24,ok,,0.6666666666666666,0.6,0.7037037037037037,0.8095238095238096
direct_binned,bins1024_auc,logreg_C0p1,12,18,24,ok,,0.6666666666666666,0.6,0.7037037037037037,0.8095238095238096
direct_binned,bins1024_auc,xgboost_depth2,12,18,24,ok,,0.5833333333333334,0.5245436824384192,0.6666666666666666,0.7619047619047619
direct_binned,bins1024_auc,svm_C1p0,13,18,24,ok,,0.5416666666666666,0.39061421670117324,0.42857142857142855,0.41534391534391535
direct_binned,bins1024_auc,logreg_C0p1,13,18,24,ok,,0.5416666666666666,0.483346046275108,0.5238095238095238,0.7248677248677248
direct_binned,bins1024_auc,xgboost_depth2,13,18,24,ok,,0.4583333333333333,0.3625730994152046,0.4611111111111111,0.3544973544973545
direct_binned,bins1024_auc,svm_C1p0,14,18,24,ok,,0.6666666666666666,0.48484848484848486,0.5224358974358975,0.5
direct_binned,bins1024_auc,logreg_C0p1,14,18,24,ok,,0.625,0.4632034632034632,0.5164835164835164,0.4761904761904762
direct_binned,bins1024_auc,xgboost_depth2,14,18,24,ok,,0.75,0.5357142857142857,0.5499999999999999,0.5476190476190476
direct_binned,bins1024_auc,svm_C1p0,15,18,24,ok,,0.625,0.5547758284600389,0.6416666666666667,0.7724867724867724
direct_binned,bins1024_auc,logreg_C0p1,15,18,24,ok,,0.625,0.5495126705653021,0.6477272727272728,0.7857142857142857
direct_binned,bins1024_auc,xgboost_depth2,15,18,24,ok,,0.5416666666666666,0.47002801120448173,0.6203703703703703,0.7380952380952381
direct_binned,bins1024_auc,svm_C1p0,16,18,24,ok,,0.7083333333333334,0.6183640920483026,0.6555555555555556,0.8201058201058201
direct_binned,bins1024_auc,logreg_C0p1,16,18,24,ok,,0.75,0.6535353535353535,0.6727272727272727,0.8571428571428571
direct_binned,bins1024_auc,xgboost_depth2,16,18,24,ok,,0.5416666666666666,0.42063492063492064,0.5,0.41534391534391535
direct_binned,bins1024_auc,svm_C1p0,17,18,24,ok,,0.5833333333333334,0.5166666666666667,0.5678210678210679,0.7486772486772487
direct_binned,bins1024_auc,logreg_C0p1,17,18,24,ok,,0.4583333333333333,0.4222222222222222,0.42784992784992787,0.6507936507936507
direct_binned,bins1024_auc,xgboost_depth2,17,18,24,ok,,0.5833333333333334,0.5249766573295985,0.5388888888888889,0.7222222222222222
direct_binned,bins1024_auc,svm_C1p0,18,18,24,ok,,0.6666666666666666,0.5862573099415204,0.6476190476190476,0.7962962962962963
direct_binned,bins1024_auc,logreg_C0p1,18,18,24,ok,,0.6666666666666666,0.5833333333333334,0.6536796536796537,0.8095238095238096
direct_binned,bins1024_auc,xgboost_depth2,18,18,24,ok,,0.5,0.4444444444444445,0.5294612794612795,0.7010582010582009
direct_binned,bins1024_auc,svm_C1p0,19,18,24,ok,,0.6666666666666666,0.6026143790849673,0.7037037037037037,0.7962962962962963
direct_binned,bins1024_auc,logreg_C0p1,19,18,24,ok,,0.6666666666666666,0.6,0.7037037037037037,0.8095238095238096
direct_binned,bins1024_auc,xgboost_depth2,19,18,24,ok,,0.5833333333333334,0.4781144781144781,0.5462962962962963,0.43915343915343913
direct_binned,bins1024_auc,svm_C1p0,20,18,24,ok,,0.4583333333333333,0.42894491129785245,0.4775132275132275,0.6507936507936507
direct_binned,bins1024_auc,logreg_C0p1,20,18,24,ok,,0.5,0.4524189261031366,0.5499999999999999,0.7010582010582009
direct_binned,bins1024_auc,xgboost_depth2,20,18,24,ok,,0.5416666666666666,0.49798711755233493,0.5496031746031745,0.6984126984126985
direct_binned,bins1024_auc,svm_C1p0,21,18,24,ok,,0.6666666666666666,0.5841269841269842,0.6313131313131314,0.7962962962962963
direct_binned,bins1024_auc,logreg_C0p1,21,18,24,ok,,0.5416666666666666,0.46184995737425405,0.5952380952380952,0.7380952380952381
direct_binned,bins1024_auc,xgboost_depth2,21,18,24,ok,,0.4583333333333333,0.3391053391053391,0.36996336996337,0.3544973544973545
direct_binned,bins1024_auc,svm_C1p0,22,18,24,ok,,0.625,0.5587719298245614,0.6166666666666667,0.7857142857142857
direct_binned,bins1024_auc,logreg_C0p1,22,18,24,ok,,0.5,0.4185714285714286,0.576388888888889,0.7142857142857143
direct_binned,bins1024_auc,xgboost_depth2,22,18,24,ok,,0.4166666666666667,0.34299516908212563,0.5608465608465608,0.6534391534391534
direct_binned,bins1024_auc,svm_C1p0,23,18,24,ok,,0.375,0.3538461538461539,0.4385521885521886,0.5634920634920635
direct_binned,bins1024_auc,logreg_C0p1,23,18,24,ok,,0.5416666666666666,0.499906629318394,0.5667989417989417,0.7116402116402116
direct_binned,bins1024_auc,xgboost_depth2,23,18,24,ok,,0.375,0.2967032967032967,0.3666666666666667,0.25396825396825395
direct_binned,bins1024_auc,svm_C1p0,24,18,24,ok,,0.7083333333333334,0.5652173913043478,0.6296296296296297,0.5238095238095238
direct_binned,bins1024_auc,logreg_C0p1,24,18,24,ok,,0.8333333333333334,0.7269005847953216,0.7166666666666667,0.9047619047619048
direct_binned,bins1024_auc,xgboost_depth2,24,18,24,ok,,0.4583333333333333,0.3925925925925926,0.48148148148148145,0.3544973544973545
direct_binned,bins1024_auc,svm_C1p0,25,18,24,ok,,0.5833333333333334,0.4625199362041467,0.5166666666666667,0.43915343915343913
direct_binned,bins1024_auc,logreg_C0p1,25,18,24,ok,,0.6666666666666666,0.5898989898989899,0.6007575757575757,0.7962962962962963
direct_binned,bins1024_auc,xgboost_depth2,25,18,24,ok,,0.5833333333333334,0.5158730158730158,0.5555555555555555,0.7486772486772487
direct_binned,bins1024_auc,svm_C1p0,26,18,24,ok,,0.625,0.4904761904761905,0.5584415584415584,0.4761904761904762
direct_binned,bins1024_auc,logreg_C0p1,26,18,24,ok,,0.5416666666666666,0.40122044241037375,0.480952380952381,0.42857142857142855
direct_binned,bins1024_auc,xgboost_depth2,26,18,24,ok,,0.5416666666666666,0.41952707856598015,0.45555555555555555,0.4021164021164021
direct_binned,bins1024_auc,svm_C1p0,27,18,24,ok,,0.7083333333333334,0.5207017543859649,0.5393939393939394,0.5105820105820106
direct_binned,bins1024_auc,logreg_C0p1,27,18,24,ok,,0.625,0.45686680469289165,0.48148148148148145,0.46296296296296297
direct_binned,bins1024_auc,xgboost_depth2,27,18,24,ok,,0.5,0.3757575757575758,0.42735042735042733,0.39153439153439146
direct_binned,bins1024_auc,svm_C1p0,28,18,24,ok,,0.75,0.6589635854341737,0.6888888888888888,0.8439153439153438
direct_binned,bins1024_auc,logreg_C0p1,28,18,24,ok,,0.7083333333333334,0.6174603174603175,0.6616161616161617,0.8333333333333334
direct_binned,bins1024_auc,xgboost_depth2,28,18,24,ok,,0.5416666666666666,0.48433048433048437,0.5972222222222222,0.671957671957672
direct_binned,bins1024_auc,svm_C1p0,29,18,24,ok,,0.7083333333333334,0.5046113306982872,0.527065527065527,0.5238095238095238
direct_binned,bins1024_auc,logreg_C0p1,29,18,24,ok,,0.6666666666666666,0.48484848484848486,0.5224358974358975,0.5
direct_binned,bins1024_auc,xgboost_depth2,29,18,24,ok,,0.5416666666666666,0.37112010796221323,0.4431372549019608,0.42857142857142855
direct_binned,bins1024_auc,svm_C1p0,30,18,24,ok,,0.5833333333333334,0.5037851037851038,0.5277777777777778,0.6957671957671957
direct_binned,bins1024_auc,logreg_C0p1,30,18,24,ok,,0.5,0.457070707070707,0.4781746031746031,0.6746031746031745
direct_binned,bins1024_auc,xgboost_depth2,30,18,24,ok,,0.3333333333333333,0.2826086956521739,0.3386243386243386,0.24338624338624337
direct_binned,bins1024_auc,svm_C1p0,31,18,24,ok,,0.6666666666666666,0.5454545454545454,0.625,0.5
direct_binned,bins1024_auc,logreg_C0p1,31,18,24,ok,,0.625,0.5578947368421052,0.6703703703703704,0.7857142857142857
direct_binned,bins1024_auc,xgboost_depth2,31,18,24,ok,,0.5416666666666666,0.4984848484848485,0.5727513227513228,0.6984126984126985
direct_binned,bins1024_auc,svm_C1p0,32,18,24,ok,,0.5833333333333334,0.5,0.6111111111111112,0.4523809523809524
direct_binned,bins1024_auc,logreg_C0p1,32,18,24,ok,,0.625,0.506265664160401,0.5857142857142857,0.4761904761904762
direct_binned,bins1024_auc,xgboost_depth2,32,18,24,ok,,0.5833333333333334,0.4484848484848485,0.49242424242424243,0.43915343915343913
direct_binned,bins1024_auc,svm_C1p0,33,18,24,ok,,0.7083333333333334,0.5476735316552249,0.5962962962962962,0.5238095238095238
direct_binned,bins1024_auc,logreg_C0p1,33,18,24,ok,,0.6666666666666666,0.4978354978354978,0.5416666666666666,0.5
direct_binned,bins1024_auc,xgboost_depth2,33,18,24,ok,,0.5,0.41798941798941797,0.4973544973544974,0.3783068783068783
direct_binned,bins1024_auc,svm_C1p0,34,18,24,ok,,0.625,0.5474192728197305,0.6142857142857143,0.7857142857142857
direct_binned,bins1024_auc,logreg_C0p1,34,18,24,ok,,0.5416666666666666,0.4130781499202552,0.49743589743589745,0.42857142857142855
direct_binned,bins1024_auc,xgboost_depth2,34,18,24,ok,,0.5833333333333334,0.45714285714285713,0.5281385281385281,0.43915343915343913
direct_binned,bins1024_auc,svm_C1p0,35,18,24,ok,,0.5833333333333334,0.4275362318840579,0.4920634920634921,0.4523809523809524
direct_binned,bins1024_auc,logreg_C0p1,35,18,24,ok,,0.5416666666666666,0.39035087719298245,0.4666666666666666,0.42857142857142855
direct_binned,bins1024_auc,xgboost_depth2,35,18,24,ok,,0.6666666666666666,0.4978354978354978,0.5416666666666666,0.5
direct_binned,bins1024_auc,svm_C1p0,36,18,24,ok,,0.5833333333333334,0.48245614035087714,0.5777777777777778,0.4523809523809524
direct_binned,bins1024_auc,logreg_C0p1,36,18,24,ok,,0.5,0.42105263157894735,0.5333333333333333,0.39153439153439146
direct_binned,bins1024_auc,xgboost_depth2,36,18,24,ok,,0.5833333333333334,0.47117794486215536,0.5523809523809523,0.43915343915343913
direct_binned,bins1024_auc,svm_C1p0,37,18,24,ok,,0.75,0.6589635854341737,0.6888888888888888,0.8439153439153438
direct_binned,bins1024_auc,logreg_C0p1,37,18,24,ok,,0.6666666666666666,0.5898635477582846,0.6749999999999999,0.8095238095238096
direct_binned,bins1024_auc,xgboost_depth2,37,18,24,ok,,0.5416666666666666,0.5072463768115942,0.5925925925925926,0.6984126984126985
direct_binned,bins1024_auc,svm_C1p0,38,18,24,ok,,0.5416666666666666,0.39061421670117324,0.42857142857142855,0.41534391534391535
direct_binned,bins1024_auc,logreg_C0p1,38,18,24,ok,,0.4166666666666667,0.3115942028985507,0.3367003367003367,0.30423280423280424
direct_binned,bins1024_auc,xgboost_depth2,38,18,24,ok,,0.5833333333333334,0.44005847953216376,0.4666666666666666,0.4259259259259259
direct_binned,bins1024_auc,svm_C1p0,39,18,24,ok,,0.4166666666666667,0.38888888888888884,0.45622895622895626,0.6402116402116401
direct_binned,bins1024_auc,logreg_C0p1,39,18,24,ok,,0.3333333333333333,0.32979082321187586,0.3992063492063492,0.5661375661375662
direct_binned,bins1024_auc,xgboost_depth2,39,18,24,ok,,0.3333333333333333,0.34001670843776105,0.43675213675213675,0.5661375661375662
direct_binned,bins1024_auc,svm_C1p0,40,18,24,ok,,0.7083333333333334,0.6296296296296297,0.7083333333333334,0.8333333333333334
direct_binned,bins1024_auc,logreg_C0p1,40,18,24,ok,,0.6666666666666666,0.6,0.7037037037037037,0.8095238095238096
direct_binned,bins1024_auc,xgboost_depth2,40,18,24,ok,,0.4166666666666667,0.4000000000000001,0.5555555555555555,0.31746031746031744
direct_binned,bins1024_auc,svm_C1p0,41,18,24,ok,,0.625,0.505,0.5757575757575758,0.44973544973544977
direct_binned,bins1024_auc,logreg_C0p1,41,18,24,ok,,0.5833333333333334,0.4625199362041467,0.5166666666666667,0.43915343915343913
direct_binned,bins1024_auc,xgboost_depth2,41,18,24,ok,,0.6666666666666666,0.5359477124183006,0.6,0.48677248677248675
direct_binned,bins1024_auc,svm_C1p0,42,18,24,ok,,0.7083333333333334,0.6296296296296297,0.7083333333333334,0.8333333333333334
direct_binned,bins1024_auc,logreg_C0p1,42,18,24,ok,,0.625,0.5686392914653785,0.6342592592592592,0.7592592592592592
direct_binned,bins1024_auc,xgboost_depth2,42,18,24,ok,,0.3333333333333333,0.3338907469342252,0.5092592592592592,0.5396825396825397
direct_binned,bins1024_auc,svm_C1p0,43,18,24,ok,,0.625,0.543403964456596,0.6196581196581197,0.7857142857142857
direct_binned,bins1024_auc,logreg_C0p1,43,18,24,ok,,0.5833333333333334,0.5042087542087542,0.6117216117216117,0.7619047619047619
direct_binned,bins1024_auc,xgboost_depth2,43,18,24,ok,,0.5833333333333334,0.5079365079365079,0.625,0.7619047619047619
direct_binned,bins1024_auc,svm_C1p0,44,18,24,ok,,0.6666666666666666,0.4978354978354978,0.5416666666666666,0.5
direct_binned,bins1024_auc,logreg_C0p1,44,18,24,ok,,0.5,0.38730158730158726,0.4444444444444444,0.39153439153439146
direct_binned,bins1024_auc,xgboost_depth2,44,18,24,ok,,0.5,0.38730158730158726,0.4444444444444444,0.39153439153439146
direct_binned,bins1024_auc,svm_C1p0,45,18,24,ok,,0.5833333333333334,0.4666666666666666,0.5505050505050505,0.4523809523809524
direct_binned,bins1024_auc,logreg_C0p1,45,18,24,ok,,0.5833333333333334,0.4666666666666666,0.5505050505050505,0.4523809523809524
direct_binned,bins1024_auc,xgboost_depth2,45,18,24,ok,,0.4583333333333333,0.3725981620718463,0.4238095238095238,0.3544973544973545
direct_binned,bins1024_auc,svm_C1p0,46,18,24,ok,,0.6666666666666666,0.5898635477582846,0.6749999999999999,0.8095238095238096
direct_binned,bins1024_auc,logreg_C0p1,46,18,24,ok,,0.625,0.5495126705653021,0.6477272727272728,0.7857142857142857
direct_binned,bins1024_auc,xgboost_depth2,46,18,24,ok,,0.6666666666666666,0.5898635477582846,0.6749999999999999,0.8095238095238096
direct_binned,bins1024_auc,svm_C1p0,47,18,24,ok,,0.625,0.5444862155388471,0.6309523809523809,0.7857142857142857
direct_binned,bins1024_auc,logreg_C0p1,47,18,24,ok,,0.625,0.543403964456596,0.6196581196581197,0.7857142857142857
direct_binned,bins1024_auc,xgboost_depth2,47,18,24,ok,,0.4583333333333333,0.3892914653784219,0.5654761904761905,0.6772486772486772
direct_binned,bins1024_auc,svm_C1p0,48,18,24,ok,,0.7916666666666666,0.5675287356321839,0.6,0.544973544973545
direct_binned,bins1024_auc,logreg_C0p1,48,18,24,ok,,0.6666666666666666,0.4978354978354978,0.5416666666666666,0.5
direct_binned,bins1024_auc,xgboost_depth2,48,18,24,ok,,0.75,0.5657894736842105,0.6,0.5476190476190476
direct_binned,bins1024_auc,svm_C1p0,49,18,24,ok,,0.6666666666666666,0.5910081204198852,0.6666666666666666,0.7830687830687831
direct_binned,bins1024_auc,logreg_C0p1,49,18,24,ok,,0.6666666666666666,0.5898635477582846,0.6749999999999999,0.8095238095238096
direct_binned,bins1024_auc,xgboost_depth2,49,18,24,ok,,0.5833333333333334,0.5323409533935849,0.662962962962963,0.7486772486772487
direct_binned,bins1024_auc,svm_C1p0,50,18,24,ok,,0.5833333333333334,0.5161793372319688,0.6174242424242424,0.7486772486772487
direct_binned,bins1024_auc,logreg_C0p1,50,18,24,ok,,0.625,0.5474192728197305,0.6142857142857143,0.7857142857142857
direct_binned,bins1024_auc,xgboost_depth2,50,18,24,ok,,0.5833333333333334,0.5238095238095238,0.5866402116402116,0.7354497354497355
direct_binned,bins1024_auc,svm_C1p0,51,18,24,ok,,0.4166666666666667,0.34561403508771926,0.39999999999999997,0.3306878306878307
direct_binned,bins1024_auc,logreg_C0p1,51,18,24,ok,,0.5416666666666666,0.44035087719298244,0.5393939393939394,0.42857142857142855
direct_binned,bins1024_auc,xgboost_depth2,51,18,24,ok,,0.7083333333333334,0.5362962962962963,0.5690235690235691,0.5105820105820106
direct_binned,bins1024_auc,svm_C1p0,52,18,24,ok,,0.75,0.6614718614718615,0.6666666666666666,0.8571428571428571
direct_binned,bins1024_auc,logreg_C0p1,52,18,24,ok,,0.5833333333333334,0.5148148148148147,0.6430976430976432,0.7619047619047619
direct_binned,bins1024_auc,xgboost_depth2,52,18,24,ok,,0.5416666666666666,0.487719298245614,0.5703703703703704,0.7248677248677248
direct_binned,bins1024_auc,svm_C1p0,53,18,24,ok,,0.6666666666666666,0.545609548167093,0.6296296296296297,0.48677248677248675
direct_binned,bins1024_auc,logreg_C0p1,53,18,24,ok,,0.75,0.6590909090909091,0.7142857142857143,0.8571428571428571
direct_binned,bins1024_auc,xgboost_depth2,53,18,24,ok,,0.6666666666666666,0.5833333333333334,0.6536796536796537,0.8095238095238096
direct_binned,bins1024_auc,svm_C1p0,54,18,24,ok,,0.625,0.5495126705653021,0.6477272727272728,0.7857142857142857
direct_binned,bins1024_auc,logreg_C0p1,54,18,24,ok,,0.5833333333333334,0.5079365079365079,0.625,0.7619047619047619
direct_binned,bins1024_auc,xgboost_depth2,54,18,24,ok,,0.5,0.45390436876504986,0.6303030303030303,0.7010582010582009
direct_binned,bins1024_auc,svm_C1p0,55,18,24,ok,,0.6666666666666666,0.5994227994227994,0.5972222222222222,0.7962962962962963
direct_binned,bins1024_auc,logreg_C0p1,55,18,24,ok,,0.7083333333333334,0.6236969234680905,0.6296296296296297,0.8201058201058201
direct_binned,bins1024_auc,xgboost_depth2,55,18,24,ok,,0.625,0.5545112781954887,0.6,0.7724867724867724
direct_binned,bins1024_auc,svm_C1p0,56,18,24,ok,,0.5833333333333334,0.5079365079365079,0.625,0.7619047619047619
direct_binned,bins1024_auc,logreg_C0p1,56,18,24,ok,,0.625,0.5495126705653021,0.6477272727272728,0.7857142857142857
direct_binned,bins1024_auc,xgboost_depth2,56,18,24,ok,,0.4583333333333333,0.3736842105263158,0.4787878787878788,0.3544973544973545
direct_binned,bins1024_auc,svm_C1p0,57,18,24,ok,,0.5833333333333334,0.4523809523809524,0.5277777777777778,0.4523809523809524
direct_binned,bins1024_auc,logreg_C0p1,57,18,24,ok,,0.5833333333333334,0.4523809523809524,0.5277777777777778,0.4523809523809524
direct_binned,bins1024_auc,xgboost_depth2,57,18,24,ok,,0.5,0.41798941798941797,0.4973544973544974,0.3783068783068783
direct_binned,bins1024_auc,svm_C1p0,58,18,24,ok,,0.7916666666666666,0.5666666666666668,0.5757575757575758,0.5714285714285715
direct_binned,bins1024_auc,logreg_C0p1,58,18,24,ok,,0.6666666666666666,0.5121212121212121,0.5643939393939394,0.5
direct_binned,bins1024_auc,xgboost_depth2,58,18,24,ok,,0.6666666666666666,0.5121212121212121,0.5643939393939394,0.5
direct_binned,bins1024_auc,svm_C1p0,59,18,24,ok,,0.625,0.4513457556935818,0.5,0.4761904761904762
direct_binned,bins1024_auc,logreg_C0p1,59,18,24,ok,,0.4166666666666667,0.31407407407407406,0.22916666666666666,0.6666666666666666
direct_binned,bins1024_auc,xgboost_depth2,59,18,24,ok,,0.5,0.3611111111111111,0.45,0.4047619047619047
direct_binned,bins1024_auc,svm_C1p0,60,18,24,ok,,0.5416666666666666,0.48148148148148145,0.6127946127946128,0.7248677248677248
direct_binned,bins1024_auc,logreg_C0p1,60,18,24,ok,,0.625,0.5495126705653021,0.6477272727272728,0.7857142857142857
direct_binned,bins1024_auc,xgboost_depth2,60,18,24,ok,,0.6666666666666666,0.5917508417508417,0.6355820105820106,0.7962962962962963
direct_binned,bins1024_auc,svm_C1p0,61,18,24,ok,,0.5416666666666666,0.4628851540616246,0.5888888888888889,0.7380952380952381
direct_binned,bins1024_auc,logreg_C0p1,61,18,24,ok,,0.5,0.41827697262479874,0.5892857142857143,0.7142857142857143
direct_binned,bins1024_auc,xgboost_depth2,61,18,24,ok,,0.5416666666666666,0.48945596314017364,0.6333333333333334,0.7248677248677248
direct_binned,bins1024_auc,svm_C1p0,62,18,24,ok,,0.75,0.5357142857142857,0.5499999999999999,0.5476190476190476
direct_binned,bins1024_auc,logreg_C0p1,62,18,24,ok,,0.625,0.5495126705653021,0.6477272727272728,0.7857142857142857
direct_binned,bins1024_auc,xgboost_depth2,62,18,24,ok,,0.5416666666666666,0.48635477582846004,0.5527777777777777,0.7116402116402116
direct_binned,bins1024_auc,svm_C1p0,63,18,24,ok,,0.7083333333333334,0.5175983436853002,0.5462962962962963,0.5238095238095238
direct_binned,bins1024_auc,logreg_C0p1,63,18,24,ok,,0.5833333333333334,0.4523809523809524,0.5277777777777778,0.4523809523809524
direct_binned,bins1024_auc,xgboost_depth2,63,18,24,ok,,0.625,0.4904761904761905,0.5584415584415584,0.4761904761904762
direct_binned,bins1024_auc,svm_C1p0,64,18,24,ok,,0.5,0.3611111111111111,0.45,0.4047619047619047
direct_binned,bins1024_auc,logreg_C0p1,64,18,24,ok,,0.5833333333333334,0.43939393939393945,0.5085470085470085,0.4523809523809524
direct_binned,bins1024_auc,xgboost_depth2,64,18,24,ok,,0.7083333333333334,0.5476735316552249,0.5962962962962962,0.5238095238095238
direct_binned,bins1024_auc,svm_C1p0,65,18,24,ok,,0.4583333333333333,0.32748538011695905,0.37777777777777777,0.3677248677248677
direct_binned,bins1024_auc,logreg_C0p1,65,18,24,ok,,0.375,0.325410972469796,0.33226495726495725,0.6164021164021164
direct_binned,bins1024_auc,xgboost_depth2,65,18,24,ok,,0.375,0.34736842105263155,0.3703703703703704,0.6031746031746031
direct_binned,bins1024_auc,svm_C1p0,66,18,24,ok,,0.5833333333333334,0.5148148148148147,0.6430976430976432,0.7619047619047619
direct_binned,bins1024_auc,logreg_C0p1,66,18,24,ok,,0.5833333333333334,0.5148148148148147,0.6430976430976432,0.7619047619047619
direct_binned,bins1024_auc,xgboost_depth2,66,18,24,ok,,0.4166666666666667,0.34385964912280703,0.4222222222222222,0.31746031746031744
direct_binned,bins1024_auc,svm_C1p0,67,18,24,ok,,0.625,0.569377990430622,0.7000000000000001,0.7857142857142857
direct_binned,bins1024_auc,logreg_C0p1,67,18,24,ok,,0.625,0.569377990430622,0.7000000000000001,0.7857142857142857
direct_binned,bins1024_auc,xgboost_depth2,67,18,24,ok,,0.5833333333333334,0.5323409533935849,0.662962962962963,0.7486772486772487
direct_binned,bins1024_auc,svm_C1p0,68,18,24,ok,,0.5833333333333334,0.4523809523809524,0.5277777777777778,0.4523809523809524
direct_binned,bins1024_auc,logreg_C0p1,68,18,24,ok,,0.5,0.38383838383838387,0.4807692307692308,0.4047619047619047
direct_binned,bins1024_auc,xgboost_depth2,68,18,24,ok,,0.625,0.4878431372549019,0.5340909090909091,0.44973544973544977
direct_binned,bins1024_auc,svm_C1p0,69,18,24,ok,,0.7083333333333334,0.6302238066943949,0.7083333333333334,0.8201058201058201
direct_binned,bins1024_auc,logreg_C0p1,69,18,24,ok,,0.625,0.5444862155388471,0.6309523809523809,0.7857142857142857
direct_binned,bins1024_auc,xgboost_depth2,69,18,24,ok,,0.5,0.46021619705830236,0.5592592592592592,0.6878306878306878
direct_binned,bins1024_auc,svm_C1p0,70,18,24,ok,,0.5,0.45925925925925926,0.5185185185185185,0.6878306878306878
direct_binned,bins1024_auc,logreg_C0p1,70,18,24,ok,,0.5416666666666666,0.4776524644945697,0.5365079365079365,0.7248677248677248
direct_binned,bins1024_auc,xgboost_depth2,70,18,24,ok,,0.5416666666666666,0.48148148148148145,0.6127946127946128,0.7248677248677248
direct_binned,bins1024_auc,svm_C1p0,71,18,24,ok,,0.625,0.4632034632034632,0.5164835164835164,0.4761904761904762
direct_binned,bins1024_auc,logreg_C0p1,71,18,24,ok,,0.5416666666666666,0.4260651629072682,0.5166666666666667,0.42857142857142855
direct_binned,bins1024_auc,xgboost_depth2,71,18,24,ok,,0.5833333333333334,0.4625199362041467,0.5166666666666667,0.43915343915343913
direct_binned,bins1024_auc,svm_C1p0,72,18,24,ok,,0.5833333333333334,0.5079365079365079,0.625,0.7619047619047619
direct_binned,bins1024_auc,logreg_C0p1,72,18,24,ok,,0.625,0.5444862155388471,0.6309523809523809,0.7857142857142857
direct_binned,bins1024_auc,xgboost_depth2,72,18,24,ok,,0.5,0.4227272727272728,0.6011396011396012,0.7142857142857143
direct_binned,bins1024_auc,svm_C1p0,73,18,24,ok,,0.7083333333333334,0.6302238066943949,0.7083333333333334,0.8201058201058201
direct_binned,bins1024_auc,logreg_C0p1,73,18,24,ok,,0.7083333333333334,0.6213450292397661,0.6809523809523809,0.8333333333333334
direct_binned,bins1024_auc,xgboost_depth2,73,18,24,ok,,0.6666666666666666,0.5925925925925926,0.6712962962962963,0.7962962962962963
direct_binned,bins1024_auc,svm_C1p0,74,18,24,ok,,0.7916666666666666,0.6,0.6363636363636364,0.5714285714285715
direct_binned,bins1024_auc,logreg_C0p1,74,18,24,ok,,0.6666666666666666,0.4978354978354978,0.5416666666666666,0.5
direct_binned,bins1024_auc,xgboost_depth2,74,18,24,ok,,0.6666666666666666,0.5052790346907994,0.5416666666666666,0.47354497354497355
direct_binned,bins1024_auc,svm_C1p0,75,18,24,ok,,0.7083333333333334,0.5476735316552249,0.5962962962962962,0.5238095238095238
direct_binned,bins1024_auc,logreg_C0p1,75,18,24,ok,,0.5833333333333334,0.5,0.6111111111111112,0.4523809523809524
direct_binned,bins1024_auc,xgboost_depth2,75,18,24,ok,,0.5416666666666666,0.4260651629072682,0.5166666666666667,0.42857142857142855
direct_binned,bins1024_auc,svm_C1p0,76,18,24,ok,,0.5833333333333334,0.5042087542087542,0.6117216117216117,0.7619047619047619
direct_binned,bins1024_auc,logreg_C0p1,76,18,24,ok,,0.625,0.543403964456596,0.6196581196581197,0.7857142857142857
direct_binned,bins1024_auc,xgboost_depth2,76,18,24,ok,,0.5,0.4444444444444445,0.5294612794612795,0.7010582010582009
direct_binned,bins1024_auc,svm_C1p0,77,18,24,ok,,0.7083333333333334,0.5307017543859649,0.5666666666666668,0.5105820105820106
direct_binned,bins1024_auc,logreg_C0p1,77,18,24,ok,,0.6666666666666666,0.4761904761904761,0.48888888888888893,0.48677248677248675
direct_binned,bins1024_auc,xgboost_depth2,77,18,24,ok,,0.625,0.4836003051106026,0.525925925925926,0.46296296296296297
direct_binned,bins1024_auc,svm_C1p0,78,18,24,ok,,0.625,0.5573959052219922,0.5740740740740741,0.7592592592592592
direct_binned,bins1024_auc,logreg_C0p1,78,18,24,ok,,0.625,0.5573959052219922,0.5740740740740741,0.7592592592592592
direct_binned,bins1024_auc,xgboost_depth2,78,18,24,ok,,0.5416666666666666,0.5017825311942959,0.6027777777777777,0.7116402116402116
direct_binned,bins1024_auc,svm_C1p0,79,18,24,ok,,0.625,0.5686392914653785,0.6342592592592592,0.7592592592592592
direct_binned,bins1024_auc,logreg_C0p1,79,18,24,ok,,0.6666666666666666,0.5898635477582846,0.6749999999999999,0.8095238095238096
direct_binned,bins1024_auc,xgboost_depth2,79,18,24,ok,,0.7083333333333334,0.6174603174603175,0.6616161616161617,0.8333333333333334
direct_binned,bins1024_auc,svm_C1p0,80,18,24,ok,,0.625,0.5545112781954887,0.6,0.7724867724867724
direct_binned,bins1024_auc,logreg_C0p1,80,18,24,ok,,0.5833333333333334,0.5238095238095238,0.5866402116402116,0.7354497354497355
direct_binned,bins1024_auc,xgboost_depth2,80,18,24,ok,,0.5833333333333334,0.5316526610644258,0.6144179894179894,0.7354497354497355
direct_binned,bins1024_auc,svm_C1p0,81,18,24,ok,,0.625,0.5495126705653021,0.6477272727272728,0.7857142857142857
direct_binned,bins1024_auc,logreg_C0p1,81,18,24,ok,,0.5416666666666666,0.46444840562487616,0.6057692307692307,0.7380952380952381
direct_binned,bins1024_auc,xgboost_depth2,81,18,24,ok,,0.5,0.45263157894736833,0.5370370370370371,0.6878306878306878
direct_binned,bins1024_auc,svm_C1p0,82,18,24,ok,,0.5833333333333334,0.5244107744107743,0.5568783068783069,0.7354497354497355
direct_binned,bins1024_auc,logreg_C0p1,82,18,24,ok,,0.5833333333333334,0.5304020598138245,0.5833333333333334,0.7354497354497355
direct_binned,bins1024_auc,xgboost_depth2,82,18,24,ok,,0.5,0.3971291866028708,0.44166666666666665,0.3783068783068783
direct_binned,bins1024_auc,svm_C1p0,83,18,24,ok,,0.6666666666666666,0.5972222222222222,0.6476190476190476,0.7830687830687831
direct_binned,bins1024_auc,logreg_C0p1,83,18,24,ok,,0.6666666666666666,0.580952380952381,0.638888888888889,0.8095238095238096
direct_binned,bins1024_auc,xgboost_depth2,83,18,24,ok,,0.5833333333333334,0.5277777777777778,0.5666666666666665,0.7222222222222222
direct_binned,bins1024_auc,svm_C1p0,84,18,24,ok,,0.75,0.5499999999999999,0.5727272727272728,0.5476190476190476
direct_binned,bins1024_auc,logreg_C0p1,84,18,24,ok,,0.7083333333333334,0.5318840579710145,0.5690235690235691,0.5238095238095238
direct_binned,bins1024_auc,xgboost_depth2,84,18,24,ok,,0.7083333333333334,0.5362962962962963,0.5690235690235691,0.5105820105820106
direct_binned,bins1024_auc,svm_C1p0,85,18,24,ok,,0.625,0.4904761904761905,0.5584415584415584,0.4761904761904762
direct_binned,bins1024_auc,logreg_C0p1,85,18,24,ok,,0.5833333333333334,0.5079365079365079,0.625,0.7619047619047619
direct_binned,bins1024_auc,xgboost_depth2,85,18,24,ok,,0.5416666666666666,0.4992063492063492,0.6037037037037037,0.6851851851851851
direct_binned,bins1024_auc,svm_C1p0,86,18,24,ok,,0.875,0.7600000000000001,0.75,0.9285714285714285
direct_binned,bins1024_auc,logreg_C0p1,86,18,24,ok,,0.7083333333333334,0.6190476190476191,0.65,0.8333333333333334
direct_binned,bins1024_auc,xgboost_depth2,86,18,24,ok,,0.625,0.562962962962963,0.6666666666666666,0.7724867724867724
direct_binned,bins1024_auc,svm_C1p0,87,18,24,ok,,0.6666666666666666,0.47299077733860345,0.5059523809523809,0.5
direct_binned,bins1024_auc,logreg_C0p1,87,18,24,ok,,0.5416666666666666,0.39035087719298245,0.4666666666666666,0.42857142857142855
direct_binned,bins1024_auc,xgboost_depth2,87,18,24,ok,,0.7083333333333334,0.5207017543859649,0.5393939393939394,0.5105820105820106
direct_binned,bins1024_auc,svm_C1p0,88,18,24,ok,,0.5833333333333334,0.5042087542087542,0.6117216117216117,0.7619047619047619
direct_binned,bins1024_auc,logreg_C0p1,88,18,24,ok,,0.625,0.543403964456596,0.6196581196581197,0.7857142857142857
direct_binned,bins1024_auc,xgboost_depth2,88,18,24,ok,,0.625,0.4761904761904761,0.5357142857142857,0.4761904761904762
direct_binned,bins1024_auc,svm_C1p0,89,18,24,ok,,0.6666666666666666,0.5029239766081871,0.5333333333333333,0.48677248677248675
direct_binned,bins1024_auc,logreg_C0p1,89,18,24,ok,,0.5833333333333334,0.4523809523809524,0.5277777777777778,0.4523809523809524
direct_binned,bins1024_auc,xgboost_depth2,89,18,24,ok,,0.625,0.4836003051106026,0.525925925925926,0.46296296296296297
direct_binned,bins1024_auc,svm_C1p0,90,18,24,ok,,0.7083333333333334,0.6296296296296297,0.7083333333333334,0.8333333333333334
direct_binned,bins1024_auc,logreg_C0p1,90,18,24,ok,,0.625,0.569377990430622,0.7000000000000001,0.7857142857142857
direct_binned,bins1024_auc,xgboost_depth2,90,18,24,ok,,0.4583333333333333,0.3859649122807018,0.5,0.3544973544973545
direct_binned,bins1024_auc,svm_C1p0,91,18,24,ok,,0.8333333333333334,0.6153846153846154,0.6388888888888888,0.5952380952380952
direct_binned,bins1024_auc,logreg_C0p1,91,18,24,ok,,0.7083333333333334,0.6213450292397661,0.6809523809523809,0.8333333333333334
direct_binned,bins1024_auc,xgboost_depth2,91,18,24,ok,,0.5833333333333334,0.5316526610644258,0.6144179894179894,0.7354497354497355
direct_binned,bins1024_auc,svm_C1p0,92,18,24,ok,,0.6666666666666666,0.5029239766081871,0.5333333333333333,0.48677248677248675
direct_binned,bins1024_auc,logreg_C0p1,92,18,24,ok,,0.6666666666666666,0.580952380952381,0.638888888888889,0.8095238095238096
direct_binned,bins1024_auc,xgboost_depth2,92,18,24,ok,,0.625,0.5523809523809523,0.5836940836940837,0.7724867724867724
direct_binned,bins1024_auc,svm_C1p0,93,18,24,ok,,0.8333333333333334,0.7269005847953216,0.7166666666666667,0.9047619047619048
direct_binned,bins1024_auc,logreg_C0p1,93,18,24,ok,,0.6666666666666666,0.5281803542673108,0.5925925925925926,0.48677248677248675
direct_binned,bins1024_auc,xgboost_depth2,93,18,24,ok,,0.625,0.5063938618925831,0.5879629629629629,0.44973544973544977
direct_binned,bins1024_auc,svm_C1p0,94,18,24,ok,,0.5416666666666666,0.487719298245614,0.5703703703703704,0.7248677248677248
direct_binned,bins1024_auc,logreg_C0p1,94,18,24,ok,,0.5416666666666666,0.487719298245614,0.5703703703703704,0.7248677248677248
direct_binned,bins1024_auc,xgboost_depth2,94,18,24,ok,,0.4583333333333333,0.42512847776005674,0.49259259259259264,0.6640211640211641
direct_binned,bins1024_auc,svm_C1p0,95,18,24,ok,,0.6666666666666666,0.5898635477582846,0.6749999999999999,0.8095238095238096
direct_binned,bins1024_auc,logreg_C0p1,95,18,24,ok,,0.625,0.5578947368421052,0.6703703703703704,0.7857142857142857
direct_binned,bins1024_auc,xgboost_depth2,95,18,24,ok,,0.625,0.5547758284600389,0.6416666666666667,0.7724867724867724
direct_binned,bins1024_auc,svm_C1p0,96,18,24,ok,,0.7083333333333334,0.5046113306982872,0.527065527065527,0.5238095238095238
direct_binned,bins1024_auc,logreg_C0p1,96,18,24,ok,,0.6666666666666666,0.5942028985507246,0.6309523809523809,0.8095238095238096
direct_binned,bins1024_auc,xgboost_depth2,96,18,24,ok,,0.7083333333333334,0.6234184495054059,0.6481481481481481,0.8201058201058201
direct_binned,bins1024_auc,svm_C1p0,97,18,24,ok,,0.7916666666666666,0.6,0.6363636363636364,0.5714285714285715
direct_binned,bins1024_auc,logreg_C0p1,97,18,24,ok,,0.6666666666666666,0.5838383838383838,0.6307692307692307,0.8095238095238096
direct_binned,bins1024_auc,xgboost_depth2,97,18,24,ok,,0.4583333333333333,0.40653594771241836,0.5648148148148149,0.6640211640211641
direct_binned,bins1024_auc,svm_C1p0,98,18,24,ok,,0.5416666666666666,0.40122044241037375,0.480952380952381,0.42857142857142855
direct_binned,bins1024_auc,logreg_C0p1,98,18,24,ok,,0.5833333333333334,0.5042558086036347,0.6031746031746033,0.7619047619047619
direct_binned,bins1024_auc,xgboost_depth2,98,18,24,ok,,0.3333333333333333,0.30158730158730157,0.4380952380952381,0.23015873015873015
direct_binned,bins1024_auc,svm_C1p0,99,18,24,ok,,0.6666666666666666,0.5454545454545454,0.625,0.5
direct_binned,bins1024_auc,logreg_C0p1,99,18,24,ok,,0.7083333333333334,0.6213450292397661,0.6809523809523809,0.8333333333333334
direct_binned,bins1024_auc,xgboost_depth2,99,18,24,ok,,0.5416666666666666,0.42063492063492064,0.5,0.41534391534391535
direct_binned,bins1024_auc,svm_C1p0,100,18,24,ok,,0.6666666666666666,0.5121212121212121,0.5643939393939394,0.5
direct_binned,bins1024_auc,logreg_C0p1,100,18,24,ok,,0.625,0.4904761904761905,0.5584415584415584,0.4761904761904762
direct_binned,bins1024_auc,xgboost_depth2,100,18,24,ok,,0.625,0.506265664160401,0.5857142857142857,0.4761904761904762
direct_binned,bins2048_auc,svm_C1p0,1,18,24,ok,,0.625,0.5555555555555555,0.6,0.746031746031746
direct_binned,bins2048_auc,logreg_C0p1,1,18,24,ok,,0.6666666666666666,0.5919701213818861,0.6138888888888889,0.7830687830687831
direct_binned,bins2048_auc,xgboost_depth2,1,18,24,ok,,0.5833333333333334,0.5265567765567766,0.6031746031746031,0.708994708994709
direct_binned,bins2048_auc,svm_C1p0,2,18,24,ok,,0.6666666666666666,0.6,0.7037037037037037,0.8095238095238096
direct_binned,bins2048_auc,logreg_C0p1,2,18,24,ok,,0.6666666666666666,0.5833333333333334,0.6536796536796537,0.8095238095238096
direct_binned,bins2048_auc,xgboost_depth2,2,18,24,ok,,0.625,0.5545112781954887,0.6,0.7724867724867724
direct_binned,bins2048_auc,svm_C1p0,3,18,24,ok,,0.7916666666666666,0.6877701500127129,0.7000000000000001,0.8809523809523809
direct_binned,bins2048_auc,logreg_C0p1,3,18,24,ok,,0.7083333333333334,0.6174603174603175,0.6616161616161617,0.8333333333333334
direct_binned,bins2048_auc,xgboost_depth2,3,18,24,ok,,0.4166666666666667,0.3055555555555556,0.4055555555555556,0.3306878306878307
direct_binned,bins2048_auc,svm_C1p0,4,18,24,ok,,0.5,0.4431818181818182,0.5416666666666666,0.3783068783068783
direct_binned,bins2048_auc,logreg_C0p1,4,18,24,ok,,0.5416666666666666,0.4274322169059011,0.48333333333333334,0.4021164021164021
direct_binned,bins2048_auc,xgboost_depth2,4,18,24,ok,,0.5,0.3943191311612364,0.48888888888888893,0.39153439153439146
direct_binned,bins2048_auc,svm_C1p0,5,18,24,ok,,0.5416666666666666,0.4628851540616246,0.5888888888888889,0.7380952380952381
direct_binned,bins2048_auc,logreg_C0p1,5,18,24,ok,,0.5,0.4227272727272728,0.6011396011396012,0.7142857142857143
direct_binned,bins2048_auc,xgboost_depth2,5,18,24,ok,,0.5416666666666666,0.4810916179337232,0.5507575757575758,0.7248677248677248
direct_binned,bins2048_auc,svm_C1p0,6,18,24,ok,,0.7083333333333334,0.6497584541062801,0.6587301587301587,0.8333333333333334
direct_binned,bins2048_auc,logreg_C0p1,6,18,24,ok,,0.6666666666666666,0.5838383838383838,0.6307692307692307,0.8095238095238096
direct_binned,bins2048_auc,xgboost_depth2,6,18,24,ok,,0.5416666666666666,0.46444840562487616,0.6057692307692307,0.7380952380952381
direct_binned,bins2048_auc,svm_C1p0,7,18,24,ok,,0.5416666666666666,0.5,0.6599326599326599,0.7248677248677248
direct_binned,bins2048_auc,logreg_C0p1,7,18,24,ok,,0.5416666666666666,0.48945596314017364,0.6333333333333334,0.7248677248677248
direct_binned,bins2048_auc,xgboost_depth2,7,18,24,ok,,0.625,0.562962962962963,0.6666666666666666,0.7724867724867724
direct_binned,bins2048_auc,svm_C1p0,8,18,24,ok,,0.7083333333333334,0.5318840579710145,0.5690235690235691,0.5238095238095238
direct_binned,bins2048_auc,logreg_C0p1,8,18,24,ok,,0.7083333333333334,0.5318840579710145,0.5690235690235691,0.5238095238095238
direct_binned,bins2048_auc,xgboost_depth2,8,18,24,ok,,0.7083333333333334,0.5318840579710145,0.5690235690235691,0.5238095238095238
direct_binned,bins2048_auc,svm_C1p0,9,18,24,ok,,0.5833333333333334,0.5214424951267057,0.5861111111111111,0.7486772486772487
direct_binned,bins2048_auc,logreg_C0p1,9,18,24,ok,,0.625,0.5495126705653021,0.6477272727272728,0.7857142857142857
direct_binned,bins2048_auc,xgboost_depth2,9,18,24,ok,,0.5416666666666666,0.487719298245614,0.5703703703703704,0.7248677248677248
direct_binned,bins2048_auc,svm_C1p0,10,18,24,ok,,0.6666666666666666,0.5919701213818861,0.6138888888888889,0.7830687830687831
direct_binned,bins2048_auc,logreg_C0p1,10,18,24,ok,,0.5833333333333334,0.5226703121439963,0.5388888888888889,0.7354497354497355
direct_binned,bins2048_auc,xgboost_depth2,10,18,24,ok,,0.5833333333333334,0.468954248366013,0.525,0.4259259259259259
direct_binned,bins2048_auc,svm_C1p0,11,18,24,ok,,0.7083333333333334,0.5476735316552249,0.5962962962962962,0.5238095238095238
direct_binned,bins2048_auc,logreg_C0p1,11,18,24,ok,,0.6666666666666666,0.5121212121212121,0.5643939393939394,0.5
direct_binned,bins2048_auc,xgboost_depth2,11,18,24,ok,,0.625,0.5704545454545454,0.6620370370370371,0.7592592592592592
direct_binned,bins2048_auc,svm_C1p0,12,18,24,ok,,0.7083333333333334,0.6296296296296297,0.7083333333333334,0.8333333333333334
direct_binned,bins2048_auc,logreg_C0p1,12,18,24,ok,,0.6666666666666666,0.6,0.7037037037037037,0.8095238095238096
direct_binned,bins2048_auc,xgboost_depth2,12,18,24,ok,,0.5833333333333334,0.5245436824384192,0.6666666666666666,0.7619047619047619
direct_binned,bins2048_auc,svm_C1p0,13,18,24,ok,,0.5833333333333334,0.5318840579710145,0.5515873015873016,0.7486772486772487
direct_binned,bins2048_auc,logreg_C0p1,13,18,24,ok,,0.5833333333333334,0.5318840579710145,0.5515873015873016,0.7486772486772487
direct_binned,bins2048_auc,xgboost_depth2,13,18,24,ok,,0.4583333333333333,0.3625730994152046,0.4611111111111111,0.3544973544973545
direct_binned,bins2048_auc,svm_C1p0,14,18,24,ok,,0.7083333333333334,0.5046113306982872,0.527065527065527,0.5238095238095238
direct_binned,bins2048_auc,logreg_C0p1,14,18,24,ok,,0.6666666666666666,0.4978354978354978,0.5416666666666666,0.5
direct_binned,bins2048_auc,xgboost_depth2,14,18,24,ok,,0.75,0.5357142857142857,0.5499999999999999,0.5476190476190476
direct_binned,bins2048_auc,svm_C1p0,15,18,24,ok,,0.6666666666666666,0.5833333333333334,0.6536796536796537,0.8095238095238096
direct_binned,bins2048_auc,logreg_C0p1,15,18,24,ok,,0.625,0.5495126705653021,0.6477272727272728,0.7857142857142857
direct_binned,bins2048_auc,xgboost_depth2,15,18,24,ok,,0.5833333333333334,0.5148148148148147,0.6430976430976432,0.7619047619047619
direct_binned,bins2048_auc,svm_C1p0,16,18,24,ok,,0.7083333333333334,0.6183640920483026,0.6555555555555556,0.8201058201058201
direct_binned,bins2048_auc,logreg_C0p1,16,18,24,ok,,0.75,0.6535353535353535,0.6727272727272727,0.8571428571428571
direct_binned,bins2048_auc,xgboost_depth2,16,18,24,ok,,0.5833333333333334,0.5244107744107743,0.5568783068783069,0.7354497354497355
direct_binned,bins2048_auc,svm_C1p0,17,18,24,ok,,0.5833333333333334,0.5226703121439963,0.5388888888888889,0.7354497354497355
direct_binned,bins2048_auc,logreg_C0p1,17,18,24,ok,,0.4583333333333333,0.4222222222222222,0.42784992784992787,0.6507936507936507
direct_binned,bins2048_auc,xgboost_depth2,17,18,24,ok,,0.4166666666666667,0.39590017825311946,0.45,0.626984126984127
direct_binned,bins2048_auc,svm_C1p0,18,18,24,ok,,0.6666666666666666,0.5833333333333334,0.6536796536796537,0.8095238095238096
direct_binned,bins2048_auc,logreg_C0p1,18,18,24,ok,,0.7083333333333334,0.6174603174603175,0.6616161616161617,0.8333333333333334
direct_binned,bins2048_auc,xgboost_depth2,18,18,24,ok,,0.4583333333333333,0.4259259259259259,0.5395622895622896,0.6640211640211641
direct_binned,bins2048_auc,svm_C1p0,19,18,24,ok,,0.6666666666666666,0.5222222222222223,0.6060606060606061,0.5
direct_binned,bins2048_auc,logreg_C0p1,19,18,24,ok,,0.6666666666666666,0.6,0.7037037037037037,0.8095238095238096
direct_binned,bins2048_auc,xgboost_depth2,19,18,24,ok,,0.625,0.499194847020934,0.5555555555555555,0.46296296296296297
direct_binned,bins2048_auc,svm_C1p0,20,18,24,ok,,0.4583333333333333,0.42923351158645273,0.5055555555555555,0.6507936507936507
direct_binned,bins2048_auc,logreg_C0p1,20,18,24,ok,,0.5416666666666666,0.487719298245614,0.5703703703703704,0.7248677248677248
direct_binned,bins2048_auc,xgboost_depth2,20,18,24,ok,,0.4583333333333333,0.435328517371861,0.521969696969697,0.6640211640211641
direct_binned,bins2048_auc,svm_C1p0,21,18,24,ok,,0.75,0.6614718614718615,0.6666666666666666,0.8571428571428571
direct_binned,bins2048_auc,logreg_C0p1,21,18,24,ok,,0.5416666666666666,0.46184995737425405,0.5952380952380952,0.7380952380952381
direct_binned,bins2048_auc,xgboost_depth2,21,18,24,ok,,0.5,0.3722349351639969,0.45714285714285713,0.39153439153439146
direct_binned,bins2048_auc,svm_C1p0,22,18,24,ok,,0.6666666666666666,0.5942028985507246,0.6309523809523809,0.8095238095238096
direct_binned,bins2048_auc,logreg_C0p1,22,18,24,ok,,0.4583333333333333,0.3919047619047619,0.5555555555555556,0.6772486772486772
direct_binned,bins2048_auc,xgboost_depth2,22,18,24,ok,,0.375,0.29249011857707513,0.2238095238095238,0.6296296296296297
direct_binned,bins2048_auc,svm_C1p0,23,18,24,ok,,0.375,0.3538461538461539,0.4385521885521886,0.5634920634920635
direct_binned,bins2048_auc,logreg_C0p1,23,18,24,ok,,0.5416666666666666,0.499906629318394,0.5667989417989417,0.7116402116402116
direct_binned,bins2048_auc,xgboost_depth2,23,18,24,ok,,0.4583333333333333,0.4317948717948718,0.5521885521885522,0.6243386243386243
direct_binned,bins2048_auc,svm_C1p0,24,18,24,ok,,0.75,0.6590909090909091,0.7142857142857143,0.8571428571428571
direct_binned,bins2048_auc,logreg_C0p1,24,18,24,ok,,0.7916666666666666,0.6877701500127129,0.7000000000000001,0.8809523809523809
direct_binned,bins2048_auc,xgboost_depth2,24,18,24,ok,,0.5,0.4332399626517273,0.5297619047619048,0.3783068783068783
direct_binned,bins2048_auc,svm_C1p0,25,18,24,ok,,0.6666666666666666,0.5121212121212121,0.5643939393939394,0.5
direct_binned,bins2048_auc,logreg_C0p1,25,18,24,ok,,0.7083333333333334,0.6190476190476191,0.65,0.8333333333333334
direct_binned,bins2048_auc,xgboost_depth2,25,18,24,ok,,0.625,0.5523809523809523,0.5836940836940837,0.7724867724867724
direct_binned,bins2048_auc,svm_C1p0,26,18,24,ok,,0.6666666666666666,0.4978354978354978,0.5416666666666666,0.5
direct_binned,bins2048_auc,logreg_C0p1,26,18,24,ok,,0.5416666666666666,0.40122044241037375,0.480952380952381,0.42857142857142855
direct_binned,bins2048_auc,xgboost_depth2,26,18,24,ok,,0.625,0.4836003051106026,0.525925925925926,0.46296296296296297
direct_binned,bins2048_auc,svm_C1p0,27,18,24,ok,,0.75,0.5371120107962213,0.5444444444444444,0.5343915343915344
direct_binned,bins2048_auc,logreg_C0p1,27,18,24,ok,,0.6666666666666666,0.4761904761904761,0.48888888888888893,0.48677248677248675
direct_binned,bins2048_auc,xgboost_depth2,27,18,24,ok,,0.5833333333333334,0.42424242424242425,0.4551282051282051,0.43915343915343913
direct_binned,bins2048_auc,svm_C1p0,28,18,24,ok,,0.75,0.6589635854341737,0.6888888888888888,0.8439153439153438
direct_binned,bins2048_auc,logreg_C0p1,28,18,24,ok,,0.7083333333333334,0.6174603174603175,0.6616161616161617,0.8333333333333334
direct_binned,bins2048_auc,xgboost_depth2,28,18,24,ok,,0.5416666666666666,0.48433048433048437,0.5972222222222222,0.671957671957672
direct_binned,bins2048_auc,svm_C1p0,29,18,24,ok,,0.7083333333333334,0.5046113306982872,0.527065527065527,0.5238095238095238
direct_binned,bins2048_auc,logreg_C0p1,29,18,24,ok,,0.6666666666666666,0.48484848484848486,0.5224358974358975,0.5
direct_binned,bins2048_auc,xgboost_depth2,29,18,24,ok,,0.5833333333333334,0.4066666666666667,0.46527777777777785,0.4523809523809524
direct_binned,bins2048_auc,svm_C1p0,30,18,24,ok,,0.5416666666666666,0.39206349206349206,0.4365079365079365,0.3624338624338625
direct_binned,bins2048_auc,logreg_C0p1,30,18,24,ok,,0.4583333333333333,0.3671497584541063,0.40740740740740744,0.3412698412698412
direct_binned,bins2048_auc,xgboost_depth2,30,18,24,ok,,0.4166666666666667,0.32748538011695905,0.39444444444444443,0.3306878306878307
direct_binned,bins2048_auc,svm_C1p0,31,18,24,ok,,0.75,0.6590909090909091,0.7142857142857143,0.8571428571428571
direct_binned,bins2048_auc,logreg_C0p1,31,18,24,ok,,0.625,0.569377990430622,0.7000000000000001,0.7857142857142857
direct_binned,bins2048_auc,xgboost_depth2,31,18,24,ok,,0.5833333333333334,0.5304020598138245,0.5833333333333334,0.7354497354497355
direct_binned,bins2048_auc,svm_C1p0,32,18,24,ok,,0.5833333333333334,0.5,0.6111111111111112,0.4523809523809524
direct_binned,bins2048_auc,logreg_C0p1,32,18,24,ok,,0.625,0.506265664160401,0.5857142857142857,0.4761904761904762
direct_binned,bins2048_auc,xgboost_depth2,32,18,24,ok,,0.625,0.46956521739130436,0.5016835016835017,0.46296296296296297
direct_binned,bins2048_auc,svm_C1p0,33,18,24,ok,,0.75,0.5499999999999999,0.5727272727272728,0.5476190476190476
direct_binned,bins2048_auc,logreg_C0p1,33,18,24,ok,,0.75,0.6614718614718615,0.6666666666666666,0.8571428571428571
direct_binned,bins2048_auc,xgboost_depth2,33,18,24,ok,,0.625,0.4787878787878788,0.5340909090909091,0.46296296296296297
direct_binned,bins2048_auc,svm_C1p0,34,18,24,ok,,0.6666666666666666,0.5942028985507246,0.6309523809523809,0.8095238095238096
direct_binned,bins2048_auc,logreg_C0p1,34,18,24,ok,,0.5416666666666666,0.4130781499202552,0.49743589743589745,0.42857142857142855
direct_binned,bins2048_auc,xgboost_depth2,34,18,24,ok,,0.5833333333333334,0.45714285714285713,0.5281385281385281,0.43915343915343913
direct_binned,bins2048_auc,svm_C1p0,35,18,24,ok,,0.5833333333333334,0.4275362318840579,0.4920634920634921,0.4523809523809524
direct_binned,bins2048_auc,logreg_C0p1,35,18,24,ok,,0.5416666666666666,0.40122044241037375,0.480952380952381,0.42857142857142855
direct_binned,bins2048_auc,xgboost_depth2,35,18,24,ok,,0.6666666666666666,0.5121212121212121,0.5643939393939394,0.5
direct_binned,bins2048_auc,svm_C1p0,36,18,24,ok,,0.6666666666666666,0.5279106858054227,0.5916666666666667,0.5
direct_binned,bins2048_auc,logreg_C0p1,36,18,24,ok,,0.5,0.42105263157894735,0.5333333333333333,0.39153439153439146
direct_binned,bins2048_auc,xgboost_depth2,36,18,24,ok,,0.625,0.4904761904761905,0.5584415584415584,0.4761904761904762
direct_binned,bins2048_auc,svm_C1p0,37,18,24,ok,,0.6666666666666666,0.580952380952381,0.638888888888889,0.8095238095238096
direct_binned,bins2048_auc,logreg_C0p1,37,18,24,ok,,0.625,0.5444862155388471,0.6309523809523809,0.7857142857142857
direct_binned,bins2048_auc,xgboost_depth2,37,18,24,ok,,0.5416666666666666,0.5072463768115942,0.5925925925925926,0.6984126984126985
direct_binned,bins2048_auc,svm_C1p0,38,18,24,ok,,0.5416666666666666,0.39061421670117324,0.42857142857142855,0.41534391534391535
direct_binned,bins2048_auc,logreg_C0p1,38,18,24,ok,,0.375,0.2878787878787879,0.3181818181818182,0.2804232804232804
direct_binned,bins2048_auc,xgboost_depth2,38,18,24,ok,,0.5833333333333334,0.44005847953216376,0.4666666666666666,0.4259259259259259
direct_binned,bins2048_auc,svm_C1p0,39,18,24,ok,,0.4583333333333333,0.42512847776005674,0.49259259259259264,0.6640211640211641
direct_binned,bins2048_auc,logreg_C0p1,39,18,24,ok,,0.375,0.3606502430031842,0.4444444444444445,0.6031746031746031
direct_binned,bins2048_auc,xgboost_depth2,39,18,24,ok,,0.3333333333333333,0.34074074074074073,0.4682539682539682,0.5661375661375662
direct_binned,bins2048_auc,svm_C1p0,40,18,24,ok,,0.7083333333333334,0.6296296296296297,0.7083333333333334,0.8333333333333334
direct_binned,bins2048_auc,logreg_C0p1,40,18,24,ok,,0.6666666666666666,0.6,0.7037037037037037,0.8095238095238096
direct_binned,bins2048_auc,xgboost_depth2,40,18,24,ok,,0.4166666666666667,0.37977296181630543,0.4916666666666667,0.3306878306878307
direct_binned,bins2048_auc,svm_C1p0,41,18,24,ok,,0.5833333333333334,0.468954248366013,0.525,0.4259259259259259
direct_binned,bins2048_auc,logreg_C0p1,41,18,24,ok,,0.5833333333333334,0.4625199362041467,0.5166666666666667,0.43915343915343913
direct_binned,bins2048_auc,xgboost_depth2,41,18,24,ok,,0.6666666666666666,0.5359477124183006,0.6,0.48677248677248675
direct_binned,bins2048_auc,svm_C1p0,42,18,24,ok,,0.6666666666666666,0.5999207763913647,0.6666666666666666,0.7962962962962963
direct_binned,bins2048_auc,logreg_C0p1,42,18,24,ok,,0.625,0.5608465608465608,0.6236772486772487,0.7724867724867724
direct_binned,bins2048_auc,xgboost_depth2,42,18,24,ok,,0.3333333333333333,0.3338907469342252,0.5092592592592592,0.5396825396825397
direct_binned,bins2048_auc,svm_C1p0,43,18,24,ok,,0.625,0.543403964456596,0.6196581196581197,0.7857142857142857
direct_binned,bins2048_auc,logreg_C0p1,43,18,24,ok,,0.5833333333333334,0.5042558086036347,0.6031746031746033,0.7619047619047619
direct_binned,bins2048_auc,xgboost_depth2,43,18,24,ok,,0.625,0.5495126705653021,0.6477272727272728,0.7857142857142857
direct_binned,bins2048_auc,svm_C1p0,44,18,24,ok,,0.7083333333333334,0.5175983436853002,0.5462962962962963,0.5238095238095238
direct_binned,bins2048_auc,logreg_C0p1,44,18,24,ok,,0.5416666666666666,0.40122044241037375,0.480952380952381,0.42857142857142855
direct_binned,bins2048_auc,xgboost_depth2,44,18,24,ok,,0.5416666666666666,0.41269841269841273,0.4603174603174603,0.41534391534391535
direct_binned,bins2048_auc,svm_C1p0,45,18,24,ok,,0.5833333333333334,0.4666666666666666,0.5505050505050505,0.4523809523809524
direct_binned,bins2048_auc,logreg_C0p1,45,18,24,ok,,0.5833333333333334,0.4666666666666666,0.5505050505050505,0.4523809523809524
direct_binned,bins2048_auc,xgboost_depth2,45,18,24,ok,,0.4583333333333333,0.3725981620718463,0.4238095238095238,0.3544973544973545
direct_binned,bins2048_auc,svm_C1p0,46,18,24,ok,,0.6666666666666666,0.5898635477582846,0.6749999999999999,0.8095238095238096
direct_binned,bins2048_auc,logreg_C0p1,46,18,24,ok,,0.625,0.5495126705653021,0.6477272727272728,0.7857142857142857
direct_binned,bins2048_auc,xgboost_depth2,46,18,24,ok,,0.625,0.5495126705653021,0.6477272727272728,0.7857142857142857
direct_binned,bins2048_auc,svm_C1p0,47,18,24,ok,,0.625,0.543403964456596,0.6196581196581197,0.7857142857142857
direct_binned,bins2048_auc,logreg_C0p1,47,18,24,ok,,0.5833333333333334,0.5042558086036347,0.6031746031746033,0.7619047619047619
direct_binned,bins2048_auc,xgboost_depth2,47,18,24,ok,,0.4583333333333333,0.38888888888888884,0.5587301587301586,0.6772486772486772
direct_binned,bins2048_auc,svm_C1p0,48,18,24,ok,,0.875,0.6296296296296297,0.6410256410256411,0.6190476190476191
direct_binned,bins2048_auc,logreg_C0p1,48,18,24,ok,,0.75,0.5499999999999999,0.5727272727272728,0.5476190476190476
direct_binned,bins2048_auc,xgboost_depth2,48,18,24,ok,,0.75,0.5657894736842105,0.6,0.5476190476190476
direct_binned,bins2048_auc,svm_C1p0,49,18,24,ok,,0.6666666666666666,0.5850168350168351,0.6402116402116401,0.7830687830687831
direct_binned,bins2048_auc,logreg_C0p1,49,18,24,ok,,0.6666666666666666,0.5898635477582846,0.6749999999999999,0.8095238095238096
direct_binned,bins2048_auc,xgboost_depth2,49,18,24,ok,,0.625,0.5578947368421052,0.6703703703703704,0.7857142857142857
direct_binned,bins2048_auc,svm_C1p0,50,18,24,ok,,0.625,0.543403964456596,0.6196581196581197,0.7857142857142857
direct_binned,bins2048_auc,logreg_C0p1,50,18,24,ok,,0.5833333333333334,0.5042558086036347,0.6031746031746033,0.7619047619047619
direct_binned,bins2048_auc,xgboost_depth2,50,18,24,ok,,0.625,0.5499999999999999,0.6233766233766234,0.7724867724867724
direct_binned,bins2048_auc,svm_C1p0,51,18,24,ok,,0.4583333333333333,0.3725981620718463,0.4238095238095238,0.3544973544973545
direct_binned,bins2048_auc,logreg_C0p1,51,18,24,ok,,0.5416666666666666,0.4260651629072682,0.5166666666666667,0.42857142857142855
direct_binned,bins2048_auc,xgboost_depth2,51,18,24,ok,,0.7083333333333334,0.5362962962962963,0.5690235690235691,0.5105820105820106
direct_binned,bins2048_auc,svm_C1p0,52,18,24,ok,,0.75,0.6614718614718615,0.6666666666666666,0.8571428571428571
direct_binned,bins2048_auc,logreg_C0p1,52,18,24,ok,,0.625,0.4857142857142857,0.5833333333333334,0.4761904761904762
direct_binned,bins2048_auc,xgboost_depth2,52,18,24,ok,,0.5833333333333334,0.5148148148148147,0.6430976430976432,0.7619047619047619
direct_binned,bins2048_auc,svm_C1p0,53,18,24,ok,,0.7083333333333334,0.5652173913043478,0.6296296296296297,0.5238095238095238
direct_binned,bins2048_auc,logreg_C0p1,53,18,24,ok,,0.75,0.6590909090909091,0.7142857142857143,0.8571428571428571
direct_binned,bins2048_auc,xgboost_depth2,53,18,24,ok,,0.6666666666666666,0.5833333333333334,0.6536796536796537,0.8095238095238096
direct_binned,bins2048_auc,svm_C1p0,54,18,24,ok,,0.7083333333333334,0.6174603174603175,0.6616161616161617,0.8333333333333334
direct_binned,bins2048_auc,logreg_C0p1,54,18,24,ok,,0.5833333333333334,0.5079365079365079,0.625,0.7619047619047619
direct_binned,bins2048_auc,xgboost_depth2,54,18,24,ok,,0.5,0.45390436876504986,0.6303030303030303,0.7010582010582009
direct_binned,bins2048_auc,svm_C1p0,55,18,24,ok,,0.7083333333333334,0.49396825396825395,0.494949494949495,0.5105820105820106
direct_binned,bins2048_auc,logreg_C0p1,55,18,24,ok,,0.75,0.6640350877192982,0.65,0.8439153439153438
direct_binned,bins2048_auc,xgboost_depth2,55,18,24,ok,,0.6666666666666666,0.5917508417508417,0.6355820105820106,0.7962962962962963
direct_binned,bins2048_auc,svm_C1p0,56,18,24,ok,,0.5833333333333334,0.5079365079365079,0.625,0.7619047619047619
direct_binned,bins2048_auc,logreg_C0p1,56,18,24,ok,,0.5833333333333334,0.5148148148148147,0.6430976430976432,0.7619047619047619
direct_binned,bins2048_auc,xgboost_depth2,56,18,24,ok,,0.5416666666666666,0.48945596314017364,0.6333333333333334,0.7248677248677248
direct_binned,bins2048_auc,svm_C1p0,57,18,24,ok,,0.5833333333333334,0.4523809523809524,0.5277777777777778,0.4523809523809524
direct_binned,bins2048_auc,logreg_C0p1,57,18,24,ok,,0.5833333333333334,0.4523809523809524,0.5277777777777778,0.4523809523809524
direct_binned,bins2048_auc,xgboost_depth2,57,18,24,ok,,0.5,0.4000000000000001,0.4646464646464647,0.39153439153439146
direct_binned,bins2048_auc,svm_C1p0,58,18,24,ok,,0.7916666666666666,0.5666666666666668,0.5757575757575758,0.5714285714285715
direct_binned,bins2048_auc,logreg_C0p1,58,18,24,ok,,0.6666666666666666,0.5121212121212121,0.5643939393939394,0.5
direct_binned,bins2048_auc,xgboost_depth2,58,18,24,ok,,0.625,0.4761904761904761,0.5357142857142857,0.4761904761904762
direct_binned,bins2048_auc,svm_C1p0,59,18,24,ok,,0.5833333333333334,0.4275362318840579,0.4920634920634921,0.4523809523809524
direct_binned,bins2048_auc,logreg_C0p1,59,18,24,ok,,0.4583333333333333,0.3092006033182504,0.3986928104575163,0.38095238095238093
direct_binned,bins2048_auc,xgboost_depth2,59,18,24,ok,,0.5416666666666666,0.40122044241037375,0.480952380952381,0.42857142857142855
direct_binned,bins2048_auc,svm_C1p0,60,18,24,ok,,0.5416666666666666,0.48148148148148145,0.6127946127946128,0.7248677248677248
direct_binned,bins2048_auc,logreg_C0p1,60,18,24,ok,,0.625,0.5444862155388471,0.6309523809523809,0.7857142857142857
direct_binned,bins2048_auc,xgboost_depth2,60,18,24,ok,,0.6666666666666666,0.5917508417508417,0.6355820105820106,0.7962962962962963
direct_binned,bins2048_auc,svm_C1p0,61,18,24,ok,,0.5833333333333334,0.5042558086036347,0.6031746031746033,0.7619047619047619
direct_binned,bins2048_auc,logreg_C0p1,61,18,24,ok,,0.4583333333333333,0.3685185185185185,0.5750000000000001,0.6904761904761904
direct_binned,bins2048_auc,xgboost_depth2,61,18,24,ok,,0.5,0.44491978609625676,0.6090909090909091,0.7010582010582009
direct_binned,bins2048_auc,svm_C1p0,62,18,24,ok,,0.7083333333333334,0.6282828282828282,0.6474358974358975,0.8333333333333334
direct_binned,bins2048_auc,logreg_C0p1,62,18,24,ok,,0.625,0.4857142857142857,0.5833333333333334,0.4761904761904762
direct_binned,bins2048_auc,xgboost_depth2,62,18,24,ok,,0.6666666666666666,0.5917508417508417,0.6355820105820106,0.7962962962962963
direct_binned,bins2048_auc,svm_C1p0,63,18,24,ok,,0.7083333333333334,0.5175983436853002,0.5462962962962963,0.5238095238095238
direct_binned,bins2048_auc,logreg_C0p1,63,18,24,ok,,0.625,0.4904761904761905,0.5584415584415584,0.4761904761904762
direct_binned,bins2048_auc,xgboost_depth2,63,18,24,ok,,0.625,0.4761904761904761,0.5357142857142857,0.4761904761904762
direct_binned,bins2048_auc,svm_C1p0,64,18,24,ok,,0.5,0.3611111111111111,0.45,0.4047619047619047
direct_binned,bins2048_auc,logreg_C0p1,64,18,24,ok,,0.5416666666666666,0.40122044241037375,0.480952380952381,0.42857142857142855
direct_binned,bins2048_auc,xgboost_depth2,64,18,24,ok,,0.625,0.4761904761904761,0.5357142857142857,0.4761904761904762
direct_binned,bins2048_auc,svm_C1p0,65,18,24,ok,,0.5,0.4444444444444444,0.49444444444444446,0.7010582010582009
direct_binned,bins2048_auc,logreg_C0p1,65,18,24,ok,,0.4583333333333333,0.41262246525404417,0.435042735042735,0.6640211640211641
direct_binned,bins2048_auc,xgboost_depth2,65,18,24,ok,,0.375,0.35300372142477404,0.38888888888888884,0.6031746031746031
direct_binned,bins2048_auc,svm_C1p0,66,18,24,ok,,0.5416666666666666,0.4338624338624338,0.5833333333333334,0.42857142857142855
direct_binned,bins2048_auc,logreg_C0p1,66,18,24,ok,,0.5833333333333334,0.5148148148148147,0.6430976430976432,0.7619047619047619
direct_binned,bins2048_auc,xgboost_depth2,66,18,24,ok,,0.5,0.4070175438596491,0.5090909090909091,0.39153439153439146
direct_binned,bins2048_auc,svm_C1p0,67,18,24,ok,,0.625,0.569377990430622,0.7000000000000001,0.7857142857142857
direct_binned,bins2048_auc,logreg_C0p1,67,18,24,ok,,0.625,0.569377990430622,0.7000000000000001,0.7857142857142857
direct_binned,bins2048_auc,xgboost_depth2,67,18,24,ok,,0.5833333333333334,0.5148148148148147,0.6430976430976432,0.7619047619047619
direct_binned,bins2048_auc,svm_C1p0,68,18,24,ok,,0.625,0.4761904761904761,0.5357142857142857,0.4761904761904762
direct_binned,bins2048_auc,logreg_C0p1,68,18,24,ok,,0.5416666666666666,0.4260651629072682,0.5166666666666667,0.42857142857142855
direct_binned,bins2048_auc,xgboost_depth2,68,18,24,ok,,0.5416666666666666,0.4366666666666667,0.4978354978354978,0.38888888888888884
direct_binned,bins2048_auc,svm_C1p0,69,18,24,ok,,0.625,0.5633986928104575,0.6620370370370371,0.7592592592592592
direct_binned,bins2048_auc,logreg_C0p1,69,18,24,ok,,0.5833333333333334,0.5161793372319688,0.6174242424242424,0.7486772486772487
direct_binned,bins2048_auc,xgboost_depth2,69,18,24,ok,,0.5,0.4704162366701066,0.5886363636363637,0.6878306878306878
direct_binned,bins2048_auc,svm_C1p0,70,18,24,ok,,0.5,0.45925925925925926,0.5185185185185185,0.6878306878306878
direct_binned,bins2048_auc,logreg_C0p1,70,18,24,ok,,0.5416666666666666,0.4776524644945697,0.5365079365079365,0.7248677248677248
direct_binned,bins2048_auc,xgboost_depth2,70,18,24,ok,,0.6666666666666666,0.5833333333333334,0.6536796536796537,0.8095238095238096
direct_binned,bins2048_auc,svm_C1p0,71,18,24,ok,,0.625,0.5444862155388471,0.6309523809523809,0.7857142857142857
direct_binned,bins2048_auc,logreg_C0p1,71,18,24,ok,,0.5,0.38383838383838387,0.4807692307692308,0.4047619047619047
direct_binned,bins2048_auc,xgboost_depth2,71,18,24,ok,,0.5833333333333334,0.4625199362041467,0.5166666666666667,0.43915343915343913
direct_binned,bins2048_auc,svm_C1p0,72,18,24,ok,,0.5833333333333334,0.5079365079365079,0.625,0.7619047619047619
direct_binned,bins2048_auc,logreg_C0p1,72,18,24,ok,,0.625,0.5444862155388471,0.6309523809523809,0.7857142857142857
direct_binned,bins2048_auc,xgboost_depth2,72,18,24,ok,,0.5416666666666666,0.47002801120448173,0.6203703703703703,0.7380952380952381
direct_binned,bins2048_auc,svm_C1p0,73,18,24,ok,,0.75,0.6590909090909091,0.7142857142857143,0.8571428571428571
direct_binned,bins2048_auc,logreg_C0p1,73,18,24,ok,,0.7083333333333334,0.6213450292397661,0.6809523809523809,0.8333333333333334
direct_binned,bins2048_auc,xgboost_depth2,73,18,24,ok,,0.625,0.5547758284600389,0.6416666666666667,0.7724867724867724
direct_binned,bins2048_auc,svm_C1p0,74,18,24,ok,,0.7916666666666666,0.6,0.6363636363636364,0.5714285714285715
direct_binned,bins2048_auc,logreg_C0p1,74,18,24,ok,,0.6666666666666666,0.4978354978354978,0.5416666666666666,0.5
direct_binned,bins2048_auc,xgboost_depth2,74,18,24,ok,,0.75,0.5657894736842105,0.6,0.5476190476190476
direct_binned,bins2048_auc,svm_C1p0,75,18,24,ok,,0.6666666666666666,0.5454545454545454,0.625,0.5
direct_binned,bins2048_auc,logreg_C0p1,75,18,24,ok,,0.6666666666666666,0.5454545454545454,0.625,0.5
direct_binned,bins2048_auc,xgboost_depth2,75,18,24,ok,,0.5416666666666666,0.4260651629072682,0.5166666666666667,0.42857142857142855
direct_binned,bins2048_auc,svm_C1p0,76,18,24,ok,,0.625,0.543403964456596,0.6196581196581197,0.7857142857142857
direct_binned,bins2048_auc,logreg_C0p1,76,18,24,ok,,0.625,0.543403964456596,0.6196581196581197,0.7857142857142857
direct_binned,bins2048_auc,xgboost_depth2,76,18,24,ok,,0.5,0.4444444444444445,0.5294612794612795,0.7010582010582009
direct_binned,bins2048_auc,svm_C1p0,77,18,24,ok,,0.7083333333333334,0.5166666666666667,0.5424242424242425,0.5105820105820106
direct_binned,bins2048_auc,logreg_C0p1,77,18,24,ok,,0.6666666666666666,0.4761904761904761,0.48888888888888893,0.48677248677248675
direct_binned,bins2048_auc,xgboost_depth2,77,18,24,ok,,0.6666666666666666,0.5029239766081871,0.5333333333333333,0.48677248677248675
direct_binned,bins2048_auc,svm_C1p0,78,18,24,ok,,0.625,0.5573959052219922,0.5740740740740741,0.7592592592592592
direct_binned,bins2048_auc,logreg_C0p1,78,18,24,ok,,0.6666666666666666,0.5880610617452723,0.6138888888888889,0.7962962962962963
direct_binned,bins2048_auc,xgboost_depth2,78,18,24,ok,,0.5,0.4606909430438842,0.5251322751322751,0.6746031746031745
direct_binned,bins2048_auc,svm_C1p0,79,18,24,ok,,0.6666666666666666,0.5972222222222222,0.6476190476190476,0.7830687830687831
direct_binned,bins2048_auc,logreg_C0p1,79,18,24,ok,,0.625,0.5495126705653021,0.6477272727272728,0.7857142857142857
direct_binned,bins2048_auc,xgboost_depth2,79,18,24,ok,,0.7083333333333334,0.6174603174603175,0.6616161616161617,0.8333333333333334
direct_binned,bins2048_auc,svm_C1p0,80,18,24,ok,,0.625,0.5545112781954887,0.6,0.7724867724867724
direct_binned,bins2048_auc,logreg_C0p1,80,18,24,ok,,0.5833333333333334,0.5238095238095238,0.5866402116402116,0.7354497354497355
direct_binned,bins2048_auc,xgboost_depth2,80,18,24,ok,,0.5833333333333334,0.5238095238095238,0.5866402116402116,0.7354497354497355
direct_binned,bins2048_auc,svm_C1p0,81,18,24,ok,,0.625,0.5495126705653021,0.6477272727272728,0.7857142857142857
direct_binned,bins2048_auc,logreg_C0p1,81,18,24,ok,,0.5833333333333334,0.5079365079365079,0.625,0.7619047619047619
direct_binned,bins2048_auc,xgboost_depth2,81,18,24,ok,,0.625,0.5495126705653021,0.6477272727272728,0.7857142857142857
direct_binned,bins2048_auc,svm_C1p0,82,18,24,ok,,0.5833333333333334,0.5244107744107743,0.5568783068783069,0.7354497354497355
direct_binned,bins2048_auc,logreg_C0p1,82,18,24,ok,,0.5416666666666666,0.4920634920634921,0.5390211640211641,0.7116402116402116
direct_binned,bins2048_auc,xgboost_depth2,82,18,24,ok,,0.5416666666666666,0.44842284739982946,0.5138888888888888,0.4021164021164021
direct_binned,bins2048_auc,svm_C1p0,83,18,24,ok,,0.7083333333333334,0.626904761904762,0.6616161616161617,0.8068783068783069
direct_binned,bins2048_auc,logreg_C0p1,83,18,24,ok,,0.625,0.5545112781954887,0.6,0.7724867724867724
direct_binned,bins2048_auc,xgboost_depth2,83,18,24,ok,,0.5833333333333334,0.5304020598138245,0.5833333333333334,0.7354497354497355
direct_binned,bins2048_auc,svm_C1p0,84,18,24,ok,,0.75,0.5499999999999999,0.5727272727272728,0.5476190476190476
direct_binned,bins2048_auc,logreg_C0p1,84,18,24,ok,,0.75,0.5499999999999999,0.5727272727272728,0.5476190476190476
direct_binned,bins2048_auc,xgboost_depth2,84,18,24,ok,,0.6666666666666666,0.5052790346907994,0.5416666666666666,0.47354497354497355
direct_binned,bins2048_auc,svm_C1p0,85,18,24,ok,,0.7083333333333334,0.5318840579710145,0.5690235690235691,0.5238095238095238
direct_binned,bins2048_auc,logreg_C0p1,85,18,24,ok,,0.6666666666666666,0.5833333333333334,0.6536796536796537,0.8095238095238096
direct_binned,bins2048_auc,xgboost_depth2,85,18,24,ok,,0.5416666666666666,0.4984848484848485,0.5727513227513228,0.6984126984126985
direct_binned,bins2048_auc,svm_C1p0,86,18,24,ok,,0.9166666666666666,0.8076923076923078,0.7777777777777777,0.9523809523809524
direct_binned,bins2048_auc,logreg_C0p1,86,18,24,ok,,0.75,0.6535353535353535,0.6727272727272727,0.8571428571428571
direct_binned,bins2048_auc,xgboost_depth2,86,18,24,ok,,0.625,0.5608465608465608,0.6236772486772487,0.7724867724867724
direct_binned,bins2048_auc,svm_C1p0,87,18,24,ok,,0.625,0.44047619047619047,0.4857142857142857,0.4761904761904762
direct_binned,bins2048_auc,logreg_C0p1,87,18,24,ok,,0.5833333333333334,0.4166666666666667,0.4777777777777778,0.4523809523809524
direct_binned,bins2048_auc,xgboost_depth2,87,18,24,ok,,0.6666666666666666,0.48888888888888893,0.5090909090909091,0.48677248677248675
direct_binned,bins2048_auc,svm_C1p0,88,18,24,ok,,0.625,0.5444862155388471,0.6309523809523809,0.7857142857142857
direct_binned,bins2048_auc,logreg_C0p1,88,18,24,ok,,0.6666666666666666,0.580952380952381,0.638888888888889,0.8095238095238096
direct_binned,bins2048_auc,xgboost_depth2,88,18,24,ok,,0.5833333333333334,0.43939393939393945,0.5085470085470085,0.4523809523809524
direct_binned,bins2048_auc,svm_C1p0,89,18,24,ok,,0.6666666666666666,0.5121212121212121,0.5643939393939394,0.5
direct_binned,bins2048_auc,logreg_C0p1,89,18,24,ok,,0.5833333333333334,0.4523809523809524,0.5277777777777778,0.4523809523809524
direct_binned,bins2048_auc,xgboost_depth2,89,18,24,ok,,0.6666666666666666,0.5121212121212121,0.5643939393939394,0.5
direct_binned,bins2048_auc,svm_C1p0,90,18,24,ok,,0.6666666666666666,0.5454545454545454,0.625,0.5
direct_binned,bins2048_auc,logreg_C0p1,90,18,24,ok,,0.7083333333333334,0.6296296296296297,0.7083333333333334,0.8333333333333334
direct_binned,bins2048_auc,xgboost_depth2,90,18,24,ok,,0.5,0.42105263157894735,0.5333333333333333,0.39153439153439146
direct_binned,bins2048_auc,svm_C1p0,91,18,24,ok,,0.8333333333333334,0.6153846153846154,0.6388888888888888,0.5952380952380952
direct_binned,bins2048_auc,logreg_C0p1,91,18,24,ok,,0.7083333333333334,0.5476735316552249,0.5962962962962962,0.5238095238095238
direct_binned,bins2048_auc,xgboost_depth2,91,18,24,ok,,0.625,0.499194847020934,0.5555555555555555,0.46296296296296297
direct_binned,bins2048_auc,svm_C1p0,92,18,24,ok,,0.6666666666666666,0.5125858123569794,0.562962962962963,0.48677248677248675
direct_binned,bins2048_auc,logreg_C0p1,92,18,24,ok,,0.7083333333333334,0.6190476190476191,0.65,0.8333333333333334
direct_binned,bins2048_auc,xgboost_depth2,92,18,24,ok,,0.625,0.5523809523809523,0.5836940836940837,0.7724867724867724
direct_binned,bins2048_auc,svm_C1p0,93,18,24,ok,,0.7916666666666666,0.6877701500127129,0.7000000000000001,0.8809523809523809
direct_binned,bins2048_auc,logreg_C0p1,93,18,24,ok,,0.7083333333333334,0.6220538720538721,0.6772486772486772,0.8201058201058201
direct_binned,bins2048_auc,xgboost_depth2,93,18,24,ok,,0.7083333333333334,0.5462962962962963,0.5962962962962962,0.5105820105820106
direct_binned,bins2048_auc,svm_C1p0,94,18,24,ok,,0.5,0.45925925925925926,0.5185185185185185,0.6878306878306878
direct_binned,bins2048_auc,logreg_C0p1,94,18,24,ok,,0.5416666666666666,0.487719298245614,0.5703703703703704,0.7248677248677248
direct_binned,bins2048_auc,xgboost_depth2,94,18,24,ok,,0.4583333333333333,0.42512847776005674,0.49259259259259264,0.6640211640211641
direct_binned,bins2048_auc,svm_C1p0,95,18,24,ok,,0.7083333333333334,0.6213450292397661,0.6809523809523809,0.8333333333333334
direct_binned,bins2048_auc,logreg_C0p1,95,18,24,ok,,0.6666666666666666,0.6,0.7037037037037037,0.8095238095238096
direct_binned,bins2048_auc,xgboost_depth2,95,18,24,ok,,0.7083333333333334,0.6213450292397661,0.6809523809523809,0.8333333333333334
direct_binned,bins2048_auc,svm_C1p0,96,18,24,ok,,0.7083333333333334,0.5046113306982872,0.527065527065527,0.5238095238095238
direct_binned,bins2048_auc,logreg_C0p1,96,18,24,ok,,0.7083333333333334,0.6497584541062801,0.6587301587301587,0.8333333333333334
direct_binned,bins2048_auc,xgboost_depth2,96,18,24,ok,,0.6666666666666666,0.5185185185185185,0.562962962962963,0.48677248677248675
direct_binned,bins2048_auc,svm_C1p0,97,18,24,ok,,0.8333333333333334,0.7222222222222223,0.7333333333333334,0.9047619047619048
direct_binned,bins2048_auc,logreg_C0p1,97,18,24,ok,,0.7083333333333334,0.6282828282828282,0.6474358974358975,0.8333333333333334
direct_binned,bins2048_auc,xgboost_depth2,97,18,24,ok,,0.4583333333333333,0.3924242424242424,0.5754985754985755,0.6772486772486772
direct_binned,bins2048_auc,svm_C1p0,98,18,24,ok,,0.5416666666666666,0.40122044241037375,0.480952380952381,0.42857142857142855
direct_binned,bins2048_auc,logreg_C0p1,98,18,24,ok,,0.5833333333333334,0.5042558086036347,0.6031746031746033,0.7619047619047619
direct_binned,bins2048_auc,xgboost_depth2,98,18,24,ok,,0.3333333333333333,0.298989898989899,0.38888888888888884,0.24338624338624337
direct_binned,bins2048_auc,svm_C1p0,99,18,24,ok,,0.625,0.5238095238095238,0.6190476190476191,0.4761904761904762
direct_binned,bins2048_auc,logreg_C0p1,99,18,24,ok,,0.6666666666666666,0.5454545454545454,0.625,0.5
direct_binned,bins2048_auc,xgboost_depth2,99,18,24,ok,,0.5833333333333334,0.5158730158730158,0.5555555555555555,0.7486772486772487
direct_binned,bins2048_auc,svm_C1p0,100,18,24,ok,,0.6666666666666666,0.5121212121212121,0.5643939393939394,0.5
direct_binned,bins2048_auc,logreg_C0p1,100,18,24,ok,,0.625,0.4904761904761905,0.5584415584415584,0.4761904761904762
direct_binned,bins2048_auc,xgboost_depth2,100,18,24,ok,,0.625,0.506265664160401,0.5857142857142857,0.4761904761904762
