epoch,split,bin_size,lr,loss,token_accuracy,top5_accuracy,neighbor_accuracy,exact_order_accuracy,duplicate_position_rate
1,train,overall,2.9999999999999997e-05,4.224458584336422,0.1317735338424888,0.2344102526726744,0.15190780022486444,0.0,0.49040582083800444
1,train,1024,2.9999999999999997e-05,4.224458584336422,0.1317735338424888,0.2344102526726744,0.15190780022486444,0.0,0.49040582083800444
1,val,overall,2.9999999999999997e-05,3.703275305884225,0.2298094734017338,0.3332882837525436,0.2520674451121262,0.0,0.6637616838727679
1,val,1024,2.9999999999999997e-05,3.703275305884225,0.2298094734017338,0.3332882837525436,0.2520674451121262,0.0,0.6637616838727679
2,train,overall,5.9999999999999995e-05,3.6345331690236593,0.24312859092058087,0.3531703247350428,0.2632540989617061,0.0,0.40968745620795965
2,train,1024,5.9999999999999995e-05,3.6345331690236593,0.24312859092058087,0.3531703247350428,0.2632540989617061,0.0,0.40968745620795965
2,val,overall,5.9999999999999995e-05,3.4079936913081577,0.28850058891943525,0.3877810521849564,0.31055898538657595,0.0,0.6121501619853671
2,val,1024,5.9999999999999995e-05,3.4079936913081577,0.28850058891943525,0.3877810521849564,0.31055898538657595,0.0,0.6121501619853671
3,train,overall,8.999999999999999e-05,3.4190732203256924,0.2842201951373318,0.3907235320908072,0.30477924437800863,0.0,0.394809329456278
3,train,1024,8.999999999999999e-05,3.4190732203256924,0.2842201951373318,0.3907235320908072,0.30477924437800863,0.0,0.394809329456278
3,val,overall,8.999999999999999e-05,3.2390599719115665,0.3205038404890469,0.4198463074862957,0.3443240209349564,0.0,0.5699085053943452
3,val,1024,8.999999999999999e-05,3.2390599719115665,0.3205038404890469,0.4198463074862957,0.3443240209349564,0.0,0.5699085053943452
4,train,overall,0.00011999999999999999,3.255789173023583,0.3154264030969731,0.4211095151879862,0.3370353665052508,0.0,0.3817768182455157
4,train,1024,0.00011999999999999999,3.255789173023583,0.3154264030969731,0.4211095151879862,0.3370353665052508,0.0,0.3817768182455157
4,val,overall,0.00011999999999999999,3.1118002321038927,0.3456198072859219,0.4439619763621262,0.3693852499127388,0.0,0.55072021484375
4,val,1024,0.00011999999999999999,3.1118002321038927,0.3456198072859219,0.4439619763621262,0.3693852499127388,0.0,0.55072021484375
5,train,overall,0.00015,3.140332557695329,0.33890616238919075,0.44198627562800863,0.36161934206838564,0.0,0.37710574026065025
5,train,1024,0.00015,3.140332557695329,0.33890616238919075,0.44198627562800863,0.36161934206838564,0.0,0.37710574026065025
5,val,overall,0.00015,2.9823527463844846,0.37422010621854235,0.47139485659343855,0.4012393041380814,0.0,0.5080193413628472
5,val,1024,0.00015,2.9823527463844846,0.37422010621854235,0.47139485659343855,0.4012393041380814,0.0,0.5080193413628472
6,train,overall,0.00017999999999999998,3.0432962109689754,0.3588319786995516,0.45951075537856917,0.383315232703504,0.0,0.3681382251961884
6,train,1024,0.00017999999999999998,3.0432962109689754,0.3588319786995516,0.45951075537856917,0.383315232703504,0.0,0.3681382251961884
6,val,overall,0.00017999999999999998,2.889416741473334,0.38836766832641195,0.4879542759486607,0.4163212850689888,0.0,0.5029553610181051
6,val,1024,0.00017999999999999998,2.889416741473334,0.38836766832641195,0.4879542759486607,0.4163212850689888,0.0,0.5029553610181051
7,train,overall,0.00020999999999999998,2.96287927178524,0.3703560731603426,0.4751953125801856,0.3983164150351366,0.0,0.3656057315022422
7,train,1024,0.00020999999999999998,2.96287927178524,0.3703560731603426,0.4751953125801856,0.3983164150351366,0.0,0.3656057315022422
7,val,overall,0.00020999999999999998,2.783609552042825,0.40087890625,0.5068330307091985,0.43639071019632475,0.0,0.5009295751178076
7,val,1024,0.00020999999999999998,2.783609552042825,0.40087890625,0.5068330307091985,0.43639071019632475,0.0,0.5009295751178076
8,train,overall,0.00023999999999999998,2.885138403674412,0.38044072306744187,0.4901947432569324,0.41189304234735635,0.0,0.3580918932174888
8,train,1024,0.00023999999999999998,2.885138403674412,0.38044072306744187,0.4901947432569324,0.41189304234735635,0.0,0.3580918932174888
8,val,overall,0.00023999999999999998,2.714263971362795,0.4132172114082745,0.5244082499827657,0.4546954445540905,0.0,0.47626362149677576
8,val,1024,0.00023999999999999998,2.714263971362795,0.4132172114082745,0.5244082499827657,0.4546954445540905,0.0,0.47626362149677576
9,train,overall,0.00027,2.8223943004693686,0.38896353001551776,0.5014858638759151,0.4232899208507196,0.0,0.35233455367152466
9,train,1024,0.00027,2.8223943004693686,0.38896353001551776,0.5014858638759151,0.4232899208507196,0.0,0.35233455367152466
9,val,overall,0.00027,2.6623484236853465,0.4190000503190926,0.5353548569338662,0.4617832728794643,0.0,0.46815757145957343
9,val,1024,0.00027,2.6623484236853465,0.4190000503190926,0.5353548569338662,0.4617832728794643,0.0,0.46815757145957343
10,train,overall,0.0003,2.7790336298835654,0.3961679775084081,0.5092806281530269,0.431113587767554,0.0,0.35244293897141254
10,train,1024,0.0003,2.7790336298835654,0.3961679775084081,0.5092806281530269,0.431113587767554,0.0,0.35244293897141254
10,val,overall,0.0003,2.625350002731596,0.42332918675882475,0.5410287039620536,0.4665372334420681,0.0,0.45961410280257936
10,val,1024,0.0003,2.625350002731596,0.42332918675882475,0.5410287039620536,0.4665372334420681,0.0,0.45961410280257936
11,train,overall,0.0003,2.7291798762676427,0.40382851920854884,0.5185295070767937,0.4405923749032042,0.0,0.34487392271580714
11,train,1024,0.0003,2.7291798762676427,0.40382851920854884,0.5185295070767937,0.4405923749032042,0.0,0.34487392271580714
11,val,overall,0.0003,2.566991780485426,0.4349152094551495,0.5547679119876453,0.4790261888078281,0.0,0.44083901057167657
11,val,1024,0.0003,2.566991780485426,0.4349152094551495,0.5547679119876453,0.4790261888078281,0.0,0.44083901057167657
12,train,overall,0.0002999951495796209,2.691336868055198,0.4103018585341928,0.5254589407433309,0.44794965672386067,0.0,0.3404062587584081
12,train,1024,0.0002999951495796209,2.691336868055198,0.4103018585341928,0.5254589407433309,0.44794965672386067,0.0,0.3404062587584081
12,val,overall,0.0002999951495796209,2.5469021839754924,0.43537491081016405,0.5557909767542567,0.48222278377839495,0.0,0.4454563685825893
12,val,1024,0.0002999951495796209,2.5469021839754924,0.43537491081016405,0.5557909767542567,0.48222278377839495,0.0,0.4454563685825893
13,train,overall,0.0002999805986332205,2.6632347780492807,0.4147329561646209,0.5303308052332412,0.453439207889574,0.0,0.3359729715526906
13,train,1024,0.0002999805986332205,2.6632347780492807,0.4147329561646209,0.5303308052332412,0.453439207889574,0.0,0.3359729715526906
13,val,overall,0.0002999805986332205,2.5187867879867554,0.44161841965147425,0.5645718042339597,0.4891279914549419,0.0,0.43404909164186506
13,val,1024,0.0002999805986332205,2.5187867879867554,0.44161841965147425,0.5645718042339597,0.4891279914549419,0.0,0.43404909164186506
14,train,overall,0.00029995634810498883,2.6336864623253655,0.4194434469590807,0.5358459746356502,0.4592107799021118,0.0,0.33461738894338566
14,train,1024,0.00029995634810498883,2.6336864623253655,0.4194434469590807,0.5358459746356502,0.4592107799021118,0.0,0.33461738894338566
14,val,overall,0.00029995634810498883,2.4784617722034454,0.4470423140696117,0.5778556700263705,0.4983602858015469,0.0,0.42903888036334326
14,val,1024,0.00029995634810498883,2.4784617722034454,0.4470423140696117,0.5778556700263705,0.4983602858015469,0.0,0.42903888036334326
15,train,overall,0.0002999223995685079,2.6101315609542777,0.42320452637202,0.5406812728787751,0.4635735619228517,0.0,0.33120379939742156
15,train,1024,0.0002999223995685079,2.6101315609542777,0.42320452637202,0.5406812728787751,0.4635735619228517,0.0,0.33120379939742156
15,val,overall,0.0002999223995685079,2.5194877982139587,0.4422234429844788,0.5668485132711274,0.49027942440339495,0.0,0.43813650948660715
15,val,1024,0.0002999223995685079,2.5194877982139587,0.4422234429844788,0.5668485132711274,0.49027942440339495,0.0,0.43813650948660715
16,train,overall,0.0002998787552266496,2.594974416253813,0.4258673013325764,0.5434143340106502,0.46665542676309835,0.0,0.3302806631866592
16,train,1024,0.0002998787552266496,2.594974416253813,0.4258673013325764,0.5434143340106502,0.46665542676309835,0.0,0.3302806631866592
16,val,overall,0.0002998787552266496,2.456568879740579,0.45194547144430025,0.5808696448802948,0.5006510413118771,0.0,0.41759139772445436
16,val,1024,0.0002998787552266496,2.456568879740579,0.45194547144430025,0.5808696448802948,0.5006510413118771,0.0,0.41759139772445436
17,train,overall,0.0002998254179114328,2.580039579237523,0.4282018550308296,0.5462641010369955,0.4695408844092502,0.0,0.3302241714545964
17,train,1024,0.0002998254179114328,2.580039579237523,0.4282018550308296,0.5462641010369955,0.4695408844092502,0.0,0.3302241714545964
17,val,overall,0.0002998254179114328,2.4494686467306956,0.45138259178825785,0.5780741370150021,0.5003100197230067,0.0,0.4089859250992064
17,val,1024,0.0002998254179114328,2.4494686467306956,0.45138259178825785,0.5780741370150021,0.5003100197230067,0.0,0.4089859250992064
18,train,overall,0.0002997623910838393,2.563542887768938,0.4304814497718897,0.5493017360233939,0.4719995884350062,0.0,0.32842103419282515
18,train,1024,0.0002997623910838393,2.563542887768938,0.4304814497718897,0.5493017360233939,0.4719995884350062,0.0,0.32842103419282515
18,val,overall,0.0002997623910838393,2.41626267348017,0.4586549789777824,0.5901251903602055,0.5102558444653239,0.0,0.4074367947048611
18,val,1024,0.0002997623910838393,2.41626267348017,0.4586549789777824,0.5901251903602055,0.5102558444653239,0.0,0.4074367947048611
19,train,overall,0.00029968967883358983,2.5495340417853387,0.43300715569958026,0.5526708765414798,0.4754387962176661,0.0,0.3274972411014574
19,train,1024,0.00029968967883358983,2.5495340417853387,0.43300715569958026,0.5526708765414798,0.4754387962176661,0.0,0.3274972411014574
19,val,overall,0.00029968967883358983,2.4433339408465793,0.45275636709162165,0.57725597598723,0.5005769271935735,0.0,0.4165087503100198
19,val,1024,0.00029968967883358983,2.4433339408465793,0.45275636709162165,0.57725597598723,0.5005769271935735,0.0,0.4165087503100198
20,train,overall,0.00029960728587887794,2.5378036595246183,0.43486284340978204,0.5547518743527844,0.4773225109406116,0.0,0.32682634704316144
20,train,1024,0.00029960728587887794,2.5378036595246183,0.43486284340978204,0.5547518743527844,0.4773225109406116,0.0,0.32682634704316144
20,val,overall,0.00029960728587887794,2.435332489865167,0.4508352130651474,0.583270360316549,0.5027809749756541,0.0,0.40963309151785715
20,val,1024,0.00029960728587887794,2.435332489865167,0.4508352130651474,0.583270360316549,0.5027809749756541,0.0,0.40963309151785715
21,train,overall,0.0002995152175660644,2.5264635428184885,0.4369026765962353,0.5567325882847534,0.4796266291173584,0.0,0.3264037538536995
21,train,1024,0.0002995152175660644,2.5264635428184885,0.4369026765962353,0.5567325882847534,0.4796266291173584,0.0,0.3264037538536995
21,val,overall,0.0002995152175660644,2.391291286264147,0.46150667699319975,0.5964040607213974,0.5156279067908015,0.0,0.3937290736607143
21,val,1024,0.0002995152175660644,2.391291286264147,0.46150667699319975,0.5964040607213974,0.5156279067908015,0.0,0.3937290736607143
22,train,overall,0.00029941347986933015,2.516064032310862,0.4383116854947779,0.5589872216429945,0.4815099057595291,0.0,0.32492139328755604
22,train,1024,0.00029941347986933015,2.516064032310862,0.4383116854947779,0.5589872216429945,0.4815099057595291,0.0,0.32492139328755604
22,val,overall,0.00029941347986933015,2.371221567903246,0.4646998814174107,0.5999755859375,0.5204370894602367,0.0,0.38740563771081354
22,val,1024,0.00029941347986933015,2.371221567903246,0.4646998814174107,0.5999755859375,0.5204370894602367,0.0,0.38740563771081354
23,train,overall,0.00029930207939028844,2.5072700517594546,0.4398019285747289,0.5608332750508603,0.483501348794843,0.0,0.3236601825252242
23,train,1024,0.00029930207939028844,2.5072700517594546,0.4398019285747289,0.5608332750508603,0.483501348794843,0.0,0.3236601825252242
23,val,overall,0.00029930207939028844,2.3892358669212888,0.46075245684811045,0.5941506038819041,0.5135129903044019,0.0,0.39839584108382936
23,val,1024,0.00029930207939028844,2.3892358669212888,0.46075245684811045,0.5941506038819041,0.5135129903044019,0.0,0.39839584108382936
24,train,overall,0.0002991810233575568,2.5007547573123814,0.4413725302091094,0.5623307439243846,0.48494736202094585,0.0,0.32301775329316146
24,train,1024,0.0002991810233575568,2.5007547573123814,0.4413725302091094,0.5623307439243846,0.48494736202094585,0.0,0.32301775329316146
24,val,overall,0.0002991810233575568,2.3794722514493123,0.46080186643770765,0.5973733567765781,0.5169130361505917,0.0,0.3959210108196925
24,val,1024,0.0002991810233575568,2.3794722514493123,0.46080186643770765,0.5973733567765781,0.5169130361505917,0.0,0.3959210108196925
25,train,overall,0.00029905031962628776,2.495294266217493,0.4418518340106502,0.5637119447169282,0.48588100824120867,0.0,0.3229835955016816
25,train,1024,0.00029905031962628776,2.495294266217493,0.4418518340106502,0.5637119447169282,0.48588100824120867,0.0,0.3229835955016816
25,val,overall,0.00029905031962628776,2.378481762749808,0.46397666313818525,0.59747314453125,0.5178663464529174,0.0,0.3926139710441468
25,val,1024,0.00029905031962628776,2.378481762749808,0.46397666313818525,0.59747314453125,0.5178663464529174,0.0,0.3926139710441468
26,train,overall,0.00029890997667765903,2.4854488725619466,0.4441075620362577,0.5656994466289811,0.48821643783372615,0.0,0.321638304021861
26,train,1024,0.00029890997667765903,2.4854488725619466,0.4441075620362577,0.5656994466289811,0.48821643783372615,0.0,0.321638304021861
26,val,overall,0.00029890997667765903,2.3577956216675893,0.46881200426391195,0.6034594337855067,0.5249294702495847,0.0,0.39175172836061506
26,val,1024,0.00029890997667765903,2.3577956216675893,0.46881200426391195,0.6034594337855067,0.5249294702495847,0.0,0.39175172836061506
27,train,overall,0.0002987600036183235,2.4799804676808583,0.4443742555353139,0.5664480713450856,0.4885124720532798,0.0,0.3217563235706278
27,train,1024,0.0002987600036183235,2.4799804676808583,0.4443742555353139,0.5664480713450856,0.4885124720532798,0.0,0.3217563235706278
27,val,overall,0.0002987600036183235,2.345880559512547,0.46984330458300455,0.6066245426024709,0.5255422443151474,0.0,0.38956269763764884
27,val,1024,0.0002987600036183235,2.345880559512547,0.46984330458300455,0.6066245426024709,0.5255422443151474,0.0,0.38956269763764884
28,train,overall,0.000298600410179818,2.471196424800719,0.4463847481349124,0.5687215352272239,0.490763601834464,0.0,0.3207815127522422
28,train,1024,0.000298600410179818,2.471196424800719,0.4463847481349124,0.5687215352272239,0.490763601834464,0.0,0.3207815127522422
28,val,overall,0.000298600410179818,2.3399941410337175,0.4692896285227367,0.6041400241000312,0.5246286541223526,0.0,0.3848503960503472
28,val,1024,0.000298600410179818,2.3399941410337175,0.4692896285227367,0.6041400241000312,0.5246286541223526,0.0,0.3848503960503472
29,train,overall,0.00029843120671793215,2.4658238727415625,0.44686755537986755,0.5694025014548024,0.4911568543034284,0.0,0.319894286014574
29,train,1024,0.00029843120671793215,2.4658238727415625,0.44686755537986755,0.5694025014548024,0.4911568543034284,0.0,0.319894286014574
29,val,overall,0.00029843120671793215,2.329267288957323,0.4699852354824543,0.6094093929444041,0.5266646125486919,0.0,0.38334437779017855
29,val,1024,0.00029843120671793215,2.329267288957323,0.4699852354824543,0.6094093929444041,0.5266646125486919,0.0,0.38334437779017855
30,train,overall,0.000298252404212036,2.4642360467012687,0.44730131548616386,0.5698393270573808,0.492027878093078,0.0,0.319007935117713
30,train,1024,0.000298252404212036,2.4642360467012687,0.44730131548616386,0.5698393270573808,0.492027878093078,0.0,0.319007935117713
30,val,overall,0.000298252404212036,2.347352853843144,0.46672179230621885,0.6024218361292567,0.5226236975618771,0.0,0.38422066824776785
30,val,1024,0.000298252404212036,2.347352853843144,0.46672179230621885,0.6024218361292567,0.5226236975618771,0.0,0.38422066824776785
31,train,overall,0.0002980640142643679,2.4542806105763386,0.4491677322997106,0.572609830597591,0.49440469108354884,0.0,0.31813034262892376
31,train,1024,0.0002980640142643679,2.4542806105763386,0.4491677322997106,0.572609830597591,0.49440469108354884,0.0,0.31813034262892376
31,val,overall,0.0002980640142643679,2.3166603573731015,0.47259037090199335,0.6117456832102367,0.5295550631625312,0.0,0.3733283148871528
31,val,1024,0.0002980640142643679,2.3166603573731015,0.47259037090199335,0.6117456832102367,0.5295550631625312,0.0,0.3733283148871528
32,train,overall,0.00029786604909928175,2.4538105592599364,0.44896782166220145,0.5723913082092866,0.4941905478992804,0.0,0.3181415095992152
32,train,1024,0.00029786604909928175,2.4538105592599364,0.44896782166220145,0.5723913082092866,0.4941905478992804,0.0,0.3181415095992152
32,val,overall,0.00029786604909928175,2.31766944697925,0.47389681371194975,0.615215967808451,0.532702733363424,0.0,0.37908354259672616
32,val,1024,0.00029786604909928175,2.31766944697925,0.47389681371194975,0.615215967808451,0.532702733363424,0.0,0.37908354259672616
33,train,overall,0.00029765852156245334,2.443329318221909,0.45067987139984095,0.5744878521414616,0.49673158117473926,0.0,0.31707539237668164
33,train,1024,0.00029765852156245334,2.443329318221909,0.45067987139984095,0.5744878521414616,0.49673158117473926,0.0,0.31707539237668164
33,val,overall,0.00029765852156245334,2.3069652318954468,0.4746539406478405,0.6138475207345826,0.5307747977120536,0.0,0.3761475578187004
33,val,1024,0.00029765852156245334,2.3069652318954468,0.4746539406478405,0.6138475207345826,0.5307747977120536,0.0,0.3761475578187004
34,train,overall,0.0002974414451200471,2.4388718123927777,0.45093955827935395,0.575867301412762,0.4971977473641725,0.0,0.31560792110426006
34,train,1024,0.0002974414451200471,2.4388718123927777,0.45093955827935395,0.575867301412762,0.4971977473641725,0.0,0.31560792110426006
34,val,overall,0.0002974414451200471,2.3193160678659166,0.4735863097012043,0.6135089205844062,0.5317150301166943,0.0,0.3801017640128968
34,val,1024,0.0002974414451200471,2.3193160678659166,0.4735863097012043,0.6135089205844062,0.5317150301166943,0.0,0.3801017640128968
35,train,overall,0.0002972148338578423,2.4351412234284955,0.4516520546958051,0.5760836341990484,0.49786842243553814,0.0,0.3155667565863229
35,train,1024,0.0002972148338578423,2.4351412234284955,0.4516520546958051,0.5760836341990484,0.49786842243553814,0.0,0.3155667565863229
35,val,overall,0.0002972148338578423,2.3099130434649333,0.47391958108970095,0.6148904466203281,0.533233642578125,0.0,0.377439953031994
35,val,1024,0.0002972148338578423,2.3099130434649333,0.47391958108970095,0.6148904466203281,0.533233642578125,0.0,0.377439953031994
36,train,overall,0.00029697870248031897,2.4297552162221727,0.4527052532664329,0.577541252155475,0.49925881971692826,0.0,0.3138074113649103
36,train,1024,0.00029697870248031897,2.4297552162221727,0.4527052532664329,0.577541252155475,0.49925881971692826,0.0,0.3138074113649103
36,val,overall,0.00029697870248031897,2.2979057218347276,0.4756232367030212,0.6180836515767234,0.5352134097899709,0.0,0.3706214541480654
36,val,1024,0.00029697870248031897,2.2979057218347276,0.4756232367030212,0.6180836515767234,0.5352134097899709,0.0,0.3706214541480654
37,train,overall,0.0002967330663097039,2.4271089870298925,0.4530282195640786,0.5777521109367165,0.4996586409919465,0.0,0.3133403692544843
37,train,1024,0.0002967330663097039,2.4271089870298925,0.4530282195640786,0.5777521109367165,0.4996586409919465,0.0,0.3133403692544843
37,val,overall,0.0002967330663097039,2.296207368373871,0.4755011663905212,0.6175101143973214,0.5333024284669331,0.0,0.37954421270461314
37,val,1024,0.0002967330663097039,2.296207368373871,0.4755011663905212,0.6175101143973214,0.5333024284669331,0.0,0.37954421270461314
38,train,overall,0.00029647794128497614,2.4235714989392747,0.4542392885203853,0.5783945399549509,0.5005336061721425,0.0,0.3120294545263453
38,train,1024,0.00029647794128497614,2.4235714989392747,0.4542392885203853,0.5783945399549509,0.5005336061721425,0.0,0.3120294545263453
38,val,overall,0.00029647794128497614,2.2903832708086287,0.47621275910309385,0.618560791015625,0.5349397201623235,0.0,0.3690849183097718
38,val,1024,0.00029647794128497614,2.2903832708086287,0.47621275910309385,0.618560791015625,0.5349397201623235,0.0,0.3690849183097718
39,train,overall,0.00029621334396083294,2.4208198203099682,0.45422571296114556,0.5793864296690765,0.5011388120897148,0.0,0.3133828475336323
39,train,1024,0.00029621334396083294,2.4208198203099682,0.45422571296114556,0.5793864296690765,0.5011388120897148,0.0,0.3133828475336323
39,val,overall,0.00029621334396083294,2.3105014860630035,0.47242179779069765,0.6114899164863995,0.5296761648995536,0.0,0.37738812158978174
39,val,1024,0.00029621334396083294,2.3105014860630035,0.47242179779069765,0.6114899164863995,0.5296761648995536,0.0,0.37738812158978174
40,train,overall,0.00029593929150661545,2.4179342113802784,0.45492572875300863,0.5798926658159949,0.5015776082539237,0.0,0.31265239630044844
40,train,1024,0.00029593929150661545,2.4179342113802784,0.45492572875300863,0.5798926658159949,0.5015776082539237,0.0,0.31265239630044844
40,val,overall,0.00029593929150661545,2.283045551606587,0.47801620247108595,0.6217288066233907,0.5384933235389846,0.0,0.37030998108878965
40,val,1024,0.00029593929150661545,2.283045551606587,0.47801620247108595,0.6217288066233907,0.5384933235389846,0.0,0.37030998108878965
41,train,overall,0.00029565580170519477,2.411114303520442,0.45559596587724216,0.5815591718583898,0.5026603664517937,0.0,0.3114207451653588
41,train,1024,0.00029565580170519477,2.411114303520442,0.45559596587724216,0.5815591718583898,0.5026603664517937,0.0,0.3114207451653588
41,val,overall,0.00029565580170519477,2.2895004195826396,0.47618369438818525,0.6170257085136005,0.5340769940188953,0.0,0.3648216610863096
41,val,1024,0.00029565580170519477,2.2895004195826396,0.47618369438818525,0.6170257085136005,0.5340769940188953,0.0,0.3648216610863096
42,train,overall,0.00029536289295181776,2.408295459276892,0.4559053566156481,0.5819281197984122,0.5032830893191521,0.0,0.31085867432735426
42,train,1024,0.00029536289295181776,2.408295459276892,0.4559053566156481,0.5819281197984122,0.5032830893191521,0.0,0.31085867432735426
42,val,overall,0.00029536289295181776,2.288280086857932,0.4785514713398048,0.6209799147077969,0.5380796406950269,0.0,0.3685559469556052
42,val,1024,0.00029536289295181776,2.288280086857932,0.4785514713398048,0.6209799147077969,0.5380796406950269,0.0,0.3685559469556052
43,train,overall,0.0002950605842529138,2.406033200533401,0.4567166041632939,0.5826955753056993,0.5038582977959928,0.0,0.3102595992152466
43,train,1024,0.0002950605842529138,2.406033200533401,0.4567166041632939,0.5826955753056993,0.5038582977959928,0.0,0.3102595992152466
43,val,overall,0.0002950605842529138,2.295395186969212,0.47591775549309595,0.6159735790320805,0.5341908293110984,0.0,0.3685065375434028
43,val,1024,0.0002950605842529138,2.295395186969212,0.47591775549309595,0.6159735790320805,0.5341908293110984,0.0,0.3685065375434028
44,train,overall,0.00029474889522486093,2.4026802024499183,0.4573299117687037,0.583262682228345,0.5050106853113047,0.0,0.30988977543441704
44,train,1024,0.00029474889522486093,2.4026802024499183,0.4573299117687037,0.583262682228345,0.5050106853113047,0.0,0.30988977543441704
44,val,overall,0.00029474889522486093,2.3007151825087413,0.4756610207259655,0.6154770627617836,0.5330258320484843,0.0,0.3795451815166171
44,val,1024,0.00029474889522486093,2.3007151825087413,0.4756610207259655,0.6154770627617836,0.5330258320484843,0.0,0.3795451815166171
45,train,overall,0.0002944278460927137,2.4008546292514543,0.457807245008614,0.5840553181588383,0.5054297750573522,0.0,0.30966512226737664
45,train,1024,0.0002944278460927137,2.4008546292514543,0.457807245008614,0.5840553181588383,0.5054297750573522,0.0,0.30966512226737664
45,val,overall,0.0002944278460927137,2.2819149494171143,0.4776969791523048,0.6208559072443417,0.537259541451931,0.0,0.3698405916728671
45,val,1024,0.0002944278460927137,2.2819149494171143,0.4776969791523048,0.6208559072443417,0.537259541451931,0.0,0.3698405916728671
46,train,overall,0.00029409745768889015,2.3963246634188256,0.45772031778177336,0.5847662818271483,0.5057008477604442,0.0,0.3078473146720852
46,train,1024,0.00029409745768889015,2.3963246634188256,0.45772031778177336,0.5847662818271483,0.5057008477604442,0.0,0.3078473146720852
46,val,overall,0.00029409745768889015,2.263709383351462,0.48120310955813955,0.6236829001988683,0.5418279735105378,0.0,0.3643207852802579
46,val,1024,0.00029409745768889015,2.263709383351462,0.48120310955813955,0.6236829001988683,0.5418279735105378,0.0,0.3643207852802579
47,train,overall,0.0002937577514518203,2.391586572065482,0.4584310625433387,0.5859683733349959,0.5067820733438159,0.0,0.30608468504764574
47,train,1024,0.0002937577514518203,2.391586572065482,0.4584310625433387,0.5859683733349959,0.5067820733438159,0.0,0.30608468504764574
47,val,overall,0.0002937577514518203,2.2718186335904256,0.47840372739093645,0.6221720374056271,0.5375545439975602,0.0,0.36538308764260913
47,val,1024,0.0002937577514518203,2.2718186335904256,0.47840372739093645,0.6221720374056271,0.5375545439975602,0.0,0.36538308764260913
48,train,overall,0.0002934087494245552,2.3892653362633403,0.45918012547386067,0.5866449603585384,0.5076191581685446,0.0,0.3074536242292601
48,train,1024,0.0002934087494245552,2.3892653362633403,0.45918012547386067,0.5866449603585384,0.5076191581685446,0.0,0.3074536242292601
48,val,overall,0.0002934087494245552,2.2563001215457916,0.48218064116580145,0.6267966617430959,0.5438150071672031,0.0,0.35993594215029756
48,val,1024,0.0002934087494245552,2.2563001215457916,0.48218064116580145,0.6267966617430959,0.5438150071672031,0.0,0.35993594215029756
49,train,overall,0.00029305047425333603,2.3862033414199213,0.4597995638045495,0.5869026766764209,0.5080643042320628,0.0,0.30736209886491034
49,train,1024,0.00029305047425333603,2.3862033414199213,0.4597995638045495,0.5869026766764209,0.5080643042320628,0.0,0.30736209886491034
49,val,overall,0.00029305047425333603,2.262497139828546,0.4797271245292255,0.6240796287144933,0.5413338797433036,0.0,0.3667500813802083
49,val,1024,0.00029305047425333603,2.262497139828546,0.4797271245292255,0.6240796287144933,0.5413338797433036,0.0,0.3667500813802083
50,train,overall,0.0002926829491861255,2.3827048737906553,0.46042951233183854,0.5879326655191156,0.5088643848628741,0.0,0.30702271055213004
50,train,1024,0.0002926829491861255,2.3827048737906553,0.46042951233183854,0.5879326655191156,0.5088643848628741,0.0,0.30702271055213004
50,val,overall,0.0002926829491861255,2.2574999502726962,0.48207891572799,0.6277727399553571,0.5429672971367836,0.0,0.3711906312003968
50,val,1024,0.0002926829491861255,2.2574999502726962,0.48207891572799,0.6277727399553571,0.5429672971367836,0.0,0.3711906312003968
51,train,overall,0.0002923061980710982,2.3830767479712653,0.46028543654578685,0.5878030409192825,0.508553023429195,0.0,0.30782826513452916
51,train,1024,0.0002923061980710982,2.3830767479712653,0.46028543654578685,0.5878030409192825,0.508553023429195,0.0,0.30782826513452916
51,val,overall,0.0002923061980710982,2.254401811531612,0.4801718092390469,0.6271502780062812,0.5416904027972903,0.0,0.3635932074652778
51,val,1024,0.0002923061980710982,2.254401811531612,0.4801718092390469,0.6271502780062812,0.5416904027972903,0.0,0.3635932074652778
52,train,overall,0.0002919202453550944,2.377148278625557,0.4608867012064553,0.5890081979234122,0.5101402658518119,0.0,0.30566975546524666
52,train,1024,0.0002919202453550944,2.377148278625557,0.4608867012064553,0.5890081979234122,0.5101402658518119,0.0,0.30566975546524666
52,val,overall,0.0002919202453550944,2.2550239392689297,0.48249841162136625,0.6274782216974667,0.5443231495363372,0.0,0.36409263005332343
52,val,1024,0.0002919202453550944,2.2550239392689297,0.48249841162136625,0.6274782216974667,0.5443231495363372,0.0,0.36409263005332343
53,train,overall,0.00029152511608203255,2.3730771723349533,0.46147132494524457,0.5899851982369017,0.5110623074753937,0.0,0.3041506095852018
53,train,1024,0.00029152511608203255,2.3730771723349533,0.46147132494524457,0.5899851982369017,0.5110623074753937,0.0,0.3041506095852018
53,val,overall,0.00029152511608203255,2.2503341862133572,0.4831455775669643,0.6292346769145557,0.5435984783938953,0.0,0.35895162915426587
53,val,1024,0.00029152511608203255,2.2503341862133572,0.4831455775669643,0.6292346769145557,0.5435984783938953,0.0,0.35895162915426587
54,train,overall,0.000291120835891285,2.3709485637767433,0.4621229505859683,0.5907469608323991,0.5116027010930493,0.0,0.3035929179512332
54,train,1024,0.000291120835891285,2.3709485637767433,0.4621229505859683,0.5907469608323991,0.5116027010930493,0.0,0.3035929179512332
54,val,overall,0.000291120835891285,2.251324223620551,0.48255944677761625,0.6274791902729443,0.5436624192765781,0.0,0.3670421781994047
54,val,1024,0.000291120835891285,2.251324223620551,0.48255944677761625,0.6274791902729443,0.5436624192765781,0.0,0.3670421781994047
55,train,overall,0.0002907074310160141,2.3669941895745796,0.46262612110296175,0.5916549889496089,0.512066896720852,0.0,0.3031762366872197
55,train,1024,0.0002907074310160141,2.3669941895745796,0.46262612110296175,0.5916549889496089,0.512066896720852,0.0,0.3031762366872197
55,val,overall,0.0002907074310160141,2.2556463139397755,0.4811696857213974,0.6268828862479755,0.5432046556047031,0.0,0.3523021879650297
55,val,1024,0.0002907074310160141,2.2556463139397755,0.4811696857213974,0.6268828862479755,0.5432046556047031,0.0,0.3523021879650297
56,train,overall,0.0002902849282814695,2.365488378456355,0.46310389229000415,0.5920526206226092,0.5125343767516816,0.0,0.30328615470852016
56,train,1024,0.0002902849282814695,2.365488378456355,0.46310389229000415,0.5920526206226092,0.5125343767516816,0.0,0.30328615470852016
56,val,overall,0.0002902849282814695,2.2616089454718997,0.47976200176136835,0.6227441217218127,0.5408344577465739,0.0,0.3592902289496528
56,val,1024,0.0002902849282814695,2.2616089454718997,0.47976200176136835,0.6227441217218127,0.5408344577465739,0.0,0.3592902289496528
57,train,overall,0.00028985335510324837,2.3647838772145087,0.46313279506336946,0.5917346902492335,0.5122650557034754,0.0,0.30318236757287
57,train,1024,0.00028985335510324837,2.3647838772145087,0.46313279506336946,0.5917346902492335,0.5122650557034754,0.0,0.30318236757287
57,val,overall,0.00028985335510324837,2.238905187164034,0.4839269242116383,0.6310013064316341,0.5466279525841985,0.0,0.35815042162698413
57,val,1024,0.00028985335510324837,2.238905187164034,0.4839269242116383,0.6310013064316341,0.5466279525841985,0.0,0.35815042162698413
58,train,overall,0.0002894127394855157,2.3587862472363117,0.46389499547235635,0.593722411068031,0.5136162590552873,0.0,0.30216836287836324
58,train,1024,0.0002894127394855157,2.3587862472363117,0.46389499547235635,0.593722411068031,0.5136162590552873,0.0,0.30216836287836324
58,val,overall,0.0002894127394855157,2.235710629395076,0.4846578932234219,0.6303967673863683,0.5471578932234219,0.0,0.3539666069878472
58,val,1024,0.0002894127394855157,2.235710629395076,0.4846578932234219,0.6303967673863683,0.5471578932234219,0.0,0.3539666069878472
59,train,overall,0.00028896311001918754,2.3570457916088703,0.4642437990470852,0.5942529517438914,0.5145161854846595,0.0,0.30206304302130044
59,train,1024,0.00028896311001918754,2.3570457916088703,0.4642437990470852,0.5942529517438914,0.5145161854846595,0.0,0.30206304302130044
59,val,overall,0.00028896311001918754,2.2385098338127136,0.48504154277699335,0.6318228585379464,0.547332763671875,0.0,0.3613077799479167
59,val,1024,0.00028896311001918754,2.2385098338127136,0.48504154277699335,0.6318228585379464,0.547332763671875,0.0,0.3613077799479167
60,train,overall,0.00028850449588007564,2.353711902293389,0.4647447799620607,0.5946713846360622,0.5146795298753832,0.0,0.3021624509529148
60,train,1024,0.00028850449588007564,2.353711902293389,0.4647447799620607,0.5946713846360622,0.5146795298753832,0.0,0.3021624509529148
60,val,overall,0.00028850449588007564,2.239030978509358,0.48159305644886835,0.6276971729738372,0.5429890954068729,0.0,0.35036601717509924
60,val,1024,0.00028850449588007564,2.239030978509358,0.48159305644886835,0.6276971729738372,0.5429890954068729,0.0,0.35036601717509924
61,train,overall,0.0002880369268269942,2.3513175286519687,0.4648192264306706,0.5951936047173402,0.5150532949665737,0.0,0.30110793862107627
61,train,1024,0.0002880369268269942,2.3513175286519687,0.4648192264306706,0.5951936047173402,0.5150532949665737,0.0,0.30110793862107627
61,val,overall,0.0002880369268269942,2.2456954760210857,0.4818628707102367,0.6268630251288414,0.5423506477049419,0.0,0.36304970393105157
61,val,1024,0.0002880369268269942,2.2456954760210857,0.4818628707102367,0.6268630251288414,0.5423506477049419,0.0,0.36304970393105157
62,train,overall,0.00028756043319982905,2.349305101574269,0.46534998601327565,0.5960690074437403,0.5158579737081656,0.0,0.3005971044702915
62,train,1024,0.00028756043319982905,2.349305101574269,0.46534998601327565,0.5960690074437403,0.5158579737081656,0.0,0.3005971044702915
62,val,overall,0.00028756043319982905,2.242309476648058,0.4817272371479443,0.6295243522950581,0.5439864876014846,0.0,0.3541153196304564
62,val,1024,0.00028756043319982905,2.242309476648058,0.4817272371479443,0.6295243522950581,0.5439864876014846,0.0,0.3541153196304564
63,train,overall,0.00028707504591756876,2.345068245190676,0.4662514451907889,0.5969698097673767,0.5168391343189462,0.0,0.3001458274943946
63,train,1024,0.00028707504591756876,2.345068245190676,0.4662514451907889,0.5969698097673767,0.5168391343189462,0.0,0.3001458274943946
63,val,overall,0.00028707504591756876,2.2359174404825484,0.48286704399756025,0.6298406688230378,0.5438135543039867,0.0,0.3529503231956846
63,val,1024,0.00028707504591756876,2.2359174404825484,0.48286704399756025,0.6298406688230378,0.5438135543039867,0.0,0.3529503231956846
64,train,overall,0.00028658079647629864,2.3430510518796774,0.4662181632133877,0.5973742294204609,0.5170806475284389,0.0,0.29961375420403585
64,train,1024,0.00028658079647629864,2.3430510518796774,0.4662181632133877,0.5973742294204609,0.5170806475284389,0.0,0.29961375420403585
64,val,overall,0.00028658079647629864,2.241407024008887,0.4818425253033638,0.6256951232041631,0.5420382065432412,0.0,0.35600837828621035
64,val,1024,0.00028658079647629864,2.241407024008887,0.4818425253033638,0.6256951232041631,0.5420382065432412,0.0,0.35600837828621035
65,train,overall,0.0002860777169471565,2.3393974828078608,0.4670955367687037,0.5982693385650224,0.5183683524217306,0.0,0.29925991451793726
65,train,1024,0.0002860777169471565,2.3393974828078608,0.4670955367687037,0.5982693385650224,0.5183683524217306,0.0,0.29925991451793726
65,val,overall,0.0002860777169471565,2.2247551211289,0.4847300701907703,0.63450695254973,0.5481538314904485,0.0,0.3503844246031746
65,val,1024,0.0002860777169471565,2.2247551211289,0.4847300701907703,0.63450695254973,0.5481538314904485,0.0,0.3503844246031746
66,train,overall,0.0002855658399742521,2.3361334875560127,0.4676508197869955,0.5988360076741788,0.5188200674249452,0.0,0.2986917127942825
66,train,1024,0.0002855658399742521,2.3361334875560127,0.4676508197869955,0.5988360076741788,0.5188200674249452,0.0,0.2986917127942825
66,val,overall,0.0002855658399742521,2.227600246667862,0.48141043526785715,0.6313437808837209,0.5437525191477367,0.0,0.3537631564670139
66,val,1024,0.0002855658399742521,2.227600246667862,0.48141043526785715,0.6313437808837209,0.5437525191477367,0.0,0.3537631564670139
67,train,overall,0.00028504519877254865,2.336337523610068,0.46729610426008966,0.5991710167829232,0.5185485566410784,0.0,0.2984900504484305
67,train,1024,0.00028504519877254865,2.336337523610068,0.46729610426008966,0.5991710167829232,0.5185485566410784,0.0,0.2984900504484305
67,val,overall,0.00028504519877254865,2.2489584386348724,0.47917441704443525,0.6233278310724667,0.5389404296875,0.0,0.3622794983878968
67,val,1024,0.00028504519877254865,2.2489584386348724,0.47917441704443525,0.6233278310724667,0.5389404296875,0.0,0.3622794983878968
68,train,overall,0.00028451582712570766,2.331072693983001,0.46815574195887477,0.6002257479680493,0.519551613405681,0.0,0.2977085814882287
68,train,1024,0.00028451582712570766,2.331072693983001,0.46815574195887477,0.6002257479680493,0.519551613405681,0.0,0.2977085814882287
68,val,overall,0.00028451582712570766,2.2229858466557095,0.48390076628753115,0.6325809540493148,0.5466168118374688,0.0,0.34760296533978174
68,val,1024,0.00028451582712570766,2.2229858466557095,0.48390076628753115,0.6325809540493148,0.5466168118374688,0.0,0.34760296533978174
69,train,overall,0.0002839777593838967,2.328503919823822,0.46831032794152677,0.6013067546446762,0.5204870112808296,0.0,0.2978414903307175
69,train,1024,0.0002839777593838967,2.328503919823822,0.46831032794152677,0.6013067546446762,0.5204870112808296,0.0,0.2978414903307175
69,val,overall,0.0002839777593838967,2.2280618974140713,0.48277500697544645,0.6301821757640157,0.5438639319368771,0.0,0.34829082186259924
69,val,1024,0.0002839777593838967,2.2280618974140713,0.48277500697544645,0.6301821757640157,0.5438639319368771,0.0,0.34829082186259924
70,train,overall,0.0002834310304615603,2.3267368864050897,0.4686913186926478,0.6017223409473094,0.5207569891829127,0.0,0.29679902080997755
70,train,1024,0.0002834310304615603,2.3267368864050897,0.4686913186926478,0.6017223409473094,0.5207569891829127,0.0,0.29679902080997755
70,val,overall,0.0002834310304615603,2.246703484228679,0.47996884265116285,0.6250968809638705,0.5401659767542567,0.0,0.36091637989831354
70,val,1024,0.0002834310304615603,2.246703484228679,0.47996884265116285,0.6250968809638705,0.5401659767542567,0.0,0.36091637989831354
71,train,overall,0.00028287567583515485,2.320791367458121,0.4694703790639013,0.6030321610348107,0.5216393989297842,0.0,0.2961211200252242
71,train,1024,0.00028287567583515485,2.320791367458121,0.4694703790639013,0.6030321610348107,0.5216393989297842,0.0,0.2961211200252242
71,val,overall,0.00028287567583515485,2.2324295810290744,0.48263162268059595,0.6313549226948193,0.5471772689904485,0.0,0.356202625093006
71,val,1024,0.00028287567583515485,2.2324295810290744,0.48263162268059595,0.6313549226948193,0.5471772689904485,0.0,0.356202625093006
72,train,overall,0.0002823117315408462,2.317966959401631,0.46988990689072374,0.6029691003897799,0.5220950550562597,0.0,0.2954121268918161
72,train,1024,0.0002823117315408462,2.317966959401631,0.46988990689072374,0.6029691003897799,0.5220950550562597,0.0,0.2954121268918161
72,val,overall,0.0002823117315408462,2.2138316886765614,0.48499503997819765,0.6332169792481831,0.5475473552942276,0.0,0.3463948567708333
72,val,1024,0.0002823117315408462,2.2138316886765614,0.48499503997819765,0.6332169792481831,0.5475473552942276,0.0,0.3463948567708333
73,train,overall,0.0002817392341721715,2.3161149452620022,0.47044234345312075,0.6039163221692825,0.5231116873801022,0.0,0.2953505990751121
73,train,1024,0.0002817392341721715,2.3161149452620022,0.47044234345312075,0.6039163221692825,0.5231116873801022,0.0,0.2953505990751121
73,val,overall,0.0002817392341721715,2.218491643667221,0.48454551079443525,0.6310332768729755,0.5471230159912791,0.0,0.3499344114273314
73,val,1024,0.0002817392341721715,2.218491643667221,0.48454551079443525,0.6310332768729755,0.5471230159912791,0.0,0.3499344114273314
74,train,overall,0.0002811582208776644,2.3138227056494745,0.470668091367713,0.6042381936659192,0.5230589177576416,0.0,0.2945463582539238
74,train,1024,0.0002811582208776644,2.3138227056494745,0.470668091367713,0.6042381936659192,0.5230589177576416,0.0,0.2945463582539238
74,val,overall,0.0002811582208776644,2.219709873199463,0.485198974609375,0.6325581872037479,0.5476132343922343,0.0,0.3497755262586805
74,val,1024,0.0002811582208776644,2.219709873199463,0.485198974609375,0.6325581872037479,0.5476132343922343,0.0,0.3497755262586805
75,train,overall,0.00028056872935844514,2.309681306505417,0.47148897321769473,0.6060218434162739,0.5245850703641438,0.0,0.29272833169843054
75,train,1024,0.00028056872935844514,2.309681306505417,0.47148897321769473,0.6060218434162739,0.5245850703641438,0.0,0.29272833169843054
75,val,overall,0.00028056872935844514,2.223696321249008,0.4867849200963974,0.6309572256037167,0.546248662684645,0.0,0.35169619605654756
75,val,1024,0.00028056872935844514,2.223696321249008,0.4867849200963974,0.6309572256037167,0.546248662684645,0.0,0.35169619605654756
76,train,overall,0.00027997079786577355,2.3075407545662783,0.47215745868704245,0.6065994605355198,0.5255132427130045,0.0,0.2926858534192825
76,train,1024,0.00027997079786577355,2.3075407545662783,0.47215745868704245,0.6065994605355198,0.5255132427130045,0.0,0.2926858534192825
76,val,overall,0.00027997079786577355,2.2108041303498402,0.48701307496854235,0.6348431301968438,0.5504993253520557,0.0,0.34837898375496035
76,val,1024,0.00027997079786577355,2.2108041303498402,0.48701307496854235,0.6348431301968438,0.5504993253520557,0.0,0.34837898375496035
77,train,overall,0.0002793644651985673,2.30665570310413,0.4720263014727109,0.60668441720073,0.5252695401687794,0.0,0.2932864612528027
77,train,1024,0.0002793644651985673,2.30665570310413,0.4720263014727109,0.60668441720073,0.5252695401687794,0.0,0.2932864612528027
77,val,overall,0.0002793644651985673,2.2149216404982974,0.48553127742239405,0.6364208406635693,0.5503196109618459,0.0,0.3490837944878472
77,val,1024,0.0002793644651985673,2.2149216404982974,0.48553127742239405,0.6364208406635693,0.5503196109618459,0.0,0.3490837944878472
78,train,overall,0.0002787497707008843,2.305620205242003,0.4721138855534284,0.607000376611547,0.5249568648937037,0.0,0.29311085517096414
78,train,1024,0.0002787497707008843,2.305620205242003,0.4721138855534284,0.607000376611547,0.5249568648937037,0.0,0.29311085517096414
78,val,overall,0.0002787497707008843,2.2116111431803023,0.48410179519227575,0.6343204560024398,0.5485001823731831,0.0,0.345826648530506
78,val,1024,0.0002787497707008843,2.2116111431803023,0.48410179519227575,0.6343204560024398,0.5485001823731831,0.0,0.345826648530506
79,train,overall,0.00027812675425936966,2.301732606417395,0.4723370060525133,0.608153202073991,0.5263393796612864,0.0,0.2917497985566143
79,train,1024,0.00027812675425936966,2.301732606417395,0.4723370060525133,0.608153202073991,0.5263393796612864,0.0,0.2917497985566143
79,val,overall,0.00027812675425936966,2.213513617004667,0.48585340699979235,0.632336329136576,0.5473201689975602,0.0,0.354705810546875
79,val,1024,0.00027812675425936966,2.213513617004667,0.48585340699979235,0.632336329136576,0.5473201689975602,0.0,0.354705810546875
80,train,overall,0.0002774954563006674,2.2979037034671936,0.4732224811620242,0.6091742136018693,0.5272132497731881,0.0,0.292346684066704
80,train,1024,0.0002774954563006674,2.2979037034671936,0.4732224811620242,0.6091742136018693,0.5272132497731881,0.0,0.292346684066704
80,val,overall,0.0002774954563006674,2.2093004158564975,0.4862142897077969,0.6358255052140781,0.5507206991314888,0.0,0.34809124658978174
80,val,1024,0.0002774954563006674,2.2093004158564975,0.4862142897077969,0.6358255052140781,0.5507206991314888,0.0,0.34809124658978174
81,train,overall,0.0002768559177887973,2.297445132593403,0.47304183899554436,0.6088702967348655,0.527028447309417,0.0,0.2917837373878924
81,train,1024,0.0002768559177887973,2.297445132593403,0.47304183899554436,0.6088702967348655,0.527028447309417,0.0,0.2917837373878924
81,val,overall,0.0002768559177887973,2.222505820649011,0.4825352260044643,0.6315762964742524,0.5463489347270557,0.0,0.3568962944878472
81,val,1024,0.0002768559177887973,2.222505820649011,0.4825352260044643,0.6315762964742524,0.5463489347270557,0.0,0.3568962944878472
82,train,overall,0.000276208180222497,2.293785423441318,0.47345479788267025,0.6099677254266268,0.5275261439550083,0.0,0.2906847761350897
82,train,1024,0.000276208180222497,2.293785423441318,0.47345479788267025,0.6099677254266268,0.5275261439550083,0.0,0.2906847761350897
82,val,overall,0.000276208180222497,2.1929119059017728,0.49018399736710955,0.6378813247595515,0.5524747339742524,0.0,0.34880283900669645
82,val,1024,0.000276208180222497,2.1929119059017728,0.49018399736710955,0.6378813247595515,0.5524747339742524,0.0,0.34880283900669645
83,train,overall,0.00027555228563252884,2.293049215735876,0.4739695733972729,0.610239236076851,0.5279634073710763,0.0,0.2914653692544843
83,train,1024,0.00027555228563252884,2.293049215735876,0.4739695733972729,0.610239236076851,0.5279634073710763,0.0,0.2914653692544843
83,val,overall,0.00027555228563252884,2.2031804408345903,0.48581174867493765,0.6348271444439888,0.5503133141568729,0.0,0.34454926990327384
83,val,1024,0.00027555228563252884,2.2031804408345903,0.48581174867493765,0.6348271444439888,0.5503133141568729,0.0,0.34454926990327384
84,train,overall,0.000274888276578953,2.2902553380872104,0.474206707269087,0.6108367782537178,0.5284810293415737,0.0,0.2903738526485426
84,train,1024,0.000274888276578953,2.2902553380872104,0.474206707269087,0.6108367782537178,0.5284810293415737,0.0,0.2903738526485426
84,val,overall,0.000274888276578953,2.2104979710919515,0.4848535933664867,0.6336631168212209,0.5480143225618771,0.0,0.3456280420696925
84,val,1024,0.000274888276578953,2.2104979710919515,0.4848535933664867,0.6336631168212209,0.5480143225618771,0.0,0.3456280420696925
85,train,overall,0.0002742161961483652,2.2902193465040406,0.4744723059671342,0.6109534841481881,0.5284746794422646,0.0,0.2911303601457399
85,train,1024,0.0002742161961483652,2.2902193465040406,0.4744723059671342,0.6109534841481881,0.5284746794422646,0.0,0.2911303601457399
85,val,overall,0.0002742161961483652,2.1946174034050534,0.48888482046978815,0.6383725117359843,0.552654932652201,0.0,0.3411918519035218
85,val,1024,0.0002742161961483652,2.1946174034050534,0.48888482046978815,0.6383725117359843,0.552654932652201,0.0,0.3411918519035218
86,train,overall,0.0002735360879511016,2.2864377616232288,0.4744208503197127,0.6116675133127802,0.5292325006472156,0.0,0.290122924257287
86,train,1024,0.0002735360879511016,2.2864377616232288,0.4744208503197127,0.6116675133127802,0.5292325006472156,0.0,0.290122924257287
86,val,overall,0.0002735360879511016,2.2204717142241344,0.48317851764815195,0.6313723613108907,0.5460243831787791,0.0,0.3571520608568948
86,val,1024,0.0002735360879511016,2.2204717142241344,0.48317851764815195,0.6313723613108907,0.5460243831787791,0.0,0.3571520608568948
87,train,overall,0.00027284799611840846,2.285427226079419,0.475132689882287,0.6122562973488607,0.5298821557263088,0.0,0.2891748265835202
87,train,1024,0.00027284799611840846,2.285427226079419,0.475132689882287,0.6122562973488607,0.5298821557263088,0.0,0.2891748265835202
87,val,overall,0.00027284799611840846,2.1950652641909465,0.4880666583776474,0.6390298509172031,0.55354236385652,0.0,0.34393213665674605
87,val,1024,0.00027284799611840846,2.1950652641909465,0.4880666583776474,0.6390298509172031,0.55354236385652,0.0,0.34393213665674605
88,train,overall,0.00027215196529957865,2.2811993430013615,0.4755922873993091,0.6132895705945823,0.5303599267797086,0.0,0.28869815022421524
88,train,1024,0.00027215196529957865,2.2811993430013615,0.4755922873993091,0.6132895705945823,0.5303599267797086,0.0,0.28869815022421524
88,val,overall,0.00027215196529957865,2.2035523738179887,0.48756917299968855,0.638031005859375,0.5523633201207433,0.0,0.34058392237103174
88,val,1024,0.00027215196529957865,2.2035523738179887,0.48756917299968855,0.638031005859375,0.5523633201207433,0.0,0.34058392237103174
89,train,overall,0.0002714480406590546,2.279597003363708,0.47553141648993896,0.6137592402274299,0.530877548750206,0.0,0.2883922628223094
89,train,1024,0.0002714480406590546,2.279597003363708,0.47553141648993896,0.6137592402274299,0.530877548750206,0.0,0.2883922628223094
89,val,overall,0.0002714480406590546,2.1934642025402615,0.4895533003977367,0.6383429637977055,0.5527915347899709,0.0,0.34717911008804564
89,val,1024,0.0002714480406590546,2.1934642025402615,0.4895533003977367,0.6383429637977055,0.5527915347899709,0.0,0.34717911008804564
90,train,overall,0.0002707362678734975,2.281408303521674,0.47569979680493274,0.6138934626707582,0.5309795841507847,0.0,0.2890552743133408
90,train,1024,0.0002707362678734975,2.281408303521674,0.47569979680493274,0.6138934626707582,0.5309795841507847,0.0,0.2890552743133408
90,val,overall,0.0002707362678734975,2.19804715684482,0.48765006927507265,0.6360090949705669,0.5502009317278862,0.0,0.3458048502604167
90,val,1024,0.0002707362678734975,2.19804715684482,0.48765006927507265,0.6360090949705669,0.5502009317278862,0.0,0.3458048502604167
91,train,overall,0.0002700166931288234,2.278726747752305,0.47597065060128013,0.6144021073264392,0.5313802813200673,0.0,0.2891868693946188
91,train,1024,0.0002700166931288234,2.278726747752305,0.47597065060128013,0.6144021073264392,0.5313802813200673,0.0,0.2891868693946188
91,val,overall,0.0002700166931288234,2.2101383336952756,0.48324342763849665,0.634936620082174,0.5486551917025021,0.0,0.34339347718253965
91,val,1024,0.0002700166931288234,2.2101383336952756,0.48324342763849665,0.634936620082174,0.5486551917025021,0.0,0.34339347718253965
92,train,overall,0.0002692893631172062,2.275864110399255,0.47609896135971685,0.6147833169843049,0.5315276416427887,0.0,0.2887250823290359
92,train,1024,0.0002692893631172062,2.275864110399255,0.47609896135971685,0.6147833169843049,0.5315276416427887,0.0,0.2887250823290359
92,val,overall,0.0002692893631172062,2.2006079043660844,0.48739817791751455,0.6354239327566964,0.5501650859202657,0.0,0.34682840014260913
92,val,1024,0.0002692893631172062,2.2006079043660844,0.48739817791751455,0.6354239327566964,0.5501650859202657,0.0,0.34682840014260913
93,train,overall,0.0002685543250340482,2.2731501788836423,0.47638798869244187,0.6152424766878376,0.5318451339353895,0.0,0.28752649418441706
93,train,1024,0.0002685543250340482,2.2731501788836423,0.47638798869244187,0.6152424766878376,0.5318451339353895,0.0,0.28752649418441706
93,val,overall,0.0002685543250340482,2.197258702346257,0.48889596121651785,0.6374884716102055,0.551619756434645,0.0,0.34427267407614087
93,val,1024,0.0002685543250340482,2.197258702346257,0.48889596121651785,0.6374884716102055,0.551619756434645,0.0,0.34427267407614087
94,train,overall,0.00026781162657491713,2.2730059580952595,0.47659381128212797,0.6154040691563901,0.5323737039159766,0.0,0.2875354715526906
94,train,1024,0.00026781162657491713,2.2730059580952595,0.47659381128212797,0.6154040691563901,0.5323737039159766,0.0,0.2875354715526906
94,val,overall,0.00026781162657491713,2.1876679147992815,0.48974851625306265,0.6388772630265781,0.5530584422605378,0.0,0.34304518926711314
94,val,1024,0.00026781162657491713,2.1876679147992815,0.48974851625306265,0.6388772630265781,0.5530584422605378,0.0,0.34304518926711314
95,train,overall,0.0002670613159324517,2.2713193658221464,0.4767794895065205,0.6160281057315022,0.5328970187982636,0.0,0.28704368693946186
95,train,1024,0.0002670613159324517,2.2713193658221464,0.4767794895065205,0.6160281057315022,0.5328970187982636,0.0,0.28704368693946186
95,val,overall,0.0002670613159324517,2.1969283180577412,0.4881989008613995,0.6365961953997612,0.550290547311306,0.0,0.34760780939980157
95,val,1024,0.0002670613159324517,2.1969283180577412,0.4881989008613995,0.6365961953997612,0.550290547311306,0.0,0.34760780939980157
96,train,overall,0.0002663034417932343,2.2712974730093918,0.47665271162986755,0.615951031847385,0.5324372023744968,0.0,0.2874415376261211
96,train,1024,0.0002663034417932343,2.2712974730093918,0.47665271162986755,0.615951031847385,0.5324372023744968,0.0,0.2874415376261211
96,val,overall,0.0002663034417932343,2.1831872378076826,0.48948403022118975,0.6407088020018169,0.5533733069896698,0.0,0.34520709325396826
96,val,1024,0.0002663034417932343,2.1831872378076826,0.48948403022118975,0.6407088020018169,0.5533733069896698,0.0,0.34520709325396826
97,train,overall,0.0002655380533346318,2.268926193895896,0.47745344911455573,0.6168358499693763,0.5334503311212822,0.0,0.28674874754764573
97,train,1024,0.0002655380533346318,2.268926193895896,0.47745344911455573,0.6168358499693763,0.5334503311212822,0.0,0.28674874754764573
97,val,overall,0.0002655380533346318,2.1940593974930898,0.48934209932174,0.6370486308421407,0.5515897242086274,0.0,0.3466903444320436
97,val,1024,0.0002655380533346318,2.1940593974930898,0.48934209932174,0.6370486308421407,0.5515897242086274,0.0,0.3466903444320436
98,train,overall,0.0002647652002216043,2.265031554773784,0.4780052288230759,0.617249027763247,0.5342263261298962,0.0,0.28538484445067264
98,train,1024,0.0002647652002216043,2.265031554773784,0.4780052288230759,0.617249027763247,0.5342263261298962,0.0,0.28538484445067264
98,val,overall,0.0002647652002216043,2.1747872701713016,0.4897674077323505,0.6427510582974979,0.5575164311698505,0.0,0.3354637509300596
98,val,1024,0.0002647652002216043,2.1747872701713016,0.4897674077323505,0.6427510582974979,0.5575164311698505,0.0,0.3354637509300596
99,train,overall,0.0002639849326034828,2.266120626252863,0.47741272243683647,0.6169214633548207,0.5335475495043357,0.0,0.2860217996776906
99,train,1024,0.0002639849326034828,2.266120626252863,0.47741272243683647,0.6169214633548207,0.5335475495043357,0.0,0.2860217996776906
99,val,overall,0.0002639849326034828,2.186004659959248,0.48952714247362955,0.6387120804616383,0.5533994649137769,0.0,0.33960057818700395
99,val,1024,0.0002639849326034828,2.186004659959248,0.48952714247362955,0.6387120804616383,0.5533994649137769,0.0,0.33960057818700395
100,train,overall,0.000263197301110715,2.267366372950943,0.4774830087417979,0.616989122110632,0.5337916901293357,0.0,0.28688428391255605
100,train,1024,0.000263197301110715,2.267366372950943,0.4774830087417979,0.616989122110632,0.5337916901293357,0.0,0.28688428391255605
100,val,overall,0.000263197301110715,2.1851436623505185,0.48972623316305025,0.6387241908482143,0.5520780054586274,0.0,0.34164670913938494
100,val,1024,0.000263197301110715,2.1851436623505185,0.48972623316305025,0.6387241908482143,0.5520780054586274,0.0,0.34164670913938494
101,train,overall,0.0002624023568515796,2.264657675952655,0.47764219283523046,0.6174329543327537,0.5341637035656402,0.0,0.2864923451513453
101,train,1024,0.0002624023568515796,2.264657675952655,0.47764219283523046,0.6174329543327537,0.5341637035656402,0.0,0.2864923451513453
101,val,overall,0.0002624023568515796,2.1973022861140117,0.4881572425365448,0.6354583257011005,0.5504077726176807,0.0,0.34410991365947424
101,val,1024,0.0002624023568515796,2.1973022861140117,0.4881572425365448,0.6354583257011005,0.5504077726176807,0.0,0.34410991365947424
102,train,overall,0.00026160015140887043,2.260254932625946,0.47885326165789444,0.6193153553479456,0.535228506866592,0.0,0.28474569962163676
102,train,1024,0.00026160015140887043,2.260254932625946,0.47885326165789444,0.6193153553479456,0.535228506866592,0.0,0.28474569962163676
102,val,overall,0.00026160015140887043,2.1917410790920258,0.4882734992674419,0.6377791145018169,0.5521128826907703,0.0,0.34725661504836314
102,val,1024,0.00026160015140887043,2.1917410790920258,0.4882734992674419,0.6377791145018169,0.5521128826907703,0.0,0.34725661504836314
103,train,overall,0.0002607907368365491,2.263374274087059,0.4785239454609396,0.6188399928033085,0.5350701988010663,0.0,0.285678470081278
103,train,1024,0.0002607907368365491,2.263374274087059,0.4785239454609396,0.6188399928033085,0.5350701988010663,0.0,0.285678470081278
103,val,overall,0.0002607907368365491,2.182771167584828,0.49091157423598425,0.6385425382426807,0.5525599888392857,0.0,0.34700763036334326
103,val,1024,0.0002607907368365491,2.182771167584828,0.49091157423598425,0.6385425382426807,0.5525599888392857,0.0,0.34700763036334326
104,train,overall,0.00025997416565636715,2.2602797057061985,0.4787087479247106,0.6187942300676765,0.5352854365190582,0.0,0.2852652921804933
104,train,1024,0.00025997416565636715,2.2602797057061985,0.4787087479247106,0.6187942300676765,0.5352854365190582,0.0,0.2852652921804933
104,val,overall,0.00025997416565636715,2.175142841679709,0.49177236429282595,0.6410711375730378,0.5561625159212521,0.0,0.34144955589657744
104,val,1024,0.00025997416565636715,2.175142841679709,0.49177236429282595,0.6410711375730378,0.5561625159212521,0.0,0.34144955589657744
105,train,overall,0.0002591504908544583,2.2595080580946574,0.4786934208442277,0.6193556440785327,0.5354862231844744,0.0,0.2849786732763453
105,train,1024,0.0002591504908544583,2.2595080580946574,0.4786934208442277,0.6193556440785327,0.5354862231844744,0.0,0.2849786732763453
105,val,overall,0.0002591504908544583,2.1980185849326,0.48757595462458475,0.6370132693222591,0.5511266312428883,0.0,0.3533397856212797
105,val,1024,0.0002591504908544583,2.1980185849326,0.48757595462458475,0.6370132693222591,0.5511266312428883,0.0,0.3533397856212797
106,train,overall,0.0002583197658779003,2.259265669792757,0.4785160629471321,0.6193451338819325,0.5351748616171524,0.0,0.2855008933576233
106,train,1024,0.0002583197658779003,2.259265669792757,0.4785160629471321,0.6193451338819325,0.5351748616171524,0.0,0.2855008933576233
106,val,overall,0.0002583197658779003,2.1724018241677965,0.4902653768658638,0.6411636599472591,0.5548652772392545,0.0,0.3345123775421627
106,val,1024,0.0002583197658779003,2.1724018241677965,0.4902653768658638,0.6411636599472591,0.5548652772392545,0.0,0.3345123775421627
107,train,overall,0.0002574820446312461,2.2558969756412934,0.4793362878095943,0.6202748388452914,0.5363843978253181,0.0,0.2844842611406951
107,train,1024,0.0002574820446312461,2.2558969756412934,0.4793362878095943,0.6202748388452914,0.5363843978253181,0.0,0.2844842611406951
107,val,overall,0.0002574820446312461,2.1904690946851457,0.4891153967806271,0.6366916235004153,0.5517834861363683,0.0,0.341827876984127
107,val,1024,0.0002574820446312461,2.1904690946851457,0.4891153967806271,0.6366916235004153,0.5517834861363683,0.0,0.341827876984127
108,train,overall,0.00025663738147302704,2.254544169378922,0.47973216782770883,0.6211143323124257,0.5368595414632105,0.0,0.2837739542460762
108,train,1024,0.00025663738147302704,2.254544169378922,0.47973216782770883,0.6211143323124257,0.5368595414632105,0.0,0.2837739542460762
108,val,overall,0.00025663738147302704,2.183098805802209,0.49106028782469885,0.639707051217556,0.5540708516325269,0.0,0.3439718579489087
108,val,1024,0.00025663738147302704,2.183098805802209,0.49106028782469885,0.639707051217556,0.5540708516325269,0.0,0.3439718579489087
109,train,overall,0.000255785831212225,2.2558963961665404,0.47926206038137187,0.6202555705079049,0.5363822082233002,0.0,0.2844501033492152
109,train,1024,0.000255785831212225,2.2558963961665404,0.47926206038137187,0.6202555705079049,0.5363822082233002,0.0,0.2844501033492152
109,val,overall,0.000255785831212225,2.194599522011621,0.48959834980113165,0.6370990084750312,0.5507991729038102,0.0,0.3466356065538195
109,val,1024,0.000255785831212225,2.194599522011621,0.48959834980113165,0.6370990084750312,0.5507991729038102,0.0,0.3466356065538195
110,train,overall,0.00025492744910471604,2.2513031510494215,0.47968115012741946,0.6212128644032329,0.5372576112169856,0.0,0.2830875140134529
110,train,1024,0.00025492744910471604,2.2513031510494215,0.47968115012741946,0.6212128644032329,0.5372576112169856,0.0,0.2830875140134529
110,val,overall,0.00025492744910471604,2.1819461158343723,0.49103219168526785,0.6383017886962209,0.5523129414234843,0.0,0.34553503611731146
110,val,1024,0.00025492744910471604,2.1819461158343723,0.49103219168526785,0.6383017886962209,0.5523129414234843,0.0,0.34553503611731146
111,train,overall,0.0002540622908496851,2.250621444975849,0.4800735268357623,0.620827494448076,0.5373909577660496,0.0,0.28274374649663675
111,train,1024,0.0002540622908496851,2.250621444975849,0.4800735268357623,0.620827494448076,0.5373909577660496,0.0,0.28274374649663675
111,val,overall,0.0002540622908496851,2.1892764440604617,0.4902740961738995,0.6372792082173484,0.5522519062672343,0.0,0.3492329915364583
111,val,1024,0.0002540622908496851,2.1892764440604617,0.4902740961738995,0.6372792082173484,0.5522519062672343,0.0,0.3492329915364583
112,train,overall,0.00025319041258601145,2.249003759948662,0.480368466254307,0.6216588862273725,0.5373338092068386,0.0,0.28308904673486546
112,train,1024,0.00025319041258601145,2.249003759948662,0.480368466254307,0.6216588862273725,0.5373338092068386,0.0,0.28308904673486546
112,val,overall,0.00025319041258601145,2.2598914078303745,0.4800017827323505,0.6194065638950893,0.5386759436556271,0.0,0.3695606050037203
112,val,1024,0.00025319041258601145,2.2598914078303745,0.4800017827323505,0.6194065638950893,0.5386759436556271,0.0,0.3695606050037203
113,train,overall,0.00025231187088862615,2.249300353730206,0.4801287048333429,0.6219592997846047,0.5374730678417223,0.0,0.2831891115470852
113,train,1024,0.00025231187088862615,2.249300353730206,0.4801287048333429,0.6219592997846047,0.5374730678417223,0.0,0.2831891115470852
113,val,overall,0.00025231187088862615,2.1839879836354936,0.4887482172676495,0.6403556700263705,0.5538543217948505,0.0,0.34850783575148814
113,val,1024,0.00025231187088862615,2.1839879836354936,0.4887482172676495,0.6403556700263705,0.5538543217948505,0.0,0.34850783575148814
114,train,overall,0.000251426722764841,2.245381164978438,0.4811201566003363,0.6231605153981881,0.5389024401459459,0.0,0.2820485478559417
114,train,1024,0.000251426722764841,2.245381164978438,0.4811201566003363,0.6231605153981881,0.5389024401459459,0.0,0.2820485478559417
114,val,overall,0.000251426722764841,2.1809970438480377,0.48914688399859835,0.6395515565361295,0.5542403938514846,0.0,0.3365929013206846
114,val,1024,0.000251426722764841,2.1809970438480377,0.48914688399859835,0.6395515565361295,0.5542403938514846,0.0,0.3365929013206846
115,train,overall,0.0002505350256506493,2.2477956352747075,0.4804641518892194,0.6216118097839869,0.5379880623967124,0.0,0.28176565127522424
115,train,1024,0.0002505350256506493,2.2477956352747075,0.4804641518892194,0.6216118097839869,0.5379880623967124,0.0,0.28176565127522424
115,val,overall,0.0002505350256506493,2.165672012737819,0.4917079380580357,0.6435861736536026,0.5562550382954734,0.0,0.3411453489273314
115,val,1024,0.0002505350256506493,2.165672012737819,0.4917079380580357,0.6435861736536026,0.5562550382954734,0.0,0.3411453489273314
116,train,overall,0.00024963683740699885,2.2471393555269112,0.4804429127229169,0.6221075357343049,0.537792093016107,0.0,0.2824251594030269
116,train,1024,0.00024963683740699885,2.2471393555269112,0.4804429127229169,0.6221075357343049,0.537792093016107,0.0,0.2824251594030269
116,val,overall,0.00024963683740699885,2.1884337961673737,0.48867071260299,0.6384340322443417,0.5532139369419643,0.0,0.3423176114521329
116,val,1024,0.00024963683740699885,2.1884337961673737,0.48867071260299,0.6384340322443417,0.5532139369419643,0.0,0.3423176114521329
117,train,overall,0.0002487322163160377,2.2444025839390775,0.4813036452227109,0.6232816004966941,0.5388558015160496,0.0,0.2821718224495516
117,train,1024,0.0002487322163160377,2.2444025839390775,0.4813036452227109,0.6232816004966941,0.5388558015160496,0.0,0.2821718224495516
117,val,overall,0.0002487322163160377,2.167895019054413,0.49241226485797335,0.642960321690355,0.5558859205671719,0.0,0.3326856825086805
117,val,1024,0.0002487322163160377,2.167895019054413,0.49241226485797335,0.642960321690355,0.5558859205671719,0.0,0.3326856825086805
118,train,overall,0.0002478212210773321,2.242636005974671,0.4814516623993091,0.6237136088144619,0.5392168669422646,0.0,0.2806739157090807
118,train,1024,0.0002478212210773321,2.242636005974671,0.4814516623993091,0.6237136088144619,0.5392168669422646,0.0,0.2806739157090807
118,val,overall,0.0002478212210773321,2.1737173965999057,0.4899214490183762,0.6402471629636628,0.5552135652729443,0.0,0.33233739459325395
118,val,1024,0.0002478212210773321,2.1737173965999057,0.4899214490183762,0.6402471629636628,0.5552135652729443,0.0,0.33233739459325395
119,train,overall,0.0002469039108040575,2.2448944510900386,0.4809060135497106,0.6235049399025238,0.538417224392228,0.0,0.28285519723934976
119,train,1024,0.0002469039108040575,2.2448944510900386,0.4809060135497106,0.6235049399025238,0.538417224392228,0.0,0.28285519723934976
119,val,overall,0.0002469039108040575,2.1667221827166423,0.4919743612408638,0.643491230905056,0.5574263312986919,0.0,0.3335624573722718
119,val,1024,0.0002469039108040575,2.1667221827166423,0.4919743612408638,0.643491230905056,0.5574263312986919,0.0,0.3335624573722718
120,train,overall,0.000245980345019163,2.24225119090401,0.4815280795631922,0.6242049555607441,0.5393375139599959,0.0,0.28222371601737667
120,train,1024,0.000245980345019163,2.24225119090401,0.4815280795631922,0.6242049555607441,0.5393375139599959,0.0,0.28222371601737667
120,val,overall,0.000245980345019163,2.164843346391405,0.4923904665878841,0.643810938511576,0.558042012155056,0.0,0.32834637354290674
120,val,1024,0.000245980345019163,2.164843346391405,0.4923904665878841,0.643810938511576,0.558042012155056,0.0,0.32834637354290674
121,train,overall,0.00024505058365150887,2.242630672027177,0.4812769321850062,0.6232943000280269,0.5388984987553994,0.0,0.2830235776345291
121,train,1024,0.00024505058365150887,2.242630672027177,0.4812769321850062,0.6232943000280269,0.5388984987553994,0.0,0.2830235776345291
121,val,overall,0.00024505058365150887,2.2035229972430637,0.4850061812571117,0.6339009606412479,0.5487196179372924,0.0,0.3431566026475695
121,val,1024,0.00024505058365150887,2.2035229972430637,0.4850061812571117,0.6339009606412479,0.5487196179372924,0.0,0.3431566026475695
122,train,overall,0.00024411468703197789,2.2403720986148166,0.48176718399663676,0.6245095291479821,0.5395809978647617,0.0,0.2822143007286995
122,train,1024,0.00024411468703197789,2.2403720986148166,0.48176718399663676,0.6245095291479821,0.5395809978647617,0.0,0.2822143007286995
122,val,overall,0.00024411468703197789,2.1787262856960297,0.4893798828125,0.6393340581229755,0.5549389070698193,0.0,0.3428669278583829
122,val,1024,0.00024411468703197789,2.1787262856960297,0.4893798828125,0.6393340581229755,0.5549389070698193,0.0,0.3428669278583829
123,train,overall,0.00024317271588956046,2.239280182149913,0.4819511105661435,0.6246663045990093,0.5397563849329414,0.0,0.28127693210482063
123,train,1024,0.00024317271588956046,2.239280182149913,0.4819511105661435,0.6246663045990093,0.5397563849329414,0.0,0.28127693210482063
123,val,overall,0.00024317271588956046,2.171828176294054,0.49193899972098215,0.6414208795343127,0.55634998104402,0.0,0.3373199947296627
123,val,1024,0.00024317271588956046,2.171828176294054,0.49193899972098215,0.6414208795343127,0.55634998104402,0.0,0.3373199947296627
124,train,overall,0.0002422247313474141,2.2377966027623333,0.48216547265715665,0.6250063498993091,0.5402910856388075,0.0,0.2804330594871076
124,train,1024,0.0002422247313474141,2.2377966027623333,0.48216547265715665,0.6250063498993091,0.5402910856388075,0.0,0.2804330594871076
124,val,overall,0.0002422247313474141,2.1604437955788205,0.49192543647118975,0.6464276994977679,0.5595756407294955,0.0,0.32791912744915674
124,val,1024,0.0002422247313474141,2.1604437955788205,0.49192543647118975,0.6464276994977679,0.5595756407294955,0.0,0.32791912744915674
125,train,overall,0.00024127079491889733,2.2391125182934406,0.4822322555187037,0.6238303147089321,0.5397826601571566,0.0,0.281061037345852
125,train,1024,0.00024127079491889733,2.2391125182934406,0.4822322555187037,0.6238303147089321,0.5397826601571566,0.0,0.281061037345852
125,val,overall,0.00024127079491889733,2.1853824641023363,0.4917999750801495,0.6390603684953281,0.55372546932527,0.0,0.3411119249131945
125,val,1024,0.00024127079491889733,2.1853824641023363,0.4917999750801495,0.6390603684953281,0.55372546932527,0.0,0.3411119249131945
126,train,overall,0.00024031096850357783,2.237365360217244,0.48209431059157365,0.6253463951996089,0.5400990576487485,0.0,0.2813875070067265
126,train,1024,0.00024031096850357783,2.237365360217244,0.48209431059157365,0.6253463951996089,0.5400990576487485,0.0,0.2813875070067265
126,val,overall,0.00024031096850357783,2.1781315292630876,0.4892374670931271,0.6397414430975914,0.5549364845667567,0.0,0.33167278955853174
126,val,1024,0.00024031096850357783,2.1781315292630876,0.4892374670931271,0.6397414430975914,0.5549364845667567,0.0,0.33167278955853174
127,train,overall,0.00023934531438321628,2.2363023982454306,0.4824667618413677,0.6251136403981881,0.5408220641281573,0.0,0.280523927970852
127,train,1024,0.00023934531438321628,2.2363023982454306,0.4824667618413677,0.6251136403981881,0.5408220641281573,0.0,0.280523927970852
127,val,overall,0.00023934531438321628,2.161862232855388,0.494870625436306,0.6455378457903862,0.5598013741629464,0.0,0.335662841796875
127,val,1024,0.00023934531438321628,2.161862232855388,0.494870625436306,0.6455378457903862,0.5598013741629464,0.0,0.335662841796875
128,train,overall,0.00023837389521772471,2.233127807822463,0.4830879520942277,0.6261850127724788,0.5413427515949369,0.0,0.27980858499159195
128,train,1024,0.00023837389521772471,2.233127807822463,0.4830879520942277,0.6261850127724788,0.5413427515949369,0.0,0.27980858499159195
128,val,overall,0.00023837389521772471,2.1596079639026096,0.4933084153703281,0.6454990931919643,0.5588950504149709,0.0,0.3297608390687004
128,val,1024,0.00023837389521772471,2.1596079639026096,0.4933084153703281,0.6454990931919643,0.5588950504149709,0.0,0.3297608390687004
129,train,overall,0.00023739677404110068,2.234525541553583,0.48247376859455365,0.6257670176937976,0.5410403674760742,0.0,0.28036518182455156
129,train,1024,0.00023739677404110068,2.234525541553583,0.48247376859455365,0.6257670176937976,0.5410403674760742,0.0,0.28036518182455156
129,val,overall,0.00023739677404110068,2.162807524204254,0.49249461399657385,0.6439460877861295,0.5578104651400021,0.0,0.3383110894097222
129,val,1024,0.00023739677404110068,2.162807524204254,0.49249461399657385,0.6439460877861295,0.5578104651400021,0.0,0.3383110894097222
130,train,overall,0.00023641401425733701,2.2347061409543985,0.48260799117152464,0.6257565074971974,0.5410786856450307,0.0,0.28086747652746635
130,train,1024,0.00023641401425733701,2.2347061409543985,0.48260799117152464,0.6257565074971974,0.5410786856450307,0.0,0.28086747652746635
130,val,overall,0.00023641401425733701,2.159113939319338,0.49308897980621885,0.6448960080742836,0.5591701929058347,0.0,0.33158123682415674
130,val,1024,0.00023641401425733701,2.159113939319338,0.49308897980621885,0.6448960080742836,0.5591701929058347,0.0,0.33158123682415674
131,train,overall,0.0002354256796363078,2.2324647614774147,0.48312999234605797,0.6269844364157706,0.5413409998064084,0.0,0.28006257882567265
131,train,1024,0.0002354256796363078,2.2324647614774147,0.48312999234605797,0.6269844364157706,0.5413409998064084,0.0,0.28006257882567265
131,val,overall,0.0002354256796363078,2.1882238600935255,0.4883635991386005,0.6370873834405627,0.5525178451623235,0.0,0.34411330450148814
131,val,1024,0.0002354256796363078,2.1882238600935255,0.4883635991386005,0.6370873834405627,0.5525178451623235,0.0,0.34411330450148814
132,train,overall,0.0002344318343096302,2.231702543694877,0.483165025978345,0.6268024805415372,0.5415476982903588,0.0,0.27991302900784754
132,train,1024,0.0002344318343096302,2.231702543694877,0.483165025978345,0.6268024805415372,0.5415476982903588,0.0,0.27991302900784754
132,val,overall,0.0002344318343096302,2.156405155147825,0.4950542151927948,0.6456744479281562,0.558682881295681,0.0,0.3290758889818948
132,val,1024,0.0002344318343096302,2.156405155147825,0.4950542151927948,0.6456744479281562,0.558682881295681,0.0,0.3290758889818948
133,train,overall,0.00023343254276650323,2.2268453243067445,0.4840351737400876,0.628132663767434,0.5427662118133408,0.0,0.2779642832118834
133,train,1024,0.00023343254276650323,2.2268453243067445,0.4840351737400876,0.628132663767434,0.5427662118133408,0.0,0.2779642832118834
133,val,overall,0.00023343254276650323,2.159206062555313,0.49433777800628115,0.6450795978307724,0.558337498988424,0.0,0.33337160140749006
133,val,1024,0.00023343254276650323,2.159206062555313,0.49433777800628115,0.6450795978307724,0.558337498988424,0.0,0.33337160140749006
134,train,overall,0.00023242786984952314,2.230498554460671,0.48338792743704245,0.6273426552524481,0.5422045788957399,0.0,0.2802900784753363
134,train,1024,0.00023242786984952314,2.230498554460671,0.48338792743704245,0.6273426552524481,0.5422045788957399,0.0,0.2802900784753363
134,val,overall,0.00023242786984952314,2.1665433858122145,0.492520771920681,0.6435483906950269,0.556133936558451,0.0,0.3344256688678075
134,val,1024,0.00023242786984952314,2.1665433858122145,0.492520771920681,0.6435483906950269,0.556133936558451,0.0,0.3344256688678075
135,train,overall,0.00023141788075047574,2.2263561353555175,0.4839245988381818,0.6284994221054385,0.5429306508714308,0.0,0.2784188445908072
135,train,1024,0.00023141788075047574,2.2263561353555175,0.4839245988381818,0.6284994221054385,0.5429306508714308,0.0,0.2784188445908072
135,val,overall,0.00023141788075047574,2.1611524053982327,0.4920121452638081,0.6458173479352679,0.557690333042826,0.0,0.3295627170138889
135,val,1024,0.00023141788075047574,2.1611524053982327,0.4920121452638081,0.6458173479352679,0.557690333042826,0.0,0.3295627170138889
136,train,overall,0.00023040264100610626,2.227153135522064,0.4840270723195354,0.627723864910314,0.5424936063621076,0.0,0.27919724810818386
136,train,1024,0.00023040264100610626,2.227153135522064,0.4840270723195354,0.627723864910314,0.5424936063621076,0.0,0.27919724810818386
136,val,overall,0.00023040264100610626,2.1618708074092865,0.4935375398823193,0.6434045221124377,0.5574704121266093,0.0,0.3356376526847718
136,val,1024,0.00023040264100610626,2.1618708074092865,0.4935375398823193,0.6434045221124377,0.5574704121266093,0.0,0.3356376526847718
137,train,overall,0.0002293822164938668,2.2263401399278853,0.48421756769509594,0.628351185888453,0.5433812710736364,0.0,0.2782471797926009
137,train,1024,0.0002293822164938668,2.2263401399278853,0.48421756769509594,0.628351185888453,0.5433812710736364,0.0,0.2782471797926009
137,val,overall,0.0002293822164938668,2.175802000931331,0.48894924617239405,0.6417333206960133,0.5535878986120224,0.0,0.34113808283730157
137,val,1024,0.0002293822164938668,2.175802000931331,0.48894924617239405,0.6417333206960133,0.5535878986120224,0.0,0.34113808283730157
138,train,overall,0.00022835667342764173,2.224367734028085,0.48487838955738083,0.6282333854602591,0.5436738018497758,0.0,0.27856292040358743
138,train,1024,0.00022835667342764173,2.224367734028085,0.48487838955738083,0.6282333854602591,0.5436738018497758,0.0,0.27856292040358743
138,val,overall,0.00022835667342764173,2.150304274899619,0.4958108567765781,0.6460329091974667,0.5592617456402097,0.0,0.32676672557043646
138,val,1024,0.00022835667342764173,2.150304274899619,0.4958108567765781,0.6460329091974667,0.5592617456402097,0.0,0.32676672557043646
139,train,overall,0.0002273260783534509,2.223947278052702,0.48444287766255606,0.6285252592488789,0.5433663816730003,0.0,0.27773262331838566
139,train,1024,0.0002273260783534509,2.223947278052702,0.48444287766255606,0.6285252592488789,0.5433663816730003,0.0,0.27773262331838566
139,val,overall,0.0002273260783534509,2.1631001830101013,0.49396236347300665,0.6441350057721138,0.558441162109375,0.0,0.33049762059771826
139,val,1024,0.0002273260783534509,2.1631001830101013,0.49396236347300665,0.6441350057721138,0.558441162109375,0.0,0.33049762059771826
140,train,overall,0.00022629049814513176,2.2214310040922975,0.485043266562603,0.62912389649404,0.5443906776039055,0.0,0.2768164938340807
140,train,1024,0.00022629049814513176,2.2214310040922975,0.485043266562603,0.62912389649404,0.5443906776039055,0.0,0.2768164938340807
140,val,overall,0.00022629049814513176,2.1525701454707553,0.49366348556109835,0.6465657555631229,0.5599864178470203,0.0,0.32589479476686506
140,val,1024,0.00022629049814513176,2.1525701454707553,0.49366348556109835,0.6465657555631229,0.5599864178470203,0.0,0.32589479476686506
141,train,overall,0.00022524999999999997,2.221721738977817,0.48502356027808424,0.6295806474215246,0.5440326776739728,0.0,0.278327757146861
141,train,1024,0.00022524999999999997,2.221721738977817,0.48502356027808424,0.6295806474215246,0.5440326776739728,0.0,0.278327757146861
141,val,overall,0.00022524999999999997,2.143256655761174,0.4952407106757164,0.6497696169785091,0.5622369678957122,0.0,0.32506888253348215
141,val,1024,0.00022524999999999997,2.143256655761174,0.4952407106757164,0.6497696169785091,0.5622369678957122,0.0,0.32506888253348215
142,train,overall,0.00022420465143448915,2.222891838561259,0.4848770757159845,0.6290586462469914,0.5438623265300631,0.0,0.27874334360986547
142,train,1024,0.00022420465143448915,2.222891838561259,0.4848770757159845,0.6290586462469914,0.5438623265300631,0.0,0.27874334360986547
142,val,overall,0.00022420465143448915,2.1762746444770267,0.490994893014431,0.6389988490513393,0.55438232421875,0.0,0.3399474128844246
142,val,1024,0.00022420465143448915,2.1762746444770267,0.490994893014431,0.6389988490513393,0.55438232421875,0.0,0.3399474128844246
143,train,overall,0.00022315452027976958,2.2166121519199935,0.4854281985706278,0.6305274313875378,0.5447175852920977,0.0,0.27675584185818386
143,train,1024,0.00022315452027976958,2.2166121519199935,0.4854281985706278,0.6305274313875378,0.5447175852920977,0.0,0.27675584185818386
143,val,overall,0.00022315452027976958,2.1552215857165202,0.49442981502839495,0.6457538913403239,0.5608505979180336,0.0,0.3314727298797123
143,val,1024,0.00022315452027976958,2.1552215857165202,0.49442981502839495,0.6457538913403239,0.5608505979180336,0.0,0.3314727298797123
144,train,overall,0.00022209967467734707,2.2183409175530677,0.4852655111674236,0.6300341139459824,0.5447007251961884,0.0,0.2774989927830717
144,train,1024,0.00022209967467734707,2.2183409175530677,0.4852655111674236,0.6300341139459824,0.5447007251961884,0.0,0.2774989927830717
144,val,overall,0.00022209967467734707,2.160331053393228,0.49185761915785925,0.6440013104251453,0.5578511559537479,0.0,0.32978554377480157
144,val,1024,0.00022209967467734707,2.160331053393228,0.49185761915785925,0.6440013104251453,0.5578511559537479,0.0,0.32978554377480157
145,train,overall,0.00022104018307464104,2.219136478655007,0.4852714231196006,0.6302460675282329,0.5448802725616592,0.0,0.2782318525784753
145,train,1024,0.00022104018307464104,2.219136478655007,0.4852714231196006,0.6302460675282329,0.5448802725616592,0.0,0.2782318525784753
145,val,overall,0.00022104018307464104,2.172978333064488,0.48948693701199125,0.6409480986850602,0.5536673409598214,0.0,0.3290894523499504
145,val,1024,0.00022104018307464104,2.172978333064488,0.48948693701199125,0.6409480986850602,0.5536673409598214,0.0,0.3290894523499504
146,train,overall,0.00021997611422054335,2.21477771553758,0.485970343976812,0.6311061433077928,0.5453847569200491,0.0,0.27643506516255606
146,train,1024,0.00021997611422054335,2.21477771553758,0.485970343976812,0.6311061433077928,0.5453847569200491,0.0,0.27643506516255606
146,val,overall,0.00021997611422054335,2.162542943443571,0.4935530402830669,0.6440691266741071,0.5574161591274398,0.0,0.33529905288938494
146,val,1024,0.00021997611422054335,2.162542943443571,0.4935530402830669,0.6440691266741071,0.5574161591274398,0.0,0.33529905288938494
147,train,overall,0.00021890753716095708,2.2185676279623947,0.4854588529988789,0.6301135966061476,0.5448826810704218,0.0,0.2770372057174888
147,train,1024,0.00021890753716095708,2.2185676279623947,0.4854588529988789,0.6301135966061476,0.5448826810704218,0.0,0.2770372057174888
147,val,overall,0.00021890753716095708,2.1712523315634047,0.4909440300294331,0.6403634207589286,0.5545499292867524,0.0,0.33110312810019843
147,val,1024,0.00021890753716095708,2.1712523315634047,0.4909440300294331,0.6403634207589286,0.5545499292867524,0.0,0.33110312810019843
148,train,overall,0.0002178345212343162,2.214821913851751,0.4865567195041297,0.6313667059479273,0.5456100670211518,0.0,0.27660016115470853
148,train,1024,0.0002178345212343162,2.214821913851751,0.4865567195041297,0.6313667059479273,0.5456100670211518,0.0,0.27660016115470853
148,val,overall,0.0002178345212343162,2.1583933404513767,0.4938427156635693,0.6413874551653862,0.5557667570454734,0.0,0.3323872884114583
148,val,1024,0.0002178345212343162,2.1583933404513767,0.4938427156635693,0.6413874551653862,0.5557667570454734,0.0,0.3323872884114583
149,train,overall,0.00021675713606708657,2.2181775152950545,0.4850916567137423,0.6298545665805115,0.5447035717857258,0.0,0.2774262979960762
149,train,1024,0.00021675713606708657,2.2181775152950545,0.4850916567137423,0.6298545665805115,0.5447035717857258,0.0,0.2774262979960762
149,val,overall,0.00021675713606708657,2.1581713812691823,0.4927687868475914,0.6447337323001453,0.5572403201035091,0.0,0.32583375961061506
149,val,1024,0.00021675713606708657,2.1581713812691823,0.4927687868475914,0.6447337323001453,0.5572403201035091,0.0,0.32583375961061506
150,train,overall,0.0002156754515692477,2.2178584342580203,0.4857456908632287,0.6308987878363229,0.5450057368642012,0.0,0.27663103454316146
150,train,1024,0.0002156754515692477,2.2178584342580203,0.4857456908632287,0.6308987878363229,0.5450057368642012,0.0,0.27663103454316146
150,val,overall,0.0002156754515692477,2.156367676598685,0.4932875856757164,0.6449003677283015,0.5578821578196117,0.0,0.33366418263268854
150,val,1024,0.0002156754515692477,2.156367676598685,0.4932875856757164,0.6449003677283015,0.5578821578196117,0.0,0.33366418263268854
151,train,overall,0.00021458953792975657,2.21464704718825,0.48610522367494524,0.6313640782651345,0.5454944559276906,0.0,0.27656206207959644
151,train,1024,0.00021458953792975657,2.21464704718825,0.48610522367494524,0.6313640782651345,0.5454944559276906,0.0,0.27656206207959644
151,val,overall,0.00021458953792975657,2.1590644930090224,0.49263315328529905,0.644775390625,0.5579896963068417,0.0,0.33096216595362105
151,val,1024,0.00021458953792975657,2.1590644930090224,0.49263315328529905,0.644775390625,0.5579896963068417,0.0,0.33096216595362105
152,train,overall,0.0002134994656119931,2.2115214437647253,0.48633732148884656,0.632219117853139,0.5460828021502816,0.0,0.27478213459921524
152,train,1024,0.0002134994656119931,2.2115214437647253,0.48633732148884656,0.632219117853139,0.5460828021502816,0.0,0.27478213459921524
152,val,overall,0.0002134994656119931,2.1470155801091875,0.49571203866175245,0.6466602140239307,0.5596221440604755,0.0,0.3280082581535218
152,val,1024,0.0002134994656119931,2.1470155801091875,0.49571203866175245,0.6466602140239307,0.5596221440604755,0.0,0.3280082581535218
153,train,overall,0.00021240530534918776,2.2117448633561754,0.4864091402746637,0.6319668758075868,0.5459936851877802,0.0,0.2756969503223094
153,train,1024,0.00021240530534918776,2.2117448633561754,0.4864091402746637,0.6319668758075868,0.5459936851877802,0.0,0.2756969503223094
153,val,overall,0.00021240530534918776,2.155878497021539,0.4944162517786026,0.6453324577638081,0.5594196628246989,0.0,0.32789975120907744
153,val,1024,0.00021240530534918776,2.155878497021539,0.4944162517786026,0.6453324577638081,0.5594196628246989,0.0,0.32789975120907744
154,train,overall,0.00021130712813983212,2.209445376032671,0.4867196258140786,0.6321746690925462,0.5465837829316144,0.0,0.2746334606221973
154,train,1024,0.00021130712813983212,2.209445376032671,0.4867196258140786,0.6321746690925462,0.5465837829316144,0.0,0.2746334606221973
154,val,overall,0.00021130712813983212,2.1602113034043993,0.49302842893770765,0.6439615881868771,0.5584295360105378,0.0,0.32298060825892855
154,val,1024,0.00021130712813983212,2.1602113034043993,0.49302842893770765,0.6439615881868771,0.5584295360105378,0.0,0.32298060825892855
155,train,overall,0.00021020500524307145,2.2103389453460283,0.48657620701554644,0.6327119972139196,0.5465853158133982,0.0,0.2750269321048206
155,train,1024,0.00021020500524307145,2.2103389453460283,0.48657620701554644,0.6327119972139196,0.5465853158133982,0.0,0.2750269321048206
155,val,overall,0.00021020500524307145,2.172651137624468,0.4916774204799107,0.6415235730154174,0.5556243413261005,0.0,0.3349575466579861
155,val,1024,0.00021020500524307145,2.172651137624468,0.4916774204799107,0.6415235730154174,0.5556243413261005,0.0,0.3349575466579861
156,train,overall,0.0002090990081740812,2.209217509881263,0.4867568491820263,0.6329940180607441,0.5470346220405647,0.0,0.2758465001401345
156,train,1024,0.0002090990081740812,2.209217509881263,0.4867568491820263,0.6329940180607441,0.5470346220405647,0.0,0.2758465001401345
156,val,overall,0.0002090990081740812,2.159897106034415,0.49302503785916735,0.642928350184645,0.5575275729809489,0.0,0.329407222687252
156,val,1024,0.0002090990081740812,2.159897106034415,0.49302503785916735,0.642928350184645,0.5575275729809489,0.0,0.329407222687252
157,train,overall,0.00020798920869942618,2.2099762123261866,0.4866394864336792,0.6324733305939645,0.5465463407905647,0.0,0.2753625980941704
157,train,1024,0.00020798920869942618,2.2099762123261866,0.4866394864336792,0.6324733305939645,0.5465463407905647,0.0,0.2753625980941704
157,val,overall,0.00020798920869942618,2.1526529363223483,0.49434940410511835,0.6474531867674419,0.5600934709821429,0.0,0.32605949280753965
157,val,1024,0.00020798920869942618,2.1526529363223483,0.49434940410511835,0.6474531867674419,0.5600934709821429,0.0,0.32605949280753965
158,train,overall,0.00020687567883240386,2.2082196308358366,0.48699091755755813,0.6331994028369408,0.5470543284587261,0.0,0.27562929161995514
158,train,1024,0.00020687567883240386,2.2082196308358366,0.48699091755755813,0.6331994028369408,0.5470543284587261,0.0,0.27562929161995514
158,val,overall,0.00020687567883240386,2.1578770067010606,0.49426511781556265,0.6438913494348526,0.5593891452465739,0.0,0.32454475523933535
158,val,1024,0.00020687567883240386,2.1578770067010606,0.49426511781556265,0.6438913494348526,0.5593891452465739,0.0,0.32454475523933535
159,train,overall,0.00020575849082837163,2.206623226003262,0.487090763356119,0.6334536155777661,0.5467431860654344,0.0,0.274761114419843
159,train,1024,0.00020575849082837163,2.206623226003262,0.487090763356119,0.6334536155777661,0.5467431860654344,0.0,0.274761114419843
159,val,overall,0.00020575849082837163,2.162771774189813,0.49171132913657595,0.6429608059780938,0.5571933324847903,0.0,0.32389080713665674
159,val,1024,0.00020575849082837163,2.162771774189813,0.49171132913657595,0.6429608059780938,0.5571933324847903,0.0,0.32389080713665674
160,train,overall,0.00020463771718005807,2.2083685537090214,0.4874008110820445,0.6328965807709459,0.5467861022115288,0.0,0.27585350686659194
160,train,1024,0.00020463771718005807,2.2083685537090214,0.4874008110820445,0.6328965807709459,0.5467861022115288,0.0,0.27585350686659194
160,val,overall,0.00020463771718005807,2.1473358273506165,0.4956364706158638,0.6471979053957122,0.5614328533411026,0.0,0.32492452954489087
160,val,1024,0.00020463771718005807,2.1473358273506165,0.4956364706158638,0.6471979053957122,0.5614328533411026,0.0,0.32492452954489087
161,train,overall,0.00020351343061285904,2.2059178085070554,0.4874562079863698,0.6335552131648555,0.5476387332907706,0.0,0.2749796367012332
161,train,1024,0.00020351343061285904,2.2059178085070554,0.4874562079863698,0.6335552131648555,0.5476387332907706,0.0,0.2749796367012332
161,val,overall,0.00020351343061285904,2.1486684807709286,0.495694600045681,0.6453411770718438,0.5602010094693729,0.0,0.32457236638144843
161,val,1024,0.00020351343061285904,2.1486684807709286,0.495694600045681,0.6453411770718438,0.5602010094693729,0.0,0.32457236638144843
162,train,overall,0.00020238570408011877,2.205934480701327,0.4874500771274481,0.6337487737694129,0.5469923626147044,0.0,0.27479264468890136
162,train,1024,0.00020238570408011877,2.205934480701327,0.4874500771274481,0.6337487737694129,0.5469923626147044,0.0,0.27479264468890136
162,val,overall,0.00020238570408011877,2.2033619454928806,0.48705376578228815,0.6337023537073817,0.5492805604423795,0.0,0.3543274894593254
162,val,1024,0.00020238570408011877,2.2033619454928806,0.48705376578228815,0.6337023537073817,0.5492805604423795,0.0,0.3543274894593254
163,train,overall,0.0002012546107583959,2.2050830077697343,0.48799594488379133,0.6340062711805506,0.5480378975782694,0.0,0.27462842453755604
163,train,1024,0.0002012546107583959,2.2050830077697343,0.48799594488379133,0.6340062711805506,0.5480378975782694,0.0,0.27462842453755604
163,val,overall,0.0002012546107583959,2.150384843349457,0.4940471351146698,0.6472933334963662,0.5597306511231831,0.0,0.33120291573660715
163,val,1024,0.0002012546107583959,2.150384843349457,0.4940471351146698,0.6472933334963662,0.5597306511231831,0.0,0.33120291573660715
164,train,overall,0.00020012022404271496,2.202675141561192,0.48808243416349983,0.6346243956698431,0.5485334046218427,0.0,0.2736595256446188
164,train,1024,0.00020012022404271496,2.202675141561192,0.48808243416349983,0.6346243956698431,0.5485334046218427,0.0,0.2736595256446188
164,val,overall,0.00020012022404271496,2.1674873317990984,0.49431743366377695,0.6431104870779174,0.5578748913747924,0.0,0.3355204264322917
164,val,1024,0.00020012022404271496,2.1674873317990984,0.49431743366377695,0.6431104870779174,0.5578748913747924,0.0,0.3355204264322917
165,train,overall,0.00019898261754180456,2.2031666719325456,0.4877658177651632,0.6347192055441339,0.5485077863851471,0.0,0.2742303548906951
165,train,1024,0.00019898261754180456,2.2031666719325456,0.4877658177651632,0.6347192055441339,0.5485077863851471,0.0,0.2742303548906951
165,val,overall,0.00019898261754180456,2.1760195025375912,0.4906398228236607,0.6396760482873235,0.5543774802769933,0.0,0.33878677610367064
165,val,1024,0.00019898261754180456,2.1760195025375912,0.4906398228236607,0.6396760482873235,0.5543774802769933,0.0,0.33878677610367064
166,train,overall,0.00019784186507332017,2.202020826895675,0.488485539841545,0.6348030671410496,0.5488903097507665,0.0,0.2742119622337444
166,train,1024,0.00019784186507332017,2.202020826895675,0.488485539841545,0.6348030671410496,0.5488903097507665,0.0,0.2742119622337444
166,val,overall,0.00019784186507332017,2.16723227926663,0.49223158082791735,0.6407679000071117,0.556042383824076,0.0,0.3330126565600198
166,val,1024,0.00019784186507332017,2.16723227926663,0.49223158082791735,0.6407679000071117,0.556042383824076,0.0,0.3330126565600198
167,train,overall,0.0001966980406590546,2.2017415371710944,0.48828365850876265,0.6346068788536996,0.5485975600678824,0.0,0.27368645774943945
167,train,1024,0.0001966980406590546,2.2017415371710944,0.48828365850876265,0.6346068788536996,0.5485975600678824,0.0,0.27368645774943945
167,val,overall,0.0001966980406590546,2.1503532571452006,0.49391295441559385,0.6470845543912479,0.5603695820484843,0.0,0.3261805943080357
167,val,1024,0.0001966980406590546,2.1503532571452006,0.49391295441559385,0.6470845543912479,0.5603695820484843,0.0,0.3261805943080357
168,train,overall,0.00019555121852013514,2.1997614949273423,0.4885558261465064,0.6353062377916858,0.5491598497057175,0.0,0.27387410664237666
168,train,1024,0.00019555121852013514,2.1997614949273423,0.4885558261465064,0.6353062377916858,0.5491598497057175,0.0,0.27387410664237666
168,val,overall,0.00019555121852013514,2.1456616137708937,0.4961441286972591,0.6484258739011628,0.5618741480367524,0.0,0.3250325520833333
168,val,1024,0.00019555121852013514,2.1456616137708937,0.4961441286972591,0.6484258739011628,0.5618741480367524,0.0,0.3250325520833333
169,train,overall,0.0001944014730722068,2.200156347634012,0.4882928548639665,0.6353598830411252,0.5487431684684326,0.0,0.2728614157090807
169,train,1024,0.0001944014730722068,2.200156347634012,0.4882928548639665,0.6353598830411252,0.5487431684684326,0.0,0.2728614157090807
169,val,overall,0.0001944014730722068,2.1586706978934154,0.4929422044328281,0.6455150789448193,0.5581829739468438,0.0,0.3301536923363096
169,val,1024,0.0001944014730722068,2.1586706978934154,0.4929422044328281,0.6455150789448193,0.5581829739468438,0.0,0.3301536923363096
170,train,overall,0.000193248878920604,2.201557853296733,0.48836073252652257,0.6354494378171159,0.5486766045136302,0.0,0.27437092734024665
170,train,1024,0.000193248878920604,2.201557853296733,0.48836073252652257,0.6354494378171159,0.5486766045136302,0.0,0.27437092734024665
170,val,overall,0.000193248878920604,2.152852956737791,0.49573286729199545,0.6447492327008929,0.5597849041223526,0.0,0.32480827210441465
170,val,1024,0.000193248878920604,2.152852956737791,0.49573286729199545,0.6447492327008929,0.5597849041223526,0.0,0.32480827210441465
171,train,overall,0.00019209351085550965,2.1967816743080926,0.48918665043441706,0.6361028151127255,0.5493604171971035,0.0,0.2728230976737668
171,train,1024,0.00019209351085550965,2.1967816743080926,0.48918665043441706,0.6361028151127255,0.5493604171971035,0.0,0.2728230976737668
171,val,overall,0.00019209351085550965,2.1639824424471175,0.49264962332589285,0.6424056770546096,0.5571206712297031,0.0,0.32965862940228174
171,val,1024,0.00019209351085550965,2.1639824424471175,0.49264962332589285,0.6424056770546096,0.5571206712297031,0.0,0.32965862940228174
172,train,overall,0.00019093544384710166,2.197428625260768,0.4888350004037934,0.6361647806894619,0.5492180930659375,0.0,0.2721716910734305
172,train,1024,0.00019093544384710166,2.197428625260768,0.4888350004037934,0.6361647806894619,0.5492180930659375,0.0,0.2721716910734305
172,val,overall,0.00019093544384710166,2.146862451519285,0.49730767203228815,0.6482083765523774,0.5629999073488372,0.0,0.32323249937996035
172,val,1024,0.00019093544384710166,2.146862451519285,0.49730767203228815,0.6482083765523774,0.5629999073488372,0.0,0.32323249937996035
173,train,overall,0.00018977475304068875,2.1962279738866695,0.4892354786663312,0.6364027905891829,0.5499993431728517,0.0,0.27261596132286997
173,train,1024,0.00018977475304068875,2.1962279738866695,0.4892354786663312,0.6364027905891829,0.5499993431728517,0.0,0.27261596132286997
173,val,overall,0.00018977475304068875,2.161459752491542,0.49519178590604235,0.6428493921245847,0.5578681102820805,0.0,0.33664182632688494
173,val,1024,0.00018977475304068875,2.161459752491542,0.49519178590604235,0.6428493921245847,0.5578681102820805,0.0,0.33664182632688494
174,train,overall,0.00018861151375183387,2.193603273998996,0.4896731801631739,0.6369175659701428,0.55031968205499,0.0,0.27225007882567265
174,train,1024,0.00018861151375183387,2.193603273998996,0.4896731801631739,0.6369175659701428,0.55031968205499,0.0,0.27225007882567265
174,val,overall,0.00018861151375183387,2.1577608500208174,0.4940718391111919,0.6440977071012769,0.5587361657193729,0.0,0.3260086301773314
174,val,1024,0.00018861151375183387,2.1577608500208174,0.4940718391111919,0.6440977071012769,0.5587361657193729,0.0,0.3260086301773314
175,train,overall,0.00018744580146146762,2.1995407530010547,0.4891789868273543,0.6357610180238972,0.5493799047085202,0.0,0.2734854522841928
175,train,1024,0.00018744580146146762,2.1995407530010547,0.4891789868273543,0.6357610180238972,0.5493799047085202,0.0,0.2734854522841928
175,val,overall,0.00018744580146146762,2.143739191549165,0.49669102260044645,0.6480727419257164,0.562375508248806,0.0,0.3232625325520833
175,val,1024,0.00018744580146146762,2.143739191549165,0.49669102260044645,0.6480727419257164,0.562375508248806,0.0,0.3232625325520833
176,train,overall,0.0001862776918109899,2.1945718286283347,0.4893972903089138,0.6367191880807749,0.55018677305213,0.0,0.27204447519618835
176,train,1024,0.0001862776918109899,2.1945718286283347,0.4893972903089138,0.6367191880807749,0.55018677305213,0.0,0.27204447519618835
176,val,overall,0.0001862776918109899,2.166512838431767,0.4922499880194664,0.642533075596605,0.5573149185095515,0.0,0.3264678470672123
176,val,1024,0.0001862776918109899,2.166512838431767,0.4922499880194664,0.642533075596605,0.5573149185095515,0.0,0.3264678470672123
177,train,overall,0.00018510726059736194,2.194736106513327,0.4895483727145088,0.6366767097481698,0.549832495605999,0.0,0.27252640660033634
177,train,1024,0.00018510726059736194,2.194736106513327,0.4895483727145088,0.6366767097481698,0.549832495605999,0.0,0.27252640660033634
177,val,overall,0.00018510726059736194,2.1543529459408353,0.4958413743547031,0.6448320661272321,0.5608079699533326,0.0,0.3257378472222222
177,val,1024,0.00018510726059736194,2.1543529459408353,0.4958413743547031,0.6448320661272321,0.5608079699533326,0.0,0.3257378472222222
178,train,overall,0.000183934583768188,2.193176541093219,0.4897780620196475,0.6371976161216941,0.5505001050474397,0.0,0.27210884949551567
178,train,1024,0.000183934583768188,2.193176541093219,0.4897780620196475,0.6371976161216941,0.5505001050474397,0.0,0.27210884949551567
178,val,overall,0.000183934583768188,2.173623970576695,0.49197097016232355,0.6406017488666943,0.5555293975131852,0.0,0.3392416333395337
178,val,1024,0.000183934583768188,2.173623970576695,0.49197097016232355,0.6406017488666943,0.5555293975131852,0.0,0.3392416333395337
179,train,overall,0.000182759737416787,2.1930893162440825,0.4896729611227865,0.6369311413957399,0.5505121478585384,0.0,0.2720633057735426
179,train,1024,0.000182759737416787,2.1930893162440825,0.4896729611227865,0.6369311413957399,0.5505121478585384,0.0,0.2720633057735426
179,val,overall,0.000182759737416787,2.1423986511571065,0.49704173313719885,0.648496113717556,0.5627669074705669,0.0,0.32474190848214285
179,val,1024,0.000182759737416787,2.1423986511571065,0.49704173313719885,0.648496113717556,0.5627669074705669,0.0,0.32474190848214285
180,train,overall,0.00018158279777725497,2.193525264081399,0.48953457824852437,0.636774147037968,0.5502835536216941,0.0,0.27175522876961883
180,train,1024,0.00018158279777725497,2.193525264081399,0.48953457824852437,0.636774147037968,0.5502835536216941,0.0,0.27175522876961883
180,val,overall,0.00018158279777725497,2.176776349544525,0.4929819256067276,0.6407683842948505,0.5563315738524709,0.0,0.33581930493551587
180,val,1024,0.00018158279777725497,2.176776349544525,0.4929819256067276,0.6407683842948505,0.5563315738524709,0.0,0.33581930493551587
181,train,overall,0.00018040384121951862,2.191254501385539,0.4901150416900224,0.637714581104672,0.5510553883330169,0.0,0.2711561536575112
181,train,1024,0.00018040384121951862,2.191254501385539,0.4901150416900224,0.637714581104672,0.5510553883330169,0.0,0.2711561536575112
181,val,overall,0.00018040384121951862,2.1621360225336894,0.49403211793729235,0.6442284967218127,0.5584978376116071,0.0,0.33108762710813494
181,val,1024,0.00018040384121951862,2.1621360225336894,0.49403211793729235,0.6442284967218127,0.5584978376116071,0.0,0.33108762710813494
182,train,overall,0.0001792229442443794,2.191839422345696,0.48981988349837574,0.6374649664746271,0.5503367607903588,0.0,0.27207512962443947
182,train,1024,0.0001792229442443794,2.191839422345696,0.48981988349837574,0.6374649664746271,0.5503367607903588,0.0,0.27207512962443947
182,val,overall,0.0001792229442443794,2.147510805300304,0.4971938356757164,0.6473112564001765,0.5612313406808036,0.0,0.32602219354538686
182,val,1024,0.0001792229442443794,2.147510805300304,0.4971938356757164,0.6473112564001765,0.5612313406808036,0.0,0.32602219354538686
183,train,overall,0.0001780401834785497,2.18683974732198,0.49067251431033215,0.6387605538817265,0.5520124633216003,0.0,0.2706105048346412
183,train,1024,0.0001780401834785497,2.18683974732198,0.49067251431033215,0.6387605538817265,0.5520124633216003,0.0,0.2706105048346412
183,val,overall,0.0001780401834785497,2.17140560064997,0.48992338670151575,0.6403498575091362,0.554553319300924,0.0,0.33613029358878965
183,val,1024,0.0001780401834785497,2.17140560064997,0.48992338670151575,0.6403498575091362,0.554553319300924,0.0,0.33613029358878965
184,train,overall,0.00017685563566968075,2.1881615025045624,0.49037450952914796,0.6385564830805689,0.5515384144847169,0.0,0.2710683506165919
184,train,1024,0.00017685563566968075,2.1881615025045624,0.49037450952914796,0.6385564830805689,0.5515384144847169,0.0,0.2710683506165919
184,val,overall,0.00017685563566968075,2.156321721417563,0.49463375019175665,0.6435391870992524,0.558286152780056,0.0,0.3274453783792163
184,val,1024,0.00017685563566968075,2.156321721417563,0.49463375019175665,0.6435391870992524,0.558286152780056,0.0,0.3274453783792163
185,train,overall,0.00017566937768138225,2.1870897243910306,0.49109401269878505,0.6392670089353895,0.55189575742713,0.0,0.2708732570767937
185,train,1024,0.00017566937768138225,2.1870897243910306,0.49109401269878505,0.6392670089353895,0.55189575742713,0.0,0.2708732570767937
185,val,overall,0.00017566937768138225,2.141808901514326,0.49652680861098425,0.6487576929586274,0.5621061782751765,0.0,0.32188633510044645
185,val,1024,0.00017566937768138225,2.141808901514326,0.49652680861098425,0.6487576929586274,0.5621061782751765,0.0,0.32188633510044645
186,train,overall,0.00017448148648823515,2.186702097477934,0.49043450467789657,0.6387728155995698,0.552000858323991,0.0,0.2703087776765695
186,train,1024,0.00017448148648823515,2.186702097477934,0.49043450467789657,0.6387728155995698,0.552000858323991,0.0,0.2703087776765695
186,val,overall,0.00017448148648823515,2.1530609258583615,0.49540734716824125,0.6443050322788102,0.5594613211495536,0.0,0.3260284908234127
186,val,1024,0.00017448148648823515,2.1530609258583615,0.49540734716824125,0.6443050322788102,0.5594613211495536,0.0,0.3260284908234127
187,train,overall,0.0001732920391707966,2.186653022808879,0.490487055126327,0.6383795631306054,0.5514258688875378,0.0,0.2703470957118834
187,train,1024,0.0001732920391707966,2.186653022808879,0.490487055126327,0.6383795631306054,0.5514258688875378,0.0,0.2703470957118834
187,val,overall,0.0001732920391707966,2.1498413383960724,0.49513559469154905,0.6467183434537479,0.5605095763291631,0.0,0.32333277142237105
187,val,1024,0.0001732920391707966,2.1498413383960724,0.49513559469154905,0.6467183434537479,0.5605095763291631,0.0,0.32333277142237105
188,train,overall,0.00017210111291059857,2.1864547023858725,0.49076973269338564,0.6385326163651163,0.5518416743642012,0.0,0.2700436168721973
188,train,1024,0.00017210111291059857,2.1864547023858725,0.49076973269338564,0.6385326163651163,0.5518416743642012,0.0,0.2700436168721973
188,val,overall,0.00017210111291059857,2.1687684740339006,0.49412803032568525,0.6412266322544643,0.5568944535085133,0.0,0.33600095718625994
188,val,1024,0.00017210111291059857,2.1687684740339006,0.49412803032568525,0.6412266322544643,0.5568944535085133,0.0,0.33600095718625994
189,train,overall,0.00017090878498513936,2.1846988928157653,0.49086279077914796,0.6391588425422463,0.5522202566065596,0.0,0.26990173066143497
189,train,1024,0.00017090878498513936,2.1846988928157653,0.49086279077914796,0.6391588425422463,0.5522202566065596,0.0,0.26990173066143497
189,val,overall,0.00017090878498513936,2.1587541486535753,0.4942723831960133,0.6443021265523774,0.5585869689072881,0.0,0.3355184888082837
189,val,1024,0.00017090878498513936,2.1587541486535753,0.4942723831960133,0.6443021265523774,0.5585869689072881,0.0,0.3355184888082837
190,train,overall,0.00016971513276286938,2.186133658404842,0.4911791882707399,0.6390957818972156,0.5525084081786631,0.0,0.27043270915078477
190,train,1024,0.00016971513276286938,2.186133658404842,0.4911791882707399,0.6390957818972156,0.5525084081786631,0.0,0.27043270915078477
190,val,overall,0.00016971513276286938,2.140755840710231,0.4977397620677948,0.6482950842806271,0.5621885274137769,0.0,0.3274642702132936
190,val,1024,0.00016971513276286938,2.140755840710231,0.4977397620677948,0.6482950842806271,0.5621885274137769,0.0,0.3274642702132936
191,train,overall,0.00016852023369817075,2.184572819637076,0.491326767500206,0.6390874615699187,0.552439435715098,0.0,0.2696221184837444
191,train,1024,0.00016852023369817075,2.184572819637076,0.491326767500206,0.6390874615699187,0.552439435715098,0.0,0.2696221184837444
191,val,overall,0.00016852023369817075,2.1449453064373563,0.4966188466974667,0.6477302674736295,0.562237452183451,0.0,0.323119632781498
191,val,1024,0.00016852023369817075,2.1449453064373563,0.4966188466974667,0.6477302674736295,0.562237452183451,0.0,0.323119632781498
192,train,overall,0.00016732416532633148,2.182623413111597,0.4912665534447127,0.6400692791682188,0.5524153500929007,0.0,0.2693989980381166
192,train,1024,0.00016732416532633148,2.182623413111597,0.4912665534447127,0.6400692791682188,0.5524153500929007,0.0,0.2693989980381166
192,val,overall,0.00016732416532633148,2.13967735852514,0.49776785714285715,0.6495739168354443,0.5630129863108907,0.0,0.3206501309833829
192,val,1024,0.00016732416532633148,2.13967735852514,0.49776785714285715,0.6495739168354443,0.5630129863108907,0.0,0.3206501309833829
193,train,overall,0.00016612700525851418,2.1829809987491555,0.4914631796791949,0.6401290551429372,0.5528992521388648,0.0,0.27034381130885654
193,train,1024,0.00016612700525851418,2.1829809987491555,0.4914631796791949,0.6401290551429372,0.5528992521388648,0.0,0.27034381130885654
193,val,overall,0.00016612700525851418,2.141799134867532,0.4967539959720203,0.646848164498806,0.5613858667867524,0.0,0.32398720393105157
193,val,1024,0.00016612700525851418,2.141799134867532,0.4967539959720203,0.646848164498806,0.5613858667867524,0.0,0.32398720393105157
194,train,overall,0.00016492883117672,2.1816845496139186,0.4919028517376682,0.6399720607851653,0.5533117732125012,0.0,0.2699472743834081
194,train,1024,0.00016492883117672,2.1816845496139186,0.4919028517376682,0.6399720607851653,0.5533117732125012,0.0,0.2699472743834081
194,val,overall,0.00016492883117672,2.1555861702987125,0.4949544274381229,0.6444256497280938,0.5597364636404174,0.0,0.32480149042038686
194,val,1024,0.00016492883117672,2.1555861702987125,0.4949544274381229,0.6444256497280938,0.5597364636404174,0.0,0.32480149042038686
195,train,overall,0.00016372972082874808,2.181945597644344,0.4913466928251121,0.6400734391982246,0.5529645021186281,0.0,0.27038409998598656
195,train,1024,0.00016372972082874808,2.181945597644344,0.4913466928251121,0.6400734391982246,0.5529645021186281,0.0,0.27038409998598656
195,val,overall,0.00016372972082874808,2.148222552878516,0.497067891061306,0.6473427425537791,0.5606563506381852,0.0,0.32820347377232145
195,val,1024,0.00016372972082874808,2.148222552878516,0.497067891061306,0.6473427425537791,0.5606563506381852,0.0,0.32820347377232145
196,train,overall,0.00016252975202315053,2.181303400629839,0.49155908422085204,0.6401743800650798,0.5532025120183491,0.0,0.26951285734304936
196,train,1024,0.00016252975202315053,2.181303400629839,0.49155908422085204,0.6401743800650798,0.5532025120183491,0.0,0.26951285734304936
196,val,overall,0.00016252975202315053,2.164093396493367,0.49429805683238165,0.6422225715858596,0.5568731395261628,0.0,0.336882091703869
196,val,1024,0.00016252975202315053,2.164093396493367,0.49429805683238165,0.6422225715858596,0.5568731395261628,0.0,0.336882091703869
197,train,overall,0.00016132900262418346,2.1799928553970407,0.4919183979921811,0.6405304092997393,0.5536614525478517,0.0,0.2691863876821749
197,train,1024,0.00016132900262418346,2.1799928553970407,0.4919183979921811,0.6405304092997393,0.5536614525478517,0.0,0.2691863876821749
197,val,overall,0.00016132900262418346,2.147043687956674,0.4963780960866383,0.6459340900182724,0.561908055629049,0.0,0.32207476903521826
197,val,1024,0.00016132900262418346,2.147043687956674,0.4963780960866383,0.6459340900182724,0.561908055629049,0.0,0.32207476903521826
198,train,overall,0.00016012755054675468,2.1800203665489573,0.49172133381056676,0.6403064129063901,0.5534698623712822,0.0,0.26983363403867716
198,train,1024,0.00016012755054675468,2.1800203665489573,0.49172133381056676,0.6403064129063901,0.5534698623712822,0.0,0.26983363403867716
198,val,overall,0.00016012755054675468,2.1628492644854953,0.4930788076349667,0.6434539311698505,0.5575919981513705,0.0,0.327757335844494
198,val,1024,0.00016012755054675468,2.1628492644854953,0.4930788076349667,0.6434539311698505,0.5575919981513705,0.0,0.327757335844494
199,train,overall,0.00015892547375136773,2.1788612117681803,0.4921557507707399,0.6403968435766451,0.5535824079684613,0.0,0.26875
199,train,1024,0.00015892547375136773,2.1788612117681803,0.4921557507707399,0.6403968435766451,0.5535824079684613,0.0,0.26875
199,val,overall,0.00015892547375136773,2.148017261709486,0.49389115614550455,0.6462630012205669,0.5592210558908326,0.0,0.3217129177517361
199,val,1024,0.00015892547375136773,2.148017261709486,0.49389115614550455,0.6462630012205669,0.5592210558908326,0.0,0.3217129177517361
200,train,overall,0.0001577228502390633,2.176047748514355,0.4926052760382939,0.6418647528229273,0.5543220553697492,0.0,0.26809333835482063
200,train,1024,0.0001577228502390633,2.176047748514355,0.4926052760382939,0.6418647528229273,0.5543220553697492,0.0,0.26809333835482063
200,val,overall,0.0001577228502390633,2.1627075161252702,0.4931035116314888,0.6430460608431271,0.5583467025841985,0.0,0.3336811368427579
200,val,1024,0.0001577228502390633,2.1627075161252702,0.4931035116314888,0.6430460608431271,0.5583467025841985,0.0,0.3336811368427579
201,train,overall,0.00015651975804635755,2.1759352128067357,0.49231865721433155,0.641910734465304,0.5542027220597716,0.0,0.2686144636350897
201,train,1024,0.00015651975804635755,2.1759352128067357,0.49231865721433155,0.641910734465304,0.5542027220597716,0.0,0.2686144636350897
201,val,overall,0.00015651975804635755,2.156990668603352,0.49643235015017645,0.6447109643902097,0.5605754554271698,0.0,0.32537938678075395
201,val,1024,0.00015651975804635755,2.156990668603352,0.49643235015017645,0.6447109643902097,0.5605754554271698,0.0,0.32537938678075395
202,train,overall,0.00015531627524017884,2.177576269804095,0.49232982413116594,0.6414156652352201,0.5541315599941886,0.0,0.2688226947869955
202,train,1024,0.00015531627524017884,2.177576269804095,0.49232982413116594,0.6414156652352201,0.5541315599941886,0.0,0.2688226947869955
202,val,overall,0.00015531627524017884,2.146762196506773,0.49544755262987955,0.6464446538261005,0.5602208695241383,0.0,0.3222554524739583
202,val,1024,0.00015531627524017884,2.146762196506773,0.49544755262987955,0.6464446538261005,0.5602208695241383,0.0,0.3222554524739583
203,train,overall,0.00015411247991280178,2.1757318406896204,0.4925711183002711,0.641877890435035,0.5545675099697883,0.0,0.2675995830997758
203,train,1024,0.00015411247991280178,2.1757318406896204,0.4925711183002711,0.641877890435035,0.5545675099697883,0.0,0.2675995830997758
203,val,overall,0.00015411247991280178,2.15536562034062,0.49501158722809385,0.6442265585064888,0.5594826351319041,0.0,0.32724774073040674
203,val,1024,0.00015411247991280178,2.15536562034062,0.49501158722809385,0.6442265585064888,0.5594826351319041,0.0,0.32724774073040674
204,train,overall,0.00015290845017678004,2.1747719225862103,0.4927359953054933,0.6424143429294296,0.5545287538536996,0.0,0.26822121111266817
204,train,1024,0.00015290845017678004,2.1747719225862103,0.4927359953054933,0.6424143429294296,0.5545287538536996,0.0,0.26822121111266817
204,val,overall,0.00015290845017678004,2.1385293900966644,0.49800424703529905,0.6488613550152097,0.5638141940746989,0.0,0.31105792333209326
204,val,1024,0.00015290845017678004,2.1385293900966644,0.49800424703529905,0.6488613550152097,0.5638141940746989,0.0,0.31105792333209326
205,train,overall,0.0001517042641598778,2.1740565813175765,0.4931274961195719,0.6424449973576807,0.5550032407713578,0.0,0.2683074814321749
205,train,1024,0.0001517042641598778,2.1740565813175765,0.4931274961195719,0.6424449973576807,0.5550032407713578,0.0,0.2683074814321749
205,val,overall,0.0001517042641598778,2.1487100081784383,0.495084248483181,0.6476115882396698,0.5611223493303571,0.0,0.3229166666666667
205,val,1024,0.0001517042641598778,2.1487100081784383,0.495084248483181,0.6476115882396698,0.5611223493303571,0.0,0.3229166666666667
206,train,overall,0.0001505,2.1753785449827734,0.4927830717488789,0.6422873460123891,0.5547777117635102,0.0,0.2689072134248879
206,train,1024,0.0001505,2.1753785449827734,0.4927830717488789,0.6422873460123891,0.5547777117635102,0.0,0.2689072134248879
206,val,overall,0.0001505,2.139937128339495,0.49749998109681265,0.6489039829799107,0.5633050831300872,0.0,0.31463235522073413
206,val,1024,0.0001505,2.139937128339495,0.49749998109681265,0.6489039829799107,0.5633050831300872,0.0,0.31463235522073413
207,train,overall,0.00014929573584012223,2.1718718652767985,0.49332302768668784,0.6429856098820811,0.5556986583187976,0.0,0.26762191704035876
207,train,1024,0.00014929573584012223,2.1718718652767985,0.49332302768668784,0.6429856098820811,0.5556986583187976,0.0,0.26762191704035876
207,val,overall,0.00014929573584012223,2.1633276769093106,0.4919971280864307,0.6422603545444352,0.5570954818810735,0.0,0.3297932942708333
207,val,1024,0.00014929573584012223,2.1633276769093106,0.4919971280864307,0.6422603545444352,0.5570954818810735,0.0,0.3297932942708333
208,train,overall,0.00014809154982321995,2.1717972627135134,0.49317895190063615,0.6428542337610048,0.5556064761272995,0.0,0.26801889188621075
208,train,1024,0.00014809154982321995,2.1717972627135134,0.49317895190063615,0.6428542337610048,0.5556064761272995,0.0,0.26801889188621075
208,val,overall,0.00014809154982321995,2.1363100239208768,0.49716525631291525,0.6492358009730067,0.56353759765625,0.0,0.3221367730034722
208,val,1024,0.00014809154982321995,2.1363100239208768,0.49716525631291525,0.6492358009730067,0.56353759765625,0.0,0.3221367730034722
209,train,overall,0.00014688752008719822,2.1721101919097214,0.4931180808576233,0.6423806230048962,0.5551897947563719,0.0,0.2678043108884529
209,train,1024,0.00014688752008719822,2.1721101919097214,0.4931180808576233,0.6423806230048962,0.5551897947563719,0.0,0.2678043108884529
209,val,overall,0.00014688752008719822,2.1603614730494365,0.4951385014823505,0.6433846609933036,0.5594710090330669,0.0,0.3274516756572421
209,val,1024,0.00014688752008719822,2.1603614730494365,0.4951385014823505,0.6433846609933036,0.5594710090330669,0.0,0.3274516756572421
210,train,overall,0.00014568372475982114,2.1720280369301013,0.4932247145026254,0.6426569506726457,0.5551628625446371,0.0,0.2670817422225336
210,train,1024,0.00014568372475982114,2.1720280369301013,0.4932247145026254,0.6426569506726457,0.5551628625446371,0.0,0.2670817422225336
210,val,overall,0.00014568372475982114,2.140386555876051,0.4957173668912479,0.6475302076765469,0.5621996681605067,0.0,0.31330895802331354
210,val,1024,0.00014568372475982114,2.140386555876051,0.4957173668912479,0.6475302076765469,0.5621996681605067,0.0,0.31330895802331354
211,train,overall,0.00014448024195364245,2.1698233824674324,0.493706645986959,0.6434198080691521,0.5560225005107076,0.0,0.2680160454035874
211,train,1024,0.00014448024195364245,2.1698233824674324,0.493706645986959,0.6434198080691521,0.5560225005107076,0.0,0.2680160454035874
211,val,overall,0.00014448024195364245,2.1361857439790453,0.4979039749928883,0.6495671346783638,0.5632547044328281,0.0,0.31673564608134924
211,val,1024,0.00014448024195364245,2.1361857439790453,0.4979039749928883,0.6495671346783638,0.5632547044328281,0.0,0.31673564608134924
212,train,overall,0.00014327714976093667,2.1696699873748915,0.4936536575913964,0.6437458398630801,0.5557823010089686,0.0,0.26742375805773544
212,train,1024,0.00014327714976093667,2.1696699873748915,0.4936536575913964,0.6437458398630801,0.5557823010089686,0.0,0.26742375805773544
212,val,overall,0.00014327714976093667,2.1666079120976582,0.49421861448458265,0.6415434341345515,0.5579315668770245,0.0,0.3362683492993552
212,val,1024,0.00014327714976093667,2.1666079120976582,0.49421861448458265,0.6415434341345515,0.5579315668770245,0.0,0.3362683492993552
213,train,overall,0.00014207452624863222,2.1690331050633316,0.4936591315964412,0.6436433663817265,0.5559036050142194,0.0,0.26788335552130044
213,train,1024,0.00014207452624863222,2.1690331050633316,0.4936591315964412,0.6436433663817265,0.5559036050142194,0.0,0.26788335552130044
213,val,overall,0.00014207452624863222,2.135442493217332,0.49771554129464285,0.6490095832518169,0.5637478296245847,0.0,0.3159567212301587
213,val,1024,0.00014207452624863222,2.135442493217332,0.49771554129464285,0.6490095832518169,0.5637478296245847,0.0,0.3159567212301587
214,train,overall,0.00014087244945324532,2.1680948221095475,0.4940593908185916,0.6441804758636406,0.5564759670351653,0.0,0.26601431123878927
214,train,1024,0.00014087244945324532,2.1680948221095475,0.4940593908185916,0.6441804758636406,0.5564759670351653,0.0,0.26601431123878927
214,val,overall,0.00014087244945324532,2.1525246798992157,0.49452379026583265,0.6457088408725602,0.5603734574147633,0.0,0.32391648065476186
214,val,1024,0.00014087244945324532,2.1525246798992157,0.49452379026583265,0.6457088408725602,0.5603734574147633,0.0,0.32391648065476186
215,train,overall,0.00013967099737581653,2.1683587012269574,0.49385882319356295,0.643967865561156,0.5564120304958703,0.0,0.26615729225056056
215,train,1024,0.00013967099737581653,2.1683587012269574,0.49385882319356295,0.643967865561156,0.5564120304958703,0.0,0.26615729225056056
215,val,overall,0.00013967099737581653,2.135042037282671,0.49870276131800245,0.6495995904718127,0.5647738022463662,0.0,0.32306150406125994
215,val,1024,0.00013967099737581653,2.135042037282671,0.49870276131800245,0.6495995904718127,0.5647738022463662,0.0,0.32306150406125994
216,train,overall,0.00013847024797684952,2.1653248173238984,0.49474276555493274,0.6446580280102956,0.5571772964011393,0.0,0.2661443735986547
216,train,1024,0.00013847024797684952,2.1653248173238984,0.49474276555493274,0.6446580280102956,0.5571772964011393,0.0,0.2661443735986547
216,val,overall,0.00013847024797684952,2.1613863664013997,0.493955098092556,0.6428242038403239,0.5578380769916943,0.0,0.33015466114831354
216,val,1024,0.00013847024797684952,2.1613863664013997,0.493955098092556,0.6428242038403239,0.5578380769916943,0.0,0.33015466114831354
217,train,overall,0.00013727027917125192,2.164229206974731,0.4946271545951142,0.644985592418722,0.5569285576653588,0.0,0.2658303846692825
217,train,1024,0.00013727027917125192,2.164229206974731,0.4946271545951142,0.644985592418722,0.5569285576653588,0.0,0.2658303846692825
217,val,overall,0.00013727027917125192,2.1594002289431438,0.49391489156654905,0.6433342833604131,0.5587177585278239,0.0,0.32364666651165674
217,val,1024,0.00013727027917125192,2.1594002289431438,0.49391489156654905,0.6433342833604131,0.5587177585278239,0.0,0.32364666651165674
218,train,overall,0.00013607116882328001,2.165207785875808,0.49497311184759096,0.6453186308321931,0.5575361722253364,0.0,0.26597467944226455
218,train,1024,0.00013607116882328001,2.165207785875808,0.49497311184759096,0.6453186308321931,0.5575361722253364,0.0,0.26597467944226455
218,val,overall,0.00013607116882328001,2.1478187271526883,0.4965224489569664,0.6465362065604755,0.5617094497595515,0.0,0.32768273732018854
218,val,1024,0.00013607116882328001,2.1478187271526883,0.4965224489569664,0.6465362065604755,0.5617094497595515,0.0,0.32768273732018854
219,train,overall,0.0001348729947414858,2.164596761823235,0.4950490909306992,0.6451482799555689,0.5574457418223667,0.0,0.2646490943806054
219,train,1024,0.0001348729947414858,2.164596761823235,0.4950490909306992,0.6451482799555689,0.5574457418223667,0.0,0.2646490943806054
219,val,overall,0.0001348729947414858,2.145002475806645,0.4968581423163414,0.6475258480225291,0.5625125946743148,0.0,0.31618148561507936
219,val,1024,0.0001348729947414858,2.145002475806645,0.4968581423163414,0.6475258480225291,0.5625125946743148,0.0,0.31618148561507936
220,train,overall,0.0001336758346736685,2.1656460355750116,0.49465583832809207,0.6444835168363802,0.5566415008942642,0.0,0.26669089826233183
220,train,1024,0.0001336758346736685,2.1656460355750116,0.49465583832809207,0.6444835168363802,0.5566415008942642,0.0,0.26669089826233183
220,val,overall,0.0001336758346736685,2.1533816499369487,0.4947408043912479,0.6443554109760693,0.5594119120921407,0.0,0.3203803168402778
220,val,1024,0.0001336758346736685,2.1533816499369487,0.4947408043912479,0.6443554109760693,0.5594119120921407,0.0,0.3203803168402778
221,train,overall,0.0001324797663018292,2.1638141416113474,0.4950039851825868,0.6451579142579049,0.5575528131472156,0.0,0.26606992713004485
221,train,1024,0.0001324797663018292,2.1638141416113474,0.4950039851825868,0.6451579142579049,0.5575528131472156,0.0,0.26606992713004485
221,val,overall,0.0001324797663018292,2.1564936339855194,0.4950953892299107,0.6437101821814265,0.5593155154160091,0.0,0.3242047022259425
221,val,1024,0.0001324797663018292,2.1564936339855194,0.4950953892299107,0.6437101821814265,0.5593155154160091,0.0,0.3242047022259425
222,train,overall,0.00013128486723713062,2.164134545176553,0.4951193771020179,0.6451209099303447,0.5576055827696762,0.0,0.2653874281810538
222,train,1024,0.00013128486723713062,2.164134545176553,0.4951193771020179,0.6451209099303447,0.5576055827696762,0.0,0.2653874281810538
222,val,overall,0.00013128486723713062,2.1445637004716054,0.4960424027272633,0.6469029017857143,0.5610739088484219,0.0,0.3204481336805555
222,val,1024,0.00013128486723713062,2.1445637004716054,0.4960424027272633,0.6469029017857143,0.5610739088484219,0.0,0.3204481336805555
223,train,overall,0.00013009121501486064,2.161475507667781,0.49510799114479614,0.6457742872259542,0.5574849354846595,0.0,0.2652978734585202
223,train,1024,0.00013009121501486064,2.161475507667781,0.49510799114479614,0.6457742872259542,0.5574849354846595,0.0,0.2652978734585202
223,val,overall,0.00013009121501486064,2.1518052220344543,0.494992695748806,0.6458178322230067,0.5596439423305648,0.0,0.32506549169146826
223,val,1024,0.00013009121501486064,2.1518052220344543,0.494992695748806,0.6458178322230067,0.5596439423305648,0.0,0.32506549169146826
224,train,overall,0.00012889888708940143,2.1629858952466683,0.49485859555513867,0.6448007899549509,0.5574332609304933,0.0,0.2665849215246637
224,train,1024,0.00012889888708940143,2.1629858952466683,0.49485859555513867,0.6448007899549509,0.5574332609304933,0.0,0.2665849215246637
224,val,overall,0.00012889888708940143,2.140994208199637,0.49628896585532595,0.6482781310166631,0.5613393634557724,0.0,0.31409805540054564
224,val,1024,0.00012889888708940143,2.140994208199637,0.49628896585532595,0.6482781310166631,0.5613393634557724,0.0,0.31409805540054564
225,train,overall,0.00012770796082920335,2.162901545853893,0.49495712764594585,0.6450880659000756,0.5572867765020362,0.0,0.265661128433296
225,train,1024,0.00012770796082920335,2.162901545853893,0.49495712764594585,0.6450880659000756,0.5572867765020362,0.0,0.265661128433296
225,val,overall,0.00012770796082920335,2.1582326846463338,0.49478536950690405,0.644134521484375,0.5594060985105378,0.0,0.32637290349082343
225,val,1024,0.00012770796082920335,2.1582326846463338,0.49478536950690405,0.644134521484375,0.5594060985105378,0.0,0.32637290349082343
226,train,overall,0.00012651851351176485,2.1608875043723614,0.49538738444247055,0.6459987214327928,0.5578376805835775,0.0,0.26526043126401344
226,train,1024,0.00012651851351176485,2.1608875043723614,0.49538738444247055,0.6459987214327928,0.5578376805835775,0.0,0.26526043126401344
226,val,overall,0.00012651851351176485,2.1547528505325317,0.49485463968345095,0.6434984962855067,0.5586673798305648,0.0,0.32626052129836314
226,val,1024,0.00012651851351176485,2.1547528505325317,0.49485463968345095,0.6434984962855067,0.5586673798305648,0.0,0.32626052129836314
227,train,overall,0.00012533062231861772,2.161531329689539,0.49487852088004486,0.6458309977043905,0.5576684242406769,0.0,0.266225826793722
227,train,1024,0.00012533062231861772,2.161531329689539,0.49487852088004486,0.6458309977043905,0.5576684242406769,0.0,0.266225826793722
227,val,overall,0.00012533062231861772,2.151218972035817,0.4948924237063953,0.6449948261891093,0.5597597158380917,0.0,0.32530963231646826
227,val,1024,0.00012533062231861772,2.151218972035817,0.4948924237063953,0.6449948261891093,0.5597597158380917,0.0,0.32530963231646826
228,train,overall,0.00012414436433031927,2.1605503676718127,0.4956411593698065,0.6463948202240093,0.5584183629318203,0.0,0.26561427095011214
228,train,1024,0.00012414436433031927,2.1605503676718127,0.4956411593698065,0.6463948202240093,0.5584183629318203,0.0,0.26561427095011214
228,val,overall,0.00012414436433031927,2.153772132737296,0.4933999681047031,0.6447187151227679,0.5589856345738683,0.0,0.3232044038318453
228,val,1024,0.00012414436433031927,2.153772132737296,0.4933999681047031,0.6447187151227679,0.5589856345738683,0.0,0.3232044038318453
229,train,overall,0.00012295981652145032,2.1575137489045146,0.4958029710123892,0.6469551394338565,0.5586498037582021,0.0,0.26503052305213004
229,train,1024,0.00012295981652145032,2.1575137489045146,0.4958029710123892,0.6469551394338565,0.5586498037582021,0.0,0.26503052305213004
229,val,overall,0.00012295981652145032,2.1588950412614003,0.4951975994876453,0.6433880520718438,0.559201680123806,0.0,0.3262183779761904
229,val,1024,0.00012295981652145032,2.1588950412614003,0.4951975994876453,0.6433880520718438,0.559201680123806,0.0,0.3262183779761904
230,train,overall,0.00012177705575562059,2.160342468809119,0.4952949833442277,0.6463111775338383,0.558271221783129,0.0,0.2653462636631166
230,train,1024,0.00012177705575562059,2.160342468809119,0.4952949833442277,0.6463111775338383,0.558271221783129,0.0,0.2653462636631166
230,val,overall,0.00012177705575562059,2.1440875232219696,0.49821351042815615,0.6475520059466362,0.5628584602049419,0.0,0.32177104647197424
230,val,1024,0.00012177705575562059,2.1440875232219696,0.49821351042815615,0.6475520059466362,0.5628584602049419,0.0,0.32177104647197424
231,train,overall,0.00012059615878048135,2.1580762414119703,0.4961125806575399,0.6471795736406951,0.5589666393305689,0.0,0.26478660138733184
231,train,1024,0.00012059615878048135,2.1580762414119703,0.4961125806575399,0.6471795736406951,0.5589666393305689,0.0,0.26478660138733184
231,val,overall,0.00012059615878048135,2.15738599215235,0.49398174030440195,0.6432034937398774,0.5589197554758617,0.0,0.3257838657924107
231,val,1024,0.00012059615878048135,2.15738599215235,0.49398174030440195,0.6432034937398774,0.5589197554758617,0.0,0.3257838657924107
232,train,overall,0.00011941720222274498,2.1571061643249787,0.49597901480080303,0.6473225547593805,0.5587408914159766,0.0,0.2646517219030269
232,train,1024,0.00011941720222274498,2.1571061643249787,0.49597901480080303,0.6473225547593805,0.5587408914159766,0.0,0.2646517219030269
232,val,overall,0.00011941720222274498,2.1441292890480588,0.49616544267960955,0.6475985092776162,0.5617893763950893,0.0,0.3177044580853175
232,val,1024,0.00011941720222274498,2.1441292890480588,0.49616544267960955,0.6475985092776162,0.5617893763950893,0.0,0.3177044580853175
233,train,overall,0.00011824026258321299,2.1573299639962715,0.4956917391229638,0.646934338214686,0.5586316302218245,0.0,0.26460661610145736
233,train,1024,0.00011824026258321299,2.1573299639962715,0.4956917391229638,0.646934338214686,0.5586316302218245,0.0,0.26460661610145736
233,val,overall,0.00011824026258321299,2.144038532461439,0.49686928412743975,0.6466074138879776,0.5610254683664867,0.0,0.3232475159660218
233,val,1024,0.00011824026258321299,2.144038532461439,0.49686928412743975,0.6466074138879776,0.5610254683664867,0.0,0.3232475159660218
234,train,overall,0.00011706541623181195,2.156096615598875,0.49621067480121495,0.6473087601597534,0.5591247284893498,0.0,0.2648901695627803
234,train,1024,0.00011706541623181195,2.156096615598875,0.49621067480121495,0.6473087601597534,0.5591247284893498,0.0,0.2648901695627803
234,val,overall,0.00011706541623181195,2.144076257944107,0.49661593990666525,0.6476634198001453,0.562945653285299,0.0,0.3173440600198413
234,val,1024,0.00011706541623181195,2.144076257944107,0.49661593990666525,0.6476634198001453,0.562945653285299,0.0,0.3173440600198413
235,train,overall,0.00011589273940263804,2.1546490427624483,0.496288186766107,0.648053224845852,0.5596077546410496,0.0,0.2642398577634529
235,train,1024,0.00011589273940263804,2.1546490427624483,0.496288186766107,0.648053224845852,0.5596077546410496,0.0,0.2642398577634529
235,val,overall,0.00011589273940263804,2.144723815577371,0.4946066236921719,0.6482364716274398,0.5616154745221138,0.0,0.318238757905506
235,val,1024,0.00011589273940263804,2.144723815577371,0.4946066236921719,0.6482364716274398,0.5616154745221138,0.0,0.318238757905506
236,train,overall,0.00011472230818901012,2.15417213557547,0.4963628521414616,0.6480670194454792,0.5593997424493456,0.0,0.26386521685818387
236,train,1024,0.00011472230818901012,2.15417213557547,0.4963628521414616,0.6480670194454792,0.5593997424493456,0.0,0.26386521685818387
236,val,overall,0.00011472230818901012,2.1399069194282805,0.4954824298620224,0.6496310766254153,0.5635095025811877,0.0,0.31898861839657744
236,val,1024,0.00011472230818901012,2.1399069194282805,0.4954824298620224,0.6496310766254153,0.5635095025811877,0.0,0.31898861839657744
237,train,overall,0.00011355419853853242,2.154618797815434,0.4963411750280269,0.6478360164325868,0.5595072521222546,0.0,0.2635704964265695
237,train,1024,0.00011355419853853242,2.154618797815434,0.4963411750280269,0.6478360164325868,0.5595072521222546,0.0,0.2635704964265695
237,val,overall,0.00011355419853853242,2.1414502454655513,0.49636550141232355,0.64851306698152,0.5628158333046096,0.0,0.32147846524677576
237,val,1024,0.00011355419853853242,2.1414502454655513,0.49636550141232355,0.64851306698152,0.5628158333046096,0.0,0.32147846524677576
238,train,overall,0.0001123884862481661,2.1545941797607147,0.49676135970872615,0.6478270391177704,0.5598234304398164,0.0,0.2642413904848655
238,train,1024,0.0001123884862481661,2.1545941797607147,0.49676135970872615,0.6478270391177704,0.5598234304398164,0.0,0.2642413904848655
238,val,overall,0.0001123884862481661,2.134046033024788,0.49918862006493975,0.6497298958046096,0.5653100396905627,0.0,0.32113405257936506
238,val,1024,0.0001123884862481661,2.134046033024788,0.49918862006493975,0.6497298958046096,0.5653100396905627,0.0,0.32113405257936506
239,train,overall,0.00011122524695931128,2.1532330491617655,0.49650298667060955,0.6481528517376681,0.5597989070041297,0.0,0.26412008653307173
239,train,1024,0.00011122524695931128,2.1532330491617655,0.49650298667060955,0.6481528517376681,0.5597989070041297,0.0,0.26412008653307173
239,val,overall,0.00011122524695931128,2.1744949306760515,0.49247330001422335,0.6402728366000312,0.5567501006381852,0.0,0.33214363219246035
239,val,1024,0.00011122524695931128,2.1744949306760515,0.49247330001422335,0.6402728366000312,0.5567501006381852,0.0,0.33214363219246035
240,train,overall,0.00011006455615289832,2.1524054421437695,0.4970832312053629,0.6482321154910887,0.5603176237756361,0.0,0.26390725721692826
240,train,1024,0.00011006455615289832,2.1524054421437695,0.4970832312053629,0.6482321154910887,0.5603176237756361,0.0,0.26390725721692826
240,val,overall,0.00011006455615289832,2.1501805313995908,0.49580407568386625,0.6452268574919019,0.560178242623806,0.0,0.3233153328062996
240,val,1024,0.00011006455615289832,2.1501805313995908,0.49580407568386625,0.6452268574919019,0.560178242623806,0.0,0.3233153328062996
241,train,overall,0.00010890648914449034,2.1524326918905627,0.49699980742193656,0.6485292443780086,0.5605613263198613,0.0,0.26325322309417043
241,train,1024,0.00010890648914449034,2.1524326918905627,0.49699980742193656,0.6485292443780086,0.5605613263198613,0.0,0.26325322309417043
241,val,overall,0.00010890648914449034,2.134007473077093,0.49847412109375,0.6495211166994912,0.5636712940675872,0.0,0.31736343625992064
241,val,1024,0.00010890648914449034,2.134007473077093,0.49847412109375,0.6495211166994912,0.5636712940675872,0.0,0.31736343625992064
242,train,overall,0.00010775112107939595,2.1512333202789717,0.4964929144211414,0.6487157983630227,0.560122530289295,0.0,0.26314615155549326
242,train,1024,0.00010775112107939595,2.1512333202789717,0.4964929144211414,0.6487157983630227,0.560122530289295,0.0,0.26314615155549326
242,val,overall,0.00010775112107939595,2.144528872200421,0.49647061846085955,0.6477167042238372,0.5626530721783638,0.0,0.31798686678447424
242,val,1024,0.00010775112107939595,2.144528872200421,0.49647061846085955,0.6477167042238372,0.5626530721783638,0.0,0.31798686678447424
243,train,overall,0.00010659852692779323,2.1526561740267973,0.4967799713258786,0.6485080053453488,0.5600504923294478,0.0,0.2632459974075112
243,train,1024,0.00010659852692779323,2.1526561740267973,0.4967799713258786,0.6485080053453488,0.5600504923294478,0.0,0.2632459974075112
243,val,overall,0.00010659852692779323,2.1460700716291154,0.49635290780237745,0.6462043885673795,0.5611102389437812,0.0,0.31710379464285715
243,val,1024,0.00010659852692779323,2.1460700716291154,0.49635290780237745,0.6462043885673795,0.5611102389437812,0.0,0.31710379464285715
244,train,overall,0.00010544878147986485,2.150869778988073,0.4971145424874909,0.6484745043275603,0.560184058052542,0.0,0.26342861021580716
244,train,1024,0.00010544878147986485,2.150869778988073,0.4971145424874909,0.6484745043275603,0.560184058052542,0.0,0.26342861021580716
244,val,overall,0.00010544878147986485,2.146171190908977,0.4948497957416943,0.6467677525111607,0.5605415467705045,0.0,0.3190511067708333
244,val,1024,0.00010544878147986485,2.146171190908977,0.4948497957416943,0.6467677525111607,0.5605415467705045,0.0,0.3190511067708333
245,train,overall,0.00010430195934094536,2.148302377606721,0.49712220622819636,0.649690390435035,0.5604507514179555,0.0,0.2633189111547085
245,train,1024,0.00010430195934094536,2.148302377606721,0.49712220622819636,0.649690390435035,0.5604507514179555,0.0,0.2633189111547085
245,val,overall,0.00010430195934094536,2.1324947710548128,0.4984048509172031,0.6499624103307724,0.563995361328125,0.0,0.31280953543526785
245,val,1024,0.00010430195934094536,2.1324947710548128,0.4984048509172031,0.6499624103307724,0.563995361328125,0.0,0.31280953543526785
246,train,overall,0.00010315813492667987,2.148918863903781,0.49761355284083586,0.6495279218049327,0.5612030988851471,0.0,0.26265349110145736
246,train,1024,0.00010315813492667987,2.148918863903781,0.49761355284083586,0.6495279218049327,0.5612030988851471,0.0,0.26265349110145736
246,val,overall,0.00010315813492667987,2.1357034189360484,0.49682084364550455,0.6495424306818417,0.5630362374441964,0.0,0.3174709743923611
246,val,1024,0.00010315813492667987,2.1357034189360484,0.49682084364550455,0.6495424306818417,0.5630362374441964,0.0,0.3174709743923611
247,train,overall,0.00010201738245819545,2.147840330953555,0.497314453125,0.6494644233464125,0.5607270793529904,0.0,0.26314418091367714
247,train,1024,0.00010201738245819545,2.147840330953555,0.497314453125,0.6494644233464125,0.5607270793529904,0.0,0.26314418091367714
247,val,overall,0.00010201738245819545,2.1569843803133284,0.4945887007883617,0.6439620735389846,0.5589236308421407,0.0,0.3255038791232639
247,val,1024,0.00010201738245819545,2.1569843803133284,0.4945887007883617,0.6439620735389846,0.5589236308421407,0.0,0.3255038791232639
248,train,overall,0.00010087977595728502,2.1491816797598595,0.49719928011231357,0.648857903587444,0.5605433716902284,0.0,0.2629050763733184
248,train,1024,0.00010087977595728502,2.1491816797598595,0.49719928011231357,0.648857903587444,0.5605433716902284,0.0,0.2629050763733184
248,val,overall,0.00010087977595728502,2.139498770236969,0.4963286870292255,0.6483905123812812,0.5631771992359843,0.0,0.31462072947668646
248,val,1024,0.00010087977595728502,2.139498770236969,0.4963286870292255,0.6483905123812812,0.5631771992359843,0.0,0.31462072947668646
249,train,overall,9.974538924160416e-05,2.147293278454665,0.4975920947677886,0.6500733516141438,0.5611654375700673,0.0,0.2631551289237668
249,train,1024,9.974538924160416e-05,2.147293278454665,0.4975920947677886,0.6500733516141438,0.5611654375700673,0.0,0.2631551289237668
249,val,overall,9.974538924160416e-05,2.1633954516478946,0.49295479910714285,0.6412857302597591,0.5562690858330045,0.0,0.3243606809585814
249,val,1024,9.974538924160416e-05,2.1633954516478946,0.49295479910714285,0.6412857302597591,0.5562690858330045,0.0,0.3243606809585814
250,train,overall,9.861429591988125e-05,2.146870084942189,0.49775697177301076,0.6498060012612108,0.5612939673688914,0.0,0.2629357308015695
250,train,1024,9.861429591988125e-05,2.146870084942189,0.49775697177301076,0.6498060012612108,0.5612939673688914,0.0,0.2629357308015695
250,val,overall,9.861429591988125e-05,2.137315490416118,0.4980236238666943,0.649031865809645,0.5635133779474667,0.0,0.32391357421875
250,val,1024,9.861429591988125e-05,2.137315490416118,0.4980236238666943,0.649031865809645,0.5635133779474667,0.0,0.32391357421875
251,train,overall,9.748656938714096e-05,2.144970768770295,0.49781193086384656,0.6506067388795417,0.561219958713771,0.0,0.2626396966087444
251,train,1024,9.748656938714096e-05,2.144970768770295,0.49781193086384656,0.6506067388795417,0.561219958713771,0.0,0.2626396966087444
251,val,overall,9.748656938714096e-05,2.1467888355255127,0.49745299347809385,0.6465851313301495,0.5618082678743771,0.0,0.32305472237723215
251,val,1024,9.748656938714096e-05,2.1467888355255127,0.49745299347809385,0.6465851313301495,0.5618082678743771,0.0,0.32305472237723215
252,train,overall,9.636228281994191e-05,2.1454678437100396,0.4980050536549145,0.6504197468137527,0.5617067073492726,0.0,0.26294120480661437
252,train,1024,9.636228281994191e-05,2.1454678437100396,0.4980050536549145,0.6504197468137527,0.5617067073492726,0.0,0.26294120480661437
252,val,overall,9.636228281994191e-05,2.1495787586484636,0.49522424169949125,0.6462232800466674,0.560772608433451,0.0,0.325897701202877
252,val,1024,9.636228281994191e-05,2.1495787586484636,0.49522424169949125,0.6462232800466674,0.560772608433451,0.0,0.325897701202877
253,train,overall,9.524150917162831e-05,2.1472433153289314,0.49753056687089897,0.6500065687525968,0.561079824184623,0.0,0.2626633443105381
253,train,1024,9.524150917162831e-05,2.1472433153289314,0.49753056687089897,0.6500065687525968,0.561079824184623,0.0,0.2626633443105381
253,val,overall,9.524150917162831e-05,2.1372650968176976,0.49760364315339495,0.6489388602120536,0.5630904915077346,0.0,0.32403951977926587
253,val,1024,9.524150917162831e-05,2.1372650968176976,0.49760364315339495,0.6489388602120536,0.5630904915077346,0.0,0.32403951977926587
254,train,overall,9.41243211675961e-05,2.144891254570452,0.49832692515155125,0.651037214582811,0.5616699219284571,0.0,0.26226812114630044
254,train,1024,9.41243211675961e-05,2.144891254570452,0.49832692515155125,0.651037214582811,0.5616699219284571,0.0,0.26226812114630044
254,val,overall,9.41243211675961e-05,2.1421176408018385,0.4973948651126453,0.6476314482944352,0.5622185607041631,0.0,0.3171890500992064
254,val,1024,9.41243211675961e-05,2.1421176408018385,0.4973948651126453,0.6476314482944352,0.5622185607041631,0.0,0.3171890500992064
255,train,overall,9.301079130057382e-05,2.144717820022138,0.4984585201793722,0.650367415272067,0.5621973971080353,0.0,0.2622149138172646
255,train,1024,9.301079130057382e-05,2.144717820022138,0.4984585201793722,0.650367415272067,0.5621973971080353,0.0,0.2622149138172646
255,val,overall,9.301079130057382e-05,2.1285956565822874,0.49859086317675455,0.6514102997524398,0.5649070133055959,0.0,0.3162434895833333
255,val,1024,9.301079130057382e-05,2.1285956565822874,0.49859086317675455,0.6514102997524398,0.5649070133055959,0.0,0.3162434895833333
256,train,overall,9.190099182591881e-05,2.1439973634454703,0.4980972358464126,0.6507965772675827,0.5621032442212639,0.0,0.26216302024943944
256,train,1024,9.190099182591881e-05,2.1439973634454703,0.4980972358464126,0.6507965772675827,0.5621032442212639,0.0,0.26216302024943944
256,val,overall,9.190099182591881e-05,2.1456331184932163,0.4955977180174419,0.6456531339458057,0.560833643589701,0.0,0.31924874441964285
256,val,1024,9.190099182591881e-05,2.1456331184932163,0.4955977180174419,0.6456531339458057,0.560833643589701,0.0,0.31924874441964285
257,train,overall,9.079499475692851e-05,2.143677146980046,0.4983943650006179,0.6510915165524847,0.5619440599941886,0.0,0.26094669632847534
257,train,1024,9.079499475692851e-05,2.143677146980046,0.4983943650006179,0.6510915165524847,0.5619440599941886,0.0,0.26094669632847534
257,val,overall,9.079499475692851e-05,2.1423652512686595,0.49665808358362745,0.6469992984618459,0.5620369080986295,0.0,0.3198004828559028
257,val,1024,9.079499475692851e-05,2.1423652512686595,0.49665808358362745,0.6469992984618459,0.5620369080986295,0.0,0.3198004828559028
258,train,overall,8.969287186016789e-05,2.143021399130201,0.4987214914619121,0.6512936169256544,0.562522114926924,0.0,0.26221578965807174
258,train,1024,8.969287186016789e-05,2.143021399130201,0.4987214914619121,0.6512936169256544,0.562522114926924,0.0,0.26221578965807174
258,val,overall,8.969287186016789e-05,2.144123354128429,0.49566069138901575,0.647811162684645,0.561568486903395,0.0,0.3187255859375
258,val,1024,8.969287186016789e-05,2.144123354128429,0.49566069138901575,0.647811162684645,0.561568486903395,0.0,0.3187255859375
259,train,overall,8.859469465081221e-05,2.141132836919194,0.4988259353712535,0.6515745429714699,0.5626745114412008,0.0,0.2610226755184978
259,train,1024,8.859469465081221e-05,2.141132836919194,0.4988259353712535,0.6515745429714699,0.5626745114412008,0.0,0.2610226755184978
259,val,overall,8.859469465081221e-05,2.1434941568544934,0.49638536253145765,0.6467386877962521,0.56103515625,0.0,0.3187023344494047
259,val,1024,8.859469465081221e-05,2.1434941568544934,0.49638536253145765,0.6467386877962521,0.56103515625,0.0,0.3187023344494047
260,train,overall,8.750053438800692e-05,2.141222343316527,0.49883929202374855,0.6515962198176192,0.5625656880605381,0.0,0.2610872687780269
260,train,1024,8.750053438800692e-05,2.141222343316527,0.49883929202374855,0.6515962198176192,0.5625656880605381,0.0,0.2610872687780269
260,val,overall,8.750053438800692e-05,2.129399054816791,0.49785165914467405,0.6509719118475914,0.5646081353936877,0.0,0.3166644383990575
260,val,1024,8.750053438800692e-05,2.129399054816791,0.49785165914467405,0.6509719118475914,0.5646081353936877,0.0,0.3166644383990575
261,train,overall,8.641046207024346e-05,2.1419404301408163,0.498784114026168,0.6514558663817265,0.5622978998941156,0.0,0.2612160173766816
261,train,1024,8.641046207024346e-05,2.1419404301408163,0.498784114026168,0.6514558663817265,0.5622978998941156,0.0,0.2612160173766816
261,val,overall,8.641046207024346e-05,2.148921855858394,0.49554637180907385,0.6458347865513393,0.5602155412946429,0.0,0.32106042286706354
261,val,1024,8.641046207024346e-05,2.148921855858394,0.49554637180907385,0.6458347865513393,0.5602155412946429,0.0,0.32106042286706354
262,train,overall,8.532454843075228e-05,2.1411019975294447,0.49867616667341225,0.6518129904173949,0.5623086287301752,0.0,0.2610848602158072
262,train,1024,8.532454843075228e-05,2.1411019975294447,0.49867616667341225,0.6518129904173949,0.5623086287301752,0.0,0.2610848602158072
262,val,overall,8.532454843075228e-05,2.127490554537092,0.49893382298094885,0.651562403355326,0.5648140077080045,0.0,0.3143562437996032
262,val,1024,8.532454843075228e-05,2.127490554537092,0.49893382298094885,0.651562403355326,0.5648140077080045,0.0,0.3143562437996032
263,train,overall,8.424286393291345e-05,2.1392497898751843,0.4990519023262332,0.6520956682517389,0.563436492943443,0.0,0.26040236126681615
263,train,1024,8.424286393291345e-05,2.1392497898751843,0.4990519023262332,0.6520956682517389,0.563436492943443,0.0,0.26040236126681615
263,val,overall,8.424286393291345e-05,2.1570274191243306,0.49396042632205145,0.6433585030691964,0.5589023168597903,0.0,0.32617284381200395
263,val,1024,8.424286393291345e-05,2.1570274191243306,0.49396042632205145,0.6433585030691964,0.5589023168597903,0.0,0.32617284381200395
264,train,overall,8.316547876568378e-05,2.1401657368570164,0.498743168441704,0.6518495569314657,0.5625356906198066,0.0,0.26157708274943947
264,train,1024,8.316547876568378e-05,2.1401657368570164,0.498743168441704,0.6518495569314657,0.5625356906198066,0.0,0.26157708274943947
264,val,overall,8.316547876568378e-05,2.133004365222795,0.49741714767047335,0.6500331333705357,0.563580225620951,0.0,0.3170025537884425
264,val,1024,8.316547876568378e-05,2.133004365222795,0.49741714767047335,0.6500331333705357,0.563580225620951,0.0,0.3170025537884425
265,train,overall,8.209246283904292e-05,2.139393453640788,0.49894614457549535,0.6522012069620894,0.5627846482623319,0.0,0.2604984847954036
265,train,1024,8.209246283904292e-05,2.139393453640788,0.49894614457549535,0.6522012069620894,0.5627846482623319,0.0,0.2604984847954036
265,val,overall,8.209246283904292e-05,2.143134300197874,0.496002197265625,0.6467570960521698,0.5611301000629153,0.0,0.31902688647073413
265,val,1024,8.209246283904292e-05,2.143134300197874,0.496002197265625,0.6467570960521698,0.5611301000629153,0.0,0.31902688647073413
266,train,overall,8.10238857794566e-05,2.1383395056018917,0.4991316038931432,0.6524562955971791,0.5634417477744578,0.0,0.25991364209641254
266,train,1024,8.10238857794566e-05,2.1383395056018917,0.4991316038931432,0.6524562955971791,0.5634417477744578,0.0,0.25991364209641254
266,val,overall,8.10238857794566e-05,2.1400542833975384,0.4967864507011005,0.6482224240899086,0.5625188914792878,0.0,0.31986103360615076
266,val,1024,8.10238857794566e-05,2.1400542833975384,0.4967864507011005,0.6482224240899086,0.5625188914792878,0.0,0.31986103360615076
267,train,overall,7.995981692535893e-05,2.1377811720553,0.499406617853139,0.652580665098712,0.5634099985451976,0.0,0.2602112090106502
267,train,1024,7.995981692535893e-05,2.1377811720553,0.499406617853139,0.652580665098712,0.5634099985451976,0.0,0.2602112090106502
267,val,overall,7.995981692535893e-05,2.147140336888177,0.49445161329848425,0.647183857858181,0.5613001265696117,0.0,0.318512447296627
267,val,1024,7.995981692535893e-05,2.147140336888177,0.49445161329848425,0.647183857858181,0.5613001265696117,0.0,0.318512447296627
268,train,overall,7.890032532265295e-05,2.1378385908400532,0.4993118082461336,0.6529220238394802,0.5636313675230394,0.0,0.26035616066423767
268,train,1024,7.890032532265295e-05,2.1378385908400532,0.4993118082461336,0.6529220238394802,0.5636313675230394,0.0,0.26035616066423767
268,val,overall,7.890032532265295e-05,2.150445763553892,0.49699619838169645,0.6451062400426183,0.5607319186840739,0.0,0.3224622938368055
268,val,1024,7.890032532265295e-05,2.150445763553892,0.49699619838169645,0.6451062400426183,0.5607319186840739,0.0,0.3224622938368055
269,train,overall,7.784547972023039e-05,2.1364698340539974,0.4996137541505788,0.6525349023630801,0.56339182500882,0.0,0.2603088652606502
269,train,1024,7.784547972023039e-05,2.1364698340539974,0.4996137541505788,0.6525349023630801,0.56339182500882,0.0,0.2603088652606502
269,val,overall,7.784547972023039e-05,2.139397674373218,0.4986659458705357,0.6488133988210133,0.5639551558664867,0.0,0.3193272181919643
269,val,1024,7.784547972023039e-05,2.139397674373218,0.4986659458705357,0.6488133988210133,0.5639551558664867,0.0,0.3193272181919643
270,train,overall,7.679534856551087e-05,2.13711206260818,0.49946792670964124,0.6525629291085384,0.5635326162582021,0.0,0.26007567264573994
270,train,1024,7.679534856551087e-05,2.13711206260818,0.49946792670964124,0.6525629291085384,0.5635326162582021,0.0,0.26007567264573994
270,val,overall,7.679534856551087e-05,2.1487481764384677,0.49635484495333265,0.6459428093263081,0.5609188984547343,0.0,0.32305811321924605
270,val,1024,7.679534856551087e-05,2.1487481764384677,0.49635484495333265,0.6459428093263081,0.5609188984547343,0.0,0.32305811321924605
271,train,overall,7.575000000000003e-05,2.135087553161142,0.49986818593179166,0.6532301010037751,0.5635529796638831,0.0,0.2594807577774664
271,train,1024,7.575000000000003e-05,2.135087553161142,0.49986818593179166,0.6532301010037751,0.5635529796638831,0.0,0.2594807577774664
271,val,overall,7.575000000000003e-05,2.1368180364370346,0.4981180823275021,0.6482834592461586,0.5631336026958057,0.0,0.3186238606770833
271,val,1024,7.575000000000003e-05,2.1368180364370346,0.4981180823275021,0.6482834592461586,0.5631336026958057,0.0,0.3186238606770833
272,train,overall,7.470950185486827e-05,2.135999618624358,0.49953033036715244,0.6533371725959094,0.5638069734979638,0.0,0.26006669527746634
272,train,1024,7.470950185486827e-05,2.135999618624358,0.49953033036715244,0.6533371725959094,0.5638069734979638,0.0,0.26006669527746634
272,val,overall,7.470950185486827e-05,2.140711946146829,0.49647110274859835,0.6481710768171719,0.5631607302597591,0.0,0.3176981608072917
272,val,1024,7.470950185486827e-05,2.140711946146829,0.49647110274859835,0.6481710768171719,0.5631607302597591,0.0,0.3176981608072917
273,train,overall,7.367392164654909e-05,2.1346363983881314,0.4998964319849228,0.6530109218952367,0.5640110442991214,0.0,0.2598107308015695
273,train,1024,7.367392164654909e-05,2.1346363983881314,0.4998964319849228,0.6530109218952367,0.5640110442991214,0.0,0.2598107308015695
273,val,overall,7.367392164654909e-05,2.146359290395464,0.4948134645819664,0.6454429019774709,0.5593775191477367,0.0,0.3231414310515873
273,val,1024,7.367392164654909e-05,2.146359290395464,0.4948134645819664,0.6454429019774709,0.5593775191477367,0.0,0.3231414310515873
274,train,overall,7.264332657235826e-05,2.136331860794615,0.4996787853572401,0.6531676973462639,0.5637491679512332,0.0,0.2602683576233184
274,train,1024,7.264332657235826e-05,2.136331860794615,0.4996787853572401,0.6531676973462639,0.5637491679512332,0.0,0.2602683576233184
274,val,overall,7.264332657235826e-05,2.154523547206606,0.4938436842390469,0.6449473553470203,0.5588025291051183,0.0,0.32597714378720244
274,val,1024,7.264332657235826e-05,2.154523547206606,0.4938436842390469,0.6449473553470203,0.5588025291051183,0.0,0.32597714378720244
275,train,overall,7.161778350613313e-05,2.1343664342512465,0.49995774070778237,0.6534696435179945,0.5641500840272604,0.0,0.2598567124439462
275,train,1024,7.161778350613313e-05,2.1343664342512465,0.49995774070778237,0.6534696435179945,0.5641500840272604,0.0,0.2598567124439462
275,val,overall,7.161778350613313e-05,2.14951753616333,0.4958389529160091,0.6448044553399086,0.5598885672433036,0.0,0.31973169720362105
275,val,1024,7.161778350613313e-05,2.14951753616333,0.4958389529160091,0.6448044553399086,0.5598885672433036,0.0,0.31973169720362105
276,train,overall,7.059735899389372e-05,2.1343998844848087,0.4994926691857154,0.6536890415332777,0.5639122933015696,0.0,0.260044799257287
276,train,1024,7.059735899389372e-05,2.1343998844848087,0.4994926691857154,0.6536890415332777,0.5639122933015696,0.0,0.260044799257287
276,val,overall,7.059735899389372e-05,2.1533267902476445,0.49650549569300245,0.6440357023051807,0.5601608040077346,0.0,0.32305666000124006
276,val,1024,7.059735899389372e-05,2.1533267902476445,0.49650549569300245,0.6440357023051807,0.5601608040077346,0.0,0.32305666000124006
277,train,overall,6.958211924952426e-05,2.1332035422859703,0.5000262752242153,0.6540161681282146,0.5647331751515513,0.0,0.2600684469590807
277,train,1024,6.958211924952426e-05,2.1332035422859703,0.5000262752242153,0.6540161681282146,0.5647331751515513,0.0,0.2600684469590807
277,val,overall,6.958211924952426e-05,2.134485478912081,0.4972427615097591,0.6490778848528862,0.5635259715574128,0.0,0.3148048037574404
277,val,1024,6.958211924952426e-05,2.134485478912081,0.4972427615097591,0.6490778848528862,0.5635259715574128,0.0,0.3148048037574404
278,train,overall,6.857213015047686e-05,2.1329415518072152,0.5002625333354077,0.653853261684623,0.5644743642999452,0.0,0.2605052725616592
278,train,1024,6.857213015047686e-05,2.1329415518072152,0.5002625333354077,0.653853261684623,0.5644743642999452,0.0,0.2605052725616592
278,val,overall,6.857213015047686e-05,2.1419203856161664,0.49713570731026785,0.6481541224888393,0.5622248575091362,0.0,0.3205401708209325
278,val,1024,6.857213015047686e-05,2.1419203856161664,0.49713570731026785,0.6481541224888393,0.5622248575091362,0.0,0.3205401708209325
279,train,overall,6.756745723349672e-05,2.132305836998294,0.5005719242074564,0.6536003626515513,0.5650035910007665,0.0,0.2596441020880045
279,train,1024,6.756745723349672e-05,2.132305836998294,0.5005719242074564,0.6536003626515513,0.5650035910007665,0.0,0.2596441020880045
279,val,overall,6.756745723349672e-05,2.1407006617103304,0.49699668266943525,0.648681640625,0.5629752022879464,0.0,0.3203231569320436
279,val,1024,6.756745723349672e-05,2.1407006617103304,0.49699668266943525,0.648681640625,0.5629752022879464,0.0,0.3203231569320436
280,train,overall,6.656816569036981e-05,2.131374453215321,0.500451714869572,0.6542303110451976,0.5651093488851471,0.0,0.2591194734445067
280,train,1024,6.656816569036981e-05,2.131374453215321,0.500451714869572,0.6542303110451976,0.5651093488851471,0.0,0.2591194734445067
280,val,overall,6.656816569036981e-05,2.1394284005675996,0.4977174795099667,0.6484781897493771,0.5628230986850602,0.0,0.32034883045014884
280,val,1024,6.656816569036981e-05,2.1394284005675996,0.4977174795099667,0.6484781897493771,0.5628230986850602,0.0,0.32034883045014884
281,train,overall,6.557432036369222e-05,2.131980958006307,0.5005360145472625,0.6540014976343231,0.5645525329850715,0.0,0.259682858043722
281,train,1024,6.557432036369222e-05,2.131980958006307,0.5005360145472625,0.6540014976343231,0.5645525329850715,0.0,0.259682858043722
281,val,overall,6.557432036369222e-05,2.1381373511893407,0.4980362185410091,0.6479710170200893,0.5622674854738372,0.0,0.3185071188306052
281,val,1024,6.557432036369222e-05,2.1381373511893407,0.4980362185410091,0.6479710170200893,0.5622674854738372,0.0,0.3185071188306052
282,train,overall,6.4585985742663e-05,2.131845603074728,0.5003304109979638,0.654146011367507,0.564717629030681,0.0,0.25962330086883406
282,train,1024,6.4585985742663e-05,2.131845603074728,0.5003304109979638,0.654146011367507,0.564717629030681,0.0,0.25962330086883406
282,val,overall,6.4585985742663e-05,2.1514231583901813,0.49608115532568525,0.6449919204626765,0.5602450902972903,0.0,0.32236347501240076
282,val,1024,6.4585985742663e-05,2.1514231583901813,0.49608115532568525,0.6449919204626765,0.5602450902972903,0.0,0.32236347501240076
283,train,overall,6.360322595889932e-05,2.1315020980321773,0.5002638470431614,0.6542042549950124,0.5647918565925462,0.0,0.2590778710061659
283,train,1024,6.360322595889932e-05,2.1315020980321773,0.5002638470431614,0.6542042549950124,0.5647918565925462,0.0,0.2590778710061659
283,val,overall,6.360322595889932e-05,2.1362911888531277,0.49760122171470095,0.6488676528845515,0.5634368413261005,0.0,0.3175208682105654
283,val,1024,6.360322595889932e-05,2.1362911888531277,0.49760122171470095,0.6488676528845515,0.5634368413261005,0.0,0.3175208682105654
284,train,overall,6.262610478227528e-05,2.129784779163754,0.5008011754318203,0.6550673960035692,0.5656655077977031,0.0,0.25898349915919283
284,train,1024,6.262610478227528e-05,2.129784779163754,0.5008011754318203,0.6550673960035692,0.5656655077977031,0.0,0.25898349915919283
284,val,overall,6.262610478227528e-05,2.1355199920279637,0.49852062442473005,0.6486971420901162,0.5637957858187812,0.0,0.32001313709077384
284,val,1024,6.262610478227528e-05,2.1355199920279637,0.49852062442473005,0.6486971420901162,0.5637957858187812,0.0,0.32001313709077384
285,train,overall,6.165468561678371e-05,2.1296302342094116,0.5010404989056523,0.6549410560740484,0.5657780531275968,0.0,0.2579206663396861
285,train,1024,6.165468561678371e-05,2.1296302342094116,0.5010404989056523,0.6549410560740484,0.5657780531275968,0.0,0.2579206663396861
285,val,overall,6.165468561678371e-05,2.154861954706056,0.4957963249513081,0.6453828353966985,0.5604015535541943,0.0,0.326173328218006
285,val,1024,6.165468561678371e-05,2.154861954706056,0.4957963249513081,0.6453828353966985,0.5604015535541943,0.0,0.326173328218006
286,train,overall,6.068903149642213e-05,2.1276625950774806,0.5012697502636588,0.6555055353139013,0.5657467419791115,0.0,0.25898240435818387
286,train,1024,6.068903149642213e-05,2.1276625950774806,0.5012697502636588,0.6555055353139013,0.5657467419791115,0.0,0.25898240435818387
286,val,overall,6.068903149642213e-05,2.1427326819726398,0.4969496950507164,0.6479574537702969,0.5628652423620224,0.0,0.3183627658420139
286,val,1024,6.068903149642213e-05,2.1427326819726398,0.4969496950507164,0.6479574537702969,0.5628652423620224,0.0,0.3183627658420139
287,train,overall,5.972920508110267e-05,2.12887721639043,0.5010146616285692,0.6550277642605016,0.5656379185984487,0.0,0.2583472008127803
287,train,1024,5.972920508110267e-05,2.12887721639043,0.5010146616285692,0.6550277642605016,0.5656379185984487,0.0,0.2583472008127803
287,val,overall,5.972920508110267e-05,2.141696493540491,0.49647110274859835,0.6470399892755917,0.5614347915564265,0.0,0.3210003565228175
287,val,1024,5.972920508110267e-05,2.141696493540491,0.49647110274859835,0.6470399892755917,0.5614347915564265,0.0,0.3210003565228175
288,train,overall,5.877526865258588e-05,2.1284779197966572,0.5010807876362394,0.6554591158580353,0.5658719871076233,0.0,0.25912910769338565
288,train,1024,5.877526865258588e-05,2.1284779197966572,0.5010807876362394,0.6554591158580353,0.5658719871076233,0.0,0.25912910769338565
288,val,overall,5.877526865258588e-05,2.1406022139957974,0.4963698610663414,0.6480020188859531,0.5615336096712521,0.0,0.3145412868923611
288,val,1024,5.877526865258588e-05,2.1406022139957974,0.4963698610663414,0.6480020188859531,0.5615336096712521,0.0,0.3145412868923611
289,train,overall,5.782728411043956e-05,2.1272310328590494,0.5013702530497393,0.6559822118335775,0.5661618904682553,0.0,0.2579493501261211
289,train,1024,5.782728411043956e-05,2.1272310328590494,0.5013702530497393,0.6559822118335775,0.5661618904682553,0.0,0.2579493501261211
289,val,overall,5.782728411043956e-05,2.149185057197298,0.4959474599787167,0.6465739905834198,0.5613693967461586,0.0,0.32036094060019843
289,val,1024,5.782728411043956e-05,2.149185057197298,0.4959474599787167,0.6465739905834198,0.5613693967461586,0.0,0.32036094060019843
290,train,overall,5.68853129680221e-05,2.1279299793756596,0.5011517306614349,0.6555350949411435,0.5661106537275785,0.0,0.2585806123878924
290,train,1024,5.68853129680221e-05,2.1279299793756596,0.5011517306614349,0.6555350949411435,0.5661106537275785,0.0,0.2585806123878924
290,val,overall,5.68853129680221e-05,2.141497105360031,0.49783615874392645,0.6478063187428883,0.5631064761962209,0.0,0.31504797557043646
290,val,1024,5.68853129680221e-05,2.141497105360031,0.49783615874392645,0.6478063187428883,0.5631064761962209,0.0,0.31504797557043646
291,train,overall,5.594941634849111e-05,2.126942383868812,0.5014013452914798,0.6554891132987668,0.5658529376769814,0.0,0.25860601177130044
291,train,1024,5.594941634849111e-05,2.126942383868812,0.5014013452914798,0.6554891132987668,0.5658529376769814,0.0,0.25860601177130044
291,val,overall,5.594941634849111e-05,2.1425361101116454,0.4962855747767857,0.6470201281564576,0.5618397550923484,0.0,0.31523156544518854
291,val,1024,5.594941634849111e-05,2.1425361101116454,0.4962855747767857,0.6470201281564576,0.5618397550923484,0.0,0.31523156544518854
292,train,overall,5.5019654980837e-05,2.127250601357943,0.501160270162762,0.6554518900644619,0.5657484935003546,0.0,0.2573649453475336
292,train,1024,5.5019654980837e-05,2.127250601357943,0.501160270162762,0.6554518900644619,0.5657484935003546,0.0,0.2573649453475336
292,val,overall,5.5019654980837e-05,2.1429810651711056,0.49684457906654905,0.6475815549492836,0.5612337631838662,0.0,0.32167610289558535
292,val,1024,5.5019654980837e-05,2.1429810651711056,0.49684457906654905,0.6475815549492836,0.5612337631838662,0.0,0.32167610289558535
293,train,overall,5.409608919594252e-05,2.1255534988882294,0.50162928280809,0.6561926325340443,0.566226045914295,0.0,0.2578812535033632
293,train,1024,5.409608919594252e-05,2.1255534988882294,0.50162928280809,0.6561926325340443,0.566226045914295,0.0,0.2578812535033632
293,val,overall,5.409608919594252e-05,2.131897570831435,0.49806479790381025,0.650134373988424,0.5640893365655627,0.0,0.316709972563244
293,val,1024,5.409608919594252e-05,2.131897570831435,0.49806479790381025,0.650134373988424,0.5640893365655627,0.0,0.316709972563244
294,train,overall,5.317877892266788e-05,2.125734978727161,0.5016126418862108,0.6566355888619017,0.5661303601457399,0.0,0.25812210972533634
294,train,1024,5.317877892266788e-05,2.125734978727161,0.5016126418862108,0.6566355888619017,0.5661303601457399,0.0,0.25812210972533634
294,val,overall,5.317877892266788e-05,2.134866456900324,0.4982517787388393,0.6491006516984531,0.5635211276156562,0.0,0.3182087247333829
294,val,1024,5.317877892266788e-05,2.134866456900324,0.4982517787388393,0.6491006516984531,0.5635211276156562,0.0,0.3182087247333829
295,train,overall,5.2267783683962274e-05,2.1249513893384036,0.5019134932569325,0.656448377889368,0.5666573975118286,0.0,0.25746851352298206
295,train,1024,5.2267783683962274e-05,2.1249513893384036,0.5019134932569325,0.656448377889368,0.5666573975118286,0.0,0.25746851352298206
295,val,overall,5.2267783683962274e-05,2.1545481894697462,0.49458530970982145,0.6444561673062188,0.5594220842633929,0.0,0.32798355344742064
295,val,1024,5.2267783683962274e-05,2.1545481894697462,0.49458530970982145,0.6444561673062188,0.5594220842633929,0.0,0.32798355344742064
296,train,overall,5.13631625930011e-05,2.1246561122047525,0.5017928462392012,0.6559710446494578,0.5663539184583142,0.0,0.25757952634529147
296,train,1024,5.13631625930011e-05,2.1246561122047525,0.5017928462392012,0.6559710446494578,0.5663539184583142,0.0,0.25757952634529147
296,val,overall,5.13631625930011e-05,2.130065077117511,0.49946763792208265,0.6514277383685112,0.565326024379049,0.0,0.3139289977058532
296,val,1024,5.13631625930011e-05,2.130065077117511,0.49946763792208265,0.6514277383685112,0.565326024379049,0.0,0.3139289977058532
297,train,overall,5.046497434935069e-05,2.1244695282837736,0.5017188375840808,0.6561674521108379,0.5664465387305871,0.0,0.25758412450952917
297,train,1024,5.046497434935069e-05,2.1244695282837736,0.5017188375840808,0.6561674521108379,0.5664465387305871,0.0,0.25758412450952917
297,val,overall,5.046497434935069e-05,2.1396973771708354,0.49683731368609835,0.6470089863453593,0.561505030308451,0.0,0.3163922022259425
297,val,1024,5.046497434935069e-05,2.1396973771708354,0.49683731368609835,0.6470089863453593,0.561505030308451,0.0,0.3163922022259425
298,train,overall,4.957327723515897e-05,2.1239988418972544,0.5019719555238972,0.6568937429932735,0.5671912223234304,0.0,0.257267945978139
298,train,1024,4.957327723515897e-05,2.1239988418972544,0.5019719555238972,0.6568937429932735,0.5671912223234304,0.0,0.257267945978139
298,val,overall,4.957327723515897e-05,2.1426216853516444,0.49661642419440405,0.6471688406808036,0.5618843202080045,0.0,0.31793794177827384
298,val,1024,4.957327723515897e-05,2.1426216853516444,0.49661642419440405,0.6471688406808036,0.5618843202080045,0.0,0.31793794177827384
299,train,overall,4.868812911137383e-05,2.1234205720670554,0.5020205648490667,0.6566817896783085,0.5674206927218245,0.0,0.25670806474215246
299,train,1024,4.868812911137383e-05,2.1234205720670554,0.5020205648490667,0.6566817896783085,0.5674206927218245,0.0,0.25670806474215246
299,val,overall,4.868812911137383e-05,2.1518371488366808,0.49549405596085955,0.6442774214914867,0.5588751903602055,0.0,0.32307022336929564
299,val,1024,4.868812911137383e-05,2.1518371488366808,0.49549405596085955,0.6442774214914867,0.5588751903602055,0.0,0.32307022336929564
300,train,overall,4.780958741398859e-05,2.122782304682539,0.5019029830603322,0.6567715633610439,0.5670681667969366,0.0,0.2573404218049327
300,train,1024,4.780958741398859e-05,2.122782304682539,0.5019029830603322,0.6567715633610439,0.5670681667969366,0.0,0.2573404218049327
300,val,overall,4.780958741398859e-05,2.152873933315277,0.49534631201199125,0.644608270909105,0.5594991051724979,0.0,0.32481166294642855
300,val,1024,4.780958741398859e-05,2.152873933315277,0.49534631201199125,0.644608270909105,0.5594991051724979,0.0,0.32481166294642855
301,train,overall,4.693770915031489e-05,2.1228125202281594,0.5021092437307931,0.6568142606003937,0.56700598204617,0.0,0.25787205717488787
301,train,1024,4.693770915031489e-05,2.1228125202281594,0.5021092437307931,0.6568142606003937,0.56700598204617,0.0,0.25787205717488787
301,val,overall,4.693770915031489e-05,2.1478281148842404,0.49563065809862955,0.6454782634973526,0.5591793965016093,0.0,0.3243815104166667
301,val,1024,4.693770915031489e-05,2.1478281148842404,0.49563065809862955,0.6454782634973526,0.5591793965016093,0.0,0.3243815104166667
302,train,overall,4.607255089528393e-05,2.1228173238814145,0.5018379519873136,0.6569250544090443,0.566859497617713,0.0,0.2572961918441704
302,train,1024,4.607255089528393e-05,2.1228173238814145,0.5018379519873136,0.6569250544090443,0.566859497617713,0.0,0.2572961918441704
302,val,overall,4.607255089528393e-05,2.151084784950529,0.49540298751422335,0.6451013961008617,0.5594540547047343,0.0,0.32450648716517855
302,val,1024,4.607255089528393e-05,2.151084784950529,0.49540298751422335,0.6451013961008617,0.5594540547047343,0.0,0.32450648716517855
303,train,overall,4.5214168787775014e-05,2.1220146722323157,0.5020619483806628,0.6567069701015147,0.5670896247363412,0.0,0.25706475091087444
303,train,1024,4.5214168787775014e-05,2.1220146722323157,0.5020619483806628,0.6567069701015147,0.5670896247363412,0.0,0.25706475091087444
303,val,overall,4.5214168787775014e-05,2.130738560642515,0.4983317053743771,0.6499653171215739,0.5640617247138705,0.0,0.3138645717075893
303,val,1024,4.5214168787775014e-05,2.130738560642515,0.4983317053743771,0.6499653171215739,0.5640617247138705,0.0,0.3138645717075893
304,train,overall,4.4362618526972993e-05,2.121646652307211,0.5020277903753546,0.6571208048829049,0.5671106451295417,0.0,0.2570358481642377
304,train,1024,4.4362618526972993e-05,2.121646652307211,0.5020277903753546,0.6571208048829049,0.5671106451295417,0.0,0.2570358481642377
304,val,overall,4.4362618526972993e-05,2.1444550092731203,0.49670603977782385,0.6468123176268169,0.5619642468435424,0.0,0.3224957178509425
304,val,1024,4.4362618526972993e-05,2.1444550092731203,0.49670603977782385,0.6468123176268169,0.5619642468435424,0.0,0.3224957178509425
305,train,overall,4.3517955368753906e-05,2.120853047199848,0.5024784105775603,0.6570732903587444,0.5673981397141256,0.0,0.25674835341928254
305,train,1024,4.3517955368753906e-05,2.120853047199848,0.5024784105775603,0.6570732903587444,0.5673981397141256,0.0,0.25674835341928254
305,val,overall,4.3517955368753906e-05,2.132596181971686,0.4990428143313953,0.6504594108888081,0.5651676239711898,0.0,0.3154384068080357
305,val,1024,4.3517955368753906e-05,2.132596181971686,0.4990428143313953,0.6504594108888081,0.5651676239711898,0.0,0.3154384068080357
306,train,overall,4.268023412209973e-05,2.1210714498442917,0.5023303935346047,0.6569147631191886,0.5672654498852956,0.0,0.2571748878923767
306,train,1024,4.268023412209973e-05,2.1210714498442917,0.5023303935346047,0.6569147631191886,0.5672654498852956,0.0,0.2571748878923767
306,val,overall,4.268023412209973e-05,2.142366492322513,0.49697585297482355,0.6472671755722591,0.5614556212510381,0.0,0.3240918356274802
306,val,1024,4.268023412209973e-05,2.142366492322513,0.49697585297482355,0.6472671755722591,0.5614556212510381,0.0,0.3240918356274802
307,train,overall,4.1849509145541624e-05,2.1200678038490195,0.5021147176021953,0.6575265379764574,0.5674546315531025,0.0,0.25730122792881166
307,train,1024,4.1849509145541624e-05,2.1200678038490195,0.5021147176021953,0.6575265379764574,0.5674546315531025,0.0,0.25730122792881166
307,val,overall,4.1849509145541624e-05,2.144066891499928,0.4970465770789555,0.6478775271347591,0.5624191047889846,0.0,0.3198445638020833
307,val,1024,4.1849509145541624e-05,2.144066891499928,0.4970465770789555,0.6478775271347591,0.5624191047889846,0.0,0.3198445638020833
308,train,overall,4.1025834343632846e-05,2.120738803538506,0.5020052375012983,0.6570691300614533,0.5670964127164251,0.0,0.25696797050168163
308,train,1024,4.1025834343632846e-05,2.120738803538506,0.5020052375012983,0.6570691300614533,0.5670964127164251,0.0,0.25696797050168163
308,val,overall,4.1025834343632846e-05,2.1379309807504927,0.4978933185338974,0.6494130939245224,0.5636209153703281,0.0,0.3198290628100198
308,val,1024,4.1025834343632846e-05,2.1379309807504927,0.4978933185338974,0.6494130939245224,0.5636209153703281,0.0,0.3198290628100198
309,train,overall,4.0209263163450945e-05,2.1191759435585262,0.5025889854794661,0.6578006763094744,0.567821389891107,0.0,0.25664150084080717
309,train,1024,4.0209263163450945e-05,2.1191759435585262,0.5025889854794661,0.6578006763094744,0.567821389891107,0.0,0.25664150084080717
309,val,overall,4.0209263163450945e-05,2.146317643778665,0.49558899870940615,0.6470080177698817,0.561187744140625,0.0,0.319732181609623
309,val,1024,4.0209263163450945e-05,2.146317643778665,0.49558899870940615,0.6470080177698817,0.561187744140625,0.0,0.319732181609623
310,train,overall,3.939984859112959e-05,2.1180231667420255,0.5029708521248514,0.6580603630553447,0.5685732992775238,0.0,0.2567938971412556
310,train,1024,3.939984859112959e-05,2.1180231667420255,0.5029708521248514,0.6580603630553447,0.5685732992775238,0.0,0.2567938971412556
310,val,overall,3.939984859112959e-05,2.147373480456216,0.4960918128490448,0.6464955168110984,0.5612008231026786,0.0,0.3213278149801587
310,val,1024,3.939984859112959e-05,2.147373480456216,0.4960918128490448,0.6464955168110984,0.5612008231026786,0.0,0.3213278149801587
311,train,overall,3.859764314842037e-05,2.1187445609558857,0.5026124141141438,0.6579377453423402,0.5679229874781964,0.0,0.2565313638593049
311,train,1024,3.859764314842037e-05,2.1187445609558857,0.5026124141141438,0.6579377453423402,0.5679229874781964,0.0,0.2565313638593049
311,val,overall,3.859764314842037e-05,2.132290169596672,0.49815247527190615,0.6507020986505917,0.5639590312327657,0.0,0.31587195017981146
311,val,1024,3.859764314842037e-05,2.132290169596672,0.49815247527190615,0.6507020986505917,0.5639590312327657,0.0,0.31587195017981146
312,train,overall,3.7802698889284995e-05,2.1194303495466977,0.5024904533886588,0.6576071154376316,0.5677068735986547,0.0,0.2570413221692825
312,train,1024,3.7802698889284995e-05,2.1194303495466977,0.5024904533886588,0.6576071154376316,0.5677068735986547,0.0,0.2570413221692825
312,val,overall,3.7802698889284995e-05,2.1348256915807724,0.49824693479708265,0.6500743084720203,0.5642012336424419,0.0,0.3171546572730654
312,val,1024,3.7802698889284995e-05,2.1348256915807724,0.49824693479708265,0.6500743084720203,0.5642012336424419,0.0,0.3171546572730654
