epoch,split,bin_size,lr,loss,token_accuracy,top5_accuracy,neighbor_accuracy,exact_order_accuracy,duplicate_position_rate
1,train,overall,2.9999999999999997e-05,3.2519303405231423,0.2514385685257848,0.37025513242713004,0.2871921419295495,0.0,0.3998765064461884
1,train,2048,2.9999999999999997e-05,3.2519303405231423,0.2514385685257848,0.37025513242713004,0.2871921419295495,0.0,0.3998765064461884
1,val,overall,2.9999999999999997e-05,2.7423793375492096,0.35102965363434385,0.46138799775924,0.38783772768718855,0.0,0.5558442615327381
1,val,2048,2.9999999999999997e-05,2.7423793375492096,0.35102965363434385,0.46138799775924,0.38783772768718855,0.0,0.5558442615327381
2,train,overall,5.9999999999999995e-05,2.704928286941597,0.3634428426021952,0.4807385091289811,0.3962080471986078,0.0,0.3421200602578475
2,train,2048,5.9999999999999995e-05,2.704928286941597,0.3634428426021952,0.4807385091289811,0.3962080471986078,0.0,0.3421200602578475
2,val,overall,5.9999999999999995e-05,2.504017267908369,0.4079221694597176,0.5234404067908015,0.44399297822799,0.0,0.48244997054811506
2,val,2048,5.9999999999999995e-05,2.504017267908369,0.4079221694597176,0.5234404067908015,0.44399297822799,0.0,0.48244997054811506
3,train,overall,8.999999999999999e-05,2.5560527371718744,0.3972025644618834,0.5119377102017937,0.4302511036128741,0.0,0.32970414097533635
3,train,2048,8.999999999999999e-05,2.5560527371718744,0.3972025644618834,0.5119377102017937,0.4302511036128741,0.0,0.32970414097533635
3,val,overall,8.999999999999999e-05,2.4059748351573944,0.4299064518085548,0.5395207479596138,0.4609597825578281,0.0,0.45059833829365076
3,val,2048,8.999999999999999e-05,2.4059748351573944,0.4299064518085548,0.5395207479596138,0.4609597825578281,0.0,0.45059833829365076
4,train,overall,0.00011999999999999999,2.456563795628569,0.41982903595462506,0.5314015206200124,0.45323798354431116,0.0,0.3223567124439462
4,train,2048,0.00011999999999999999,2.456563795628569,0.41982903595462506,0.5314015206200124,0.45323798354431116,0.0,0.3223567124439462
4,val,overall,0.00011999999999999999,2.321541096482958,0.44765121223671095,0.5604761519602367,0.48389156269175665,0.0,0.4469652932787698
4,val,2048,0.00011999999999999999,2.321541096482958,0.44765121223671095,0.5604761519602367,0.48389156269175665,0.0,0.4469652932787698
5,train,overall,0.00015,2.381388423688743,0.4371356503044009,0.5461743273542601,0.4700567544575764,0.0,0.3213035138733184
5,train,2048,0.00015,2.381388423688743,0.4371356503044009,0.5461743273542601,0.4700567544575764,0.0,0.3213035138733184
5,val,overall,0.00015,2.2978048537458693,0.4564654640853405,0.5591982890452657,0.4911198690533638,0.0,0.44749813988095244
5,val,2048,0.00015,2.2978048537458693,0.4564654640853405,0.5591982890452657,0.4911198690533638,0.0,0.44749813988095244
6,train,overall,0.00017999999999999998,2.3228140315667396,0.45123843895480237,0.5577853490418917,0.4838324167803264,0.0,0.319769040779148
6,train,2048,0.00017999999999999998,2.3228140315667396,0.45123843895480237,0.5577853490418917,0.4838324167803264,0.0,0.319769040779148
6,val,overall,0.00017999999999999998,2.2302814977509633,0.4731435626745224,0.5750441774725914,0.5083220952323505,0.0,0.4275328621031746
6,val,2048,0.00017999999999999998,2.2302814977509633,0.4731435626745224,0.5750441774725914,0.5083220952323505,0.0,0.4275328621031746
7,train,overall,0.00020999999999999998,2.2821972733655853,0.4603682034753363,0.5650351213232818,0.49345746917040356,0.0,0.31758600756726457
7,train,2048,0.00020999999999999998,2.2821972733655853,0.4603682034753363,0.5650351213232818,0.49345746917040356,0.0,0.31758600756726457
7,val,overall,0.00020999999999999998,2.2031339406967163,0.47767857142857145,0.5806787886789867,0.5129355777587209,0.0,0.4227885897197421
7,val,2048,0.00020999999999999998,2.2031339406967163,0.47767857142857145,0.5806787886789867,0.5129355777587209,0.0,0.4227885897197421
8,train,overall,0.00023999999999999998,2.246850469187236,0.46859278660184067,0.5721049081584263,0.5026305879178069,0.0,0.3137445697869955
8,train,2048,0.00023999999999999998,2.246850469187236,0.46859278660184067,0.5721049081584263,0.5026305879178069,0.0,0.3137445697869955
8,val,overall,0.00023999999999999998,2.1487408706120084,0.49204605392047335,0.5944223552942276,0.5264350048133305,0.0,0.40798320467509924
8,val,2048,0.00023999999999999998,2.1487408706120084,0.49204605392047335,0.5944223552942276,0.5264350048133305,0.0,0.40798320467509924
9,train,overall,0.00027,2.2122806722273207,0.47613377595161643,0.5809938167242726,0.5122582679906769,0.0,0.30989481151905834
9,train,2048,0.00027,2.2122806722273207,0.47613377595161643,0.5809938167242726,0.5122582679906769,0.0,0.30989481151905834
9,val,overall,0.00027,2.106219389608928,0.49950881195919855,0.6107022730367524,0.5412801110318729,0.0,0.38619752914186506
9,val,2048,0.00027,2.106219389608928,0.49950881195919855,0.6107022730367524,0.5412801110318729,0.0,0.38619752914186506
10,train,overall,0.0003,2.1542668096687763,0.4838438026039055,0.6030991628031025,0.5284162170416571,0.0,0.2971622757847534
10,train,2048,0.0003,2.1542668096687763,0.4838438026039055,0.6030991628031025,0.5284162170416571,0.0,0.2971622757847534
10,val,overall,0.0003,2.0098504658256258,0.5115918357457433,0.6453566774725914,0.5679883201207433,0.0,0.37832205636160715
10,val,2048,0.0003,2.0098504658256258,0.5115918357457433,0.6453566774725914,0.5679883201207433,0.0,0.37832205636160715
11,train,overall,0.0003,2.0926942926885834,0.4913033387318855,0.622932139800803,0.5425439672085202,0.0,0.28551884809417044
11,train,2048,0.0003,2.0926942926885834,0.4913033387318855,0.622932139800803,0.5425439672085202,0.0,0.28551884809417044
11,val,overall,0.0003,1.9552160160882133,0.5187300422361919,0.6694587830986295,0.5835135323660714,0.0,0.37299843439980157
11,val,2048,0.0003,1.9552160160882133,0.5187300422361919,0.6694587830986295,0.5835135323660714,0.0,0.37299843439980157
12,train,overall,0.0002999951495796209,2.0486873794564215,0.49820277482404834,0.6360281494700856,0.5534389890362864,0.0,0.27884844450672647
12,train,2048,0.0002999951495796209,2.0486873794564215,0.49820277482404834,0.6360281494700856,0.5534389890362864,0.0,0.27884844450672647
12,val,overall,0.0002999951495796209,1.9099428419555937,0.5270627949919019,0.6850615005408015,0.594219874058451,0.0,0.35539027622767855
12,val,2048,0.0002999951495796209,1.9099428419555937,0.5270627949919019,0.6850615005408015,0.594219874058451,0.0,0.35539027622767855
13,train,overall,0.0002999805986332205,2.0201870106795443,0.5023170370157524,0.6453992082933674,0.5603195944709094,0.0,0.2737760124719731
13,train,2048,0.0002999805986332205,2.0201870106795443,0.5023170370157524,0.6453992082933674,0.5603195944709094,0.0,0.2737760124719731
13,val,overall,0.0002999805986332205,1.9015123397111893,0.5288686603307724,0.68792724609375,0.5964684869561877,0.0,0.3590717618427579
13,val,2048,0.0002999805986332205,1.9015123397111893,0.5288686603307724,0.68792724609375,0.5964684869561877,0.0,0.3590717618427579
14,train,overall,0.00029995634810498883,1.9944605143080911,0.5064102789478986,0.6529888067010272,0.5665822940556993,0.0,0.26889057244955156
14,train,2048,0.00029995634810498883,1.9944605143080911,0.5064102789478986,0.6529888067010272,0.5665822940556993,0.0,0.26889057244955156
14,val,overall,0.00029995634810498883,1.8768888456480843,0.5347193160227367,0.6950557647006852,0.6078849669013705,0.0,0.34808058965773814
14,val,2048,0.00029995634810498883,1.8768888456480843,0.5347193160227367,0.6950557647006852,0.6078849669013705,0.0,0.34808058965773814
15,train,overall,0.0002999223995685079,1.9723308305569294,0.5107369324016998,0.6600980066397799,0.5723361303453488,0.0,0.2671743623878924
15,train,2048,0.0002999223995685079,1.9723308305569294,0.5107369324016998,0.6600980066397799,0.5723361303453488,0.0,0.2671743623878924
15,val,overall,0.0002999223995685079,1.8392654721226012,0.541259765625,0.7122202068567276,0.6214706184608596,0.0,0.337554447234623
15,val,2048,0.0002999223995685079,1.8392654721226012,0.541259765625,0.7122202068567276,0.6214706184608596,0.0,0.337554447234623
16,train,overall,0.0002998787552266496,1.9563423464651064,0.5131529393217489,0.6655036962085775,0.5766373843355563,0.0,0.2636289588004484
16,train,2048,0.0002998787552266496,1.9563423464651064,0.5131529393217489,0.6655036962085775,0.5766373843355563,0.0,0.2636289588004484
16,val,overall,0.0002998787552266496,1.8359241017273493,0.5424213718090739,0.7137141153216362,0.6209319585136005,0.0,0.32454814608134924
16,val,2048,0.0002998787552266496,1.8359241017273493,0.5424213718090739,0.7137141153216362,0.6209319585136005,0.0,0.32454814608134924
17,train,overall,0.0002998254179114328,1.9393940346123393,0.5170399209843622,0.6696223376043174,0.5813003610067838,0.0,0.26260991802130046
17,train,2048,0.0002998254179114328,1.9393940346123393,0.5170399209843622,0.6696223376043174,0.5813003610067838,0.0,0.26260991802130046
17,val,overall,0.0002998254179114328,1.8199774048158102,0.545306493129049,0.7187054348843438,0.6274917849472591,0.0,0.327361576140873
17,val,2048,0.0002998254179114328,1.8199774048158102,0.545306493129049,0.7187054348843438,0.6274917849472591,0.0,0.327361576140873
18,train,overall,0.0002997623910838393,1.9248393357067364,0.5198780830130983,0.6740799292320628,0.5849302830717489,0.0,0.2598400714686099
18,train,2048,0.0002997623910838393,1.9248393357067364,0.5198780830130983,0.6740799292320628,0.5849302830717489,0.0,0.2598400714686099
18,val,overall,0.0002997623910838393,1.803902804851532,0.5470668247767857,0.7206479023609843,0.6281747967004776,0.0,0.31757366846478174
18,val,2048,0.0002997623910838393,1.803902804851532,0.5470668247767857,0.7206479023609843,0.6281747967004776,0.0,0.31757366846478174
19,train,overall,0.00029968967883358983,1.9182136475772602,0.520963249719731,0.6764665954316144,0.5865864980915737,0.0,0.26135089686098656
19,train,2048,0.00029968967883358983,1.9182136475772602,0.520963249719731,0.6764665954316144,0.5865864980915737,0.0,0.26135089686098656
19,val,overall,0.00029968967883358983,1.7864667475223541,0.5521395249026162,0.7265615314245224,0.6337638731513705,0.0,0.314423091827877
19,val,2048,0.00029968967883358983,1.7864667475223541,0.5521395249026162,0.7265615314245224,0.6337638731513705,0.0,0.314423091827877
20,train,overall,0.00029960728587887794,1.904694734132878,0.5235811378389196,0.6806509248878924,0.5904726038599228,0.0,0.258155391676009
20,train,2048,0.00029960728587887794,1.904694734132878,0.5235811378389196,0.6806509248878924,0.5904726038599228,0.0,0.258155391676009
20,val,overall,0.00029960728587887794,1.7883044672863824,0.5499267578125,0.7274305554372924,0.6328028121164867,0.0,0.3190811399429564
20,val,2048,0.00029960728587887794,1.7883044672863824,0.5499267578125,0.7274305554372924,0.6328028121164867,0.0,0.3190811399429564
21,train,overall,0.0002995152175660644,1.899100301511619,0.5243155304091929,0.6816791619420586,0.5907918476737668,0.0,0.2585591542881166
21,train,2048,0.0002995152175660644,1.899100301511619,0.5243155304091929,0.6816791619420586,0.5907918476737668,0.0,0.2585591542881166
21,val,overall,0.0002995152175660644,1.7688242686646325,0.5528932607599667,0.7295057507497924,0.6334034757954734,0.0,0.3105333116319445
21,val,2048,0.0002995152175660644,1.7688242686646325,0.5528932607599667,0.7295057507497924,0.6334034757954734,0.0,0.3105333116319445
22,train,overall,0.00029941347986933015,1.8891597456996216,0.5264245552332412,0.6846268043389769,0.593278797752654,0.0,0.2584921524663677
22,train,2048,0.00029941347986933015,1.8891597456996216,0.5264245552332412,0.6846268043389769,0.593278797752654,0.0,0.2584921524663677
22,val,overall,0.00029941347986933015,1.767459518143109,0.5539812360491071,0.7348129036171096,0.6390216158969062,0.0,0.30373515780009924
22,val,2048,0.00029941347986933015,1.767459518143109,0.5539812360491071,0.7348129036171096,0.6390216158969062,0.0,0.30373515780009924
23,train,overall,0.00029930207939028844,1.8851731678830135,0.5268567824577537,0.6860916480889769,0.5954438760676192,0.0,0.2575514994394619
23,train,2048,0.00029930207939028844,1.8851731678830135,0.5268567824577537,0.6860916480889769,0.5954438760676192,0.0,0.2575514994394619
23,val,overall,0.00029930207939028844,1.7516631505319051,0.5588630799736295,0.7405405193567276,0.6432727628520557,0.0,0.3073711092509921
23,val,2048,0.00029930207939028844,1.7516631505319051,0.5588630799736295,0.7405405193567276,0.6432727628520557,0.0,0.3073711092509921
24,train,overall,0.0002991810233575568,1.8752831733814803,0.5289461007299979,0.6893182455691521,0.5975275015617165,0.0,0.25595834501121073
24,train,2048,0.0002991810233575568,1.8752831733814803,0.5289461007299979,0.6893182455691521,0.5975275015617165,0.0,0.25595834501121073
24,val,overall,0.0002991810233575568,1.7534477497850145,0.5585084951349667,0.7377484036343438,0.6456715422017234,0.0,0.3043125697544643
24,val,2048,0.0002991810233575568,1.7534477497850145,0.5585084951349667,0.7377484036343438,0.6456715422017234,0.0,0.3043125697544643
25,train,overall,0.00029905031962628776,1.8672261558840628,0.5310192158938524,0.6915652150530451,0.5997897982597351,0.0,0.2540801044002242
25,train,2048,0.00029905031962628776,1.8672261558840628,0.5310192158938524,0.6915652150530451,0.5997897982597351,0.0,0.2540801044002242
25,val,overall,0.00029905031962628776,1.7529023161956243,0.559124659214701,0.7381930883441653,0.6423049196600914,0.0,0.3036295572916667
25,val,2048,0.00029905031962628776,1.7529023161956243,0.559124659214701,0.7381930883441653,0.6423049196600914,0.0,0.3036295572916667
26,train,overall,0.00029890997667765903,1.8620462161008553,0.5322042286663312,0.6931881482291115,0.6014998774357441,0.0,0.25438183155829597
26,train,2048,0.00029890997667765903,1.8620462161008553,0.5322042286663312,0.6931881482291115,0.6014998774357441,0.0,0.25438183155829597
26,val,overall,0.00029890997667765903,1.725454792380333,0.56304931640625,0.7477494499513081,0.6495225695627076,0.0,0.29950048053075395
26,val,2048,0.00029890997667765903,1.725454792380333,0.56304931640625,0.7477494499513081,0.6495225695627076,0.0,0.29950048053075395
27,train,overall,0.0002987600036183235,1.8580656270809772,0.5332666234585202,0.694779550815377,0.6024900153613412,0.0,0.2546905654428251
27,train,2048,0.0002987600036183235,1.8580656270809772,0.5332666234585202,0.694779550815377,0.6024900153613412,0.0,0.2546905654428251
27,val,overall,0.0002987600036183235,1.7415253626448768,0.5601109095982143,0.7421710299594062,0.645062159214701,0.0,0.30664353143601186
27,val,2048,0.0002987600036183235,1.7415253626448768,0.5601109095982143,0.7421710299594062,0.645062159214701,0.0,0.30664353143601186
28,train,overall,0.000298600410179818,1.8513397994062826,0.5342939848857076,0.6971517656950673,0.604562254764574,0.0,0.253821293441704
28,train,2048,0.000298600410179818,1.8513397994062826,0.5342939848857076,0.6971517656950673,0.604562254764574,0.0,0.253821293441704
28,val,overall,0.000298600410179818,1.723453083208629,0.5636674187013081,0.7494264638849667,0.6496514220322881,0.0,0.2984599764384921
28,val,2048,0.000298600410179818,1.723453083208629,0.5636674187013081,0.7494264638849667,0.6496514220322881,0.0,0.2984599764384921
29,train,overall,0.00029843120671793215,1.8468751073418177,0.5350691040000574,0.6973501435844353,0.6062609481170038,0.0,0.2516947519618834
29,train,2048,0.00029843120671793215,1.8468751073418177,0.5350691040000574,0.6973501435844353,0.6062609481170038,0.0,0.2516947519618834
29,val,overall,0.00029843120671793215,1.7304015713078635,0.5643223353794643,0.7467341348528862,0.6491418267999377,0.0,0.2985752650669643
29,val,2048,0.00029843120671793215,1.7304015713078635,0.5643223353794643,0.7467341348528862,0.6491418267999377,0.0,0.2985752650669643
30,train,overall,0.000298252404212036,1.8390123507367122,0.5368965457907706,0.7009086849443581,0.6080608009757482,0.0,0.2498222043161435
30,train,2048,0.000298252404212036,1.8390123507367122,0.5368965457907706,0.7009086849443581,0.6080608009757482,0.0,0.2498222043161435
30,val,overall,0.000298252404212036,1.71250947032656,0.5643000528216362,0.7492055743932724,0.6494721908654485,0.0,0.2956882052951389
30,val,2048,0.000298252404212036,1.71250947032656,0.5643000528216362,0.7492055743932724,0.6494721908654485,0.0,0.2956882052951389
31,train,overall,0.0002980640142643679,1.836754357868246,0.5366977298206278,0.7006656391203671,0.608641483323991,0.0,0.2501173626681614
31,train,2048,0.0002980640142643679,1.836754357868246,0.5366977298206278,0.7006656391203671,0.608641483323991,0.0,0.2501173626681614
31,val,overall,0.0002980640142643679,1.721481402005468,0.5659305634243148,0.7484373067106519,0.6541370206645557,0.0,0.2895779079861111
31,val,2048,0.0002980640142643679,1.721481402005468,0.5659305634243148,0.7484373067106519,0.6541370206645557,0.0,0.2895779079861111
32,train,overall,0.00029786604909928175,1.8332461492897685,0.5379186518523725,0.702430896160314,0.6095593646502816,0.0,0.25033413326793724
32,train,2048,0.00029786604909928175,1.8332461492897685,0.5379186518523725,0.702430896160314,0.6095593646502816,0.0,0.25033413326793724
32,val,overall,0.00029786604909928175,1.7133080320698875,0.5658017109547343,0.7529897540807724,0.6558663504464286,0.0,0.29253569103422616
32,val,2048,0.00029786604909928175,1.7133080320698875,0.5658017109547343,0.7529897540807724,0.6558663504464286,0.0,0.29253569103422616
33,train,overall,0.00029765852156245334,1.8275018962509428,0.5396020179906769,0.7034932912197883,0.6118194717462822,0.0,0.24811431474215248
33,train,2048,0.00029765852156245334,1.8275018962509428,0.5396020179906769,0.7034932912197883,0.6118194717462822,0.0,0.24811431474215248
33,val,overall,0.00029765852156245334,1.7014986361776079,0.5682373046875,0.7538578095180648,0.65623546817473,0.0,0.28706093439980157
33,val,2048,0.00029765852156245334,1.7014986361776079,0.5682373046875,0.7538578095180648,0.65623546817473,0.0,0.28706093439980157
34,train,overall,0.0002974414451200471,1.8246442774486114,0.5397114980915737,0.7043743868579779,0.6116771476151163,0.0,0.24892446748878924
34,train,2048,0.0002974414451200471,1.8246442774486114,0.5397114980915737,0.7043743868579779,0.6116771476151163,0.0,0.24892446748878924
34,val,overall,0.0002974414451200471,1.7167943907635552,0.5672006756067276,0.7523125548447881,0.6569543267999377,0.0,0.2870987180679564
34,val,2048,0.0002974414451200471,1.7167943907635552,0.5672006756067276,0.7523125548447881,0.6569543267999377,0.0,0.2870987180679564
35,train,overall,0.0002972148338578423,1.8218075961810056,0.5399120655829597,0.705578230154354,0.612337531530269,0.0,0.24807709150784754
35,train,2048,0.0002972148338578423,1.8218075961810056,0.5399120655829597,0.705578230154354,0.612337531530269,0.0,0.24807709150784754
35,val,overall,0.0002972148338578423,1.6979917947735106,0.5686393614326205,0.7552093022636005,0.6572653150984219,0.0,0.2902764214409722
35,val,2048,0.0002972148338578423,1.6979917947735106,0.5686393614326205,0.7552093022636005,0.6572653150984219,0.0,0.2902764214409722
36,train,overall,0.00029697870248031897,1.8159013045742907,0.5411198500025968,0.7079758443639952,0.6139398823939097,0.0,0.2469971797926009
36,train,2048,0.00029697870248031897,1.8159013045742907,0.5411198500025968,0.7079758443639952,0.6139398823939097,0.0,0.2469971797926009
36,val,overall,0.00029697870248031897,1.7041091961520058,0.5699491958533015,0.7551860511302948,0.6601484992674419,0.0,0.2846708751860119
36,val,2048,0.00029697870248031897,1.7041091961520058,0.5699491958533015,0.7551860511302948,0.6601484992674419,0.0,0.2846708751860119
37,train,overall,0.0002967330663097039,1.8119406101414977,0.5423977019540932,0.7080183226966003,0.6150469451207217,0.0,0.24625315302690584
37,train,2048,0.0002967330663097039,1.8119406101414977,0.5423977019540932,0.7080183226966003,0.6150469451207217,0.0,0.24625315302690584
37,val,overall,0.0002967330663097039,1.684414233480181,0.5715273906077657,0.7624647351247924,0.6650797522493771,0.0,0.27944704086061506
37,val,2048,0.0002967330663097039,1.684414233480181,0.5715273906077657,0.7624647351247924,0.6650797522493771,0.0,0.27944704086061506
38,train,overall,0.00029647794128497614,1.8097711742726141,0.5423346413090625,0.7083765415332777,0.6155579982851653,0.0,0.24604689251681616
38,train,2048,0.00029647794128497614,1.8097711742726141,0.5423346413090625,0.7083765415332777,0.6155579982851653,0.0,0.24604689251681616
38,val,overall,0.00029647794128497614,1.6947807967662811,0.5683758450405938,0.7574327258127076,0.6624164889965739,0.0,0.28825160435267855
38,val,2048,0.00029647794128497614,1.6947807967662811,0.5683758450405938,0.7574327258127076,0.6624164889965739,0.0,0.28825160435267855
39,train,overall,0.00029621334396083294,1.8050589256757044,0.5431080086348837,0.7101190269260663,0.6167513313849411,0.0,0.24532957889573992
39,train,2048,0.00029621334396083294,1.8050589256757044,0.5431080086348837,0.7101190269260663,0.6167513313849411,0.0,0.24532957889573992
39,val,overall,0.00029621334396083294,1.701116138270923,0.5686529246824128,0.7554369728480067,0.6597842265452657,0.0,0.2868129185267857
39,val,2048,0.00029621334396083294,1.701116138270923,0.5686529246824128,0.7554369728480067,0.6597842265452657,0.0,0.2868129185267857
40,train,overall,0.00029593929150661545,1.804205822837727,0.5438699901371259,0.7117774312806237,0.6174480626401345,0.0,0.24573947239349775
40,train,2048,0.00029593929150661545,1.804205822837727,0.5438699901371259,0.7117774312806237,0.6174480626401345,0.0,0.24573947239349775
40,val,overall,0.00029593929150661545,1.69907317842756,0.5685909209506852,0.7546347965087209,0.659930516566549,0.0,0.2839132641989087
40,val,2048,0.00029593929150661545,1.69907317842756,0.5685909209506852,0.7546347965087209,0.659930516566549,0.0,0.2839132641989087
41,train,overall,0.00029565580170519477,1.799125281150031,0.5449884389548024,0.7125056931256178,0.6191918617406769,0.0,0.24454263593049327
41,train,2048,0.00029565580170519477,1.799125281150031,0.5449884389548024,0.7125056931256178,0.6191918617406769,0.0,0.24454263593049327
41,val,overall,0.00029565580170519477,1.6817573372806822,0.5738428511789867,0.7617914112550872,0.666034032191549,0.0,0.2833920433407738
41,val,2048,0.00029565580170519477,1.6817573372806822,0.5738428511789867,0.7617914112550872,0.666034032191549,0.0,0.2833920433407738
42,train,overall,0.00029536289295181776,1.7967438959754636,0.5455551080639587,0.7132781845571748,0.6198172120235426,0.0,0.24407318525784752
42,train,2048,0.00029536289295181776,1.7967438959754636,0.5455551080639587,0.7132781845571748,0.6198172120235426,0.0,0.24407318525784752
42,val,overall,0.00029536289295181776,1.6739123612642288,0.5745316765138081,0.7643326052597591,0.6692776147808347,0.0,0.27193777901785715
42,val,2048,0.00029536289295181776,1.6739123612642288,0.5745316765138081,0.7643326052597591,0.6692776147808347,0.0,0.27193777901785715
43,train,overall,0.0002950605842529138,1.794963567780807,0.5455511666734122,0.7142906565837261,0.6206229855661435,0.0,0.24325339826233183
43,train,2048,0.0002950605842529138,1.794963567780807,0.5455511666734122,0.7142906565837261,0.6206229855661435,0.0,0.24325339826233183
43,val,overall,0.0002950605842529138,1.6960490218230657,0.5674680684294019,0.7549331911972591,0.6577787856970515,0.0,0.28107076977926587
43,val,2048,0.0002950605842529138,1.6960490218230657,0.5674680684294019,0.7549331911972591,0.6577787856970515,0.0,0.28107076977926587
44,train,overall,0.00029474889522486093,1.7913835679469088,0.546458975616592,0.7142910943972156,0.6211765170631922,0.0,0.24374255535313902
44,train,2048,0.00029474889522486093,1.7913835679469088,0.546458975616592,0.7142910943972156,0.6211765170631922,0.0,0.24374255535313902
44,val,overall,0.00029474889522486093,1.6877519062587194,0.5711505221469062,0.7578929119876453,0.6607985720038414,0.0,0.2813972594246032
44,val,2048,0.00029474889522486093,1.6877519062587194,0.5711505221469062,0.7578929119876453,0.6607985720038414,0.0,0.2813972594246032
45,train,overall,0.0002944278460927137,1.7876295690579265,0.5470860776879862,0.7156162416988424,0.6217497547111169,0.0,0.24256936659192824
45,train,2048,0.0002944278460927137,1.7876295690579265,0.5470860776879862,0.7156162416988424,0.6217497547111169,0.0,0.24256936659192824
45,val,overall,0.0002944278460927137,1.6761496194771357,0.5711321149553571,0.7601163355367524,0.6632564482944352,0.0,0.2774813213045635
45,val,2048,0.0002944278460927137,1.6761496194771357,0.5711321149553571,0.7601163355367524,0.6632564482944352,0.0,0.2774813213045635
46,train,overall,0.00029409745768889015,1.7862914522667102,0.5473291235119773,0.7163099074577537,0.6223435749387527,0.0,0.24178198570627804
46,train,2048,0.00029409745768889015,1.7862914522667102,0.5473291235119773,0.7163099074577537,0.6223435749387527,0.0,0.24178198570627804
46,val,overall,0.00029409745768889015,1.6705947348049708,0.5745917430945805,0.7665560288088662,0.6684124661343438,0.0,0.2751348586309524
46,val,2048,0.00029409745768889015,1.6705947348049708,0.5745917430945805,0.7665560288088662,0.6684124661343438,0.0,0.2751348586309524
47,train,overall,0.0002937577514518203,1.7838491917725636,0.5476159613763271,0.7175627978927887,0.6226742048434613,0.0,0.24383539447869956
47,train,2048,0.0002937577514518203,1.7838491917725636,0.5476159613763271,0.7175627978927887,0.6226742048434613,0.0,0.24383539447869956
47,val,overall,0.0002937577514518203,1.6674625830990928,0.5738535076379776,0.7637716627546719,0.6680104093892234,0.0,0.27346075148809523
47,val,2048,0.0002937577514518203,1.6674625830990928,0.5738535076379776,0.7637716627546719,0.6680104093892234,0.0,0.27346075148809523
48,train,overall,0.0002934087494245552,1.7798395841110983,0.5495143463258786,0.7181351599137344,0.625124369501533,0.0,0.2403565547926009
48,train,2048,0.0002934087494245552,1.7798395841110983,0.5495143463258786,0.7181351599137344,0.625124369501533,0.0,0.2403565547926009
48,val,overall,0.0002934087494245552,1.6653357233319963,0.5752883180975914,0.7667139449289867,0.6697998046875,0.0,0.26980154854910715
48,val,2048,0.0002934087494245552,1.6653357233319963,0.5752883180975914,0.7667139449289867,0.6697998046875,0.0,0.26980154854910715
49,train,overall,0.00029305047425333603,1.7767858387643447,0.549351439882287,0.7195457014267754,0.6255088635624257,0.0,0.23961077634529146
49,train,2048,0.00029305047425333603,1.7767858387643447,0.549351439882287,0.7195457014267754,0.6255088635624257,0.0,0.23961077634529146
49,val,overall,0.00029305047425333603,1.664192604167121,0.5761757503662791,0.7654932418039867,0.66963123104402,0.0,0.27234274243551587
49,val,2048,0.00029305047425333603,1.664192604167121,0.5761757503662791,0.7654932418039867,0.66963123104402,0.0,0.27234274243551587
50,train,overall,0.0002926829491861255,1.77574453332499,0.5499859866539993,0.7193950567010272,0.6256450567010272,0.0,0.24083563971412558
50,train,2048,0.0002926829491861255,1.77574453332499,0.5499859866539993,0.7193950567010272,0.6256450567010272,0.0,0.24083563971412558
50,val,overall,0.0002926829491861255,1.6725036736045564,0.5741083057863372,0.7668631417410714,0.6719728506037167,0.0,0.28251236204117064
50,val,2048,0.0002926829491861255,1.6725036736045564,0.5741083057863372,0.7668631417410714,0.6719728506037167,0.0,0.28251236204117064
51,train,overall,0.0002923061980710982,1.772782791890371,0.5504812745235426,0.7210884949551569,0.6268707960175827,0.0,0.23940451583520178
51,train,2048,0.0002923061980710982,1.772782791890371,0.5504812745235426,0.7210884949551569,0.6268707960175827,0.0,0.23940451583520178
51,val,overall,0.0002923061980710982,1.668493275131498,0.5742177814245224,0.7623446030276162,0.6684056839772633,0.0,0.2739684089781746
51,val,2048,0.0002923061980710982,1.668493275131498,0.5742177814245224,0.7623446030276162,0.6684056839772633,0.0,0.2739684089781746
52,train,overall,0.0002919202453550944,1.7713884617715674,0.550561413903942,0.7210915604514392,0.6270223163703097,0.0,0.23939707118834083
52,train,2048,0.0002919202453550944,1.7713884617715674,0.550561413903942,0.7210915604514392,0.6270223163703097,0.0,0.23939707118834083
52,val,overall,0.0002919202453550944,1.6620470306703023,0.5748775420444352,0.7662401955042567,0.6686391681432724,0.0,0.2738705589657738
52,val,2048,0.0002919202453550944,1.6620470306703023,0.5748775420444352,0.7662401955042567,0.6686391681432724,0.0,0.2738705589657738
53,train,overall,0.00029152511608203255,1.768699209251746,0.5509866347761967,0.7214703616005422,0.6274878259731516,0.0,0.2387104119955157
53,train,2048,0.00029152511608203255,1.768699209251746,0.5509866347761967,0.7214703616005422,0.6274878259731516,0.0,0.2387104119955157
53,val,overall,0.00029152511608203255,1.6530731809990746,0.5778111049107143,0.7693423320140157,0.6722479930945805,0.0,0.2712673611111111
53,val,2048,0.00029152511608203255,1.6530731809990746,0.5778111049107143,0.7693423320140157,0.6722479930945805,0.0,0.2712673611111111
54,train,overall,0.000291120835891285,1.7659508786393923,0.552172085362165,0.7229807491794296,0.6284096484227031,0.0,0.23815950812780268
54,train,2048,0.000291120835891285,1.7659508786393923,0.552172085362165,0.7229807491794296,0.6284096484227031,0.0,0.23815950812780268
54,val,overall,0.000291120835891285,1.6514121145009995,0.5781647211738995,0.7697812031422343,0.6726422991071429,0.0,0.27072870163690477
54,val,2048,0.000291120835891285,1.6514121145009995,0.5781647211738995,0.7697812031422343,0.6726422991071429,0.0,0.27072870163690477
55,train,overall,0.0002907074310160141,1.7645782536989905,0.5522154393217489,0.7239428600922828,0.6291344066906402,0.0,0.23807630325112106
55,train,2048,0.0002907074310160141,1.7645782536989905,0.5522154393217489,0.7239428600922828,0.6291344066906402,0.0,0.23807630325112106
55,val,overall,0.0002907074310160141,1.657885730266571,0.5767376614468438,0.7647569445627076,0.6677585180316653,0.0,0.27743675595238093
55,val,2048,0.0002907074310160141,1.657885730266571,0.5767376614468438,0.7647569445627076,0.6677585180316653,0.0,0.27743675595238093
56,train,overall,0.0002902849282814695,1.7627370298710638,0.5526148227832777,0.7238964406364167,0.6296419562780269,0.0,0.23786128433295964
56,train,2048,0.0002902849282814695,1.7627370298710638,0.5526148227832777,0.7238964406364167,0.6296419562780269,0.0,0.23786128433295964
56,val,overall,0.0002902849282814695,1.653101412313325,0.5777946348701205,0.7705930684294019,0.6723729691335133,0.0,0.2679443359375
56,val,2048,0.0002902849282814695,1.653101412313325,0.5777946348701205,0.7705930684294019,0.6723729691335133,0.0,0.2679443359375
57,train,overall,0.00028985335510324837,1.7601632804614011,0.5535064286180675,0.7249124159727396,0.630843609972385,0.0,0.2361091647982063
57,train,2048,0.00028985335510324837,1.7601632804614011,0.5535064286180675,0.7249124159727396,0.630843609972385,0.0,0.2361091647982063
57,val,overall,0.00028985335510324837,1.6532363487141473,0.5788264200091362,0.7692134795444352,0.6742883111749377,0.0,0.2663797045510913
57,val,2048,0.00028985335510324837,1.6532363487141473,0.5788264200091362,0.7692134795444352,0.6742883111749377,0.0,0.2663797045510913
58,train,overall,0.0002894127394855157,1.7584885984258267,0.5532607553785692,0.7259406530269058,0.6306912137253937,0.0,0.23641746076233183
58,train,2048,0.0002894127394855157,1.7584885984258267,0.5532607553785692,0.7259406530269058,0.6306912137253937,0.0,0.23641746076233183
58,val,overall,0.0002894127394855157,1.6507159428937095,0.5793156698346138,0.7695903480052948,0.6740519202181271,0.0,0.26917278955853174
58,val,2048,0.0002894127394855157,1.6507159428937095,0.5793156698346138,0.7695903480052948,0.6740519202181271,0.0,0.26917278955853174
59,train,overall,0.00028896311001918754,1.7571526461118006,0.5532979786128741,0.7254466788651163,0.6314448746330535,0.0,0.23594100336322868
59,train,2048,0.00028896311001918754,1.7571526461118006,0.5532979786128741,0.7254466788651163,0.6314448746330535,0.0,0.23594100336322868
59,val,overall,0.00028896311001918754,1.6488327426569802,0.5787905742015157,0.7708139568567276,0.6734241300395557,0.0,0.27416895306299605
59,val,2048,0.00028896311001918754,1.6488327426569802,0.5787905742015157,0.7708139568567276,0.6734241300395557,0.0,0.27416895306299605
60,train,overall,0.00028850449588007564,1.7571109779212506,0.5535594171472729,0.7262358114858379,0.6312552551517572,0.0,0.23733490400784754
60,train,2048,0.00028850449588007564,1.7571109779212506,0.5535594171472729,0.7262358114858379,0.6312552551517572,0.0,0.23733490400784754
60,val,overall,0.00028850449588007564,1.6620940480913435,0.5759519551481519,0.7653324188930648,0.6686362613524709,0.0,0.2706637912326389
60,val,2048,0.00028850449588007564,1.6620940480913435,0.5759519551481519,0.7653324188930648,0.6686362613524709,0.0,0.2706637912326389
61,train,overall,0.0002880369268269942,1.752843918287166,0.5548175624133226,0.727383162943237,0.6327214126095109,0.0,0.23623835131726456
61,train,2048,0.0002880369268269942,1.752843918287166,0.5548175624133226,0.727383162943237,0.6327214126095109,0.0,0.23623835131726456
61,val,overall,0.0002880369268269942,1.6428571279559816,0.5790996253490448,0.7725335987550872,0.6751602419785091,0.0,0.2651212177579365
61,val,2048,0.0002880369268269942,1.6428571279559816,0.5790996253490448,0.7725335987550872,0.6751602419785091,0.0,0.2651212177579365
62,train,overall,0.00028756043319982905,1.7495837265065968,0.5552195732903588,0.728398700198785,0.6336033844092501,0.0,0.2346443210482063
62,train,2048,0.00028756043319982905,1.7495837265065968,0.5552195732903588,0.728398700198785,0.6336033844092501,0.0,0.2346443210482063
62,val,overall,0.00028756043319982905,1.6480099324669157,0.5775853714772633,0.7696872289691653,0.6736585827810424,0.0,0.27128867497519843
62,val,2048,0.00028756043319982905,1.6480099324669157,0.5775853714772633,0.7696872289691653,0.6736585827810424,0.0,0.27128867497519843
63,train,overall,0.00028707504591756876,1.7495077618569002,0.5550058681868651,0.7280781426771874,0.6333677830182918,0.0,0.23499728489349775
63,train,2048,0.00028707504591756876,1.7495077618569002,0.5550058681868651,0.7280781426771874,0.6333677830182918,0.0,0.23499728489349775
63,val,overall,0.00028707504591756876,1.6451470873185567,0.57691882870027,0.7726033532193729,0.6745343889508929,0.0,0.26167515345982145
63,val,2048,0.00028707504591756876,1.6451470873185567,0.57691882870027,0.7726033532193729,0.6745343889508929,0.0,0.26167515345982145
64,train,overall,0.00028658079647629864,1.7485254275959168,0.5554021861521118,0.7287135650758786,0.633434785053869,0.0,0.23490225616591928
64,train,2048,0.00028658079647629864,1.7485254275959168,0.5554021861521118,0.7287135650758786,0.633434785053869,0.0,0.23490225616591928
64,val,overall,0.00028658079647629864,1.647597229906491,0.5770253986120224,0.7708420529961586,0.6723080586109843,0.0,0.27072870163690477
64,val,2048,0.00028658079647629864,1.647597229906491,0.5770253986120224,0.7708420529961586,0.6723080586109843,0.0,0.27072870163690477
65,train,overall,0.0002860777169471565,1.745756597262327,0.5561519059365105,0.7296196224978152,0.6348321889548024,0.0,0.23396992362668162
65,train,2048,0.0002860777169471565,1.745756597262327,0.5561519059365105,0.7296196224978152,0.6348321889548024,0.0,0.23396992362668162
65,val,overall,0.0002860777169471565,1.659427896142006,0.5770864337682724,0.7635420539549419,0.6691817023924419,0.0,0.27424355158730157
65,val,2048,0.0002860777169471565,1.659427896142006,0.5770864337682724,0.7635420539549419,0.6691817023924419,0.0,0.27424355158730157
66,train,overall,0.0002855658399742521,1.7434462036252556,0.5565793161434978,0.7305874265897434,0.6352595991617895,0.0,0.23358192614910314
66,train,2048,0.0002855658399742521,1.7434462036252556,0.5565793161434978,0.7305874265897434,0.6352595991617895,0.0,0.23358192614910314
66,val,overall,0.0002855658399742521,1.6468493363686971,0.5789707728794643,0.7701871363180024,0.67302013614348,0.0,0.26888020833333337
66,val,2048,0.0002855658399742521,1.6468493363686971,0.5789707728794643,0.7701871363180024,0.67302013614348,0.0,0.26888020833333337
67,train,overall,0.00028504519877254865,1.742383426614941,0.5568924292320628,0.7313235706812597,0.6365046070830169,0.0,0.23375797015134528
67,train,2048,0.00028504519877254865,1.742383426614941,0.5568924292320628,0.7313235706812597,0.6365046070830169,0.0,0.23375797015134528
67,val,overall,0.00028504519877254865,1.6379560615335191,0.5818200494561877,0.774212549839701,0.6742379324776786,0.0,0.27370198567708337
67,val,2048,0.00028504519877254865,1.6379560615335191,0.5818200494561877,0.774212549839701,0.6742379324776786,0.0,0.27370198567708337
68,train,overall,0.00028451582712570766,1.7383766976172614,0.5577595116311659,0.7320430738508968,0.6370774069174523,0.0,0.23185038887331838
68,train,2048,0.00028451582712570766,1.7383766976172614,0.5577595116311659,0.7320430738508968,0.6370774069174523,0.0,0.23185038887331838
68,val,overall,0.00028451582712570766,1.6471526601484843,0.5793282645089286,0.7684868712510381,0.6740499830671719,0.0,0.26038663349454366
68,val,2048,0.00028451582712570766,1.6471526601484843,0.5793282645089286,0.7684868712510381,0.6740499830671719,0.0,0.26038663349454366
69,train,overall,0.0002839777593838967,1.737928112526111,0.5577630149409375,0.7318468855635467,0.6373081910235999,0.0,0.23324253783632287
69,train,2048,0.0002839777593838967,1.737928112526111,0.5577630149409375,0.7318468855635467,0.6373081910235999,0.0,0.23324253783632287
69,val,overall,0.0002839777593838967,1.6300574839115143,0.5813753647463662,0.7777719646692276,0.6795596171702657,0.0,0.26449730282738093
69,val,2048,0.0002839777593838967,1.6300574839115143,0.5813753647463662,0.7777719646692276,0.6795596171702657,0.0,0.26449730282738093
70,train,overall,0.0002834310304615603,1.7365082379413828,0.5582232694454792,0.7329399347839869,0.6382527851203097,0.0,0.23131525014013454
70,train,2048,0.0002834310304615603,1.7365082379413828,0.5582232694454792,0.7329399347839869,0.6382527851203097,0.0,0.23131525014013454
70,val,overall,0.0002834310304615603,1.654457151889801,0.5741412448031562,0.7683696448802948,0.6704256577151162,0.0,0.2682020399305555
70,val,2048,0.0002834310304615603,1.654457151889801,0.5741412448031562,0.7683696448802948,0.6704256577151162,0.0,0.2682020399305555
71,train,overall,0.00028287567583515485,1.7331786513863123,0.5586401697231516,0.7338275994955157,0.6382063656644437,0.0,0.23146501891816143
71,train,2048,0.00028287567583515485,1.7331786513863123,0.5586401697231516,0.7338275994955157,0.6382063656644437,0.0,0.23146501891816143
71,val,overall,0.00028287567583515485,1.652787868465696,0.5777277871966362,0.7682272291609219,0.6718091209019933,0.0,0.2639072963169643
71,val,2048,0.00028287567583515485,1.652787868465696,0.5777277871966362,0.7682272291609219,0.6718091209019933,0.0,0.2639072963169643
72,train,overall,0.0002823117315408462,1.7329609907261458,0.558720309103551,0.7337895003669465,0.6384178811659192,0.0,0.2309745480661435
72,train,2048,0.0002823117315408462,1.7329609907261458,0.558720309103551,0.7337895003669465,0.6384178811659192,0.0,0.2309745480661435
72,val,overall,0.0002823117315408462,1.6367871080126082,0.5811040965574128,0.7726459811840739,0.6766415547047343,0.0,0.26009405226934523
72,val,2048,0.0002823117315408462,1.6367871080126082,0.5811040965574128,0.7726459811840739,0.6766415547047343,0.0,0.26009405226934523
73,train,overall,0.0002817392341721715,1.73027511455553,0.5595900189181614,0.7344437535568203,0.6393090491872198,0.0,0.23001812990470852
73,train,2048,0.0002817392341721715,1.73027511455553,0.5595900189181614,0.7344437535568203,0.6393090491872198,0.0,0.23001812990470852
73,val,overall,0.0002817392341721715,1.6355077581746238,0.579251728951931,0.7733570890767234,0.6741604272808347,0.0,0.2644197978670635
73,val,2048,0.0002817392341721715,1.6355077581746238,0.579251728951931,0.7733570890767234,0.6741604272808347,0.0,0.2644197978670635
74,train,overall,0.0002811582208776644,1.727454698139242,0.5603441179065961,0.7357824762840443,0.6397434662810355,0.0,0.2306049432455157
74,train,2048,0.0002811582208776644,1.727454698139242,0.5603441179065961,0.7357824762840443,0.6397434662810355,0.0,0.2306049432455157
74,val,overall,0.0002811582208776644,1.633537816149848,0.5798552983573505,0.774456690464701,0.6754131019115448,0.0,0.25891016400049605
74,val,2048,0.0002811582208776644,1.633537816149848,0.5798552983573505,0.774456690464701,0.6754131019115448,0.0,0.25891016400049605
75,train,overall,0.00028056872935844514,1.7273101314835484,0.5601847147727761,0.734978016449197,0.6400657755911617,0.0,0.23020906320067264
75,train,2048,0.00028056872935844514,1.7273101314835484,0.5601847147727761,0.734978016449197,0.6400657755911617,0.0,0.23020906320067264
75,val,overall,0.00028056872935844514,1.630234758768763,0.5826774473701205,0.7758546865412167,0.6790887745363372,0.0,0.26245310949900796
75,val,2048,0.00028056872935844514,1.630234758768763,0.5826774473701205,0.7758546865412167,0.6790887745363372,0.0,0.26245310949900796
76,train,overall,0.00027997079786577355,1.7242641951471167,0.5600958169843049,0.737106309610632,0.6411202881368286,0.0,0.23095527956838566
76,train,2048,0.00027997079786577355,1.7242641951471167,0.5600958169843049,0.737106309610632,0.6411202881368286,0.0,0.23095527956838566
76,val,overall,0.00027997079786577355,1.633426429969924,0.5824856225933347,0.7726178850446429,0.6761929956930024,0.0,0.26313515314980157
76,val,2048,0.00027997079786577355,1.633426429969924,0.5824856225933347,0.7726178850446429,0.6761929956930024,0.0,0.26313515314980157
77,train,overall,0.0002793644651985673,1.7213249126357348,0.5615225616057358,0.7378214335762332,0.6427068737055689,0.0,0.22967917951233183
77,train,2048,0.0002793644651985673,1.7213249126357348,0.5615225616057358,0.7378214335762332,0.6427068737055689,0.0,0.22967917951233183
77,val,overall,0.0002793644651985673,1.6385096524442946,0.5804482113037791,0.7713245206645557,0.6718246223671096,0.0,0.2688201419890873
77,val,2048,0.0002793644651985673,1.6385096524442946,0.5804482113037791,0.7713245206645557,0.6718246223671096,0.0,0.2688201419890873
78,train,overall,0.0002787497707008843,1.7206841835526607,0.5610776345826051,0.7377526800194129,0.641795999266107,0.0,0.22996908281950673
78,train,2048,0.0002787497707008843,1.7206841835526607,0.5610776345826051,0.7377526800194129,0.641795999266107,0.0,0.22996908281950673
78,val,overall,0.0002787497707008843,1.6431848321642195,0.579730321254049,0.7706463528530938,0.6742359953267234,0.0,0.2623077876984127
78,val,2048,0.0002787497707008843,1.6431848321642195,0.579730321254049,0.7706463528530938,0.6742359953267234,0.0,0.2623077876984127
79,train,overall,0.00027812675425936966,1.7185294799205968,0.5618645776013088,0.738683698957811,0.6427007427130045,0.0,0.2283203125
79,train,2048,0.00027812675425936966,1.7185294799205968,0.5618645776013088,0.738683698957811,0.6427007427130045,0.0,0.2283203125
79,val,overall,0.00027812675425936966,1.6224619022437505,0.5828818668212209,0.7775065100618771,0.68073962948152,0.0,0.25376480344742064
79,val,2048,0.00027812675425936966,1.6224619022437505,0.5828818668212209,0.7775065100618771,0.68073962948152,0.0,0.25376480344742064
80,train,overall,0.0002774954563006674,1.7166621711756616,0.5622372477578476,0.7394443667522995,0.6440232623318386,0.0,0.22898419983183857
80,train,2048,0.0002774954563006674,1.7166621711756616,0.5622372477578476,0.7394443667522995,0.6440232623318386,0.0,0.22898419983183857
80,val,overall,0.0002774954563006674,1.61578312090465,0.5845298160399709,0.7806590252688953,0.6836770677140781,0.0,0.25481208922371035
80,val,2048,0.0002774954563006674,1.61578312090465,0.5845298160399709,0.7806590252688953,0.6836770677140781,0.0,0.25481208922371035
81,train,overall,0.0002768559177887973,1.714245500585958,0.5623300869368651,0.7403083836551204,0.6437841578983939,0.0,0.2282436764293722
81,train,2048,0.0002768559177887973,1.714245500585958,0.5623300869368651,0.7403083836551204,0.6437841578983939,0.0,0.2282436764293722
81,val,overall,0.0002768559177887973,1.622157797217369,0.5827888612236295,0.7785770477993148,0.6807590063129153,0.0,0.2572409009176587
81,val,2048,0.0002768559177887973,1.622157797217369,0.5827888612236295,0.7785770477993148,0.6807590063129153,0.0,0.2572409009176587
82,train,overall,0.000276208180222497,1.7124342212762533,0.5628704808218062,0.7413423136210763,0.6452590737642194,0.0,0.22741907230941705
82,train,2048,0.000276208180222497,1.7124342212762533,0.5628704808218062,0.7413423136210763,0.6452590737642194,0.0,0.22741907230941705
82,val,overall,0.000276208180222497,1.651202238031796,0.5780755909425872,0.764676533639431,0.671490381870951,0.0,0.2656472826760913
82,val,2048,0.000276208180222497,1.651202238031796,0.5780755909425872,0.764676533639431,0.671490381870951,0.0,0.2656472826760913
83,train,overall,0.00027555228563252884,1.7113803266944372,0.5637612107623319,0.7419974427052143,0.6452700217743091,0.0,0.2274343995235426
83,train,2048,0.00027555228563252884,1.7113803266944372,0.5637612107623319,0.7419974427052143,0.6452700217743091,0.0,0.2274343995235426
83,val,overall,0.00027555228563252884,1.6246555937188012,0.5854986278074128,0.7753402473671096,0.6787177196570805,0.0,0.26400320870535715
83,val,2048,0.00027555228563252884,1.6246555937188012,0.5854986278074128,0.7753402473671096,0.6787177196570805,0.0,0.26400320870535715
84,train,overall,0.000274888276578953,1.709954770156621,0.5632865052052143,0.7418695698939097,0.6457872056640317,0.0,0.22868991732062782
84,train,2048,0.000274888276578953,1.709954770156621,0.5632865052052143,0.7418695698939097,0.6457872056640317,0.0,0.22868991732062782
84,val,overall,0.000274888276578953,1.6305162331887655,0.5824081184608596,0.7763574996164867,0.6806349977850914,0.0,0.2571168929811508
84,val,2048,0.000274888276578953,1.6305162331887655,0.5824081184608596,0.7763574996164867,0.6806349977850914,0.0,0.2571168929811508
85,train,overall,0.0002742161961483652,1.7085167255102252,0.5636464755631349,0.7424633898542601,0.6461677586016633,0.0,0.22771291690022422
85,train,2048,0.0002742161961483652,1.7085167255102252,0.5636464755631349,0.7424633898542601,0.6461677586016633,0.0,0.22771291690022422
85,val,overall,0.0002742161961483652,1.6260667038815362,0.582562159214701,0.777310810983181,0.681317042027201,0.0,0.25393918960813494
85,val,2048,0.0002742161961483652,1.6260667038815362,0.582562159214701,0.777310810983181,0.681317042027201,0.0,0.25393918960813494
86,train,overall,0.0002735360879511016,1.7060798305032499,0.5645809978113047,0.7436913187728335,0.6469371848042236,0.0,0.22681430423206278
86,train,2048,0.0002735360879511016,1.7060798305032499,0.5645809978113047,0.7436913187728335,0.6469371848042236,0.0,0.22681430423206278
86,val,overall,0.0002735360879511016,1.622166469693184,0.5855984155620847,0.77729724666902,0.6799868632640157,0.0,0.2592550610739087
86,val,2048,0.0002735360879511016,1.622166469693184,0.5855984155620847,0.77729724666902,0.6799868632640157,0.0,0.2592550610739087
87,train,overall,0.00027284799611840846,1.7055359474746636,0.5645564743756178,0.7439159718864167,0.6466985181842684,0.0,0.22643900644618836
87,train,2048,0.00027284799611840846,1.7055359474746636,0.5645564743756178,0.7439159718864167,0.6466985181842684,0.0,0.22643900644618836
87,val,overall,0.00027284799611840846,1.6244753982339586,0.5801226901156562,0.7778407505580357,0.6810816207102367,0.0,0.2536843920510913
87,val,2048,0.00027284799611840846,1.6244753982339586,0.5801226901156562,0.7778407505580357,0.6810816207102367,0.0,0.2536843920510913
88,train,overall,0.00027215196529957865,1.703793964043861,0.5650613965474971,0.74340316720073,0.6470041865725153,0.0,0.2263006235986547
88,train,2048,0.00027215196529957865,1.703793964043861,0.5650613965474971,0.74340316720073,0.6470041865725153,0.0,0.2263006235986547
88,val,overall,0.00027215196529957865,1.636629004563604,0.5801013761333057,0.7701629155448505,0.6747872488839286,0.0,0.2674405536954365
88,val,2048,0.00027215196529957865,1.636629004563604,0.5801013761333057,0.7701629155448505,0.6747872488839286,0.0,0.2674405536954365
89,train,overall,0.0002714480406590546,1.7020912501844054,0.5656276275758786,0.7450917881700491,0.6483512296270362,0.0,0.22599539307735425
89,train,2048,0.0002714480406590546,1.7020912501844054,0.5656276275758786,0.7450917881700491,0.6483512296270362,0.0,0.22599539307735425
89,val,overall,0.0002714480406590546,1.6257180592843465,0.5823160803743771,0.7762703065361295,0.6785113619906562,0.0,0.2609369187127976
89,val,2048,0.0002714480406590546,1.6257180592843465,0.5823160803743771,0.7762703065361295,0.6785113619906562,0.0,0.2609369187127976
90,train,overall,0.0002707362678734975,1.7001149718536925,0.5662437816371833,0.7459010650224215,0.6493952319761028,0.0,0.2251081663396861
90,train,2048,0.0002707362678734975,1.7001149718536925,0.5662437816371833,0.7459010650224215,0.6493952319761028,0.0,0.2251081663396861
90,val,overall,0.0002707362678734975,1.6343653755528587,0.5802137585622924,0.77064441463777,0.6767820332731519,0.0,0.2602907211061508
90,val,2048,0.0002707362678734975,1.6343653755528587,0.5802137585622924,0.77064441463777,0.6767820332731519,0.0,0.2602907211061508
91,train,overall,0.0002700166931288234,1.6989805922914514,0.5664885789824173,0.7463989805747575,0.6489910314970487,0.0,0.2249124159192825
91,train,2048,0.0002700166931288234,1.6989805922914514,0.5664885789824173,0.7463989805747575,0.6489910314970487,0.0,0.2249124159192825
91,val,overall,0.0002700166931288234,1.6178048976830073,0.5835726303713662,0.7804081024868148,0.6841808504291943,0.0,0.25742691282242064
91,val,2048,0.0002700166931288234,1.6178048976830073,0.5835726303713662,0.7804081024868148,0.6841808504291943,0.0,0.25742691282242064
92,train,overall,0.0002692893631172062,1.6973853159378463,0.566579228559417,0.7461787066652101,0.6494902607571383,0.0,0.22432604049887894
92,train,2048,0.0002692893631172062,1.6973853159378463,0.566579228559417,0.7461787066652101,0.6494902607571383,0.0,0.22432604049887894
92,val,overall,0.0002692893631172062,1.6109935407127653,0.5870758539863995,0.7776460189904485,0.6833515475903239,0.0,0.25851876395089285
92,val,2048,0.0002692893631172062,1.6109935407127653,0.5870758539863995,0.7776460189904485,0.6833515475903239,0.0,0.25851876395089285
93,train,overall,0.0002685543250340482,1.6964174851173777,0.5666173276879862,0.7476527466367713,0.650522439201851,0.0,0.2253166164517937
93,train,2048,0.0002685543250340482,1.6964174851173777,0.5666173276879862,0.7476527466367713,0.650522439201851,0.0,0.2253166164517937
93,val,overall,0.0002685543250340482,1.6161641159227915,0.5852719257984843,0.7789238829697881,0.6819661461881229,0.0,0.25648038349454366
93,val,2048,0.0002685543250340482,1.6161641159227915,0.5852719257984843,0.7789238829697881,0.6819661461881229,0.0,0.25648038349454366
94,train,overall,0.00026781162657491713,1.6938915503933825,0.5670832751043174,0.7475918758610439,0.6507519093329597,0.0,0.22395293231502242
94,train,2048,0.00026781162657491713,1.6938915503933825,0.5670832751043174,0.7475918758610439,0.6507519093329597,0.0,0.22395293231502242
94,val,overall,0.00026781162657491713,1.6130453475884028,0.587613545358181,0.7795913943222591,0.6832101004464286,0.0,0.25856429811507936
94,val,2048,0.00026781162657491713,1.6130453475884028,0.587613545358181,0.7795913943222591,0.6832101004464286,0.0,0.25856429811507936
95,train,overall,0.0002670613159324517,1.695176000552327,0.5669094206506361,0.7478200322843988,0.6501953126069142,0.0,0.2239568735986547
95,train,2048,0.0002670613159324517,1.695176000552327,0.5669094206506361,0.7478200322843988,0.6501953126069142,0.0,0.2239568735986547
95,val,overall,0.0002670613159324517,1.6020957082509995,0.5870390396033015,0.7826169942106519,0.6856912278703281,0.0,0.24907672216021823
95,val,2048,0.0002670613159324517,1.6020957082509995,0.5870390396033015,0.7826169942106519,0.6856912278703281,0.0,0.24907672216021823
96,train,overall,0.0002663034417932343,1.6912289152230917,0.5675733078755605,0.7485395354540358,0.6515375386439097,0.0,0.223324954456278
96,train,2048,0.0002663034417932343,1.6912289152230917,0.5675733078755605,0.7485395354540358,0.6515375386439097,0.0,0.223324954456278
96,val,overall,0.0002663034417932343,1.5996731945446558,0.5888264977506229,0.7846379354596138,0.6901080416781562,0.0,0.24895174541170634
96,val,2048,0.0002663034417932343,1.5996731945446558,0.5888264977506229,0.7846379354596138,0.6901080416781562,0.0,0.24895174541170634
97,train,overall,0.0002655380533346318,1.690491809438697,0.5677795685460215,0.7487948429958703,0.6518532791479821,0.0,0.22357982413116592
97,train,2048,0.0002655380533346318,1.690491809438697,0.5677795685460215,0.7487948429958703,0.6518532791479821,0.0,0.22357982413116592
97,val,overall,0.0002655380533346318,1.619819136602538,0.5827966119561877,0.7752714614783015,0.6797233458076205,0.0,0.25862533327132936
97,val,2048,0.0002655380533346318,1.619819136602538,0.5827966119561877,0.7752714614783015,0.6797233458076205,0.0,0.25862533327132936
98,train,overall,0.0002647652002216043,1.690560803285094,0.5680567721080353,0.7488377594092501,0.6519610077276358,0.0,0.22359296174327356
98,train,2048,0.0002647652002216043,1.690560803285094,0.5680567721080353,0.7488377594092501,0.6519610077276358,0.0,0.22359296174327356
98,val,overall,0.0002647652002216043,1.6172652351004737,0.5851934520261628,0.776995946254049,0.6820029605712209,0.0,0.25957283141121035
98,val,2048,0.0002647652002216043,1.6172652351004737,0.5851934520261628,0.776995946254049,0.6820029605712209,0.0,0.25957283141121035
99,train,overall,0.0002639849326034828,1.6897547015160188,0.5681627488991605,0.7491626961348837,0.6519093329061841,0.0,0.22369018007286995
99,train,2048,0.0002639849326034828,1.6897547015160188,0.5681627488991605,0.7491626961348837,0.6519093329061841,0.0,0.22369018007286995
99,val,overall,0.0002639849326034828,1.6098769072975432,0.58317638614348,0.7812868154474667,0.6834474599787167,0.0,0.2506849500868055
99,val,2048,0.0002639849326034828,1.6098769072975432,0.58317638614348,0.7812868154474667,0.6834474599787167,0.0,0.2506849500868055
100,train,overall,0.000263197301110715,1.6847390444289407,0.5688218191065596,0.7503897491591929,0.6536172224801752,0.0,0.2221951198150224
100,train,2048,0.000263197301110715,1.6847390444289407,0.5688218191065596,0.7503897491591929,0.6536172224801752,0.0,0.2221951198150224
100,val,overall,0.000263197301110715,1.6040671808379037,0.5868791852678571,0.7821006168212209,0.685748387660299,0.0,0.25142415364583337
100,val,2048,0.000263197301110715,1.6040671808379037,0.5868791852678571,0.7821006168212209,0.685748387660299,0.0,0.25142415364583337
101,train,overall,0.0002624023568515796,1.6888075639314182,0.5684346973628741,0.7490860600642559,0.6532327284192825,0.0,0.22271755885650224
101,train,2048,0.0002624023568515796,1.6888075639314182,0.5684346973628741,0.7490860600642559,0.6532327284192825,0.0,0.22271755885650224
101,val,overall,0.0002624023568515796,1.6291803100279398,0.5823306132640157,0.7743123375943729,0.6804267040320805,0.0,0.25909617590525796
101,val,2048,0.0002624023568515796,1.6291803100279398,0.5823306132640157,0.7743123375943729,0.6804267040320805,0.0,0.25909617590525796
102,train,overall,0.00026160015140887043,1.68575592693192,0.5689041480889769,0.7505368905751695,0.6534845326513453,0.0,0.221699831838565
102,train,2048,0.00026160015140887043,1.68575592693192,0.5689041480889769,0.7505368905751695,0.6534845326513453,0.0,0.221699831838565
102,val,overall,0.00026160015140887043,1.6239369469029563,0.5836917938930648,0.7719125896692276,0.6777266242674419,0.0,0.2635740249875992
102,val,2048,0.00026160015140887043,1.6239369469029563,0.5836917938930648,0.7719125896692276,0.6777266242674419,0.0,0.2635740249875992
103,train,overall,0.0002607907368365491,1.684708082087906,0.5690731852578476,0.7512555178505422,0.6539202634529148,0.0,0.22179004344170403
103,train,2048,0.0002607907368365491,1.684708082087906,0.5690731852578476,0.7512555178505422,0.6539202634529148,0.0,0.22179004344170403
103,val,overall,0.0002607907368365491,1.6150872941528047,0.5845850386789867,0.7785131058522633,0.6841934451035091,0.0,0.25238812158978174
103,val,2048,0.0002607907368365491,1.6150872941528047,0.5845850386789867,0.7785131058522633,0.6841934451035091,0.0,0.25238812158978174
104,train,overall,0.00025997416565636715,1.6838042335125363,0.5694121357571383,0.7517608781031964,0.654327967509026,0.0,0.2209365365751121
104,train,2048,0.00025997416565636715,1.6838042335125363,0.5694121357571383,0.7517608781031964,0.654327967509026,0.0,0.2209365365751121
104,val,overall,0.00025997416565636715,1.6032298994915826,0.5862494579383305,0.7858014787946429,0.6881801060267857,0.0,0.25409710596478174
104,val,2048,0.00025997416565636715,1.6032298994915826,0.5862494579383305,0.7858014787946429,0.6881801060267857,0.0,0.25409710596478174
105,train,overall,0.0002591504908544583,1.6825545887241449,0.5694467313086505,0.7519903482343049,0.6543165814181614,0.0,0.22260632707399103
105,train,2048,0.0002591504908544583,1.6825545887241449,0.5694467313086505,0.7519903482343049,0.6543165814181614,0.0,0.22260632707399103
105,val,overall,0.0002591504908544583,1.6147909590176173,0.5833536780306271,0.7757733059780938,0.6796855628490448,0.0,0.25763714502728174
105,val,2048,0.0002591504908544583,1.6147909590176173,0.5833536780306271,0.7757733059780938,0.6796855628490448,0.0,0.25763714502728174
106,train,overall,0.0002583197658779003,1.682528575974195,0.5695386945934039,0.7519391114936281,0.6547580051315205,0.0,0.2216591052410314
106,train,2048,0.0002583197658779003,1.682528575974195,0.5695386945934039,0.7519391114936281,0.6547580051315205,0.0,0.2216591052410314
106,val,overall,0.0002583197658779003,1.6058994318757738,0.5863947793841362,0.7821926538433347,0.6872422961252076,0.0,0.2579839797247024
106,val,2048,0.0002583197658779003,1.6058994318757738,0.5863947793841362,0.7821926538433347,0.6872422961252076,0.0,0.2579839797247024
107,train,overall,0.0002574820446312461,1.6787611427863083,0.5702980486801387,0.7533746147904161,0.6557560258382105,0.0,0.2212951933856502
107,train,2048,0.0002574820446312461,1.6787611427863083,0.5702980486801387,0.7533746147904161,0.6557560258382105,0.0,0.2212951933856502
107,val,overall,0.0002574820446312461,1.5951680455889021,0.58856201171875,0.7853035096611295,0.6876327278358596,0.0,0.25004069010416663
107,val,2048,0.0002574820446312461,1.5951680455889021,0.58856201171875,0.7853035096611295,0.6876327278358596,0.0,0.25004069010416663
108,train,overall,0.00025663738147302704,1.6780273753965917,0.5710031005299144,0.753172733323991,0.656372179899515,0.0,0.22078063691143496
108,train,2048,0.00025663738147302704,1.6780273753965917,0.5710031005299144,0.753172733323991,0.656372179899515,0.0,0.22078063691143496
108,val,overall,0.00025663738147302704,1.6107784062623978,0.5866059799279485,0.7819988919155938,0.6867559520261628,0.0,0.2520306299603175
108,val,2048,0.00025663738147302704,1.6107784062623978,0.5866059799279485,0.7819988919155938,0.6867559520261628,0.0,0.2520306299603175
109,train,overall,0.000255785831212225,1.6772129744157662,0.5707981538344926,0.7540884250482636,0.6561996391535875,0.0,0.21968890134529148
109,train,2048,0.000255785831212225,1.6772129744157662,0.5707981538344926,0.7540884250482636,0.6561996391535875,0.0,0.21968890134529148
109,val,overall,0.000255785831212225,1.6052952919687544,0.5860721649868148,0.7817140615412167,0.6838039819683347,0.0,0.2521110413566468
109,val,2048,0.000255785831212225,1.6052952919687544,0.5860721649868148,0.7817140615412167,0.6838039819683347,0.0,0.2521110413566468
110,train,overall,0.00025492744910471604,1.6761695055683632,0.5709750735171707,0.753855451340098,0.6560091437780269,0.0,0.22123169492713005
110,train,2048,0.00025492744910471604,1.6761695055683632,0.5709750735171707,0.753855451340098,0.6560091437780269,0.0,0.22123169492713005
110,val,overall,0.00025492744910471604,1.6030092856713705,0.5859287806919643,0.7820628338626453,0.6859905911343438,0.0,0.2524975973462302
110,val,2048,0.00025492744910471604,1.6030092856713705,0.5859287806919643,0.7820628338626453,0.6859905911343438,0.0,0.2524975973462302
111,train,overall,0.0002540622908496851,1.6754399687719987,0.5717554477298207,0.7537126891281573,0.6571635021222546,0.0,0.2209650014013453
111,train,2048,0.0002540622908496851,1.6754399687719987,0.5717554477298207,0.7537126891281573,0.6571635021222546,0.0,0.2209650014013453
111,val,overall,0.0002540622908496851,1.5922568759747915,0.5893138104251453,0.7844771125486919,0.6890869140625,0.0,0.25248209635416663
111,val,2048,0.0002540622908496851,1.5922568759747915,0.5893138104251453,0.7844771125486919,0.6890869140625,0.0,0.25248209635416663
112,train,overall,0.00025319041258601145,1.6715555597313851,0.5720103174581656,0.7558186484559235,0.6575628853164981,0.0,0.21977955086883408
112,train,2048,0.00025319041258601145,1.6715555597313851,0.5720103174581656,0.7558186484559235,0.6575628853164981,0.0,0.21977955086883408
112,val,overall,0.00025319041258601145,1.6046612858772278,0.5851886080844062,0.7814398876258305,0.6834261459963662,0.0,0.2510627867683532
112,val,2048,0.00025319041258601145,1.6046612858772278,0.5851886080844062,0.7814398876258305,0.6834261459963662,0.0,0.2510627867683532
113,train,overall,0.00025231187088862615,1.6739984510190817,0.5713976667066326,0.7544904359252999,0.657214738595646,0.0,0.21929915218609866
113,train,2048,0.00025231187088862615,1.6739984510190817,0.5713976667066326,0.7544904359252999,0.657214738595646,0.0,0.21929915218609866
113,val,overall,0.00025231187088862615,1.611485196011407,0.5830959741558347,0.777179051722799,0.6842254155448505,0.0,0.25444490947420634
113,val,2048,0.00025231187088862615,1.611485196011407,0.5830959741558347,0.777179051722799,0.6842254155448505,0.0,0.25444490947420634
114,train,overall,0.000251426722764841,1.674175950443798,0.5711265941371833,0.7545753923232246,0.6570584012253937,0.0,0.21939593259529147
114,train,2048,0.000251426722764841,1.674175950443798,0.5711265941371833,0.7545753923232246,0.6570584012253937,0.0,0.21939593259529147
114,val,overall,0.000251426722764841,1.5866597699267524,0.5908048120992524,0.786541651402201,0.6896904845322881,0.0,0.2522447374131945
114,val,2048,0.000251426722764841,1.5866597699267524,0.5908048120992524,0.786541651402201,0.6896904845322881,0.0,0.2522447374131945
115,train,overall,0.0002505350256506493,1.6731957507240398,0.5713959151853895,0.7548210658300083,0.6569357835123891,0.0,0.22082705647421527
115,train,2048,0.0002505350256506493,1.6731957507240398,0.5713959151853895,0.7548210658300083,0.6569357835123891,0.0,0.22082705647421527
115,val,overall,0.0002505350256506493,1.6016601920127869,0.5875641352363995,0.7832389708076205,0.6875397211738995,0.0,0.25359332372271826
115,val,2048,0.0002505350256506493,1.6016601920127869,0.5875641352363995,0.7832389708076205,0.6875397211738995,0.0,0.25359332372271826
116,train,overall,0.00024963683740699885,1.6722196062584094,0.5718811309391073,0.7558799573124257,0.6583835482597351,0.0,0.2206085341928251
116,train,2048,0.00024963683740699885,1.6722196062584094,0.5718811309391073,0.7558799573124257,0.6583835482597351,0.0,0.2206085341928251
116,val,overall,0.00024963683740699885,1.6074257727180208,0.5865304129464286,0.7820599270718438,0.6865340950233596,0.0,0.25164019872271826
116,val,2048,0.00024963683740699885,1.6074257727180208,0.5865304129464286,0.7820599270718438,0.6865340950233596,0.0,0.25164019872271826
117,train,overall,0.0002487322163160377,1.669342874946081,0.5721430072869955,0.7560954142044478,0.6590128399331473,0.0,0.2185060783352018
117,train,2048,0.0002487322163160377,1.669342874946081,0.5721430072869955,0.7560954142044478,0.6590128399331473,0.0,0.2185060783352018
117,val,overall,0.0002487322163160377,1.6030164595161165,0.5875089136617524,0.7819591707416943,0.6878400530133929,0.0,0.24695696149553573
117,val,2048,0.0002487322163160377,1.6030164595161165,0.5875089136617524,0.7819591707416943,0.6878400530133929,0.0,0.24695696149553573
118,train,overall,0.0002478212210773321,1.6673815950684483,0.5732159122757847,0.7575063937982636,0.6596740997425644,0.0,0.21928119744955157
118,train,2048,0.0002478212210773321,1.6673815950684483,0.5732159122757847,0.7575063937982636,0.6596740997425644,0.0,0.21928119744955157
118,val,overall,0.0002478212210773321,1.5972686346088136,0.5886647062642234,0.7838948571256229,0.68609619140625,0.0,0.24975682818700395
118,val,2048,0.0002478212210773321,1.5972686346088136,0.5886647062642234,0.7838948571256229,0.68609619140625,0.0,0.24975682818700395
119,train,overall,0.0002469039108040575,1.6658937022290423,0.5733245164824173,0.7576640451435551,0.659731905289295,0.0,0.21754484304932736
119,train,2048,0.0002469039108040575,1.6658937022290423,0.5733245164824173,0.7576640451435551,0.659731905289295,0.0,0.21754484304932736
119,val,overall,0.0002469039108040575,1.591204543198858,0.5888807507497924,0.7855728396347591,0.6912250827465739,0.0,0.2460540287078373
119,val,2048,0.0002469039108040575,1.591204543198858,0.5888807507497924,0.7855728396347591,0.6912250827465739,0.0,0.2460540287078373
120,train,overall,0.000245980345019163,1.6653021761120168,0.5739065128056993,0.7576259460149859,0.6597069437728335,0.0,0.2192001821748879
120,train,2048,0.000245980345019163,1.6653021761120168,0.5739065128056993,0.7576259460149859,0.6597069437728335,0.0,0.2192001821748879
120,val,overall,0.000245980345019163,1.5949809806687492,0.5867387077638081,0.7844180156077657,0.6889057468090739,0.0,0.24849446614583334
120,val,2048,0.000245980345019163,1.5949809806687492,0.5867387077638081,0.7844180156077657,0.6889057468090739,0.0,0.24849446614583334
121,train,overall,0.00024505058365150887,1.6677594639260673,0.5724626891816144,0.7573864035007665,0.6585105451767754,0.0,0.21872416269618833
121,train,2048,0.00024505058365150887,1.6677594639260673,0.5724626891816144,0.7573864035007665,0.6585105451767754,0.0,0.21872416269618833
121,val,overall,0.00024505058365150887,1.5923975493226732,0.5868617466517857,0.785400390625,0.6906970792583057,0.0,0.24680873325892858
121,val,2048,0.00024505058365150887,1.5923975493226732,0.5868617466517857,0.785400390625,0.6906970792583057,0.0,0.24680873325892858
122,train,overall,0.00024411468703197789,1.6632696668128797,0.573922715914089,0.7582771337085775,0.6600358218890134,0.0,0.21742222533632288
122,train,2048,0.00024411468703197789,1.6632696668128797,0.573922715914089,0.7582771337085775,0.6600358218890134,0.0,0.21742222533632288
122,val,overall,0.00024411468703197789,1.588614821434021,0.59130859375,0.7856144979596138,0.6894783143486295,0.0,0.24269225105406747
122,val,2048,0.00024411468703197789,1.588614821434021,0.59130859375,0.7856144979596138,0.6894783143486295,0.0,0.24269225105406747
123,train,overall,0.00024317271588956046,1.6635766601348672,0.5739660698736729,0.7588963529988789,0.6606708064742153,0.0,0.21789517937219732
123,train,2048,0.00024317271588956046,1.6635766601348672,0.5739660698736729,0.7588963529988789,0.6606708064742153,0.0,0.21789517937219732
123,val,overall,0.00024317271588956046,1.5865007936954498,0.5908774722899709,0.7874242386647633,0.6916048569338662,0.0,0.24749562096974206
123,val,2048,0.00024317271588956046,1.5865007936954498,0.5908774722899709,0.7874242386647633,0.6916048569338662,0.0,0.24749562096974206
124,train,overall,0.0002422247313474141,1.6616601040545065,0.5746960832399103,0.7591551641177704,0.6609874228725519,0.0,0.21739463635089687
124,train,2048,0.0002422247313474141,1.6616601040545065,0.5746960832399103,0.7591551641177704,0.6609874228725519,0.0,0.21739463635089687
124,val,overall,0.0002422247313474141,1.5980126559734344,0.5883885941335133,0.7798801000629153,0.6860642209649086,0.0,0.25101822141617064
124,val,2048,0.0002422247313474141,1.5980126559734344,0.5883885941335133,0.7798801000629153,0.6860642209649086,0.0,0.25101822141617064
125,train,overall,0.00024127079491889733,1.663204059472533,0.5739354154454218,0.759088600162968,0.6604321398542601,0.0,0.21731099355381167
125,train,2048,0.00024127079491889733,1.663204059472533,0.5739354154454218,0.759088600162968,0.6604321398542601,0.0,0.21731099355381167
125,val,overall,0.00024127079491889733,1.5985275230237417,0.5877482092806271,0.7820967414549419,0.6858878965888705,0.0,0.25029548766121035
125,val,2048,0.00024127079491889733,1.5985275230237417,0.5877482092806271,0.7820967414549419,0.6858878965888705,0.0,0.25029548766121035
126,train,overall,0.00024031096850357783,1.6602156290558956,0.5744753715168734,0.7597730697003181,0.6617301360374074,0.0,0.21671367012331838
126,train,2048,0.00024031096850357783,1.6602156290558956,0.5744753715168734,0.7597730697003181,0.6617301360374074,0.0,0.21671367012331838
126,val,overall,0.00024031096850357783,1.5946567782333918,0.5894533193537167,0.7850070531879153,0.6881074447716985,0.0,0.25193568638392855
126,val,2048,0.00024031096850357783,1.5946567782333918,0.5894533193537167,0.7850070531879153,0.6881074447716985,0.0,0.25193568638392855
127,train,overall,0.00023934531438321628,1.6603630695642377,0.5748502312754302,0.7597301535542236,0.6620594522343622,0.0,0.21671936308856504
127,train,2048,0.00023934531438321628,1.6603630695642377,0.5748502312754302,0.7597301535542236,0.6620594522343622,0.0,0.21671936308856504
127,val,overall,0.00023934531438321628,1.583068915775844,0.5895802336079734,0.7900371253490448,0.6938854402729443,0.0,0.24174184647817462
127,val,2048,0.00023934531438321628,1.583068915775844,0.5895802336079734,0.7900371253490448,0.6938854402729443,0.0,0.24174184647817462
128,train,overall,0.00023837389521772471,1.659791149900633,0.5752027572003181,0.7601803356756544,0.6622044037810355,0.0,0.2168459220852018
128,train,2048,0.00023837389521772471,1.659791149900633,0.5752027572003181,0.7601803356756544,0.6622044037810355,0.0,0.2168459220852018
128,val,overall,0.00023837389521772471,1.5965014270373754,0.5900384815675872,0.78129650333098,0.6853734574147633,0.0,0.2514813135540675
128,val,2048,0.00023837389521772471,1.5965014270373754,0.5900384815675872,0.78129650333098,0.6853734574147633,0.0,0.2514813135540675
129,train,overall,0.00023739677404110068,1.6553464042766213,0.5754694508330169,0.7621321469679007,0.6630036085175827,0.0,0.21618159683295965
129,train,2048,0.00023739677404110068,1.6553464042766213,0.5754694508330169,0.7621321469679007,0.6630036085175827,0.0,0.21618159683295965
129,val,overall,0.00023739677404110068,1.5917383006640844,0.5881483288747924,0.7863042918699128,0.690457783639431,0.0,0.24505905877976192
129,val,2048,0.00023739677404110068,1.5917383006640844,0.5881483288747924,0.7863042918699128,0.690457783639431,0.0,0.24505905877976192
130,train,overall,0.00023641401425733701,1.6574005032868664,0.5751340036434978,0.7602941949805871,0.662842891676009,0.0,0.21706356852578476
130,train,2048,0.00023641401425733701,1.6574005032868664,0.5751340036434978,0.7602941949805871,0.662842891676009,0.0,0.21706356852578476
130,val,overall,0.00023641401425733701,1.5905094423464365,0.5918298150811877,0.7844402981655938,0.6905314124056271,0.0,0.2512953016493055
130,val,2048,0.00023641401425733701,1.5905094423464365,0.5918298150811877,0.7844402981655938,0.6905314124056271,0.0,0.2512953016493055
131,train,overall,0.0002354256796363078,1.6561504757457783,0.5756962935486182,0.761102158125206,0.662714581051215,0.0,0.21577739630044843
131,train,2048,0.0002354256796363078,1.6561504757457783,0.5756962935486182,0.761102158125206,0.662714581051215,0.0,0.21577739630044843
131,val,overall,0.0002354256796363078,1.5974222251347132,0.5904279436383929,0.7832021564245224,0.6884881885988372,0.0,0.25204322451636907
131,val,2048,0.0002354256796363078,1.5974222251347132,0.5904279436383929,0.7832021564245224,0.6884881885988372,0.0,0.25204322451636907
132,train,overall,0.0002344318343096302,1.655683009079219,0.5757637331303994,0.7614270951181249,0.663058348568031,0.0,0.21615006656390137
132,train,2048,0.0002344318343096302,1.655683009079219,0.5757637331303994,0.7614270951181249,0.663058348568031,0.0,0.21615006656390137
132,val,overall,0.0002344318343096302,1.5950862211840493,0.5862920848386628,0.7869320820484843,0.69029308536223,0.0,0.24434407552083334
132,val,2048,0.0002344318343096302,1.5950862211840493,0.5862920848386628,0.7869320820484843,0.69029308536223,0.0,0.24434407552083334
133,train,overall,0.00023343254276650323,1.6545780672620765,0.5761920194989363,0.7619740575418344,0.6637804794204609,0.0,0.21630684206838566
133,train,2048,0.00023343254276650323,1.6545780672620765,0.5761920194989363,0.7619740575418344,0.6637804794204609,0.0,0.21630684206838566
133,val,overall,0.00023343254276650323,1.597046319927488,0.5882122708218438,0.7846650619591985,0.6891682946256229,0.0,0.24727085658482142
133,val,2048,0.00023343254276650323,1.597046319927488,0.5882122708218438,0.7846650619591985,0.6891682946256229,0.0,0.24727085658482142
134,train,overall,0.00023242786984952314,1.6550235112151757,0.5757812499465429,0.7618978595519814,0.6625705051315205,0.0,0.2169059171804933
134,train,2048,0.00023242786984952314,1.6550235112151757,0.5757812499465429,0.7618978595519814,0.6625705051315205,0.0,0.2169059171804933
134,val,overall,0.00023242786984952314,1.5925747667040144,0.5903775660055024,0.7825937420129776,0.6901506696428571,0.0,0.2497287326388889
134,val,2048,0.00023242786984952314,1.5925747667040144,0.5903775660055024,0.7825937420129776,0.6901506696428571,0.0,0.2497287326388889
135,train,overall,0.00023141788075047574,1.6527520198993084,0.5764249929398164,0.7622407511745333,0.6638242714608197,0.0,0.21468960201793724
135,train,2048,0.00023141788075047574,1.6527520198993084,0.5764249929398164,0.7622407511745333,0.6638242714608197,0.0,0.21468960201793724
135,val,overall,0.00023141788075047574,1.5871213248797826,0.5918705048305648,0.7856048100761005,0.6918538415006229,0.0,0.24412221757192462
135,val,2048,0.00023141788075047574,1.5871213248797826,0.5918705048305648,0.7856048100761005,0.6918538415006229,0.0,0.24412221757192462
136,train,overall,0.00023040264100610626,1.6501960706283159,0.577247407671582,0.7629795229488424,0.6646396790384712,0.0,0.21480258548206277
136,train,2048,0.00023040264100610626,1.6501960706283159,0.577247407671582,0.7629795229488424,0.6646396790384712,0.0,0.21480258548206277
136,val,overall,0.00023040264100610626,1.5769811272621155,0.5925554547991071,0.7906300382954734,0.6959034757954734,0.0,0.24101426866319445
136,val,2048,0.00023040264100610626,1.5769811272621155,0.5925554547991071,0.7906300382954734,0.6959034757954734,0.0,0.24101426866319445
137,train,overall,0.0002293822164938668,1.650323949052614,0.5770231923714881,0.7637979960227761,0.6647053670990093,0.0,0.21512445697869956
137,train,2048,0.0002293822164938668,1.650323949052614,0.5770231923714881,0.7637979960227761,0.6647053670990093,0.0,0.21512445697869956
137,val,overall,0.0002293822164938668,1.5841914883681707,0.5899580695799419,0.7882554797189576,0.6947321817278862,0.0,0.24268643818204366
137,val,2048,0.0002293822164938668,1.5841914883681707,0.5899580695799419,0.7882554797189576,0.6947321817278862,0.0,0.24268643818204366
138,train,overall,0.00022835667342764173,1.650047814899496,0.5767319753031025,0.7628420158352018,0.6644956033860622,0.0,0.21457267727017937
138,train,2048,0.00022835667342764173,1.650047814899496,0.5767319753031025,0.7628420158352018,0.6644956033860622,0.0,0.21457267727017937
138,val,overall,0.00022835667342764173,1.5860491671732493,0.5894106913890157,0.7855554010186877,0.6897834901298795,0.0,0.24615575396825395
138,val,2048,0.00022835667342764173,1.5860491671732493,0.5894106913890157,0.7855554010186877,0.6897834901298795,0.0,0.24615575396825395
139,train,overall,0.0002273260783534509,1.6506948855960315,0.5770008582705339,0.7633294211909375,0.6649619886158827,0.0,0.21602131796524665
139,train,2048,0.0002273260783534509,1.6506948855960315,0.5770008582705339,0.7633294211909375,0.6649619886158827,0.0,0.21602131796524665
139,val,overall,0.0002273260783534509,1.587034868342536,0.5904201929058347,0.7854992098041943,0.6911872987236295,0.0,0.2420886811755952
139,val,2048,0.0002273260783534509,1.587034868342536,0.5904201929058347,0.7854992098041943,0.6911872987236295,0.0,0.2420886811755952
140,train,overall,0.00022629049814513176,1.6487319522908985,0.5774260791427887,0.7641071679880801,0.6652676570041297,0.0,0.2148406845571749
140,train,2048,0.00022629049814513176,1.6487319522908985,0.5774260791427887,0.7641071679880801,0.6652676570041297,0.0,0.2148406845571749
140,val,overall,0.00022629049814513176,1.5917951273066657,0.5870274135044643,0.7866627531392234,0.6926802375486919,0.0,0.24062286861359125
140,val,2048,0.00022629049814513176,1.5917951273066657,0.5870274135044643,0.7866627531392234,0.6926802375486919,0.0,0.24062286861359125
141,train,overall,0.00022524999999999997,1.6490100023457823,0.5770477158071748,0.7635168513375012,0.6648682735426009,0.0,0.2138768217488789
141,train,2048,0.00022524999999999997,1.6490100023457823,0.5770477158071748,0.7635168513375012,0.6648682735426009,0.0,0.2138768217488789
141,val,overall,0.00022524999999999997,1.583278843334743,0.5899299745048795,0.7888706752232143,0.6929088777729443,0.0,0.24333747984871032
141,val,2048,0.00022524999999999997,1.583278843334743,0.5899299745048795,0.7888706752232143,0.6929088777729443,0.0,0.24333747984871032
142,train,overall,0.00022420465143448915,1.6460658734154807,0.577627084447664,0.7644833414543905,0.6656359479566326,0.0,0.21363465176569507
142,train,2048,0.00022420465143448915,1.6460658734154807,0.577627084447664,0.7644833414543905,0.6656359479566326,0.0,0.21363465176569507
142,val,overall,0.00022420465143448915,1.587062759058816,0.5920613610318729,0.7865697464772633,0.6937759646347591,0.0,0.23996795169890875
142,val,2048,0.00022420465143448915,1.587062759058816,0.5920613610318729,0.7865697464772633,0.6937759646347591,0.0,0.23996795169890875
143,train,overall,0.00022315452027976958,1.64712962281009,0.5780873389522057,0.7644067053837627,0.6655702598960945,0.0,0.21473558366031392
143,train,2048,0.00022315452027976958,1.64712962281009,0.5780873389522057,0.7644067053837627,0.6655702598960945,0.0,0.21473558366031392
143,val,overall,0.00022315452027976958,1.5923715042216438,0.5910160126430648,0.7839859255722591,0.6898096480539867,0.0,0.2439449249751984
143,val,2048,0.00022315452027976958,1.5923715042216438,0.5910160126430648,0.7839859255722591,0.6898096480539867,0.0,0.2439449249751984
144,train,overall,0.00022209967467734707,1.6453800987235099,0.578562482590098,0.7654261842971425,0.666637910053869,0.0,0.21492958239910312
144,train,2048,0.00022209967467734707,1.6453800987235099,0.578562482590098,0.7654261842971425,0.666637910053869,0.0,0.21492958239910312
144,val,overall,0.00022209967467734707,1.5927585001502718,0.588604639683451,0.784512959420681,0.6892496741243771,0.0,0.2462303524925595
144,val,2048,0.00022209967467734707,1.5927585001502718,0.588604639683451,0.784512959420681,0.6892496741243771,0.0,0.2462303524925595
145,train,overall,0.00022104018307464104,1.646615960672832,0.577969100443237,0.764597638840098,0.6657773964608197,0.0,0.21391754834641255
145,train,2048,0.00022104018307464104,1.646615960672832,0.577969100443237,0.764597638840098,0.6657773964608197,0.0,0.21391754834641255
145,val,overall,0.00022104018307464104,1.585825115442276,0.5925990513392857,0.7853626066020557,0.6897011409912791,0.0,0.24523635137648808
145,val,2048,0.00022104018307464104,1.585825115442276,0.5925990513392857,0.7853626066020557,0.6897011409912791,0.0,0.24523635137648808
146,train,overall,0.00021997611422054335,1.6438114108526118,0.5784240995821931,0.7655785805441339,0.6670377313288872,0.0,0.214140011911435
146,train,2048,0.00021997611422054335,1.6438114108526118,0.5784240995821931,0.7655785805441339,0.6670377313288872,0.0,0.214140011911435
146,val,overall,0.00021997611422054335,1.582648637039321,0.5918627540980067,0.7864476761647633,0.6921347965087209,0.0,0.23873949807787698
146,val,2048,0.00021997611422054335,1.582648637039321,0.5918627540980067,0.7864476761647633,0.6921347965087209,0.0,0.23873949807787698
147,train,overall,0.00021890753716095708,1.643497411445652,0.578531390081072,0.7659157792548962,0.6669606571774847,0.0,0.21329657721412554
147,train,2048,0.00021890753716095708,1.643497411445652,0.578531390081072,0.7659157792548962,0.6669606571774847,0.0,0.21329657721412554
147,val,overall,0.00021890753716095708,1.5704207079751151,0.5948505710278239,0.7915484713656562,0.694744776402201,0.0,0.24073234437003968
147,val,2048,0.00021890753716095708,1.5704207079751151,0.5948505710278239,0.7915484713656562,0.694744776402201,0.0,0.24073234437003968
148,train,overall,0.0002178345212343162,1.6408502659990114,0.579095431774721,0.7665560189383982,0.6678338705691521,0.0,0.21252364770179372
148,train,2048,0.0002178345212343162,1.6408502659990114,0.579095431774721,0.7665560189383982,0.6678338705691521,0.0,0.21252364770179372
148,val,overall,0.0002178345212343162,1.5729715249368124,0.5923655682376453,0.7912665477820805,0.6964450414691653,0.0,0.23942154172867064
148,val,2048,0.0002178345212343162,1.5729715249368124,0.5923655682376453,0.7912665477820805,0.6964450414691653,0.0,0.23942154172867064
149,train,overall,0.00021675713606708657,1.6413007424016703,0.5792215527974971,0.7667920578755605,0.6674927304678434,0.0,0.21320986897421526
149,train,2048,0.00021675713606708657,1.6413007424016703,0.5792215527974971,0.7667920578755605,0.6674927304678434,0.0,0.21320986897421526
149,val,overall,0.00021675713606708657,1.5920787304639816,0.5907631527100291,0.78265380859375,0.6861349440046719,0.0,0.2461150638640873
149,val,2048,0.00021675713606708657,1.5920787304639816,0.5907631527100291,0.78265380859375,0.6861349440046719,0.0,0.2461150638640873
150,train,overall,0.0002156754515692477,1.6380581000460637,0.5794558402134165,0.7681934031670403,0.6682656599801752,0.0,0.21273779077914798
150,train,2048,0.0002156754515692477,1.6380581000460637,0.5794558402134165,0.7681934031670403,0.6682656599801752,0.0,0.21273779077914798
150,val,overall,0.0002156754515692477,1.565580012542861,0.5945143923163414,0.7925240652901786,0.6958201580813953,0.0,0.24144151475694445
150,val,2048,0.0002156754515692477,1.565580012542861,0.5945143923163414,0.7925240652901786,0.6958201580813953,0.0,0.24144151475694445
151,train,overall,0.00021458953792975657,1.6394697502589546,0.5792224286917613,0.7672912871356502,0.6683558717436855,0.0,0.2119031144899103
151,train,2048,0.00021458953792975657,1.6394697502589546,0.5792224286917613,0.7672912871356502,0.6683558717436855,0.0,0.2119031144899103
151,val,overall,0.00021458953792975657,1.5790954743112837,0.5936037099787167,0.7877177894115448,0.6911659847412791,0.0,0.24499124193948413
151,val,2048,0.00021458953792975657,1.5790954743112837,0.5936037099787167,0.7877177894115448,0.6911659847412791,0.0,0.24499124193948413
152,train,overall,0.0002134994656119931,1.638497032926756,0.5796712971054385,0.767372302410314,0.6689597638198613,0.0,0.21240321959080716
152,train,2048,0.0002134994656119931,1.638497032926756,0.5796712971054385,0.767372302410314,0.6689597638198613,0.0,0.21240321959080716
152,val,overall,0.0002134994656119931,1.6023765610797065,0.5859471878835133,0.7811240543212209,0.6874757802912167,0.0,0.2539508153521825
152,val,2048,0.0002134994656119931,1.6023765610797065,0.5859471878835133,0.7811240543212209,0.6874757802912167,0.0,0.2539508153521825
153,train,overall,0.00021240530534918776,1.6382800709506322,0.5801486303453488,0.7674901031057931,0.6687688306308114,0.0,0.2125302165078475
153,train,2048,0.00021240530534918776,1.6382800709506322,0.5801486303453488,0.7674901031057931,0.6687688306308114,0.0,0.2125302165078475
153,val,overall,0.00021240530534918776,1.5881902745791845,0.5902419313788414,0.7859274244734219,0.690946064889431,0.0,0.24119349888392858
153,val,2048,0.00021240530534918776,1.5881902745791845,0.5902419313788414,0.7859274244734219,0.690946064889431,0.0,0.24119349888392858
154,train,overall,0.00021130712813983212,1.6393125142751788,0.579832889573991,0.7671660420071383,0.6683865261719366,0.0,0.21212032301008968
154,train,2048,0.00021130712813983212,1.6393125142751788,0.579832889573991,0.7671660420071383,0.6683865261719366,0.0,0.21212032301008968
154,val,overall,0.00021130712813983212,1.5844522714614868,0.588895283639431,0.7868904237236295,0.6889241540006229,0.0,0.2455173068576389
154,val,2048,0.00021130712813983212,1.5844522714614868,0.588895283639431,0.7868904237236295,0.6889241540006229,0.0,0.2455173068576389
155,train,overall,0.00021020500524307145,1.6366823537467305,0.5807731047339504,0.7679472918467671,0.6686702985400041,0.0,0.2118409297926009
155,train,2048,0.00021020500524307145,1.6366823537467305,0.5807731047339504,0.7679472918467671,0.6686702985400041,0.0,0.2118409297926009
155,val,overall,0.00021020500524307145,1.5746605119534902,0.5949057926024709,0.7884298658796719,0.6925901387419019,0.0,0.2425692119295635
155,val,2048,0.00021020500524307145,1.5746605119534902,0.5949057926024709,0.7884298658796719,0.6925901387419019,0.0,0.2425692119295635
156,train,overall,0.0002090990081740812,1.6353797533052385,0.5799104015388831,0.7688664868808114,0.6691270494674888,0.0,0.21237913396860986
156,train,2048,0.0002090990081740812,1.6353797533052385,0.5799104015388831,0.7688664868808114,0.6691270494674888,0.0,0.21237913396860986
156,val,overall,0.0002090990081740812,1.5766274354287557,0.5921049575720515,0.7892678880265781,0.6932528061526162,0.0,0.24339463975694445
156,val,2048,0.0002090990081740812,1.5766274354287557,0.5921049575720515,0.7892678880265781,0.6932528061526162,0.0,0.24339463975694445
157,train,overall,0.00020798920869942618,1.6333680495018381,0.5811164344372771,0.7691406249465429,0.6701745551263271,0.0,0.211405636911435
157,train,2048,0.00020798920869942618,1.6333680495018381,0.5811164344372771,0.7691406249465429,0.6701745551263271,0.0,0.211405636911435
157,val,overall,0.00020798920869942618,1.5855732943330492,0.5885978575263705,0.7865668407508305,0.6912851482629776,0.0,0.24179706876240079
157,val,2048,0.00020798920869942618,1.5855732943330492,0.5885978575263705,0.7865668407508305,0.6912851482629776,0.0,0.24179706876240079
158,train,overall,0.00020687567883240386,1.6341065211146402,0.581447502155475,0.7692995902668734,0.670647071348712,0.0,0.2113346938060538
158,train,2048,0.00020687567883240386,1.6341065211146402,0.581447502155475,0.7692995902668734,0.670647071348712,0.0,0.2113346938060538
158,val,overall,0.00020687567883240386,1.5859025163309914,0.5893777513078281,0.7844102648752076,0.6903676837682724,0.0,0.2449621775793651
158,val,2048,0.00020687567883240386,1.5859025163309914,0.5893777513078281,0.7844102648752076,0.6903676837682724,0.0,0.2449621775793651
159,train,overall,0.00020575849082837163,1.6341455656316783,0.5805944332627437,0.7693017798688914,0.669427463024721,0.0,0.2118720221412556
159,train,2048,0.00020575849082837163,1.6341455656316783,0.5805944332627437,0.7693017798688914,0.669427463024721,0.0,0.2118720221412556
159,val,overall,0.00020575849082837163,1.585184782743454,0.5893322176166943,0.7874232700892857,0.690185546875,0.0,0.2474210224454365
159,val,2048,0.00020575849082837163,1.585184782743454,0.5893322176166943,0.7874232700892857,0.690185546875,0.0,0.2474210224454365
160,train,overall,0.00020463771718005807,1.6303412860819042,0.5821021931588383,0.7709650015082594,0.6718723725844926,0.0,0.21070233674327354
160,train,2048,0.00020463771718005807,1.6303412860819042,0.5821021931588383,0.7709650015082594,0.6718723725844926,0.0,0.21070233674327354
160,val,overall,0.00020463771718005807,1.5758461015565055,0.5902157734547343,0.7886585050395557,0.6951080805488995,0.0,0.23872690352182538
160,val,2048,0.00020463771718005807,1.5758461015565055,0.5902157734547343,0.7886585050395557,0.6951080805488995,0.0,0.23872690352182538
161,train,overall,0.00020351343061285904,1.6311847516774063,0.581961182735426,0.7701290113508968,0.670544160053869,0.0,0.21093268287556055
161,train,2048,0.00020351343061285904,1.6311847516774063,0.581961182735426,0.7701290113508968,0.670544160053869,0.0,0.21093268287556055
161,val,overall,0.00020351343061285904,1.5716117109571184,0.5946752152272633,0.789715479527201,0.6944822285856519,0.0,0.23728628007192462
161,val,2048,0.00020351343061285904,1.5716117109571184,0.5946752152272633,0.789715479527201,0.6944822285856519,0.0,0.23728628007192462
162,train,overall,0.00020238570408011877,1.629351982621334,0.5821696330079049,0.77080516056095,0.6715399908912556,0.0,0.20994429652466368
162,train,2048,0.00020238570408011877,1.629351982621334,0.5821696330079049,0.77080516056095,0.6715399908912556,0.0,0.20994429652466368
162,val,overall,0.00020238570408011877,1.5826036887509483,0.5907515266111919,0.7860068668212209,0.6932314921702657,0.0,0.24017915271577378
162,val,2048,0.00020238570408011877,1.5826036887509483,0.5907515266111919,0.7860068668212209,0.6932314921702657,0.0,0.24017915271577378
163,train,overall,0.0002012546107583959,1.6294573673752926,0.5815990225082021,0.7703186308321931,0.6710026625025968,0.0,0.21060818385650226
163,train,2048,0.0002012546107583959,1.6294573673752926,0.5815990225082021,0.7703186308321931,0.6710026625025968,0.0,0.21060818385650226
163,val,overall,0.0002012546107583959,1.5797849552971976,0.5892382423792567,0.7910243443080357,0.694842625941549,0.0,0.2383064391121032
163,val,2048,0.0002012546107583959,1.5797849552971976,0.5892382423792567,0.7910243443080357,0.694842625941549,0.0,0.2383064391121032
164,train,overall,0.00020012022404271496,1.6310159400974154,0.5817514190224788,0.7704745306562415,0.6707153868247575,0.0,0.21105836603139014
164,train,2048,0.00020012022404271496,1.6310159400974154,0.5817514190224788,0.7704745306562415,0.6707153868247575,0.0,0.21105836603139014
164,val,overall,0.00020012022404271496,1.5871137891496931,0.5900239486779485,0.7844432049563953,0.6920088508299419,0.0,0.24275909908234125
164,val,2048,0.00020012022404271496,1.5871137891496931,0.5900239486779485,0.7844432049563953,0.6920088508299419,0.0,0.24275909908234125
165,train,overall,0.00019898261754180456,1.6284865643411475,0.5821775155217124,0.7717970502750756,0.6721679688569142,0.0,0.21016894969170405
165,train,2048,0.00019898261754180456,1.6284865643411475,0.5821775155217124,0.7717970502750756,0.6721679688569142,0.0,0.21016894969170405
165,val,overall,0.00019898261754180456,1.5732572163854326,0.5933024084993771,0.7912558902587209,0.6945868602820805,0.0,0.24174862816220236
165,val,2048,0.00019898261754180456,1.5732572163854326,0.5933024084993771,0.7912558902587209,0.6945868602820805,0.0,0.24174862816220236
166,train,overall,0.00019784186507332017,1.6274653320355266,0.5823592524892012,0.7718119394084263,0.6720878294765147,0.0,0.21065372757847534
166,train,2048,0.00019784186507332017,1.6274653320355266,0.5823592524892012,0.7718119394084263,0.6720878294765147,0.0,0.21065372757847534
166,val,overall,0.00019784186507332017,1.5724510763372694,0.5940154546073505,0.7910330636160714,0.6939910405448505,0.0,0.24052211216517858
166,val,2048,0.00019784186507332017,1.5724510763372694,0.5940154546073505,0.7910330636160714,0.6939910405448505,0.0,0.24052211216517858
167,train,overall,0.0001966980406590546,1.6267541401054828,0.5825221589327928,0.7718373390056628,0.6720922086805506,0.0,0.21027361266816144
167,train,2048,0.0001966980406590546,1.6267541401054828,0.5825221589327928,0.7718373390056628,0.6720922086805506,0.0,0.21027361266816144
167,val,overall,0.0001966980406590546,1.572617185967309,0.5918191575578281,0.7913111128977367,0.6972481863839286,0.0,0.23787338014632936
167,val,2048,0.0001966980406590546,1.572617185967309,0.5918191575578281,0.7913111128977367,0.6972481863839286,0.0,0.23787338014632936
168,train,overall,0.00019555121852013514,1.625263357376304,0.5827796560766451,0.7721916164517937,0.6724937814768119,0.0,0.20983350266255607
168,train,2048,0.00019555121852013514,1.625263357376304,0.5827796560766451,0.7721916164517937,0.6724937814768119,0.0,0.20983350266255607
168,val,overall,0.00019555121852013514,1.5623350335018975,0.5955471460308347,0.7937757702810424,0.6974506686840739,0.0,0.2364124116443452
168,val,2048,0.00019555121852013514,1.5623350335018975,0.5955471460308347,0.7937757702810424,0.6974506686840739,0.0,0.2364124116443452
169,train,overall,0.0001944014730722068,1.6252251585502795,0.58279016600596,0.7725629729005788,0.6721390659499061,0.0,0.20959614980381164
169,train,2048,0.0001944014730722068,1.6252251585502795,0.58279016600596,0.7725629729005788,0.6721390659499061,0.0,0.20959614980381164
169,val,overall,0.0001944014730722068,1.577296154839652,0.5926397410886628,0.7874600855367524,0.6935860770089286,0.0,0.2403235057043651
169,val,2048,0.0001944014730722068,1.577296154839652,0.5926397410886628,0.7874600855367524,0.6935860770089286,0.0,0.2403235057043651
170,train,overall,0.000193248878920604,1.623947117360718,0.5839975126121076,0.7731405900198248,0.6732544492713004,0.0,0.20988955647421523
170,train,2048,0.000193248878920604,1.623947117360718,0.5839975126121076,0.7731405900198248,0.6732544492713004,0.0,0.20988955647421523
170,val,overall,0.000193248878920604,1.5767522773572378,0.5925951759730067,0.7901601642370224,0.6950673907995224,0.0,0.23730081225198413
170,val,2048,0.000193248878920604,1.5767522773572378,0.5925951759730067,0.7901601642370224,0.6950673907995224,0.0,0.23730081225198413
171,train,overall,0.00019209351085550965,1.6229993019403364,0.5841148752268119,0.7730258548206278,0.6738368834080718,0.0,0.20849346622757847
171,train,2048,0.00019209351085550965,1.6229993019403364,0.5841148752268119,0.7730258548206278,0.6738368834080718,0.0,0.20849346622757847
171,val,overall,0.00019209351085550965,1.5762975003038133,0.59257580020598,0.7903684590544019,0.6953900051968438,0.0,0.24039326016865079
171,val,2048,0.00019209351085550965,1.5762975003038133,0.59257580020598,0.7903684590544019,0.6953900051968438,0.0,0.24039326016865079
172,train,overall,0.00019093544384710166,1.6227231731329264,0.583828475443237,0.7725226844372771,0.67320189882287,0.0,0.20934259389013454
172,train,2048,0.00019093544384710166,1.6227231731329264,0.583828475443237,0.7725226844372771,0.67320189882287,0.0,0.20934259389013454
172,val,overall,0.00019093544384710166,1.5776045130831855,0.5920032316020557,0.7880190898265157,0.6933002780590739,0.0,0.23866780598958334
172,val,2048,0.00019093544384710166,1.5776045130831855,0.5920032316020557,0.7880190898265157,0.6933002780590739,0.0,0.23866780598958334
173,train,overall,0.00018977475304068875,1.6229028931647673,0.5837947555187037,0.7728230977272239,0.6734274278307175,0.0,0.20894496216367714
173,train,2048,0.00018977475304068875,1.6229028931647673,0.5837947555187037,0.7728230977272239,0.6734274278307175,0.0,0.20894496216367714
173,val,overall,0.00018977475304068875,1.5734254611389977,0.5938430055975914,0.7898317373224667,0.6949172243475914,0.0,0.23596675812251983
173,val,2048,0.00018977475304068875,1.5734254611389977,0.5938430055975914,0.7898317373224667,0.6949172243475914,0.0,0.23596675812251983
174,train,overall,0.00018861151375183387,1.6223355761557952,0.5839607274585775,0.7730372409114923,0.6736958729846595,0.0,0.20867607903587443
174,train,2048,0.00018861151375183387,1.6223355761557952,0.5839607274585775,0.7730372409114923,0.6736958729846595,0.0,0.20867607903587443
174,val,overall,0.00018861151375183387,1.5884288677147456,0.5873819983431271,0.7854565818394933,0.6884988450578281,0.0,0.2419792054191468
174,val,2048,0.00018861151375183387,1.5884288677147456,0.5873819983431271,0.7854565818394933,0.6884988450578281,0.0,0.2419792054191468
175,train,overall,0.00018744580146146762,1.6212887699828553,0.5848685364017572,0.7736901801263271,0.673845204002654,0.0,0.2087544667881166
175,train,2048,0.00018744580146146762,1.6212887699828553,0.5848685364017572,0.7736901801263271,0.673845204002654,0.0,0.2087544667881166
175,val,overall,0.00018744580146146762,1.5626920461654663,0.5970245844551495,0.7938997788088662,0.6980968660541943,0.0,0.2342044890873016
175,val,2048,0.00018744580146146762,1.5626920461654663,0.5970245844551495,0.7938997788088662,0.6980968660541943,0.0,0.2342044890873016
176,train,overall,0.0001862776918109899,1.619544289571822,0.5845786330411252,0.7744241346158254,0.6752316598934978,0.0,0.20852762401905828
176,train,2048,0.0001862776918109899,1.619544289571822,0.5845786330411252,0.7744241346158254,0.6752316598934978,0.0,0.20852762401905828
176,val,overall,0.0001862776918109899,1.579693717615945,0.5914442273122924,0.7860029914549419,0.6918567472270557,0.0,0.2388683500744048
176,val,2048,0.0001862776918109899,1.579693717615945,0.5914442273122924,0.7860029914549419,0.6918567472270557,0.0,0.2388683500744048
177,train,overall,0.00018510726059736194,1.6185397054047863,0.5843535418467671,0.7754475546524664,0.6745874790867348,0.0,0.20856046804932735
177,train,2048,0.00018510726059736194,1.6185397054047863,0.5843535418467671,0.7754475546524664,0.6745874790867348,0.0,0.20856046804932735
177,val,overall,0.00018510726059736194,1.5625799191849572,0.5966448102678571,0.7945459761789867,0.7001575284770557,0.0,0.23650638640873017
177,val,2048,0.00018510726059736194,1.5625799191849572,0.5966448102678571,0.7945459761789867,0.7001575284770557,0.0,0.23650638640873017
178,train,overall,0.000183934583768188,1.6195535948458273,0.5842769057761393,0.7738955649025238,0.6740089860732246,0.0,0.20810722043161434
178,train,2048,0.000183934583768188,1.6195535948458273,0.5842769057761393,0.7738955649025238,0.6740089860732246,0.0,0.20810722043161434
178,val,overall,0.000183934583768188,1.5848357251712255,0.5908706911972591,0.7847425671560424,0.6917375837053571,0.0,0.24233572823660715
178,val,2048,0.000183934583768188,1.5848357251712255,0.5908706911972591,0.7847425671560424,0.6917375837053571,0.0,0.24233572823660715
179,train,overall,0.000182759737416787,1.617098059889447,0.5844976177664616,0.7749167950698613,0.6747013383916676,0.0,0.20832092558856502
179,train,2048,0.000182759737416787,1.617098059889447,0.5844976177664616,0.7749167950698613,0.6747013383916676,0.0,0.20832092558856502
179,val,overall,0.000182759737416787,1.5651443983827318,0.595242939889431,0.7925608807376453,0.6977451869419643,0.0,0.2343284970238095
179,val,2048,0.000182759737416787,1.5651443983827318,0.595242939889431,0.7925608807376453,0.6977451869419643,0.0,0.2343284970238095
180,train,overall,0.00018158279777725497,1.6164253303288345,0.5860220185844353,0.7752627521886953,0.675950287436156,0.0,0.20804722533632286
180,train,2048,0.00018158279777725497,1.6164253303288345,0.5860220185844353,0.7752627521886953,0.675950287436156,0.0,0.20804722533632286
180,val,overall,0.00018158279777725497,1.5719680104936873,0.5931464305945805,0.7912500777414867,0.6967676558664867,0.0,0.23726981026785715
180,val,2048,0.00018158279777725497,1.5719680104936873,0.5931464305945805,0.7912500777414867,0.6967676558664867,0.0,0.23726981026785715
181,train,overall,0.00018040384121951862,1.6168991001197575,0.5851137718277661,0.7750906495235426,0.6757392097481698,0.0,0.20753091718049327
181,train,2048,0.00018040384121951862,1.6168991001197575,0.5851137718277661,0.7750906495235426,0.6757392097481698,0.0,0.20753091718049327
181,val,overall,0.00018040384121951862,1.5753154754638672,0.5920565170901162,0.7884909010359219,0.6954297263707433,0.0,0.23861258370535715
181,val,2048,0.00018040384121951862,1.5753154754638672,0.5920565170901162,0.7884909010359219,0.6954297263707433,0.0,0.23861258370535715
182,train,overall,0.0001792229442443794,1.6162483649403525,0.5852175590168734,0.7752842103953853,0.6761981502776723,0.0,0.20812035804372195
182,train,2048,0.0001792229442443794,1.6162483649403525,0.5852175590168734,0.7752842103953853,0.6761981502776723,0.0,0.20812035804372195
182,val,overall,0.0001792229442443794,1.5633365384169988,0.5947352818080357,0.7941196986607143,0.6995636469551495,0.0,0.23018391927083334
182,val,2048,0.0001792229442443794,1.5633365384169988,0.5947352818080357,0.7941196986607143,0.6995636469551495,0.0,0.23018391927083334
183,train,overall,0.0001780401834785497,1.6133628255048675,0.5858827599495515,0.7763882076259151,0.6772163152160131,0.0,0.20741224075112108
183,train,2048,0.0001780401834785497,1.6133628255048675,0.5858827599495515,0.7763882076259151,0.6772163152160131,0.0,0.20741224075112108
183,val,overall,0.0001780401834785497,1.5630083360842295,0.5942072793841362,0.7923690559608596,0.6981850277100291,0.0,0.23188321552579366
183,val,2048,0.0001780401834785497,1.5630083360842295,0.5942072793841362,0.7923690559608596,0.6981850277100291,0.0,0.23188321552579366
184,train,overall,0.00017685563566968075,1.6135717309643869,0.5854299504126134,0.7768826198684795,0.6769097709335019,0.0,0.20677243904147982
184,train,2048,0.00017685563566968075,1.6135717309643869,0.5854299504126134,0.7768826198684795,0.6769097709335019,0.0,0.20677243904147982
184,val,overall,0.00017685563566968075,1.5600145970072066,0.5975041463971138,0.7949199378490448,0.6995006746479443,0.0,0.23295181516617064
184,val,2048,0.00017685563566968075,1.5600145970072066,0.5975041463971138,0.7949199378490448,0.6995006746479443,0.0,0.23295181516617064
185,train,overall,0.00017566937768138225,1.6135964024761866,0.5856673030575295,0.7766588426491605,0.6759507252496454,0.0,0.2077507532230942
185,train,2048,0.00017566937768138225,1.6135964024761866,0.5856673030575295,0.7766588426491605,0.6759507252496454,0.0,0.2077507532230942
185,val,overall,0.00017566937768138225,1.5594613701105118,0.5971999391913414,0.7942262685724667,0.6998039122138705,0.0,0.23215738932291666
185,val,2048,0.00017566937768138225,1.5594613701105118,0.5971999391913414,0.7942262685724667,0.6998039122138705,0.0,0.23215738932291666
186,train,overall,0.00017448148648823515,1.6113806909509838,0.5863062290332777,0.7775009635318021,0.6765949060564084,0.0,0.207003661014574
186,train,2048,0.00017448148648823515,1.6113806909509838,0.5863062290332777,0.7775009635318021,0.6765949060564084,0.0,0.207003661014574
186,val,overall,0.00017448148648823515,1.5683416298457555,0.59442138671875,0.7889733697686877,0.6942012725131852,0.0,0.23721168154761907
186,val,2048,0.00017448148648823515,1.5683416298457555,0.59442138671875,0.7889733697686877,0.6942012725131852,0.0,0.23721168154761907
187,train,overall,0.0001732920391707966,1.6138386020745932,0.5857014610628376,0.776874737354672,0.6760567020407706,0.0,0.2075961673206278
187,train,2048,0.0001732920391707966,1.6138386020745932,0.5857014610628376,0.776874737354672,0.6760567020407706,0.0,0.2075961673206278
187,val,overall,0.0001732920391707966,1.571873618023736,0.5920739557061877,0.7863188247595515,0.6927625866872924,0.0,0.23660714285714285
187,val,2048,0.0001732920391707966,1.571873618023736,0.5920739557061877,0.7863188247595515,0.6927625866872924,0.0,0.23660714285714285
188,train,overall,0.00017210111291059857,1.6106394796628054,0.5866499965500939,0.7777247407511211,0.6774409683295964,0.0,0.2066542005325112
188,train,2048,0.00017210111291059857,1.6106394796628054,0.5866499965500939,0.7777247407511211,0.6774409683295964,0.0,0.2066542005325112
188,val,overall,0.00017210111291059857,1.5575252388204848,0.5980398995535714,0.7938687769430024,0.6990075494561877,0.0,0.23238506014384921
188,val,2048,0.00017210111291059857,1.5575252388204848,0.5980398995535714,0.7938687769430024,0.6990075494561877,0.0,0.23238506014384921
189,train,overall,0.00017090878498513936,1.6094310011029778,0.5873484795938159,0.7775338075620711,0.6780873390056628,0.0,0.2054157616311659
189,train,2048,0.00017090878498513936,1.6094310011029778,0.5873484795938159,0.7775338075620711,0.6780873390056628,0.0,0.2054157616311659
189,val,overall,0.00017090878498513936,1.5780205449887685,0.5920807367988995,0.7874213329383305,0.6950925801481519,0.0,0.2346423921130952
189,val,2048,0.00017090878498513936,1.5780205449887685,0.5920807367988995,0.7874213329383305,0.6950925801481519,0.0,0.2346423921130952
190,train,overall,0.00016971513276286938,1.6112906906102271,0.5866828405803629,0.7774646161917613,0.6767897806360048,0.0,0.20755894408632286
190,train,2048,0.00016971513276286938,1.6112906906102271,0.5866828405803629,0.7774646161917613,0.6767897806360048,0.0,0.20755894408632286
190,val,overall,0.00016971513276286938,1.5597310193947382,0.5973210409283638,0.792156885777201,0.6973160036972591,0.0,0.23606170169890875
190,val,2048,0.00016971513276286938,1.5597310193947382,0.5973210409283638,0.792156885777201,0.6973160036972591,0.0,0.23606170169890875
191,train,overall,0.00016852023369817075,1.6080944639684909,0.5872100968531964,0.7784565059058869,0.6782279113483002,0.0,0.20650574551569506
191,train,2048,0.00016852023369817075,1.6080944639684909,0.5872100968531964,0.7784565059058869,0.6782279113483002,0.0,0.20650574551569506
191,val,overall,0.00016852023369817075,1.5565244853496552,0.5957021564245224,0.7962413973041943,0.7006845623254776,0.0,0.2289767795138889
191,val,2048,0.00016852023369817075,1.5565244853496552,0.5957021564245224,0.7962413973041943,0.7006845623254776,0.0,0.2289767795138889
192,train,overall,0.00016732416532633148,1.609461984826845,0.5872026521528783,0.7781232483183856,0.6776078161637344,0.0,0.20633057735426008
192,train,2048,0.00016732416532633148,1.609461984826845,0.5872026521528783,0.7781232483183856,0.6776078161637344,0.0,0.20633057735426008
192,val,overall,0.00016732416532633148,1.5668334258454186,0.5951189313616071,0.7914651536515781,0.6949356326035091,0.0,0.23950970362103177
192,val,2048,0.00016732416532633148,1.5668334258454186,0.5951189313616071,0.7914651536515781,0.6949356326035091,0.0,0.23950970362103177
193,train,overall,0.00016612700525851418,1.607588368146409,0.5876015975336323,0.7786745902134165,0.6785239454342111,0.0,0.20534875980941705
193,train,2048,0.00016612700525851418,1.607588368146409,0.5876015975336323,0.7786745902134165,0.6785239454342111,0.0,0.20534875980941705
193,val,overall,0.00016612700525851418,1.5695734024047852,0.5953320701207433,0.7908567403044019,0.6956622408969062,0.0,0.23522658575148808
193,val,2048,0.00016612700525851418,1.5695734024047852,0.5953320701207433,0.7908567403044019,0.6956622408969062,0.0,0.23522658575148808
194,train,overall,0.00016492883117672,1.6067466409751652,0.5882589162197883,0.7785786855381166,0.678566861847591,0.0,0.2061041725056054
194,train,2048,0.00016492883117672,1.6067466409751652,0.5882589162197883,0.7785786855381166,0.678566861847591,0.0,0.2061041725056054
194,val,overall,0.00016492883117672,1.5668352331433977,0.5939195422189576,0.7926994200263705,0.6977345304829734,0.0,0.23266117156498017
194,val,2048,0.00016492883117672,1.5668352331433977,0.5939195422189576,0.7926994200263705,0.6977345304829734,0.0,0.23266117156498017
195,train,overall,0.00016372972082874808,1.6044874634977948,0.5881927900784754,0.7805239280243091,0.6792228665587079,0.0,0.20586506796524662
195,train,2048,0.00016372972082874808,1.6044874634977948,0.5881927900784754,0.7805239280243091,0.6792228665587079,0.0,0.20586506796524662
195,val,overall,0.00016372972082874808,1.5709905922412872,0.5925990513392857,0.7892368861607143,0.6973247230052948,0.0,0.2378879123263889
195,val,2048,0.00016372972082874808,1.5709905922412872,0.5925990513392857,0.7892368861607143,0.6973247230052948,0.0,0.2378879123263889
196,train,overall,0.00016252975202315053,1.6063425722678146,0.5884187571670977,0.7786500665104442,0.6792250561607258,0.0,0.20497652746636771
196,train,2048,0.00016252975202315053,1.6063425722678146,0.5884187571670977,0.7786500665104442,0.6792250561607258,0.0,0.20497652746636771
196,val,overall,0.00016252975202315053,1.5604156340871538,0.5946926538433347,0.794476221714701,0.70027087948152,0.0,0.23085143074156747
196,val,2048,0.00016252975202315053,1.5604156340871538,0.5946926538433347,0.794476221714701,0.70027087948152,0.0,0.23085143074156747
197,train,overall,0.00016132900262418346,1.6044472022976042,0.58873449767117,0.7796910033632287,0.6794343820601836,0.0,0.2060643217488789
197,train,2048,0.00016132900262418346,1.6044472022976042,0.58873449767117,0.7796910033632287,0.6794343820601836,0.0,0.2060643217488789
197,val,overall,0.00016132900262418346,1.55319530410426,0.6000027124370847,0.7958470902272633,0.7017531618475914,0.0,0.2349097842261905
197,val,2048,0.00016132900262418346,1.55319530410426,0.6000027124370847,0.7958470902272633,0.7017531618475914,0.0,0.2349097842261905
198,train,overall,0.00016012755054675468,1.6015136402284083,0.5883718996304568,0.7807389468355563,0.680300150751533,0.0,0.2046625385369955
198,train,2048,0.00016012755054675468,1.6015136402284083,0.5883718996304568,0.7807389468355563,0.680300150751533,0.0,0.2046625385369955
198,val,overall,0.00016012755054675468,1.555657493216651,0.59912109375,0.7939656579068729,0.7001555913261005,0.0,0.2306663876488095
198,val,2048,0.00016012755054675468,1.555657493216651,0.59912109375,0.7939656579068729,0.7001555913261005,0.0,0.2306663876488095
199,train,overall,0.00015892547375136773,1.602434306935879,0.5890099497119408,0.7803470080743456,0.6800417777134165,0.0,0.20519942895179372
199,train,2048,0.00015892547375136773,1.602434306935879,0.5890099497119408,0.7803470080743456,0.6800417777134165,0.0,0.20519942895179372
199,val,overall,0.00015892547375136773,1.558376778449331,0.5975923080529485,0.7920415965574128,0.6999879873224667,0.0,0.23509870256696427
199,val,2048,0.00015892547375136773,1.558376778449331,0.5975923080529485,0.7920415965574128,0.6999879873224667,0.0,0.23509870256696427
200,train,overall,0.0001577228502390633,1.6026209186545401,0.5888146370515696,0.7807542740496819,0.6790358744929189,0.0,0.20485128223094168
200,train,2048,0.0001577228502390633,1.6026209186545401,0.5888146370515696,0.7807542740496819,0.6790358744929189,0.0,0.20485128223094168
200,val,overall,0.0001577228502390633,1.5610897094011307,0.5963008818881852,0.7920260961566653,0.6968035016741071,0.0,0.2345426044766865
200,val,2048,0.0001577228502390633,1.5610897094011307,0.5963008818881852,0.7920260961566653,0.6968035016741071,0.0,0.2345426044766865
201,train,overall,0.00015651975804635755,1.601029473035325,0.589250367853139,0.7806150154147982,0.6806671279962822,0.0,0.2044190547926009
201,train,2048,0.00015651975804635755,1.601029473035325,0.589250367853139,0.7806150154147982,0.6806671279962822,0.0,0.2044190547926009
201,val,overall,0.00015651975804635755,1.5710998220103127,0.59434581973723,0.7900380939245224,0.6953958177140781,0.0,0.23854186042906747
201,val,2048,0.00015651975804635755,1.5710998220103127,0.59434581973723,0.7900380939245224,0.6953958177140781,0.0,0.23854186042906747
202,train,overall,0.00015531627524017884,1.602202812117846,0.5895012961909375,0.7802388419484878,0.6809473970545782,0.0,0.20411776555493272
202,train,2048,0.00015531627524017884,1.602202812117846,0.5895012961909375,0.7802388419484878,0.6809473970545782,0.0,0.20411776555493272
202,val,overall,0.00015531627524017884,1.5612117435250963,0.5964345782995224,0.7928156778216362,0.6987537198833057,0.0,0.23193456256200395
202,val,2048,0.00015531627524017884,1.5612117435250963,0.5964345782995224,0.7928156778216362,0.6987537198833057,0.0,0.23193456256200395
203,train,overall,0.00015411247991280178,1.6010582281335053,0.5888334675754667,0.7803877348857076,0.679774646267228,0.0,0.20493492502802693
203,train,2048,0.00015411247991280178,1.6010582281335053,0.5888334675754667,0.7803877348857076,0.679774646267228,0.0,0.20493492502802693
203,val,overall,0.00015411247991280178,1.5612098851374216,0.5975089903388705,0.7917848623224667,0.6967463418841362,0.0,0.2348177470858135
203,val,2048,0.00015411247991280178,1.5612098851374216,0.5975089903388705,0.7917848623224667,0.6967463418841362,0.0,0.2348177470858135
204,train,overall,0.00015290845017678004,1.6009828568574025,0.588788799908129,0.7814947976125195,0.6807406985706278,0.0,0.2056294667881166
204,train,2048,0.00015290845017678004,1.6009828568574025,0.588788799908129,0.7814947976125195,0.6807406985706278,0.0,0.2056294667881166
204,val,overall,0.00015290845017678004,1.5641827604600362,0.5956730917096138,0.7921888562185424,0.6985260492988995,0.0,0.23548332093253968
204,val,2048,0.00015290845017678004,1.5641827604600362,0.5956730917096138,0.7921888562185424,0.6985260492988995,0.0,0.23548332093253968
205,train,overall,0.0001517042641598778,1.5977965769746378,0.5900232973654709,0.7821100757795599,0.6815832575340443,0.0,0.20424301079035875
205,train,2048,0.0001517042641598778,1.5977965769746378,0.5900232973654709,0.7821100757795599,0.6815832575340443,0.0,0.20424301079035875
205,val,overall,0.0001517042641598778,1.5626833034413201,0.5967755998883929,0.7931789819683347,0.6986713718090739,0.0,0.23084561786954366
205,val,2048,0.0001517042641598778,1.5626833034413201,0.5967755998883929,0.7931789819683347,0.6986713718090739,0.0,0.23084561786954366
206,train,overall,0.0001505,1.5974816046488125,0.5902856117941339,0.7828545404656586,0.6817838250254302,0.0,0.20374378153026906
206,train,2048,0.0001505,1.5974816046488125,0.5902856117941339,0.7828545404656586,0.6817838250254302,0.0,0.20374378153026906
206,val,overall,0.0001505,1.551201234970774,0.6000744051166943,0.7960844497595515,0.7020854651927948,0.0,0.22960844494047622
206,val,2048,0.0001505,1.551201234970774,0.6000744051166943,0.7960844497595515,0.7020854651927948,0.0,0.22960844494047622
207,train,overall,0.00014929573584012223,1.5962319780358285,0.59035348945669,0.7826206908632287,0.6818166690556993,0.0,0.20320995655829596
207,train,2048,0.00014929573584012223,1.5962319780358285,0.59035348945669,0.7826206908632287,0.6818166690556993,0.0,0.20320995655829596
207,val,overall,0.00014929573584012223,1.5685098745993205,0.5961623415350914,0.789044092808451,0.6975630500486919,0.0,0.23244803292410715
207,val,2048,0.00014929573584012223,1.5685098745993205,0.5961623415350914,0.789044092808451,0.6975630500486919,0.0,0.23244803292410715
208,train,overall,0.00014809154982321995,1.5962731790114946,0.5905702600564657,0.7820851142630983,0.6818438201741788,0.0,0.2036829105941704
208,train,2048,0.00014809154982321995,1.5962731790114946,0.5905702600564657,0.7820851142630983,0.6818438201741788,0.0,0.2036829105941704
208,val,overall,0.00014809154982321995,1.5600480948175703,0.5973462302769933,0.7928573372108596,0.6994212323001453,0.0,0.23071385943700395
208,val,2048,0.00014809154982321995,1.5600480948175703,0.5973462302769933,0.7928573372108596,0.6994212323001453,0.0,0.23071385943700395
209,train,overall,0.00014688752008719822,1.5969124797213772,0.590299187219731,0.7827910420071383,0.6815670544256544,0.0,0.204296875
209,train,2048,0.00014688752008719822,1.5969124797213772,0.590299187219731,0.7827910420071383,0.6815670544256544,0.0,0.204296875
209,val,overall,0.00014688752008719822,1.5639649863754,0.5949309819511005,0.7916056311556271,0.6969129773122924,0.0,0.2295813182043651
209,val,2048,0.00014688752008719822,1.5639649863754,0.5949309819511005,0.7916056311556271,0.6969129773122924,0.0,0.2295813182043651
210,train,overall,0.00014568372475982114,1.5948450271324193,0.5907979786663312,0.7830318982291115,0.683033211883408,0.0,0.20230039588004484
210,train,2048,0.00014568372475982114,1.5948450271324193,0.5907979786663312,0.7830318982291115,0.683033211883408,0.0,0.20230039588004484
210,val,overall,0.00014568372475982114,1.553168501172747,0.5999213329383305,0.7948869977678571,0.7015719945941653,0.0,0.22672138516865079
210,val,2048,0.00014568372475982114,1.553168501172747,0.5999213329383305,0.7948869977678571,0.7015719945941653,0.0,0.22672138516865079
211,train,overall,0.00014448024195364245,1.5940260935257369,0.5909959187422098,0.78431763242713,0.6826478419282511,0.0,0.20344074061098655
211,train,2048,0.00014448024195364245,1.5940260935257369,0.5909959187422098,0.78431763242713,0.6826478419282511,0.0,0.20344074061098655
211,val,overall,0.00014448024195364245,1.5563738218375616,0.5991375637905938,0.7955312579870224,0.7017977280276162,0.0,0.22704303075396823
211,val,2048,0.00014448024195364245,1.5563738218375616,0.5991375637905938,0.7955312579870224,0.7017977280276162,0.0,0.22704303075396823
212,train,overall,0.00014327714976093667,1.594187644565052,0.5912008654376316,0.7834255885115653,0.6830735006139952,0.0,0.20322791129484305
212,train,2048,0.00014327714976093667,1.594187644565052,0.5912008654376316,0.7834255885115653,0.6830735006139952,0.0,0.20322791129484305
212,val,overall,0.00014327714976093667,1.550531444805009,0.5996113132153239,0.7972625249198505,0.7033739845667567,0.0,0.2281281001984127
212,val,2048,0.00014327714976093667,1.550531444805009,0.5996113132153239,0.7972625249198505,0.7033739845667567,0.0,0.2281281001984127
213,train,overall,0.00014207452624863222,1.5933424859838101,0.5912919528281207,0.7836270318972156,0.6828308926034936,0.0,0.20193122897982063
213,train,2048,0.00014207452624863222,1.5933424859838101,0.5912919528281207,0.7836270318972156,0.6828308926034936,0.0,0.20193122897982063
213,val,overall,0.00014207452624863222,1.5566924214363098,0.5969267349158015,0.795147608433451,0.7013917959162167,0.0,0.23320951915922622
213,val,2048,0.00014207452624863222,1.5566924214363098,0.5969267349158015,0.795147608433451,0.7013917959162167,0.0,0.23320951915922622
214,train,overall,0.00014087244945324532,1.5938966279607183,0.5918003783097716,0.7839821855048962,0.6827135299887892,0.0,0.20279174257286997
214,train,2048,0.00014087244945324532,1.5938966279607183,0.5918003783097716,0.7839821855048962,0.6827135299887892,0.0,0.20279174257286997
214,val,overall,0.00014087244945324532,1.5600971920149667,0.5955297074147633,0.7919660295758929,0.6981210857629776,0.0,0.22801765562996032
214,val,2048,0.00014087244945324532,1.5600971920149667,0.5955297074147633,0.7919660295758929,0.6981210857629776,0.0,0.22801765562996032
215,train,overall,0.00013967099737581653,1.591539776378683,0.5914180738508968,0.7851396090781207,0.683012191757493,0.0,0.20324411434977577
215,train,2048,0.00013967099737581653,1.591539776378683,0.5914180738508968,0.7851396090781207,0.683012191757493,0.0,0.20324411434977577
215,val,overall,0.00013967099737581653,1.5600793255226952,0.5980340870363372,0.7932874890310424,0.6988544772778239,0.0,0.22945731026785715
215,val,2048,0.00013967099737581653,1.5600793255226952,0.5980340870363372,0.7932874890310424,0.6988544772778239,0.0,0.22945731026785715
216,train,overall,0.00013847024797684952,1.5918964986843913,0.591131235986547,0.7846526415358744,0.683475073677542,0.0,0.2025289903307175
216,train,2048,0.00013847024797684952,1.5918964986843913,0.591131235986547,0.7846526415358744,0.683475073677542,0.0,0.2025289903307175
216,val,overall,0.00013847024797684952,1.5614230590207236,0.5959966746824128,0.7905719088656562,0.6978381925395557,0.0,0.23302156963045634
216,val,2048,0.00013847024797684952,1.5614230590207236,0.5959966746824128,0.7905719088656562,0.6978381925395557,0.0,0.23302156963045634
217,train,overall,0.00013727027917125192,1.5897027414475855,0.591928689201851,0.7853090843277661,0.6847568667522995,0.0,0.201457399103139
217,train,2048,0.00013727027917125192,1.5897027414475855,0.591928689201851,0.7853090843277661,0.6847568667522995,0.0,0.201457399103139
217,val,overall,0.00013727027917125192,1.5666538115058626,0.5950482083218438,0.7909332758613995,0.6969255719866071,0.0,0.23669142950148808
217,val,2048,0.00013727027917125192,1.5666538115058626,0.5950482083218438,0.7909332758613995,0.6969255719866071,0.0,0.23669142950148808
218,train,overall,0.00013607116882328001,1.591245574801492,0.5914373424555689,0.7849999123624622,0.6842151591596047,0.0,0.20232054021860987
218,train,2048,0.00013607116882328001,1.591245574801492,0.5914373424555689,0.7849999123624622,0.6842151591596047,0.0,0.20232054021860987
218,val,overall,0.00013607116882328001,1.5565135053225927,0.5963735431432724,0.7955273826207433,0.7007552864296096,0.0,0.23033602275545634
218,val,2048,0.00013607116882328001,1.5565135053225927,0.5963735431432724,0.7955273826207433,0.7007552864296096,0.0,0.23033602275545634
219,train,overall,0.0001348729947414858,1.5871570628854725,0.5930405689461884,0.7858258304039993,0.68508530705499,0.0,0.20246768147421526
219,train,2048,0.0001348729947414858,1.5871570628854725,0.5930405689461884,0.7858258304039993,0.68508530705499,0.0,0.20246768147421526
219,val,overall,0.0001348729947414858,1.543069024171148,0.6005888442908015,0.800048828125,0.7051788813301495,0.0,0.22409106057787698
219,val,2048,0.0001348729947414858,1.543069024171148,0.6005888442908015,0.800048828125,0.7051788813301495,0.0,0.22409106057787698
220,train,overall,0.0001336758346736685,1.58939204461906,0.5923652956303994,0.7854211918441704,0.6843180704544478,0.0,0.20244972673766817
220,train,2048,0.0001336758346736685,1.58939204461906,0.5923652956303994,0.7854211918441704,0.6843180704544478,0.0,0.20244972673766817
220,val,overall,0.0001336758346736685,1.567017367907933,0.590899754847799,0.792691670358181,0.6958375966974667,0.0,0.2325691344246032
220,val,2048,0.0001336758346736685,1.567017367907933,0.590899754847799,0.792691670358181,0.6958375966974667,0.0,0.2325691344246032
221,train,overall,0.0001324797663018292,1.5877559040693958,0.5928146021248514,0.785722043214892,0.6849412311352956,0.0,0.20198728279147982
221,train,2048,0.0001324797663018292,1.5877559040693958,0.5928146021248514,0.785722043214892,0.6849412311352956,0.0,0.20198728279147982
221,val,overall,0.0001324797663018292,1.5483144032103675,0.6002691356199128,0.7962443030306271,0.7013433543699128,0.0,0.22822401258680555
221,val,2048,0.0001324797663018292,1.5483144032103675,0.6002691356199128,0.7962443030306271,0.7013433543699128,0.0,0.22822401258680555
222,train,overall,0.00013128486723713062,1.5865238878224464,0.5928789764776358,0.7862681300116227,0.6846951198150224,0.0,0.20214975126121076
222,train,2048,0.00013128486723713062,1.5865238878224464,0.5928789764776358,0.7862681300116227,0.6846951198150224,0.0,0.20214975126121076
222,val,overall,0.00013128486723713062,1.5590703168085642,0.5965372717806271,0.7933804956930024,0.6987004354596138,0.0,0.23142787388392858
222,val,2048,0.00013128486723713062,1.5590703168085642,0.5965372717806271,0.7933804956930024,0.6987004354596138,0.0,0.23142787388392858
223,train,overall,0.00013009121501486064,1.5860118545224313,0.5935406741005422,0.7861319366057358,0.6856659894032329,0.0,0.2018024803811659
223,train,2048,0.00013009121501486064,1.5860118545224313,0.5935406741005422,0.7861319366057358,0.6856659894032329,0.0,0.2018024803811659
223,val,overall,0.00013009121501486064,1.5610119189534868,0.596576024379049,0.7937302365899086,0.6984340122767857,0.0,0.22900196862599206
223,val,2048,0.00013009121501486064,1.5610119189534868,0.596576024379049,0.7937302365899086,0.6984340122767857,0.0,0.22900196862599206
224,train,overall,0.00012889888708940143,1.5845895209119993,0.5930856746943007,0.7869342068385651,0.6861958730915737,0.0,0.20178408772421527
224,train,2048,0.00012889888708940143,1.5845895209119993,0.5930856746943007,0.7869342068385651,0.6861958730915737,0.0,0.20178408772421527
224,val,overall,0.00012889888708940143,1.556077995470592,0.59722900390625,0.7942282057234219,0.6987324069653239,0.0,0.23026917472718253
224,val,2048,0.00012889888708940143,1.556077995470592,0.59722900390625,0.7942282057234219,0.6987324069653239,0.0,0.23026917472718253
225,train,overall,0.00012770796082920335,1.584939007267289,0.5934723586244968,0.7862168932709459,0.6859046560231881,0.0,0.20081102858744393
225,train,2048,0.00012770796082920335,1.584939007267289,0.5934723586244968,0.7862168932709459,0.6859046560231881,0.0,0.20081102858744393
225,val,overall,0.00012770796082920335,1.5590139201709203,0.5965905572686877,0.791959248483181,0.6983904157366071,0.0,0.23308163597470236
225,val,2048,0.00012770796082920335,1.5590139201709203,0.5965905572686877,0.791959248483181,0.6983904157366071,0.0,0.23308163597470236
226,train,overall,0.00012651851351176485,1.585961858253308,0.5931955928759725,0.7864945349137344,0.6856909509196945,0.0,0.20145389573991032
226,train,2048,0.00012651851351176485,1.585961858253308,0.5931955928759725,0.7864945349137344,0.6856909509196945,0.0,0.20145389573991032
226,val,overall,0.00012651851351176485,1.553019153220313,0.5982569136789867,0.7953878736921719,0.701275538120951,0.0,0.22944859095982142
226,val,2048,0.00012651851351176485,1.553019153220313,0.5982569136789867,0.7953878736921719,0.701275538120951,0.0,0.22944859095982142
227,train,overall,0.00012533062231861772,1.5845786894383451,0.5932853665587079,0.7868002033019814,0.685486442037762,0.0,0.2015835201793722
227,train,2048,0.00012533062231861772,1.5845786894383451,0.5932853665587079,0.7868002033019814,0.685486442037762,0.0,0.2015835201793722
227,val,overall,0.00012533062231861772,1.5507776183741433,0.5990106495363372,0.7964274084993771,0.7024313307234219,0.0,0.22992621527777776
227,val,2048,0.00012533062231861772,1.5507776183741433,0.5990106495363372,0.7964274084993771,0.7024313307234219,0.0,0.22992621527777776
228,train,overall,0.00012414436433031927,1.5843804251452733,0.593689567037762,0.786893042480999,0.6862190828195067,0.0,0.20093977718609865
228,train,2048,0.00012414436433031927,1.5843804251452733,0.593689567037762,0.786893042480999,0.6862190828195067,0.0,0.20093977718609865
228,val,overall,0.00012414436433031927,1.560008847287723,0.5968385732599667,0.7941817023924419,0.7000790547047343,0.0,0.23083302331349206
228,val,2048,0.00012414436433031927,1.560008847287723,0.5968385732599667,0.7941817023924419,0.7000790547047343,0.0,0.23083302331349206
229,train,overall,0.00012295981652145032,1.5837737824350195,0.5933466754152101,0.7875823290358744,0.6862304689103712,0.0,0.20149330857623318
229,train,2048,0.00012295981652145032,1.5837737824350195,0.5933466754152101,0.7875823290358744,0.6862304689103712,0.0,0.20149330857623318
229,val,overall,0.00012295981652145032,1.5593811912196023,0.5966486856341362,0.7937253926481519,0.7009597048163414,0.0,0.2279178679935516
229,val,2048,0.00012295981652145032,1.5593811912196023,0.5966486856341362,0.7937253926481519,0.7009597048163414,0.0,0.2279178679935516
230,train,overall,0.00012177705575562059,1.5824068635033919,0.5940723095774116,0.7878980698072322,0.6861796699831838,0.0,0.20131244744955157
230,train,2048,0.00012177705575562059,1.5824068635033919,0.5940723095774116,0.7878980698072322,0.6861796699831838,0.0,0.20131244744955157
230,val,overall,0.00012177705575562059,1.555324748158455,0.5968250089458057,0.7943202427455357,0.7005789620535714,0.0,0.22997078062996032
230,val,2048,0.00012177705575562059,1.555324748158455,0.5968250089458057,0.7943202427455357,0.7005789620535714,0.0,0.22997078062996032
231,train,overall,0.00012059615878048135,1.5816161653920675,0.5939488159701428,0.7876896195347534,0.6863596554294296,0.0,0.20066782861547086
231,train,2048,0.00012059615878048135,1.5816161653920675,0.5939488159701428,0.7876896195347534,0.6863596554294296,0.0,0.20066782861547086
231,val,overall,0.00012059615878048135,1.5526660169873918,0.600299168910299,0.7974931022950581,0.7032838857599667,0.0,0.22575838603670634
231,val,2048,0.00012059615878048135,1.5526660169873918,0.600299168910299,0.7974931022950581,0.7032838857599667,0.0,0.22575838603670634
232,train,overall,0.00011941720222274498,1.5796867913729407,0.5949499019058296,0.7887064707653405,0.6876830506752425,0.0,0.20069103839686098
232,train,2048,0.00011941720222274498,1.5796867913729407,0.5949499019058296,0.7887064707653405,0.6876830506752425,0.0,0.20069103839686098
232,val,overall,0.00011941720222274498,1.5570253729820251,0.5967630052140781,0.7935587561556271,0.7012135343892234,0.0,0.22893608940972224
232,val,2048,0.00011941720222274498,1.5570253729820251,0.5967630052140781,0.7935587561556271,0.7012135343892234,0.0,0.22893608940972224
233,train,overall,0.00011824026258321299,1.5796382400487037,0.5945251191143498,0.7886447240953488,0.6868750875306237,0.0,0.20016640975336322
233,train,2048,0.00011824026258321299,1.5796382400487037,0.5945251191143498,0.7886447240953488,0.6868750875306237,0.0,0.20016640975336322
233,val,overall,0.00011824026258321299,1.5434421258313316,0.6020071847098214,0.7966066396662167,0.7042681979281562,0.0,0.22431776258680555
233,val,2048,0.00011824026258321299,1.5434421258313316,0.6020071847098214,0.7966066396662167,0.7042681979281562,0.0,0.22431776258680555
234,train,overall,0.00011706541623181195,1.579557871604714,0.5950278516842111,0.7881314813288872,0.6866162766790176,0.0,0.20025618343609866
234,train,2048,0.00011706541623181195,1.579557871604714,0.5950278516842111,0.7881314813288872,0.6866162766790176,0.0,0.20025618343609866
234,val,overall,0.00011706541623181195,1.5622896701097488,0.5980573381696429,0.7914225256868771,0.6979282924107143,0.0,0.23121473524305555
234,val,2048,0.00011706541623181195,1.5622896701097488,0.5980573381696429,0.7914225256868771,0.6979282924107143,0.0,0.23121473524305555
235,train,overall,0.00011589273940263804,1.5802824834002507,0.5943153554014027,0.7892775190785327,0.6869236968557931,0.0,0.20098575882847533
235,train,2048,0.00011589273940263804,1.5802824834002507,0.5943153554014027,0.7892775190785327,0.6869236968557931,0.0,0.20098575882847533
235,val,overall,0.00011589273940263804,1.5532358693225043,0.5973772321428571,0.7964322535055024,0.7016378736921719,0.0,0.22631932818700395
235,val,2048,0.00011589273940263804,1.5532358693225043,0.5973772321428571,0.7964322535055024,0.7016378736921719,0.0,0.22631932818700395
236,train,overall,0.00011472230818901012,1.5778573901129411,0.5952218506368286,0.7891365086551204,0.6877723865444885,0.0,0.20008714616031392
236,train,2048,0.00011472230818901012,1.5778573901129411,0.5952218506368286,0.7891365086551204,0.6877723865444885,0.0,0.20008714616031392
236,val,overall,0.00011472230818901012,1.5466159113815852,0.6009569923792567,0.7965194465858596,0.7028275749513081,0.0,0.22615753658234125
236,val,2048,0.00011472230818901012,1.5466159113815852,0.6009569923792567,0.7965194465858596,0.7028275749513081,0.0,0.22615753658234125
237,train,overall,0.00011355419853853242,1.577143271407739,0.595224478052336,0.7888181404682553,0.6882085551595474,0.0,0.19889293721973095
237,train,2048,0.00011355419853853242,1.577143271407739,0.595224478052336,0.7888181404682553,0.6882085551595474,0.0,0.19889293721973095
237,val,overall,0.00011355419853853242,1.5465679615736008,0.5994156130722591,0.7984667580042567,0.7041780991213662,0.0,0.22493877108134921
237,val,2048,0.00011355419853853242,1.5465679615736008,0.5994156130722591,0.7984667580042567,0.7041780991213662,0.0,0.22493877108134921
238,train,overall,0.0001123884862481661,1.5760308418573286,0.5946442335175827,0.7896361757286996,0.6876699130631349,0.0,0.1997486336883408
238,train,2048,0.0001123884862481661,1.5760308418573286,0.5946442335175827,0.7896361757286996,0.6876699130631349,0.0,0.1997486336883408
238,val,overall,0.0001123884862481661,1.557400643825531,0.59918212890625,0.7910505022321429,0.69801257870027,0.0,0.2309444366939484
238,val,2048,0.0001123884862481661,1.557400643825531,0.59918212890625,0.7910505022321429,0.69801257870027,0.0,0.2309444366939484
239,train,overall,0.00011122524695931128,1.575699893882991,0.595691301095646,0.7900136631700491,0.6882203790639013,0.0,0.19874273052130045
239,train,2048,0.00011122524695931128,1.575699893882991,0.595691301095646,0.7900136631700491,0.6882203790639013,0.0,0.19874273052130045
239,val,overall,0.00011122524695931128,1.5453816588435854,0.5995376833847591,0.7976791145546096,0.7030717155763081,0.0,0.22399611700148808
239,val,2048,0.00011122524695931128,1.5453816588435854,0.5995376833847591,0.7976791145546096,0.7030717155763081,0.0,0.22399611700148808
240,train,overall,0.00011006455615289832,1.5756259819851863,0.5958704106476275,0.7904296875534571,0.6886959607825686,0.0,0.19960762331838566
240,train,2048,0.00011006455615289832,1.5756259819851863,0.5958704106476275,0.7904296875534571,0.6886959607825686,0.0,0.19960762331838566
240,val,overall,0.00011006455615289832,1.5593124202319555,0.5954928930316653,0.7940286302140781,0.6999627979738372,0.0,0.22535245380704366
240,val,2048,0.00011006455615289832,1.5593124202319555,0.5954928930316653,0.7940286302140781,0.6999627979738372,0.0,0.22535245380704366
241,train,overall,0.00010890648914449034,1.575401500201546,0.5956667776599593,0.7896278554014027,0.6882794983183856,0.0,0.1988868063340807
241,train,2048,0.00010890648914449034,1.575401500201546,0.5956667776599593,0.7896278554014027,0.6882794983183856,0.0,0.1988868063340807
241,val,overall,0.00010890648914449034,1.5425359904766083,0.60174560546875,0.7982875279017857,0.7046615364296096,0.0,0.22527494884672622
241,val,2048,0.00010890648914449034,1.5425359904766083,0.60174560546875,0.7982875279017857,0.7046615364296096,0.0,0.22527494884672622
242,train,overall,0.00010775112107939595,1.574583493006069,0.5958003433830535,0.7906320068333715,0.6887191705105016,0.0,0.19946091998318388
242,train,2048,0.00010775112107939595,1.574583493006069,0.5958003433830535,0.7906320068333715,0.6887191705105016,0.0,0.19946091998318388
242,val,overall,0.00010775112107939595,1.5471111259290151,0.5994950554200581,0.7981257364153862,0.7038525779332433,0.0,0.2294776553199405
242,val,2048,0.00010775112107939595,1.5471111259290151,0.5994950554200581,0.7981257364153862,0.7038525779332433,0.0,0.2294776553199405
243,train,overall,0.00010659852692779323,1.572894131121614,0.5963797120235426,0.7910191283097716,0.6896129659473094,0.0,0.19849837093609865
243,train,2048,0.00010659852692779323,1.572894131121614,0.5963797120235426,0.7910191283097716,0.6896129659473094,0.0,0.19849837093609865
243,val,overall,0.00010659852692779323,1.5460128166845866,0.5997934490442276,0.7976190479738372,0.7024652393800872,0.0,0.22487289186507936
243,val,2048,0.00010659852692779323,1.5460128166845866,0.5997934490442276,0.7976190479738372,0.7024652393800872,0.0,0.22487289186507936
244,train,overall,0.00010544878147986485,1.574276426982452,0.5963166516457973,0.790733166339686,0.6898533843557931,0.0,0.19931377872757847
244,train,2048,0.00010544878147986485,1.574276426982452,0.5963166516457973,0.790733166339686,0.6898533843557931,0.0,0.19931377872757847
244,val,overall,0.00010544878147986485,1.5491210733141219,0.6001858179058347,0.795574854527201,0.7015070840716362,0.0,0.22450377449156747
244,val,2048,0.00010544878147986485,1.5491210733141219,0.6001858179058347,0.795574854527201,0.7015070840716362,0.0,0.22450377449156747
245,train,overall,0.00010430195934094536,1.572850112423234,0.5964935713284754,0.7911505044308479,0.6898770318972156,0.0,0.1982246706838565
245,train,2048,0.00010430195934094536,1.572850112423234,0.5964935713284754,0.7911505044308479,0.6898770318972156,0.0,0.1982246706838565
245,val,overall,0.00010430195934094536,1.5453481887068068,0.6001896932721138,0.7966143893344062,0.7029012047818729,0.0,0.22285098121279764
245,val,2048,0.00010430195934094536,1.5453481887068068,0.6001896932721138,0.7966143893344062,0.7029012047818729,0.0,0.22285098121279764
246,train,overall,0.00010315813492667987,1.573675903504205,0.5965180950314475,0.7911119674887892,0.6897185049249452,0.0,0.19863806754484306
246,train,2048,0.00010315813492667987,1.573675903504205,0.5965180950314475,0.7911119674887892,0.6897185049249452,0.0,0.19863806754484306
246,val,overall,0.00010315813492667987,1.552734939115388,0.5967252222555024,0.7978815957903862,0.7021309988839286,0.0,0.22391376798115079
246,val,2048,0.00010315813492667987,1.552734939115388,0.5967252222555024,0.7978815957903862,0.7021309988839286,0.0,0.22391376798115079
247,train,overall,0.00010201738245819545,1.572737430777785,0.5958607763452914,0.7915687184162739,0.6891960656696371,0.0,0.19836524313340806
247,train,2048,0.00010201738245819545,1.572737430777785,0.5958607763452914,0.7915687184162739,0.6891960656696371,0.0,0.19836524313340806
247,val,overall,0.00010201738245819545,1.544975214770862,0.5994553342461586,0.7993115623082433,0.7045908123254776,0.0,0.2248389834449405
247,val,2048,0.00010201738245819545,1.544975214770862,0.5994553342461586,0.7993115623082433,0.7045908123254776,0.0,0.2248389834449405
248,train,overall,0.00010087977595728502,1.5716412853232413,0.5970094415104442,0.7913558892070445,0.6896887261236729,0.0,0.19839633548206276
248,train,2048,0.00010087977595728502,1.5716412853232413,0.5970094415104442,0.7913558892070445,0.6896887261236729,0.0,0.19839633548206276
248,val,overall,0.00010087977595728502,1.5386004682098116,0.6030564084649086,0.8006504603794643,0.7069304936698505,0.0,0.22300017826140875
248,val,2048,0.00010087977595728502,1.5386004682098116,0.6030564084649086,0.8006504603794643,0.7069304936698505,0.0,0.22300017826140875
249,train,overall,9.974538924160416e-05,1.5696264286212323,0.5972647493195641,0.7925768112387892,0.6902637158274116,0.0,0.1976943490751121
249,train,2048,9.974538924160416e-05,1.5696264286212323,0.5972647493195641,0.7925768112387892,0.6902637158274116,0.0,0.1976943490751121
249,val,overall,9.974538924160416e-05,1.5547585849251067,0.59736560604402,0.7939210927912167,0.7009325783167567,0.0,0.22369772290426587
249,val,2048,9.974538924160416e-05,1.5547585849251067,0.59736560604402,0.7939210927912167,0.7009325783167567,0.0,0.22369772290426587
250,train,overall,9.861429591988125e-05,1.5712974616764908,0.5969665253643498,0.7918051954342111,0.6903661890414798,0.0,0.19824131165919284
250,train,2048,9.861429591988125e-05,1.5712974616764908,0.5969665253643498,0.7918051954342111,0.6903661890414798,0.0,0.19824131165919284
250,val,overall,9.861429591988125e-05,1.5494054130145483,0.599041651402201,0.7959497847727367,0.7037295390452657,0.0,0.2239612397693452
250,val,2048,9.861429591988125e-05,1.5494054130145483,0.599041651402201,0.7959497847727367,0.7037295390452657,0.0,0.2239612397693452
251,train,overall,9.748656938714096e-05,1.5690783155338646,0.5977692334106685,0.7927677446951246,0.690240943912968,0.0,0.19793389153587443
251,train,2048,9.748656938714096e-05,1.5690783155338646,0.5977692334106685,0.7927677446951246,0.690240943912968,0.0,0.19793389153587443
251,val,overall,9.748656938714096e-05,1.537258390869413,0.6019829650010381,0.8016657754778862,0.7071920729109219,0.0,0.2206905304439484
251,val,2048,9.748656938714096e-05,1.537258390869413,0.6019829650010381,0.8016657754778862,0.7071920729109219,0.0,0.2206905304439484
252,train,overall,9.636228281994191e-05,1.5705083667430109,0.5972205191984304,0.791913799908129,0.6907489315811294,0.0,0.1979776835762332
252,train,2048,9.636228281994191e-05,1.5705083667430109,0.5972205191984304,0.791913799908129,0.6907489315811294,0.0,0.1979776835762332
252,val,overall,9.636228281994191e-05,1.5404150124107088,0.6021457250629153,0.7997281519430024,0.7063123913747924,0.0,0.22198486328125
252,val,2048,9.636228281994191e-05,1.5404150124107088,0.6021457250629153,0.7997281519430024,0.7063123913747924,0.0,0.22198486328125
253,train,overall,9.524150917162831e-05,1.5677932265628078,0.5972432911128741,0.7933764540561111,0.6908369534753364,0.0,0.19781828054932735
253,train,2048,9.524150917162831e-05,1.5677932265628078,0.5972432911128741,0.7933764540561111,0.6908369534753364,0.0,0.19781828054932735
253,val,overall,9.524150917162831e-05,1.5532670297792979,0.5977541006037167,0.7955341647778239,0.7010730558208057,0.0,0.22551327659970236
253,val,2048,9.524150917162831e-05,1.5532670297792979,0.5977541006037167,0.7955341647778239,0.7010730558208057,0.0,0.22551327659970236
254,train,overall,9.41243211675961e-05,1.5677456754205472,0.5980749020662008,0.7924879134503181,0.6909959185283815,0.0,0.1982662731221973
254,train,2048,9.41243211675961e-05,1.5677456754205472,0.5980749020662008,0.7924879134503181,0.6909959185283815,0.0,0.1982662731221973
254,val,overall,9.41243211675961e-05,1.554945049541337,0.5982927594866071,0.7940935407366071,0.6999153260673795,0.0,0.2270866272941468
254,val,2048,9.41243211675961e-05,1.554945049541337,0.5982927594866071,0.7940935407366071,0.6999153260673795,0.0,0.2270866272941468
255,train,overall,9.301079130057382e-05,1.566999665290251,0.5974464862870529,0.7933418582373136,0.6911518183524299,0.0,0.19817474775784752
255,train,2048,9.301079130057382e-05,1.566999665290251,0.5974464862870529,0.7933418582373136,0.6911518183524299,0.0,0.19817474775784752
255,val,overall,9.301079130057382e-05,1.5394126794167928,0.6034090561526162,0.8000575474330357,0.7047312908938953,0.0,0.2217688182043651
255,val,2048,9.301079130057382e-05,1.5394126794167928,0.6034090561526162,0.8000575474330357,0.7047312908938953,0.0,0.2217688182043651
256,train,overall,9.190099182591881e-05,1.5666945787823254,0.5980792812702367,0.7938971412556054,0.6912354610426009,0.0,0.1978414903307175
256,train,2048,9.190099182591881e-05,1.5666945787823254,0.5980792812702367,0.7938971412556054,0.6912354610426009,0.0,0.1978414903307175
256,val,overall,9.190099182591881e-05,1.5473914316722326,0.6001858179058347,0.7995489207761628,0.7048427036830357,0.0,0.22289360894097224
256,val,2048,9.190099182591881e-05,1.5473914316722326,0.6001858179058347,0.7995489207761628,0.7048427036830357,0.0,0.22289360894097224
257,train,overall,9.079499475692851e-05,1.5663865414435554,0.5989043231502242,0.7933344135369955,0.6915695942570811,0.0,0.19729978279147983
257,train,2048,9.079499475692851e-05,1.5663865414435554,0.5989043231502242,0.7933344135369955,0.6915695942570811,0.0,0.19729978279147983
257,val,overall,9.079499475692851e-05,1.5464217024190086,0.6018289231828281,0.7955574159111295,0.7024613640138081,0.0,0.22439623635912698
257,val,2048,9.079499475692851e-05,1.5464217024190086,0.6018289231828281,0.7955574159111295,0.7024613640138081,0.0,0.22439623635912698
258,train,overall,8.969287186016789e-05,1.5655634574291417,0.5984992467769058,0.7936834361521118,0.6917373179854833,0.0,0.1970637436939462
258,train,2048,8.969287186016789e-05,1.5655634574291417,0.5984992467769058,0.7936834361521118,0.6917373179854833,0.0,0.1970637436939462
258,val,overall,8.969287186016789e-05,1.5437841756003243,0.6005200584019933,0.7985239177942276,0.7030407137104443,0.0,0.22289748418898808
258,val,2048,8.969287186016789e-05,1.5437841756003243,0.6005200584019933,0.7985239177942276,0.7030407137104443,0.0,0.22289748418898808
259,train,overall,8.859469465081221e-05,1.5637435640454826,0.5990900015082594,0.7944397247425644,0.6928566424301387,0.0,0.19706549537556056
259,train,2048,8.859469465081221e-05,1.5637435640454826,0.5990900015082594,0.7944397247425644,0.6928566424301387,0.0,0.19706549537556056
259,val,overall,8.859469465081221e-05,1.5415929619755064,0.6042858308979443,0.7983640645231519,0.7047700424279485,0.0,0.22069924975198413
259,val,2048,8.859469465081221e-05,1.5415929619755064,0.6042858308979443,0.7983640645231519,0.7047700424279485,0.0,0.22069924975198413
260,train,overall,8.750053438800692e-05,1.5634414502858047,0.598825059664089,0.7947016010904526,0.6924861618756178,0.0,0.19643007286995515
260,train,2048,8.750053438800692e-05,1.5634414502858047,0.598825059664089,0.7947016010904526,0.6924861618756178,0.0,0.19643007286995515
260,val,overall,8.750053438800692e-05,1.5442711349044527,0.6006024075405938,0.7972344298447881,0.7035551528845515,0.0,0.22164868551587302
260,val,2048,8.750053438800692e-05,1.5442711349044527,0.6006024075405938,0.7972344298447881,0.7035551528845515,0.0,0.22164868551587302
261,train,overall,8.641046207024346e-05,1.5641342299936063,0.5987650645153405,0.7945811729794661,0.6925119990190582,0.0,0.1977508408071749
261,train,2048,8.641046207024346e-05,1.5641342299936063,0.5987650645153405,0.7945811729794661,0.6925119990190582,0.0,0.1977508408071749
261,val,overall,8.641046207024346e-05,1.541893550327846,0.60221935489348,0.7968720932091985,0.7033817352993148,0.0,0.2232268802703373
261,val,2048,8.641046207024346e-05,1.541893550327846,0.60221935489348,0.7968720932091985,0.7033817352993148,0.0,0.2232268802703373
262,train,overall,8.532454843075228e-05,1.563017813614131,0.5990295685460215,0.7940232622783815,0.6928316809136771,0.0,0.19670552480381165
262,train,2048,8.532454843075228e-05,1.563017813614131,0.5990295685460215,0.7940232622783815,0.6928316809136771,0.0,0.19670552480381165
262,val,overall,8.532454843075228e-05,1.5399214667933327,0.6012621681605067,0.7999906997595515,0.7054123654961586,0.0,0.2225554935515873
262,val,2048,8.532454843075228e-05,1.5399214667933327,0.6012621681605067,0.7999906997595515,0.7054123654961586,0.0,0.2225554935515873
263,train,overall,8.424286393291345e-05,1.5629364829426924,0.5991154008382105,0.7944397247425644,0.692880728052336,0.0,0.19709571188340805
263,train,2048,8.424286393291345e-05,1.5629364829426924,0.5991154008382105,0.7944397247425644,0.692880728052336,0.0,0.19709571188340805
263,val,overall,8.424286393291345e-05,1.547508220587458,0.5999736487865448,0.7956223264336586,0.7034514897636005,0.0,0.22508118644593253
263,val,2048,8.424286393291345e-05,1.547508220587458,0.5999736487865448,0.7956223264336586,0.7034514897636005,0.0,0.22508118644593253
264,train,overall,8.316547876568378e-05,1.5617001243770925,0.5994867572869955,0.795099232763453,0.6931255256648555,0.0,0.19640949061098656
264,train,2048,8.316547876568378e-05,1.5617001243770925,0.5994867572869955,0.795099232763453,0.6931255256648555,0.0,0.19640949061098656
264,val,overall,8.316547876568378e-05,1.5438319402081626,0.6004415846296719,0.7984076610633305,0.7048165457589286,0.0,0.22230941530257936
264,val,2048,8.316547876568378e-05,1.5438319402081626,0.6004415846296719,0.7984076610633305,0.7048165457589286,0.0,0.22230941530257936
265,train,overall,8.209246283904292e-05,1.5615202402320143,0.5992209395485608,0.7954324903509542,0.6934237493527844,0.0,0.196476930353139
265,train,2048,8.209246283904292e-05,1.5615202402320143,0.5992209395485608,0.7954324903509542,0.6934237493527844,0.0,0.196476930353139
265,val,overall,8.209246283904292e-05,1.536985491003309,0.6007622618760381,0.8013819136789867,0.7067580446600914,0.0,0.21905033172123017
265,val,2048,8.209246283904292e-05,1.536985491003309,0.6007622618760381,0.8013819136789867,0.7067580446600914,0.0,0.21905033172123017
266,train,overall,8.10238857794566e-05,1.561189977577449,0.5992060504152101,0.7953768744062415,0.6935905969196371,0.0,0.1963696398542601
266,train,2048,8.10238857794566e-05,1.561189977577449,0.5992060504152101,0.7953768744062415,0.6935905969196371,0.0,0.1963696398542601
266,val,overall,8.10238857794566e-05,1.5396852940320969,0.602154444370951,0.7980307926024709,0.7050480917096138,0.0,0.22203814794146823
266,val,2048,8.10238857794566e-05,1.5396852940320969,0.602154444370951,0.7980307926024709,0.7050480917096138,0.0,0.22203814794146823
267,train,overall,7.995981692535893e-05,1.5607665622180888,0.5996956453729638,0.7952779042346595,0.6932538362896495,0.0,0.19743378643497758
267,train,2048,7.995981692535893e-05,1.5607665622180888,0.5996956453729638,0.7952779042346595,0.6932538362896495,0.0,0.19743378643497758
267,val,overall,7.995981692535893e-05,1.5408193234886443,0.5999959313443729,0.8003917879291943,0.7049860879778862,0.0,0.22078838045634921
267,val,2048,7.995981692535893e-05,1.5408193234886443,0.5999959313443729,0.8003917879291943,0.7049860879778862,0.0,0.22078838045634921
268,train,overall,7.890032532265295e-05,1.5600507890162447,0.5998909577660496,0.7954132217462822,0.6934219975642559,0.0,0.19660743063340805
268,train,2048,7.890032532265295e-05,1.5600507890162447,0.5998909577660496,0.7954132217462822,0.6934219975642559,0.0,0.19660743063340805
268,val,overall,7.890032532265295e-05,1.5461639655487878,0.6007806690675872,0.795166015625,0.703631688441549,0.0,0.2231290302579365
268,val,2048,7.890032532265295e-05,1.5461639655487878,0.6007806690675872,0.795166015625,0.703631688441549,0.0,0.2231290302579365
269,train,overall,7.784547972023039e-05,1.5587852498341035,0.6004217173486547,0.7959943421752999,0.6944655620998331,0.0,0.1967282966647982
269,train,2048,7.784547972023039e-05,1.5587852498341035,0.6004217173486547,0.7959943421752999,0.6944655620998331,0.0,0.1967282966647982
269,val,overall,7.784547972023039e-05,1.5412143830742155,0.6012980139681271,0.8013799754636628,0.7054055833390781,0.0,0.22092498294890875
269,val,2048,7.784547972023039e-05,1.5412143830742155,0.6012980139681271,0.8013799754636628,0.7054055833390781,0.0,0.22092498294890875
270,train,overall,7.679534856551087e-05,1.5585315879684927,0.6000446679880801,0.7964029218583898,0.6938651730661435,0.0,0.1959934662275785
270,train,2048,7.679534856551087e-05,1.5585315879684927,0.6000446679880801,0.7964029218583898,0.6938651730661435,0.0,0.1959934662275785
270,val,overall,7.679534856551087e-05,1.5385067143610545,0.6017746701836586,0.7997543098671096,0.7048378597412791,0.0,0.22230747767857142
270,val,2048,7.679534856551087e-05,1.5385067143610545,0.6017746701836586,0.7997543098671096,0.7048378597412791,0.0,0.22230747767857142
271,train,overall,7.575000000000003e-05,1.5574496952407564,0.6008539448404526,0.7964112424529721,0.6941563901345291,0.0,0.1960578405269058
271,train,2048,7.575000000000003e-05,1.5574496952407564,0.6008539448404526,0.7964112424529721,0.6941563901345291,0.0,0.1960578405269058
271,val,overall,7.575000000000003e-05,1.5404945782252721,0.6014055524553571,0.7987079929028239,0.7041722855397633,0.0,0.22267659505208334
271,val,2048,7.575000000000003e-05,1.5404945782252721,0.6014055524553571,0.7987079929028239,0.7041722855397633,0.0,0.22267659505208334
272,train,overall,7.470950185486827e-05,1.558333602721381,0.5998677480381166,0.7959982832985608,0.6940526029454218,0.0,0.19620016465807175
272,train,2048,7.470950185486827e-05,1.558333602721381,0.5998677480381166,0.7959982832985608,0.6940526029454218,0.0,0.19620016465807175
272,val,overall,7.470950185486827e-05,1.5351318206105913,0.6022687639508929,0.8008471290980067,0.7076096311211586,0.0,0.21872771732390875
272,val,2048,7.470950185486827e-05,1.5351318206105913,0.6022687639508929,0.8008471290980067,0.7076096311211586,0.0,0.21872771732390875
273,train,overall,7.367392164654909e-05,1.5569982010152843,0.6010256096921159,0.7967545718890134,0.6949122409114923,0.0,0.1958493904147982
273,train,2048,7.367392164654909e-05,1.5569982010152843,0.6010256096921159,0.7967545718890134,0.6949122409114923,0.0,0.1958493904147982
273,val,overall,7.367392164654909e-05,1.538553039942469,0.6030941914234843,0.8007860939417567,0.7067706393344062,0.0,0.22268725198412698
273,val,2048,7.367392164654909e-05,1.538553039942469,0.6030941914234843,0.8007860939417567,0.7067706393344062,0.0,0.22268725198412698
274,train,overall,7.264332657235826e-05,1.5572608880397985,0.6011136315863229,0.7970037487055689,0.6949157442212639,0.0,0.19606835061659192
274,train,2048,7.264332657235826e-05,1.5572608880397985,0.6011136315863229,0.7970037487055689,0.6949157442212639,0.0,0.19606835061659192
274,val,overall,7.264332657235826e-05,1.5501564592123032,0.59904552676848,0.795977879847799,0.7028924854738372,0.0,0.22450668092757936
274,val,2048,7.264332657235826e-05,1.5501564592123032,0.59904552676848,0.795977879847799,0.7028924854738372,0.0,0.22450668092757936
275,train,overall,7.161778350613313e-05,1.5562800062076927,0.6012958066345865,0.7968342734559235,0.694347761404354,0.0,0.19571056964686098
275,train,2048,7.161778350613313e-05,1.5562800062076927,0.6012958066345865,0.7968342734559235,0.694347761404354,0.0,0.19571056964686098
275,val,overall,7.161778350613313e-05,1.5421111306973867,0.5997546964458057,0.8007008390767234,0.7059616819024086,0.0,0.22139388795882936
275,val,2048,7.161778350613313e-05,1.5421111306973867,0.5997546964458057,0.8007008390767234,0.7059616819024086,0.0,0.22139388795882936
276,train,overall,7.059735899389372e-05,1.555157887026868,0.6009441563366774,0.7976711392402649,0.6950931019847169,0.0,0.19540052200112107
276,train,2048,7.059735899389372e-05,1.555157887026868,0.6009441563366774,0.7976711392402649,0.6950931019847169,0.0,0.19540052200112107
276,val,overall,7.059735899389372e-05,1.5422816212688173,0.6032395139336586,0.7967025520546096,0.7041916623711586,0.0,0.22401064918154764
276,val,2048,7.059735899389372e-05,1.5422816212688173,0.6032395139336586,0.7967025520546096,0.7041916623711586,0.0,0.22401064918154764
277,train,overall,6.958211924952426e-05,1.5560648644451602,0.6009196329009907,0.7969380606450307,0.6952752767656951,0.0,0.1958704105941704
277,train,2048,6.958211924952426e-05,1.5560648644451602,0.6009196329009907,0.7969380606450307,0.6952752767656951,0.0,0.1958704105941704
277,val,overall,6.958211924952426e-05,1.5464844959122794,0.5995289640767234,0.7966705805488995,0.7023896713341985,0.0,0.22403777591765875
277,val,2048,6.958211924952426e-05,1.5464844959122794,0.5995289640767234,0.7966705805488995,0.7023896713341985,0.0,0.22403777591765875
278,train,overall,6.857213015047686e-05,1.5556074680234284,0.601342663903942,0.7975914379406402,0.6948018849163312,0.0,0.19490610986547083
278,train,2048,6.857213015047686e-05,1.5556074680234284,0.601342663903942,0.7975914379406402,0.6948018849163312,0.0,0.19490610986547083
278,val,overall,6.857213015047686e-05,1.5470187387296133,0.6003098264336586,0.7957802425537791,0.7023974220667567,0.0,0.22399708581349206
278,val,2048,6.857213015047686e-05,1.5470187387296133,0.6003098264336586,0.7957802425537791,0.7023974220667567,0.0,0.22399708581349206
279,train,overall,6.756745723349672e-05,1.5556191200632685,0.6006546910568203,0.7971526416427887,0.6948986652186099,0.0,0.19549248528587443
279,train,2048,6.756745723349672e-05,1.5556191200632685,0.6006546910568203,0.7971526416427887,0.6948986652186099,0.0,0.19549248528587443
279,val,overall,6.756745723349672e-05,1.5416435258729118,0.6030835349644933,0.7975492935095515,0.7048078264508929,0.0,0.22137063647073413
279,val,2048,6.756745723349672e-05,1.5416435258729118,0.6030835349644933,0.7975492935095515,0.7048078264508929,0.0,0.22137063647073413
280,train,overall,6.656816569036981e-05,1.5529644008174606,0.6013010614656012,0.7988924993527844,0.696160751875206,0.0,0.19534884739349778
280,train,2048,6.656816569036981e-05,1.5529644008174606,0.6013010614656012,0.7988924993527844,0.696160751875206,0.0,0.19534884739349778
280,val,overall,6.656816569036981e-05,1.5465464230094637,0.5999281140310424,0.7968614367502076,0.7031114367502076,0.0,0.22313774956597224
280,val,2048,6.656816569036981e-05,1.5465464230094637,0.5999281140310424,0.7968614367502076,0.7031114367502076,0.0,0.22313774956597224
281,train,overall,6.557432036369222e-05,1.5517606067015985,0.6019758969679007,0.7982833521783085,0.6961406076435551,0.0,0.1945001576513453
281,train,2048,6.557432036369222e-05,1.5517606067015985,0.6019758969679007,0.7982833521783085,0.6961406076435551,0.0,0.1945001576513453
281,val,overall,6.557432036369222e-05,1.5349810208593095,0.6019645567451205,0.8020717075892857,0.7073461136647633,0.0,0.21832856677827378
281,val,2048,6.557432036369222e-05,1.5349810208593095,0.6019645567451205,0.8020717075892857,0.7073461136647633,0.0,0.21832856677827378
282,train,overall,6.4585985742663e-05,1.5514553074344926,0.6017858394058296,0.7987234621839139,0.6962128645101471,0.0,0.1953019899103139
282,train,2048,6.4585985742663e-05,1.5514553074344926,0.6017858394058296,0.7987234621839139,0.6962128645101471,0.0,0.1953019899103139
282,val,overall,6.4585985742663e-05,1.5367799273559026,0.6028655522636005,0.8000643295901162,0.7064257423792567,0.0,0.22045510912698413
282,val,2048,6.4585985742663e-05,1.5367799273559026,0.6028655522636005,0.8000643295901162,0.7064257423792567,0.0,0.22045510912698413
283,train,overall,6.360322595889932e-05,1.5520089116331708,0.602146247844525,0.7980753399866044,0.6957294002776723,0.0,0.19461664447869956
283,train,2048,6.360322595889932e-05,1.5520089116331708,0.602146247844525,0.7980753399866044,0.6957294002776723,0.0,0.19461664447869956
283,val,overall,6.360322595889932e-05,1.5429595857858658,0.6006372847727367,0.7971675811069352,0.7031976612550872,0.0,0.2234012664310516
283,val,2048,6.360322595889932e-05,1.5429595857858658,0.6006372847727367,0.7971675811069352,0.7031976612550872,0.0,0.2234012664310516
284,train,overall,6.262610478227528e-05,1.5509005881211149,0.6016137367406769,0.798954684103551,0.6964778063543174,0.0,0.19476597533632287
284,train,2048,6.262610478227528e-05,1.5509005881211149,0.6016137367406769,0.798954684103551,0.6964778063543174,0.0,0.19476597533632287
284,val,overall,6.262610478227528e-05,1.5446847123759133,0.6001325334821429,0.7974630690046719,0.7025679328611919,0.0,0.22399514818948413
284,val,2048,6.262610478227528e-05,1.5446847123759133,0.6001325334821429,0.7974630690046719,0.7025679328611919,0.0,0.22399514818948413
285,train,overall,6.165468561678371e-05,1.551105208995631,0.6023691494368651,0.7994039903307175,0.6968535420071383,0.0,0.19418354119955156
285,train,2048,6.165468561678371e-05,1.551105208995631,0.6023691494368651,0.7994039903307175,0.6968535420071383,0.0,0.19418354119955156
285,val,overall,6.165468561678371e-05,1.5330783150025777,0.6039496532508305,0.8018304737550872,0.7076057557548795,0.0,0.22090560670882936
285,val,2048,6.165468561678371e-05,1.5330783150025777,0.6039496532508305,0.8018304737550872,0.7076057557548795,0.0,0.22090560670882936
286,train,overall,6.068903149642213e-05,1.549946931980116,0.6024409684899676,0.7998248319989363,0.6964975127724788,0.0,0.1946569331558296
286,train,2048,6.068903149642213e-05,1.549946931980116,0.6024409684899676,0.7998248319989363,0.6964975127724788,0.0,0.1946569331558296
286,val,overall,6.068903149642213e-05,1.5336142501660757,0.6037064812013081,0.8018033472555024,0.7065555634243148,0.0,0.21901351686507936
286,val,2048,6.068903149642213e-05,1.5336142501660757,0.6037064812013081,0.8018033472555024,0.7065555634243148,0.0,0.21901351686507936
287,train,overall,5.972920508110267e-05,1.5494936603067166,0.6021979226659766,0.8000442300142194,0.697043599301924,0.0,0.19457460411995517
287,train,2048,5.972920508110267e-05,1.5494936603067166,0.6021979226659766,0.8000442300142194,0.697043599301924,0.0,0.19457460411995517
287,val,overall,5.972920508110267e-05,1.5376679024526052,0.6029595275010381,0.7995537657822881,0.7057698571256229,0.0,0.22043960813492064
287,val,2048,5.972920508110267e-05,1.5376679024526052,0.6029595275010381,0.7995537657822881,0.7057698571256229,0.0,0.22043960813492064
288,train,overall,5.877526865258588e-05,1.5493459995552028,0.6026078160568203,0.7995581383662373,0.6976036996050266,0.0,0.19469021510650225
288,train,2048,5.877526865258588e-05,1.5493459995552028,0.6026078160568203,0.7995581383662373,0.6976036996050266,0.0,0.19469021510650225
288,val,overall,5.877526865258588e-05,1.5515593460627966,0.5983479821256229,0.7939453125,0.701077900826931,0.0,0.22219412667410715
288,val,2048,5.877526865258588e-05,1.5515593460627966,0.5983479821256229,0.7939453125,0.701077900826931,0.0,0.22219412667410715
289,train,overall,5.782728411043956e-05,1.5488250212819052,0.6028018147421524,0.7998515450366409,0.6967243554880801,0.0,0.19491443035313902
289,train,2048,5.782728411043956e-05,1.5488250212819052,0.6028018147421524,0.7998515450366409,0.6967243554880801,0.0,0.19491443035313902
289,val,overall,5.782728411043956e-05,1.557600023491042,0.5972638811383929,0.7931973902242524,0.6997235012905938,0.0,0.22331601097470236
289,val,2048,5.782728411043956e-05,1.557600023491042,0.5972638811383929,0.7931973902242524,0.6997235012905938,0.0,0.22331601097470236
290,train,overall,5.68853129680221e-05,1.548400870887688,0.6027146687422098,0.7997298032179007,0.6978568175448431,0.0,0.19381787766255604
290,train,2048,5.68853129680221e-05,1.548400870887688,0.6027146687422098,0.7997298032179007,0.6978568175448431,0.0,0.19381787766255604
290,val,overall,5.68853129680221e-05,1.53264619410038,0.6029914979423795,0.8006989008613995,0.7074710907680648,0.0,0.2191539946056548
290,val,2048,5.68853129680221e-05,1.53264619410038,0.6029914979423795,0.8006989008613995,0.7074710907680648,0.0,0.2191539946056548
291,train,overall,5.594941634849111e-05,1.5484635445034558,0.6028456067825112,0.7995914202099959,0.6975463321390708,0.0,0.19484085972533632
291,train,2048,5.594941634849111e-05,1.5484635445034558,0.6028456067825112,0.7995914202099959,0.6975463321390708,0.0,0.19484085972533632
291,val,overall,5.594941634849111e-05,1.5398393315928323,0.6020062161343438,0.7986062669328281,0.7061321926968438,0.0,0.21929350353422622
291,val,2048,5.594941634849111e-05,1.5398393315928323,0.6020062161343438,0.7986062669328281,0.7061321926968438,0.0,0.21929350353422622
292,train,overall,5.5019654980837e-05,1.5472044976837431,0.6031398893471791,0.8000718189461884,0.6977394549301387,0.0,0.1934390765134529
292,train,2048,5.5019654980837e-05,1.5472044976837431,0.6031398893471791,0.8000718189461884,0.6977394549301387,0.0,0.1934390765134529
292,val,overall,5.5019654980837e-05,1.5350622087717056,0.6023927724787167,0.8018440370048795,0.7079361208847591,0.0,0.21791972811259921
292,val,2048,5.5019654980837e-05,1.5350622087717056,0.6023927724787167,0.8018440370048795,0.7079361208847591,0.0,0.21791972811259921
293,train,overall,5.409608919594252e-05,1.5472231306837279,0.6026901450392377,0.8003958800448431,0.697885720451851,0.0,0.19436571608744396
293,train,2048,5.409608919594252e-05,1.5472231306837279,0.6026901450392377,0.8003958800448431,0.697885720451851,0.0,0.19436571608744396
293,val,overall,5.409608919594252e-05,1.5350810991866248,0.6034962492329734,0.8002396843263081,0.7072695781077657,0.0,0.2184235103546627
293,val,2048,5.409608919594252e-05,1.5350810991866248,0.6034962492329734,0.8002396843263081,0.7072695781077657,0.0,0.2184235103546627
294,train,overall,5.317877892266788e-05,1.545690850292086,0.6037122513681249,0.8006292915664981,0.6979216297111169,0.0,0.19355994254484307
294,train,2048,5.317877892266788e-05,1.545690850292086,0.6037122513681249,0.8006292915664981,0.6979216297111169,0.0,0.19355994254484307
294,val,overall,5.317877892266788e-05,1.5391547488314765,0.6000463089772633,0.800382100045681,0.7072502012763705,0.0,0.21771046471974206
294,val,2048,5.317877892266788e-05,1.5391547488314765,0.6000463089772633,0.800382100045681,0.7072502012763705,0.0,0.21771046471974206
295,train,overall,5.2267783683962274e-05,1.5464872939704244,0.6028942161076807,0.800736582065377,0.6979912591622015,0.0,0.19388093820067265
295,train,2048,5.2267783683962274e-05,1.5464872939704244,0.6028942161076807,0.800736582065377,0.6979912591622015,0.0,0.19388093820067265
295,val,overall,5.2267783683962274e-05,1.553928249648639,0.5969945511647633,0.7956756108573505,0.7018335738352367,0.0,0.22365315755208334
295,val,2048,5.2267783683962274e-05,1.553928249648639,0.5969945511647633,0.7956756108573505,0.7018335738352367,0.0,0.22365315755208334
296,train,overall,5.13631625930011e-05,1.5446859592814082,0.6037893252522422,0.8018020426211335,0.6988062289263636,0.0,0.19343031810538117
296,train,2048,5.13631625930011e-05,1.5446859592814082,0.6037893252522422,0.8018020426211335,0.6988062289263636,0.0,0.19343031810538117
296,val,overall,5.13631625930011e-05,1.5339704326220922,0.6039942183664867,0.7996022062642234,0.70665050723723,0.0,0.21793619791666666
296,val,2048,5.13631625930011e-05,1.5339704326220922,0.6039942183664867,0.7996022062642234,0.70665050723723,0.0,0.21793619791666666
297,train,overall,5.046497434935069e-05,1.5454795120008322,0.6040139783658254,0.8010882323632861,0.6986363158632287,0.0,0.19396107763452916
297,train,2048,5.046497434935069e-05,1.5454795120008322,0.6040139783658254,0.8010882323632861,0.6986363158632287,0.0,0.19396107763452916
297,val,overall,5.046497434935069e-05,1.5384761967829295,0.6027260433350291,0.7993580656392234,0.7054520866700581,0.0,0.21954926990327378
297,val,2048,5.046497434935069e-05,1.5384761967829295,0.6027260433350291,0.7993580656392234,0.7054520866700581,0.0,0.21954926990327378
298,train,overall,4.957327723515897e-05,1.5456270417824989,0.6039233290561111,0.80129624455499,0.6987541165587079,0.0,0.19390546174327353
298,train,2048,4.957327723515897e-05,1.5456270417824989,0.6039233290561111,0.80129624455499,0.6987541165587079,0.0,0.19390546174327353
298,val,overall,4.957327723515897e-05,1.53572935291699,0.6030176558664867,0.8010903011475291,0.7075330944997924,0.0,0.21872577969990079
298,val,2048,4.957327723515897e-05,1.53572935291699,0.6030176558664867,0.8010903011475291,0.7075330944997924,0.0,0.21872577969990079
299,train,overall,4.868812911137383e-05,1.5440370207944794,0.6032695136797268,0.801940425361753,0.6985426010572322,0.0,0.19287065582959642
299,train,2048,4.868812911137383e-05,1.5440370207944794,0.6032695136797268,0.801940425361753,0.6985426010572322,0.0,0.19287065582959642
299,val,overall,4.868812911137383e-05,1.535344939146723,0.603271484375,0.8014691067593438,0.7081192263535091,0.0,0.21674649677579366
299,val,2048,4.868812911137383e-05,1.535344939146723,0.603271484375,0.8014691067593438,0.7081192263535091,0.0,0.21674649677579366
300,train,overall,4.780958741398859e-05,1.543577795606023,0.6040060958520179,0.8018392658554385,0.6984615857825686,0.0,0.19386867642937222
300,train,2048,4.780958741398859e-05,1.543577795606023,0.6040060958520179,0.8018392658554385,0.6984615857825686,0.0,0.19386867642937222
300,val,overall,4.780958741398859e-05,1.5372370460203715,0.6019781199949128,0.7997794981513705,0.706265889108181,0.0,0.22052098834325395
300,val,2048,4.780958741398859e-05,1.5372370460203715,0.6019781199949128,0.7997794981513705,0.706265889108181,0.0,0.22052098834325395
301,train,overall,4.693770915031489e-05,1.5418522662646033,0.6042281215500939,0.8021909158860622,0.6993072099749817,0.0,0.19317544843049328
301,train,2048,4.693770915031489e-05,1.5418522662646033,0.6042281215500939,0.8021909158860622,0.6993072099749817,0.0,0.19317544843049328
301,val,overall,4.693770915031489e-05,1.5316584088972636,0.6036173499056271,0.8014942961079734,0.7082151387419019,0.0,0.21657211061507936
301,val,2048,4.693770915031489e-05,1.5316584088972636,0.6036173499056271,0.8014942961079734,0.7082151387419019,0.0,0.21657211061507936
302,train,overall,4.607255089528393e-05,1.5434999091742818,0.604659035334138,0.8019991068027479,0.6992213776827928,0.0,0.1930488894338565
302,train,2048,4.607255089528393e-05,1.5434999091742818,0.604659035334138,0.8019991068027479,0.6992213776827928,0.0,0.1930488894338565
302,val,overall,4.607255089528393e-05,1.535249603646142,0.6020759705986295,0.8016560875943729,0.7078847736120224,0.0,0.2171378968253968
302,val,2048,4.607255089528393e-05,1.535249603646142,0.6020759705986295,0.8016560875943729,0.7078847736120224,0.0,0.2171378968253968
303,train,overall,4.5214168787775014e-05,1.5428786972713042,0.6051455647956095,0.8017608779962822,0.6993212234813536,0.0,0.19275767236547084
303,train,2048,4.5214168787775014e-05,1.5428786972713042,0.6051455647956095,0.8017608779962822,0.6993212234813536,0.0,0.19275767236547084
303,val,overall,4.5214168787775014e-05,1.5424267777374812,0.60154796817473,0.7982352120535714,0.7054346480539867,0.0,0.22120303199404764
303,val,2048,4.5214168787775014e-05,1.5424267777374812,0.60154796817473,0.7982352120535714,0.7054346480539867,0.0,0.22120303199404764
304,train,overall,4.4362618526972993e-05,1.5413740418951607,0.6048490926289237,0.8020630430747575,0.6998243938647044,0.0,0.1926622057174888
304,train,2048,4.4362618526972993e-05,1.5413740418951607,0.6048490926289237,0.8020630430747575,0.6998243938647044,0.0,0.1926622057174888
304,val,overall,4.4362618526972993e-05,1.541418737598828,0.6023394869906562,0.7985801090087209,0.7048475476247924,0.0,0.2189457000248016
304,val,2048,4.4362618526972993e-05,1.541418737598828,0.6023394869906562,0.7985801090087209,0.7048475476247924,0.0,0.2189457000248016
305,train,overall,4.3517955368753906e-05,1.541552902337147,0.6048591647447492,0.8017113930441339,0.6994293898744968,0.0,0.19262016535874438
305,train,2048,4.3517955368753906e-05,1.541552902337147,0.6048591647447492,0.8017113930441339,0.6994293898744968,0.0,0.19262016535874438
305,val,overall,4.3517955368753906e-05,1.5327405759266444,0.6027173240269933,0.8017364985176495,0.7077694843922343,0.0,0.2176794627356151
305,val,2048,4.3517955368753906e-05,1.5327405759266444,0.6027173240269933,0.8017364985176495,0.7077694843922343,0.0,0.2176794627356151
306,train,overall,4.268023412209973e-05,1.5414215812768637,0.6047168406135833,0.8028000630605381,0.699656232590098,0.0,0.19245331768497756
306,train,2048,4.268023412209973e-05,1.5414215812768637,0.6047168406135833,0.8028000630605381,0.699656232590098,0.0,0.19245331768497756
306,val,overall,4.268023412209973e-05,1.5402950112308775,0.6022707021662167,0.8003026566335133,0.7060440310410091,0.0,0.21920631045386907
306,val,2048,4.268023412209973e-05,1.5402950112308775,0.6022707021662167,0.8003026566335133,0.7060440310410091,0.0,0.21920631045386907
307,train,overall,4.1849509145541624e-05,1.5424931215063873,0.6040411294843049,0.8021961709843622,0.6991456172391438,0.0,0.19298144969170403
307,train,2048,4.1849509145541624e-05,1.5424931215063873,0.6040411294843049,0.8021961709843622,0.6991456172391438,0.0,0.19298144969170403
307,val,overall,4.1849509145541624e-05,1.5406903730971473,0.60173107364348,0.7991914291466985,0.7062126036201205,0.0,0.2186608692956349
307,val,2048,4.1849509145541624e-05,1.5406903730971473,0.60173107364348,0.7991914291466985,0.7062126036201205,0.0,0.2186608692956349
308,train,overall,4.1025834343632846e-05,1.539668796308372,0.6053483218890134,0.8029340668644072,0.6996925799301387,0.0,0.19210210552130044
308,train,2048,4.1025834343632846e-05,1.539668796308372,0.6053483218890134,0.8029340668644072,0.6996925799301387,0.0,0.19210210552130044
308,val,overall,4.1025834343632846e-05,1.5370191229241235,0.6026243184294019,0.7994462272950581,0.7071542888879776,0.0,0.2182849702380952
308,val,2048,4.1025834343632846e-05,1.5370191229241235,0.6026243184294019,0.7994462272950581,0.7071542888879776,0.0,0.2182849702380952
309,train,overall,4.0209263163450945e-05,1.540087158904482,0.6044685399585775,0.803350966874794,0.6999229259555115,0.0,0.19221377522421526
309,train,2048,4.0209263163450945e-05,1.540087158904482,0.6044685399585775,0.803350966874794,0.6999229259555115,0.0,0.19221377522421526
309,val,overall,4.0209263163450945e-05,1.5375495169843947,0.6018705825720515,0.8005002949919019,0.7073654904961586,0.0,0.2188991970486111
309,val,2048,4.0209263163450945e-05,1.5375495169843947,0.6018705825720515,0.8005002949919019,0.7073654904961586,0.0,0.2188991970486111
310,train,overall,3.939984859112959e-05,1.540176653541257,0.605678951793722,0.8028907126375378,0.7006244744955157,0.0,0.1925680528307175
310,train,2048,3.939984859112959e-05,1.540176653541257,0.605678951793722,0.8028907126375378,0.7006244744955157,0.0,0.1925680528307175
310,val,overall,3.939984859112959e-05,1.5399589900459563,0.6027744838169643,0.7980676080499377,0.7054278658969062,0.0,0.21947467137896823
310,val,2048,3.939984859112959e-05,1.5399589900459563,0.6027744838169643,0.7980676080499377,0.7054278658969062,0.0,0.21947467137896823
311,train,overall,3.859764314842037e-05,1.539050943648334,0.6046800554600532,0.8034797155803629,0.6998169494316717,0.0,0.19274760019618836
311,train,2048,3.859764314842037e-05,1.539050943648334,0.6046800554600532,0.8034797155803629,0.6998169494316717,0.0,0.19274760019618836
311,val,overall,3.859764314842037e-05,1.5428964006049293,0.6009550552283015,0.7992350256868771,0.7056981644460133,0.0,0.22038826109871032
311,val,2048,3.859764314842037e-05,1.5428964006049293,0.6009550552283015,0.7992350256868771,0.7056981644460133,0.0,0.22038826109871032
312,train,overall,3.7802698889284995e-05,1.5377767732859726,0.6061181859050631,0.8035217558321931,0.7006989209641256,0.0,0.1920097043161435
312,train,2048,3.7802698889284995e-05,1.5377767732859726,0.6061181859050631,0.8035217558321931,0.7006989209641256,0.0,0.1920097043161435
312,val,overall,3.7802698889284995e-05,1.5379122644662857,0.6031571647950581,0.8017006527100291,0.7083003936069352,0.0,0.21592881944444445
312,val,2048,3.7802698889284995e-05,1.5379122644662857,0.6031571647950581,0.8017006527100291,0.7083003936069352,0.0,0.21592881944444445
313,train,overall,3.701506739651715e-05,1.5374590976355855,0.6058453615470852,0.8041475441958338,0.7010672121839139,0.0,0.19190110005605382
313,train,2048,3.701506739651715e-05,1.5374590976355855,0.6058453615470852,0.8041475441958338,0.7010672121839139,0.0,0.19190110005605382
313,val,overall,3.701506739651715e-05,1.5367521068879537,0.6024441186870847,0.8009808255093438,0.7070409378835133,0.0,0.2184787326388889
313,val,2048,3.701506739651715e-05,1.5367521068879537,0.6024441186870847,0.8009808255093438,0.7070409378835133,0.0,0.2184787326388889
314,train,overall,3.623479977839571e-05,1.5385343493902095,0.6049182839992335,0.8032651345826051,0.6999456978699552,0.0,0.19228515624999998
314,train,2048,3.623479977839571e-05,1.5385343493902095,0.6049182839992335,0.8032651345826051,0.6999456978699552,0.0,0.19228515624999998
314,val,overall,3.623479977839571e-05,1.538445151277951,0.6017339793699128,0.7994326640452657,0.7062203543526786,0.0,0.21922181144593253
314,val,2048,3.623479977839571e-05,1.538445151277951,0.6017339793699128,0.7994326640452657,0.7062203543526786,0.0,0.21922181144593253
315,train,overall,3.546194666536823e-05,1.5368353390372922,0.6061370166962456,0.80457626837786,0.7013426639573991,0.0,0.1914574866872197
315,train,2048,3.546194666536823e-05,1.5368353390372922,0.6061370166962456,0.80457626837786,0.7013426639573991,0.0,0.1914574866872197
315,val,overall,3.546194666536823e-05,1.5432769315583366,0.6014559311526162,0.7996806800365448,0.7063540507640157,0.0,0.21936616443452378
315,val,2048,3.546194666536823e-05,1.5432769315583366,0.6014559311526162,0.7996806800365448,0.7063540507640157,0.0,0.21936616443452378
316,train,overall,3.469655820676565e-05,1.538063384492301,0.605433716367713,0.8034442441345865,0.7007195032765513,0.0,0.19256192194506727
316,train,2048,3.469655820676565e-05,1.538063384492301,0.605433716367713,0.8034442441345865,0.7007195032765513,0.0,0.19256192194506727
316,val,overall,3.469655820676565e-05,1.5340264567307063,0.6035146564245224,0.8013751315219062,0.7073761469551495,0.0,0.2173713805183532
316,val,2048,3.469655820676565e-05,1.5340264567307063,0.6035146564245224,0.8013751315219062,0.7073761469551495,0.0,0.2173713805183532
317,train,overall,3.393868406754823e-05,1.5370911814172172,0.606179056948076,0.8034604469756909,0.70109217343309,0.0,0.19235828895739912
317,train,2048,3.393868406754823e-05,1.5370911814172172,0.606179056948076,0.8034604469756909,0.70109217343309,0.0,0.19235828895739912
317,val,overall,3.393868406754823e-05,1.5399580683026994,0.6027134486607143,0.7984338189874377,0.7054549934608596,0.0,0.21826462518601192
317,val,2048,3.393868406754823e-05,1.5399580683026994,0.6027134486607143,0.7984338189874377,0.7054549934608596,0.0,0.21826462518601192
318,train,overall,3.318837342508284e-05,1.5367612779942328,0.6062482483183856,0.8046472112694129,0.7014683471666858,0.0,0.1921945067264574
318,train,2048,3.318837342508284e-05,1.5367612779942328,0.6062482483183856,0.8046472112694129,0.7014683471666858,0.0,0.1921945067264574
318,val,overall,3.318837342508284e-05,1.5356578528881073,0.6033393016883305,0.8006630550537791,0.7077898297991071,0.0,0.2180912078373016
318,val,2048,3.318837342508284e-05,1.5356578528881073,0.6033393016883305,0.8006630550537791,0.7077898297991071,0.0,0.2180912078373016
319,train,overall,3.244567496595178e-05,1.5361426603633728,0.6064488158097716,0.8039903306640317,0.7016527115496819,0.0,0.19240164307735427
319,train,2048,3.244567496595178e-05,1.5361426603633728,0.6064488158097716,0.8039903306640317,0.7016527115496819,0.0,0.19240164307735427
319,val,overall,3.244567496595178e-05,1.5310396211487907,0.6050947883299419,0.80253673770598,0.7089359345180648,0.0,0.21709720672123017
319,val,2048,3.244567496595178e-05,1.5310396211487907,0.6050947883299419,0.80253673770598,0.7089359345180648,0.0,0.21709720672123017
320,train,overall,3.171063688279375e-05,1.5364304994788405,0.6053956172391438,0.8042434488711335,0.7008885404454218,0.0,0.19201890064461885
320,train,2048,3.171063688279375e-05,1.5364304994788405,0.6053956172391438,0.8042434488711335,0.7008885404454218,0.0,0.19201890064461885
320,val,overall,3.171063688279375e-05,1.541713806135314,0.6026659767542567,0.7975793267999377,0.7055305604423795,0.0,0.21833437965029764
320,val,2048,3.171063688279375e-05,1.541713806135314,0.6026659767542567,0.7975793267999377,0.7055305604423795,0.0,0.21833437965029764
321,train,overall,3.098330687117661e-05,1.5354571085874276,0.6064768428225153,0.8042552725082021,0.7014836743808114,0.0,0.1924449971973094
321,train,2048,3.098330687117661e-05,1.5354571085874276,0.6064768428225153,0.8042552725082021,0.7014836743808114,0.0,0.1924449971973094
321,val,overall,3.098330687117661e-05,1.5352658310106821,0.6028316436069352,0.8003317213484219,0.7066069106970515,0.0,0.21795460534474206
321,val,2048,3.098330687117661e-05,1.5352658310106821,0.6028316436069352,0.8003317213484219,0.7066069106970515,0.0,0.21795460534474206
322,train,overall,3.0263732126502453e-05,1.5353133250779636,0.6062202215729273,0.8040074096666858,0.7016054161995515,0.0,0.19172505605381168
322,train,2048,3.0263732126502453e-05,1.5353133250779636,0.6062202215729273,0.8040074096666858,0.7016054161995515,0.0,0.19172505605381168
322,val,overall,3.0263732126502453e-05,1.5313054387058531,0.6042277014681271,0.8006058952638081,0.7078305195484843,0.0,0.21922471788194445
322,val,2048,3.0263732126502453e-05,1.5313054387058531,0.6042277014681271,0.8006058952638081,0.7078305195484843,0.0,0.21922471788194445
323,train,overall,2.9551959340945366e-05,1.5336690349963749,0.6071836464608197,0.8056110742380801,0.7018392658019814,0.0,0.19144610075672644
323,train,2048,2.9551959340945366e-05,1.5336690349963749,0.6071836464608197,0.8056110742380801,0.7018392658019814,0.0,0.19144610075672644
323,val,overall,2.9551959340945366e-05,1.5341179094144277,0.6036764479109219,0.8008045011333057,0.7076115682721138,0.0,0.21736266121031747
323,val,2048,2.9551959340945366e-05,1.5341179094144277,0.6036764479109219,0.8008045011333057,0.7076115682721138,0.0,0.21736266121031747
324,train,overall,2.884803470042136e-05,1.5354294632582386,0.606202266676009,0.804426499546376,0.702214563641313,0.0,0.1914482903587444
324,train,2048,2.884803470042136e-05,1.5354294632582386,0.606202266676009,0.804426499546376,0.702214563641313,0.0,0.1914482903587444
324,val,overall,2.884803470042136e-05,1.5338696326528276,0.6036212252719062,0.8011164590716362,0.7073722715888705,0.0,0.2175544859871032
324,val,2048,2.884803470042136e-05,1.5338696326528276,0.6036212252719062,0.8011164590716362,0.7073722715888705,0.0,0.2175544859871032
325,train,overall,2.8152003881591582e-05,1.53344933708687,0.6067058751401345,0.8045486791786057,0.7021747127242153,0.0,0.19175614840246638
325,train,2048,2.8152003881591582e-05,1.53344933708687,0.6067058751401345,0.8045486791786057,0.7021747127242153,0.0,0.19175614840246638
325,val,overall,2.8152003881591582e-05,1.5303434048380171,0.6041240394115448,0.8023681640625,0.7086104133299419,0.0,0.2161535838293651
325,val,2048,2.8152003881591582e-05,1.5303434048380171,0.6041240394115448,0.8023681640625,0.7086104133299419,0.0,0.2161535838293651
326,train,overall,2.746391204889837e-05,1.5331993530683987,0.606828492853139,0.8049690827660496,0.7018265660033632,0.0,0.19191292390695067
326,train,2048,2.746391204889837e-05,1.5331993530683987,0.606828492853139,0.8049690827660496,0.7018265660033632,0.0,0.19191292390695067
326,val,overall,2.746391204889837e-05,1.5331619956663676,0.6042286711079734,0.8024805464914867,0.7079351512449128,0.0,0.2171882750496032
326,val,2048,2.746391204889837e-05,1.5331619956663676,0.6042286711079734,0.8024805464914867,0.7079351512449128,0.0,0.2171882750496032
327,train,overall,2.678380385163476e-05,1.5335515309876926,0.6073040745718062,0.8050759354514392,0.702241714492507,0.0,0.19099898402466367
327,train,2048,2.678380385163476e-05,1.5335515309876926,0.6073040745718062,0.8050759354514392,0.702241714492507,0.0,0.19099898402466367
327,val,overall,2.678380385163476e-05,1.5398486065013068,0.6031416633299419,0.7990373883928571,0.7062164789863995,0.0,0.21967521546378968
327,val,2048,2.678380385163476e-05,1.5398486065013068,0.6031416633299419,0.7990373883928571,0.7062164789863995,0.0,0.21967521546378968
328,train,overall,2.6111723421046982e-05,1.5335799792422307,0.606816668948785,0.8056005640414798,0.7025613963871259,0.0,0.1908833730381166
328,train,2048,2.6111723421046982e-05,1.5335799792422307,0.606816668948785,0.8056005640414798,0.7025613963871259,0.0,0.1908833730381166
328,val,overall,2.6111723421046982e-05,1.5326058779444014,0.6044272769774709,0.80291748046875,0.7089475606169019,0.0,0.21769205729166666
328,val,2048,2.6111723421046982e-05,1.5326058779444014,0.6044272769774709,0.80291748046875,0.7089475606169019,0.0,0.21769205729166666
329,train,overall,2.54477143674711e-05,1.5328202413336578,0.6068884880018875,0.8052366522930128,0.7027352508408071,0.0,0.19096876751681613
329,train,2048,2.54477143674711e-05,1.5328202413336578,0.6068884880018875,0.8052366522930128,0.7027352508408071,0.0,0.19096876751681613
329,val,overall,2.54477143674711e-05,1.5430394006626946,0.6012815449919019,0.7985568578754153,0.7058086097240448,0.0,0.21953570653521823
329,val,2048,2.54477143674711e-05,1.5430394006626946,0.6012815449919019,0.7985568578754153,0.7058086097240448,0.0,0.21953570653521823
330,train,overall,2.4791819777502998e-05,1.5325296652156677,0.6068114141177704,0.8054262717743091,0.7028723198736729,0.0,0.1909074586603139
330,train,2048,2.4791819777502998e-05,1.5325296652156677,0.6068114141177704,0.8054262717743091,0.7028723198736729,0.0,0.1909074586603139
330,val,overall,2.4791819777502998e-05,1.536683318870408,0.6034410265939576,0.7995566715087209,0.7068462073802948,0.0,0.21798560732886907
330,val,2048,2.4791819777502998e-05,1.536683318870408,0.6034410265939576,0.7995566715087209,0.7068462073802948,0.0,0.21798560732886907
331,train,overall,2.4144082211202704e-05,1.5318964297461404,0.6071420440224788,0.8058142691449734,0.7030781424633591,0.0,0.19148201022982064
331,train,2048,2.4144082211202704e-05,1.5318964297461404,0.6071420440224788,0.8058142691449734,0.7030781424633591,0.0,0.19148201022982064
331,val,overall,2.4144082211202704e-05,1.5326401144266129,0.60411144473723,0.8020029217004776,0.7083401147808347,0.0,0.2162872798859127
331,val,2048,2.4144082211202704e-05,1.5326401144266129,0.60411144473723,0.8020029217004776,0.7083401147808347,0.0,0.2162872798859127
332,train,overall,2.3504543699332627e-05,1.5337937899234584,0.6065469100870894,0.8051770949577537,0.7020586638172646,0.0,0.1918770144338565
332,train,2048,2.3504543699332627e-05,1.5337937899234584,0.6065469100870894,0.8051770949577537,0.7020586638172646,0.0,0.1918770144338565
332,val,overall,2.3504543699332627e-05,1.5358729383775167,0.60282970645598,0.8009091328297343,0.707318018589701,0.0,0.21681915767609125
332,val,2048,2.3504543699332627e-05,1.5358729383775167,0.60282970645598,0.8009091328297343,0.707318018589701,0.0,0.21681915767609125
333,train,overall,2.28732457406303e-05,1.531123786229189,0.6079916096054385,0.8065539168135467,0.7031381376121076,0.0,0.19073535594170404
333,train,2048,2.28732457406303e-05,1.531123786229189,0.6079916096054385,0.8065539168135467,0.7031381376121076,0.0,0.19073535594170404
333,val,overall,2.28732457406303e-05,1.5358297037226813,0.6039138063788414,0.7996177066649709,0.7059500558035714,0.0,0.21881491040426587
333,val,2048,2.28732457406303e-05,1.5358297037226813,0.6039138063788414,0.7996177066649709,0.7059500558035714,0.0,0.21881491040426587
334,train,overall,2.2250229299115623e-05,1.5328573758292092,0.607116206611753,0.8054871428173219,0.7021961709309051,0.0,0.19151310257847534
334,train,2048,2.2250229299115623e-05,1.5328573758292092,0.607116206611753,0.8054871428173219,0.7021961709309051,0.0,0.19151310257847534
334,val,overall,2.2250229299115623e-05,1.527328440121242,0.6062728645546096,0.8037487215229443,0.7094794384070805,0.0,0.21722218346974206
334,val,2048,2.2250229299115623e-05,1.527328440121242,0.6062728645546096,0.8037487215229443,0.7094794384070805,0.0,0.21722218346974206
335,train,overall,2.1635534801432664e-05,1.5287839243764834,0.6084269023262332,0.8067715633075868,0.7039487284395193,0.0,0.19140843960201795
335,train,2048,2.1635534801432664e-05,1.5287839243764834,0.6084269023262332,0.8067715633075868,0.7039487284395193,0.0,0.19140843960201795
335,val,overall,2.1635534801432664e-05,1.5338543355464935,0.6038363022463662,0.8019137914691653,0.7084321518029485,0.0,0.21741885230654764
335,val,2048,2.1635534801432664e-05,1.5338543355464935,0.6038363022463662,0.8019137914691653,0.7084321518029485,0.0,0.21741885230654764
336,train,overall,2.1029202134226442e-05,1.5297619034891172,0.6079999299327354,0.8072357589353895,0.7043485497145375,0.0,0.19091358954596413
336,train,2048,2.1029202134226442e-05,1.5297619034891172,0.6079999299327354,0.8072357589353895,0.7043485497145375,0.0,0.19091358954596413
336,val,overall,2.1029202134226442e-05,1.5335739808423179,0.6035747230052948,0.8003142827323505,0.7074323381696429,0.0,0.2196258060515873
336,val,2048,2.1029202134226442e-05,1.5335739808423179,0.6035747230052948,0.8003142827323505,0.7074323381696429,0.0,0.2196258060515873
337,train,overall,2.043127064155484e-05,1.5305763782407136,0.6074477124107258,0.8065582960175827,0.702718609918928,0.0,0.1905409192825112
337,train,2048,2.043127064155484e-05,1.5305763782407136,0.6074477124107258,0.8065582960175827,0.702718609918928,0.0,0.1905409192825112
337,val,overall,2.043127064155484e-05,1.5332401820591517,0.6044640924249377,0.8013809451035091,0.7077442961079734,0.0,0.21825396825396823
337,val,2048,2.043127064155484e-05,1.5332401820591517,0.6044640924249377,0.8013809451035091,0.7077442961079734,0.0,0.21825396825396823
338,train,overall,1.984177912233557e-05,1.5307753882600588,0.607599232763453,0.806229855714892,0.7031403272141256,0.0,0.191043213985426
338,train,2048,1.984177912233557e-05,1.5307753882600588,0.607599232763453,0.806229855714892,0.7031403272141256,0.0,0.191043213985426
338,val,overall,1.984177912233557e-05,1.5345791003533773,0.6037491091660091,0.80033947208098,0.7085164391568729,0.0,0.21800982762896823
338,val,2048,1.984177912233557e-05,1.5345791003533773,0.6037491091660091,0.80033947208098,0.7085164391568729,0.0,0.21800982762896823
339,train,overall,1.926076582782854e-05,1.5304280765388043,0.6078225721692825,0.8064619535287934,0.7031806159447127,0.0,0.19078965807174886
339,train,2048,1.926076582782854e-05,1.5304280765388043,0.6078225721692825,0.8064619535287934,0.7031806159447127,0.0,0.19078965807174886
339,val,overall,1.926076582782854e-05,1.5311312100717,0.6044253398265157,0.8027072485004153,0.7092556421245847,0.0,0.21689278738839285
339,val,2048,1.926076582782854e-05,1.5311312100717,0.6044253398265157,0.8027072485004153,0.7092556421245847,0.0,0.21689278738839285
340,train,overall,1.8688268459153756e-05,1.5302043575877031,0.6070842384757482,0.8063708661383043,0.7032147736827354,0.0,0.19120612037556056
340,train,2048,1.8688268459153756e-05,1.5302043575877031,0.6070842384757482,0.8063708661383043,0.7032147736827354,0.0,0.19120612037556056
340,val,overall,1.8688268459153756e-05,1.5335103592702322,0.6045977877719062,0.8006591796875,0.7063869897808347,0.0,0.21809895833333334
340,val,2048,1.8688268459153756e-05,1.5335103592702322,0.6045977877719062,0.8006591796875,0.7063869897808347,0.0,0.21809895833333334
341,train,overall,1.8124324164845165e-05,1.5297940916010082,0.6085464545429555,0.8061869395687976,0.7035462794817082,0.0,0.19114612528026906
341,train,2048,1.8124324164845165e-05,1.5297940916010082,0.6085464545429555,0.8061869395687976,0.7035462794817082,0.0,0.19114612528026906
341,val,overall,1.8124324164845165e-05,1.5319639699799674,0.6040872239640781,0.8023662269115448,0.7085551917552948,0.0,0.21570308624751983
341,val,2048,1.8124324164845165e-05,1.5319639699799674,0.6040872239640781,0.8023662269115448,0.7085551917552948,0.0,0.21570308624751983
342,train,overall,1.756896953843971e-05,1.5289139988176492,0.6078287031618469,0.807262910053869,0.7037091859252999,0.0,0.19083257427130046
342,train,2048,1.756896953843971e-05,1.5289139988176492,0.6078287031618469,0.807262910053869,0.7037091859252999,0.0,0.19083257427130046
342,val,overall,1.756896953843971e-05,1.5332618483475275,0.6048661491700581,0.8005603605083057,0.7081705725618771,0.0,0.21692282056051587
342,val,2048,1.756896953843971e-05,1.5332618483475275,0.6048661491700581,0.8005603605083057,0.7081705725618771,0.0,0.21692282056051587
343,train,overall,1.702224061610332e-05,1.5279980855137778,0.6080445978673584,0.807300133288174,0.7042797961577172,0.0,0.19061930703475338
343,train,2048,1.702224061610332e-05,1.5279980855137778,0.6080445978673584,0.807300133288174,0.7042797961577172,0.0,0.19061930703475338
343,val,overall,1.702224061610332e-05,1.5302478415625436,0.6036425392542567,0.8033030682376453,0.7096867635846138,0.0,0.21623787047371032
343,val,2048,1.702224061610332e-05,1.5302478415625436,0.6036425392542567,0.8033030682376453,0.7096867635846138,0.0,0.21623787047371032
344,train,overall,1.6484172874292284e-05,1.52820379263617,0.6088718296166493,0.8069458555747575,0.7037021790384712,0.0,0.19094818525784754
344,train,2048,1.6484172874292284e-05,1.52820379263617,0.6088718296166493,0.8069458555747575,0.7037021790384712,0.0,0.19094818525784754
344,val,overall,1.6484172874292284e-05,1.532891292657171,0.6041424466030938,0.8020455496651786,0.7095017209649086,0.0,0.2160499209449405
344,val,2048,1.6484172874292284e-05,1.532891292657171,0.6041424466030938,0.8020455496651786,0.7095017209649086,0.0,0.2160499209449405
345,train,overall,1.5954801227451268e-05,1.5274895135597264,0.6088981048408645,0.8076855032433309,0.7045162731756544,0.0,0.19084045683856504
345,train,2048,1.5954801227451268e-05,1.5274895135597264,0.6088981048408645,0.8076855032433309,0.7045162731756544,0.0,0.19084045683856504
345,val,overall,1.5954801227451268e-05,1.527500486799649,0.6055869449462209,0.8031722786171096,0.7092604860663414,0.0,0.21616714719742064
345,val,2048,1.5954801227451268e-05,1.527500486799649,0.6055869449462209,0.8031722786171096,0.7092604860663414,0.0,0.21616714719742064
346,train,overall,1.5434160025747876e-05,1.5274198445504021,0.6085341928251121,0.8074691704570445,0.7044024138707217,0.0,0.19109882987668161
346,train,2048,1.5434160025747876e-05,1.5274198445504021,0.6085341928251121,0.8074691704570445,0.7044024138707217,0.0,0.19109882987668161
346,val,overall,1.5434160025747876e-05,1.5291847267321177,0.6057962083390781,0.8022209044013705,0.708819676722799,0.0,0.21580190507192462
346,val,2048,1.5434160025747876e-05,1.5291847267321177,0.6057962083390781,0.8022209044013705,0.708819676722799,0.0,0.21580190507192462
347,train,overall,1.4922283052843463e-05,1.5273881792487585,0.6082911470011211,0.8079097182761393,0.7039303357291115,0.0,0.19039377802690585
347,train,2048,1.4922283052843463e-05,1.5273881792487585,0.6082911470011211,0.8079097182761393,0.7039303357291115,0.0,0.19039377802690585
347,val,overall,1.4922283052843463e-05,1.5293912589550018,0.6051984514508929,0.8025154237236295,0.7094048400010381,0.0,0.21554516989087302
347,val,2048,1.4922283052843463e-05,1.5293912589550018,0.6051984514508929,0.8025154237236295,0.7094048400010381,0.0,0.21554516989087302
348,train,overall,1.441920352370133e-05,1.5263788363324153,0.6087877488457034,0.8077722114297842,0.7047461813875378,0.0,0.18983499159192824
348,train,2048,1.441920352370133e-05,1.5263788363324153,0.6087877488457034,0.8077722114297842,0.7047461813875378,0.0,0.18983499159192824
348,val,overall,1.441920352370133e-05,1.527536811573165,0.6056751066020557,0.8039986746651786,0.7102254235318729,0.0,0.21454826233878968
348,val,2048,1.441920352370133e-05,1.527536811573165,0.6056751066020557,0.8039986746651786,0.7102254235318729,0.0,0.21454826233878968
349,train,overall,1.3924954082431155e-05,1.5274756788672887,0.6087671665332777,0.8073846518726092,0.7041125105100897,0.0,0.19033728629484306
349,train,2048,1.3924954082431155e-05,1.5274756788672887,0.6087671665332777,0.8073846518726092,0.7041125105100897,0.0,0.19033728629484306
349,val,overall,1.3924954082431155e-05,1.5301452172654015,0.6049581861921719,0.8025648327810424,0.7090076261333057,0.0,0.21595207093253968
349,val,2048,1.3924954082431155e-05,1.5301452172654015,0.6049581861921719,0.8025648327810424,0.7090076261333057,0.0,0.21595207093253968
350,train,overall,1.3439566800170947e-05,1.5266809554378014,0.6086279078983939,0.80726685117713,0.703982886177542,0.0,0.18946845221412556
350,train,2048,1.3439566800170947e-05,1.5266809554378014,0.6086279078983939,0.80726685117713,0.703982886177542,0.0,0.18946845221412556
350,val,overall,1.3439566800170947e-05,1.5325610233204705,0.6045154386333057,0.8014739507011005,0.708355616245951,0.0,0.2169421968005952
350,val,2048,1.3439566800170947e-05,1.5325610233204705,0.6045154386333057,0.8014739507011005,0.708355616245951,0.0,0.2169421968005952
351,train,overall,1.2963073173005777e-05,1.527519477857068,0.6081295545325686,0.8073299118221609,0.7038646476685734,0.0,0.19050457188901346
351,train,2048,1.2963073173005777e-05,1.527519477857068,0.6081295545325686,0.8073299118221609,0.7038646476685734,0.0,0.19050457188901346
351,val,overall,1.2963073173005777e-05,1.5302128600222724,0.6047004823173795,0.8032119997910091,0.70941162109375,0.0,0.21731712704613093
351,val,2048,1.2963073173005777e-05,1.5302128600222724,0.6047004823173795,0.8032119997910091,0.70941162109375,0.0,0.21731712704613093
352,train,overall,1.249550411992436e-05,1.527203385070835,0.6081334956558296,0.8070916830156951,0.7044313165104442,0.0,0.1909670158352018
352,train,2048,1.249550411992436e-05,1.527203385070835,0.6081334956558296,0.8070916830156951,0.7044313165104442,0.0,0.1909670158352018
352,val,overall,1.249550411992436e-05,1.5294008808476585,0.6046849808522633,0.8033989806260381,0.7096547931432724,0.0,0.21587650359623017
352,val,2048,1.249550411992436e-05,1.5294008808476585,0.6046849808522633,0.8033989806260381,0.7096547931432724,0.0,0.21587650359623017
353,train,overall,1.2036889980812436e-05,1.526845550323281,0.6084457328501304,0.8077288572029148,0.7049064601483367,0.0,0.19007540989349775
353,train,2048,1.2036889980812436e-05,1.526845550323281,0.6084457328501304,0.8077288572029148,0.7049064601483367,0.0,0.19007540989349775
353,val,overall,1.2036889980812436e-05,1.5372561727251326,0.6026863221611295,0.8005128896662167,0.7074788415006229,0.0,0.2169421968005952
353,val,2048,1.2036889980812436e-05,1.5372561727251326,0.6026863221611295,0.8005128896662167,0.7074788415006229,0.0,0.2169421968005952
354,train,overall,1.1587260514484265e-05,1.5255810086502624,0.6088775225284389,0.8078440302156012,0.7049266046472729,0.0,0.1904187394899103
354,train,2048,1.1587260514484265e-05,1.5255810086502624,0.6088775225284389,0.8078440302156012,0.7049266046472729,0.0,0.1904187394899103
354,val,overall,1.1587260514484265e-05,1.5347792570080077,0.6035185317908015,0.8015068907822881,0.7078256756067276,0.0,0.2161380828373016
354,val,2048,1.1587260514484265e-05,1.5347792570080077,0.6035185317908015,0.8015068907822881,0.7078256756067276,0.0,0.2161380828373016
355,train,overall,1.1146644896751631e-05,1.5260629905178942,0.6082556755553447,0.8074407056308114,0.704506201059829,0.0,0.19018620375560538
355,train,2048,1.1146644896751631e-05,1.5260629905178942,0.6082556755553447,0.8074407056308114,0.704506201059829,0.0,0.19018620375560538
355,val,overall,1.1146644896751631e-05,1.5287398334060396,0.6050318160227367,0.8037283761160714,0.7105606326035091,0.0,0.21352325923859125
355,val,2048,1.1146644896751631e-05,1.5287398334060396,0.6050318160227367,0.8037283761160714,0.7105606326035091,0.0,0.21352325923859125
356,train,overall,1.0715071718530466e-05,1.5260627344584785,0.6090833451181249,0.8078462198176192,0.7046677935283815,0.0,0.1900381866591928
356,train,2048,1.0715071718530466e-05,1.5260627344584785,0.6090833451181249,0.8078462198176192,0.7046677935283815,0.0,0.1900381866591928
356,val,overall,1.0715071718530466e-05,1.5321831383875437,0.60395740291902,0.8027024045586586,0.7085300024066653,0.0,0.21703714037698413
356,val,2048,1.0715071718530466e-05,1.5321831383875437,0.60395740291902,0.8027024045586586,0.7085300024066653,0.0,0.21703714037698413
357,train,overall,1.0292568983985955e-05,1.5256748883713522,0.6089112424529721,0.8082399103673584,0.7046428322792053,0.0,0.19007322029147983
357,train,2048,1.0292568983985955e-05,1.5256748883713522,0.6089112424529721,0.8082399103673584,0.7046428322792053,0.0,0.19007322029147983
357,val,overall,1.0292568983985955e-05,1.5316002475363868,0.6046055385044643,0.8010757693222591,0.7088167709963662,0.0,0.21612645709325395
357,val,2048,1.0292568983985955e-05,1.5316002475363868,0.6046055385044643,0.8010757693222591,0.7088167709963662,0.0,0.21612645709325395
358,train,overall,9.879164108714937e-06,1.5243719773442221,0.6088801499439462,0.808533317037762,0.7055015940837261,0.0,0.19019758968609865
358,train,2048,9.879164108714937e-06,1.5243719773442221,0.6088801499439462,0.808533317037762,0.7055015940837261,0.0,0.19019758968609865
358,val,overall,9.879164108714937e-06,1.528069602591651,0.6062457369906562,0.8030162996479443,0.7092973015138081,0.0,0.21511017330109125
358,val,2048,9.879164108714937e-06,1.528069602591651,0.6062457369906562,0.8030162996479443,0.7092973015138081,0.0,0.21511017330109125
359,train,overall,9.474883917967415e-06,1.526419618739141,0.6080678075952914,0.8079211043670038,0.7045999158658254,0.0,0.18999833590246637
359,train,2048,9.474883917967415e-06,1.526419618739141,0.6080678075952914,0.8079211043670038,0.7045999158658254,0.0,0.18999833590246637
359,val,overall,9.474883917967415e-06,1.5313007214239664,0.6038043307406562,0.8027149992329734,0.7082006058522633,0.0,0.2160373263888889
359,val,2048,9.474883917967415e-06,1.5313007214239664,0.6038043307406562,0.8027149992329734,0.7082006058522633,0.0,0.2160373263888889
360,train,overall,9.079754644905583e-06,1.5245999300961002,0.6095698745795964,0.8079412485986547,0.7052826338819325,0.0,0.18981966437780268
360,train,2048,9.079754644905583e-06,1.5245999300961002,0.6095698745795964,0.8079412485986547,0.7052826338819325,0.0,0.18981966437780268
360,val,overall,9.079754644905583e-06,1.5315400489739008,0.6042112324919019,0.8020571757640157,0.7092672682234219,0.0,0.21592300657242064
360,val,2048,9.079754644905583e-06,1.5315400489739008,0.6042112324919019,0.8020571757640157,0.7092672682234219,0.0,0.21592300657242064
361,train,overall,8.693801928901767e-06,1.525015911713844,0.6093478488815205,0.8080533563823443,0.7054288994036448,0.0,0.18924686448991032
361,train,2048,8.693801928901767e-06,1.525015911713844,0.6093478488815205,0.8080533563823443,0.7054288994036448,0.0,0.18924686448991032
361,val,overall,8.693801928901767e-06,1.528029773916517,0.6058611188616071,0.8028680714113372,0.7097487673163414,0.0,0.2148204985119048
361,val,2048,8.693801928901767e-06,1.528029773916517,0.6058611188616071,0.8028680714113372,0.7097487673163414,0.0,0.2148204985119048
362,train,overall,8.317050813874547e-06,1.5257318955365853,0.6090010161357076,0.807986792427542,0.7045460517096412,0.0,0.18940626751681616
362,train,2048,8.317050813874547e-06,1.5257318955365853,0.6090010161357076,0.807986792427542,0.7045460517096412,0.0,0.18940626751681616
362,val,overall,8.317050813874547e-06,1.5301138481923513,0.6047915507640157,0.8022102479423795,0.7088526168039867,0.0,0.2167697482638889
362,val,2048,8.317050813874547e-06,1.5301138481923513,0.6047915507640157,0.8022102479423795,0.7088526168039867,0.0,0.2167697482638889
363,train,overall,7.949525746663931e-06,1.5259885333578682,0.608985688921582,0.8084308435564084,0.7045381691958338,0.0,0.18970668091367712
363,train,2048,7.949525746663931e-06,1.5259885333578682,0.608985688921582,0.8084308435564084,0.7045381691958338,0.0,0.18970668091367712
363,val,overall,7.949525746663931e-06,1.5316394908087594,0.6045260961566653,0.8025832399725914,0.7088855558208057,0.0,0.2168365962921627
363,val,2048,7.949525746663931e-06,1.5316394908087594,0.6045260961566653,0.8025832399725914,0.7088855558208057,0.0,0.2168365962921627
364,train,overall,7.591250575444808e-06,1.5254686563004294,0.6090010161357076,0.8080380291682188,0.7048355172567838,0.0,0.19048311378923766
364,train,2048,7.591250575444808e-06,1.5254686563004294,0.6090010161357076,0.8080380291682188,0.7048355172567838,0.0,0.19048311378923766
364,val,overall,7.591250575444808e-06,1.5322966831071037,0.6036890425852367,0.8014642628175872,0.7082529217004776,0.0,0.2176978701636905
364,val,2048,7.591250575444808e-06,1.5322966831071037,0.6036890425852367,0.8014642628175872,0.7082529217004776,0.0,0.2176978701636905
365,train,overall,7.242248548179649e-06,1.5252602073643775,0.6090115260650224,0.8076154359787568,0.7046161189742153,0.0,0.1896970466647982
365,train,2048,7.242248548179649e-06,1.5252602073643775,0.6090115260650224,0.8076154359787568,0.7046161189742153,0.0,0.1896970466647982
365,val,overall,7.242248548179649e-06,1.5283575441156114,0.6057845833046096,0.8043551977191653,0.7105451311383929,0.0,0.21500069754464285
365,val,2048,7.242248548179649e-06,1.5283575441156114,0.6057845833046096,0.8043551977191653,0.7105451311383929,0.0,0.21500069754464285
366,train,overall,6.90254231110985e-06,1.5233766722572224,0.609707381693237,0.808865698730999,0.705342629030681,0.0,0.18984199831838566
366,train,2048,6.90254231110985e-06,1.5233766722572224,0.609707381693237,0.808865698730999,0.705342629030681,0.0,0.18984199831838566
366,val,overall,6.90254231110985e-06,1.5305333861282893,0.6052352668983596,0.8029707648924419,0.7092372349330357,0.0,0.21664574032738093
366,val,2048,6.90254231110985e-06,1.5305333861282893,0.6052352668983596,0.8029707648924419,0.7092372349330357,0.0,0.21664574032738093
367,train,overall,6.572153907286278e-06,1.523936874128778,0.609026853279148,0.8085302515414798,0.7052151940328658,0.0,0.18942860145739912
367,train,2048,6.572153907286278e-06,1.523936874128778,0.609026853279148,0.8085302515414798,0.7052151940328658,0.0,0.18942860145739912
367,val,overall,6.572153907286278e-06,1.5304857066699438,0.6052236407995224,0.8028486945799419,0.7095540368131229,0.0,0.21576412140376983
367,val,2048,6.572153907286278e-06,1.5304857066699438,0.6052236407995224,0.8028486945799419,0.7095540368131229,0.0,0.21576412140376983
368,train,overall,6.251104775139073e-06,1.5241340607271066,0.6090667041962456,0.808680896267228,0.7050746216902284,0.0,0.18954508828475336
368,train,2048,6.251104775139073e-06,1.5241340607271066,0.6090667041962456,0.808680896267228,0.7050746216902284,0.0,0.18954508828475336
368,val,overall,6.251104775139073e-06,1.5302767540727342,0.6050124391913414,0.8032895039234843,0.7096421984689576,0.0,0.2154211619543651
368,val,2048,6.251104775139073e-06,1.5302767540727342,0.6050124391913414,0.8032895039234843,0.7096421984689576,0.0,0.2154211619543651
369,train,overall,5.939415747086255e-06,1.5239672970878704,0.6094989314207582,0.8087899382873501,0.7060358569761028,0.0,0.1898336778307175
369,train,2048,5.939415747086255e-06,1.5239672970878704,0.6094989314207582,0.8087899382873501,0.7060358569761028,0.0,0.1898336778307175
369,val,overall,5.939415747086255e-06,1.5316586196422577,0.6044699049421719,0.8026975606169019,0.7091713558350291,0.0,0.2161487397693452
369,val,2048,5.939415747086255e-06,1.5316586196422577,0.6044699049421719,0.8026975606169019,0.7091713558350291,0.0,0.2161487397693452
370,train,overall,5.637107048182225e-06,1.5233246611907343,0.6094157265440765,0.8086804581864533,0.7050912626121076,0.0,0.18956873598654708
370,train,2048,5.637107048182225e-06,1.5233246611907343,0.6094157265440765,0.8086804581864533,0.7050912626121076,0.0,0.18956873598654708
370,val,overall,5.637107048182225e-06,1.5296241300446647,0.6047489227993148,0.8032265316162791,0.7091296964458057,0.0,0.21589103577628968
370,val,2048,5.637107048182225e-06,1.5296241300446647,0.6047489227993148,0.8032265316162791,0.7091296964458057,0.0,0.21589103577628968
371,train,overall,5.344198294805224e-06,1.5237999881864128,0.6093771896020179,0.8087623493553812,0.705881708940583,0.0,0.1897079946748879
371,train,2048,5.344198294805224e-06,1.5237999881864128,0.6093771896020179,0.8087623493553812,0.705881708940583,0.0,0.1897079946748879
371,val,overall,5.344198294805224e-06,1.5306336964879717,0.6044669981513705,0.8024524503520557,0.7091771683522633,0.0,0.21564398871527776
371,val,2048,5.344198294805224e-06,1.5306336964879717,0.6044669981513705,0.8024524503520557,0.7091771683522633,0.0,0.21564398871527776
372,train,overall,5.0607084933845325e-06,1.523487425705777,0.609830437219731,0.8084098234304933,0.706176867399515,0.0,0.18973645950112106
372,train,2048,5.0607084933845325e-06,1.523487425705777,0.609830437219731,0.8084098234304933,0.706176867399515,0.0,0.18973645950112106
372,val,overall,5.0607084933845325e-06,1.5299520364829473,0.6048361158796719,0.8026636519602367,0.708697606410299,0.0,0.21612548828125
372,val,2048,5.0607084933845325e-06,1.5299520364829473,0.6048361158796719,0.8026636519602367,0.708697606410299,0.0,0.21612548828125
373,train,overall,4.786656039167047e-06,1.5231290777702502,0.6097756971692825,0.8085652851737668,0.7059158666786057,0.0,0.18937167180493275
373,train,2048,4.786656039167047e-06,1.5231290777702502,0.6097756971692825,0.8085652851737668,0.7059158666786057,0.0,0.18937167180493275
373,val,overall,4.786656039167047e-06,1.5304215869733266,0.6048467723386628,0.801907978951931,0.7086104133299419,0.0,0.21524193173363093
373,val,2048,4.786656039167047e-06,1.5304215869733266,0.6048467723386628,0.801907978951931,0.7086104133299419,0.0,0.21524193173363093
374,train,overall,4.522058715023819e-06,1.524157042995162,0.6087382638935551,0.8084724459947492,0.7051022106221974,0.0,0.19027729119955156
374,train,2048,4.522058715023819e-06,1.524157042995162,0.6087382638935551,0.8084724459947492,0.7051022106221974,0.0,0.19027729119955156
374,val,overall,4.522058715023819e-06,1.5292125855173384,0.605389307652201,0.8026326500943729,0.7104656887905938,0.0,0.21521674262152776
374,val,2048,4.522058715023819e-06,1.5292125855173384,0.605389307652201,0.8026326500943729,0.7104656887905938,0.0,0.21521674262152776
375,train,overall,4.26693369029605e-06,1.5240415195713128,0.6095208274409375,0.8082832645942277,0.7054989666682188,0.0,0.18922453054932736
375,train,2048,4.26693369029605e-06,1.5240415195713128,0.6095208274409375,0.8082832645942277,0.7054989666682188,0.0,0.18922453054932736
375,val,overall,4.26693369029605e-06,1.5308461061545782,0.6047014508928571,0.80256580135652,0.7085377531392234,0.0,0.21669902498759921
375,val,2048,4.26693369029605e-06,1.5308461061545782,0.6047014508928571,0.80256580135652,0.7085377531392234,0.0,0.21669902498759921
376,train,overall,4.021297519680982e-06,1.5231111306246086,0.6097608080359318,0.8089335763935551,0.7056062571670977,0.0,0.18917241802130044
376,train,2048,4.021297519680982e-06,1.5231111306246086,0.6097608080359318,0.8089335763935551,0.7056062571670977,0.0,0.18917241802130044
376,val,overall,4.021297519680982e-06,1.5272315868309565,0.6053767129778862,0.8031112434608596,0.7097400480083057,0.0,0.2151033916170635
376,val,2048,4.021297519680982e-06,1.5272315868309565,0.6053767129778862,0.8031112434608596,0.7097400480083057,0.0,0.2151033916170635
377,train,overall,3.7851661421576917e-06,1.5232811818742966,0.609931158912556,0.8093552936887527,0.705772228839686,0.0,0.18913344310538116
377,train,2048,3.7851661421576917e-06,1.5232811818742966,0.609931158912556,0.8093552936887527,0.705772228839686,0.0,0.18913344310538116
377,val,overall,3.7851661421576917e-06,1.5318710718836104,0.6042189821600914,0.8022800024066653,0.7085978186556271,0.0,0.21684919084821427
377,val,2048,3.7851661421576917e-06,1.5318710718836104,0.6042189821600914,0.8022800024066653,0.7085978186556271,0.0,0.21684919084821427
378,train,overall,3.558554879952883e-06,1.5235767359156245,0.6090934172339504,0.8082740681053812,0.7056373494088383,0.0,0.18953063691143496
378,train,2048,3.558554879952883e-06,1.5235767359156245,0.6090934172339504,0.8082740681053812,0.7056373494088383,0.0,0.18953063691143496
378,val,overall,3.558554879952883e-06,1.5296019549880708,0.6050889758127076,0.8029155433177948,0.7094959073833057,0.0,0.21563042534722224
378,val,2048,3.558554879952883e-06,1.5296019549880708,0.6050889758127076,0.8029155433177948,0.7094959073833057,0.0,0.21563042534722224
379,train,overall,3.341478437546654e-06,1.5213546293198794,0.6100331943131349,0.8091612950034206,0.7061028587443946,0.0,0.1893252522421525
379,train,2048,3.341478437546654e-06,1.5213546293198794,0.6100331943131349,0.8091612950034206,0.7061028587443946,0.0,0.1893252522421525
379,val,overall,3.341478437546654e-06,1.5288445970841817,0.6049862812672343,0.8028826032366071,0.7097080775669643,0.0,0.2154056609623016
379,val,2048,3.341478437546654e-06,1.5288445970841817,0.6049862812672343,0.8028826032366071,0.7097080775669643,0.0,0.2154056609623016
380,train,overall,3.133950900718203e-06,1.524321124158098,0.6088547506139952,0.808720309103551,0.7052913922900041,0.0,0.18987309066704036
380,train,2048,3.133950900718203e-06,1.524321124158098,0.6088547506139952,0.808720309103551,0.7052913922900041,0.0,0.18987309066704036
380,val,overall,3.133950900718203e-06,1.5280238134520394,0.6054464674421719,0.8035607721124377,0.7096732003348214,0.0,0.21518089657738093
380,val,2048,3.133950900718203e-06,1.5280238134520394,0.6054464674421719,0.8035607721124377,0.7096732003348214,0.0,0.21518089657738093
381,train,overall,2.9359857356320293e-06,1.5218138357983577,0.6095295858490093,0.8092624545097351,0.705195049801215,0.0,0.18972945277466366
381,train,2048,2.9359857356320293e-06,1.5218138357983577,0.6095295858490093,0.8092624545097351,0.705195049801215,0.0,0.18972945277466366
381,val,overall,2.9359857356320293e-06,1.5296433099678584,0.6050802565046719,0.8030918666294643,0.7093476791466985,0.0,0.21650138733878968
381,val,2048,2.9359857356320293e-06,1.5296433099678584,0.6050802565046719,0.8030918666294643,0.7093476791466985,0.0,0.21650138733878968
382,train,overall,2.747595787963998e-06,1.5225615324995443,0.6100174292855198,0.8090316704035875,0.706042863595646,0.0,0.18936466507847535
382,train,2048,2.747595787963998e-06,1.5225615324995443,0.6100174292855198,0.8090316704035875,0.706042863595646,0.0,0.18936466507847535
382,val,overall,2.747595787963998e-06,1.529867791703769,0.605426122035299,0.8032672213656562,0.7098776197859219,0.0,0.21502104259672622
382,val,2048,2.747595787963998e-06,1.529867791703769,0.605426122035299,0.8032672213656562,0.7098776197859219,0.0,0.21502104259672622
383,train,overall,2.568793282067874e-06,1.522211202591524,0.6099434206303994,0.8094998074219366,0.7063726178733757,0.0,0.18990462093609864
383,train,2048,2.568793282067874e-06,1.522211202591524,0.6099434206303994,0.8094998074219366,0.7063726178733757,0.0,0.18990462093609864
383,val,overall,2.568793282067874e-06,1.5290143660136633,0.6056712323001453,0.8036082440188953,0.7097768634557724,0.0,0.21449497767857142
383,val,2048,2.568793282067874e-06,1.5290143660136633,0.6056712323001453,0.8036082440188953,0.7097768634557724,0.0,0.21449497767857142
384,train,overall,2.399589820181965e-06,1.5221805748918131,0.6098821117738972,0.8088823396528783,0.7061808085227761,0.0,0.18983849495515695
384,train,2048,2.399589820181965e-06,1.5221805748918131,0.6098821117738972,0.8088823396528783,0.7061808085227761,0.0,0.18983849495515695
384,val,overall,2.399589820181965e-06,1.5292005432503564,0.6047305156077657,0.8030802405306271,0.7091103206787791,0.0,0.2159578838045635
384,val,2048,2.399589820181965e-06,1.5292005432503564,0.6047305156077657,0.8030802405306271,0.7091103206787791,0.0,0.2159578838045635
385,train,overall,2.239996381676476e-06,1.5235751910059976,0.6096622759451246,0.8089125560003546,0.7057074166734122,0.0,0.19004387962443947
385,train,2048,2.239996381676476e-06,1.5235751910059976,0.6096622759451246,0.8089125560003546,0.7057074166734122,0.0,0.19004387962443947
385,val,overall,2.239996381676476e-06,1.5297857224941254,0.6048303033624377,0.803250752389431,0.7088003009557724,0.0,0.21545894562251983
385,val,2048,2.239996381676476e-06,1.5297857224941254,0.6048303033624377,0.803250752389431,0.7088003009557724,0.0,0.21545894562251983
386,train,overall,2.090023322340931e-06,1.5216800803026276,0.6091245094756909,0.8095694366057358,0.7056723830411252,0.0,0.18989892797085203
386,train,2048,2.090023322340931e-06,1.5216800803026276,0.6091245094756909,0.8095694366057358,0.7056723830411252,0.0,0.18989892797085203
386,val,overall,2.090023322340931e-06,1.529064335993358,0.6049242775355067,0.80354236385652,0.7092905193567276,0.0,0.21592300657242064
386,val,2048,2.090023322340931e-06,1.529064335993358,0.6049242775355067,0.80354236385652,0.7092905193567276,0.0,0.21592300657242064
387,train,overall,1.9496803737122078e-06,1.5226089451879663,0.60978357968309,0.8091118097839869,0.7056150155751695,0.0,0.19019058295964125
387,train,2048,1.9496803737122078e-06,1.5226089451879663,0.60978357968309,0.8091118097839869,0.7056150155751695,0.0,0.19019058295964125
387,val,overall,1.9496803737122078e-06,1.5278204679489136,0.6057894272463662,0.8037177196570805,0.7101479183350291,0.0,0.21506367032490079
387,val,2048,1.9496803737122078e-06,1.5278204679489136,0.6057894272463662,0.8037177196570805,0.7101479183350291,0.0,0.21506367032490079
388,train,overall,1.8189766424431431e-06,1.5228361270887434,0.6096780409727396,0.8096740996891073,0.7057739806282146,0.0,0.18947896230381167
388,train,2048,1.8189766424431431e-06,1.5228361270887434,0.6096780409727396,0.8096740996891073,0.7057739806282146,0.0,0.18947896230381167
388,val,overall,1.8189766424431431e-06,1.528219951050622,0.6056150410856519,0.8037913494876453,0.7096693249685424,0.0,0.21503751240079366
388,val,2048,1.8189766424431431e-06,1.528219951050622,0.6056150410856519,0.8037913494876453,0.7096693249685424,0.0,0.21503751240079366
389,train,overall,1.6979206097115301e-06,1.520677213177018,0.6094476949473667,0.810235951513453,0.7054967770662008,0.0,0.18915095992152467
389,train,2048,1.6979206097115301e-06,1.520677213177018,0.6094476949473667,0.810235951513453,0.7054967770662008,0.0,0.18915095992152467
389,val,overall,1.6979206097115301e-06,1.5299108432871955,0.6050153459821429,0.8030037049736295,0.7093224908624377,0.0,0.2150539822048611
389,val,2048,1.6979206097115301e-06,1.5299108432871955,0.6050153459821429,0.8030037049736295,0.7093224908624377,0.0,0.2150539822048611
390,train,overall,1.5865201306698694e-06,1.5214378545102518,0.6096622759451246,0.8097700043644072,0.706182998124794,0.0,0.188797120235426
390,train,2048,1.5865201306698694e-06,1.5214378545102518,0.6096622759451246,0.8097700043644072,0.706182998124794,0.0,0.188797120235426
390,val,overall,1.5865201306698694e-06,1.5272068828344345,0.6052924266883305,0.8039008251258305,0.7100781638707433,0.0,0.21433512369791666
390,val,2048,1.5865201306698694e-06,1.5272068828344345,0.6052924266883305,0.8039008251258305,0.7100781638707433,0.0,0.21433512369791666
391,train,overall,1.4847824339356155e-06,1.5217509381974224,0.6100283772956095,0.8093513522982063,0.7061930705079049,0.0,0.1895477158071749
391,train,2048,1.4847824339356155e-06,1.5217509381974224,0.6100283772956095,0.8093513522982063,0.7061930705079049,0.0,0.1895477158071749
391,val,overall,1.4847824339356155e-06,1.5282166536365236,0.6055666006037167,0.8032924107142857,0.70948718807527,0.0,0.2151721772693452
391,val,2048,1.4847824339356155e-06,1.5282166536365236,0.6055666006037167,0.8032924107142857,0.70948718807527,0.0,0.2151721772693452
392,train,overall,1.3927141211220887e-06,1.5227007272532167,0.6095908947055115,0.808762787436156,0.7059819928199187,0.0,0.18892367923206277
392,train,2048,1.3927141211220887e-06,1.5227007272532167,0.6095908947055115,0.808762787436156,0.7059819928199187,0.0,0.18892367923206277
392,val,overall,1.3927141211220887e-06,1.529226222208568,0.6049252461109843,0.8030783033796719,0.7094106525182724,0.0,0.21539887927827378
392,val,2048,1.3927141211220887e-06,1.529226222208568,0.6049252461109843,0.8030783033796719,0.7094106525182724,0.0,0.21539887927827378
393,train,overall,1.3103211664101682e-06,1.5217234607234664,0.6092173486547086,0.80834457345073,0.7058063865777089,0.0,0.18974609375
393,train,2048,1.3103211664101682e-06,1.5217234607234664,0.6092173486547086,0.80834457345073,0.7058063865777089,0.0,0.18974609375
393,val,overall,1.3103211664101682e-06,1.5293334339346205,0.605374775826931,0.8032875667725291,0.7096441356199128,0.0,0.21551319909474206
393,val,2048,1.3103211664101682e-06,1.5293334339346205,0.605374775826931,0.8032875667725291,0.7096441356199128,0.0,0.21551319909474206
394,train,overall,1.2376089161606326e-06,1.5231760863231436,0.6090802796218427,0.8085985672848107,0.7051052761184795,0.0,0.1901200777746637
394,train,2048,1.2376089161606326e-06,1.5231760863231436,0.6090802796218427,0.8085985672848107,0.7051052761184795,0.0,0.1901200777746637
394,val,overall,1.2376089161606326e-06,1.5279855451413564,0.6055598184466362,0.8036537777100291,0.7100277851734843,0.0,0.2154792906746032
394,val,2048,1.2376089161606326e-06,1.5279855451413564,0.6055598184466362,0.8036537777100291,0.7100277851734843,0.0,0.2154792906746032
395,train,overall,1.1745820885671838e-06,1.522101352033059,0.6097038783834654,0.8088122723883043,0.7061046105329232,0.0,0.18916322169282512
395,train,2048,1.1745820885671838e-06,1.522101352033059,0.6097038783834654,0.8088122723883043,0.7061046105329232,0.0,0.18916322169282512
395,val,overall,1.1745820885671838e-06,1.5296090160097395,0.6051790756838662,0.8031238370708057,0.7087780183979443,0.0,0.2160799541170635
395,val,2048,1.1745820885671838e-06,1.5296090160097395,0.6051790756838662,0.8031238370708057,0.7087780183979443,0.0,0.2160799541170635
396,train,overall,1.1212447733503466e-06,1.522961661420061,0.6093158807455157,0.8087614734611169,0.705212128803869,0.0,0.1893585341928251
396,train,2048,1.1212447733503466e-06,1.522961661420061,0.6093158807455157,0.8087614734611169,0.705212128803869,0.0,0.1893585341928251
396,val,overall,1.1212447733503466e-06,1.5289525730269296,0.6054009337510381,0.8034774543983596,0.7093195840716362,0.0,0.2156604585193452
396,val,2048,1.1212447733503466e-06,1.5289525730269296,0.6054009337510381,0.8034774543983596,0.7093195840716362,0.0,0.2156604585193452
397,train,overall,1.0776004314920735e-06,1.5209720877788526,0.610746566757493,0.8091910735374074,0.7060415498878924,0.0,0.18867406460201794
397,train,2048,1.0776004314920735e-06,1.5209720877788526,0.610746566757493,0.8091910735374074,0.7060415498878924,0.0,0.18867406460201794
397,val,overall,1.0776004314920735e-06,1.528593169791358,0.6054115902100291,0.8032197494591985,0.7093738370708057,0.0,0.21566336495535715
397,val,2048,1.0776004314920735e-06,1.528593169791358,0.6054115902100291,0.8032197494591985,0.7093738370708057,0.0,0.21566336495535715
398,train,overall,1.0436518950111552e-06,1.5202146127084981,0.6102101142630983,0.8099188973016268,0.7060625700138075,0.0,0.18942728769618833
398,train,2048,1.0436518950111552e-06,1.5202146127084981,0.6102101142630983,0.8099188973016268,0.7060625700138075,0.0,0.18942728769618833
398,val,overall,1.0436518950111552e-06,1.5292391606739588,0.6048758370535714,0.8031780911343438,0.7094765316162791,0.0,0.21545313275049605
398,val,2048,1.0436518950111552e-06,1.5292391606739588,0.6048758370535714,0.8031780911343438,0.7094765316162791,0.0,0.21545313275049605
399,train,overall,1.0194013667794857e-06,1.5230751807379617,0.6090084605687403,0.8086292217130618,0.7049428077556628,0.0,0.18945881796524666
399,train,2048,1.0194013667794857e-06,1.5230751807379617,0.6090084605687403,0.8086292217130618,0.7049428077556628,0.0,0.18945881796524666
399,val,overall,1.0194013667794857e-06,1.5300638100930624,0.6052875827465739,0.8027363132153239,0.709149073277201,0.0,0.21590363033234125
399,val,2048,1.0194013667794857e-06,1.5300638100930624,0.6052875827465739,0.8027363132153239,0.709149073277201,0.0,0.21590363033234125
400,train,overall,1.0048504203790706e-06,1.5212644301187832,0.6101772702328293,0.8092055248572687,0.7064619534753364,0.0,0.18903315933295964
400,train,2048,1.0048504203790706e-06,1.5212644301187832,0.6101772702328293,0.8092055248572687,0.7064619534753364,0.0,0.18903315933295964
400,val,overall,1.0048504203790706e-06,1.529292264154979,0.605252705514431,0.8029562330671719,0.708965967808451,0.0,0.21571471199156747
400,val,2048,1.0048504203790706e-06,1.529292264154979,0.605252705514431,0.8029562330671719,0.708965967808451,0.0,0.21571471199156747
