feature_group,feature_name,classifier,episode,n_train,n_test,status,error,accuracy,macro_f1,macro_precision,macro_recall
foundation_backbone,mae_flatten,svm_C1p0,1,4,138,ok,,0.18115942028985507,0.14821434971150055,0.23850235849056603,0.2086038961038961
foundation_backbone,mae_flatten,logreg_C0p1,1,4,138,ok,,0.18115942028985507,0.1511498562679665,0.24422268907563027,0.20255411255411257
foundation_backbone,mae_flatten,xgboost_depth2,1,4,138,ok,,0.2028985507246377,0.08433734939759036,0.050724637681159424,0.25
foundation_backbone,mae_flatten,svm_C1p0,2,4,138,ok,,0.3695652173913043,0.33220729711388763,0.40495910616202296,0.3805735930735931
foundation_backbone,mae_flatten,logreg_C0p1,2,4,138,ok,,0.391304347826087,0.3498517506316712,0.43380117866004964,0.39966450216450217
foundation_backbone,mae_flatten,xgboost_depth2,2,4,138,ok,,0.21739130434782608,0.08928571428571429,0.05434782608695652,0.25
foundation_backbone,mae_flatten,svm_C1p0,3,4,138,ok,,0.2608695652173913,0.214320573285881,0.20069628647214854,0.24036796536796537
foundation_backbone,mae_flatten,logreg_C0p1,3,4,138,ok,,0.2898550724637681,0.2280009709916252,0.20895473574045004,0.261525974025974
foundation_backbone,mae_flatten,xgboost_depth2,3,4,138,ok,,0.18115942028985507,0.07668711656441718,0.04528985507246377,0.25
foundation_backbone,mae_flatten,svm_C1p0,4,4,138,ok,,0.3115942028985507,0.2874793108126441,0.34307818618163444,0.3002922077922078
foundation_backbone,mae_flatten,logreg_C0p1,4,4,138,ok,,0.35507246376811596,0.297716632618318,0.31766227852293427,0.31832251082251084
foundation_backbone,mae_flatten,xgboost_depth2,4,4,138,ok,,0.39855072463768115,0.14248704663212436,0.09963768115942029,0.25
foundation_backbone,mae_flatten,svm_C1p0,5,4,138,ok,,0.30434782608695654,0.2782239706668703,0.28500000000000003,0.29305194805194806
foundation_backbone,mae_flatten,logreg_C0p1,5,4,138,ok,,0.3115942028985507,0.28660950640710287,0.2940597138710346,0.3063636363636364
foundation_backbone,mae_flatten,xgboost_depth2,5,4,138,ok,,0.18115942028985507,0.07668711656441718,0.04528985507246377,0.25
foundation_backbone,mae_flatten,svm_C1p0,6,4,138,ok,,0.35507246376811596,0.3385487111472955,0.3838355193193903,0.33835497835497835
foundation_backbone,mae_flatten,logreg_C0p1,6,4,138,ok,,0.3188405797101449,0.31222779951280727,0.38709077380952384,0.32001082251082247
foundation_backbone,mae_flatten,xgboost_depth2,6,4,138,ok,,0.21739130434782608,0.08928571428571429,0.05434782608695652,0.25
foundation_backbone,mae_flatten,svm_C1p0,7,4,138,ok,,0.21014492753623187,0.19087108245696138,0.2601076007326007,0.22146103896103897
foundation_backbone,mae_flatten,logreg_C0p1,7,4,138,ok,,0.2246376811594203,0.21608502647189665,0.2840165007857517,0.23767316017316018
foundation_backbone,mae_flatten,xgboost_depth2,7,4,138,ok,,0.21739130434782608,0.08928571428571429,0.05434782608695652,0.25
foundation_backbone,mae_flatten,svm_C1p0,8,4,138,ok,,0.14492753623188406,0.12562962727987556,0.1369497714626391,0.12147186147186147
foundation_backbone,mae_flatten,logreg_C0p1,8,4,138,ok,,0.13768115942028986,0.1341397337179058,0.13558814496314497,0.13824675324675323
foundation_backbone,mae_flatten,xgboost_depth2,8,4,138,ok,,0.2028985507246377,0.08433734939759036,0.050724637681159424,0.25
foundation_backbone,mae_flatten,svm_C1p0,9,4,138,ok,,0.2463768115942029,0.17332247525518096,0.2413265306122449,0.27494588744588744
foundation_backbone,mae_flatten,logreg_C0p1,9,4,138,ok,,0.2463768115942029,0.17244896023072254,0.239403453689168,0.27494588744588744
foundation_backbone,mae_flatten,xgboost_depth2,9,4,138,ok,,0.39855072463768115,0.14248704663212436,0.09963768115942029,0.25
foundation_backbone,mae_flatten,svm_C1p0,10,4,138,ok,,0.42028985507246375,0.4045529560651925,0.42518030200585977,0.4125865800865801
foundation_backbone,mae_flatten,logreg_C0p1,10,4,138,ok,,0.42028985507246375,0.40322361202545537,0.4286727456940223,0.4054653679653679
foundation_backbone,mae_flatten,xgboost_depth2,10,4,138,ok,,0.39855072463768115,0.14248704663212436,0.09963768115942029,0.25
foundation_backbone,mae_flatten,svm_C1p0,11,4,138,ok,,0.21014492753623187,0.1928640541848089,0.22465442933386925,0.19830086580086578
foundation_backbone,mae_flatten,logreg_C0p1,11,4,138,ok,,0.18840579710144928,0.1600475027914987,0.17157738095238095,0.17044372294372293
foundation_backbone,mae_flatten,xgboost_depth2,11,4,138,ok,,0.2028985507246377,0.08433734939759036,0.050724637681159424,0.25
foundation_backbone,mae_flatten,svm_C1p0,12,4,138,ok,,0.2536231884057971,0.2510688278130139,0.2751547303271441,0.26716450216450216
foundation_backbone,mae_flatten,logreg_C0p1,12,4,138,ok,,0.2608695652173913,0.261164277623275,0.288135593220339,0.26566017316017315
foundation_backbone,mae_flatten,xgboost_depth2,12,4,138,ok,,0.21739130434782608,0.08928571428571429,0.05434782608695652,0.25
foundation_backbone,mae_flatten,svm_C1p0,13,4,138,ok,,0.2391304347826087,0.23048488801913458,0.2521486517249229,0.2765800865800866
foundation_backbone,mae_flatten,logreg_C0p1,13,4,138,ok,,0.21739130434782608,0.20219400278696076,0.2251211154436961,0.24600649350649353
foundation_backbone,mae_flatten,xgboost_depth2,13,4,138,ok,,0.2028985507246377,0.08433734939759036,0.050724637681159424,0.25
foundation_backbone,mae_flatten,svm_C1p0,14,4,138,ok,,0.2608695652173913,0.23890181271374397,0.2672612237114525,0.2620454545454545
foundation_backbone,mae_flatten,logreg_C0p1,14,4,138,ok,,0.2898550724637681,0.2734009652319512,0.3140231912742293,0.28627705627705624
foundation_backbone,mae_flatten,xgboost_depth2,14,4,138,ok,,0.39855072463768115,0.14248704663212436,0.09963768115942029,0.25
foundation_backbone,mae_flatten,svm_C1p0,15,4,138,ok,,0.1956521739130435,0.21034057276426865,0.21000921736215852,0.21112554112554113
foundation_backbone,mae_flatten,logreg_C0p1,15,4,138,ok,,0.21014492753623187,0.21843251920651302,0.21677635420315966,0.22021645021645023
foundation_backbone,mae_flatten,xgboost_depth2,15,4,138,ok,,0.39855072463768115,0.14248704663212436,0.09963768115942029,0.25
foundation_backbone,mae_flatten,svm_C1p0,16,4,138,ok,,0.2246376811594203,0.20656702898550722,0.3355698778833107,0.23002164502164502
foundation_backbone,mae_flatten,logreg_C0p1,16,4,138,ok,,0.2826086956521739,0.22490470690218886,0.4379863056333645,0.25333333333333335
foundation_backbone,mae_flatten,xgboost_depth2,16,4,138,ok,,0.21739130434782608,0.08928571428571429,0.05434782608695652,0.25
foundation_backbone,mae_flatten,svm_C1p0,17,4,138,ok,,0.4057971014492754,0.3789617640424092,0.4064885588622801,0.383538961038961
foundation_backbone,mae_flatten,logreg_C0p1,17,4,138,ok,,0.41304347826086957,0.385018315018315,0.4033333333333333,0.38915584415584414
foundation_backbone,mae_flatten,xgboost_depth2,17,4,138,ok,,0.39855072463768115,0.14248704663212436,0.09963768115942029,0.25
foundation_backbone,mae_flatten,svm_C1p0,18,4,138,ok,,0.2246376811594203,0.17729685293623912,0.21795439433010594,0.24665584415584416
foundation_backbone,mae_flatten,logreg_C0p1,18,4,138,ok,,0.2463768115942029,0.21935078379177758,0.257404181184669,0.27296536796536797
foundation_backbone,mae_flatten,xgboost_depth2,18,4,138,ok,,0.39855072463768115,0.14248704663212436,0.09963768115942029,0.25
foundation_backbone,mae_flatten,svm_C1p0,19,4,138,ok,,0.3695652173913043,0.3402751140092912,0.3710400147519823,0.3459199134199134
foundation_backbone,mae_flatten,logreg_C0p1,19,4,138,ok,,0.38405797101449274,0.34969506384600724,0.3776811594202899,0.3550108225108225
foundation_backbone,mae_flatten,xgboost_depth2,19,4,138,ok,,0.18115942028985507,0.07668711656441718,0.04528985507246377,0.25
foundation_backbone,mae_flatten,svm_C1p0,20,4,138,ok,,0.36231884057971014,0.34668214934100394,0.3824667774086378,0.35247835497835495
foundation_backbone,mae_flatten,logreg_C0p1,20,4,138,ok,,0.3695652173913043,0.3565047145618811,0.38727945729627816,0.36247835497835496
foundation_backbone,mae_flatten,xgboost_depth2,20,4,138,ok,,0.18115942028985507,0.07668711656441718,0.04528985507246377,0.25
foundation_backbone,mae_flatten,svm_C1p0,21,4,138,ok,,0.2536231884057971,0.1872976872976873,0.19046817380150716,0.2637445887445887
foundation_backbone,mae_flatten,logreg_C0p1,21,4,138,ok,,0.2536231884057971,0.1870561821219716,0.19393147502903602,0.2637445887445887
foundation_backbone,mae_flatten,xgboost_depth2,21,4,138,ok,,0.21739130434782608,0.08928571428571429,0.05434782608695652,0.25
foundation_backbone,mae_flatten,svm_C1p0,22,4,138,ok,,0.37681159420289856,0.3213865124411864,0.3662756769374416,0.3683008658008658
foundation_backbone,mae_flatten,logreg_C0p1,22,4,138,ok,,0.36231884057971014,0.3164000711562408,0.35766507457683927,0.3466341991341992
foundation_backbone,mae_flatten,xgboost_depth2,22,4,138,ok,,0.39855072463768115,0.14248704663212436,0.09963768115942029,0.25
foundation_backbone,mae_flatten,svm_C1p0,23,4,138,ok,,0.35507246376811596,0.31280533202786365,0.35356441476826395,0.34813852813852814
foundation_backbone,mae_flatten,logreg_C0p1,23,4,138,ok,,0.391304347826087,0.3492589050920392,0.388696713503215,0.384491341991342
foundation_backbone,mae_flatten,xgboost_depth2,23,4,138,ok,,0.21739130434782608,0.08928571428571429,0.05434782608695652,0.25
foundation_backbone,mae_flatten,svm_C1p0,24,4,138,ok,,0.37681159420289856,0.3222490096447533,0.3227808620797205,0.330508658008658
foundation_backbone,mae_flatten,logreg_C0p1,24,4,138,ok,,0.3695652173913043,0.3090781723622065,0.3103593128832965,0.31400432900432895
foundation_backbone,mae_flatten,xgboost_depth2,24,4,138,ok,,0.39855072463768115,0.14248704663212436,0.09963768115942029,0.25
foundation_backbone,mae_flatten,svm_C1p0,25,4,138,ok,,0.2536231884057971,0.25084770005069773,0.2593199810941746,0.26156926406926406
foundation_backbone,mae_flatten,logreg_C0p1,25,4,138,ok,,0.2753623188405797,0.24752702712527355,0.25997113589025356,0.2748268398268398
foundation_backbone,mae_flatten,xgboost_depth2,25,4,138,ok,,0.39855072463768115,0.14248704663212436,0.09963768115942029,0.25
foundation_backbone,mae_flatten,svm_C1p0,26,4,138,ok,,0.2536231884057971,0.24948924731182795,0.35065726235939004,0.28963203463203463
foundation_backbone,mae_flatten,logreg_C0p1,26,4,138,ok,,0.2463768115942029,0.239208122813836,0.3424096332048832,0.2796320346320346
foundation_backbone,mae_flatten,xgboost_depth2,26,4,138,ok,,0.2028985507246377,0.08433734939759036,0.050724637681159424,0.25
foundation_backbone,mae_flatten,svm_C1p0,27,4,138,ok,,0.3188405797101449,0.28756999482741263,0.34337797619047616,0.2894264069264069
foundation_backbone,mae_flatten,logreg_C0p1,27,4,138,ok,,0.3333333333333333,0.2879627601929372,0.3484166403229337,0.3006385281385281
foundation_backbone,mae_flatten,xgboost_depth2,27,4,138,ok,,0.39855072463768115,0.14248704663212436,0.09963768115942029,0.25
foundation_backbone,mae_flatten,svm_C1p0,28,4,138,ok,,0.35507246376811596,0.31409129243095085,0.3210418666301019,0.3115800865800866
foundation_backbone,mae_flatten,logreg_C0p1,28,4,138,ok,,0.35507246376811596,0.29900155740933015,0.3066482843137255,0.30067099567099564
foundation_backbone,mae_flatten,xgboost_depth2,28,4,138,ok,,0.39855072463768115,0.14248704663212436,0.09963768115942029,0.25
foundation_backbone,mae_flatten,svm_C1p0,29,4,138,ok,,0.39855072463768115,0.3323991260312015,0.3994004371197354,0.4008982683982684
foundation_backbone,mae_flatten,logreg_C0p1,29,4,138,ok,,0.42028985507246375,0.3466654376765454,0.4429012345679012,0.4145346320346321
foundation_backbone,mae_flatten,xgboost_depth2,29,4,138,ok,,0.21739130434782608,0.08928571428571429,0.05434782608695652,0.25
foundation_backbone,mae_flatten,svm_C1p0,30,4,138,ok,,0.2608695652173913,0.22318547649533566,0.29085371992348735,0.2767207792207792
foundation_backbone,mae_flatten,logreg_C0p1,30,4,138,ok,,0.2608695652173913,0.22495402080162355,0.3293939393939394,0.2729329004329004
foundation_backbone,mae_flatten,xgboost_depth2,30,4,138,ok,,0.18115942028985507,0.07668711656441718,0.04528985507246377,0.25
foundation_backbone,mae_flatten,svm_C1p0,31,4,138,ok,,0.32608695652173914,0.2922619047619048,0.3069750935604594,0.2859632034632035
foundation_backbone,mae_flatten,logreg_C0p1,31,4,138,ok,,0.3333333333333333,0.3053793377452027,0.33143208143208147,0.29594155844155845
foundation_backbone,mae_flatten,xgboost_depth2,31,4,138,ok,,0.2028985507246377,0.08433734939759036,0.050724637681159424,0.25
foundation_backbone,mae_flatten,svm_C1p0,32,4,138,ok,,0.4420289855072464,0.36492382868640416,0.353818442934553,0.39805194805194805
foundation_backbone,mae_flatten,logreg_C0p1,32,4,138,ok,,0.41304347826086957,0.3380390183181706,0.3349117025245616,0.3653138528138528
foundation_backbone,mae_flatten,xgboost_depth2,32,4,138,ok,,0.21739130434782608,0.08928571428571429,0.05434782608695652,0.25
foundation_backbone,mae_flatten,svm_C1p0,33,4,138,ok,,0.42028985507246375,0.35329254079254074,0.4220112517580872,0.4128679653679654
foundation_backbone,mae_flatten,logreg_C0p1,33,4,138,ok,,0.427536231884058,0.34614375191549795,0.4435422602089269,0.41529220779220777
foundation_backbone,mae_flatten,xgboost_depth2,33,4,138,ok,,0.39855072463768115,0.14248704663212436,0.09963768115942029,0.25
foundation_backbone,mae_flatten,svm_C1p0,34,4,138,ok,,0.3188405797101449,0.26505180078634416,0.3123882503192848,0.3178030303030303
foundation_backbone,mae_flatten,logreg_C0p1,34,4,138,ok,,0.3188405797101449,0.25833333333333336,0.31235632183908046,0.3172077922077922
foundation_backbone,mae_flatten,xgboost_depth2,34,4,138,ok,,0.2028985507246377,0.08433734939759036,0.050724637681159424,0.25
foundation_backbone,mae_flatten,svm_C1p0,35,4,138,ok,,0.32608695652173914,0.25286615793691264,0.2379665071770335,0.2751082251082251
foundation_backbone,mae_flatten,logreg_C0p1,35,4,138,ok,,0.32608695652173914,0.259012539184953,0.24398907103825135,0.27629870129870127
foundation_backbone,mae_flatten,xgboost_depth2,35,4,138,ok,,0.21739130434782608,0.08928571428571429,0.05434782608695652,0.25
foundation_backbone,mae_flatten,svm_C1p0,36,4,138,ok,,0.21014492753623187,0.16695045748130397,0.22702149041434758,0.26423160173160176
foundation_backbone,mae_flatten,logreg_C0p1,36,4,138,ok,,0.2608695652173913,0.2007184723010021,0.2687937062937063,0.29878787878787877
foundation_backbone,mae_flatten,xgboost_depth2,36,4,138,ok,,0.21739130434782608,0.08928571428571429,0.05434782608695652,0.25
foundation_backbone,mae_flatten,svm_C1p0,37,4,138,ok,,0.2246376811594203,0.2020783102046162,0.24715501792114697,0.25612554112554115
foundation_backbone,mae_flatten,logreg_C0p1,37,4,138,ok,,0.21739130434782608,0.20763894490602566,0.23732905539412388,0.24445887445887446
foundation_backbone,mae_flatten,xgboost_depth2,37,4,138,ok,,0.2028985507246377,0.08433734939759036,0.050724637681159424,0.25
foundation_backbone,mae_flatten,svm_C1p0,38,4,138,ok,,0.2318840579710145,0.2080676732303658,0.2573970840480274,0.2796645021645021
foundation_backbone,mae_flatten,logreg_C0p1,38,4,138,ok,,0.2246376811594203,0.1894325201964201,0.21954113924050633,0.27145021645021644
foundation_backbone,mae_flatten,xgboost_depth2,38,4,138,ok,,0.2028985507246377,0.08433734939759036,0.050724637681159424,0.25
foundation_backbone,mae_flatten,svm_C1p0,39,4,138,ok,,0.2318840579710145,0.22550505837181953,0.2452235794765506,0.2399025974025974
foundation_backbone,mae_flatten,logreg_C0p1,39,4,138,ok,,0.21739130434782608,0.21640432071348625,0.2413129973474801,0.2187121212121212
foundation_backbone,mae_flatten,xgboost_depth2,39,4,138,ok,,0.18115942028985507,0.07668711656441718,0.04528985507246377,0.25
foundation_backbone,mae_flatten,svm_C1p0,40,4,138,ok,,0.26811594202898553,0.22517536367301624,0.2525131456851222,0.2863636363636364
foundation_backbone,mae_flatten,logreg_C0p1,40,4,138,ok,,0.2826086956521739,0.2372284391279182,0.2634920634920635,0.30303030303030304
foundation_backbone,mae_flatten,xgboost_depth2,40,4,138,ok,,0.39855072463768115,0.14248704663212436,0.09963768115942029,0.25
foundation_backbone,mae_flatten,svm_C1p0,41,4,138,ok,,0.2318840579710145,0.22648062205796632,0.25397349172303796,0.226017316017316
foundation_backbone,mae_flatten,logreg_C0p1,41,4,138,ok,,0.2536231884057971,0.24787762401570534,0.273532086485807,0.2543506493506493
foundation_backbone,mae_flatten,xgboost_depth2,41,4,138,ok,,0.21739130434782608,0.08928571428571429,0.05434782608695652,0.25
foundation_backbone,mae_flatten,svm_C1p0,42,4,138,ok,,0.391304347826087,0.309841628959276,0.2962571507426736,0.35250000000000004
foundation_backbone,mae_flatten,logreg_C0p1,42,4,138,ok,,0.391304347826087,0.3073974706983987,0.28917892156862746,0.34704545454545455
foundation_backbone,mae_flatten,xgboost_depth2,42,4,138,ok,,0.2028985507246377,0.08433734939759036,0.050724637681159424,0.25
foundation_backbone,mae_flatten,svm_C1p0,43,4,138,ok,,0.3115942028985507,0.2183610146186134,0.2242755765819042,0.2357142857142857
foundation_backbone,mae_flatten,logreg_C0p1,43,4,138,ok,,0.34057971014492755,0.2532106782106782,0.2558823529411765,0.26904761904761904
foundation_backbone,mae_flatten,xgboost_depth2,43,4,138,ok,,0.18115942028985507,0.07668711656441718,0.04528985507246377,0.25
foundation_backbone,mae_flatten,svm_C1p0,44,4,138,ok,,0.2318840579710145,0.23532128387597875,0.2848230201171378,0.2691774891774892
foundation_backbone,mae_flatten,logreg_C0p1,44,4,138,ok,,0.2246376811594203,0.23291289592760184,0.29514423076923074,0.24931818181818183
foundation_backbone,mae_flatten,xgboost_depth2,44,4,138,ok,,0.2028985507246377,0.08433734939759036,0.050724637681159424,0.25
foundation_backbone,mae_flatten,svm_C1p0,45,4,138,ok,,0.2463768115942029,0.23563856161747726,0.2800884149120409,0.2816341991341992
foundation_backbone,mae_flatten,logreg_C0p1,45,4,138,ok,,0.2536231884057971,0.24166265800301945,0.2848053960441163,0.2899675324675325
foundation_backbone,mae_flatten,xgboost_depth2,45,4,138,ok,,0.18115942028985507,0.07668711656441718,0.04528985507246377,0.25
foundation_backbone,mae_flatten,svm_C1p0,46,4,138,ok,,0.2391304347826087,0.21380291954180047,0.23435897435897435,0.2531493506493506
foundation_backbone,mae_flatten,logreg_C0p1,46,4,138,ok,,0.2463768115942029,0.20595894456384292,0.22962178440179665,0.25436147186147184
foundation_backbone,mae_flatten,xgboost_depth2,46,4,138,ok,,0.18115942028985507,0.07668711656441718,0.04528985507246377,0.25
foundation_backbone,mae_flatten,svm_C1p0,47,4,138,ok,,0.36231884057971014,0.32469088475112573,0.33495819039451113,0.3370887445887446
foundation_backbone,mae_flatten,logreg_C0p1,47,4,138,ok,,0.36231884057971014,0.2905225726654298,0.3379166666666667,0.3167965367965368
foundation_backbone,mae_flatten,xgboost_depth2,47,4,138,ok,,0.39855072463768115,0.14248704663212436,0.09963768115942029,0.25
foundation_backbone,mae_flatten,svm_C1p0,48,4,138,ok,,0.391304347826087,0.34231251326533474,0.3489712918660287,0.355551948051948
foundation_backbone,mae_flatten,logreg_C0p1,48,4,138,ok,,0.39855072463768115,0.3406522539613927,0.3498460226310923,0.35630952380952385
foundation_backbone,mae_flatten,xgboost_depth2,48,4,138,ok,,0.18115942028985507,0.07668711656441718,0.04528985507246377,0.25
foundation_backbone,mae_flatten,svm_C1p0,49,4,138,ok,,0.2463768115942029,0.20281222668251442,0.26314102564102565,0.2886147186147186
foundation_backbone,mae_flatten,logreg_C0p1,49,4,138,ok,,0.2391304347826087,0.19426390823876316,0.16747531221215434,0.288452380952381
foundation_backbone,mae_flatten,xgboost_depth2,49,4,138,ok,,0.39855072463768115,0.14248704663212436,0.09963768115942029,0.25
foundation_backbone,mae_flatten,svm_C1p0,50,4,138,ok,,0.21014492753623187,0.20416756951968218,0.2381662912912913,0.22634199134199134
foundation_backbone,mae_flatten,logreg_C0p1,50,4,138,ok,,0.2536231884057971,0.23186504506729225,0.2629748321174044,0.2708874458874459
foundation_backbone,mae_flatten,xgboost_depth2,50,4,138,ok,,0.18115942028985507,0.07668711656441718,0.04528985507246377,0.25
foundation_backbone,mae_flatten,svm_C1p0,51,4,138,ok,,0.3333333333333333,0.29206864564007423,0.3755605591518904,0.3551298701298701
foundation_backbone,mae_flatten,logreg_C0p1,51,4,138,ok,,0.38405797101449274,0.3264241056038675,0.4207135695187166,0.38316017316017315
foundation_backbone,mae_flatten,xgboost_depth2,51,4,138,ok,,0.21739130434782608,0.08928571428571429,0.05434782608695652,0.25
foundation_backbone,mae_flatten,svm_C1p0,52,4,138,ok,,0.2971014492753623,0.2938399931559135,0.3641456582633053,0.3143290043290043
foundation_backbone,mae_flatten,logreg_C0p1,52,4,138,ok,,0.3188405797101449,0.3145857051133329,0.3715837621497999,0.3214393939393939
foundation_backbone,mae_flatten,xgboost_depth2,52,4,138,ok,,0.39855072463768115,0.14248704663212436,0.09963768115942029,0.25
foundation_backbone,mae_flatten,svm_C1p0,53,4,138,ok,,0.2391304347826087,0.22106765830837702,0.31948517020559486,0.2524025974025974
foundation_backbone,mae_flatten,logreg_C0p1,53,4,138,ok,,0.2391304347826087,0.22130659586211904,0.3165870024818458,0.2561904761904762
foundation_backbone,mae_flatten,xgboost_depth2,53,4,138,ok,,0.21739130434782608,0.08928571428571429,0.05434782608695652,0.25
foundation_backbone,mae_flatten,svm_C1p0,54,4,138,ok,,0.2753623188405797,0.2528036175710594,0.2727987290487291,0.2646320346320346
foundation_backbone,mae_flatten,logreg_C0p1,54,4,138,ok,,0.26811594202898553,0.21484765234765235,0.2006509500351865,0.24751082251082251
foundation_backbone,mae_flatten,xgboost_depth2,54,4,138,ok,,0.39855072463768115,0.14248704663212436,0.09963768115942029,0.25
foundation_backbone,mae_flatten,svm_C1p0,55,4,138,ok,,0.2246376811594203,0.21423010332516468,0.3184491978609626,0.23757575757575758
foundation_backbone,mae_flatten,logreg_C0p1,55,4,138,ok,,0.2318840579710145,0.22017655296701857,0.33333333333333337,0.246504329004329
foundation_backbone,mae_flatten,xgboost_depth2,55,4,138,ok,,0.18115942028985507,0.07668711656441718,0.04528985507246377,0.25
foundation_backbone,mae_flatten,svm_C1p0,56,4,138,ok,,0.15942028985507245,0.14194846034468678,0.15865492532159198,0.1986147186147186
foundation_backbone,mae_flatten,logreg_C0p1,56,4,138,ok,,0.18115942028985507,0.17103362249436505,0.18561338353005022,0.22918831168831172
foundation_backbone,mae_flatten,xgboost_depth2,56,4,138,ok,,0.2028985507246377,0.08433734939759036,0.050724637681159424,0.25
foundation_backbone,mae_flatten,svm_C1p0,57,4,138,ok,,0.26811594202898553,0.2022152234913146,0.36484115694642005,0.29089826839826843
foundation_backbone,mae_flatten,logreg_C0p1,57,4,138,ok,,0.2898550724637681,0.20970172238863657,0.29952830188679247,0.30074675324675326
foundation_backbone,mae_flatten,xgboost_depth2,57,4,138,ok,,0.39855072463768115,0.14248704663212436,0.09963768115942029,0.25
foundation_backbone,mae_flatten,svm_C1p0,58,4,138,ok,,0.12318840579710146,0.14241073287373823,0.14198717948717948,0.14587662337662338
foundation_backbone,mae_flatten,logreg_C0p1,58,4,138,ok,,0.10869565217391304,0.12934766493699038,0.1278779069767442,0.1324025974025974
foundation_backbone,mae_flatten,xgboost_depth2,58,4,138,ok,,0.18115942028985507,0.07668711656441718,0.04528985507246377,0.25
foundation_backbone,mae_flatten,svm_C1p0,59,4,138,ok,,0.26811594202898553,0.24947831495363587,0.26608578040466585,0.27316017316017316
foundation_backbone,mae_flatten,logreg_C0p1,59,4,138,ok,,0.2608695652173913,0.24254807692307692,0.25461794847833535,0.2577056277056277
foundation_backbone,mae_flatten,xgboost_depth2,59,4,138,ok,,0.21739130434782608,0.08928571428571429,0.05434782608695652,0.25
foundation_backbone,mae_flatten,svm_C1p0,60,4,138,ok,,0.2971014492753623,0.25454634985589153,0.28747294372294374,0.3012012987012987
foundation_backbone,mae_flatten,logreg_C0p1,60,4,138,ok,,0.34782608695652173,0.285984398511127,0.29272073412698413,0.32756493506493506
foundation_backbone,mae_flatten,xgboost_depth2,60,4,138,ok,,0.39855072463768115,0.14248704663212436,0.09963768115942029,0.25
foundation_backbone,mae_flatten,svm_C1p0,61,4,138,ok,,0.2536231884057971,0.24459324896339327,0.2568403298350824,0.26404761904761903
foundation_backbone,mae_flatten,logreg_C0p1,61,4,138,ok,,0.2463768115942029,0.23207776029373195,0.2487174081101975,0.2589069264069264
foundation_backbone,mae_flatten,xgboost_depth2,61,4,138,ok,,0.21739130434782608,0.08928571428571429,0.05434782608695652,0.25
foundation_backbone,mae_flatten,svm_C1p0,62,4,138,ok,,0.32608695652173914,0.3066969090996551,0.3112726645335341,0.31698051948051953
foundation_backbone,mae_flatten,logreg_C0p1,62,4,138,ok,,0.3115942028985507,0.28980538284542223,0.2929549114331723,0.3003138528138528
foundation_backbone,mae_flatten,xgboost_depth2,62,4,138,ok,,0.18115942028985507,0.07668711656441718,0.04528985507246377,0.25
foundation_backbone,mae_flatten,svm_C1p0,63,4,138,ok,,0.2391304347826087,0.21445974627839276,0.2551734331888057,0.28060606060606064
foundation_backbone,mae_flatten,logreg_C0p1,63,4,138,ok,,0.2608695652173913,0.24075968551671878,0.28909533449007135,0.2986255411255411
foundation_backbone,mae_flatten,xgboost_depth2,63,4,138,ok,,0.21739130434782608,0.08928571428571429,0.05434782608695652,0.25
foundation_backbone,mae_flatten,svm_C1p0,64,4,138,ok,,0.35507246376811596,0.2788504249540962,0.2889120290022754,0.2970021645021645
foundation_backbone,mae_flatten,logreg_C0p1,64,4,138,ok,,0.38405797101449274,0.3226812960698579,0.335338608957795,0.3335281385281385
foundation_backbone,mae_flatten,xgboost_depth2,64,4,138,ok,,0.2028985507246377,0.08433734939759036,0.050724637681159424,0.25
foundation_backbone,mae_flatten,svm_C1p0,65,4,138,ok,,0.427536231884058,0.3473613758572068,0.5723039215686274,0.3902922077922078
foundation_backbone,mae_flatten,logreg_C0p1,65,4,138,ok,,0.4420289855072464,0.3573334835677781,0.5734528971225857,0.4031709956709957
foundation_backbone,mae_flatten,xgboost_depth2,65,4,138,ok,,0.18115942028985507,0.07668711656441718,0.04528985507246377,0.25
foundation_backbone,mae_flatten,svm_C1p0,66,4,138,ok,,0.391304347826087,0.31285552133019673,0.2938675548589342,0.3581493506493506
foundation_backbone,mae_flatten,logreg_C0p1,66,4,138,ok,,0.3695652173913043,0.2909915973684782,0.2705882352941177,0.3302922077922078
foundation_backbone,mae_flatten,xgboost_depth2,66,4,138,ok,,0.18115942028985507,0.07668711656441718,0.04528985507246377,0.25
foundation_backbone,mae_flatten,svm_C1p0,67,4,138,ok,,0.21014492753623187,0.18281047314883858,0.24638347763347765,0.23376623376623376
foundation_backbone,mae_flatten,logreg_C0p1,67,4,138,ok,,0.21014492753623187,0.16400843658908176,0.23405103668261562,0.24195887445887446
foundation_backbone,mae_flatten,xgboost_depth2,67,4,138,ok,,0.21739130434782608,0.08928571428571429,0.05434782608695652,0.25
foundation_backbone,mae_flatten,svm_C1p0,68,4,138,ok,,0.1956521739130435,0.1491549521406544,0.18728070175438596,0.24633116883116882
foundation_backbone,mae_flatten,logreg_C0p1,68,4,138,ok,,0.2028985507246377,0.155851380712083,0.19217273954116057,0.2563311688311688
foundation_backbone,mae_flatten,xgboost_depth2,68,4,138,ok,,0.2028985507246377,0.08433734939759036,0.050724637681159424,0.25
foundation_backbone,mae_flatten,svm_C1p0,69,4,138,ok,,0.2391304347826087,0.24287367310296387,0.2571382686514265,0.2449242424242424
foundation_backbone,mae_flatten,logreg_C0p1,69,4,138,ok,,0.2028985507246377,0.20058815526472895,0.2096720483817258,0.22612554112554112
foundation_backbone,mae_flatten,xgboost_depth2,69,4,138,ok,,0.39855072463768115,0.14248704663212436,0.09963768115942029,0.25
foundation_backbone,mae_flatten,svm_C1p0,70,4,138,ok,,0.42028985507246375,0.3959291187739464,0.41911094224924017,0.40856060606060607
foundation_backbone,mae_flatten,logreg_C0p1,70,4,138,ok,,0.463768115942029,0.4291478804419424,0.44721790890269153,0.43962121212121213
foundation_backbone,mae_flatten,xgboost_depth2,70,4,138,ok,,0.2028985507246377,0.08433734939759036,0.050724637681159424,0.25
foundation_backbone,mae_flatten,svm_C1p0,71,4,138,ok,,0.21739130434782608,0.2043272606415175,0.23325068399452803,0.21511904761904763
foundation_backbone,mae_flatten,logreg_C0p1,71,4,138,ok,,0.21739130434782608,0.2004115037031151,0.21452761075402588,0.2183116883116883
foundation_backbone,mae_flatten,xgboost_depth2,71,4,138,ok,,0.39855072463768115,0.14248704663212436,0.09963768115942029,0.25
foundation_backbone,mae_flatten,svm_C1p0,72,4,138,ok,,0.41304347826086957,0.35181303411880743,0.39619408490376234,0.39241341991341994
foundation_backbone,mae_flatten,logreg_C0p1,72,4,138,ok,,0.41304347826086957,0.3451615429703291,0.40161199095022626,0.38483766233766237
foundation_backbone,mae_flatten,xgboost_depth2,72,4,138,ok,,0.39855072463768115,0.14248704663212436,0.09963768115942029,0.25
foundation_backbone,mae_flatten,svm_C1p0,73,4,138,ok,,0.2898550724637681,0.20195393374741202,0.2068627450980392,0.2172402597402597
foundation_backbone,mae_flatten,logreg_C0p1,73,4,138,ok,,0.3115942028985507,0.21961479019041785,0.22954346968672526,0.23525974025974022
foundation_backbone,mae_flatten,xgboost_depth2,73,4,138,ok,,0.39855072463768115,0.14248704663212436,0.09963768115942029,0.25
foundation_backbone,mae_flatten,svm_C1p0,74,4,138,ok,,0.2318840579710145,0.22171587611681812,0.23971861471861472,0.2485064935064935
foundation_backbone,mae_flatten,logreg_C0p1,74,4,138,ok,,0.21739130434782608,0.20928643724696358,0.2110121150562327,0.21385281385281385
foundation_backbone,mae_flatten,xgboost_depth2,74,4,138,ok,,0.18115942028985507,0.07668711656441718,0.04528985507246377,0.25
foundation_backbone,mae_flatten,svm_C1p0,75,4,138,ok,,0.3695652173913043,0.31937106043752317,0.3672057136860096,0.3343939393939394
foundation_backbone,mae_flatten,logreg_C0p1,75,4,138,ok,,0.4057971014492754,0.34463510007981824,0.4150159291122261,0.36150432900432894
foundation_backbone,mae_flatten,xgboost_depth2,75,4,138,ok,,0.21739130434782608,0.08928571428571429,0.05434782608695652,0.25
foundation_backbone,mae_flatten,svm_C1p0,76,4,138,ok,,0.2608695652173913,0.2556875631951466,0.28744239631336405,0.26163419913419916
foundation_backbone,mae_flatten,logreg_C0p1,76,4,138,ok,,0.26811594202898553,0.25540804027226316,0.29471153846153847,0.2623917748917749
foundation_backbone,mae_flatten,xgboost_depth2,76,4,138,ok,,0.39855072463768115,0.14248704663212436,0.09963768115942029,0.25
foundation_backbone,mae_flatten,svm_C1p0,77,4,138,ok,,0.3333333333333333,0.20422192749778956,0.2771902190219022,0.2571103896103896
foundation_backbone,mae_flatten,logreg_C0p1,77,4,138,ok,,0.3333333333333333,0.20422192749778956,0.2771902190219022,0.2571103896103896
foundation_backbone,mae_flatten,xgboost_depth2,77,4,138,ok,,0.39855072463768115,0.14248704663212436,0.09963768115942029,0.25
foundation_backbone,mae_flatten,svm_C1p0,78,4,138,ok,,0.34057971014492755,0.31452642030286443,0.335732901093313,0.3156385281385281
foundation_backbone,mae_flatten,logreg_C0p1,78,4,138,ok,,0.3695652173913043,0.34940510524159607,0.37061564166827327,0.348517316017316
foundation_backbone,mae_flatten,xgboost_depth2,78,4,138,ok,,0.39855072463768115,0.14248704663212436,0.09963768115942029,0.25
foundation_backbone,mae_flatten,svm_C1p0,79,4,138,ok,,0.26811594202898553,0.2518135225704711,0.2920754867202758,0.2851948051948052
foundation_backbone,mae_flatten,logreg_C0p1,79,4,138,ok,,0.2608695652173913,0.2380050505050505,0.26933590834452903,0.2751948051948052
foundation_backbone,mae_flatten,xgboost_depth2,79,4,138,ok,,0.39855072463768115,0.14248704663212436,0.09963768115942029,0.25
foundation_backbone,mae_flatten,svm_C1p0,80,4,138,ok,,0.2246376811594203,0.23365740991356757,0.31699960264422206,0.2576082251082251
foundation_backbone,mae_flatten,logreg_C0p1,80,4,138,ok,,0.21739130434782608,0.21779591914135094,0.2856940853264383,0.24334415584415584
foundation_backbone,mae_flatten,xgboost_depth2,80,4,138,ok,,0.18115942028985507,0.07668711656441718,0.04528985507246377,0.25
foundation_backbone,mae_flatten,svm_C1p0,81,4,138,ok,,0.391304347826087,0.351110128242717,0.3731796230197765,0.3583441558441558
foundation_backbone,mae_flatten,logreg_C0p1,81,4,138,ok,,0.41304347826086957,0.3603718102073365,0.3715408067542214,0.37681818181818183
foundation_backbone,mae_flatten,xgboost_depth2,81,4,138,ok,,0.18115942028985507,0.07668711656441718,0.04528985507246377,0.25
foundation_backbone,mae_flatten,svm_C1p0,82,4,138,ok,,0.2753623188405797,0.2363886113886114,0.30249384236453203,0.2817857142857143
foundation_backbone,mae_flatten,logreg_C0p1,82,4,138,ok,,0.26811594202898553,0.2137618527655875,0.23714618714618713,0.25875541125541124
foundation_backbone,mae_flatten,xgboost_depth2,82,4,138,ok,,0.18115942028985507,0.07668711656441718,0.04528985507246377,0.25
foundation_backbone,mae_flatten,svm_C1p0,83,4,138,ok,,0.26811594202898553,0.22767995057151685,0.2334255042290176,0.26423160173160176
foundation_backbone,mae_flatten,logreg_C0p1,83,4,138,ok,,0.26811594202898553,0.2232983883586293,0.2314762971257932,0.2654220779220779
foundation_backbone,mae_flatten,xgboost_depth2,83,4,138,ok,,0.2028985507246377,0.08433734939759036,0.050724637681159424,0.25
foundation_backbone,mae_flatten,svm_C1p0,84,4,138,ok,,0.41304347826086957,0.3944305455190531,0.4154101870633311,0.4025865800865801
foundation_backbone,mae_flatten,logreg_C0p1,84,4,138,ok,,0.391304347826087,0.3657844440505731,0.38991674375578167,0.36653679653679655
foundation_backbone,mae_flatten,xgboost_depth2,84,4,138,ok,,0.39855072463768115,0.14248704663212436,0.09963768115942029,0.25
foundation_backbone,mae_flatten,svm_C1p0,85,4,138,ok,,0.2318840579710145,0.19354800604800607,0.2577751196172249,0.21215367965367965
foundation_backbone,mae_flatten,logreg_C0p1,85,4,138,ok,,0.2246376811594203,0.1782765737874097,0.23049000309638606,0.19943722943722944
foundation_backbone,mae_flatten,xgboost_depth2,85,4,138,ok,,0.21739130434782608,0.08928571428571429,0.05434782608695652,0.25
foundation_backbone,mae_flatten,svm_C1p0,86,4,138,ok,,0.30434782608695654,0.2743576476588899,0.2794312169312169,0.31227272727272726
foundation_backbone,mae_flatten,logreg_C0p1,86,4,138,ok,,0.2898550724637681,0.26702232952232946,0.28136407617539694,0.2928679653679654
foundation_backbone,mae_flatten,xgboost_depth2,86,4,138,ok,,0.18115942028985507,0.07668711656441718,0.04528985507246377,0.25
foundation_backbone,mae_flatten,svm_C1p0,87,4,138,ok,,0.37681159420289856,0.3082821038251366,0.309579945799458,0.3292424242424242
foundation_backbone,mae_flatten,logreg_C0p1,87,4,138,ok,,0.36231884057971014,0.309074742041834,0.3204503829503829,0.32453463203463206
foundation_backbone,mae_flatten,xgboost_depth2,87,4,138,ok,,0.39855072463768115,0.14248704663212436,0.09963768115942029,0.25
foundation_backbone,mae_flatten,svm_C1p0,88,4,138,ok,,0.2463768115942029,0.22895474392850124,0.2507505026302019,0.23177489177489174
foundation_backbone,mae_flatten,logreg_C0p1,88,4,138,ok,,0.2463768115942029,0.22302763948481522,0.2337466931216931,0.2301082251082251
foundation_backbone,mae_flatten,xgboost_depth2,88,4,138,ok,,0.18115942028985507,0.07668711656441718,0.04528985507246377,0.25
foundation_backbone,mae_flatten,svm_C1p0,89,4,138,ok,,0.391304347826087,0.29287634408602153,0.2751201923076923,0.3134199134199134
foundation_backbone,mae_flatten,logreg_C0p1,89,4,138,ok,,0.41304347826086957,0.3268665043619396,0.3332141495041953,0.3418722943722944
foundation_backbone,mae_flatten,xgboost_depth2,89,4,138,ok,,0.39855072463768115,0.14248704663212436,0.09963768115942029,0.25
foundation_backbone,mae_flatten,svm_C1p0,90,4,138,ok,,0.2608695652173913,0.25631159190481223,0.2777493606138108,0.27140692640692643
foundation_backbone,mae_flatten,logreg_C0p1,90,4,138,ok,,0.2536231884057971,0.24775941120674894,0.2731246156999385,0.2472077922077922
foundation_backbone,mae_flatten,xgboost_depth2,90,4,138,ok,,0.39855072463768115,0.14248704663212436,0.09963768115942029,0.25
foundation_backbone,mae_flatten,svm_C1p0,91,4,138,ok,,0.36231884057971014,0.30015965574904857,0.41524851122308754,0.329534632034632
foundation_backbone,mae_flatten,logreg_C0p1,91,4,138,ok,,0.3695652173913043,0.30742823155655224,0.4176829268292683,0.339534632034632
foundation_backbone,mae_flatten,xgboost_depth2,91,4,138,ok,,0.21739130434782608,0.08928571428571429,0.05434782608695652,0.25
foundation_backbone,mae_flatten,svm_C1p0,92,4,138,ok,,0.21014492753623187,0.1754998473748474,0.18635727407925817,0.23555194805194807
foundation_backbone,mae_flatten,logreg_C0p1,92,4,138,ok,,0.18840579710144928,0.1644624495485955,0.17454390537289494,0.20555194805194804
foundation_backbone,mae_flatten,xgboost_depth2,92,4,138,ok,,0.2028985507246377,0.08433734939759036,0.050724637681159424,0.25
foundation_backbone,mae_flatten,svm_C1p0,93,4,138,ok,,0.18115942028985507,0.18812536148062464,0.2502964959568733,0.18388528138528137
foundation_backbone,mae_flatten,logreg_C0p1,93,4,138,ok,,0.18115942028985507,0.18781464802926912,0.2613672969187675,0.18281385281385282
foundation_backbone,mae_flatten,xgboost_depth2,93,4,138,ok,,0.21739130434782608,0.08928571428571429,0.05434782608695652,0.25
foundation_backbone,mae_flatten,svm_C1p0,94,4,138,ok,,0.427536231884058,0.38252314814814814,0.38160196400135116,0.38462121212121214
foundation_backbone,mae_flatten,logreg_C0p1,94,4,138,ok,,0.42028985507246375,0.3565595156981711,0.3514016018306636,0.36633116883116884
foundation_backbone,mae_flatten,xgboost_depth2,94,4,138,ok,,0.2028985507246377,0.08433734939759036,0.050724637681159424,0.25
foundation_backbone,mae_flatten,svm_C1p0,95,4,138,ok,,0.37681159420289856,0.31212335216572507,0.3422003284072249,0.3193073593073593
foundation_backbone,mae_flatten,logreg_C0p1,95,4,138,ok,,0.37681159420289856,0.3044198033604813,0.33366560340244555,0.3111147186147186
foundation_backbone,mae_flatten,xgboost_depth2,95,4,138,ok,,0.21739130434782608,0.08928571428571429,0.05434782608695652,0.25
foundation_backbone,mae_flatten,svm_C1p0,96,4,138,ok,,0.2898550724637681,0.2893033809134544,0.2947184152206641,0.3162878787878788
foundation_backbone,mae_flatten,logreg_C0p1,96,4,138,ok,,0.2971014492753623,0.2965582053578339,0.30293922002668155,0.3149025974025974
foundation_backbone,mae_flatten,xgboost_depth2,96,4,138,ok,,0.39855072463768115,0.14248704663212436,0.09963768115942029,0.25
foundation_backbone,mae_flatten,svm_C1p0,97,4,138,ok,,0.26811594202898553,0.2582788671023965,0.26789778187829166,0.2888852813852814
foundation_backbone,mae_flatten,logreg_C0p1,97,4,138,ok,,0.2608695652173913,0.24440999146634135,0.2481060606060606,0.27664502164502164
foundation_backbone,mae_flatten,xgboost_depth2,97,4,138,ok,,0.18115942028985507,0.07668711656441718,0.04528985507246377,0.25
foundation_backbone,mae_flatten,svm_C1p0,98,4,138,ok,,0.2246376811594203,0.20355175708581894,0.23426573426573424,0.2013203463203463
foundation_backbone,mae_flatten,logreg_C0p1,98,4,138,ok,,0.2536231884057971,0.20741579647829647,0.26767201120797013,0.21345238095238095
foundation_backbone,mae_flatten,xgboost_depth2,98,4,138,ok,,0.2028985507246377,0.08433734939759036,0.050724637681159424,0.25
foundation_backbone,mae_flatten,svm_C1p0,99,4,138,ok,,0.2536231884057971,0.2530147426341001,0.2630410238769372,0.27142857142857146
foundation_backbone,mae_flatten,logreg_C0p1,99,4,138,ok,,0.2463768115942029,0.24547040452837554,0.2598938789868668,0.2625
foundation_backbone,mae_flatten,xgboost_depth2,99,4,138,ok,,0.18115942028985507,0.07668711656441718,0.04528985507246377,0.25
foundation_backbone,mae_flatten,svm_C1p0,100,4,138,ok,,0.2318840579710145,0.20808881839809673,0.27061766735679776,0.2599891774891775
foundation_backbone,mae_flatten,logreg_C0p1,100,4,138,ok,,0.2246376811594203,0.2032285946901104,0.27262443438914025,0.24408008658008656
foundation_backbone,mae_flatten,xgboost_depth2,100,4,138,ok,,0.39855072463768115,0.14248704663212436,0.09963768115942029,0.25
prototype_head,mae_embeddings,prototype_mahalanobis_support_anova,1,4,138,ok,,0.17391304347826086,0.11473218875295568,0.1607142857142857,0.19636363636363635
prototype_head,mae_embeddings,prototype_mahalanobis_support_anova,2,4,138,ok,,0.36231884057971014,0.3127764092808481,0.4258718809280607,0.36952380952380953
prototype_head,mae_embeddings,prototype_mahalanobis_support_anova,3,4,138,ok,,0.26811594202898553,0.20612026862026864,0.18902369560264298,0.23095238095238096
prototype_head,mae_embeddings,prototype_mahalanobis_support_anova,4,4,138,ok,,0.34057971014492755,0.2845994918226058,0.3090667719623114,0.3054437229437229
prototype_head,mae_embeddings,prototype_mahalanobis_support_anova,5,4,138,ok,,0.2826086956521739,0.24357089033535811,0.2918811975591151,0.27134199134199133
prototype_head,mae_embeddings,prototype_mahalanobis_support_anova,6,4,138,ok,,0.2608695652173913,0.25521007983151256,0.3590726745016579,0.2787878787878788
prototype_head,mae_embeddings,prototype_mahalanobis_support_anova,7,4,138,ok,,0.17391304347826086,0.1441883684166736,0.1909211680338441,0.18024891774891777
prototype_head,mae_embeddings,prototype_mahalanobis_support_anova,8,4,138,ok,,0.2318840579710145,0.19460021101602365,0.19542887667887665,0.2027922077922078
prototype_head,mae_embeddings,prototype_mahalanobis_support_anova,9,4,138,ok,,0.2608695652173913,0.1868346538157859,0.24872549019607842,0.2884199134199134
prototype_head,mae_embeddings,prototype_mahalanobis_support_anova,10,4,138,ok,,0.41304347826086957,0.36798077213773916,0.485629290617849,0.3781493506493506
prototype_head,mae_embeddings,prototype_mahalanobis_support_anova,11,4,138,ok,,0.18840579710144928,0.16870351356937852,0.18798842000568344,0.19345238095238096
prototype_head,mae_embeddings,prototype_mahalanobis_support_anova,12,4,138,ok,,0.2318840579710145,0.2353615946701053,0.29230794313290726,0.26122294372294375
prototype_head,mae_embeddings,prototype_mahalanobis_support_anova,13,4,138,ok,,0.2028985507246377,0.18158400814487316,0.20299032864654082,0.23372294372294372
prototype_head,mae_embeddings,prototype_mahalanobis_support_anova,14,4,138,ok,,0.2898550724637681,0.2646094062042338,0.28825393356643353,0.28639610389610387
prototype_head,mae_embeddings,prototype_mahalanobis_support_anova,15,4,138,ok,,0.2318840579710145,0.22983173076923075,0.24548387096774194,0.2234199134199134
prototype_head,mae_embeddings,prototype_mahalanobis_support_anova,16,4,138,ok,,0.26811594202898553,0.20958141321044546,0.4250288018433179,0.24317099567099565
prototype_head,mae_embeddings,prototype_mahalanobis_support_anova,17,4,138,ok,,0.391304347826087,0.3601061710809049,0.36778773762469413,0.3624891774891775
prototype_head,mae_embeddings,prototype_mahalanobis_support_anova,18,4,138,ok,,0.2608695652173913,0.2279411764705882,0.3800461225766104,0.28975108225108226
prototype_head,mae_embeddings,prototype_mahalanobis_support_anova,19,4,138,ok,,0.35507246376811596,0.3359936575052854,0.36817617866004965,0.3433549783549783
prototype_head,mae_embeddings,prototype_mahalanobis_support_anova,20,4,138,ok,,0.391304347826087,0.36818313532309477,0.3928113553113553,0.3744480519480519
prototype_head,mae_embeddings,prototype_mahalanobis_support_anova,21,4,138,ok,,0.2753623188405797,0.19905023891244364,0.2220348190822721,0.2931277056277056
prototype_head,mae_embeddings,prototype_mahalanobis_support_anova,22,4,138,ok,,0.35507246376811596,0.2970624727878573,0.37910052910052905,0.36238095238095236
prototype_head,mae_embeddings,prototype_mahalanobis_support_anova,23,4,138,ok,,0.391304347826087,0.36055843093077133,0.3977633477633477,0.37875541125541123
prototype_head,mae_embeddings,prototype_mahalanobis_support_anova,24,4,138,ok,,0.35507246376811596,0.2879122558417382,0.285144785115304,0.29295454545454547
prototype_head,mae_embeddings,prototype_mahalanobis_support_anova,25,4,138,ok,,0.2826086956521739,0.25885642801478903,0.2711427939876216,0.30059523809523814
prototype_head,mae_embeddings,prototype_mahalanobis_support_anova,26,4,138,ok,,0.2246376811594203,0.22988910403098045,0.26548803601042403,0.2553463203463204
prototype_head,mae_embeddings,prototype_mahalanobis_support_anova,27,4,138,ok,,0.32608695652173914,0.29562128222075346,0.345915725047081,0.30533549783549785
prototype_head,mae_embeddings,prototype_mahalanobis_support_anova,28,4,138,ok,,0.34782608695652173,0.30041009714922756,0.30524453024453024,0.2994588744588744
prototype_head,mae_embeddings,prototype_mahalanobis_support_anova,29,4,138,ok,,0.42028985507246375,0.34048109774212715,0.33005793226381464,0.3892424242424242
prototype_head,mae_embeddings,prototype_mahalanobis_support_anova,30,4,138,ok,,0.2753623188405797,0.24739487551943418,0.39494195688225536,0.29564935064935066
prototype_head,mae_embeddings,prototype_mahalanobis_support_anova,31,4,138,ok,,0.3115942028985507,0.28625700280112043,0.3116159965130217,0.2817099567099567
prototype_head,mae_embeddings,prototype_mahalanobis_support_anova,32,4,138,ok,,0.37681159420289856,0.30033188192768856,0.28933499757298387,0.3356060606060606
prototype_head,mae_embeddings,prototype_mahalanobis_support_anova,33,4,138,ok,,0.30434782608695654,0.20559930008748906,0.23493259318001586,0.28181818181818186
prototype_head,mae_embeddings,prototype_mahalanobis_support_anova,34,4,138,ok,,0.2753623188405797,0.20059631642512077,0.23952914499132985,0.28874458874458875
prototype_head,mae_embeddings,prototype_mahalanobis_support_anova,35,4,138,ok,,0.3333333333333333,0.252091539879296,0.2373981123981124,0.26948051948051943
prototype_head,mae_embeddings,prototype_mahalanobis_support_anova,36,4,138,ok,,0.21739130434782608,0.14841173910941352,0.16978985926354348,0.263939393939394
prototype_head,mae_embeddings,prototype_mahalanobis_support_anova,37,4,138,ok,,0.2608695652173913,0.25009726231062,0.2848809523809524,0.28404761904761905
prototype_head,mae_embeddings,prototype_mahalanobis_support_anova,38,4,138,ok,,0.2391304347826087,0.205268215570991,0.24919307511737088,0.287521645021645
prototype_head,mae_embeddings,prototype_mahalanobis_support_anova,39,4,138,ok,,0.21739130434782608,0.16773682097637768,0.19519742225859246,0.23500000000000001
prototype_head,mae_embeddings,prototype_mahalanobis_support_anova,40,4,138,ok,,0.2318840579710145,0.18014520354598273,0.17362869198312236,0.2662337662337662
prototype_head,mae_embeddings,prototype_mahalanobis_support_anova,41,4,138,ok,,0.2391304347826087,0.23315295815295814,0.271621254562431,0.24466450216450217
prototype_head,mae_embeddings,prototype_mahalanobis_support_anova,42,4,138,ok,,0.34057971014492755,0.24993420557936685,0.2237218119571061,0.28474025974025974
prototype_head,mae_embeddings,prototype_mahalanobis_support_anova,43,4,138,ok,,0.2826086956521739,0.20098228946751112,0.2130952380952381,0.2166017316017316
prototype_head,mae_embeddings,prototype_mahalanobis_support_anova,44,4,138,ok,,0.17391304347826086,0.16754682047524133,0.21319785162057686,0.20296536796536796
prototype_head,mae_embeddings,prototype_mahalanobis_support_anova,45,4,138,ok,,0.2536231884057971,0.24565866232532899,0.3033840432724814,0.2905627705627706
prototype_head,mae_embeddings,prototype_mahalanobis_support_anova,46,4,138,ok,,0.2536231884057971,0.20454401770191244,0.23196649029982364,0.25452380952380954
prototype_head,mae_embeddings,prototype_mahalanobis_support_anova,47,4,138,ok,,0.3115942028985507,0.20936523460795306,0.20075411650754116,0.260443722943723
prototype_head,mae_embeddings,prototype_mahalanobis_support_anova,48,4,138,ok,,0.36231884057971014,0.28175990675990675,0.28113370547581074,0.31771645021645023
prototype_head,mae_embeddings,prototype_mahalanobis_support_anova,49,4,138,ok,,0.2391304347826087,0.20183060109289616,0.17978260869565216,0.289047619047619
prototype_head,mae_embeddings,prototype_mahalanobis_support_anova,50,4,138,ok,,0.2753623188405797,0.1956002480963881,0.296195652173913,0.2821212121212121
prototype_head,mae_embeddings,prototype_mahalanobis_support_anova,51,4,138,ok,,0.3695652173913043,0.32441550331458585,0.41208389563652725,0.3816450216450216
prototype_head,mae_embeddings,prototype_mahalanobis_support_anova,52,4,138,ok,,0.3115942028985507,0.2988049686162894,0.35935516365844233,0.30858225108225107
prototype_head,mae_embeddings,prototype_mahalanobis_support_anova,53,4,138,ok,,0.2318840579710145,0.19854657187395816,0.3341825513196481,0.26376623376623376
prototype_head,mae_embeddings,prototype_mahalanobis_support_anova,54,4,138,ok,,0.2826086956521739,0.22514005602240897,0.2118161094224924,0.2603896103896104
prototype_head,mae_embeddings,prototype_mahalanobis_support_anova,55,4,138,ok,,0.2463768115942029,0.22233126721763086,0.3556989247311828,0.2567857142857143
prototype_head,mae_embeddings,prototype_mahalanobis_support_anova,56,4,138,ok,,0.18840579710144928,0.1769653962770995,0.1941991341991342,0.2397835497835498
prototype_head,mae_embeddings,prototype_mahalanobis_support_anova,57,4,138,ok,,0.2246376811594203,0.1626233376233376,0.4279979674796748,0.27832251082251086
prototype_head,mae_embeddings,prototype_mahalanobis_support_anova,58,4,138,ok,,0.18115942028985507,0.19837176085293556,0.20934676378388345,0.20463203463203464
prototype_head,mae_embeddings,prototype_mahalanobis_support_anova,59,4,138,ok,,0.2391304347826087,0.22444261967920773,0.24226234340456893,0.27134199134199133
prototype_head,mae_embeddings,prototype_mahalanobis_support_anova,60,4,138,ok,,0.2898550724637681,0.21001683501683502,0.2620192307692307,0.29353896103896104
prototype_head,mae_embeddings,prototype_mahalanobis_support_anova,61,4,138,ok,,0.2536231884057971,0.214351606248158,0.26231501057082457,0.2855627705627706
prototype_head,mae_embeddings,prototype_mahalanobis_support_anova,62,4,138,ok,,0.30434782608695654,0.27931560208491585,0.2846382783882784,0.2832142857142857
prototype_head,mae_embeddings,prototype_mahalanobis_support_anova,63,4,138,ok,,0.2391304347826087,0.2198423478911284,0.27297264139369404,0.2795346320346321
prototype_head,mae_embeddings,prototype_mahalanobis_support_anova,64,4,138,ok,,0.37681159420289856,0.3133225261986554,0.3267056530214425,0.32579004329004324
prototype_head,mae_embeddings,prototype_mahalanobis_support_anova,65,4,138,ok,,0.34782608695652173,0.2790000974247394,0.28745644599303133,0.3527272727272727
prototype_head,mae_embeddings,prototype_mahalanobis_support_anova,66,4,138,ok,,0.35507246376811596,0.27859185462398617,0.28332246140465317,0.3332792207792208
prototype_head,mae_embeddings,prototype_mahalanobis_support_anova,67,4,138,ok,,0.2318840579710145,0.19186469877806195,0.2917159582279514,0.28024891774891775
prototype_head,mae_embeddings,prototype_mahalanobis_support_anova,68,4,138,ok,,0.17391304347826086,0.130305653266866,0.1712749615975422,0.218474025974026
prototype_head,mae_embeddings,prototype_mahalanobis_support_anova,69,4,138,ok,,0.2028985507246377,0.2052487937562998,0.23887254901960786,0.24351731601731602
prototype_head,mae_embeddings,prototype_mahalanobis_support_anova,70,4,138,ok,,0.427536231884058,0.3923092710390238,0.42362451737451734,0.41265151515151516
prototype_head,mae_embeddings,prototype_mahalanobis_support_anova,71,4,138,ok,,0.2246376811594203,0.21044156209644932,0.2608063468356311,0.21659090909090908
prototype_head,mae_embeddings,prototype_mahalanobis_support_anova,72,4,138,ok,,0.37681159420289856,0.31711852306874966,0.5507518796992481,0.344534632034632
prototype_head,mae_embeddings,prototype_mahalanobis_support_anova,73,4,138,ok,,0.3115942028985507,0.2113777046814062,0.22556561085972854,0.23147186147186144
prototype_head,mae_embeddings,prototype_mahalanobis_support_anova,74,4,138,ok,,0.2318840579710145,0.21113801452784506,0.20989676811649544,0.22996753246753243
prototype_head,mae_embeddings,prototype_mahalanobis_support_anova,75,4,138,ok,,0.36231884057971014,0.27048503611971103,0.26689500824146745,0.31255411255411253
prototype_head,mae_embeddings,prototype_mahalanobis_support_anova,76,4,138,ok,,0.2391304347826087,0.23745706859741947,0.28045992590584623,0.2437121212121212
prototype_head,mae_embeddings,prototype_mahalanobis_support_anova,77,4,138,ok,,0.30434782608695654,0.15948464912280702,0.12715773809523812,0.2181818181818182
prototype_head,mae_embeddings,prototype_mahalanobis_support_anova,78,4,138,ok,,0.36231884057971014,0.31216577540106955,0.3361111111111111,0.3236796536796537
prototype_head,mae_embeddings,prototype_mahalanobis_support_anova,79,4,138,ok,,0.2391304347826087,0.23513464507978102,0.26755472350230414,0.2621753246753247
prototype_head,mae_embeddings,prototype_mahalanobis_support_anova,80,4,138,ok,,0.2536231884057971,0.24830964343482057,0.27576289207868154,0.29425324675324677
prototype_head,mae_embeddings,prototype_mahalanobis_support_anova,81,4,138,ok,,0.391304347826087,0.3456866905177913,0.3673524844720497,0.35548701298701296
prototype_head,mae_embeddings,prototype_mahalanobis_support_anova,82,4,138,ok,,0.26811594202898553,0.21444763234273218,0.25555555555555554,0.26740259740259736
prototype_head,mae_embeddings,prototype_mahalanobis_support_anova,83,4,138,ok,,0.2753623188405797,0.2304252359441651,0.255969929245283,0.29648268398268396
prototype_head,mae_embeddings,prototype_mahalanobis_support_anova,84,4,138,ok,,0.4057971014492754,0.35441511893124794,0.464126559714795,0.36543290043290044
prototype_head,mae_embeddings,prototype_mahalanobis_support_anova,85,4,138,ok,,0.2753623188405797,0.20832336523125997,0.3129936240230358,0.23563852813852815
prototype_head,mae_embeddings,prototype_mahalanobis_support_anova,86,4,138,ok,,0.2826086956521739,0.26251822738664843,0.27645983645983646,0.2834632034632035
prototype_head,mae_embeddings,prototype_mahalanobis_support_anova,87,4,138,ok,,0.38405797101449274,0.3028340365682138,0.2957124955245256,0.32833333333333337
prototype_head,mae_embeddings,prototype_mahalanobis_support_anova,88,4,138,ok,,0.2971014492753623,0.2925555759316991,0.3247918747918748,0.3219805194805195
prototype_head,mae_embeddings,prototype_mahalanobis_support_anova,89,4,138,ok,,0.34782608695652173,0.2816640961377803,0.2777267156862745,0.2884090909090909
prototype_head,mae_embeddings,prototype_mahalanobis_support_anova,90,4,138,ok,,0.2318840579710145,0.23640894484884256,0.28751408925081867,0.23323593073593074
prototype_head,mae_embeddings,prototype_mahalanobis_support_anova,91,4,138,ok,,0.34782608695652173,0.29308693935180924,0.5369656059144969,0.3258982683982684
prototype_head,mae_embeddings,prototype_mahalanobis_support_anova,92,4,138,ok,,0.17391304347826086,0.15997049552147002,0.17824284375225324,0.1941991341991342
prototype_head,mae_embeddings,prototype_mahalanobis_support_anova,93,4,138,ok,,0.12318840579710146,0.09917200490663759,0.1066616677378657,0.14575757575757575
prototype_head,mae_embeddings,prototype_mahalanobis_support_anova,94,4,138,ok,,0.3188405797101449,0.2403810759436382,0.24285087719298246,0.25011904761904763
prototype_head,mae_embeddings,prototype_mahalanobis_support_anova,95,4,138,ok,,0.35507246376811596,0.2871827871827872,0.33273596176821985,0.29974025974025975
prototype_head,mae_embeddings,prototype_mahalanobis_support_anova,96,4,138,ok,,0.2898550724637681,0.28653202068069084,0.2993650793650794,0.3053787878787879
prototype_head,mae_embeddings,prototype_mahalanobis_support_anova,97,4,138,ok,,0.2826086956521739,0.26653187998124706,0.2989522584333905,0.2992640692640693
prototype_head,mae_embeddings,prototype_mahalanobis_support_anova,98,4,138,ok,,0.2608695652173913,0.2100360576923077,0.29647545662100455,0.21847402597402596
prototype_head,mae_embeddings,prototype_mahalanobis_support_anova,99,4,138,ok,,0.2246376811594203,0.22219948920104382,0.23242015148543976,0.2358116883116883
prototype_head,mae_embeddings,prototype_mahalanobis_support_anova,100,4,138,ok,,0.18840579710144928,0.1834262657632223,0.24386904761904762,0.22304112554112554
direct_binned,bins1024_auc,svm_C1p0,1,4,138,ok,,0.2246376811594203,0.1947836618049384,0.20910138248847926,0.22456709956709958
direct_binned,bins1024_auc,logreg_C0p1,1,4,138,ok,,0.2608695652173913,0.24651873223301796,0.3276854928017719,0.25865800865800864
direct_binned,bins1024_auc,xgboost_depth2,1,4,138,ok,,0.2028985507246377,0.08433734939759036,0.050724637681159424,0.25
direct_binned,bins1024_auc,svm_C1p0,2,4,138,ok,,0.34782608695652173,0.3005172296838963,0.36507163722353597,0.356504329004329
direct_binned,bins1024_auc,logreg_C0p1,2,4,138,ok,,0.36231884057971014,0.2915059773227498,0.316149536737772,0.35363636363636364
direct_binned,bins1024_auc,xgboost_depth2,2,4,138,ok,,0.21739130434782608,0.08928571428571429,0.05434782608695652,0.25
direct_binned,bins1024_auc,svm_C1p0,3,4,138,ok,,0.2318840579710145,0.20606374274805372,0.22824840419777132,0.20162337662337665
direct_binned,bins1024_auc,logreg_C0p1,3,4,138,ok,,0.2753623188405797,0.22130006670914193,0.2507792860734037,0.2251082251082251
direct_binned,bins1024_auc,xgboost_depth2,3,4,138,ok,,0.18115942028985507,0.07668711656441718,0.04528985507246377,0.25
direct_binned,bins1024_auc,svm_C1p0,4,4,138,ok,,0.3115942028985507,0.22854198458291186,0.21742679195804196,0.26606060606060605
direct_binned,bins1024_auc,logreg_C0p1,4,4,138,ok,,0.34782608695652173,0.27570096330585425,0.28949673514890906,0.32432900432900436
direct_binned,bins1024_auc,xgboost_depth2,4,4,138,ok,,0.39855072463768115,0.14248704663212436,0.09963768115942029,0.25
direct_binned,bins1024_auc,svm_C1p0,5,4,138,ok,,0.2608695652173913,0.23115861452064107,0.28490286085222793,0.28069264069264066
direct_binned,bins1024_auc,logreg_C0p1,5,4,138,ok,,0.2608695652173913,0.23083051692461942,0.28231704074034675,0.2888636363636363
direct_binned,bins1024_auc,xgboost_depth2,5,4,138,ok,,0.18115942028985507,0.07668711656441718,0.04528985507246377,0.25
direct_binned,bins1024_auc,svm_C1p0,6,4,138,ok,,0.2318840579710145,0.18995341971366053,0.299836742949607,0.24721861471861473
direct_binned,bins1024_auc,logreg_C0p1,6,4,138,ok,,0.2318840579710145,0.19025112949598078,0.30549719887955185,0.24721861471861473
direct_binned,bins1024_auc,xgboost_depth2,6,4,138,ok,,0.21739130434782608,0.08928571428571429,0.05434782608695652,0.25
direct_binned,bins1024_auc,svm_C1p0,7,4,138,ok,,0.2971014492753623,0.2848825006130583,0.388003663003663,0.32505411255411254
direct_binned,bins1024_auc,logreg_C0p1,7,4,138,ok,,0.2971014492753623,0.2752897757570655,0.35001472179781,0.3146212121212121
direct_binned,bins1024_auc,xgboost_depth2,7,4,138,ok,,0.21739130434782608,0.08928571428571429,0.05434782608695652,0.25
direct_binned,bins1024_auc,svm_C1p0,8,4,138,ok,,0.09420289855072464,0.09166833868378813,0.08748911149825783,0.1072077922077922
direct_binned,bins1024_auc,logreg_C0p1,8,4,138,ok,,0.14492753623188406,0.1291611842105263,0.11691176470588235,0.1543181818181818
direct_binned,bins1024_auc,xgboost_depth2,8,4,138,ok,,0.2028985507246377,0.08433734939759036,0.050724637681159424,0.25
direct_binned,bins1024_auc,svm_C1p0,9,4,138,ok,,0.2246376811594203,0.19177841335333834,0.30076312576312575,0.26341991341991344
direct_binned,bins1024_auc,logreg_C0p1,9,4,138,ok,,0.2536231884057971,0.24275776246399117,0.37347568043770574,0.2883225108225108
direct_binned,bins1024_auc,xgboost_depth2,9,4,138,ok,,0.39855072463768115,0.14248704663212436,0.09963768115942029,0.25
direct_binned,bins1024_auc,svm_C1p0,10,4,138,ok,,0.4057971014492754,0.3030944643438065,0.3025568181818182,0.3316774891774892
direct_binned,bins1024_auc,logreg_C0p1,10,4,138,ok,,0.37681159420289856,0.2891916491997257,0.2955026455026455,0.3074458874458874
direct_binned,bins1024_auc,xgboost_depth2,10,4,138,ok,,0.39855072463768115,0.14248704663212436,0.09963768115942029,0.25
direct_binned,bins1024_auc,svm_C1p0,11,4,138,ok,,0.18840579710144928,0.18090349347286083,0.21316901408450703,0.1956926406926407
direct_binned,bins1024_auc,logreg_C0p1,11,4,138,ok,,0.21014492753623187,0.20288576435342415,0.26798101496896676,0.2250974025974026
direct_binned,bins1024_auc,xgboost_depth2,11,4,138,ok,,0.2028985507246377,0.08433734939759036,0.050724637681159424,0.25
direct_binned,bins1024_auc,svm_C1p0,12,4,138,ok,,0.15942028985507245,0.14008917370223442,0.12459893048128343,0.20273809523809525
direct_binned,bins1024_auc,logreg_C0p1,12,4,138,ok,,0.16666666666666666,0.14997106709802993,0.13769600070472165,0.21107142857142858
direct_binned,bins1024_auc,xgboost_depth2,12,4,138,ok,,0.21739130434782608,0.08928571428571429,0.05434782608695652,0.25
direct_binned,bins1024_auc,svm_C1p0,13,4,138,ok,,0.30434782608695654,0.30399404720195133,0.3641143822393822,0.3342857142857143
direct_binned,bins1024_auc,logreg_C0p1,13,4,138,ok,,0.26811594202898553,0.26623693929021797,0.34350649350649354,0.2891666666666667
direct_binned,bins1024_auc,xgboost_depth2,13,4,138,ok,,0.2028985507246377,0.08433734939759036,0.050724637681159424,0.25
direct_binned,bins1024_auc,svm_C1p0,14,4,138,ok,,0.36231884057971014,0.32617726638170486,0.36721982439049283,0.34845238095238096
direct_binned,bins1024_auc,logreg_C0p1,14,4,138,ok,,0.37681159420289856,0.32163916048355407,0.36509921981004073,0.34179653679653677
direct_binned,bins1024_auc,xgboost_depth2,14,4,138,ok,,0.39855072463768115,0.14248704663212436,0.09963768115942029,0.25
direct_binned,bins1024_auc,svm_C1p0,15,4,138,ok,,0.2246376811594203,0.20198204882022633,0.2638318607068607,0.1948160173160173
direct_binned,bins1024_auc,logreg_C0p1,15,4,138,ok,,0.21014492753623187,0.20761133206785382,0.2582051282051282,0.19875541125541124
direct_binned,bins1024_auc,xgboost_depth2,15,4,138,ok,,0.39855072463768115,0.14248704663212436,0.09963768115942029,0.25
direct_binned,bins1024_auc,svm_C1p0,16,4,138,ok,,0.2391304347826087,0.23827100640002935,0.25901188723850305,0.26856060606060606
direct_binned,bins1024_auc,logreg_C0p1,16,4,138,ok,,0.18840579710144928,0.18543379681071503,0.185415260908682,0.21566017316017316
direct_binned,bins1024_auc,xgboost_depth2,16,4,138,ok,,0.21739130434782608,0.08928571428571429,0.05434782608695652,0.25
direct_binned,bins1024_auc,svm_C1p0,17,4,138,ok,,0.2898550724637681,0.2699138729986258,0.29738677203299846,0.2823917748917749
direct_binned,bins1024_auc,logreg_C0p1,17,4,138,ok,,0.36231884057971014,0.3278960345546302,0.34409138655462185,0.3408766233766234
direct_binned,bins1024_auc,xgboost_depth2,17,4,138,ok,,0.39855072463768115,0.14248704663212436,0.09963768115942029,0.25
direct_binned,bins1024_auc,svm_C1p0,18,4,138,ok,,0.2608695652173913,0.21526422634693496,0.294775641025641,0.28405844155844157
direct_binned,bins1024_auc,logreg_C0p1,18,4,138,ok,,0.26811594202898553,0.2118728820290162,0.3056663199260287,0.2917965367965368
direct_binned,bins1024_auc,xgboost_depth2,18,4,138,ok,,0.39855072463768115,0.14248704663212436,0.09963768115942029,0.25
direct_binned,bins1024_auc,svm_C1p0,19,4,138,ok,,0.34782608695652173,0.26442760942760946,0.3633802816901409,0.3101082251082251
direct_binned,bins1024_auc,logreg_C0p1,19,4,138,ok,,0.4057971014492754,0.31333791891657925,0.40614269788182833,0.3563095238095238
direct_binned,bins1024_auc,xgboost_depth2,19,4,138,ok,,0.18115942028985507,0.07668711656441718,0.04528985507246377,0.25
direct_binned,bins1024_auc,svm_C1p0,20,4,138,ok,,0.41304347826086957,0.3704227401151827,0.3965038314176245,0.38314935064935063
direct_binned,bins1024_auc,logreg_C0p1,20,4,138,ok,,0.43478260869565216,0.3886555135329834,0.41523521645472866,0.4060281385281385
direct_binned,bins1024_auc,xgboost_depth2,20,4,138,ok,,0.18115942028985507,0.07668711656441718,0.04528985507246377,0.25
direct_binned,bins1024_auc,svm_C1p0,21,4,138,ok,,0.1956521739130435,0.19401321446934433,0.21856897128636257,0.20176406926406928
direct_binned,bins1024_auc,logreg_C0p1,21,4,138,ok,,0.1956521739130435,0.19837821875738249,0.22625998444899978,0.20116883116883116
direct_binned,bins1024_auc,xgboost_depth2,21,4,138,ok,,0.21739130434782608,0.08928571428571429,0.05434782608695652,0.25
direct_binned,bins1024_auc,svm_C1p0,22,4,138,ok,,0.2536231884057971,0.21328573960152908,0.3871212121212121,0.28771645021645026
direct_binned,bins1024_auc,logreg_C0p1,22,4,138,ok,,0.2971014492753623,0.25056563183858166,0.4135531135531135,0.3149891774891775
direct_binned,bins1024_auc,xgboost_depth2,22,4,138,ok,,0.39855072463768115,0.14248704663212436,0.09963768115942029,0.25
direct_binned,bins1024_auc,svm_C1p0,23,4,138,ok,,0.2536231884057971,0.2019685886402754,0.22864145658263307,0.24996753246753245
direct_binned,bins1024_auc,logreg_C0p1,23,4,138,ok,,0.34057971014492755,0.27725113568005977,0.27562111801242234,0.3011038961038961
direct_binned,bins1024_auc,xgboost_depth2,23,4,138,ok,,0.21739130434782608,0.08928571428571429,0.05434782608695652,0.25
direct_binned,bins1024_auc,svm_C1p0,24,4,138,ok,,0.35507246376811596,0.28556815342328834,0.2943466896607475,0.3155844155844156
direct_binned,bins1024_auc,logreg_C0p1,24,4,138,ok,,0.35507246376811596,0.2797804332044894,0.2695338629989086,0.30562770562770564
direct_binned,bins1024_auc,xgboost_depth2,24,4,138,ok,,0.39855072463768115,0.14248704663212436,0.09963768115942029,0.25
direct_binned,bins1024_auc,svm_C1p0,25,4,138,ok,,0.2536231884057971,0.25350092945029656,0.2794294990723562,0.26145021645021643
direct_binned,bins1024_auc,logreg_C0p1,25,4,138,ok,,0.2463768115942029,0.2484596863810347,0.26323529411764707,0.2537121212121212
direct_binned,bins1024_auc,xgboost_depth2,25,4,138,ok,,0.39855072463768115,0.14248704663212436,0.09963768115942029,0.25
direct_binned,bins1024_auc,svm_C1p0,26,4,138,ok,,0.2971014492753623,0.2755541207447268,0.2937091503267974,0.28517316017316013
direct_binned,bins1024_auc,logreg_C0p1,26,4,138,ok,,0.34782608695652173,0.24428571428571427,0.23002697033263408,0.28214285714285714
direct_binned,bins1024_auc,xgboost_depth2,26,4,138,ok,,0.2028985507246377,0.08433734939759036,0.050724637681159424,0.25
direct_binned,bins1024_auc,svm_C1p0,27,4,138,ok,,0.21014492753623187,0.19678571428571429,0.348015873015873,0.2198160173160173
direct_binned,bins1024_auc,logreg_C0p1,27,4,138,ok,,0.2318840579710145,0.21328785781124923,0.3076291079812207,0.22799783549783548
direct_binned,bins1024_auc,xgboost_depth2,27,4,138,ok,,0.39855072463768115,0.14248704663212436,0.09963768115942029,0.25
direct_binned,bins1024_auc,svm_C1p0,28,4,138,ok,,0.34782608695652173,0.2780008504872283,0.28770441545136327,0.3098160173160173
direct_binned,bins1024_auc,logreg_C0p1,28,4,138,ok,,0.43478260869565216,0.367257230367653,0.3677536231884058,0.40371212121212124
direct_binned,bins1024_auc,xgboost_depth2,28,4,138,ok,,0.39855072463768115,0.14248704663212436,0.09963768115942029,0.25
direct_binned,bins1024_auc,svm_C1p0,29,4,138,ok,,0.2898550724637681,0.26064344460570876,0.35749865807836817,0.29798701298701297
direct_binned,bins1024_auc,logreg_C0p1,29,4,138,ok,,0.3188405797101449,0.27871367410482617,0.4327687033676144,0.3172402597402598
direct_binned,bins1024_auc,xgboost_depth2,29,4,138,ok,,0.21739130434782608,0.08928571428571429,0.05434782608695652,0.25
direct_binned,bins1024_auc,svm_C1p0,30,4,138,ok,,0.21739130434782608,0.19474969474969475,0.23529797350051856,0.23796536796536796
direct_binned,bins1024_auc,logreg_C0p1,30,4,138,ok,,0.2536231884057971,0.2417430608607079,0.29558457051961823,0.27870129870129867
direct_binned,bins1024_auc,xgboost_depth2,30,4,138,ok,,0.18115942028985507,0.07668711656441718,0.04528985507246377,0.25
direct_binned,bins1024_auc,svm_C1p0,31,4,138,ok,,0.21014492753623187,0.2083453341013825,0.25893395819866405,0.25446969696969696
direct_binned,bins1024_auc,logreg_C0p1,31,4,138,ok,,0.21014492753623187,0.20489778434686012,0.28640905542544887,0.25187229437229436
direct_binned,bins1024_auc,xgboost_depth2,31,4,138,ok,,0.2028985507246377,0.08433734939759036,0.050724637681159424,0.25
direct_binned,bins1024_auc,svm_C1p0,32,4,138,ok,,0.2898550724637681,0.2677839737327689,0.3392226734618039,0.2948051948051948
direct_binned,bins1024_auc,logreg_C0p1,32,4,138,ok,,0.3188405797101449,0.30956974935633474,0.32772366093820116,0.3354978354978355
direct_binned,bins1024_auc,xgboost_depth2,32,4,138,ok,,0.21739130434782608,0.08928571428571429,0.05434782608695652,0.25
direct_binned,bins1024_auc,svm_C1p0,33,4,138,ok,,0.36231884057971014,0.33147957935925654,0.39015478473998294,0.3470887445887446
direct_binned,bins1024_auc,logreg_C0p1,33,4,138,ok,,0.3695652173913043,0.3261974781839849,0.39929157077100114,0.36528138528138526
direct_binned,bins1024_auc,xgboost_depth2,33,4,138,ok,,0.39855072463768115,0.14248704663212436,0.09963768115942029,0.25
direct_binned,bins1024_auc,svm_C1p0,34,4,138,ok,,0.2608695652173913,0.24444444444444444,0.3117857142857143,0.29853896103896105
direct_binned,bins1024_auc,logreg_C0p1,34,4,138,ok,,0.2536231884057971,0.23706348256202278,0.31068238471125886,0.28415584415584416
direct_binned,bins1024_auc,xgboost_depth2,34,4,138,ok,,0.2028985507246377,0.08433734939759036,0.050724637681159424,0.25
direct_binned,bins1024_auc,svm_C1p0,35,4,138,ok,,0.2463768115942029,0.21118140788812795,0.23834498834498835,0.2463095238095238
direct_binned,bins1024_auc,logreg_C0p1,35,4,138,ok,,0.26811594202898553,0.21669029057406092,0.23704013377926422,0.2582792207792208
direct_binned,bins1024_auc,xgboost_depth2,35,4,138,ok,,0.21739130434782608,0.08928571428571429,0.05434782608695652,0.25
direct_binned,bins1024_auc,svm_C1p0,36,4,138,ok,,0.2536231884057971,0.212476996687523,0.2401984126984127,0.24953463203463203
direct_binned,bins1024_auc,logreg_C0p1,36,4,138,ok,,0.2246376811594203,0.20034088206537537,0.20972167959665866,0.2459090909090909
direct_binned,bins1024_auc,xgboost_depth2,36,4,138,ok,,0.21739130434782608,0.08928571428571429,0.05434782608695652,0.25
direct_binned,bins1024_auc,svm_C1p0,37,4,138,ok,,0.1956521739130435,0.18890281258702307,0.279069432440219,0.23615800865800868
direct_binned,bins1024_auc,logreg_C0p1,37,4,138,ok,,0.2028985507246377,0.19646274777853723,0.26386554621848735,0.2254112554112554
direct_binned,bins1024_auc,xgboost_depth2,37,4,138,ok,,0.2028985507246377,0.08433734939759036,0.050724637681159424,0.25
direct_binned,bins1024_auc,svm_C1p0,38,4,138,ok,,0.2608695652173913,0.24790909205675907,0.30795864720652855,0.31806277056277055
direct_binned,bins1024_auc,logreg_C0p1,38,4,138,ok,,0.2608695652173913,0.25050318922749826,0.2947224730515266,0.3092965367965368
direct_binned,bins1024_auc,xgboost_depth2,38,4,138,ok,,0.2028985507246377,0.08433734939759036,0.050724637681159424,0.25
direct_binned,bins1024_auc,svm_C1p0,39,4,138,ok,,0.18840579710144928,0.12318840579710144,0.18268015170670038,0.21636363636363637
direct_binned,bins1024_auc,logreg_C0p1,39,4,138,ok,,0.2463768115942029,0.20298194525334887,0.2597672064777328,0.28136363636363637
direct_binned,bins1024_auc,xgboost_depth2,39,4,138,ok,,0.18115942028985507,0.07668711656441718,0.04528985507246377,0.25
direct_binned,bins1024_auc,svm_C1p0,40,4,138,ok,,0.2318840579710145,0.1842831545610753,0.2287660256410256,0.2649242424242424
direct_binned,bins1024_auc,logreg_C0p1,40,4,138,ok,,0.2463768115942029,0.19310181327049628,0.18342059159061277,0.28208874458874456
direct_binned,bins1024_auc,xgboost_depth2,40,4,138,ok,,0.39855072463768115,0.14248704663212436,0.09963768115942029,0.25
direct_binned,bins1024_auc,svm_C1p0,41,4,138,ok,,0.15217391304347827,0.14026052630703795,0.19497937224933115,0.1552922077922078
direct_binned,bins1024_auc,logreg_C0p1,41,4,138,ok,,0.13043478260869565,0.11461714240352011,0.15073605639643375,0.1458982683982684
direct_binned,bins1024_auc,xgboost_depth2,41,4,138,ok,,0.21739130434782608,0.08928571428571429,0.05434782608695652,0.25
direct_binned,bins1024_auc,svm_C1p0,42,4,138,ok,,0.34782608695652173,0.2650862068965517,0.2387916045702931,0.30126623376623374
direct_binned,bins1024_auc,logreg_C0p1,42,4,138,ok,,0.36231884057971014,0.2745131701574533,0.24934961255889773,0.31035714285714283
direct_binned,bins1024_auc,xgboost_depth2,42,4,138,ok,,0.2028985507246377,0.08433734939759036,0.050724637681159424,0.25
direct_binned,bins1024_auc,svm_C1p0,43,4,138,ok,,0.3115942028985507,0.15978736710444028,0.1629236748216106,0.2084848484848485
direct_binned,bins1024_auc,logreg_C0p1,43,4,138,ok,,0.3188405797101449,0.1755630172296839,0.1970293724966622,0.21741341991341992
direct_binned,bins1024_auc,xgboost_depth2,43,4,138,ok,,0.18115942028985507,0.07668711656441718,0.04528985507246377,0.25
direct_binned,bins1024_auc,svm_C1p0,44,4,138,ok,,0.36231884057971014,0.3170585449033725,0.34798387096774197,0.3429653679653679
direct_binned,bins1024_auc,logreg_C0p1,44,4,138,ok,,0.3695652173913043,0.3205512340343801,0.3594079939668175,0.34751082251082244
direct_binned,bins1024_auc,xgboost_depth2,44,4,138,ok,,0.2028985507246377,0.08433734939759036,0.050724637681159424,0.25
direct_binned,bins1024_auc,svm_C1p0,45,4,138,ok,,0.18115942028985507,0.1829558756350137,0.24790824641460235,0.19027056277056273
direct_binned,bins1024_auc,logreg_C0p1,45,4,138,ok,,0.2463768115942029,0.24198599503477553,0.2853596094308169,0.2643398268398268
direct_binned,bins1024_auc,xgboost_depth2,45,4,138,ok,,0.18115942028985507,0.07668711656441718,0.04528985507246377,0.25
direct_binned,bins1024_auc,svm_C1p0,46,4,138,ok,,0.2246376811594203,0.17750026971625849,0.21706989247311825,0.2005844155844156
direct_binned,bins1024_auc,logreg_C0p1,46,4,138,ok,,0.2246376811594203,0.1681123296776338,0.173015873015873,0.19727272727272727
direct_binned,bins1024_auc,xgboost_depth2,46,4,138,ok,,0.18115942028985507,0.07668711656441718,0.04528985507246377,0.25
direct_binned,bins1024_auc,svm_C1p0,47,4,138,ok,,0.35507246376811596,0.2761201090514497,0.3989661654135338,0.35301948051948057
direct_binned,bins1024_auc,logreg_C0p1,47,4,138,ok,,0.35507246376811596,0.2661979203014865,0.3000816993464053,0.3540909090909091
direct_binned,bins1024_auc,xgboost_depth2,47,4,138,ok,,0.39855072463768115,0.14248704663212436,0.09963768115942029,0.25
direct_binned,bins1024_auc,svm_C1p0,48,4,138,ok,,0.34057971014492755,0.29725124943207637,0.31559593677096737,0.3042965367965368
direct_binned,bins1024_auc,logreg_C0p1,48,4,138,ok,,0.36231884057971014,0.3087930105202006,0.3241967097230255,0.3212445887445887
direct_binned,bins1024_auc,xgboost_depth2,48,4,138,ok,,0.18115942028985507,0.07668711656441718,0.04528985507246377,0.25
direct_binned,bins1024_auc,svm_C1p0,49,4,138,ok,,0.2246376811594203,0.1861825828797625,0.15763746584699453,0.28285714285714286
direct_binned,bins1024_auc,logreg_C0p1,49,4,138,ok,,0.2318840579710145,0.19099413059427733,0.1607442876344086,0.29285714285714287
direct_binned,bins1024_auc,xgboost_depth2,49,4,138,ok,,0.39855072463768115,0.14248704663212436,0.09963768115942029,0.25
direct_binned,bins1024_auc,svm_C1p0,50,4,138,ok,,0.2971014492753623,0.2670324716977861,0.3063503352977037,0.28465367965367966
direct_binned,bins1024_auc,logreg_C0p1,50,4,138,ok,,0.2971014492753623,0.28441943613134113,0.3635008996851102,0.28643939393939394
direct_binned,bins1024_auc,xgboost_depth2,50,4,138,ok,,0.18115942028985507,0.07668711656441718,0.04528985507246377,0.25
direct_binned,bins1024_auc,svm_C1p0,51,4,138,ok,,0.3333333333333333,0.25852764606454576,0.31974145221698685,0.3355952380952381
direct_binned,bins1024_auc,logreg_C0p1,51,4,138,ok,,0.37681159420289856,0.27425320056899005,0.3137250830564784,0.35848484848484846
direct_binned,bins1024_auc,xgboost_depth2,51,4,138,ok,,0.21739130434782608,0.08928571428571429,0.05434782608695652,0.25
direct_binned,bins1024_auc,svm_C1p0,52,4,138,ok,,0.2753623188405797,0.2705600850762141,0.3082875878293972,0.295974025974026
direct_binned,bins1024_auc,logreg_C0p1,52,4,138,ok,,0.2898550724637681,0.2838827838827839,0.30434766383042244,0.3018506493506493
direct_binned,bins1024_auc,xgboost_depth2,52,4,138,ok,,0.39855072463768115,0.14248704663212436,0.09963768115942029,0.25
direct_binned,bins1024_auc,svm_C1p0,53,4,138,ok,,0.2608695652173913,0.22170728188352526,0.3171731411862991,0.2666558441558442
direct_binned,bins1024_auc,logreg_C0p1,53,4,138,ok,,0.26811594202898553,0.22602722523608598,0.29447115384615385,0.2657467532467533
direct_binned,bins1024_auc,xgboost_depth2,53,4,138,ok,,0.21739130434782608,0.08928571428571429,0.05434782608695652,0.25
direct_binned,bins1024_auc,svm_C1p0,54,4,138,ok,,0.2536231884057971,0.2536705326811819,0.26846675868415,0.26821428571428574
direct_binned,bins1024_auc,logreg_C0p1,54,4,138,ok,,0.2608695652173913,0.2603057401110425,0.271527199916788,0.3000324675324675
direct_binned,bins1024_auc,xgboost_depth2,54,4,138,ok,,0.39855072463768115,0.14248704663212436,0.09963768115942029,0.25
direct_binned,bins1024_auc,svm_C1p0,55,4,138,ok,,0.1956521739130435,0.1545142065142065,0.20075887743413517,0.21193722943722942
direct_binned,bins1024_auc,logreg_C0p1,55,4,138,ok,,0.21014492753623187,0.19141604010025062,0.2775587507730365,0.23134199134199132
direct_binned,bins1024_auc,xgboost_depth2,55,4,138,ok,,0.18115942028985507,0.07668711656441718,0.04528985507246377,0.25
direct_binned,bins1024_auc,svm_C1p0,56,4,138,ok,,0.17391304347826086,0.14732981044456456,0.19364436443644364,0.22585497835497836
direct_binned,bins1024_auc,logreg_C0p1,56,4,138,ok,,0.1956521739130435,0.18143877979943554,0.27824312714776633,0.2422077922077922
direct_binned,bins1024_auc,xgboost_depth2,56,4,138,ok,,0.2028985507246377,0.08433734939759036,0.050724637681159424,0.25
direct_binned,bins1024_auc,svm_C1p0,57,4,138,ok,,0.34057971014492755,0.28350441945875865,0.3743934041486878,0.33254329004329003
direct_binned,bins1024_auc,logreg_C0p1,57,4,138,ok,,0.41304347826086957,0.3447368421052632,0.446875,0.4019372294372294
direct_binned,bins1024_auc,xgboost_depth2,57,4,138,ok,,0.39855072463768115,0.14248704663212436,0.09963768115942029,0.25
direct_binned,bins1024_auc,svm_C1p0,58,4,138,ok,,0.13768115942028986,0.150094788252683,0.16152597402597405,0.1507034632034632
direct_binned,bins1024_auc,logreg_C0p1,58,4,138,ok,,0.08695652173913043,0.10400617427471648,0.10824592074592074,0.10692640692640693
direct_binned,bins1024_auc,xgboost_depth2,58,4,138,ok,,0.18115942028985507,0.07668711656441718,0.04528985507246377,0.25
direct_binned,bins1024_auc,svm_C1p0,59,4,138,ok,,0.2318840579710145,0.19214191742600834,0.22755681818181817,0.20574675324675326
direct_binned,bins1024_auc,logreg_C0p1,59,4,138,ok,,0.2463768115942029,0.19474747474747475,0.2613275613275613,0.20452380952380952
direct_binned,bins1024_auc,xgboost_depth2,59,4,138,ok,,0.21739130434782608,0.08928571428571429,0.05434782608695652,0.25
direct_binned,bins1024_auc,svm_C1p0,60,4,138,ok,,0.38405797101449274,0.3078681552365763,0.3180677816901408,0.35798701298701296
direct_binned,bins1024_auc,logreg_C0p1,60,4,138,ok,,0.38405797101449274,0.30060690943043883,0.31690809190809194,0.351461038961039
direct_binned,bins1024_auc,xgboost_depth2,60,4,138,ok,,0.39855072463768115,0.14248704663212436,0.09963768115942029,0.25
direct_binned,bins1024_auc,svm_C1p0,61,4,138,ok,,0.2391304347826087,0.2349393017155484,0.24287518037518036,0.27106060606060606
direct_binned,bins1024_auc,logreg_C0p1,61,4,138,ok,,0.2391304347826087,0.23752096636751951,0.26050685425685427,0.2541233766233766
direct_binned,bins1024_auc,xgboost_depth2,61,4,138,ok,,0.21739130434782608,0.08928571428571429,0.05434782608695652,0.25
direct_binned,bins1024_auc,svm_C1p0,62,4,138,ok,,0.2391304347826087,0.21263466925231633,0.2462912087912088,0.2719155844155844
direct_binned,bins1024_auc,logreg_C0p1,62,4,138,ok,,0.2608695652173913,0.2461458352967787,0.2696428571428572,0.2963203463203463
direct_binned,bins1024_auc,xgboost_depth2,62,4,138,ok,,0.18115942028985507,0.07668711656441718,0.04528985507246377,0.25
direct_binned,bins1024_auc,svm_C1p0,63,4,138,ok,,0.2028985507246377,0.1824067283245189,0.22582852951507262,0.23953463203463204
direct_binned,bins1024_auc,logreg_C0p1,63,4,138,ok,,0.21739130434782608,0.19379242081447964,0.2595112517580872,0.2786147186147186
direct_binned,bins1024_auc,xgboost_depth2,63,4,138,ok,,0.21739130434782608,0.08928571428571429,0.05434782608695652,0.25
direct_binned,bins1024_auc,svm_C1p0,64,4,138,ok,,0.36231884057971014,0.270980420620153,0.291331031837361,0.2877056277056277
direct_binned,bins1024_auc,logreg_C0p1,64,4,138,ok,,0.3695652173913043,0.2987928146317091,0.31056501547987614,0.3048051948051948
direct_binned,bins1024_auc,xgboost_depth2,64,4,138,ok,,0.2028985507246377,0.08433734939759036,0.050724637681159424,0.25
direct_binned,bins1024_auc,svm_C1p0,65,4,138,ok,,0.34782608695652173,0.27258512529646794,0.25615721997300944,0.30727272727272725
direct_binned,bins1024_auc,logreg_C0p1,65,4,138,ok,,0.3695652173913043,0.3066672071162655,0.3628299187892211,0.3366558441558442
direct_binned,bins1024_auc,xgboost_depth2,65,4,138,ok,,0.18115942028985507,0.07668711656441718,0.04528985507246377,0.25
direct_binned,bins1024_auc,svm_C1p0,66,4,138,ok,,0.4057971014492754,0.30098546568172874,0.28360329639102017,0.3684090909090909
direct_binned,bins1024_auc,logreg_C0p1,66,4,138,ok,,0.39855072463768115,0.29583082650647097,0.27998010798522305,0.3594805194805195
direct_binned,bins1024_auc,xgboost_depth2,66,4,138,ok,,0.18115942028985507,0.07668711656441718,0.04528985507246377,0.25
direct_binned,bins1024_auc,svm_C1p0,67,4,138,ok,,0.18840579710144928,0.1764131840972985,0.20425883605231432,0.19412337662337664
direct_binned,bins1024_auc,logreg_C0p1,67,4,138,ok,,0.2391304347826087,0.23985203151869816,0.3310961190708026,0.2553571428571429
direct_binned,bins1024_auc,xgboost_depth2,67,4,138,ok,,0.21739130434782608,0.08928571428571429,0.05434782608695652,0.25
direct_binned,bins1024_auc,svm_C1p0,68,4,138,ok,,0.17391304347826086,0.11028278217761925,0.3238911988911989,0.21311688311688312
direct_binned,bins1024_auc,logreg_C0p1,68,4,138,ok,,0.15942028985507245,0.10286796536796536,0.31705607476635517,0.19525974025974027
direct_binned,bins1024_auc,xgboost_depth2,68,4,138,ok,,0.2028985507246377,0.08433734939759036,0.050724637681159424,0.25
direct_binned,bins1024_auc,svm_C1p0,69,4,138,ok,,0.1956521739130435,0.19623088503049457,0.22445350985221674,0.19297619047619047
direct_binned,bins1024_auc,logreg_C0p1,69,4,138,ok,,0.21739130434782608,0.21670785326112668,0.2437282820578015,0.21904761904761905
direct_binned,bins1024_auc,xgboost_depth2,69,4,138,ok,,0.39855072463768115,0.14248704663212436,0.09963768115942029,0.25
direct_binned,bins1024_auc,svm_C1p0,70,4,138,ok,,0.36231884057971014,0.31522683776789906,0.35861928104575164,0.36299783549783554
direct_binned,bins1024_auc,logreg_C0p1,70,4,138,ok,,0.391304347826087,0.32070650514099563,0.3637214137214137,0.37846320346320345
direct_binned,bins1024_auc,xgboost_depth2,70,4,138,ok,,0.2028985507246377,0.08433734939759036,0.050724637681159424,0.25
direct_binned,bins1024_auc,svm_C1p0,71,4,138,ok,,0.2318840579710145,0.2073954865888344,0.24410696830051667,0.20148268398268396
direct_binned,bins1024_auc,logreg_C0p1,71,4,138,ok,,0.2536231884057971,0.20834934937003588,0.26756432246998285,0.20966450216450214
direct_binned,bins1024_auc,xgboost_depth2,71,4,138,ok,,0.39855072463768115,0.14248704663212436,0.09963768115942029,0.25
direct_binned,bins1024_auc,svm_C1p0,72,4,138,ok,,0.3695652173913043,0.31098789455970016,0.33321953781512603,0.33481601731601734
direct_binned,bins1024_auc,logreg_C0p1,72,4,138,ok,,0.37681159420289856,0.32891717514970203,0.3797796730632551,0.3540584415584415
direct_binned,bins1024_auc,xgboost_depth2,72,4,138,ok,,0.39855072463768115,0.14248704663212436,0.09963768115942029,0.25
direct_binned,bins1024_auc,svm_C1p0,73,4,138,ok,,0.34782608695652173,0.25833763759460354,0.2998301985370951,0.2722077922077922
direct_binned,bins1024_auc,logreg_C0p1,73,4,138,ok,,0.39855072463768115,0.301844070961718,0.4599489795918367,0.3138636363636364
direct_binned,bins1024_auc,xgboost_depth2,73,4,138,ok,,0.39855072463768115,0.14248704663212436,0.09963768115942029,0.25
direct_binned,bins1024_auc,svm_C1p0,74,4,138,ok,,0.18115942028985507,0.18482399019289678,0.17600223533876064,0.21173160173160174
direct_binned,bins1024_auc,logreg_C0p1,74,4,138,ok,,0.18840579710144928,0.18735061350977772,0.19100297105616254,0.207987012987013
direct_binned,bins1024_auc,xgboost_depth2,74,4,138,ok,,0.18115942028985507,0.07668711656441718,0.04528985507246377,0.25
direct_binned,bins1024_auc,svm_C1p0,75,4,138,ok,,0.2898550724637681,0.26221322537112013,0.27861111111111114,0.26866883116883117
direct_binned,bins1024_auc,logreg_C0p1,75,4,138,ok,,0.26811594202898553,0.2517316017316017,0.2775721323011964,0.26155844155844155
direct_binned,bins1024_auc,xgboost_depth2,75,4,138,ok,,0.21739130434782608,0.08928571428571429,0.05434782608695652,0.25
direct_binned,bins1024_auc,svm_C1p0,76,4,138,ok,,0.34057971014492755,0.31466192344241123,0.3693452380952381,0.3120670995670996
direct_binned,bins1024_auc,logreg_C0p1,76,4,138,ok,,0.3333333333333333,0.29675889328063243,0.34769948519948524,0.2938961038961039
direct_binned,bins1024_auc,xgboost_depth2,76,4,138,ok,,0.39855072463768115,0.14248704663212436,0.09963768115942029,0.25
direct_binned,bins1024_auc,svm_C1p0,77,4,138,ok,,0.2753623188405797,0.16398975662779344,0.16830065359477125,0.19785714285714284
direct_binned,bins1024_auc,logreg_C0p1,77,4,138,ok,,0.18840579710144928,0.1278799291094373,0.13410312805474095,0.1433116883116883
direct_binned,bins1024_auc,xgboost_depth2,77,4,138,ok,,0.39855072463768115,0.14248704663212436,0.09963768115942029,0.25
direct_binned,bins1024_auc,svm_C1p0,78,4,138,ok,,0.3333333333333333,0.2561748867041416,0.28129307968017647,0.2742207792207792
direct_binned,bins1024_auc,logreg_C0p1,78,4,138,ok,,0.3333333333333333,0.2750564719672271,0.3396312979646313,0.29754329004329005
direct_binned,bins1024_auc,xgboost_depth2,78,4,138,ok,,0.39855072463768115,0.14248704663212436,0.09963768115942029,0.25
direct_binned,bins1024_auc,svm_C1p0,79,4,138,ok,,0.2608695652173913,0.2376132625045694,0.28848088531187127,0.293008658008658
direct_binned,bins1024_auc,logreg_C0p1,79,4,138,ok,,0.26811594202898553,0.2457083457083457,0.3116929429429429,0.2975541125541125
direct_binned,bins1024_auc,xgboost_depth2,79,4,138,ok,,0.39855072463768115,0.14248704663212436,0.09963768115942029,0.25
direct_binned,bins1024_auc,svm_C1p0,80,4,138,ok,,0.26811594202898553,0.2656465718965719,0.3050607287449393,0.29474025974025975
direct_binned,bins1024_auc,logreg_C0p1,80,4,138,ok,,0.2391304347826087,0.2347266237570086,0.27517679858561134,0.25047619047619046
direct_binned,bins1024_auc,xgboost_depth2,80,4,138,ok,,0.18115942028985507,0.07668711656441718,0.04528985507246377,0.25
direct_binned,bins1024_auc,svm_C1p0,81,4,138,ok,,0.3188405797101449,0.3091069302551023,0.38709935897435893,0.3329004329004329
direct_binned,bins1024_auc,logreg_C0p1,81,4,138,ok,,0.3333333333333333,0.3218730414540245,0.40012626262626266,0.34139610389610386
direct_binned,bins1024_auc,xgboost_depth2,81,4,138,ok,,0.18115942028985507,0.07668711656441718,0.04528985507246377,0.25
direct_binned,bins1024_auc,svm_C1p0,82,4,138,ok,,0.30434782608695654,0.2614279321036985,0.2781084656084656,0.2713311688311688
direct_binned,bins1024_auc,logreg_C0p1,82,4,138,ok,,0.34057971014492755,0.2831578947368421,0.297119942853432,0.3033982683982684
direct_binned,bins1024_auc,xgboost_depth2,82,4,138,ok,,0.18115942028985507,0.07668711656441718,0.04528985507246377,0.25
direct_binned,bins1024_auc,svm_C1p0,83,4,138,ok,,0.2028985507246377,0.17394360123273694,0.17417859917859918,0.23278138528138526
direct_binned,bins1024_auc,logreg_C0p1,83,4,138,ok,,0.18840579710144928,0.16637673589176422,0.16889003558256474,0.2173051948051948
direct_binned,bins1024_auc,xgboost_depth2,83,4,138,ok,,0.2028985507246377,0.08433734939759036,0.050724637681159424,0.25
direct_binned,bins1024_auc,svm_C1p0,84,4,138,ok,,0.36231884057971014,0.3312991709465828,0.3551845760233918,0.33365800865800865
direct_binned,bins1024_auc,logreg_C0p1,84,4,138,ok,,0.34782608695652173,0.3152994640507701,0.33000972936765477,0.3108225108225108
direct_binned,bins1024_auc,xgboost_depth2,84,4,138,ok,,0.39855072463768115,0.14248704663212436,0.09963768115942029,0.25
direct_binned,bins1024_auc,svm_C1p0,85,4,138,ok,,0.2318840579710145,0.2178362573099415,0.25703549324238983,0.2638961038961039
direct_binned,bins1024_auc,logreg_C0p1,85,4,138,ok,,0.1956521739130435,0.1913609789225553,0.1893559656717551,0.21405844155844153
direct_binned,bins1024_auc,xgboost_depth2,85,4,138,ok,,0.21739130434782608,0.08928571428571429,0.05434782608695652,0.25
direct_binned,bins1024_auc,svm_C1p0,86,4,138,ok,,0.2536231884057971,0.2184055956445008,0.2574109147025813,0.2974134199134199
direct_binned,bins1024_auc,logreg_C0p1,86,4,138,ok,,0.2608695652173913,0.22855336031380907,0.2715277777777778,0.2986255411255411
direct_binned,bins1024_auc,xgboost_depth2,86,4,138,ok,,0.18115942028985507,0.07668711656441718,0.04528985507246377,0.25
direct_binned,bins1024_auc,svm_C1p0,87,4,138,ok,,0.3333333333333333,0.3012812774363477,0.3124860014253094,0.3188311688311688
direct_binned,bins1024_auc,logreg_C0p1,87,4,138,ok,,0.3695652173913043,0.33208803392894687,0.34450638845482123,0.34046536796536797
direct_binned,bins1024_auc,xgboost_depth2,87,4,138,ok,,0.39855072463768115,0.14248704663212436,0.09963768115942029,0.25
direct_binned,bins1024_auc,svm_C1p0,88,4,138,ok,,0.21739130434782608,0.22370772963107458,0.2378472222222222,0.22343073593073592
direct_binned,bins1024_auc,logreg_C0p1,88,4,138,ok,,0.2608695652173913,0.2385132382045269,0.25929633867276886,0.23235930735930735
direct_binned,bins1024_auc,xgboost_depth2,88,4,138,ok,,0.18115942028985507,0.07668711656441718,0.04528985507246377,0.25
direct_binned,bins1024_auc,svm_C1p0,89,4,138,ok,,0.26811594202898553,0.25490159875322477,0.2934768492377188,0.2910714285714286
direct_binned,bins1024_auc,logreg_C0p1,89,4,138,ok,,0.2463768115942029,0.23642676767676768,0.2805243161094225,0.2539502164502164
direct_binned,bins1024_auc,xgboost_depth2,89,4,138,ok,,0.39855072463768115,0.14248704663212436,0.09963768115942029,0.25
direct_binned,bins1024_auc,svm_C1p0,90,4,138,ok,,0.2246376811594203,0.22395807067468754,0.2361210494931425,0.22964285714285715
direct_binned,bins1024_auc,logreg_C0p1,90,4,138,ok,,0.2391304347826087,0.24298249752323442,0.2564704798747352,0.2555519480519481
direct_binned,bins1024_auc,xgboost_depth2,90,4,138,ok,,0.39855072463768115,0.14248704663212436,0.09963768115942029,0.25
direct_binned,bins1024_auc,svm_C1p0,91,4,138,ok,,0.2898550724637681,0.2620610698085591,0.2887402452619844,0.28937229437229434
direct_binned,bins1024_auc,logreg_C0p1,91,4,138,ok,,0.30434782608695654,0.2678935468132767,0.3414196454519035,0.3049891774891775
direct_binned,bins1024_auc,xgboost_depth2,91,4,138,ok,,0.21739130434782608,0.08928571428571429,0.05434782608695652,0.25
direct_binned,bins1024_auc,svm_C1p0,92,4,138,ok,,0.2246376811594203,0.2325451218403346,0.2672301826713591,0.24293290043290044
direct_binned,bins1024_auc,logreg_C0p1,92,4,138,ok,,0.21014492753623187,0.2073877012901403,0.22491496598639454,0.22936147186147182
direct_binned,bins1024_auc,xgboost_depth2,92,4,138,ok,,0.2028985507246377,0.08433734939759036,0.050724637681159424,0.25
direct_binned,bins1024_auc,svm_C1p0,93,4,138,ok,,0.2246376811594203,0.21872215451004293,0.26353584571350686,0.23269480519480518
direct_binned,bins1024_auc,logreg_C0p1,93,4,138,ok,,0.2463768115942029,0.23771384915963228,0.29781203148425783,0.2539069264069264
direct_binned,bins1024_auc,xgboost_depth2,93,4,138,ok,,0.21739130434782608,0.08928571428571429,0.05434782608695652,0.25
direct_binned,bins1024_auc,svm_C1p0,94,4,138,ok,,0.34057971014492755,0.24227686919661295,0.25085201609591856,0.25937229437229437
direct_binned,bins1024_auc,logreg_C0p1,94,4,138,ok,,0.34782608695652173,0.236657286021519,0.24945398449234765,0.25846320346320345
direct_binned,bins1024_auc,xgboost_depth2,94,4,138,ok,,0.2028985507246377,0.08433734939759036,0.050724637681159424,0.25
direct_binned,bins1024_auc,svm_C1p0,95,4,138,ok,,0.3188405797101449,0.29220646653770305,0.3214417915111923,0.319512987012987
direct_binned,bins1024_auc,logreg_C0p1,95,4,138,ok,,0.3333333333333333,0.29419815271733296,0.3104723707664884,0.31497835497835497
direct_binned,bins1024_auc,xgboost_depth2,95,4,138,ok,,0.21739130434782608,0.08928571428571429,0.05434782608695652,0.25
direct_binned,bins1024_auc,svm_C1p0,96,4,138,ok,,0.26811594202898553,0.24725441608244572,0.31162587412587417,0.3002705627705628
direct_binned,bins1024_auc,logreg_C0p1,96,4,138,ok,,0.26811594202898553,0.25319519335737206,0.29570578231292516,0.2905735930735931
direct_binned,bins1024_auc,xgboost_depth2,96,4,138,ok,,0.39855072463768115,0.14248704663212436,0.09963768115942029,0.25
direct_binned,bins1024_auc,svm_C1p0,97,4,138,ok,,0.2463768115942029,0.2149861718965624,0.2392566782810685,0.2518831168831169
direct_binned,bins1024_auc,logreg_C0p1,97,4,138,ok,,0.2826086956521739,0.2573917164301263,0.2817860300618921,0.2970021645021645
direct_binned,bins1024_auc,xgboost_depth2,97,4,138,ok,,0.18115942028985507,0.07668711656441718,0.04528985507246377,0.25
direct_binned,bins1024_auc,svm_C1p0,98,4,138,ok,,0.2826086956521739,0.24946722811595934,0.26466698552461737,0.25142857142857145
direct_binned,bins1024_auc,logreg_C0p1,98,4,138,ok,,0.30434782608695654,0.2579060068471833,0.28541666666666665,0.2612770562770563
direct_binned,bins1024_auc,xgboost_depth2,98,4,138,ok,,0.2028985507246377,0.08433734939759036,0.050724637681159424,0.25
direct_binned,bins1024_auc,svm_C1p0,99,4,138,ok,,0.2246376811594203,0.15894160583941608,0.26525229357798163,0.26066017316017315
direct_binned,bins1024_auc,logreg_C0p1,99,4,138,ok,,0.2246376811594203,0.15942410729890194,0.273543528632903,0.25687229437229436
direct_binned,bins1024_auc,xgboost_depth2,99,4,138,ok,,0.18115942028985507,0.07668711656441718,0.04528985507246377,0.25
direct_binned,bins1024_auc,svm_C1p0,100,4,138,ok,,0.15942028985507245,0.13225597931480285,0.15863303363303363,0.18801948051948053
direct_binned,bins1024_auc,logreg_C0p1,100,4,138,ok,,0.18115942028985507,0.15136844424520762,0.1994987468671679,0.21587662337662336
direct_binned,bins1024_auc,xgboost_depth2,100,4,138,ok,,0.39855072463768115,0.14248704663212436,0.09963768115942029,0.25
direct_binned,bins2048_auc,svm_C1p0,1,4,138,ok,,0.2318840579710145,0.20026665816760159,0.21411009328987302,0.2291125541125541
direct_binned,bins2048_auc,logreg_C0p1,1,4,138,ok,,0.2608695652173913,0.24699940582293523,0.348357959245056,0.25865800865800864
direct_binned,bins2048_auc,xgboost_depth2,1,4,138,ok,,0.2028985507246377,0.08433734939759036,0.050724637681159424,0.25
direct_binned,bins2048_auc,svm_C1p0,2,4,138,ok,,0.35507246376811596,0.30688475932378373,0.37286706349206344,0.36104978354978357
direct_binned,bins2048_auc,logreg_C0p1,2,4,138,ok,,0.37681159420289856,0.3021978021978022,0.3309599156118143,0.36272727272727273
direct_binned,bins2048_auc,xgboost_depth2,2,4,138,ok,,0.21739130434782608,0.08928571428571429,0.05434782608695652,0.25
direct_binned,bins2048_auc,svm_C1p0,3,4,138,ok,,0.2318840579710145,0.20606374274805372,0.22824840419777132,0.20162337662337665
direct_binned,bins2048_auc,logreg_C0p1,3,4,138,ok,,0.2898550724637681,0.22778170069313414,0.25850520252694165,0.23419913419913418
direct_binned,bins2048_auc,xgboost_depth2,3,4,138,ok,,0.18115942028985507,0.07668711656441718,0.04528985507246377,0.25
direct_binned,bins2048_auc,svm_C1p0,4,4,138,ok,,0.3115942028985507,0.22854198458291186,0.21742679195804196,0.26606060606060605
direct_binned,bins2048_auc,logreg_C0p1,4,4,138,ok,,0.34057971014492755,0.2712527485401197,0.2841362419835378,0.3197835497835498
direct_binned,bins2048_auc,xgboost_depth2,4,4,138,ok,,0.39855072463768115,0.14248704663212436,0.09963768115942029,0.25
direct_binned,bins2048_auc,svm_C1p0,5,4,138,ok,,0.2536231884057971,0.22505585762841052,0.2776429910923582,0.27614718614718614
direct_binned,bins2048_auc,logreg_C0p1,5,4,138,ok,,0.26811594202898553,0.24431984604809964,0.3127543752543752,0.29886363636363633
direct_binned,bins2048_auc,xgboost_depth2,5,4,138,ok,,0.18115942028985507,0.07668711656441718,0.04528985507246377,0.25
direct_binned,bins2048_auc,svm_C1p0,6,4,138,ok,,0.2318840579710145,0.1894862273534244,0.2892727540368775,0.24721861471861473
direct_binned,bins2048_auc,logreg_C0p1,6,4,138,ok,,0.2318840579710145,0.19025112949598078,0.30549719887955185,0.24721861471861473
direct_binned,bins2048_auc,xgboost_depth2,6,4,138,ok,,0.21739130434782608,0.08928571428571429,0.05434782608695652,0.25
direct_binned,bins2048_auc,svm_C1p0,7,4,138,ok,,0.2971014492753623,0.28585359483620476,0.3952456298975286,0.32505411255411254
direct_binned,bins2048_auc,logreg_C0p1,7,4,138,ok,,0.30434782608695654,0.28055555555555556,0.35996310674619497,0.32295454545454544
direct_binned,bins2048_auc,xgboost_depth2,7,4,138,ok,,0.21739130434782608,0.08928571428571429,0.05434782608695652,0.25
direct_binned,bins2048_auc,svm_C1p0,8,4,138,ok,,0.08695652173913043,0.08013456450956451,0.07569361532776167,0.09935064935064936
direct_binned,bins2048_auc,logreg_C0p1,8,4,138,ok,,0.18840579710144928,0.16012590177580466,0.1472203222374221,0.18159090909090908
direct_binned,bins2048_auc,xgboost_depth2,8,4,138,ok,,0.2028985507246377,0.08433734939759036,0.050724637681159424,0.25
direct_binned,bins2048_auc,svm_C1p0,9,4,138,ok,,0.2318840579710145,0.2024361336353075,0.33653261942735624,0.27175324675324675
direct_binned,bins2048_auc,logreg_C0p1,9,4,138,ok,,0.2536231884057971,0.24228030514509036,0.3723214285714285,0.2883225108225108
direct_binned,bins2048_auc,xgboost_depth2,9,4,138,ok,,0.39855072463768115,0.14248704663212436,0.09963768115942029,0.25
direct_binned,bins2048_auc,svm_C1p0,10,4,138,ok,,0.4057971014492754,0.3021364531509121,0.3017434620174346,0.3316774891774892
direct_binned,bins2048_auc,logreg_C0p1,10,4,138,ok,,0.37681159420289856,0.2946481325620889,0.3029707806672522,0.3112337662337662
direct_binned,bins2048_auc,xgboost_depth2,10,4,138,ok,,0.39855072463768115,0.14248704663212436,0.09963768115942029,0.25
direct_binned,bins2048_auc,svm_C1p0,11,4,138,ok,,0.18840579710144928,0.18090349347286083,0.21316901408450703,0.1956926406926407
direct_binned,bins2048_auc,logreg_C0p1,11,4,138,ok,,0.2028985507246377,0.19050925925925927,0.24563253012048192,0.21676406926406927
direct_binned,bins2048_auc,xgboost_depth2,11,4,138,ok,,0.2028985507246377,0.08433734939759036,0.050724637681159424,0.25
direct_binned,bins2048_auc,svm_C1p0,12,4,138,ok,,0.15217391304347827,0.13511568469195587,0.12051820728291317,0.19380952380952382
direct_binned,bins2048_auc,logreg_C0p1,12,4,138,ok,,0.16666666666666666,0.14967291109128755,0.1392612859097127,0.21107142857142858
direct_binned,bins2048_auc,xgboost_depth2,12,4,138,ok,,0.21739130434782608,0.08928571428571429,0.05434782608695652,0.25
direct_binned,bins2048_auc,svm_C1p0,13,4,138,ok,,0.2898550724637681,0.2898401517804503,0.3511674940246369,0.31974025974025977
direct_binned,bins2048_auc,logreg_C0p1,13,4,138,ok,,0.26811594202898553,0.26623693929021797,0.34350649350649354,0.2891666666666667
direct_binned,bins2048_auc,xgboost_depth2,13,4,138,ok,,0.2028985507246377,0.08433734939759036,0.050724637681159424,0.25
direct_binned,bins2048_auc,svm_C1p0,14,4,138,ok,,0.36231884057971014,0.32617726638170486,0.36721982439049283,0.34845238095238096
direct_binned,bins2048_auc,logreg_C0p1,14,4,138,ok,,0.35507246376811596,0.306190295267043,0.34560723514211883,0.3237770562770563
direct_binned,bins2048_auc,xgboost_depth2,14,4,138,ok,,0.39855072463768115,0.14248704663212436,0.09963768115942029,0.25
direct_binned,bins2048_auc,svm_C1p0,15,4,138,ok,,0.2246376811594203,0.20198204882022633,0.2638318607068607,0.1948160173160173
direct_binned,bins2048_auc,logreg_C0p1,15,4,138,ok,,0.21014492753623187,0.20761133206785382,0.2582051282051282,0.19875541125541124
direct_binned,bins2048_auc,xgboost_depth2,15,4,138,ok,,0.39855072463768115,0.14248704663212436,0.09963768115942029,0.25
direct_binned,bins2048_auc,svm_C1p0,16,4,138,ok,,0.2391304347826087,0.23897079296135426,0.25990918803418805,0.26856060606060606
direct_binned,bins2048_auc,logreg_C0p1,16,4,138,ok,,0.1956521739130435,0.19440263619051332,0.1935207960644007,0.22566017316017317
direct_binned,bins2048_auc,xgboost_depth2,16,4,138,ok,,0.21739130434782608,0.08928571428571429,0.05434782608695652,0.25
direct_binned,bins2048_auc,svm_C1p0,17,4,138,ok,,0.30434782608695654,0.28403253473874945,0.30897143340094657,0.29693722943722944
direct_binned,bins2048_auc,logreg_C0p1,17,4,138,ok,,0.37681159420289856,0.34402930402930404,0.35954184704184705,0.3543506493506493
direct_binned,bins2048_auc,xgboost_depth2,17,4,138,ok,,0.39855072463768115,0.14248704663212436,0.09963768115942029,0.25
direct_binned,bins2048_auc,svm_C1p0,18,4,138,ok,,0.2608695652173913,0.21526422634693496,0.294775641025641,0.28405844155844157
direct_binned,bins2048_auc,logreg_C0p1,18,4,138,ok,,0.2608695652173913,0.2074050362782757,0.29044117647058826,0.2834632034632035
direct_binned,bins2048_auc,xgboost_depth2,18,4,138,ok,,0.39855072463768115,0.14248704663212436,0.09963768115942029,0.25
direct_binned,bins2048_auc,svm_C1p0,19,4,138,ok,,0.35507246376811596,0.2689691145985347,0.36645962732919257,0.31465367965367963
direct_binned,bins2048_auc,logreg_C0p1,19,4,138,ok,,0.4057971014492754,0.3142480666878845,0.4125874125874126,0.3606926406926407
direct_binned,bins2048_auc,xgboost_depth2,19,4,138,ok,,0.18115942028985507,0.07668711656441718,0.04528985507246377,0.25
direct_binned,bins2048_auc,svm_C1p0,20,4,138,ok,,0.4057971014492754,0.3626060439792344,0.39025974025974025,0.3748160173160173
direct_binned,bins2048_auc,logreg_C0p1,20,4,138,ok,,0.427536231884058,0.3817388886293077,0.4118952693647816,0.39769480519480516
direct_binned,bins2048_auc,xgboost_depth2,20,4,138,ok,,0.18115942028985507,0.07668711656441718,0.04528985507246377,0.25
direct_binned,bins2048_auc,svm_C1p0,21,4,138,ok,,0.18840579710144928,0.18451795974645063,0.20841384863123996,0.19343073593073595
direct_binned,bins2048_auc,logreg_C0p1,21,4,138,ok,,0.2028985507246377,0.20777388747262976,0.23556231003039516,0.20950216450216452
direct_binned,bins2048_auc,xgboost_depth2,21,4,138,ok,,0.21739130434782608,0.08928571428571429,0.05434782608695652,0.25
direct_binned,bins2048_auc,svm_C1p0,22,4,138,ok,,0.2536231884057971,0.2007024861423632,0.33854166666666663,0.28878787878787876
direct_binned,bins2048_auc,logreg_C0p1,22,4,138,ok,,0.2971014492753623,0.23804740859783044,0.36500449236298294,0.31606060606060604
direct_binned,bins2048_auc,xgboost_depth2,22,4,138,ok,,0.39855072463768115,0.14248704663212436,0.09963768115942029,0.25
direct_binned,bins2048_auc,svm_C1p0,23,4,138,ok,,0.2608695652173913,0.20659282933590611,0.23374474789915967,0.2588961038961039
direct_binned,bins2048_auc,logreg_C0p1,23,4,138,ok,,0.34057971014492755,0.2799409370657137,0.2785823170731707,0.30655844155844153
direct_binned,bins2048_auc,xgboost_depth2,23,4,138,ok,,0.21739130434782608,0.08928571428571429,0.05434782608695652,0.25
direct_binned,bins2048_auc,svm_C1p0,24,4,138,ok,,0.35507246376811596,0.28613573926073926,0.2982843137254902,0.3155844155844156
direct_binned,bins2048_auc,logreg_C0p1,24,4,138,ok,,0.35507246376811596,0.27968600027423557,0.2698108747044917,0.30562770562770564
direct_binned,bins2048_auc,xgboost_depth2,24,4,138,ok,,0.39855072463768115,0.14248704663212436,0.09963768115942029,0.25
direct_binned,bins2048_auc,svm_C1p0,25,4,138,ok,,0.2536231884057971,0.25282712408899116,0.27503658806179815,0.26145021645021643
direct_binned,bins2048_auc,logreg_C0p1,25,4,138,ok,,0.2463768115942029,0.24801981551743502,0.2609180035650624,0.2537121212121212
direct_binned,bins2048_auc,xgboost_depth2,25,4,138,ok,,0.39855072463768115,0.14248704663212436,0.09963768115942029,0.25
direct_binned,bins2048_auc,svm_C1p0,26,4,138,ok,,0.2898550724637681,0.2714515874061905,0.2968056592006172,0.2806277056277056
direct_binned,bins2048_auc,logreg_C0p1,26,4,138,ok,,0.35507246376811596,0.25654277699859745,0.2458950046253469,0.29047619047619044
direct_binned,bins2048_auc,xgboost_depth2,26,4,138,ok,,0.2028985507246377,0.08433734939759036,0.050724637681159424,0.25
direct_binned,bins2048_auc,svm_C1p0,27,4,138,ok,,0.2028985507246377,0.19470551378446116,0.3469474969474969,0.21314935064935064
direct_binned,bins2048_auc,logreg_C0p1,27,4,138,ok,,0.21739130434782608,0.20503246753246754,0.3106222283813747,0.21133116883116881
direct_binned,bins2048_auc,xgboost_depth2,27,4,138,ok,,0.39855072463768115,0.14248704663212436,0.09963768115942029,0.25
direct_binned,bins2048_auc,svm_C1p0,28,4,138,ok,,0.34782608695652173,0.2780008504872283,0.28770441545136327,0.3098160173160173
direct_binned,bins2048_auc,logreg_C0p1,28,4,138,ok,,0.43478260869565216,0.367257230367653,0.3677536231884058,0.40371212121212124
direct_binned,bins2048_auc,xgboost_depth2,28,4,138,ok,,0.39855072463768115,0.14248704663212436,0.09963768115942029,0.25
direct_binned,bins2048_auc,svm_C1p0,29,4,138,ok,,0.2898550724637681,0.26064344460570876,0.35749865807836817,0.29798701298701297
direct_binned,bins2048_auc,logreg_C0p1,29,4,138,ok,,0.3188405797101449,0.27871367410482617,0.4327687033676144,0.3172402597402598
direct_binned,bins2048_auc,xgboost_depth2,29,4,138,ok,,0.21739130434782608,0.08928571428571429,0.05434782608695652,0.25
direct_binned,bins2048_auc,svm_C1p0,30,4,138,ok,,0.21739130434782608,0.19474969474969475,0.23529797350051856,0.23796536796536796
direct_binned,bins2048_auc,logreg_C0p1,30,4,138,ok,,0.2536231884057971,0.24095870345870346,0.2926388888888889,0.27870129870129867
direct_binned,bins2048_auc,xgboost_depth2,30,4,138,ok,,0.18115942028985507,0.07668711656441718,0.04528985507246377,0.25
direct_binned,bins2048_auc,svm_C1p0,31,4,138,ok,,0.2463768115942029,0.22953565267395057,0.2684093045112782,0.259978354978355
direct_binned,bins2048_auc,logreg_C0p1,31,4,138,ok,,0.21014492753623187,0.21013000743707194,0.2650784057760802,0.23753246753246748
direct_binned,bins2048_auc,xgboost_depth2,31,4,138,ok,,0.2028985507246377,0.08433734939759036,0.050724637681159424,0.25
direct_binned,bins2048_auc,svm_C1p0,32,4,138,ok,,0.2971014492753623,0.273582870253431,0.34459015081203986,0.2993506493506493
direct_binned,bins2048_auc,logreg_C0p1,32,4,138,ok,,0.34782608695652173,0.3425370685551918,0.36106993584187186,0.3679004329004329
direct_binned,bins2048_auc,xgboost_depth2,32,4,138,ok,,0.21739130434782608,0.08928571428571429,0.05434782608695652,0.25
direct_binned,bins2048_auc,svm_C1p0,33,4,138,ok,,0.36231884057971014,0.3298971169495466,0.3809884876610074,0.3470887445887446
direct_binned,bins2048_auc,logreg_C0p1,33,4,138,ok,,0.3695652173913043,0.3254187860068663,0.3935880296174414,0.36528138528138526
direct_binned,bins2048_auc,xgboost_depth2,33,4,138,ok,,0.39855072463768115,0.14248704663212436,0.09963768115942029,0.25
direct_binned,bins2048_auc,svm_C1p0,34,4,138,ok,,0.2608695652173913,0.2447878928402361,0.3128869969040248,0.29853896103896105
direct_binned,bins2048_auc,logreg_C0p1,34,4,138,ok,,0.2536231884057971,0.23706348256202278,0.31068238471125886,0.28415584415584416
direct_binned,bins2048_auc,xgboost_depth2,34,4,138,ok,,0.2028985507246377,0.08433734939759036,0.050724637681159424,0.25
direct_binned,bins2048_auc,svm_C1p0,35,4,138,ok,,0.2463768115942029,0.21248335080430275,0.2411236424394319,0.24252164502164503
direct_binned,bins2048_auc,logreg_C0p1,35,4,138,ok,,0.2536231884057971,0.20882865535393513,0.23197940503432493,0.2416125541125541
direct_binned,bins2048_auc,xgboost_depth2,35,4,138,ok,,0.21739130434782608,0.08928571428571429,0.05434782608695652,0.25
direct_binned,bins2048_auc,svm_C1p0,36,4,138,ok,,0.2536231884057971,0.212476996687523,0.2401984126984127,0.24953463203463203
direct_binned,bins2048_auc,logreg_C0p1,36,4,138,ok,,0.2028985507246377,0.18632756132756134,0.17884199134199136,0.23606060606060608
direct_binned,bins2048_auc,xgboost_depth2,36,4,138,ok,,0.21739130434782608,0.08928571428571429,0.05434782608695652,0.25
direct_binned,bins2048_auc,svm_C1p0,37,4,138,ok,,0.1956521739130435,0.18890281258702307,0.279069432440219,0.23615800865800868
direct_binned,bins2048_auc,logreg_C0p1,37,4,138,ok,,0.21014492753623187,0.20255224939752992,0.26754166885745834,0.22995670995670991
direct_binned,bins2048_auc,xgboost_depth2,37,4,138,ok,,0.2028985507246377,0.08433734939759036,0.050724637681159424,0.25
direct_binned,bins2048_auc,svm_C1p0,38,4,138,ok,,0.2608695652173913,0.24790909205675907,0.30795864720652855,0.31806277056277055
direct_binned,bins2048_auc,logreg_C0p1,38,4,138,ok,,0.2536231884057971,0.24371191240503218,0.2834765485141425,0.30367965367965366
direct_binned,bins2048_auc,xgboost_depth2,38,4,138,ok,,0.2028985507246377,0.08433734939759036,0.050724637681159424,0.25
direct_binned,bins2048_auc,svm_C1p0,39,4,138,ok,,0.18840579710144928,0.12318840579710144,0.18268015170670038,0.21636363636363637
direct_binned,bins2048_auc,logreg_C0p1,39,4,138,ok,,0.2463768115942029,0.20303405572755417,0.2594258639910814,0.28136363636363637
direct_binned,bins2048_auc,xgboost_depth2,39,4,138,ok,,0.18115942028985507,0.07668711656441718,0.04528985507246377,0.25
direct_binned,bins2048_auc,svm_C1p0,40,4,138,ok,,0.2318840579710145,0.1842831545610753,0.2287660256410256,0.2649242424242424
direct_binned,bins2048_auc,logreg_C0p1,40,4,138,ok,,0.2391304347826087,0.18732030935541372,0.17911140583554377,0.27375541125541125
direct_binned,bins2048_auc,xgboost_depth2,40,4,138,ok,,0.39855072463768115,0.14248704663212436,0.09963768115942029,0.25
direct_binned,bins2048_auc,svm_C1p0,41,4,138,ok,,0.15942028985507245,0.14606965339723962,0.19920325006063544,0.1652922077922078
direct_binned,bins2048_auc,logreg_C0p1,41,4,138,ok,,0.13043478260869565,0.11520845364793884,0.1531024531024531,0.1458982683982684
direct_binned,bins2048_auc,xgboost_depth2,41,4,138,ok,,0.21739130434782608,0.08928571428571429,0.05434782608695652,0.25
direct_binned,bins2048_auc,svm_C1p0,42,4,138,ok,,0.34782608695652173,0.26539196155346984,0.2397727272727273,0.30126623376623374
direct_binned,bins2048_auc,logreg_C0p1,42,4,138,ok,,0.36231884057971014,0.2745131701574533,0.24934961255889773,0.31035714285714283
direct_binned,bins2048_auc,xgboost_depth2,42,4,138,ok,,0.2028985507246377,0.08433734939759036,0.050724637681159424,0.25
direct_binned,bins2048_auc,svm_C1p0,43,4,138,ok,,0.3115942028985507,0.15894346617238184,0.1635027885027885,0.2084848484848485
direct_binned,bins2048_auc,logreg_C0p1,43,4,138,ok,,0.3188405797101449,0.17451606658923732,0.19563922316215893,0.21741341991341992
direct_binned,bins2048_auc,xgboost_depth2,43,4,138,ok,,0.18115942028985507,0.07668711656441718,0.04528985507246377,0.25
direct_binned,bins2048_auc,svm_C1p0,44,4,138,ok,,0.36231884057971014,0.3165869424692954,0.3431818181818182,0.3429653679653679
direct_binned,bins2048_auc,logreg_C0p1,44,4,138,ok,,0.37681159420289856,0.32636151628843135,0.37099622457678716,0.35751082251082245
direct_binned,bins2048_auc,xgboost_depth2,44,4,138,ok,,0.2028985507246377,0.08433734939759036,0.050724637681159424,0.25
direct_binned,bins2048_auc,svm_C1p0,45,4,138,ok,,0.18115942028985507,0.1836917090438217,0.25354166666666667,0.19027056277056273
direct_binned,bins2048_auc,logreg_C0p1,45,4,138,ok,,0.2463768115942029,0.24213191465923323,0.2875632013811814,0.2643398268398268
direct_binned,bins2048_auc,xgboost_depth2,45,4,138,ok,,0.18115942028985507,0.07668711656441718,0.04528985507246377,0.25
direct_binned,bins2048_auc,svm_C1p0,46,4,138,ok,,0.2246376811594203,0.17750026971625849,0.21706989247311825,0.2005844155844156
direct_binned,bins2048_auc,logreg_C0p1,46,4,138,ok,,0.2246376811594203,0.16825606647153243,0.1728092631826742,0.19727272727272727
direct_binned,bins2048_auc,xgboost_depth2,46,4,138,ok,,0.18115942028985507,0.07668711656441718,0.04528985507246377,0.25
direct_binned,bins2048_auc,svm_C1p0,47,4,138,ok,,0.35507246376811596,0.2761201090514497,0.3989661654135338,0.35301948051948057
direct_binned,bins2048_auc,logreg_C0p1,47,4,138,ok,,0.34782608695652173,0.26278636791672955,0.30765192687747034,0.34954545454545455
direct_binned,bins2048_auc,xgboost_depth2,47,4,138,ok,,0.39855072463768115,0.14248704663212436,0.09963768115942029,0.25
direct_binned,bins2048_auc,svm_C1p0,48,4,138,ok,,0.35507246376811596,0.3039772727272727,0.3210595299009933,0.3133874458874459
direct_binned,bins2048_auc,logreg_C0p1,48,4,138,ok,,0.3188405797101449,0.2803255587248461,0.3053101178101178,0.29397186147186144
direct_binned,bins2048_auc,xgboost_depth2,48,4,138,ok,,0.18115942028985507,0.07668711656441718,0.04528985507246377,0.25
direct_binned,bins2048_auc,svm_C1p0,49,4,138,ok,,0.2318840579710145,0.19100298656047784,0.1611842105263158,0.2895238095238095
direct_binned,bins2048_auc,logreg_C0p1,49,4,138,ok,,0.2246376811594203,0.18485517918507607,0.15645290496669195,0.28119047619047616
direct_binned,bins2048_auc,xgboost_depth2,49,4,138,ok,,0.39855072463768115,0.14248704663212436,0.09963768115942029,0.25
direct_binned,bins2048_auc,svm_C1p0,50,4,138,ok,,0.2971014492753623,0.2665961607089752,0.3018688331188331,0.28465367965367966
direct_binned,bins2048_auc,logreg_C0p1,50,4,138,ok,,0.30434782608695654,0.29207634554815615,0.4265912132291443,0.2953679653679654
direct_binned,bins2048_auc,xgboost_depth2,50,4,138,ok,,0.18115942028985507,0.07668711656441718,0.04528985507246377,0.25
direct_binned,bins2048_auc,svm_C1p0,51,4,138,ok,,0.32608695652173914,0.2461123288744337,0.3001466275659824,0.3272619047619048
direct_binned,bins2048_auc,logreg_C0p1,51,4,138,ok,,0.37681159420289856,0.27425320056899005,0.3137250830564784,0.35848484848484846
direct_binned,bins2048_auc,xgboost_depth2,51,4,138,ok,,0.21739130434782608,0.08928571428571429,0.05434782608695652,0.25
direct_binned,bins2048_auc,svm_C1p0,52,4,138,ok,,0.2753623188405797,0.2705600850762141,0.3082875878293972,0.295974025974026
direct_binned,bins2048_auc,logreg_C0p1,52,4,138,ok,,0.30434782608695654,0.29546346266592505,0.31501584811787364,0.3109415584415584
direct_binned,bins2048_auc,xgboost_depth2,52,4,138,ok,,0.39855072463768115,0.14248704663212436,0.09963768115942029,0.25
direct_binned,bins2048_auc,svm_C1p0,53,4,138,ok,,0.2753623188405797,0.2330966304650515,0.32597054886211513,0.2757467532467533
direct_binned,bins2048_auc,logreg_C0p1,53,4,138,ok,,0.26811594202898553,0.22649054246790004,0.2936126373626374,0.2657467532467533
direct_binned,bins2048_auc,xgboost_depth2,53,4,138,ok,,0.21739130434782608,0.08928571428571429,0.05434782608695652,0.25
direct_binned,bins2048_auc,svm_C1p0,54,4,138,ok,,0.2608695652173913,0.26010550072055905,0.2727056602056602,0.27714285714285714
direct_binned,bins2048_auc,logreg_C0p1,54,4,138,ok,,0.2536231884057971,0.2512743125419182,0.27323782106068106,0.29548701298701296
direct_binned,bins2048_auc,xgboost_depth2,54,4,138,ok,,0.39855072463768115,0.14248704663212436,0.09963768115942029,0.25
direct_binned,bins2048_auc,svm_C1p0,55,4,138,ok,,0.1956521739130435,0.1545142065142065,0.20075887743413517,0.21193722943722942
direct_binned,bins2048_auc,logreg_C0p1,55,4,138,ok,,0.2028985507246377,0.1782176898940264,0.2612373737373737,0.22134199134199134
direct_binned,bins2048_auc,xgboost_depth2,55,4,138,ok,,0.18115942028985507,0.07668711656441718,0.04528985507246377,0.25
direct_binned,bins2048_auc,svm_C1p0,56,4,138,ok,,0.17391304347826086,0.14732981044456456,0.19364436443644364,0.22585497835497836
direct_binned,bins2048_auc,logreg_C0p1,56,4,138,ok,,0.1956521739130435,0.18143877979943554,0.27824312714776633,0.2422077922077922
direct_binned,bins2048_auc,xgboost_depth2,56,4,138,ok,,0.2028985507246377,0.08433734939759036,0.050724637681159424,0.25
direct_binned,bins2048_auc,svm_C1p0,57,4,138,ok,,0.34057971014492755,0.28350441945875865,0.3743934041486878,0.33254329004329003
direct_binned,bins2048_auc,logreg_C0p1,57,4,138,ok,,0.4057971014492754,0.3317024074720202,0.42820767195767195,0.3936038961038961
direct_binned,bins2048_auc,xgboost_depth2,57,4,138,ok,,0.39855072463768115,0.14248704663212436,0.09963768115942029,0.25
direct_binned,bins2048_auc,svm_C1p0,58,4,138,ok,,0.13768115942028986,0.150094788252683,0.16152597402597405,0.1507034632034632
direct_binned,bins2048_auc,logreg_C0p1,58,4,138,ok,,0.07971014492753623,0.09864702724890279,0.10220125786163521,0.10238095238095238
direct_binned,bins2048_auc,xgboost_depth2,58,4,138,ok,,0.18115942028985507,0.07668711656441718,0.04528985507246377,0.25
direct_binned,bins2048_auc,svm_C1p0,59,4,138,ok,,0.2318840579710145,0.19214191742600834,0.22755681818181817,0.20574675324675326
direct_binned,bins2048_auc,logreg_C0p1,59,4,138,ok,,0.2391304347826087,0.1793186936936937,0.22003968253968254,0.1955952380952381
direct_binned,bins2048_auc,xgboost_depth2,59,4,138,ok,,0.21739130434782608,0.08928571428571429,0.05434782608695652,0.25
direct_binned,bins2048_auc,svm_C1p0,60,4,138,ok,,0.37681159420289856,0.3028176501860712,0.31454665492957745,0.34905844155844157
direct_binned,bins2048_auc,logreg_C0p1,60,4,138,ok,,0.3695652173913043,0.29443279554235346,0.30923151869443427,0.3346753246753247
direct_binned,bins2048_auc,xgboost_depth2,60,4,138,ok,,0.39855072463768115,0.14248704663212436,0.09963768115942029,0.25
direct_binned,bins2048_auc,svm_C1p0,61,4,138,ok,,0.2246376811594203,0.2217115613368635,0.23121274860405294,0.2537987012987013
direct_binned,bins2048_auc,logreg_C0p1,61,4,138,ok,,0.2391304347826087,0.23638273491214667,0.25902850010401496,0.2541233766233766
direct_binned,bins2048_auc,xgboost_depth2,61,4,138,ok,,0.21739130434782608,0.08928571428571429,0.05434782608695652,0.25
direct_binned,bins2048_auc,svm_C1p0,62,4,138,ok,,0.2391304347826087,0.21295591425517185,0.24550116550116552,0.2719155844155844
direct_binned,bins2048_auc,logreg_C0p1,62,4,138,ok,,0.2608695652173913,0.2461458352967787,0.2696428571428572,0.2963203463203463
direct_binned,bins2048_auc,xgboost_depth2,62,4,138,ok,,0.18115942028985507,0.07668711656441718,0.04528985507246377,0.25
direct_binned,bins2048_auc,svm_C1p0,63,4,138,ok,,0.2028985507246377,0.1801624215577704,0.22739926739926739,0.24498917748917748
direct_binned,bins2048_auc,logreg_C0p1,63,4,138,ok,,0.21739130434782608,0.19324823968185428,0.2489996114996115,0.2786147186147186
direct_binned,bins2048_auc,xgboost_depth2,63,4,138,ok,,0.21739130434782608,0.08928571428571429,0.05434782608695652,0.25
direct_binned,bins2048_auc,svm_C1p0,64,4,138,ok,,0.3695652173913043,0.28387743784749225,0.30987762237762234,0.29663419913419914
direct_binned,bins2048_auc,logreg_C0p1,64,4,138,ok,,0.36231884057971014,0.28850426766296094,0.29919721511793124,0.29647186147186144
direct_binned,bins2048_auc,xgboost_depth2,64,4,138,ok,,0.2028985507246377,0.08433734939759036,0.050724637681159424,0.25
direct_binned,bins2048_auc,svm_C1p0,65,4,138,ok,,0.34057971014492755,0.26600868267534933,0.24941029043196225,0.29893939393939395
direct_binned,bins2048_auc,logreg_C0p1,65,4,138,ok,,0.3695652173913043,0.30703164759973384,0.3648610161768056,0.3366558441558442
direct_binned,bins2048_auc,xgboost_depth2,65,4,138,ok,,0.18115942028985507,0.07668711656441718,0.04528985507246377,0.25
direct_binned,bins2048_auc,svm_C1p0,66,4,138,ok,,0.4057971014492754,0.3012735326688815,0.28555555555555556,0.3684090909090909
direct_binned,bins2048_auc,logreg_C0p1,66,4,138,ok,,0.4057971014492754,0.3012735326688815,0.28555555555555556,0.3684090909090909
direct_binned,bins2048_auc,xgboost_depth2,66,4,138,ok,,0.18115942028985507,0.07668711656441718,0.04528985507246377,0.25
direct_binned,bins2048_auc,svm_C1p0,67,4,138,ok,,0.1956521739130435,0.18954800101858926,0.21668676449725438,0.20245670995670995
direct_binned,bins2048_auc,logreg_C0p1,67,4,138,ok,,0.2318840579710145,0.23321995012026164,0.34459036898061285,0.24642857142857144
direct_binned,bins2048_auc,xgboost_depth2,67,4,138,ok,,0.21739130434782608,0.08928571428571429,0.05434782608695652,0.25
direct_binned,bins2048_auc,svm_C1p0,68,4,138,ok,,0.17391304347826086,0.11035714285714285,0.3246428571428572,0.21311688311688312
direct_binned,bins2048_auc,logreg_C0p1,68,4,138,ok,,0.17391304347826086,0.11023849339066731,0.32323232323232326,0.21311688311688312
direct_binned,bins2048_auc,xgboost_depth2,68,4,138,ok,,0.2028985507246377,0.08433734939759036,0.050724637681159424,0.25
direct_binned,bins2048_auc,svm_C1p0,69,4,138,ok,,0.1956521739130435,0.1961901377327174,0.22383667037449018,0.19297619047619047
direct_binned,bins2048_auc,logreg_C0p1,69,4,138,ok,,0.2246376811594203,0.22692657135655708,0.25342190016103056,0.22904761904761906
direct_binned,bins2048_auc,xgboost_depth2,69,4,138,ok,,0.39855072463768115,0.14248704663212436,0.09963768115942029,0.25
direct_binned,bins2048_auc,svm_C1p0,70,4,138,ok,,0.35507246376811596,0.3101911429767851,0.3589808558558558,0.358452380952381
direct_binned,bins2048_auc,logreg_C0p1,70,4,138,ok,,0.38405797101449274,0.3146203466735902,0.36184397342933927,0.36846320346320344
direct_binned,bins2048_auc,xgboost_depth2,70,4,138,ok,,0.2028985507246377,0.08433734939759036,0.050724637681159424,0.25
direct_binned,bins2048_auc,svm_C1p0,71,4,138,ok,,0.2246376811594203,0.20286397345823576,0.23989077769565575,0.19693722943722944
direct_binned,bins2048_auc,logreg_C0p1,71,4,138,ok,,0.2463768115942029,0.20507646559048429,0.26595441595441593,0.20511904761904762
direct_binned,bins2048_auc,xgboost_depth2,71,4,138,ok,,0.39855072463768115,0.14248704663212436,0.09963768115942029,0.25
direct_binned,bins2048_auc,svm_C1p0,72,4,138,ok,,0.3695652173913043,0.31103633563202293,0.3222232972136223,0.33481601731601734
direct_binned,bins2048_auc,logreg_C0p1,72,4,138,ok,,0.391304347826087,0.3319290952200922,0.3767090467671863,0.36967532467532466
direct_binned,bins2048_auc,xgboost_depth2,72,4,138,ok,,0.39855072463768115,0.14248704663212436,0.09963768115942029,0.25
direct_binned,bins2048_auc,svm_C1p0,73,4,138,ok,,0.34782608695652173,0.25833763759460354,0.2998301985370951,0.2722077922077922
direct_binned,bins2048_auc,logreg_C0p1,73,4,138,ok,,0.39855072463768115,0.3017899584076055,0.4372637944066516,0.3138636363636364
direct_binned,bins2048_auc,xgboost_depth2,73,4,138,ok,,0.39855072463768115,0.14248704663212436,0.09963768115942029,0.25
direct_binned,bins2048_auc,svm_C1p0,74,4,138,ok,,0.1956521739130435,0.1989466702424603,0.1891154188948307,0.2283982683982684
direct_binned,bins2048_auc,logreg_C0p1,74,4,138,ok,,0.2028985507246377,0.19948632209647157,0.20184857934857933,0.22465367965367966
direct_binned,bins2048_auc,xgboost_depth2,74,4,138,ok,,0.18115942028985507,0.07668711656441718,0.04528985507246377,0.25
direct_binned,bins2048_auc,svm_C1p0,75,4,138,ok,,0.2971014492753623,0.2687837381916329,0.28565124489037536,0.27759740259740256
direct_binned,bins2048_auc,logreg_C0p1,75,4,138,ok,,0.2608695652173913,0.24341322519288622,0.27066937119675455,0.25155844155844154
direct_binned,bins2048_auc,xgboost_depth2,75,4,138,ok,,0.21739130434782608,0.08928571428571429,0.05434782608695652,0.25
direct_binned,bins2048_auc,svm_C1p0,76,4,138,ok,,0.34057971014492755,0.31454992724851416,0.3700490669240669,0.3120670995670996
direct_binned,bins2048_auc,logreg_C0p1,76,4,138,ok,,0.34782608695652173,0.31165969289069595,0.36198623680241326,0.30737012987012985
direct_binned,bins2048_auc,xgboost_depth2,76,4,138,ok,,0.39855072463768115,0.14248704663212436,0.09963768115942029,0.25
direct_binned,bins2048_auc,svm_C1p0,77,4,138,ok,,0.2753623188405797,0.16413152282717497,0.16738058151609553,0.19785714285714284
direct_binned,bins2048_auc,logreg_C0p1,77,4,138,ok,,0.1956521739130435,0.1310327105629119,0.13663563829787234,0.14785714285714285
direct_binned,bins2048_auc,xgboost_depth2,77,4,138,ok,,0.39855072463768115,0.14248704663212436,0.09963768115942029,0.25
direct_binned,bins2048_auc,svm_C1p0,78,4,138,ok,,0.34782608695652173,0.2685364609892912,0.29492207139265963,0.29088744588744586
direct_binned,bins2048_auc,logreg_C0p1,78,4,138,ok,,0.32608695652173914,0.27045335971267376,0.3333094213295074,0.2967857142857143
direct_binned,bins2048_auc,xgboost_depth2,78,4,138,ok,,0.39855072463768115,0.14248704663212436,0.09963768115942029,0.25
direct_binned,bins2048_auc,svm_C1p0,79,4,138,ok,,0.2608695652173913,0.2376132625045694,0.28848088531187127,0.293008658008658
direct_binned,bins2048_auc,logreg_C0p1,79,4,138,ok,,0.26811594202898553,0.24511904219274655,0.3093676912796525,0.2975541125541125
direct_binned,bins2048_auc,xgboost_depth2,79,4,138,ok,,0.39855072463768115,0.14248704663212436,0.09963768115942029,0.25
direct_binned,bins2048_auc,svm_C1p0,80,4,138,ok,,0.26811594202898553,0.2657718324384991,0.30647556390977443,0.29474025974025975
direct_binned,bins2048_auc,logreg_C0p1,80,4,138,ok,,0.2463768115942029,0.24360179937479348,0.286302294197031,0.2588095238095238
direct_binned,bins2048_auc,xgboost_depth2,80,4,138,ok,,0.18115942028985507,0.07668711656441718,0.04528985507246377,0.25
direct_binned,bins2048_auc,svm_C1p0,81,4,138,ok,,0.3188405797101449,0.3092199785055716,0.38734455403087475,0.3329004329004329
direct_binned,bins2048_auc,logreg_C0p1,81,4,138,ok,,0.3333333333333333,0.3217616431723295,0.3987749169435216,0.34139610389610386
direct_binned,bins2048_auc,xgboost_depth2,81,4,138,ok,,0.18115942028985507,0.07668711656441718,0.04528985507246377,0.25
direct_binned,bins2048_auc,svm_C1p0,82,4,138,ok,,0.3188405797101449,0.2798664703096786,0.3081069393569394,0.28859307359307357
direct_binned,bins2048_auc,logreg_C0p1,82,4,138,ok,,0.3333333333333333,0.27636238779614464,0.2907806882383153,0.29506493506493503
direct_binned,bins2048_auc,xgboost_depth2,82,4,138,ok,,0.18115942028985507,0.07668711656441718,0.04528985507246377,0.25
direct_binned,bins2048_auc,svm_C1p0,83,4,138,ok,,0.2028985507246377,0.17394360123273694,0.17417859917859918,0.23278138528138526
direct_binned,bins2048_auc,logreg_C0p1,83,4,138,ok,,0.1956521739130435,0.1732706501984348,0.17367909867909867,0.22623376623376623
direct_binned,bins2048_auc,xgboost_depth2,83,4,138,ok,,0.2028985507246377,0.08433734939759036,0.050724637681159424,0.25
direct_binned,bins2048_auc,svm_C1p0,84,4,138,ok,,0.36231884057971014,0.3312991709465828,0.3551845760233918,0.33365800865800865
direct_binned,bins2048_auc,logreg_C0p1,84,4,138,ok,,0.34782608695652173,0.3149975738883124,0.32885265632610244,0.3108225108225108
direct_binned,bins2048_auc,xgboost_depth2,84,4,138,ok,,0.39855072463768115,0.14248704663212436,0.09963768115942029,0.25
direct_binned,bins2048_auc,svm_C1p0,85,4,138,ok,,0.2391304347826087,0.2259755960413855,0.26253494874184535,0.2684415584415584
direct_binned,bins2048_auc,logreg_C0p1,85,4,138,ok,,0.18840579710144928,0.18610556110556112,0.18318602693602692,0.2057251082251082
direct_binned,bins2048_auc,xgboost_depth2,85,4,138,ok,,0.21739130434782608,0.08928571428571429,0.05434782608695652,0.25
direct_binned,bins2048_auc,svm_C1p0,86,4,138,ok,,0.2536231884057971,0.21816624843639393,0.2559934017595308,0.2974134199134199
direct_binned,bins2048_auc,logreg_C0p1,86,4,138,ok,,0.2608695652173913,0.22855336031380907,0.2715277777777778,0.2986255411255411
direct_binned,bins2048_auc,xgboost_depth2,86,4,138,ok,,0.18115942028985507,0.07668711656441718,0.04528985507246377,0.25
direct_binned,bins2048_auc,svm_C1p0,87,4,138,ok,,0.3333333333333333,0.30086895399535474,0.31308384597858285,0.3188311688311688
direct_binned,bins2048_auc,logreg_C0p1,87,4,138,ok,,0.3695652173913043,0.33114469416458564,0.34570223438212494,0.33879870129870127
direct_binned,bins2048_auc,xgboost_depth2,87,4,138,ok,,0.39855072463768115,0.14248704663212436,0.09963768115942029,0.25
direct_binned,bins2048_auc,svm_C1p0,88,4,138,ok,,0.2246376811594203,0.22981898442653992,0.24288596367400717,0.23176406926406928
direct_binned,bins2048_auc,logreg_C0p1,88,4,138,ok,,0.2608695652173913,0.2385132382045269,0.25929633867276886,0.23235930735930735
direct_binned,bins2048_auc,xgboost_depth2,88,4,138,ok,,0.18115942028985507,0.07668711656441718,0.04528985507246377,0.25
direct_binned,bins2048_auc,svm_C1p0,89,4,138,ok,,0.2608695652173913,0.2482520325203252,0.28823984526112184,0.2810714285714286
direct_binned,bins2048_auc,logreg_C0p1,89,4,138,ok,,0.2536231884057971,0.241687123851758,0.28207671957671954,0.258495670995671
direct_binned,bins2048_auc,xgboost_depth2,89,4,138,ok,,0.39855072463768115,0.14248704663212436,0.09963768115942029,0.25
direct_binned,bins2048_auc,svm_C1p0,90,4,138,ok,,0.2318840579710145,0.2334013128545026,0.2447617752391314,0.23964285714285716
direct_binned,bins2048_auc,logreg_C0p1,90,4,138,ok,,0.2391304347826087,0.2425010948679187,0.25586659275683665,0.2555519480519481
direct_binned,bins2048_auc,xgboost_depth2,90,4,138,ok,,0.39855072463768115,0.14248704663212436,0.09963768115942029,0.25
direct_binned,bins2048_auc,svm_C1p0,91,4,138,ok,,0.2898550724637681,0.26141588710956076,0.2838203463203463,0.28937229437229434
direct_binned,bins2048_auc,logreg_C0p1,91,4,138,ok,,0.30434782608695654,0.26570750192619147,0.3777696318018898,0.3049891774891775
direct_binned,bins2048_auc,xgboost_depth2,91,4,138,ok,,0.21739130434782608,0.08928571428571429,0.05434782608695652,0.25
direct_binned,bins2048_auc,svm_C1p0,92,4,138,ok,,0.2246376811594203,0.23357017004359687,0.2695996458784182,0.24293290043290044
direct_binned,bins2048_auc,logreg_C0p1,92,4,138,ok,,0.21014492753623187,0.2090447154471545,0.22670857511283043,0.22936147186147182
direct_binned,bins2048_auc,xgboost_depth2,92,4,138,ok,,0.2028985507246377,0.08433734939759036,0.050724637681159424,0.25
direct_binned,bins2048_auc,svm_C1p0,93,4,138,ok,,0.2318840579710145,0.22631486160897926,0.2746212121212121,0.24269480519480519
direct_binned,bins2048_auc,logreg_C0p1,93,4,138,ok,,0.2391304347826087,0.23234873234873235,0.29408452102834265,0.24557359307359306
direct_binned,bins2048_auc,xgboost_depth2,93,4,138,ok,,0.21739130434782608,0.08928571428571429,0.05434782608695652,0.25
direct_binned,bins2048_auc,svm_C1p0,94,4,138,ok,,0.34057971014492755,0.24227686919661295,0.25085201609591856,0.25937229437229437
direct_binned,bins2048_auc,logreg_C0p1,94,4,138,ok,,0.34782608695652173,0.236657286021519,0.24945398449234765,0.25846320346320345
direct_binned,bins2048_auc,xgboost_depth2,94,4,138,ok,,0.2028985507246377,0.08433734939759036,0.050724637681159424,0.25
direct_binned,bins2048_auc,svm_C1p0,95,4,138,ok,,0.3188405797101449,0.2922999148573861,0.3226191825860212,0.319512987012987
direct_binned,bins2048_auc,logreg_C0p1,95,4,138,ok,,0.34057971014492755,0.30021300809424634,0.3162834578275755,0.3239069264069264
direct_binned,bins2048_auc,xgboost_depth2,95,4,138,ok,,0.21739130434782608,0.08928571428571429,0.05434782608695652,0.25
direct_binned,bins2048_auc,svm_C1p0,96,4,138,ok,,0.26811594202898553,0.2474439517122444,0.312041430089964,0.3002705627705628
direct_binned,bins2048_auc,logreg_C0p1,96,4,138,ok,,0.2753623188405797,0.2594059478098633,0.3006522616415763,0.2989069264069264
direct_binned,bins2048_auc,xgboost_depth2,96,4,138,ok,,0.39855072463768115,0.14248704663212436,0.09963768115942029,0.25
direct_binned,bins2048_auc,svm_C1p0,97,4,138,ok,,0.2463768115942029,0.2149861718965624,0.2392566782810685,0.2518831168831169
direct_binned,bins2048_auc,logreg_C0p1,97,4,138,ok,,0.2826086956521739,0.25803030303030305,0.29098495964783566,0.2975974025974026
direct_binned,bins2048_auc,xgboost_depth2,97,4,138,ok,,0.18115942028985507,0.07668711656441718,0.04528985507246377,0.25
direct_binned,bins2048_auc,svm_C1p0,98,4,138,ok,,0.2971014492753623,0.2614580314884575,0.275882711038961,0.26490259740259736
direct_binned,bins2048_auc,logreg_C0p1,98,4,138,ok,,0.30434782608695654,0.2579060068471833,0.28541666666666665,0.2612770562770563
direct_binned,bins2048_auc,xgboost_depth2,98,4,138,ok,,0.2028985507246377,0.08433734939759036,0.050724637681159424,0.25
direct_binned,bins2048_auc,svm_C1p0,99,4,138,ok,,0.21014492753623187,0.14195402298850573,0.1981060606060606,0.25156926406926405
direct_binned,bins2048_auc,logreg_C0p1,99,4,138,ok,,0.2246376811594203,0.15942410729890194,0.273543528632903,0.25687229437229436
direct_binned,bins2048_auc,xgboost_depth2,99,4,138,ok,,0.18115942028985507,0.07668711656441718,0.04528985507246377,0.25
direct_binned,bins2048_auc,svm_C1p0,100,4,138,ok,,0.15942028985507245,0.13225597931480285,0.15863303363303363,0.18801948051948053
direct_binned,bins2048_auc,logreg_C0p1,100,4,138,ok,,0.18115942028985507,0.15156125392721997,0.19975674480318442,0.21587662337662336
direct_binned,bins2048_auc,xgboost_depth2,100,4,138,ok,,0.39855072463768115,0.14248704663212436,0.09963768115942029,0.25
