feature_group,feature_name,classifier,episode,n_train,n_test,status,error,accuracy,macro_f1,macro_precision,macro_recall
foundation_backbone,mae_flatten,svm_C1p0,1,8,134,ok,,0.3283582089552239,0.25331484638549856,0.26770092460881934,0.30256226053639845
foundation_backbone,mae_flatten,logreg_C0p1,1,8,134,ok,,0.373134328358209,0.28247031703928255,0.30259634007880853,0.3223579182630907
foundation_backbone,mae_flatten,xgboost_depth2,1,8,134,ok,,0.26119402985074625,0.23687591995862672,0.28584385521885525,0.27554278416347383
foundation_backbone,mae_flatten,svm_C1p0,2,8,134,ok,,0.3656716417910448,0.30113139992839244,0.32306892453951275,0.3285839719029374
foundation_backbone,mae_flatten,logreg_C0p1,2,8,134,ok,,0.3208955223880597,0.3073730820718773,0.39280404400832586,0.3266682630906769
foundation_backbone,mae_flatten,xgboost_depth2,2,8,134,ok,,0.26119402985074625,0.24410506112633773,0.3269374647092039,0.2770194763729246
foundation_backbone,mae_flatten,svm_C1p0,3,8,134,ok,,0.417910447761194,0.3457956607140179,0.370108234295416,0.3740421455938697
foundation_backbone,mae_flatten,logreg_C0p1,3,8,134,ok,,0.44029850746268656,0.38564398020760055,0.4125661375661376,0.39487547892720304
foundation_backbone,mae_flatten,xgboost_depth2,3,8,134,ok,,0.39552238805970147,0.3699757615656233,0.3872968247968248,0.3704102809706258
foundation_backbone,mae_flatten,svm_C1p0,4,8,134,ok,,0.373134328358209,0.33221199871434937,0.3430641302670165,0.3405970625798212
foundation_backbone,mae_flatten,logreg_C0p1,4,8,134,ok,,0.35074626865671643,0.3197660787864934,0.34034391534391534,0.31936462324393355
foundation_backbone,mae_flatten,xgboost_depth2,4,8,134,ok,,0.29850746268656714,0.28735841369914245,0.3239849033564332,0.30471743295019155
foundation_backbone,mae_flatten,svm_C1p0,5,8,134,ok,,0.26119402985074625,0.20654720473898558,0.26207345286292655,0.28240740740740744
foundation_backbone,mae_flatten,logreg_C0p1,5,8,134,ok,,0.29850746268656714,0.23991130820399115,0.30864006916996045,0.3055555555555556
foundation_backbone,mae_flatten,xgboost_depth2,5,8,134,ok,,0.26865671641791045,0.21971024855725424,0.327936031984008,0.2713521711366539
foundation_backbone,mae_flatten,svm_C1p0,6,8,134,ok,,0.417910447761194,0.3665540112908534,0.3862373737373737,0.3789112388250319
foundation_backbone,mae_flatten,logreg_C0p1,6,8,134,ok,,0.3880597014925373,0.34384529673938546,0.3860344827586207,0.35280970625798214
foundation_backbone,mae_flatten,xgboost_depth2,6,8,134,ok,,0.35074626865671643,0.31602831026247014,0.32095028276029564,0.3274664750957854
foundation_backbone,mae_flatten,svm_C1p0,7,8,134,ok,,0.29850746268656714,0.23079755892255893,0.21629019129019128,0.25079821200510855
foundation_backbone,mae_flatten,logreg_C0p1,7,8,134,ok,,0.30597014925373134,0.24651411136536994,0.24039634146341465,0.27330779054916987
foundation_backbone,mae_flatten,xgboost_depth2,7,8,134,ok,,0.2462686567164179,0.1930835177103834,0.18781883787482892,0.20913154533844186
foundation_backbone,mae_flatten,svm_C1p0,8,8,134,ok,,0.3880597014925373,0.3493127701418905,0.364623846407383,0.36617975734355046
foundation_backbone,mae_flatten,logreg_C0p1,8,8,134,ok,,0.3582089552238806,0.3239740062614211,0.34280719280719285,0.3390405491698595
foundation_backbone,mae_flatten,xgboost_depth2,8,8,134,ok,,0.30597014925373134,0.28840090090090087,0.3202075702075702,0.30727171136653897
foundation_backbone,mae_flatten,svm_C1p0,9,8,134,ok,,0.22388059701492538,0.21554206027890238,0.263647504456328,0.23100255427841632
foundation_backbone,mae_flatten,logreg_C0p1,9,8,134,ok,,0.20149253731343283,0.1891025641025641,0.22531679313594205,0.20849297573435505
foundation_backbone,mae_flatten,xgboost_depth2,9,8,134,ok,,0.2462686567164179,0.20578586507147564,0.2198287213353861,0.21607598978288634
foundation_backbone,mae_flatten,svm_C1p0,10,8,134,ok,,0.35074626865671643,0.2821869488536155,0.2809410417169038,0.29853128991060024
foundation_backbone,mae_flatten,logreg_C0p1,10,8,134,ok,,0.3582089552238806,0.2983655852566303,0.30964083030041334,0.3089479565772669
foundation_backbone,mae_flatten,xgboost_depth2,10,8,134,ok,,0.2835820895522388,0.24992830800325483,0.29445156695156693,0.2624920178799489
foundation_backbone,mae_flatten,svm_C1p0,11,8,134,ok,,0.291044776119403,0.2425096525096525,0.37587719298245614,0.33261494252873564
foundation_backbone,mae_flatten,logreg_C0p1,11,8,134,ok,,0.3208955223880597,0.26562548562548566,0.3818840579710145,0.3627075351213282
foundation_backbone,mae_flatten,xgboost_depth2,11,8,134,ok,,0.26119402985074625,0.22868773946360155,0.21736257928118394,0.2753831417624521
foundation_backbone,mae_flatten,svm_C1p0,12,8,134,ok,,0.39552238805970147,0.33664055467802273,0.35654920504787285,0.3423930395913155
foundation_backbone,mae_flatten,logreg_C0p1,12,8,134,ok,,0.3283582089552239,0.2874713827838828,0.30772702201273633,0.2995689655172414
foundation_backbone,mae_flatten,xgboost_depth2,12,8,134,ok,,0.3880597014925373,0.3519261485789768,0.3656025824964132,0.35061462324393355
foundation_backbone,mae_flatten,svm_C1p0,13,8,134,ok,,0.35074626865671643,0.31904525464604905,0.33044719638398123,0.3243534482758621
foundation_backbone,mae_flatten,logreg_C0p1,13,8,134,ok,,0.3656716417910448,0.337489324879958,0.3543568984585609,0.3422333971902937
foundation_backbone,mae_flatten,xgboost_depth2,13,8,134,ok,,0.30597014925373134,0.2795605242674778,0.28422565806286737,0.28216794380587484
foundation_backbone,mae_flatten,svm_C1p0,14,8,134,ok,,0.44776119402985076,0.33217397551958827,0.3070833333333334,0.3740421455938698
foundation_backbone,mae_flatten,logreg_C0p1,14,8,134,ok,,0.417910447761194,0.31147809303551544,0.2887037037037037,0.3548850574712644
foundation_backbone,mae_flatten,xgboost_depth2,14,8,134,ok,,0.373134328358209,0.2964673962859081,0.28409961685823754,0.3330140485312899
foundation_backbone,mae_flatten,svm_C1p0,15,8,134,ok,,0.3805970149253731,0.3228472030333732,0.3246951513398882,0.338242337164751
foundation_backbone,mae_flatten,logreg_C0p1,15,8,134,ok,,0.44776119402985076,0.3945003244016053,0.3946394214251357,0.3991060025542784
foundation_backbone,mae_flatten,xgboost_depth2,15,8,134,ok,,0.26865671641791045,0.2016586699685291,0.19216049046815764,0.2267321200510856
foundation_backbone,mae_flatten,svm_C1p0,16,8,134,ok,,0.20149253731343283,0.2031820518662624,0.2473566675781606,0.1988346104725415
foundation_backbone,mae_flatten,logreg_C0p1,16,8,134,ok,,0.20149253731343283,0.20372908622908623,0.25610021786492376,0.19819604086845466
foundation_backbone,mae_flatten,xgboost_depth2,16,8,134,ok,,0.26119402985074625,0.2601445983798925,0.2915563035720855,0.27717911877394635
foundation_backbone,mae_flatten,svm_C1p0,17,8,134,ok,,0.3656716417910448,0.31012008855885115,0.3106035995913128,0.31756864623243936
foundation_backbone,mae_flatten,logreg_C0p1,17,8,134,ok,,0.3582089552238806,0.31075808249721293,0.31114250614250616,0.3135775862068965
foundation_backbone,mae_flatten,xgboost_depth2,17,8,134,ok,,0.31343283582089554,0.27078965758211043,0.27296296296296296,0.2704741379310345
foundation_backbone,mae_flatten,svm_C1p0,18,8,134,ok,,0.35074626865671643,0.320501318856582,0.3376342451874367,0.31601213282247764
foundation_backbone,mae_flatten,logreg_C0p1,18,8,134,ok,,0.35074626865671643,0.3361000204750205,0.372737556561086,0.32926245210727967
foundation_backbone,mae_flatten,xgboost_depth2,18,8,134,ok,,0.30597014925373134,0.28588359311122197,0.3295739348370927,0.2806513409961686
foundation_backbone,mae_flatten,svm_C1p0,19,8,134,ok,,0.2835820895522388,0.2853711879313735,0.31608019639934537,0.30136494252873564
foundation_backbone,mae_flatten,logreg_C0p1,19,8,134,ok,,0.2537313432835821,0.25267407140390336,0.27566137566137566,0.26380906768837803
foundation_backbone,mae_flatten,xgboost_depth2,19,8,134,ok,,0.2462686567164179,0.22759740259740263,0.23187229437229437,0.2531529374201788
foundation_backbone,mae_flatten,svm_C1p0,20,8,134,ok,,0.22388059701492538,0.2230381751237432,0.2307620540379161,0.23499361430395913
foundation_backbone,mae_flatten,logreg_C0p1,20,8,134,ok,,0.20149253731343283,0.19328890654191858,0.1989325096452935,0.20490102171136654
foundation_backbone,mae_flatten,xgboost_depth2,20,8,134,ok,,0.2462686567164179,0.23555857195252944,0.26090208810797044,0.24181832694763727
foundation_backbone,mae_flatten,svm_C1p0,21,8,134,ok,,0.26865671641791045,0.2533749814071099,0.2655109945027486,0.27294859514687103
foundation_backbone,mae_flatten,logreg_C0p1,21,8,134,ok,,0.291044776119403,0.2789175069049283,0.30368589743589747,0.30124521072796934
foundation_backbone,mae_flatten,xgboost_depth2,21,8,134,ok,,0.2537313432835821,0.23148079558502166,0.24194890949109582,0.24117975734355046
foundation_backbone,mae_flatten,svm_C1p0,22,8,134,ok,,0.30597014925373134,0.2698551940260255,0.27905982905982907,0.2802522349936143
foundation_backbone,mae_flatten,logreg_C0p1,22,8,134,ok,,0.31343283582089554,0.2743105035705643,0.2741071428571428,0.29170657726692206
foundation_backbone,mae_flatten,xgboost_depth2,22,8,134,ok,,0.26119402985074625,0.23495542704955427,0.23553422756706754,0.24297573435504471
foundation_backbone,mae_flatten,svm_C1p0,23,8,134,ok,,0.3805970149253731,0.2948340100310485,0.28425585284280935,0.3197637292464879
foundation_backbone,mae_flatten,logreg_C0p1,23,8,134,ok,,0.40298507462686567,0.33626089324618735,0.350508288008288,0.34778097062579816
foundation_backbone,mae_flatten,xgboost_depth2,23,8,134,ok,,0.35074626865671643,0.29427803476716524,0.32766223354084134,0.31218071519795654
foundation_backbone,mae_flatten,svm_C1p0,24,8,134,ok,,0.34328358208955223,0.2828772135756311,0.28147854423075946,0.28923212005108556
foundation_backbone,mae_flatten,logreg_C0p1,24,8,134,ok,,0.3805970149253731,0.3192997461648825,0.32322847376201036,0.3401580459770115
foundation_backbone,mae_flatten,xgboost_depth2,24,8,134,ok,,0.3208955223880597,0.2597993313963664,0.2561420858834652,0.2654454022988506
foundation_backbone,mae_flatten,svm_C1p0,25,8,134,ok,,0.3208955223880597,0.31773309323729493,0.3459912008281574,0.3228368454661559
foundation_backbone,mae_flatten,logreg_C0p1,25,8,134,ok,,0.291044776119403,0.29257410137780265,0.32355072463768114,0.3083093869731801
foundation_backbone,mae_flatten,xgboost_depth2,25,8,134,ok,,0.3880597014925373,0.27329164223829067,0.29375291375291374,0.2963362068965517
foundation_backbone,mae_flatten,svm_C1p0,26,8,134,ok,,0.417910447761194,0.3277362799393544,0.4313625204582652,0.3616299489144317
foundation_backbone,mae_flatten,logreg_C0p1,26,8,134,ok,,0.40298507462686567,0.3049290932654489,0.4104349186483104,0.3407966155810983
foundation_backbone,mae_flatten,xgboost_depth2,26,8,134,ok,,0.373134328358209,0.30757967129792796,0.30604636591478696,0.3152139208173691
foundation_backbone,mae_flatten,svm_C1p0,27,8,134,ok,,0.373134328358209,0.32133921124746817,0.3788015905662964,0.3369651979565773
foundation_backbone,mae_flatten,logreg_C0p1,27,8,134,ok,,0.3358208955223881,0.28423571171818834,0.3325718230228124,0.3051963601532567
foundation_backbone,mae_flatten,xgboost_depth2,27,8,134,ok,,0.291044776119403,0.23934702056866303,0.2544467787114846,0.2576229246487867
foundation_backbone,mae_flatten,svm_C1p0,28,8,134,ok,,0.30597014925373134,0.28296882111662586,0.2977592424960846,0.2927442528735632
foundation_backbone,mae_flatten,logreg_C0p1,28,8,134,ok,,0.31343283582089554,0.29460382513661204,0.3027490065793759,0.3031609195402299
foundation_backbone,mae_flatten,xgboost_depth2,28,8,134,ok,,0.26119402985074625,0.25120708362396343,0.2602874276261373,0.2621328224776501
foundation_backbone,mae_flatten,svm_C1p0,29,8,134,ok,,0.3880597014925373,0.30233688033643435,0.3176892073443797,0.30751117496807157
foundation_backbone,mae_flatten,logreg_C0p1,29,8,134,ok,,0.373134328358209,0.29066339066339064,0.29931887532693985,0.2998084291187739
foundation_backbone,mae_flatten,xgboost_depth2,29,8,134,ok,,0.27611940298507465,0.2263286364586852,0.2394639674051439,0.2249361430395913
foundation_backbone,mae_flatten,svm_C1p0,30,8,134,ok,,0.21641791044776118,0.2246637301461863,0.2644360269360269,0.22804916985951468
foundation_backbone,mae_flatten,logreg_C0p1,30,8,134,ok,,0.22388059701492538,0.23811940407313886,0.291780801328659,0.23730842911877395
foundation_backbone,mae_flatten,xgboost_depth2,30,8,134,ok,,0.26865671641791045,0.27412648970747566,0.30791734932966897,0.29853128991060024
foundation_backbone,mae_flatten,svm_C1p0,31,8,134,ok,,0.3805970149253731,0.325568350698619,0.32336655592469543,0.34889846743295017
foundation_backbone,mae_flatten,logreg_C0p1,31,8,134,ok,,0.3358208955223881,0.2880882331315291,0.2959525171624714,0.31186143039591313
foundation_backbone,mae_flatten,xgboost_depth2,31,8,134,ok,,0.2462686567164179,0.21982398793060098,0.224714083999955,0.23431513409961685
foundation_backbone,mae_flatten,svm_C1p0,32,8,134,ok,,0.4253731343283582,0.3921504322186903,0.4095596432552954,0.3965118135376756
foundation_backbone,mae_flatten,logreg_C0p1,32,8,134,ok,,0.39552238805970147,0.3555138629803867,0.36792078547115664,0.3595945083014048
foundation_backbone,mae_flatten,xgboost_depth2,32,8,134,ok,,0.3656716417910448,0.33237339824098383,0.3441034757436226,0.34055715197956576
foundation_backbone,mae_flatten,svm_C1p0,33,8,134,ok,,0.27611940298507465,0.2544870014459394,0.28085403726708075,0.28811462324393355
foundation_backbone,mae_flatten,logreg_C0p1,33,8,134,ok,,0.26865671641791045,0.2412361766528433,0.26266722408026755,0.2788553639846743
foundation_backbone,mae_flatten,xgboost_depth2,33,8,134,ok,,0.2835820895522388,0.26375913779014554,0.2783210506424792,0.29673531289910604
foundation_backbone,mae_flatten,svm_C1p0,34,8,134,ok,,0.291044776119403,0.28395909645909645,0.3039339339339339,0.2755028735632184
foundation_backbone,mae_flatten,logreg_C0p1,34,8,134,ok,,0.29850746268656714,0.293799578942471,0.31269345238095236,0.29170657726692206
foundation_backbone,mae_flatten,xgboost_depth2,34,8,134,ok,,0.2835820895522388,0.229660423307288,0.32141794375836924,0.25147669220945085
foundation_backbone,mae_flatten,svm_C1p0,35,8,134,ok,,0.22388059701492538,0.20899251721323236,0.2674133249791144,0.2635696040868455
foundation_backbone,mae_flatten,logreg_C0p1,35,8,134,ok,,0.2462686567164179,0.237804327100942,0.3076021364873514,0.27630108556832694
foundation_backbone,mae_flatten,xgboost_depth2,35,8,134,ok,,0.208955223880597,0.19650882825040128,0.23020833333333332,0.2480044699872286
foundation_backbone,mae_flatten,svm_C1p0,36,8,134,ok,,0.40298507462686567,0.26184880532706617,0.2284878863826232,0.3298212005108557
foundation_backbone,mae_flatten,logreg_C0p1,36,8,134,ok,,0.44029850746268656,0.30266094373183966,0.2957391713747646,0.35823754789272033
foundation_backbone,mae_flatten,xgboost_depth2,36,8,134,ok,,0.3358208955223881,0.23047606772792534,0.22506523157208086,0.2614942528735632
foundation_backbone,mae_flatten,svm_C1p0,37,8,134,ok,,0.22388059701492538,0.21498932052797412,0.26326338093579477,0.2679198595146871
foundation_backbone,mae_flatten,logreg_C0p1,37,8,134,ok,,0.23134328358208955,0.22994546990604442,0.29646770894213914,0.27486430395913153
foundation_backbone,mae_flatten,xgboost_depth2,37,8,134,ok,,0.1791044776119403,0.17332948245211455,0.22995312859443295,0.2164750957854406
foundation_backbone,mae_flatten,svm_C1p0,38,8,134,ok,,0.417910447761194,0.35879939096850866,0.39587355212355213,0.37827266922094505
foundation_backbone,mae_flatten,logreg_C0p1,38,8,134,ok,,0.41044776119402987,0.3464362028631597,0.3788074712643678,0.3726053639846743
foundation_backbone,mae_flatten,xgboost_depth2,38,8,134,ok,,0.39552238805970147,0.32766395563005735,0.332997557997558,0.33273467432950193
foundation_backbone,mae_flatten,svm_C1p0,39,8,134,ok,,0.27611940298507465,0.2639110889110889,0.2694377697918217,0.27087324393358875
foundation_backbone,mae_flatten,logreg_C0p1,39,8,134,ok,,0.26865671641791045,0.2537539574853008,0.26329096954096953,0.2581417624521073
foundation_backbone,mae_flatten,xgboost_depth2,39,8,134,ok,,0.26865671641791045,0.24459658698789133,0.24979176643013654,0.25143678160919536
foundation_backbone,mae_flatten,svm_C1p0,40,8,134,ok,,0.291044776119403,0.28120910962605195,0.3003856439880188,0.30715197956577267
foundation_backbone,mae_flatten,logreg_C0p1,40,8,134,ok,,0.27611940298507465,0.26751394430402997,0.2867409427052058,0.29454022988505746
foundation_backbone,mae_flatten,xgboost_depth2,40,8,134,ok,,0.291044776119403,0.28773563479445835,0.3121189024390244,0.3140964240102171
foundation_backbone,mae_flatten,svm_C1p0,41,8,134,ok,,0.291044776119403,0.27269858577848266,0.3207282913165266,0.29765325670498083
foundation_backbone,mae_flatten,logreg_C0p1,41,8,134,ok,,0.30597014925373134,0.27338836532783606,0.30420500935048345,0.3004869093231162
foundation_backbone,mae_flatten,xgboost_depth2,41,8,134,ok,,0.2462686567164179,0.2489246985435043,0.26033834586466165,0.2576229246487867
foundation_backbone,mae_flatten,svm_C1p0,42,8,134,ok,,0.40298507462686567,0.37856418534384634,0.40050325050325053,0.37492017879948913
foundation_backbone,mae_flatten,logreg_C0p1,42,8,134,ok,,0.41044776119402987,0.3788919413919414,0.3957572673605282,0.37555874840357595
foundation_backbone,mae_flatten,xgboost_depth2,42,8,134,ok,,0.34328358208955223,0.3298180829560383,0.3606357535517955,0.33979885057471265
foundation_backbone,mae_flatten,svm_C1p0,43,8,134,ok,,0.34328358208955223,0.2922896004903399,0.2954153025942713,0.3112228607918263
foundation_backbone,mae_flatten,logreg_C0p1,43,8,134,ok,,0.3582089552238806,0.289361566439551,0.29133275261324043,0.31122286079182626
foundation_backbone,mae_flatten,xgboost_depth2,43,8,134,ok,,0.35074626865671643,0.30041554840914014,0.3068519441674975,0.3064734993614304
foundation_backbone,mae_flatten,svm_C1p0,44,8,134,ok,,0.3656716417910448,0.3299821444125076,0.37621569814366423,0.33413154533844186
foundation_backbone,mae_flatten,logreg_C0p1,44,8,134,ok,,0.4253731343283582,0.38268336992744334,0.4216217093244621,0.390205938697318
foundation_backbone,mae_flatten,xgboost_depth2,44,8,134,ok,,0.291044776119403,0.25260053718943287,0.2703775038520801,0.2775383141762452
foundation_backbone,mae_flatten,svm_C1p0,45,8,134,ok,,0.40298507462686567,0.33572721138510614,0.33646367146367145,0.34315134099616856
foundation_backbone,mae_flatten,logreg_C0p1,45,8,134,ok,,0.39552238805970147,0.3055006131794196,0.304034447627125,0.31265964240102173
foundation_backbone,mae_flatten,xgboost_depth2,45,8,134,ok,,0.30597014925373134,0.25975835758444454,0.29455190853038393,0.2775383141762452
foundation_backbone,mae_flatten,svm_C1p0,46,8,134,ok,,0.3283582089552239,0.30071681068342493,0.3024336409204831,0.3152139208173691
foundation_backbone,mae_flatten,logreg_C0p1,46,8,134,ok,,0.31343283582089554,0.2871315192743764,0.2926767676767677,0.2942608556832695
foundation_backbone,mae_flatten,xgboost_depth2,46,8,134,ok,,0.34328358208955223,0.30349177426412477,0.302614900822448,0.3064734993614304
foundation_backbone,mae_flatten,svm_C1p0,47,8,134,ok,,0.3283582089552239,0.2850940996118595,0.31762645249487353,0.3082694763729247
foundation_backbone,mae_flatten,logreg_C0p1,47,8,134,ok,,0.3582089552238806,0.3080555555555555,0.36447477660527405,0.340676883780332
foundation_backbone,mae_flatten,xgboost_depth2,47,8,134,ok,,0.291044776119403,0.23575120362503538,0.31934523809523807,0.27598180076628354
foundation_backbone,mae_flatten,svm_C1p0,48,8,134,ok,,0.26119402985074625,0.24517986049078777,0.2718929274101688,0.2515964240102171
foundation_backbone,mae_flatten,logreg_C0p1,48,8,134,ok,,0.3358208955223881,0.30749592344107857,0.33013600176912866,0.3117816091954023
foundation_backbone,mae_flatten,xgboost_depth2,48,8,134,ok,,0.31343283582089554,0.2374960376599721,0.23757002801120447,0.25323275862068967
foundation_backbone,mae_flatten,svm_C1p0,49,8,134,ok,,0.40298507462686567,0.3282789236247492,0.3523944805194805,0.33580779054916987
foundation_backbone,mae_flatten,logreg_C0p1,49,8,134,ok,,0.39552238805970147,0.32937456687456684,0.36853535353535355,0.33516922094508306
foundation_backbone,mae_flatten,xgboost_depth2,49,8,134,ok,,0.373134328358209,0.31374026849208175,0.3568430342475441,0.32036238825031926
foundation_backbone,mae_flatten,svm_C1p0,50,8,134,ok,,0.291044776119403,0.2744214306917867,0.3008266634327755,0.2715118135376756
foundation_backbone,mae_flatten,logreg_C0p1,50,8,134,ok,,0.2835820895522388,0.27831947505082083,0.34342105263157896,0.29182630906768836
foundation_backbone,mae_flatten,xgboost_depth2,50,8,134,ok,,0.21641791044776118,0.20120273970931757,0.2154282765737874,0.20889208173690932
foundation_backbone,mae_flatten,svm_C1p0,51,8,134,ok,,0.373134328358209,0.2920874183864128,0.2686868686868687,0.33217592592592593
foundation_backbone,mae_flatten,logreg_C0p1,51,8,134,ok,,0.3582089552238806,0.3015870180069017,0.33630684255684257,0.31405651340996166
foundation_backbone,mae_flatten,xgboost_depth2,51,8,134,ok,,0.29850746268656714,0.2558796894162748,0.2991883116883117,0.2776580459770115
foundation_backbone,mae_flatten,svm_C1p0,52,8,134,ok,,0.2835820895522388,0.24829978850287773,0.265809466997922,0.24293582375478928
foundation_backbone,mae_flatten,logreg_C0p1,52,8,134,ok,,0.29850746268656714,0.26457985416265123,0.27644156708248385,0.2689176245210728
foundation_backbone,mae_flatten,xgboost_depth2,52,8,134,ok,,0.29850746268656714,0.2323062558356676,0.22670068901686546,0.26145434227330777
foundation_backbone,mae_flatten,svm_C1p0,53,8,134,ok,,0.3656716417910448,0.32911958721565326,0.334757657932931,0.3289830779054917
foundation_backbone,mae_flatten,logreg_C0p1,53,8,134,ok,,0.35074626865671643,0.31382416738979113,0.31680732675400436,0.3150941890166028
foundation_backbone,mae_flatten,xgboost_depth2,53,8,134,ok,,0.3283582089552239,0.29691662266032975,0.30471077614502856,0.30352011494252873
foundation_backbone,mae_flatten,svm_C1p0,54,8,134,ok,,0.3358208955223881,0.29772104319536996,0.30833515636007686,0.3054358237547893
foundation_backbone,mae_flatten,logreg_C0p1,54,8,134,ok,,0.3358208955223881,0.2998754632160865,0.3117982456140351,0.303639846743295
foundation_backbone,mae_flatten,xgboost_depth2,54,8,134,ok,,0.2835820895522388,0.2628478181723618,0.28200226244343896,0.25838122605363983
foundation_backbone,mae_flatten,svm_C1p0,55,8,134,ok,,0.3283582089552239,0.28031713736337444,0.332819141642671,0.31708971902937416
foundation_backbone,mae_flatten,logreg_C0p1,55,8,134,ok,,0.2835820895522388,0.26110751993104936,0.3072014714204867,0.28376436781609193
foundation_backbone,mae_flatten,xgboost_depth2,55,8,134,ok,,0.2462686567164179,0.2332872179083732,0.2676209034815299,0.2509578544061303
foundation_backbone,mae_flatten,svm_C1p0,56,8,134,ok,,0.2835820895522388,0.2273984593837535,0.22691210785584653,0.23303799489144314
foundation_backbone,mae_flatten,logreg_C0p1,56,8,134,ok,,0.26865671641791045,0.23550181591418703,0.2483120368004089,0.24872286079182632
foundation_backbone,mae_flatten,xgboost_depth2,56,8,134,ok,,0.23134328358208955,0.21470246540414945,0.2384719039130804,0.2260935504469987
foundation_backbone,mae_flatten,svm_C1p0,57,8,134,ok,,0.21641791044776118,0.1950938603289417,0.21686259143155695,0.21336206896551724
foundation_backbone,mae_flatten,logreg_C0p1,57,8,134,ok,,0.21641791044776118,0.2100540007921003,0.2287210322825494,0.2312420178799489
foundation_backbone,mae_flatten,xgboost_depth2,57,8,134,ok,,0.2537313432835821,0.22353579029110945,0.22465277777777776,0.25363186462324394
foundation_backbone,mae_flatten,svm_C1p0,58,8,134,ok,,0.44776119402985076,0.34435784254300583,0.3220499486389317,0.3780332056194125
foundation_backbone,mae_flatten,logreg_C0p1,58,8,134,ok,,0.417910447761194,0.31847637110795,0.30805959935299243,0.34626436781609193
foundation_backbone,mae_flatten,xgboost_depth2,58,8,134,ok,,0.27611940298507465,0.243257032698903,0.2776048602661506,0.250838122605364
foundation_backbone,mae_flatten,svm_C1p0,59,8,134,ok,,0.3880597014925373,0.34043191339759177,0.34604865168128207,0.34095625798212004
foundation_backbone,mae_flatten,logreg_C0p1,59,8,134,ok,,0.44029850746268656,0.39798889083542793,0.4076001533448342,0.3991060025542784
foundation_backbone,mae_flatten,xgboost_depth2,59,8,134,ok,,0.3805970149253731,0.3587733043200622,0.36745745081658393,0.36450351213282245
foundation_backbone,mae_flatten,svm_C1p0,60,8,134,ok,,0.3208955223880597,0.2872034036982491,0.3153389772881817,0.2902697956577267
foundation_backbone,mae_flatten,logreg_C0p1,60,8,134,ok,,0.31343283582089554,0.2823172435165159,0.3087537462537462,0.27857598978288634
foundation_backbone,mae_flatten,xgboost_depth2,60,8,134,ok,,0.26865671641791045,0.23969116632160112,0.25953555764411024,0.2597780970625798
foundation_backbone,mae_flatten,svm_C1p0,61,8,134,ok,,0.30597014925373134,0.28525144329327523,0.3249599358974359,0.3126995530012771
foundation_backbone,mae_flatten,logreg_C0p1,61,8,134,ok,,0.31343283582089554,0.2984939838831059,0.3420855614973262,0.33109833971902936
foundation_backbone,mae_flatten,xgboost_depth2,61,8,134,ok,,0.2835820895522388,0.25872651620224435,0.3020138645138645,0.3015245849297573
foundation_backbone,mae_flatten,svm_C1p0,62,8,134,ok,,0.3208955223880597,0.2675420987220276,0.28767431399010346,0.2679198595146871
foundation_backbone,mae_flatten,logreg_C0p1,62,8,134,ok,,0.291044776119403,0.2538522761392908,0.27773809523809523,0.2511973180076628
foundation_backbone,mae_flatten,xgboost_depth2,62,8,134,ok,,0.29850746268656714,0.25524241000673825,0.25409722462839124,0.2626117496807152
foundation_backbone,mae_flatten,svm_C1p0,63,8,134,ok,,0.3880597014925373,0.34814814814814815,0.3927564102564103,0.3682151979565773
foundation_backbone,mae_flatten,logreg_C0p1,63,8,134,ok,,0.3880597014925373,0.36227896005340365,0.424678528708134,0.3750399106002554
foundation_backbone,mae_flatten,xgboost_depth2,63,8,134,ok,,0.23880597014925373,0.21268945114881743,0.2562491548343475,0.2523547254150702
foundation_backbone,mae_flatten,svm_C1p0,64,8,134,ok,,0.3805970149253731,0.3332739421449099,0.3786538461538462,0.353168901660281
foundation_backbone,mae_flatten,logreg_C0p1,64,8,134,ok,,0.3805970149253731,0.3209048460925808,0.3725834627329192,0.35033524904214564
foundation_backbone,mae_flatten,xgboost_depth2,64,8,134,ok,,0.3582089552238806,0.29006066599108665,0.2989561816629486,0.3366858237547892
foundation_backbone,mae_flatten,svm_C1p0,65,8,134,ok,,0.31343283582089554,0.27529172813703795,0.3218924992631889,0.32267720306513414
foundation_backbone,mae_flatten,logreg_C0p1,65,8,134,ok,,0.3283582089552239,0.2908249383774515,0.3317805383022774,0.33205619412515963
foundation_backbone,mae_flatten,xgboost_depth2,65,8,134,ok,,0.23134328358208955,0.211035696329814,0.2965979853479853,0.2503991060025543
foundation_backbone,mae_flatten,svm_C1p0,66,8,134,ok,,0.417910447761194,0.36910893136027195,0.3869966063348416,0.3786717752234994
foundation_backbone,mae_flatten,logreg_C0p1,66,8,134,ok,,0.41044776119402987,0.3697916666666667,0.3786054062216853,0.3793103448275862
foundation_backbone,mae_flatten,xgboost_depth2,66,8,134,ok,,0.3880597014925373,0.3364499484004128,0.35792572463768113,0.3430316091954023
foundation_backbone,mae_flatten,svm_C1p0,67,8,134,ok,,0.208955223880597,0.20565931124724918,0.2491033393326514,0.24345466155810985
foundation_backbone,mae_flatten,logreg_C0p1,67,8,134,ok,,0.22388059701492538,0.2198635976129582,0.2580580378084248,0.25850095785440613
foundation_backbone,mae_flatten,xgboost_depth2,67,8,134,ok,,0.23880597014925373,0.22563320774440837,0.25434059278729687,0.2292065772669221
foundation_backbone,mae_flatten,svm_C1p0,68,8,134,ok,,0.23134328358208955,0.21480426459275737,0.26724386724386723,0.25482918263090676
foundation_backbone,mae_flatten,logreg_C0p1,68,8,134,ok,,0.2537313432835821,0.24147178193513572,0.3003674171357098,0.27913473818646234
foundation_backbone,mae_flatten,xgboost_depth2,68,8,134,ok,,0.1865671641791045,0.17603637304724262,0.19043079096045198,0.20877234993614305
foundation_backbone,mae_flatten,svm_C1p0,69,8,134,ok,,0.23880597014925373,0.23626560499359794,0.28379533637436605,0.23164112388250319
foundation_backbone,mae_flatten,logreg_C0p1,69,8,134,ok,,0.1865671641791045,0.1909547940797941,0.2434632034632035,0.19408524904214558
foundation_backbone,mae_flatten,xgboost_depth2,69,8,134,ok,,0.23880597014925373,0.2352542758758075,0.2814978662938392,0.2415389527458493
foundation_backbone,mae_flatten,svm_C1p0,70,8,134,ok,,0.40298507462686567,0.352970817010163,0.37225056689342406,0.35229086845466157
foundation_backbone,mae_flatten,logreg_C0p1,70,8,134,ok,,0.44776119402985076,0.3858794090632055,0.44297857073864033,0.3961526181353768
foundation_backbone,mae_flatten,xgboost_depth2,70,8,134,ok,,0.3880597014925373,0.3605708834288064,0.3796014453212115,0.36051245210727967
foundation_backbone,mae_flatten,svm_C1p0,71,8,134,ok,,0.2835820895522388,0.26888394337830696,0.31531015037593985,0.271272349936143
foundation_backbone,mae_flatten,logreg_C0p1,71,8,134,ok,,0.3283582089552239,0.3021452267775797,0.353695856873823,0.3030411877394636
foundation_backbone,mae_flatten,xgboost_depth2,71,8,134,ok,,0.23880597014925373,0.22616940597815405,0.259685960591133,0.22341954022988506
foundation_backbone,mae_flatten,svm_C1p0,72,8,134,ok,,0.2835820895522388,0.26801608283762945,0.291017316017316,0.26700191570881227
foundation_backbone,mae_flatten,logreg_C0p1,72,8,134,ok,,0.29850746268656714,0.27572362278244633,0.32041314787216424,0.2739463601532567
foundation_backbone,mae_flatten,xgboost_depth2,72,8,134,ok,,0.29850746268656714,0.25634757713819095,0.2665246212121212,0.25850095785440613
foundation_backbone,mae_flatten,svm_C1p0,73,8,134,ok,,0.26119402985074625,0.23821257559073877,0.24628710531291362,0.2443726053639847
foundation_backbone,mae_flatten,logreg_C0p1,73,8,134,ok,,0.34328358208955223,0.30498282589173853,0.31462496481846325,0.3108636653895275
foundation_backbone,mae_flatten,xgboost_depth2,73,8,134,ok,,0.208955223880597,0.20290873510051594,0.24548904927824788,0.22932630906768842
foundation_backbone,mae_flatten,svm_C1p0,74,8,134,ok,,0.40298507462686567,0.33941276945106547,0.3419531718528737,0.3430316091954023
foundation_backbone,mae_flatten,logreg_C0p1,74,8,134,ok,,0.4253731343283582,0.37970641808636024,0.3866003787878788,0.3760775862068966
foundation_backbone,mae_flatten,xgboost_depth2,74,8,134,ok,,0.41044776119402987,0.35494573852523914,0.3631663764871699,0.3641443167305236
foundation_backbone,mae_flatten,svm_C1p0,75,8,134,ok,,0.23134328358208955,0.20639502028373388,0.2167073965461062,0.2399824393358876
foundation_backbone,mae_flatten,logreg_C0p1,75,8,134,ok,,0.2537313432835821,0.2321188150829112,0.24856459330143538,0.2624920178799489
foundation_backbone,mae_flatten,xgboost_depth2,75,8,134,ok,,0.23134328358208955,0.20851622339831627,0.21651186790505675,0.23239942528735633
foundation_backbone,mae_flatten,svm_C1p0,76,8,134,ok,,0.22388059701492538,0.22346349904702045,0.28016232133879193,0.24361430395913153
foundation_backbone,mae_flatten,logreg_C0p1,76,8,134,ok,,0.22388059701492538,0.22471655322378686,0.28036073403720463,0.24361430395913153
foundation_backbone,mae_flatten,xgboost_depth2,76,8,134,ok,,0.27611940298507465,0.28115881839427936,0.3246107636685902,0.31190134099616856
foundation_backbone,mae_flatten,svm_C1p0,77,8,134,ok,,0.4253731343283582,0.3232497237367234,0.305024642384902,0.35280970625798214
foundation_backbone,mae_flatten,logreg_C0p1,77,8,134,ok,,0.44029850746268656,0.34707705740113604,0.34913247213779136,0.3712084929757344
foundation_backbone,mae_flatten,xgboost_depth2,77,8,134,ok,,0.29850746268656714,0.24843376165332892,0.2745446515594542,0.2865980204342273
foundation_backbone,mae_flatten,svm_C1p0,78,8,134,ok,,0.27611940298507465,0.2760918588112596,0.3065679112554113,0.27781768837803317
foundation_backbone,mae_flatten,logreg_C0p1,78,8,134,ok,,0.26119402985074625,0.2608655412675075,0.29115713115713115,0.26057630906768836
foundation_backbone,mae_flatten,xgboost_depth2,78,8,134,ok,,0.2835820895522388,0.27101671343474626,0.29587732528909,0.27602171136653897
foundation_backbone,mae_flatten,svm_C1p0,79,8,134,ok,,0.291044776119403,0.2805538208298157,0.36263505886147396,0.31102330779054915
foundation_backbone,mae_flatten,logreg_C0p1,79,8,134,ok,,0.26865671641791045,0.2527734877734878,0.32788419913419914,0.2809307151979566
foundation_backbone,mae_flatten,xgboost_depth2,79,8,134,ok,,0.2462686567164179,0.24436477369695492,0.28210279627936674,0.26277139208173694
foundation_backbone,mae_flatten,svm_C1p0,80,8,134,ok,,0.3358208955223881,0.29442022063355106,0.3194010282245576,0.3006864623243934
foundation_backbone,mae_flatten,logreg_C0p1,80,8,134,ok,,0.373134328358209,0.339011087714976,0.3688661440185831,0.34957694763729247
foundation_backbone,mae_flatten,xgboost_depth2,80,8,134,ok,,0.291044776119403,0.25131824865133523,0.33119047619047615,0.25854086845466157
foundation_backbone,mae_flatten,svm_C1p0,81,8,134,ok,,0.21641791044776118,0.21735236994049315,0.22048592114381588,0.2312420178799489
foundation_backbone,mae_flatten,logreg_C0p1,81,8,134,ok,,0.26865671641791045,0.2543846003849243,0.2585309617918314,0.2803719667943806
foundation_backbone,mae_flatten,xgboost_depth2,81,8,134,ok,,0.27611940298507465,0.2578941165751651,0.2598374777277015,0.26740102171136654
foundation_backbone,mae_flatten,svm_C1p0,82,8,134,ok,,0.41044776119402987,0.3513934137873017,0.3578320802005013,0.3540868454661558
foundation_backbone,mae_flatten,logreg_C0p1,82,8,134,ok,,0.44029850746268656,0.3638011365700152,0.3825216972034715,0.3714479565772669
foundation_backbone,mae_flatten,xgboost_depth2,82,8,134,ok,,0.30597014925373134,0.27744488664311584,0.2889842076162831,0.2779374201787995
foundation_backbone,mae_flatten,svm_C1p0,83,8,134,ok,,0.3656716417910448,0.29536589755734577,0.3023491713024029,0.31393678160919536
foundation_backbone,mae_flatten,logreg_C0p1,83,8,134,ok,,0.3208955223880597,0.2664251071509136,0.30438989096782876,0.2948994252873563
foundation_backbone,mae_flatten,xgboost_depth2,83,8,134,ok,,0.3656716417910448,0.2899448320081426,0.3531555772994129,0.3342512771392082
foundation_backbone,mae_flatten,svm_C1p0,84,8,134,ok,,0.31343283582089554,0.2952028837470948,0.3206043956043956,0.2888729246487867
foundation_backbone,mae_flatten,logreg_C0p1,84,8,134,ok,,0.2835820895522388,0.27690552871712293,0.31018378692797294,0.27833652618135374
foundation_backbone,mae_flatten,xgboost_depth2,84,8,134,ok,,0.26119402985074625,0.2256843120924446,0.2609253409009781,0.25514846743295017
foundation_backbone,mae_flatten,svm_C1p0,85,8,134,ok,,0.17164179104477612,0.16845548491316578,0.23874722838137472,0.20218710089399744
foundation_backbone,mae_flatten,logreg_C0p1,85,8,134,ok,,0.17164179104477612,0.16846590909090908,0.26351078167115904,0.19484355044699872
foundation_backbone,mae_flatten,xgboost_depth2,85,8,134,ok,,0.17164179104477612,0.16420823895086079,0.21409749670619233,0.20462164750957856
foundation_backbone,mae_flatten,svm_C1p0,86,8,134,ok,,0.23880597014925373,0.2373747721347359,0.2664742664742665,0.23615102171136654
foundation_backbone,mae_flatten,logreg_C0p1,86,8,134,ok,,0.2537313432835821,0.2547031232566323,0.27956617242244586,0.2591794380587484
foundation_backbone,mae_flatten,xgboost_depth2,86,8,134,ok,,0.2462686567164179,0.23859463829343347,0.27852010565259205,0.24245689655172414
foundation_backbone,mae_flatten,svm_C1p0,87,8,134,ok,,0.34328358208955223,0.28790896159317214,0.3439836230258854,0.29785280970625794
foundation_backbone,mae_flatten,logreg_C0p1,87,8,134,ok,,0.3880597014925373,0.355647485589346,0.41601395309022426,0.36602011494252873
foundation_backbone,mae_flatten,xgboost_depth2,87,8,134,ok,,0.34328358208955223,0.3085245755488293,0.3169654906497012,0.31589240102171134
foundation_backbone,mae_flatten,svm_C1p0,88,8,134,ok,,0.3358208955223881,0.29784057635999384,0.3061153628117914,0.29813218390804597
foundation_backbone,mae_flatten,logreg_C0p1,88,8,134,ok,,0.291044776119403,0.27535134158268487,0.29217950107284507,0.27614144316730527
foundation_backbone,mae_flatten,xgboost_depth2,88,8,134,ok,,0.208955223880597,0.18497806344930592,0.18850135371874502,0.19691890166028098
foundation_backbone,mae_flatten,svm_C1p0,89,8,134,ok,,0.29850746268656714,0.2558903319346032,0.26997298919567825,0.2664830779054917
foundation_backbone,mae_flatten,logreg_C0p1,89,8,134,ok,,0.3208955223880597,0.28576203208556145,0.30735808309337725,0.2963362068965517
foundation_backbone,mae_flatten,xgboost_depth2,89,8,134,ok,,0.29850746268656714,0.2540887163736029,0.2607271266829866,0.26069604086845466
foundation_backbone,mae_flatten,svm_C1p0,90,8,134,ok,,0.3283582089552239,0.2935606060606061,0.3181768610715979,0.2992895913154534
foundation_backbone,mae_flatten,logreg_C0p1,90,8,134,ok,,0.3208955223880597,0.2937153961865908,0.32156362261297033,0.3032806513409962
foundation_backbone,mae_flatten,xgboost_depth2,90,8,134,ok,,0.2835820895522388,0.24983913704976324,0.2991956794159311,0.24836366538952748
foundation_backbone,mae_flatten,svm_C1p0,91,8,134,ok,,0.35074626865671643,0.32811798149672855,0.35056818181818183,0.3206417624521073
foundation_backbone,mae_flatten,logreg_C0p1,91,8,134,ok,,0.291044776119403,0.28283603403674185,0.3009649122807017,0.2824473180076628
foundation_backbone,mae_flatten,xgboost_depth2,91,8,134,ok,,0.26119402985074625,0.26606850801074977,0.2857464215222836,0.2825670498084291
foundation_backbone,mae_flatten,svm_C1p0,92,8,134,ok,,0.373134328358209,0.3447286710190709,0.3506448412698413,0.3526500638569604
foundation_backbone,mae_flatten,logreg_C0p1,92,8,134,ok,,0.34328358208955223,0.31742970095693523,0.32484375823191614,0.33065932311621965
foundation_backbone,mae_flatten,xgboost_depth2,92,8,134,ok,,0.31343283582089554,0.27220333442301403,0.2822765700483092,0.2686781609195402
foundation_backbone,mae_flatten,svm_C1p0,93,8,134,ok,,0.30597014925373134,0.26389369675290597,0.286135477582846,0.26225255427841637
foundation_backbone,mae_flatten,logreg_C0p1,93,8,134,ok,,0.2835820895522388,0.24890766342379245,0.26536195286195285,0.24836366538952748
foundation_backbone,mae_flatten,xgboost_depth2,93,8,134,ok,,0.29850746268656714,0.2554637828631636,0.2657726045883941,0.2617337164750958
foundation_backbone,mae_flatten,svm_C1p0,94,8,134,ok,,0.373134328358209,0.3288940436196875,0.3446107415619611,0.3427921455938697
foundation_backbone,mae_flatten,logreg_C0p1,94,8,134,ok,,0.2835820895522388,0.26150695907280064,0.2812066286204217,0.2912276500638569
foundation_backbone,mae_flatten,xgboost_depth2,94,8,134,ok,,0.291044776119403,0.28160972638669934,0.3100397147642491,0.31501436781609193
foundation_backbone,mae_flatten,svm_C1p0,95,8,134,ok,,0.1865671641791045,0.1811829423531551,0.2029174573055028,0.18917624521072796
foundation_backbone,mae_flatten,logreg_C0p1,95,8,134,ok,,0.1865671641791045,0.17195203174995538,0.18614917968366243,0.18801883780332057
foundation_backbone,mae_flatten,xgboost_depth2,95,8,134,ok,,0.1791044776119403,0.1668451527606457,0.17791580400276052,0.19420498084291188
foundation_backbone,mae_flatten,svm_C1p0,96,8,134,ok,,0.30597014925373134,0.30111065341481014,0.3226858108108108,0.3214000638569604
foundation_backbone,mae_flatten,logreg_C0p1,96,8,134,ok,,0.31343283582089554,0.3110086517157325,0.3297813297813298,0.3247525542784163
foundation_backbone,mae_flatten,xgboost_depth2,96,8,134,ok,,0.26865671641791045,0.2633265856950068,0.28772418058132343,0.28204821200510855
foundation_backbone,mae_flatten,svm_C1p0,97,8,134,ok,,0.35074626865671643,0.285152471980429,0.28725961538461536,0.3081896551724138
foundation_backbone,mae_flatten,logreg_C0p1,97,8,134,ok,,0.35074626865671643,0.2830732993878935,0.28862836361209815,0.3024026181353768
foundation_backbone,mae_flatten,xgboost_depth2,97,8,134,ok,,0.2835820895522388,0.25716491699978833,0.28660272942187837,0.2582614942528736
foundation_backbone,mae_flatten,svm_C1p0,98,8,134,ok,,0.3283582089552239,0.30856232486667273,0.32882366171839855,0.3170498084291188
foundation_backbone,mae_flatten,logreg_C0p1,98,8,134,ok,,0.3358208955223881,0.3194618728452429,0.3559654267633894,0.35009578544061304
foundation_backbone,mae_flatten,xgboost_depth2,98,8,134,ok,,0.3283582089552239,0.2956592063077219,0.3126984126984127,0.30918742017879947
foundation_backbone,mae_flatten,svm_C1p0,99,8,134,ok,,0.373134328358209,0.31609498976296124,0.3277342291899963,0.321918901660281
foundation_backbone,mae_flatten,logreg_C0p1,99,8,134,ok,,0.3880597014925373,0.33404282765737875,0.34306620209059235,0.33504948914431676
foundation_backbone,mae_flatten,xgboost_depth2,99,8,134,ok,,0.2835820895522388,0.25047054394880486,0.2794318002212739,0.25710408684546615
foundation_backbone,mae_flatten,svm_C1p0,100,8,134,ok,,0.39552238805970147,0.3706845432295494,0.3818716757958244,0.36745689655172414
foundation_backbone,mae_flatten,logreg_C0p1,100,8,134,ok,,0.3358208955223881,0.31192278367411075,0.3232843137254902,0.31138250319284805
foundation_backbone,mae_flatten,xgboost_depth2,100,8,134,ok,,0.35074626865671643,0.31677063254087245,0.32942790768018687,0.3220386334610472
prototype_head,mae_embeddings,prototype_mahalanobis_support_anova,1,8,134,ok,,0.5,0.3643919716646989,0.4201482994235981,0.40285759897828866
prototype_head,mae_embeddings,prototype_mahalanobis_support_anova,2,8,134,ok,,0.4626865671641791,0.42563550696103036,0.4526987562701848,0.4199393358876118
prototype_head,mae_embeddings,prototype_mahalanobis_support_anova,3,8,134,ok,,0.4253731343283582,0.38287548138639277,0.4200558692779046,0.40513250319284805
prototype_head,mae_embeddings,prototype_mahalanobis_support_anova,4,8,134,ok,,0.4253731343283582,0.3599090812136725,0.3622895622895623,0.3628272669220945
prototype_head,mae_embeddings,prototype_mahalanobis_support_anova,5,8,134,ok,,0.26865671641791045,0.24432164634146342,0.3405956112852665,0.3123802681992337
prototype_head,mae_embeddings,prototype_mahalanobis_support_anova,6,8,134,ok,,0.39552238805970147,0.32189022317888294,0.40397058823529414,0.3336526181353767
prototype_head,mae_embeddings,prototype_mahalanobis_support_anova,7,8,134,ok,,0.2835820895522388,0.22663790497011416,0.22540852005137718,0.25015964240102173
prototype_head,mae_embeddings,prototype_mahalanobis_support_anova,8,8,134,ok,,0.43283582089552236,0.4221820483211297,0.4409548920578333,0.4279214559386973
prototype_head,mae_embeddings,prototype_mahalanobis_support_anova,9,8,134,ok,,0.26119402985074625,0.24831379920389207,0.3191964285714286,0.27590197956577267
prototype_head,mae_embeddings,prototype_mahalanobis_support_anova,10,8,134,ok,,0.40298507462686567,0.3348813209494324,0.3565500289184499,0.3525303320561941
prototype_head,mae_embeddings,prototype_mahalanobis_support_anova,11,8,134,ok,,0.2835820895522388,0.22691871990937412,0.30480706610224684,0.32938218390804597
prototype_head,mae_embeddings,prototype_mahalanobis_support_anova,12,8,134,ok,,0.3880597014925373,0.3377336860670194,0.35461458831024045,0.3508939974457216
prototype_head,mae_embeddings,prototype_mahalanobis_support_anova,13,8,134,ok,,0.40298507462686567,0.3469003793637098,0.3679155811508753,0.35097381864623245
prototype_head,mae_embeddings,prototype_mahalanobis_support_anova,14,8,134,ok,,0.4626865671641791,0.3425684485006519,0.32291666666666663,0.37994891443167306
prototype_head,mae_embeddings,prototype_mahalanobis_support_anova,15,8,134,ok,,0.39552238805970147,0.35848410848410844,0.41301615139376047,0.3732838441890166
prototype_head,mae_embeddings,prototype_mahalanobis_support_anova,16,8,134,ok,,0.35074626865671643,0.31723801689121045,0.32534786641929503,0.31549329501915707
prototype_head,mae_embeddings,prototype_mahalanobis_support_anova,17,8,134,ok,,0.3582089552238806,0.32269707565376754,0.33289473684210524,0.33133780332056195
prototype_head,mae_embeddings,prototype_mahalanobis_support_anova,18,8,134,ok,,0.417910447761194,0.34431577810126,0.4484447004608295,0.37503991060025543
prototype_head,mae_embeddings,prototype_mahalanobis_support_anova,19,8,134,ok,,0.21641791044776118,0.22379434997991698,0.2714016279531467,0.23934386973180077
prototype_head,mae_embeddings,prototype_mahalanobis_support_anova,20,8,134,ok,,0.27611940298507465,0.2617848258706468,0.2778299916457811,0.25993773946360155
prototype_head,mae_embeddings,prototype_mahalanobis_support_anova,21,8,134,ok,,0.3358208955223881,0.2893009505282913,0.2965406061850027,0.2861590038314176
prototype_head,mae_embeddings,prototype_mahalanobis_support_anova,22,8,134,ok,,0.3656716417910448,0.35509027098106694,0.371158839029683,0.3652618135376756
prototype_head,mae_embeddings,prototype_mahalanobis_support_anova,23,8,134,ok,,0.41044776119402987,0.33127289377289376,0.32721218755701514,0.3404374201787995
prototype_head,mae_embeddings,prototype_mahalanobis_support_anova,24,8,134,ok,,0.39552238805970147,0.33860516725982825,0.37139880952380955,0.36035280970625794
prototype_head,mae_embeddings,prototype_mahalanobis_support_anova,25,8,134,ok,,0.26119402985074625,0.2421096207981454,0.27118055555555554,0.24964080459770113
prototype_head,mae_embeddings,prototype_mahalanobis_support_anova,26,8,134,ok,,0.40298507462686567,0.32354173284168175,0.36891679748822603,0.3487787356321839
prototype_head,mae_embeddings,prototype_mahalanobis_support_anova,27,8,134,ok,,0.40298507462686567,0.31807655135943397,0.39696519524617996,0.3502155172413793
prototype_head,mae_embeddings,prototype_mahalanobis_support_anova,28,8,134,ok,,0.30597014925373134,0.27996228194247996,0.2869385342789598,0.28464240102171134
prototype_head,mae_embeddings,prototype_mahalanobis_support_anova,29,8,134,ok,,0.3358208955223881,0.2855880230880231,0.3032911532911533,0.29725415070242656
prototype_head,mae_embeddings,prototype_mahalanobis_support_anova,30,8,134,ok,,0.23880597014925373,0.24699395842252986,0.2889880952380952,0.25067848020434225
prototype_head,mae_embeddings,prototype_mahalanobis_support_anova,31,8,134,ok,,0.417910447761194,0.3491665797081147,0.3460932340415841,0.370889208173691
prototype_head,mae_embeddings,prototype_mahalanobis_support_anova,32,8,134,ok,,0.417910447761194,0.36077535355345486,0.364878841607565,0.36103128991060024
prototype_head,mae_embeddings,prototype_mahalanobis_support_anova,33,8,134,ok,,0.31343283582089554,0.29498339660941286,0.3203366776479984,0.3336526181353768
prototype_head,mae_embeddings,prototype_mahalanobis_support_anova,34,8,134,ok,,0.291044776119403,0.2803558177621146,0.28774499281202637,0.2830858876117497
prototype_head,mae_embeddings,prototype_mahalanobis_support_anova,35,8,134,ok,,0.23880597014925373,0.2215612269350587,0.30380730380730375,0.27219029374201786
prototype_head,mae_embeddings,prototype_mahalanobis_support_anova,36,8,134,ok,,0.39552238805970147,0.2622845658278729,0.27811946696486817,0.3036797573435504
prototype_head,mae_embeddings,prototype_mahalanobis_support_anova,37,8,134,ok,,0.26865671641791045,0.2691693915378126,0.30520833333333336,0.28707694763729247
prototype_head,mae_embeddings,prototype_mahalanobis_support_anova,38,8,134,ok,,0.44029850746268656,0.3610086324398001,0.3523216979099332,0.4104406130268199
prototype_head,mae_embeddings,prototype_mahalanobis_support_anova,39,8,134,ok,,0.26865671641791045,0.24989195444270101,0.3054861111111111,0.2663633461047254
prototype_head,mae_embeddings,prototype_mahalanobis_support_anova,40,8,134,ok,,0.30597014925373134,0.29950268925845847,0.30892499642499643,0.31820721583652617
prototype_head,mae_embeddings,prototype_mahalanobis_support_anova,41,8,134,ok,,0.26865671641791045,0.26282219478314556,0.2767525784401718,0.2680395913154534
prototype_head,mae_embeddings,prototype_mahalanobis_support_anova,42,8,134,ok,,0.41044776119402987,0.3662196400489254,0.3774075771269035,0.3651420817369093
prototype_head,mae_embeddings,prototype_mahalanobis_support_anova,43,8,134,ok,,0.41044776119402987,0.36636363636363634,0.4019799443712487,0.3639846743295019
prototype_head,mae_embeddings,prototype_mahalanobis_support_anova,44,8,134,ok,,0.4552238805970149,0.391199526023152,0.39500538168570953,0.39060504469987234
prototype_head,mae_embeddings,prototype_mahalanobis_support_anova,45,8,134,ok,,0.44029850746268656,0.3086694809255785,0.2923449310033978,0.3442688378033205
prototype_head,mae_embeddings,prototype_mahalanobis_support_anova,46,8,134,ok,,0.291044776119403,0.25959143337784113,0.26519640114110166,0.26133461047254153
prototype_head,mae_embeddings,prototype_mahalanobis_support_anova,47,8,134,ok,,0.373134328358209,0.3141511266511267,0.39015873015873015,0.3388809067688378
prototype_head,mae_embeddings,prototype_mahalanobis_support_anova,48,8,134,ok,,0.47761194029850745,0.38855658998809905,0.4294161123429416,0.4081257982120051
prototype_head,mae_embeddings,prototype_mahalanobis_support_anova,49,8,134,ok,,0.39552238805970147,0.3118360349030143,0.33448678980593877,0.32076149425287354
prototype_head,mae_embeddings,prototype_mahalanobis_support_anova,50,8,134,ok,,0.43283582089552236,0.3706332027760599,0.37136487136487134,0.37428160919540227
prototype_head,mae_embeddings,prototype_mahalanobis_support_anova,51,8,134,ok,,0.44029850746268656,0.4080285284084852,0.42410714285714285,0.40617017879948913
prototype_head,mae_embeddings,prototype_mahalanobis_support_anova,52,8,134,ok,,0.3208955223880597,0.2849923126518871,0.29891194331983806,0.2816491060025543
prototype_head,mae_embeddings,prototype_mahalanobis_support_anova,53,8,134,ok,,0.4552238805970149,0.4283890653216265,0.43305931656995483,0.4333093869731801
prototype_head,mae_embeddings,prototype_mahalanobis_support_anova,54,8,134,ok,,0.373134328358209,0.31815365352853575,0.3250554270291112,0.32690772669220947
prototype_head,mae_embeddings,prototype_mahalanobis_support_anova,55,8,134,ok,,0.35074626865671643,0.23102588785368036,0.23498168498168498,0.2628911238825032
prototype_head,mae_embeddings,prototype_mahalanobis_support_anova,56,8,134,ok,,0.291044776119403,0.25058451242073104,0.2611913280517932,0.24976053639846746
prototype_head,mae_embeddings,prototype_mahalanobis_support_anova,57,8,134,ok,,0.2537313432835821,0.25342580184043595,0.2791353383458647,0.2624920178799489
prototype_head,mae_embeddings,prototype_mahalanobis_support_anova,58,8,134,ok,,0.4925373134328358,0.36144271070039896,0.3384030064556939,0.4011813537675607
prototype_head,mae_embeddings,prototype_mahalanobis_support_anova,59,8,134,ok,,0.4253731343283582,0.3736778736136326,0.3864387776387151,0.3748004469987229
prototype_head,mae_embeddings,prototype_mahalanobis_support_anova,60,8,134,ok,,0.4253731343283582,0.3414051435255945,0.34967948717948716,0.34454821200510855
prototype_head,mae_embeddings,prototype_mahalanobis_support_anova,61,8,134,ok,,0.30597014925373134,0.25381399412762756,0.3541666666666667,0.29509897828863346
prototype_head,mae_embeddings,prototype_mahalanobis_support_anova,62,8,134,ok,,0.41044776119402987,0.3368018419489008,0.36716269841269844,0.3425127713920817
prototype_head,mae_embeddings,prototype_mahalanobis_support_anova,63,8,134,ok,,0.39552238805970147,0.3348735664525138,0.3692780134323082,0.35779853128991057
prototype_head,mae_embeddings,prototype_mahalanobis_support_anova,64,8,134,ok,,0.44776119402985076,0.3766193417187617,0.39212649053074583,0.4117177522349936
prototype_head,mae_embeddings,prototype_mahalanobis_support_anova,65,8,134,ok,,0.41044776119402987,0.35498812544732905,0.3613772863772864,0.35791826309067687
prototype_head,mae_embeddings,prototype_mahalanobis_support_anova,66,8,134,ok,,0.3880597014925373,0.34259067274873206,0.361549681815439,0.3708492975734355
prototype_head,mae_embeddings,prototype_mahalanobis_support_anova,67,8,134,ok,,0.21641791044776118,0.2117769241712904,0.23475490196078433,0.25786238825031926
prototype_head,mae_embeddings,prototype_mahalanobis_support_anova,68,8,134,ok,,0.3358208955223881,0.2891458058849363,0.3035918188092101,0.28372445721583656
prototype_head,mae_embeddings,prototype_mahalanobis_support_anova,69,8,134,ok,,0.21641791044776118,0.21880836554749597,0.26963695470560456,0.21248403575989783
prototype_head,mae_embeddings,prototype_mahalanobis_support_anova,70,8,134,ok,,0.4925373134328358,0.42501009412774116,0.45956909520739303,0.4312340357598978
prototype_head,mae_embeddings,prototype_mahalanobis_support_anova,71,8,134,ok,,0.30597014925373134,0.27402922128660523,0.32424251174251173,0.2806114303959132
prototype_head,mae_embeddings,prototype_mahalanobis_support_anova,72,8,134,ok,,0.48507462686567165,0.37682236039378897,0.39788182831661095,0.38621487867177523
prototype_head,mae_embeddings,prototype_mahalanobis_support_anova,73,8,134,ok,,0.27611940298507465,0.25933681371950623,0.3372843874391862,0.2676803959131545
prototype_head,mae_embeddings,prototype_mahalanobis_support_anova,74,8,134,ok,,0.39552238805970147,0.34005774433689584,0.3493530476289097,0.3421136653895274
prototype_head,mae_embeddings,prototype_mahalanobis_support_anova,75,8,134,ok,,0.3880597014925373,0.3399988250351919,0.3468660329985653,0.35867656449553
prototype_head,mae_embeddings,prototype_mahalanobis_support_anova,76,8,134,ok,,0.2462686567164179,0.25765187106014087,0.32023809523809527,0.2621328224776501
prototype_head,mae_embeddings,prototype_mahalanobis_support_anova,77,8,134,ok,,0.4626865671641791,0.3558527996965604,0.3495782726045884,0.3764766922094508
prototype_head,mae_embeddings,prototype_mahalanobis_support_anova,78,8,134,ok,,0.26119402985074625,0.2436353886193008,0.2668883747831116,0.24026181353767562
prototype_head,mae_embeddings,prototype_mahalanobis_support_anova,79,8,134,ok,,0.29850746268656714,0.2698591944231479,0.30288461538461536,0.3038393997445722
prototype_head,mae_embeddings,prototype_mahalanobis_support_anova,80,8,134,ok,,0.4253731343283582,0.3278985507246377,0.3525443989071038,0.3591954022988506
prototype_head,mae_embeddings,prototype_mahalanobis_support_anova,81,8,134,ok,,0.2462686567164179,0.2408390090771861,0.268477602905569,0.2763809067688378
prototype_head,mae_embeddings,prototype_mahalanobis_support_anova,82,8,134,ok,,0.48507462686567165,0.3651069518716577,0.39992366552624803,0.37863186462324394
prototype_head,mae_embeddings,prototype_mahalanobis_support_anova,83,8,134,ok,,0.4552238805970149,0.38546525927444153,0.4173964154286493,0.42596583652618136
prototype_head,mae_embeddings,prototype_mahalanobis_support_anova,84,8,134,ok,,0.3358208955223881,0.3129720402988515,0.3183802683802684,0.32307630906768836
prototype_head,mae_embeddings,prototype_mahalanobis_support_anova,85,8,134,ok,,0.2537313432835821,0.24313004100915284,0.3891543239369326,0.2657247765006385
prototype_head,mae_embeddings,prototype_mahalanobis_support_anova,86,8,134,ok,,0.291044776119403,0.2890771458016391,0.33966768525592056,0.2990501277139208
prototype_head,mae_embeddings,prototype_mahalanobis_support_anova,87,8,134,ok,,0.3880597014925373,0.36238183113183114,0.4004385964912281,0.36474297573435505
prototype_head,mae_embeddings,prototype_mahalanobis_support_anova,88,8,134,ok,,0.291044776119403,0.28165050635638866,0.310301779051779,0.2713920817369093
prototype_head,mae_embeddings,prototype_mahalanobis_support_anova,89,8,134,ok,,0.4626865671641791,0.4109312697957972,0.4346756119568065,0.4360233077905492
prototype_head,mae_embeddings,prototype_mahalanobis_support_anova,90,8,134,ok,,0.3283582089552239,0.2909613446781108,0.2987800508454333,0.30072637292464877
prototype_head,mae_embeddings,prototype_mahalanobis_support_anova,91,8,134,ok,,0.3208955223880597,0.28663230960678243,0.29310648700892605,0.2942608556832695
prototype_head,mae_embeddings,prototype_mahalanobis_support_anova,92,8,134,ok,,0.3880597014925373,0.3327433950106001,0.34959349593495936,0.3556034482758621
prototype_head,mae_embeddings,prototype_mahalanobis_support_anova,93,8,134,ok,,0.34328358208955223,0.2704004648252436,0.28656426553672315,0.28216794380587484
prototype_head,mae_embeddings,prototype_mahalanobis_support_anova,94,8,134,ok,,0.30597014925373134,0.2817053780258506,0.29697128851540616,0.2691969987228608
prototype_head,mae_embeddings,prototype_mahalanobis_support_anova,95,8,134,ok,,0.21641791044776118,0.20177373976309515,0.21441312310877525,0.20809386973180077
prototype_head,mae_embeddings,prototype_mahalanobis_support_anova,96,8,134,ok,,0.44776119402985076,0.3855918573660509,0.3856530214424951,0.40022349936143037
prototype_head,mae_embeddings,prototype_mahalanobis_support_anova,97,8,134,ok,,0.41044776119402987,0.349039660085036,0.36527194609901376,0.3664591315453384
prototype_head,mae_embeddings,prototype_mahalanobis_support_anova,98,8,134,ok,,0.3283582089552239,0.3148391812865497,0.37297979797979797,0.34327107279693486
prototype_head,mae_embeddings,prototype_mahalanobis_support_anova,99,8,134,ok,,0.3880597014925373,0.34230898469809756,0.35510161324114814,0.35308908045977005
prototype_head,mae_embeddings,prototype_mahalanobis_support_anova,100,8,134,ok,,0.417910447761194,0.35680502195928687,0.40311302681992334,0.3538074712643678
direct_binned,bins1024_auc,svm_C1p0,1,8,134,ok,,0.41044776119402987,0.31489110041602086,0.32801011517701556,0.3246328224776501
direct_binned,bins1024_auc,logreg_C0p1,1,8,134,ok,,0.3582089552238806,0.2952020917319579,0.30474287617144763,0.3043183269476373
direct_binned,bins1024_auc,xgboost_depth2,1,8,134,ok,,0.291044776119403,0.2402543534896476,0.2553101736972705,0.2451309067688378
direct_binned,bins1024_auc,svm_C1p0,2,8,134,ok,,0.31343283582089554,0.30845836827311013,0.3689516129032258,0.34043742017879947
direct_binned,bins1024_auc,logreg_C0p1,2,8,134,ok,,0.39552238805970147,0.38362234302871573,0.43996487746487745,0.3829022988505747
direct_binned,bins1024_auc,xgboost_depth2,2,8,134,ok,,0.40298507462686567,0.34965779834200883,0.41048487760692826,0.3669380587484036
direct_binned,bins1024_auc,svm_C1p0,3,8,134,ok,,0.4253731343283582,0.38115942993991775,0.4149074074074074,0.4018997445721584
direct_binned,bins1024_auc,logreg_C0p1,3,8,134,ok,,0.39552238805970147,0.35281462855929246,0.3733872859488623,0.37360312899106
direct_binned,bins1024_auc,xgboost_depth2,3,8,134,ok,,0.3880597014925373,0.32525902618866,0.35426634768740034,0.37990900383141757
direct_binned,bins1024_auc,svm_C1p0,4,8,134,ok,,0.39552238805970147,0.3158571444877646,0.31485826001955036,0.3270673690932311
direct_binned,bins1024_auc,logreg_C0p1,4,8,134,ok,,0.41044776119402987,0.34981576407337067,0.3556246426529445,0.351492656449553
direct_binned,bins1024_auc,xgboost_depth2,4,8,134,ok,,0.41044776119402987,0.34114583333333337,0.37742224880382774,0.3525303320561941
direct_binned,bins1024_auc,svm_C1p0,5,8,134,ok,,0.23880597014925373,0.2221392862902297,0.22783521303258145,0.22018678160919541
direct_binned,bins1024_auc,logreg_C0p1,5,8,134,ok,,0.30597014925373134,0.2865446224256293,0.2964141122035859,0.2901500638569604
direct_binned,bins1024_auc,xgboost_depth2,5,8,134,ok,,0.26119402985074625,0.25911485774499476,0.3091302952503209,0.27087324393358875
direct_binned,bins1024_auc,svm_C1p0,6,8,134,ok,,0.34328358208955223,0.31378660637381567,0.3438988095238095,0.3370849297573435
direct_binned,bins1024_auc,logreg_C0p1,6,8,134,ok,,0.40298507462686567,0.3670236771015414,0.3998387683986061,0.38274265644955296
direct_binned,bins1024_auc,xgboost_depth2,6,8,134,ok,,0.3582089552238806,0.3025238450451498,0.34191176470588236,0.29865102171136654
direct_binned,bins1024_auc,svm_C1p0,7,8,134,ok,,0.23880597014925373,0.18328445747800584,0.17897727272727273,0.18789910600255427
direct_binned,bins1024_auc,logreg_C0p1,7,8,134,ok,,0.2462686567164179,0.2048155162738496,0.20283882783882784,0.22046615581098342
direct_binned,bins1024_auc,xgboost_depth2,7,8,134,ok,,0.3358208955223881,0.2941663518532443,0.29820574162679425,0.2951787994891443
direct_binned,bins1024_auc,svm_C1p0,8,8,134,ok,,0.34328358208955223,0.2925064274727314,0.2972047141455036,0.29118773946360155
direct_binned,bins1024_auc,logreg_C0p1,8,8,134,ok,,0.31343283582089554,0.2905830330822142,0.32717803030303033,0.28719667943805877
direct_binned,bins1024_auc,xgboost_depth2,8,8,134,ok,,0.3208955223880597,0.2710557224134984,0.2823605836713253,0.26983556832694766
direct_binned,bins1024_auc,svm_C1p0,9,8,134,ok,,0.29850746268656714,0.24506128043863892,0.2553963893249608,0.2511973180076628
direct_binned,bins1024_auc,logreg_C0p1,9,8,134,ok,,0.3208955223880597,0.252843637454982,0.256729055258467,0.26728128991060024
direct_binned,bins1024_auc,xgboost_depth2,9,8,134,ok,,0.373134328358209,0.32009454244896574,0.40883547587908176,0.3228368454661558
direct_binned,bins1024_auc,svm_C1p0,10,8,134,ok,,0.373134328358209,0.30058703949827914,0.32138830162085974,0.32922254150702424
direct_binned,bins1024_auc,logreg_C0p1,10,8,134,ok,,0.40298507462686567,0.3258592471358429,0.31785714285714284,0.37962962962962965
direct_binned,bins1024_auc,xgboost_depth2,10,8,134,ok,,0.3880597014925373,0.3055994346524776,0.3034340659340659,0.36342592592592593
direct_binned,bins1024_auc,svm_C1p0,11,8,134,ok,,0.29850746268656714,0.27509465987726855,0.37279774489076817,0.3233556832694764
direct_binned,bins1024_auc,logreg_C0p1,11,8,134,ok,,0.31343283582089554,0.2715424097302655,0.38933507549361207,0.3529294380587484
direct_binned,bins1024_auc,xgboost_depth2,11,8,134,ok,,0.2835820895522388,0.281862508836193,0.4034130284130284,0.32231800766283525
direct_binned,bins1024_auc,svm_C1p0,12,8,134,ok,,0.40298507462686567,0.3292468257021931,0.33357828612065904,0.3407167943805875
direct_binned,bins1024_auc,logreg_C0p1,12,8,134,ok,,0.373134328358209,0.31843017495060677,0.32656448943213645,0.31613186462324394
direct_binned,bins1024_auc,xgboost_depth2,12,8,134,ok,,0.3208955223880597,0.26785994498596954,0.3188613425455531,0.27897509578544055
direct_binned,bins1024_auc,svm_C1p0,13,8,134,ok,,0.373134328358209,0.32448633355891426,0.33829041720990877,0.35308908045977005
direct_binned,bins1024_auc,logreg_C0p1,13,8,134,ok,,0.44029850746268656,0.37957155785922914,0.40531274281274277,0.39204182630906775
direct_binned,bins1024_auc,xgboost_depth2,13,8,134,ok,,0.31343283582089554,0.2598602343711371,0.26233294835835674,0.31257982120051087
direct_binned,bins1024_auc,svm_C1p0,14,8,134,ok,,0.2835820895522388,0.2670024866134094,0.3102216748768473,0.2609754150702427
direct_binned,bins1024_auc,logreg_C0p1,14,8,134,ok,,0.2835820895522388,0.27284434203789043,0.3115383250847037,0.2622525542784163
direct_binned,bins1024_auc,xgboost_depth2,14,8,134,ok,,0.23134328358208955,0.1673470564492879,0.19367800074321811,0.17233397190293742
direct_binned,bins1024_auc,svm_C1p0,15,8,134,ok,,0.3283582089552239,0.3227956254272043,0.3787782207593528,0.3414750957854406
direct_binned,bins1024_auc,logreg_C0p1,15,8,134,ok,,0.3208955223880597,0.3101006800026408,0.3643219525572467,0.33596743295019155
direct_binned,bins1024_auc,xgboost_depth2,15,8,134,ok,,0.3656716417910448,0.31548461914352915,0.32844527882074814,0.32962164750957856
direct_binned,bins1024_auc,svm_C1p0,16,8,134,ok,,0.19402985074626866,0.2036694513257669,0.2507894736842105,0.18702107279693486
direct_binned,bins1024_auc,logreg_C0p1,16,8,134,ok,,0.26865671641791045,0.2844421606502256,0.33014460511679644,0.26676245210727967
direct_binned,bins1024_auc,xgboost_depth2,16,8,134,ok,,0.30597014925373134,0.26122377622377624,0.28195767195767196,0.3245530012771392
direct_binned,bins1024_auc,svm_C1p0,17,8,134,ok,,0.27611940298507465,0.2496684609174518,0.27001594896331743,0.2831257982120051
direct_binned,bins1024_auc,logreg_C0p1,17,8,134,ok,,0.26119402985074625,0.253769592476489,0.2734593837535014,0.280411877394636
direct_binned,bins1024_auc,xgboost_depth2,17,8,134,ok,,0.29850746268656714,0.27309303350970016,0.32685185185185184,0.30340038314176243
direct_binned,bins1024_auc,svm_C1p0,18,8,134,ok,,0.3358208955223881,0.31839366515837103,0.3329484942815768,0.3366060025542784
direct_binned,bins1024_auc,logreg_C0p1,18,8,134,ok,,0.34328358208955223,0.34130114955132773,0.36842757936507936,0.36346583652618136
direct_binned,bins1024_auc,xgboost_depth2,18,8,134,ok,,0.39552238805970147,0.37081363164571557,0.4012123678872638,0.37156768837803317
direct_binned,bins1024_auc,svm_C1p0,19,8,134,ok,,0.23134328358208955,0.23757133686339532,0.29931077694235586,0.257742656449553
direct_binned,bins1024_auc,logreg_C0p1,19,8,134,ok,,0.22388059701492538,0.22893793864237214,0.32706439158052064,0.24397349936143037
direct_binned,bins1024_auc,xgboost_depth2,19,8,134,ok,,0.20149253731343283,0.18926035509612874,0.21161204306882234,0.2151580459770115
direct_binned,bins1024_auc,svm_C1p0,20,8,134,ok,,0.2462686567164179,0.22329260651629074,0.24152858635617258,0.21723339719029372
direct_binned,bins1024_auc,logreg_C0p1,20,8,134,ok,,0.26119402985074625,0.21359286400091868,0.2255277817341626,0.21144636015325668
direct_binned,bins1024_auc,xgboost_depth2,20,8,134,ok,,0.2462686567164179,0.1869336256241627,0.1949087573569761,0.19871487867177523
direct_binned,bins1024_auc,svm_C1p0,21,8,134,ok,,0.26119402985074625,0.2505987266107206,0.2667581386621634,0.2587803320561941
direct_binned,bins1024_auc,logreg_C0p1,21,8,134,ok,,0.2537313432835821,0.24780512327329957,0.2603998034227567,0.25594667943805877
direct_binned,bins1024_auc,xgboost_depth2,21,8,134,ok,,0.23134328358208955,0.22864063650937563,0.27934626436781607,0.24992017879948913
direct_binned,bins1024_auc,svm_C1p0,22,8,134,ok,,0.3805970149253731,0.34506411634071205,0.35933862433862435,0.3503352490421456
direct_binned,bins1024_auc,logreg_C0p1,22,8,134,ok,,0.31343283582089554,0.3030109191655802,0.3382085020242915,0.31329821200510855
direct_binned,bins1024_auc,xgboost_depth2,22,8,134,ok,,0.2835820895522388,0.27219145776189324,0.3300954592363261,0.30559546615581096
direct_binned,bins1024_auc,svm_C1p0,23,8,134,ok,,0.30597014925373134,0.2721556346448962,0.29435805422647526,0.2885137292464879
direct_binned,bins1024_auc,logreg_C0p1,23,8,134,ok,,0.23134328358208955,0.21026777119148682,0.2143621708480199,0.22226213282247764
direct_binned,bins1024_auc,xgboost_depth2,23,8,134,ok,,0.29850746268656714,0.2644023061316294,0.28399397197784293,0.2890325670498084
direct_binned,bins1024_auc,svm_C1p0,24,8,134,ok,,0.39552238805970147,0.34751792508047996,0.35430691554467564,0.3625478927203065
direct_binned,bins1024_auc,logreg_C0p1,24,8,134,ok,,0.34328358208955223,0.3020651157353285,0.31416507193557697,0.3081497445721584
direct_binned,bins1024_auc,xgboost_depth2,24,8,134,ok,,0.34328358208955223,0.33381164965986393,0.3442562692562693,0.3331337803320562
direct_binned,bins1024_auc,svm_C1p0,25,8,134,ok,,0.291044776119403,0.23844937971199487,0.2588325652841782,0.28216794380587484
direct_binned,bins1024_auc,logreg_C0p1,25,8,134,ok,,0.2835820895522388,0.2321079350203062,0.25634603405315615,0.27175127713920816
direct_binned,bins1024_auc,xgboost_depth2,25,8,134,ok,,0.30597014925373134,0.2589501311302403,0.2829012581014106,0.28512132822477654
direct_binned,bins1024_auc,svm_C1p0,26,8,134,ok,,0.417910447761194,0.34674141596870633,0.36515151515151517,0.34981641123882506
direct_binned,bins1024_auc,logreg_C0p1,26,8,134,ok,,0.44029850746268656,0.38610402389601495,0.41381437464629317,0.384418901660281
direct_binned,bins1024_auc,xgboost_depth2,26,8,134,ok,,0.41044776119402987,0.3800357195463249,0.4008320251177394,0.3935584291187739
direct_binned,bins1024_auc,svm_C1p0,27,8,134,ok,,0.39552238805970147,0.3422548668932032,0.37063570487483527,0.37064974457215843
direct_binned,bins1024_auc,logreg_C0p1,27,8,134,ok,,0.29850746268656714,0.26662178282244076,0.28604567489774274,0.2826867816091954
direct_binned,bins1024_auc,xgboost_depth2,27,8,134,ok,,0.3208955223880597,0.28762064970680845,0.30214646464646466,0.2933828224776501
direct_binned,bins1024_auc,svm_C1p0,28,8,134,ok,,0.3582089552238806,0.306305052946227,0.30771979759645796,0.30854885057471265
direct_binned,bins1024_auc,logreg_C0p1,28,8,134,ok,,0.3208955223880597,0.2707417582417582,0.2833333333333333,0.2715118135376756
direct_binned,bins1024_auc,xgboost_depth2,28,8,134,ok,,0.291044776119403,0.24618518794920663,0.27788072776280326,0.2700750319284802
direct_binned,bins1024_auc,svm_C1p0,29,8,134,ok,,0.31343283582089554,0.2945580921322727,0.30839853010905643,0.30894795657726687
direct_binned,bins1024_auc,logreg_C0p1,29,8,134,ok,,0.2835820895522388,0.2716985428051002,0.2782736939525733,0.2803719667943806
direct_binned,bins1024_auc,xgboost_depth2,29,8,134,ok,,0.2835820895522388,0.27464059804485336,0.2849702380952381,0.274345466155811
direct_binned,bins1024_auc,svm_C1p0,30,8,134,ok,,0.23134328358208955,0.23625329939668174,0.30160909920876444,0.2387053001277139
direct_binned,bins1024_auc,logreg_C0p1,30,8,134,ok,,0.2462686567164179,0.24963301716350494,0.3043388739143456,0.2595386334610473
direct_binned,bins1024_auc,xgboost_depth2,30,8,134,ok,,0.2537313432835821,0.24273307337823463,0.2501054018445323,0.2644476372924649
direct_binned,bins1024_auc,svm_C1p0,31,8,134,ok,,0.3880597014925373,0.3283696351438287,0.32829519450800915,0.3413154533844189
direct_binned,bins1024_auc,logreg_C0p1,31,8,134,ok,,0.3880597014925373,0.30940025829669293,0.3048355263157894,0.3245929118773946
direct_binned,bins1024_auc,xgboost_depth2,31,8,134,ok,,0.3208955223880597,0.2851018686351669,0.30736677115987465,0.32730683269476374
direct_binned,bins1024_auc,svm_C1p0,32,8,134,ok,,0.40298507462686567,0.29494847670250895,0.30091698841698844,0.3226772030651341
direct_binned,bins1024_auc,logreg_C0p1,32,8,134,ok,,0.39552238805970147,0.2819701260480871,0.26819172113289763,0.3314176245210728
direct_binned,bins1024_auc,xgboost_depth2,32,8,134,ok,,0.39552238805970147,0.30454213467211255,0.2954701372074253,0.3206417624521073
direct_binned,bins1024_auc,svm_C1p0,33,8,134,ok,,0.21641791044776118,0.2016131370237163,0.23502531950807815,0.23355683269476374
direct_binned,bins1024_auc,logreg_C0p1,33,8,134,ok,,0.21641791044776118,0.19741385427659938,0.2126492128016518,0.22689176245210724
direct_binned,bins1024_auc,xgboost_depth2,33,8,134,ok,,0.23880597014925373,0.21394744777674216,0.23266806722689073,0.20745530012771393
direct_binned,bins1024_auc,svm_C1p0,34,8,134,ok,,0.3208955223880597,0.2679829545454545,0.28187741312741316,0.2604565772669221
direct_binned,bins1024_auc,logreg_C0p1,34,8,134,ok,,0.26865671641791045,0.25446599616858234,0.29851190476190476,0.2443726053639847
direct_binned,bins1024_auc,xgboost_depth2,34,8,134,ok,,0.29850746268656714,0.25622128819504014,0.3697534297367445,0.2617337164750958
direct_binned,bins1024_auc,svm_C1p0,35,8,134,ok,,0.22388059701492538,0.21208748790599513,0.26012228260869563,0.2405411877394636
direct_binned,bins1024_auc,logreg_C0p1,35,8,134,ok,,0.21641791044776118,0.21240102027530866,0.26414511958629605,0.2388649425287356
direct_binned,bins1024_auc,xgboost_depth2,35,8,134,ok,,0.1791044776119403,0.17865737690105582,0.21904798094948574,0.1893358876117497
direct_binned,bins1024_auc,svm_C1p0,36,8,134,ok,,0.3880597014925373,0.27246376811594203,0.2481060606060606,0.30379948914431676
direct_binned,bins1024_auc,logreg_C0p1,36,8,134,ok,,0.4552238805970149,0.3402781686837414,0.31120760959470634,0.3769955300127714
direct_binned,bins1024_auc,xgboost_depth2,36,8,134,ok,,0.3358208955223881,0.26634485338551406,0.28941761363636365,0.288992656449553
direct_binned,bins1024_auc,svm_C1p0,37,8,134,ok,,0.27611940298507465,0.24673509473195254,0.2851209089013967,0.313617496807152
direct_binned,bins1024_auc,logreg_C0p1,37,8,134,ok,,0.26865671641791045,0.23945111492281304,0.2876082251082251,0.31026500638569604
direct_binned,bins1024_auc,xgboost_depth2,37,8,134,ok,,0.2537313432835821,0.2350115264948171,0.2561087884718022,0.3051165389527458
direct_binned,bins1024_auc,svm_C1p0,38,8,134,ok,,0.3582089552238806,0.3287409427853081,0.34551158301158297,0.3251516602809706
direct_binned,bins1024_auc,logreg_C0p1,38,8,134,ok,,0.39552238805970147,0.35387191886914415,0.3692773302148302,0.3566810344827586
direct_binned,bins1024_auc,xgboost_depth2,38,8,134,ok,,0.3656716417910448,0.3024657864592753,0.35687889346425933,0.32383461047254153
direct_binned,bins1024_auc,svm_C1p0,39,8,134,ok,,0.3880597014925373,0.3467475018176285,0.35723304473304474,0.34714240102171134
direct_binned,bins1024_auc,logreg_C0p1,39,8,134,ok,,0.3656716417910448,0.3195257620355224,0.3360795454545455,0.3192049808429119
direct_binned,bins1024_auc,xgboost_depth2,39,8,134,ok,,0.2835820895522388,0.24285230352303525,0.2797831253713607,0.2932630906768838
direct_binned,bins1024_auc,svm_C1p0,40,8,134,ok,,0.23880597014925373,0.2476105087952644,0.2764785692260253,0.247485632183908
direct_binned,bins1024_auc,logreg_C0p1,40,8,134,ok,,0.23880597014925373,0.2251205338609792,0.2397865570419918,0.249161877394636
direct_binned,bins1024_auc,xgboost_depth2,40,8,134,ok,,0.26865671641791045,0.25847038974235914,0.26009720127367186,0.26392879948914433
direct_binned,bins1024_auc,svm_C1p0,41,8,134,ok,,0.23134328358208955,0.20524907095852224,0.2347067347067347,0.24209770114942525
direct_binned,bins1024_auc,logreg_C0p1,41,8,134,ok,,0.30597014925373134,0.27470596542193715,0.30657057030129126,0.2885137292464879
direct_binned,bins1024_auc,xgboost_depth2,41,8,134,ok,,0.31343283582089554,0.29780154486036836,0.3244030320643224,0.3149744572158365
direct_binned,bins1024_auc,svm_C1p0,42,8,134,ok,,0.3656716417910448,0.30957336523126,0.326742114785593,0.3297413793103448
direct_binned,bins1024_auc,logreg_C0p1,42,8,134,ok,,0.39552238805970147,0.355832374552569,0.37477598566308246,0.358955938697318
direct_binned,bins1024_auc,xgboost_depth2,42,8,134,ok,,0.35074626865671643,0.2769734473447345,0.27562902337743944,0.31649106002554284
direct_binned,bins1024_auc,svm_C1p0,43,8,134,ok,,0.3582089552238806,0.3515484817115252,0.3801282051282051,0.3761973180076628
direct_binned,bins1024_auc,logreg_C0p1,43,8,134,ok,,0.3582089552238806,0.3513256816127904,0.37436120789779326,0.36861430395913153
direct_binned,bins1024_auc,xgboost_depth2,43,8,134,ok,,0.373134328358209,0.35454752782338994,0.40062800679860566,0.3675766283524904
direct_binned,bins1024_auc,svm_C1p0,44,8,134,ok,,0.41044776119402987,0.3259770889487871,0.3586344211344211,0.3447876756066411
direct_binned,bins1024_auc,logreg_C0p1,44,8,134,ok,,0.44029850746268656,0.3604227190434087,0.41597391644829973,0.3765565134099617
direct_binned,bins1024_auc,xgboost_depth2,44,8,134,ok,,0.40298507462686567,0.3360807691392399,0.3585434173669467,0.3598339719029374
direct_binned,bins1024_auc,svm_C1p0,45,8,134,ok,,0.43283582089552236,0.35248348143084984,0.3570804195804196,0.36127075351213284
direct_binned,bins1024_auc,logreg_C0p1,45,8,134,ok,,0.4626865671641791,0.38874680306905374,0.39299242424242425,0.3913633461047254
direct_binned,bins1024_auc,xgboost_depth2,45,8,134,ok,,0.3880597014925373,0.3142237696514012,0.33167420814479637,0.35432630906768836
direct_binned,bins1024_auc,svm_C1p0,46,8,134,ok,,0.23880597014925373,0.23598057644110276,0.30755489490429244,0.24632822477650063
direct_binned,bins1024_auc,logreg_C0p1,46,8,134,ok,,0.23880597014925373,0.23841991341991342,0.29400266971777267,0.24812420178799488
direct_binned,bins1024_auc,xgboost_depth2,46,8,134,ok,,0.19402985074626866,0.20080345141508849,0.21108504398826977,0.20681673052362706
direct_binned,bins1024_auc,svm_C1p0,47,8,134,ok,,0.23880597014925373,0.22434501624018763,0.29050054423188754,0.2672413793103448
direct_binned,bins1024_auc,logreg_C0p1,47,8,134,ok,,0.26119402985074625,0.2504193280847693,0.3453703703703703,0.2965756704980843
direct_binned,bins1024_auc,xgboost_depth2,47,8,134,ok,,0.23134328358208955,0.22332373729101834,0.2338516746411483,0.24113984674329503
direct_binned,bins1024_auc,svm_C1p0,48,8,134,ok,,0.41044776119402987,0.3259615384615384,0.35687229437229434,0.3545657726692209
direct_binned,bins1024_auc,logreg_C0p1,48,8,134,ok,,0.3805970149253731,0.36685686036134535,0.3729362444340893,0.37503991060025543
direct_binned,bins1024_auc,xgboost_depth2,48,8,134,ok,,0.43283582089552236,0.35642438793699294,0.44166666666666665,0.3753991060025543
direct_binned,bins1024_auc,svm_C1p0,49,8,134,ok,,0.3805970149253731,0.34141733793632534,0.3608225108225108,0.3777139208173691
direct_binned,bins1024_auc,logreg_C0p1,49,8,134,ok,,0.3880597014925373,0.35401873587519134,0.38176123271889395,0.39160280970625794
direct_binned,bins1024_auc,xgboost_depth2,49,8,134,ok,,0.44029850746268656,0.36164529914529914,0.3858035714285714,0.3933987867177522
direct_binned,bins1024_auc,svm_C1p0,50,8,134,ok,,0.31343283582089554,0.30674603174603177,0.34428548042459334,0.3115022349936143
direct_binned,bins1024_auc,logreg_C0p1,50,8,134,ok,,0.30597014925373134,0.2913021952869994,0.3351238738738739,0.30699233716475094
direct_binned,bins1024_auc,xgboost_depth2,50,8,134,ok,,0.34328358208955223,0.2848885093807153,0.2915893630179345,0.32630906768837803
direct_binned,bins1024_auc,svm_C1p0,51,8,134,ok,,0.40298507462686567,0.323918377220264,0.4118344877838549,0.366139846743295
direct_binned,bins1024_auc,logreg_C0p1,51,8,134,ok,,0.4253731343283582,0.3636618117168402,0.47439102564102564,0.38916826309067687
direct_binned,bins1024_auc,xgboost_depth2,51,8,134,ok,,0.34328358208955223,0.30110225908545235,0.3573672262696653,0.3128991060025543
direct_binned,bins1024_auc,svm_C1p0,52,8,134,ok,,0.40298507462686567,0.35404796565343,0.4042553191489362,0.3742416985951469
direct_binned,bins1024_auc,logreg_C0p1,52,8,134,ok,,0.373134328358209,0.3649386748634832,0.41558908045977005,0.3760775862068966
direct_binned,bins1024_auc,xgboost_depth2,52,8,134,ok,,0.3283582089552239,0.310930572955553,0.33974358974358976,0.3243933588761175
direct_binned,bins1024_auc,svm_C1p0,53,8,134,ok,,0.373134328358209,0.27559408676429953,0.28381525606023,0.28847381864623245
direct_binned,bins1024_auc,logreg_C0p1,53,8,134,ok,,0.417910447761194,0.3014982337125577,0.3168154761904762,0.318566411238825
direct_binned,bins1024_auc,xgboost_depth2,53,8,134,ok,,0.4253731343283582,0.36548778853825786,0.36830209556850274,0.36566091954022983
direct_binned,bins1024_auc,svm_C1p0,54,8,134,ok,,0.3358208955223881,0.286153642447879,0.32447594169246646,0.32614942528735635
direct_binned,bins1024_auc,logreg_C0p1,54,8,134,ok,,0.3582089552238806,0.30837217542093254,0.3647667971298108,0.349816411238825
direct_binned,bins1024_auc,xgboost_depth2,54,8,134,ok,,0.417910447761194,0.35516928402566694,0.43089133089133086,0.3979086845466156
direct_binned,bins1024_auc,svm_C1p0,55,8,134,ok,,0.3208955223880597,0.25595270599446435,0.31680164760234897,0.2827266922094508
direct_binned,bins1024_auc,logreg_C0p1,55,8,134,ok,,0.291044776119403,0.2678278928278928,0.3698099415204678,0.32132024265644954
direct_binned,bins1024_auc,xgboost_depth2,55,8,134,ok,,0.2835820895522388,0.2320699568854298,0.2608333333333333,0.2659642401021711
direct_binned,bins1024_auc,svm_C1p0,56,8,134,ok,,0.2835820895522388,0.25151657750478834,0.24743641774891775,0.26145434227330777
direct_binned,bins1024_auc,logreg_C0p1,56,8,134,ok,,0.2537313432835821,0.24774168313570488,0.2727766227766228,0.2595386334610473
direct_binned,bins1024_auc,xgboost_depth2,56,8,134,ok,,0.30597014925373134,0.29837053167452576,0.30650921658986174,0.303919220945083
direct_binned,bins1024_auc,svm_C1p0,57,8,134,ok,,0.2537313432835821,0.2515677059349351,0.2673269068392907,0.27254948914431676
direct_binned,bins1024_auc,logreg_C0p1,57,8,134,ok,,0.23134328358208955,0.2291818694913515,0.2762491264849755,0.2618534482758621
direct_binned,bins1024_auc,xgboost_depth2,57,8,134,ok,,0.22388059701492538,0.21659627953745603,0.2552521008403361,0.2567049808429119
direct_binned,bins1024_auc,svm_C1p0,58,8,134,ok,,0.208955223880597,0.21374073927427586,0.24852126385145254,0.20426245210727967
direct_binned,bins1024_auc,logreg_C0p1,58,8,134,ok,,0.2462686567164179,0.24137254901960783,0.2675720186589752,0.23603128991060024
direct_binned,bins1024_auc,xgboost_depth2,58,8,134,ok,,0.26119402985074625,0.24084478323608757,0.24427236569685082,0.2515964240102171
direct_binned,bins1024_auc,svm_C1p0,59,8,134,ok,,0.40298507462686567,0.3606294048333667,0.3807598039215686,0.37360312899106
direct_binned,bins1024_auc,logreg_C0p1,59,8,134,ok,,0.41044776119402987,0.3685903200114513,0.38687687205819427,0.3840197956577267
direct_binned,bins1024_auc,xgboost_depth2,59,8,134,ok,,0.3880597014925373,0.32755574791938985,0.3717587237324079,0.36330619412515963
direct_binned,bins1024_auc,svm_C1p0,60,8,134,ok,,0.29850746268656714,0.22184166249115855,0.22684503243013884,0.224816411238825
direct_binned,bins1024_auc,logreg_C0p1,60,8,134,ok,,0.2462686567164179,0.2153525706157285,0.2410149218515122,0.20797413793103448
direct_binned,bins1024_auc,xgboost_depth2,60,8,134,ok,,0.23134328358208955,0.21170542262539066,0.23844283991025877,0.20733556832694763
direct_binned,bins1024_auc,svm_C1p0,61,8,134,ok,,0.26119402985074625,0.22757941830006923,0.2777174310584449,0.28117017879948913
direct_binned,bins1024_auc,logreg_C0p1,61,8,134,ok,,0.26119402985074625,0.21471360904350595,0.23061846689895468,0.27602171136653897
direct_binned,bins1024_auc,xgboost_depth2,61,8,134,ok,,0.22388059701492538,0.2040890484100617,0.23417119565217392,0.21248403575989783
direct_binned,bins1024_auc,svm_C1p0,62,8,134,ok,,0.39552238805970147,0.35906067423004095,0.373700707785642,0.3583173690932312
direct_binned,bins1024_auc,logreg_C0p1,62,8,134,ok,,0.4253731343283582,0.40429794842838324,0.4625605302849885,0.40050287356321834
direct_binned,bins1024_auc,xgboost_depth2,62,8,134,ok,,0.3805970149253731,0.32748524826004766,0.3835044701305502,0.3364463601532567
direct_binned,bins1024_auc,svm_C1p0,63,8,134,ok,,0.3283582089552239,0.27382471599061464,0.27635599694423224,0.27330779054916987
direct_binned,bins1024_auc,logreg_C0p1,63,8,134,ok,,0.35074626865671643,0.293907279186282,0.29847904112017015,0.29813218390804597
direct_binned,bins1024_auc,xgboost_depth2,63,8,134,ok,,0.417910447761194,0.33869695262039967,0.38784682494279177,0.37603767560664114
direct_binned,bins1024_auc,svm_C1p0,64,8,134,ok,,0.3880597014925373,0.3550205736952725,0.39142036124794743,0.37236590038314177
direct_binned,bins1024_auc,logreg_C0p1,64,8,134,ok,,0.40298507462686567,0.3646173830609355,0.4115784318140876,0.3906050446998723
direct_binned,bins1024_auc,xgboost_depth2,64,8,134,ok,,0.3880597014925373,0.30703241007157284,0.36701839826839827,0.3770753512132823
direct_binned,bins1024_auc,svm_C1p0,65,8,134,ok,,0.2835820895522388,0.2818428298022362,0.30896551724137933,0.303919220945083
direct_binned,bins1024_auc,logreg_C0p1,65,8,134,ok,,0.2835820895522388,0.2838191620485845,0.30324648018087885,0.3108636653895274
direct_binned,bins1024_auc,xgboost_depth2,65,8,134,ok,,0.27611940298507465,0.2792978826081758,0.31380175983436853,0.29234514687100893
direct_binned,bins1024_auc,svm_C1p0,66,8,134,ok,,0.3358208955223881,0.26516323024054983,0.2627152828931215,0.28320561941251593
direct_binned,bins1024_auc,logreg_C0p1,66,8,134,ok,,0.3582089552238806,0.26185185185185184,0.24062873357228198,0.2990102171136654
direct_binned,bins1024_auc,xgboost_depth2,66,8,134,ok,,0.3358208955223881,0.30123220801186906,0.32211040828062104,0.3017241379310345
direct_binned,bins1024_auc,svm_C1p0,67,8,134,ok,,0.44776119402985076,0.36293222523169044,0.36889416553595655,0.36641922094508306
direct_binned,bins1024_auc,logreg_C0p1,67,8,134,ok,,0.3880597014925373,0.36097804257598076,0.3913427464008859,0.35021551724137934
direct_binned,bins1024_auc,xgboost_depth2,67,8,134,ok,,0.30597014925373134,0.2588053373120798,0.2819805194805195,0.2587803320561941
direct_binned,bins1024_auc,svm_C1p0,68,8,134,ok,,0.373134328358209,0.30814545791325976,0.31938534278959807,0.31872605363984674
direct_binned,bins1024_auc,logreg_C0p1,68,8,134,ok,,0.3880597014925373,0.328582500769886,0.355433658392435,0.3331337803320562
direct_binned,bins1024_auc,xgboost_depth2,68,8,134,ok,,0.40298507462686567,0.3100373885533506,0.31448863636363633,0.3281050446998723
direct_binned,bins1024_auc,svm_C1p0,69,8,134,ok,,0.2462686567164179,0.2242600275127561,0.30681626948473306,0.24106002554278416
direct_binned,bins1024_auc,logreg_C0p1,69,8,134,ok,,0.22388059701492538,0.21980081122635478,0.2754780564263323,0.2128831417624521
direct_binned,bins1024_auc,xgboost_depth2,69,8,134,ok,,0.2462686567164179,0.2327222039588124,0.34628378378378377,0.2518358876117497
direct_binned,bins1024_auc,svm_C1p0,70,8,134,ok,,0.417910447761194,0.3376845451442225,0.3349291871921182,0.34750159642401024
direct_binned,bins1024_auc,logreg_C0p1,70,8,134,ok,,0.44776119402985076,0.38345404451298515,0.3937427156177156,0.38493773946360155
direct_binned,bins1024_auc,xgboost_depth2,70,8,134,ok,,0.3880597014925373,0.3348427672955975,0.3448260073260073,0.3433908045977011
direct_binned,bins1024_auc,svm_C1p0,71,8,134,ok,,0.27611940298507465,0.2641941391941392,0.317719881744272,0.2576229246487867
direct_binned,bins1024_auc,logreg_C0p1,71,8,134,ok,,0.26865671641791045,0.2600213345976058,0.31014384920634924,0.25594667943805877
direct_binned,bins1024_auc,xgboost_depth2,71,8,134,ok,,0.2537313432835821,0.24878310062590275,0.28848684210526315,0.2576229246487867
direct_binned,bins1024_auc,svm_C1p0,72,8,134,ok,,0.3283582089552239,0.2520138337875599,0.2435831493376154,0.274345466155811
direct_binned,bins1024_auc,logreg_C0p1,72,8,134,ok,,0.3805970149253731,0.31521212387262926,0.34631844763423714,0.31768837803320565
direct_binned,bins1024_auc,xgboost_depth2,72,8,134,ok,,0.23134328358208955,0.20265949783561385,0.24430418719211822,0.20346424010217112
direct_binned,bins1024_auc,svm_C1p0,73,8,134,ok,,0.30597014925373134,0.24381125986134353,0.27463343108504396,0.26660280970625794
direct_binned,bins1024_auc,logreg_C0p1,73,8,134,ok,,0.417910447761194,0.31649208655095956,0.34791666666666665,0.3550846104725415
direct_binned,bins1024_auc,xgboost_depth2,73,8,134,ok,,0.43283582089552236,0.34346244547133753,0.4143356643356643,0.3815852490421456
direct_binned,bins1024_auc,svm_C1p0,74,8,134,ok,,0.3805970149253731,0.36259505762901345,0.3729700854700855,0.36953224776500637
direct_binned,bins1024_auc,logreg_C0p1,74,8,134,ok,,0.3582089552238806,0.3183496961196821,0.33612516869095815,0.3193646232439336
direct_binned,bins1024_auc,xgboost_depth2,74,8,134,ok,,0.3582089552238806,0.3121418479073685,0.32124125874125875,0.31625159642401024
direct_binned,bins1024_auc,svm_C1p0,75,8,134,ok,,0.2835820895522388,0.26584996436208125,0.27872023809523805,0.2811302681992337
direct_binned,bins1024_auc,logreg_C0p1,75,8,134,ok,,0.23880597014925373,0.2363032603070554,0.2405925668982608,0.25091794380587484
direct_binned,bins1024_auc,xgboost_depth2,75,8,134,ok,,0.31343283582089554,0.3121873667067354,0.32945261437908496,0.3084291187739464
direct_binned,bins1024_auc,svm_C1p0,76,8,134,ok,,0.22388059701492538,0.2267057296842566,0.2811783606477417,0.24361430395913153
direct_binned,bins1024_auc,logreg_C0p1,76,8,134,ok,,0.23880597014925373,0.2528906577293674,0.3144446699134199,0.2567448914431673
direct_binned,bins1024_auc,xgboost_depth2,76,8,134,ok,,0.23134328358208955,0.23844356176742892,0.2619617224880383,0.25610632183908044
direct_binned,bins1024_auc,svm_C1p0,77,8,134,ok,,0.27611940298507465,0.23722191960338515,0.3415994623655914,0.2802921455938697
direct_binned,bins1024_auc,logreg_C0p1,77,8,134,ok,,0.27611940298507465,0.23683233440347,0.4684792219274978,0.2802921455938697
direct_binned,bins1024_auc,xgboost_depth2,77,8,134,ok,,0.3283582089552239,0.31283198383061583,0.3593080711263882,0.34893837803320565
direct_binned,bins1024_auc,svm_C1p0,78,8,134,ok,,0.26865671641791045,0.26917182959592084,0.2911764705882353,0.28436302681992337
direct_binned,bins1024_auc,logreg_C0p1,78,8,134,ok,,0.23880597014925373,0.23128659957928252,0.25396825396825395,0.23818646232439336
direct_binned,bins1024_auc,xgboost_depth2,78,8,134,ok,,0.2537313432835821,0.22762192217659258,0.2811959761549926,0.23419540229885055
direct_binned,bins1024_auc,svm_C1p0,79,8,134,ok,,0.22388059701492538,0.22513006317354145,0.2998366013071896,0.23140166028097064
direct_binned,bins1024_auc,logreg_C0p1,79,8,134,ok,,0.22388059701492538,0.2205761450422968,0.28908780903665815,0.23255906768837803
direct_binned,bins1024_auc,xgboost_depth2,79,8,134,ok,,0.27611940298507465,0.26001217532467535,0.29036446563620477,0.2769396551724138
direct_binned,bins1024_auc,svm_C1p0,80,8,134,ok,,0.3283582089552239,0.2958539629115244,0.33622448979591835,0.3082694763729246
direct_binned,bins1024_auc,logreg_C0p1,80,8,134,ok,,0.26865671641791045,0.2527488811323583,0.2856001483785365,0.2705938697318008
direct_binned,bins1024_auc,xgboost_depth2,80,8,134,ok,,0.20149253731343283,0.20247819906654926,0.20742563887725177,0.2178719667943806
direct_binned,bins1024_auc,svm_C1p0,81,8,134,ok,,0.26119402985074625,0.267337065450273,0.29426662137974163,0.26700191570881227
direct_binned,bins1024_auc,logreg_C0p1,81,8,134,ok,,0.29850746268656714,0.29743301283842954,0.31659053156146183,0.30340038314176243
direct_binned,bins1024_auc,xgboost_depth2,81,8,134,ok,,0.3283582089552239,0.3244534382478328,0.3499084249084249,0.33325351213282245
direct_binned,bins1024_auc,svm_C1p0,82,8,134,ok,,0.3880597014925373,0.31564969333903864,0.3181830424477483,0.3230763090676884
direct_binned,bins1024_auc,logreg_C0p1,82,8,134,ok,,0.417910447761194,0.3527343799576104,0.36077223993045493,0.35368773946360155
direct_binned,bins1024_auc,xgboost_depth2,82,8,134,ok,,0.29850746268656714,0.25760864083767715,0.26708893091604713,0.2590197956577267
direct_binned,bins1024_auc,svm_C1p0,83,8,134,ok,,0.3283582089552239,0.2925750577924491,0.33125,0.3091874201787995
direct_binned,bins1024_auc,logreg_C0p1,83,8,134,ok,,0.35074626865671643,0.30918040293040294,0.3461697722567288,0.34802043422733075
direct_binned,bins1024_auc,xgboost_depth2,83,8,134,ok,,0.35074626865671643,0.29029611844737896,0.3599386724386724,0.33540868454661554
direct_binned,bins1024_auc,svm_C1p0,84,8,134,ok,,0.3208955223880597,0.2864271536062147,0.31749646567090783,0.31665070242656446
direct_binned,bins1024_auc,logreg_C0p1,84,8,134,ok,,0.3208955223880597,0.2899222728491021,0.334760879241726,0.31908524904214564
direct_binned,bins1024_auc,xgboost_depth2,84,8,134,ok,,0.3208955223880597,0.2869721572839662,0.29027777777777775,0.29258461047254153
direct_binned,bins1024_auc,svm_C1p0,85,8,134,ok,,0.26865671641791045,0.2385019749497085,0.331248235460192,0.2973339719029374
direct_binned,bins1024_auc,logreg_C0p1,85,8,134,ok,,0.26865671641791045,0.2287515170329132,0.3531433191833435,0.2950191570881226
direct_binned,bins1024_auc,xgboost_depth2,85,8,134,ok,,0.3582089552238806,0.290530303030303,0.359571392659628,0.33269476372924645
direct_binned,bins1024_auc,svm_C1p0,86,8,134,ok,,0.2835820895522388,0.27985209235209235,0.3295752111481647,0.2855603448275862
direct_binned,bins1024_auc,logreg_C0p1,86,8,134,ok,,0.26865671641791045,0.2824044752547861,0.3404918252479228,0.27809706257982125
direct_binned,bins1024_auc,xgboost_depth2,86,8,134,ok,,0.26119402985074625,0.2521173150059244,0.28170238654109625,0.2607359514687101
direct_binned,bins1024_auc,svm_C1p0,87,8,134,ok,,0.43283582089552236,0.37511206553592547,0.49117549117549114,0.42979725415070247
direct_binned,bins1024_auc,logreg_C0p1,87,8,134,ok,,0.40298507462686567,0.34923273657289006,0.4756690677743309,0.38864942528735635
direct_binned,bins1024_auc,xgboost_depth2,87,8,134,ok,,0.40298507462686567,0.3513729246487868,0.4163679808841099,0.3666586845466156
direct_binned,bins1024_auc,svm_C1p0,88,8,134,ok,,0.34328358208955223,0.3052508167446083,0.31229166666666663,0.3091874201787995
direct_binned,bins1024_auc,logreg_C0p1,88,8,134,ok,,0.2835820895522388,0.2526785714285714,0.2840388777888778,0.2624920178799489
direct_binned,bins1024_auc,xgboost_depth2,88,8,134,ok,,0.23880597014925373,0.20898947330986167,0.22521508603441376,0.2250558748403576
direct_binned,bins1024_auc,svm_C1p0,89,8,134,ok,,0.373134328358209,0.32712276856993305,0.3341284759517842,0.32475255427841637
direct_binned,bins1024_auc,logreg_C0p1,89,8,134,ok,,0.3582089552238806,0.34965728715728717,0.3812842254018725,0.34738186462324394
direct_binned,bins1024_auc,xgboost_depth2,89,8,134,ok,,0.2462686567164179,0.2355837544861935,0.3121830855591882,0.24668742017879952
direct_binned,bins1024_auc,svm_C1p0,90,8,134,ok,,0.34328358208955223,0.26030335389969944,0.2646455627705628,0.26943646232439333
direct_binned,bins1024_auc,logreg_C0p1,90,8,134,ok,,0.3358208955223881,0.24393115969841744,0.23983579206181946,0.25786238825031926
direct_binned,bins1024_auc,xgboost_depth2,90,8,134,ok,,0.3582089552238806,0.27174029674029676,0.3188700918964077,0.28899265644955296
direct_binned,bins1024_auc,svm_C1p0,91,8,134,ok,,0.2537313432835821,0.2414301747635081,0.27436914936914936,0.2511973180076629
direct_binned,bins1024_auc,logreg_C0p1,91,8,134,ok,,0.2537313432835821,0.2468338052924519,0.2627091159044263,0.2549090038314176
direct_binned,bins1024_auc,xgboost_depth2,91,8,134,ok,,0.2537313432835821,0.23959437963944857,0.2688429217840983,0.2596583652618135
direct_binned,bins1024_auc,svm_C1p0,92,8,134,ok,,0.40298507462686567,0.319060095699347,0.32074752097635395,0.3255108556832695
direct_binned,bins1024_auc,logreg_C0p1,92,8,134,ok,,0.40298507462686567,0.35104386582219094,0.3668081172591998,0.3491778416347382
direct_binned,bins1024_auc,xgboost_depth2,92,8,134,ok,,0.3283582089552239,0.2864179316215066,0.3018682701433498,0.28564016602809705
direct_binned,bins1024_auc,svm_C1p0,93,8,134,ok,,0.3208955223880597,0.30358256334674905,0.32426470588235295,0.30056673052362703
direct_binned,bins1024_auc,logreg_C0p1,93,8,134,ok,,0.3358208955223881,0.3226069859224047,0.3459033613445378,0.3174090038314176
direct_binned,bins1024_auc,xgboost_depth2,93,8,134,ok,,0.3283582089552239,0.26443191311612363,0.2645579064959317,0.2817688378033205
direct_binned,bins1024_auc,svm_C1p0,94,8,134,ok,,0.22388059701492538,0.1801583960954686,0.17681476787846356,0.18969508301404853
direct_binned,bins1024_auc,logreg_C0p1,94,8,134,ok,,0.2537313432835821,0.22499854642711783,0.22924242424242425,0.23986270753512134
direct_binned,bins1024_auc,xgboost_depth2,94,8,134,ok,,0.2835820895522388,0.2482061196700518,0.24980909688356498,0.25067848020434225
direct_binned,bins1024_auc,svm_C1p0,95,8,134,ok,,0.22388059701492538,0.19268191000713797,0.21334991708126033,0.23714878671775225
direct_binned,bins1024_auc,logreg_C0p1,95,8,134,ok,,0.22388059701492538,0.19957533408620362,0.2187002309284918,0.24820402298850572
direct_binned,bins1024_auc,xgboost_depth2,95,8,134,ok,,0.2537313432835821,0.23045346649997814,0.28107595141177233,0.2804916985951469
direct_binned,bins1024_auc,svm_C1p0,96,8,134,ok,,0.30597014925373134,0.2797725230384297,0.2825043060702542,0.28204821200510855
direct_binned,bins1024_auc,logreg_C0p1,96,8,134,ok,,0.3283582089552239,0.29797979797979796,0.30232649071358747,0.29940932311621965
direct_binned,bins1024_auc,xgboost_depth2,96,8,134,ok,,0.3358208955223881,0.31419180885004855,0.3700382040198974,0.3370849297573436
direct_binned,bins1024_auc,svm_C1p0,97,8,134,ok,,0.30597014925373134,0.26023191885449837,0.26663752913752914,0.25993773946360155
direct_binned,bins1024_auc,logreg_C0p1,97,8,134,ok,,0.3283582089552239,0.28607297228578693,0.3015357946768921,0.2886334610472542
direct_binned,bins1024_auc,xgboost_depth2,97,8,134,ok,,0.35074626865671643,0.2897158863545418,0.29313973063973064,0.32076149425287354
direct_binned,bins1024_auc,svm_C1p0,98,8,134,ok,,0.26865671641791045,0.2486076746392813,0.2612293698424606,0.26109514687100893
direct_binned,bins1024_auc,logreg_C0p1,98,8,134,ok,,0.26865671641791045,0.25996021597044616,0.29523809523809524,0.29789272030651337
direct_binned,bins1024_auc,xgboost_depth2,98,8,134,ok,,0.21641791044776118,0.20261302446034077,0.2236969111969112,0.25722381864623245
direct_binned,bins1024_auc,svm_C1p0,99,8,134,ok,,0.2462686567164179,0.21248123073680883,0.22489887563416977,0.20977011494252873
direct_binned,bins1024_auc,logreg_C0p1,99,8,134,ok,,0.26865671641791045,0.24658496637018618,0.2727267830209007,0.23754789272030652
direct_binned,bins1024_auc,xgboost_depth2,99,8,134,ok,,0.26865671641791045,0.2445156140707146,0.3340344119157678,0.2545498084291188
direct_binned,bins1024_auc,svm_C1p0,100,8,134,ok,,0.3358208955223881,0.3275641025641025,0.36916732676172037,0.3304198595146871
direct_binned,bins1024_auc,logreg_C0p1,100,8,134,ok,,0.3358208955223881,0.31032971886149946,0.32429689230087844,0.313058748403576
direct_binned,bins1024_auc,xgboost_depth2,100,8,134,ok,,0.30597014925373134,0.27280701754385966,0.29724074828315744,0.28619891443167306
direct_binned,bins2048_auc,svm_C1p0,1,8,134,ok,,0.40298507462686567,0.31071959441524655,0.3235294117647059,0.3200031928480204
direct_binned,bins2048_auc,logreg_C0p1,1,8,134,ok,,0.3582089552238806,0.2945130305549049,0.3062271062271062,0.3043183269476373
direct_binned,bins2048_auc,xgboost_depth2,1,8,134,ok,,0.31343283582089554,0.2660533215169307,0.26508190883190885,0.26740102171136654
direct_binned,bins2048_auc,svm_C1p0,2,8,134,ok,,0.31343283582089554,0.31144677293730133,0.3700757575757576,0.3386414431673052
direct_binned,bins2048_auc,logreg_C0p1,2,8,134,ok,,0.41044776119402987,0.40214588224191017,0.4595959595959596,0.39794859514687103
direct_binned,bins2048_auc,xgboost_depth2,2,8,134,ok,,0.3880597014925373,0.3327794517310646,0.3857060185185185,0.3552442528735632
direct_binned,bins2048_auc,svm_C1p0,3,8,134,ok,,0.417910447761194,0.37634220083697434,0.4116409189938602,0.39727011494252873
direct_binned,bins2048_auc,logreg_C0p1,3,8,134,ok,,0.40298507462686567,0.36020970288164744,0.3840215396503429,0.3840197956577267
direct_binned,bins2048_auc,xgboost_depth2,3,8,134,ok,,0.40298507462686567,0.33403431553393637,0.3780812324929972,0.3833812260536399
direct_binned,bins2048_auc,svm_C1p0,4,8,134,ok,,0.417910447761194,0.34516932575340786,0.34919432419432417,0.35356800766283525
direct_binned,bins2048_auc,logreg_C0p1,4,8,134,ok,,0.41044776119402987,0.3438488157585212,0.34710144927536235,0.3462244572158365
direct_binned,bins2048_auc,xgboost_depth2,4,8,134,ok,,0.417910447761194,0.32966289030118817,0.33626443001443,0.3612707535121328
direct_binned,bins2048_auc,svm_C1p0,5,8,134,ok,,0.23880597014925373,0.22233492398586738,0.22865842490842492,0.22018678160919541
direct_binned,bins2048_auc,logreg_C0p1,5,8,134,ok,,0.29850746268656714,0.281631954829032,0.2930861705861706,0.28552043422733075
direct_binned,bins2048_auc,xgboost_depth2,5,8,134,ok,,0.2462686567164179,0.2394230769230769,0.28780617131910236,0.272669220945083
direct_binned,bins2048_auc,svm_C1p0,6,8,134,ok,,0.35074626865671643,0.31917169370397547,0.34924242424242424,0.34171455938697315
direct_binned,bins2048_auc,logreg_C0p1,6,8,134,ok,,0.40298507462686567,0.3670236771015414,0.3998387683986061,0.38274265644955296
direct_binned,bins2048_auc,xgboost_depth2,6,8,134,ok,,0.3880597014925373,0.2941398456470297,0.3267857142857143,0.30559546615581096
direct_binned,bins2048_auc,svm_C1p0,7,8,134,ok,,0.2537313432835821,0.19076518851653046,0.18492525894538606,0.19715836526181355
direct_binned,bins2048_auc,logreg_C0p1,7,8,134,ok,,0.26865671641791045,0.23227603330671037,0.24139676113360325,0.2481242017879949
direct_binned,bins2048_auc,xgboost_depth2,7,8,134,ok,,0.3358208955223881,0.2634175465057818,0.2595238095238095,0.2738266283524904
direct_binned,bins2048_auc,svm_C1p0,8,8,134,ok,,0.3358208955223881,0.2819065141968771,0.28550221417069244,0.28077107279693486
direct_binned,bins2048_auc,logreg_C0p1,8,8,134,ok,,0.291044776119403,0.2726226274004423,0.3116424159515815,0.26803959131545335
direct_binned,bins2048_auc,xgboost_depth2,8,8,134,ok,,0.30597014925373134,0.2646460682174968,0.273982098982099,0.2600574712643678
direct_binned,bins2048_auc,svm_C1p0,9,8,134,ok,,0.29850746268656714,0.24506128043863892,0.2553963893249608,0.2511973180076628
direct_binned,bins2048_auc,logreg_C0p1,9,8,134,ok,,0.3208955223880597,0.252843637454982,0.256729055258467,0.26728128991060024
direct_binned,bins2048_auc,xgboost_depth2,9,8,134,ok,,0.34328358208955223,0.27254612445228277,0.30560670672610973,0.28488186462324394
direct_binned,bins2048_auc,svm_C1p0,10,8,134,ok,,0.3805970149253731,0.3126068793280343,0.3316155743481325,0.34079661558109836
direct_binned,bins2048_auc,logreg_C0p1,10,8,134,ok,,0.39552238805970147,0.316464720094257,0.3101273148148148,0.3692129629629629
direct_binned,bins2048_auc,xgboost_depth2,10,8,134,ok,,0.40298507462686567,0.31304347826086953,0.30045606567345695,0.3680555555555556
direct_binned,bins2048_auc,svm_C1p0,11,8,134,ok,,0.3208955223880597,0.29344493245289327,0.3870824449182658,0.35280970625798214
direct_binned,bins2048_auc,logreg_C0p1,11,8,134,ok,,0.3208955223880597,0.27672153012677725,0.393468045112782,0.363346104725415
direct_binned,bins2048_auc,xgboost_depth2,11,8,134,ok,,0.31343283582089554,0.3118789562046141,0.4290831244778613,0.35987388250319285
direct_binned,bins2048_auc,svm_C1p0,12,8,134,ok,,0.3880597014925373,0.3088376749614481,0.3081939799331104,0.32283684546615576
direct_binned,bins2048_auc,logreg_C0p1,12,8,134,ok,,0.3656716417910448,0.3187651668292315,0.32986180486180483,0.3172892720306514
direct_binned,bins2048_auc,xgboost_depth2,12,8,134,ok,,0.3656716417910448,0.3194367102163204,0.37172602223478424,0.3200031928480204
direct_binned,bins2048_auc,svm_C1p0,13,8,134,ok,,0.3656716417910448,0.3197546113306983,0.3323862336741463,0.3484594508301405
direct_binned,bins2048_auc,logreg_C0p1,13,8,134,ok,,0.44029850746268656,0.38981684981684983,0.41308397271952263,0.4006625159642401
direct_binned,bins2048_auc,xgboost_depth2,13,8,134,ok,,0.30597014925373134,0.25723527726927436,0.2773982024944974,0.30974616858237547
direct_binned,bins2048_auc,svm_C1p0,14,8,134,ok,,0.2835820895522388,0.2670024866134094,0.3102216748768473,0.2609754150702427
direct_binned,bins2048_auc,logreg_C0p1,14,8,134,ok,,0.27611940298507465,0.2673314495439954,0.3039224137931035,0.259418901660281
direct_binned,bins2048_auc,xgboost_depth2,14,8,134,ok,,0.27611940298507465,0.19000519850064299,0.31172391205285943,0.2001117496807152
direct_binned,bins2048_auc,svm_C1p0,15,8,134,ok,,0.3283582089552239,0.32127090301003347,0.3874791144527987,0.34083652618135374
direct_binned,bins2048_auc,logreg_C0p1,15,8,134,ok,,0.3208955223880597,0.3096488460548719,0.3636023105640198,0.3399584929757343
direct_binned,bins2048_auc,xgboost_depth2,15,8,134,ok,,0.29850746268656714,0.2826287022741221,0.31280182984342575,0.2865581098339719
direct_binned,bins2048_auc,svm_C1p0,16,8,134,ok,,0.1865671641791045,0.19607761272007332,0.24433102258189282,0.17840038314176243
direct_binned,bins2048_auc,logreg_C0p1,16,8,134,ok,,0.26865671641791045,0.2836495031616983,0.32914614121510677,0.26676245210727967
direct_binned,bins2048_auc,xgboost_depth2,16,8,134,ok,,0.29850746268656714,0.24837577232727953,0.2687937062937063,0.30204342273307794
direct_binned,bins2048_auc,svm_C1p0,17,8,134,ok,,0.26865671641791045,0.2380247406789368,0.26403289810547875,0.2727091315453384
direct_binned,bins2048_auc,logreg_C0p1,17,8,134,ok,,0.26865671641791045,0.2626876956701518,0.2824050949050949,0.28967113665389527
direct_binned,bins2048_auc,xgboost_depth2,17,8,134,ok,,0.29850746268656714,0.2866525439729327,0.3671059332824039,0.3178081098339719
direct_binned,bins2048_auc,svm_C1p0,18,8,134,ok,,0.3358208955223881,0.31694043200811683,0.33183873904671535,0.33261494252873564
direct_binned,bins2048_auc,logreg_C0p1,18,8,134,ok,,0.34328358208955223,0.3409706253245308,0.36795999505603166,0.36346583652618136
direct_binned,bins2048_auc,xgboost_depth2,18,8,134,ok,,0.39552238805970147,0.37310869769739163,0.41670179618768327,0.37839240102171134
direct_binned,bins2048_auc,svm_C1p0,19,8,134,ok,,0.22388059701492538,0.2336730621572124,0.3129204104679138,0.25311302681992337
direct_binned,bins2048_auc,logreg_C0p1,19,8,134,ok,,0.21641791044776118,0.21608672936259143,0.30880184331797234,0.23535280970625796
direct_binned,bins2048_auc,xgboost_depth2,19,8,134,ok,,0.19402985074626866,0.18885363211312578,0.22997668997668996,0.21567688378033203
direct_binned,bins2048_auc,svm_C1p0,20,8,134,ok,,0.2537313432835821,0.23383142939745613,0.2502291825821238,0.226492656449553
direct_binned,bins2048_auc,logreg_C0p1,20,8,134,ok,,0.26865671641791045,0.21734977688122747,0.22844516594516595,0.21607598978288634
direct_binned,bins2048_auc,xgboost_depth2,20,8,134,ok,,0.26119402985074625,0.22172859610987705,0.22655367231638418,0.224816411238825
direct_binned,bins2048_auc,svm_C1p0,21,8,134,ok,,0.27611940298507465,0.26741746935589733,0.2793233638173448,0.28360472541507026
direct_binned,bins2048_auc,logreg_C0p1,21,8,134,ok,,0.2537313432835821,0.2470093839249286,0.25907855731225293,0.25594667943805877
direct_binned,bins2048_auc,xgboost_depth2,21,8,134,ok,,0.2462686567164179,0.2434631354505667,0.28081581693500296,0.2823275862068966
direct_binned,bins2048_auc,svm_C1p0,22,8,134,ok,,0.373134328358209,0.33511062294577687,0.34715366498903083,0.3417145593869732
direct_binned,bins2048_auc,logreg_C0p1,22,8,134,ok,,0.3208955223880597,0.3104628422425033,0.34420414786268444,0.3237148786717752
direct_binned,bins2048_auc,xgboost_depth2,22,8,134,ok,,0.29850746268656714,0.2797306850859343,0.3431547619047619,0.31601213282247764
direct_binned,bins2048_auc,svm_C1p0,23,8,134,ok,,0.29850746268656714,0.27465409218559855,0.3003922332257705,0.2885137292464879
direct_binned,bins2048_auc,logreg_C0p1,23,8,134,ok,,0.23134328358208955,0.2119977362761743,0.215406162464986,0.22290070242656446
direct_binned,bins2048_auc,xgboost_depth2,23,8,134,ok,,0.30597014925373134,0.26995917862444335,0.28111504723346825,0.2896711366538953
direct_binned,bins2048_auc,svm_C1p0,24,8,134,ok,,0.3880597014925373,0.3378530867792661,0.3456290932844684,0.3532886334610472
direct_binned,bins2048_auc,logreg_C0p1,24,8,134,ok,,0.3358208955223881,0.2899073298882762,0.29940937615356217,0.3006864623243934
direct_binned,bins2048_auc,xgboost_depth2,24,8,134,ok,,0.3656716417910448,0.3196878967252482,0.3301884896712483,0.3210408684546615
direct_binned,bins2048_auc,svm_C1p0,25,8,134,ok,,0.30597014925373134,0.2537913809187308,0.27522502903600465,0.3012053001277139
direct_binned,bins2048_auc,logreg_C0p1,25,8,134,ok,,0.2835820895522388,0.2321079350203062,0.25634603405315615,0.27175127713920816
direct_binned,bins2048_auc,xgboost_depth2,25,8,134,ok,,0.2835820895522388,0.24929360594872718,0.26124195926025195,0.2602969348659004
direct_binned,bins2048_auc,svm_C1p0,26,8,134,ok,,0.417910447761194,0.3499152798412743,0.36746606855302505,0.35097381864623245
direct_binned,bins2048_auc,logreg_C0p1,26,8,134,ok,,0.44029850746268656,0.3832384536073389,0.40846638655462186,0.3850574712643678
direct_binned,bins2048_auc,xgboost_depth2,26,8,134,ok,,0.417910447761194,0.37078520962122835,0.39329390630832395,0.377993295019157
direct_binned,bins2048_auc,svm_C1p0,27,8,134,ok,,0.39552238805970147,0.3424176856977609,0.37699392998306047,0.37064974457215843
direct_binned,bins2048_auc,logreg_C0p1,27,8,134,ok,,0.29850746268656714,0.2654707670609533,0.290707607994842,0.2826867816091954
direct_binned,bins2048_auc,xgboost_depth2,27,8,134,ok,,0.3208955223880597,0.2783700784912726,0.2997210232656069,0.28360472541507026
direct_binned,bins2048_auc,svm_C1p0,28,8,134,ok,,0.34328358208955223,0.28869047619047616,0.2909366096866097,0.290668901660281
direct_binned,bins2048_auc,logreg_C0p1,28,8,134,ok,,0.31343283582089554,0.26209134574489196,0.2731782561700594,0.2662436143039591
direct_binned,bins2048_auc,xgboost_depth2,28,8,134,ok,,0.29850746268656714,0.2470075393606354,0.27380952380952384,0.2553081098339719
direct_binned,bins2048_auc,svm_C1p0,29,8,134,ok,,0.31343283582089554,0.2945580921322727,0.30839853010905643,0.30894795657726687
direct_binned,bins2048_auc,logreg_C0p1,29,8,134,ok,,0.291044776119403,0.2795734095581582,0.28559941520467835,0.2896312260536399
direct_binned,bins2048_auc,xgboost_depth2,29,8,134,ok,,0.23880597014925373,0.21903851662239007,0.22804054054054054,0.22134418901660283
direct_binned,bins2048_auc,svm_C1p0,30,8,134,ok,,0.23134328358208955,0.23625329939668174,0.30160909920876444,0.2387053001277139
direct_binned,bins2048_auc,logreg_C0p1,30,8,134,ok,,0.23134328358208955,0.22548936230528271,0.2732127476313523,0.2422972541507024
direct_binned,bins2048_auc,xgboost_depth2,30,8,134,ok,,0.2462686567164179,0.2471524501678779,0.26939946018893385,0.24604885057471265
direct_binned,bins2048_auc,svm_C1p0,31,8,134,ok,,0.3880597014925373,0.3285002035002034,0.3302564102564102,0.3413154533844189
direct_binned,bins2048_auc,logreg_C0p1,31,8,134,ok,,0.3805970149253731,0.30964047978647746,0.3074536279323513,0.325750319284802
direct_binned,bins2048_auc,xgboost_depth2,31,8,134,ok,,0.2835820895522388,0.25816197691197695,0.30191534088845295,0.2938617496807152
direct_binned,bins2048_auc,svm_C1p0,32,8,134,ok,,0.40298507462686567,0.2943354328165375,0.3051576576576577,0.3226772030651341
direct_binned,bins2048_auc,logreg_C0p1,32,8,134,ok,,0.41044776119402987,0.291261451726568,0.2751588983050848,0.34530651340996166
direct_binned,bins2048_auc,xgboost_depth2,32,8,134,ok,,0.4253731343283582,0.35796535235706933,0.3756392670866355,0.36462324393358875
direct_binned,bins2048_auc,svm_C1p0,33,8,134,ok,,0.21641791044776118,0.2016131370237163,0.23502531950807815,0.23355683269476374
direct_binned,bins2048_auc,logreg_C0p1,33,8,134,ok,,0.22388059701492538,0.2108463823376104,0.23383427773671678,0.2361510217113665
direct_binned,bins2048_auc,xgboost_depth2,33,8,134,ok,,0.23134328358208955,0.20871008396327712,0.2330357142857143,0.2064176245210728
direct_binned,bins2048_auc,svm_C1p0,34,8,134,ok,,0.31343283582089554,0.2599134199134199,0.2743055555555556,0.2511973180076629
direct_binned,bins2048_auc,logreg_C0p1,34,8,134,ok,,0.2537313432835821,0.23196397102561112,0.2608848667672197,0.22186302681992337
direct_binned,bins2048_auc,xgboost_depth2,34,8,134,ok,,0.29850746268656714,0.259537037037037,0.3765707671957672,0.2663633461047254
direct_binned,bins2048_auc,svm_C1p0,35,8,134,ok,,0.23134328358208955,0.22011589934046233,0.26673351158645275,0.24980044699872286
direct_binned,bins2048_auc,logreg_C0p1,35,8,134,ok,,0.21641791044776118,0.2118512828016779,0.2620125866394523,0.2388649425287356
direct_binned,bins2048_auc,xgboost_depth2,35,8,134,ok,,0.23880597014925373,0.2389192714122686,0.2818574108818011,0.25981800766283525
direct_binned,bins2048_auc,svm_C1p0,36,8,134,ok,,0.40298507462686567,0.2800258684405026,0.2541617704661183,0.31305874840357595
direct_binned,bins2048_auc,logreg_C0p1,36,8,134,ok,,0.4552238805970149,0.34233875475072656,0.3133415435139573,0.38098659003831414
direct_binned,bins2048_auc,xgboost_depth2,36,8,134,ok,,0.3283582089552239,0.2604519195157344,0.28544874280017724,0.2803719667943806
direct_binned,bins2048_auc,svm_C1p0,37,8,134,ok,,0.27611940298507465,0.24673509473195254,0.2851209089013967,0.313617496807152
direct_binned,bins2048_auc,logreg_C0p1,37,8,134,ok,,0.26865671641791045,0.23945111492281304,0.2876082251082251,0.31026500638569604
direct_binned,bins2048_auc,xgboost_depth2,37,8,134,ok,,0.26119402985074625,0.24950181035386637,0.31168917289606946,0.31026500638569604
direct_binned,bins2048_auc,svm_C1p0,38,8,134,ok,,0.373134328358209,0.33997242721595977,0.35527841061377646,0.33620689655172414
direct_binned,bins2048_auc,logreg_C0p1,38,8,134,ok,,0.40298507462686567,0.3675970228601807,0.38584955923665604,0.3677362707535121
direct_binned,bins2048_auc,xgboost_depth2,38,8,134,ok,,0.373134328358209,0.2982427403480035,0.3521461789844143,0.329102809706258
direct_binned,bins2048_auc,svm_C1p0,39,8,134,ok,,0.41044776119402987,0.351369699482907,0.3646264130135098,0.3524106002554278
direct_binned,bins2048_auc,logreg_C0p1,39,8,134,ok,,0.373134328358209,0.3229965849976354,0.3377889550784909,0.3238346104725415
direct_binned,bins2048_auc,xgboost_depth2,39,8,134,ok,,0.291044776119403,0.25,0.2719194701291888,0.28065134099616856
direct_binned,bins2048_auc,svm_C1p0,40,8,134,ok,,0.22388059701492538,0.23475055400428535,0.2687299771167048,0.22960568326947636
direct_binned,bins2048_auc,logreg_C0p1,40,8,134,ok,,0.2462686567164179,0.23195067829838292,0.24930337861372345,0.25893997445721584
direct_binned,bins2048_auc,xgboost_depth2,40,8,134,ok,,0.291044776119403,0.27997809164738835,0.2841095075137628,0.28979086845466157
direct_binned,bins2048_auc,svm_C1p0,41,8,134,ok,,0.2462686567164179,0.22519250615225847,0.26063867639210103,0.2571439974457216
direct_binned,bins2048_auc,logreg_C0p1,41,8,134,ok,,0.30597014925373134,0.26658594240334405,0.29258827804377563,0.28787515964240107
direct_binned,bins2048_auc,xgboost_depth2,41,8,134,ok,,0.27611940298507465,0.2711169796557121,0.32771650326797386,0.30200351213282245
direct_binned,bins2048_auc,svm_C1p0,42,8,134,ok,,0.3805970149253731,0.32559529461672876,0.34349229751616533,0.34941730523627074
direct_binned,bins2048_auc,logreg_C0p1,42,8,134,ok,,0.417910447761194,0.3805337519623234,0.41541233157086815,0.38852969348659
direct_binned,bins2048_auc,xgboost_depth2,42,8,134,ok,,0.35074626865671643,0.2735239541160594,0.274474691974692,0.31700989782886335
direct_binned,bins2048_auc,svm_C1p0,43,8,134,ok,,0.3582089552238806,0.3515484817115252,0.3801282051282051,0.3761973180076628
direct_binned,bins2048_auc,logreg_C0p1,43,8,134,ok,,0.373134328358209,0.3658432993055968,0.3875,0.3825031928480204
direct_binned,bins2048_auc,xgboost_depth2,43,8,134,ok,,0.34328358208955223,0.33116574117947706,0.3569242476663766,0.34095625798212004
direct_binned,bins2048_auc,svm_C1p0,44,8,134,ok,,0.41044776119402987,0.3259770889487871,0.3586344211344211,0.3447876756066411
direct_binned,bins2048_auc,logreg_C0p1,44,8,134,ok,,0.44029850746268656,0.3602154128746765,0.41563389468690703,0.3765565134099617
direct_binned,bins2048_auc,xgboost_depth2,44,8,134,ok,,0.417910447761194,0.34084215034622023,0.3387656368788444,0.37204661558109836
direct_binned,bins2048_auc,svm_C1p0,45,8,134,ok,,0.44029850746268656,0.3565053335159937,0.3632767505718325,0.36590038314176243
direct_binned,bins2048_auc,logreg_C0p1,45,8,134,ok,,0.4626865671641791,0.3759374717628987,0.3813762626262626,0.3815852490421456
direct_binned,bins2048_auc,xgboost_depth2,45,8,134,ok,,0.41044776119402987,0.33708591895502366,0.376279822273737,0.3746408045977011
direct_binned,bins2048_auc,svm_C1p0,46,8,134,ok,,0.23880597014925373,0.23511914607385842,0.3028240814063985,0.24632822477650063
direct_binned,bins2048_auc,logreg_C0p1,46,8,134,ok,,0.23880597014925373,0.23841991341991342,0.29400266971777267,0.24812420178799488
direct_binned,bins2048_auc,xgboost_depth2,46,8,134,ok,,0.17164179104477612,0.1797093492012365,0.19127004386224328,0.18829821200510855
direct_binned,bins2048_auc,svm_C1p0,47,8,134,ok,,0.2462686567164179,0.23425215975762337,0.31261140819964345,0.27586206896551724
direct_binned,bins2048_auc,logreg_C0p1,47,8,134,ok,,0.26119402985074625,0.2504193280847693,0.3453703703703703,0.2965756704980843
direct_binned,bins2048_auc,xgboost_depth2,47,8,134,ok,,0.2537313432835821,0.24206535334584114,0.2617308436532508,0.26712164750957856
direct_binned,bins2048_auc,svm_C1p0,48,8,134,ok,,0.41044776119402987,0.32578152441166136,0.36241496598639455,0.3545657726692209
direct_binned,bins2048_auc,logreg_C0p1,48,8,134,ok,,0.3880597014925373,0.3761396667848281,0.3830045705045705,0.383022030651341
direct_binned,bins2048_auc,xgboost_depth2,48,8,134,ok,,0.3358208955223881,0.299749373433584,0.36811039511387944,0.3117416985951469
direct_binned,bins2048_auc,svm_C1p0,49,8,134,ok,,0.373134328358209,0.33324607867290795,0.3572083239426039,0.3742416985951469
direct_binned,bins2048_auc,logreg_C0p1,49,8,134,ok,,0.39552238805970147,0.3586176488475339,0.3903310893973033,0.3962324393358876
direct_binned,bins2048_auc,xgboost_depth2,49,8,134,ok,,0.40298507462686567,0.34752365429057164,0.3624375624375624,0.38066730523627074
direct_binned,bins2048_auc,svm_C1p0,50,8,134,ok,,0.3358208955223881,0.32696503830575435,0.36262208001338436,0.3311781609195402
direct_binned,bins2048_auc,logreg_C0p1,50,8,134,ok,,0.26865671641791045,0.25907527547928305,0.3107116098187527,0.27342752234993617
direct_binned,bins2048_auc,xgboost_depth2,50,8,134,ok,,0.41044776119402987,0.3761591795464394,0.41365489130434785,0.390485312899106
direct_binned,bins2048_auc,svm_C1p0,51,8,134,ok,,0.3880597014925373,0.30531250719929964,0.37295564510754387,0.34825989782886335
direct_binned,bins2048_auc,logreg_C0p1,51,8,134,ok,,0.417910447761194,0.3496623284283792,0.45651223776223776,0.37875159642401024
direct_binned,bins2048_auc,xgboost_depth2,51,8,134,ok,,0.3582089552238806,0.337635567929541,0.39532828282828286,0.3288633461047254
direct_binned,bins2048_auc,svm_C1p0,52,8,134,ok,,0.41044776119402987,0.3653698261541399,0.425,0.38170498084291193
direct_binned,bins2048_auc,logreg_C0p1,52,8,134,ok,,0.3656716417910448,0.3524004296281112,0.404177897574124,0.35987388250319285
direct_binned,bins2048_auc,xgboost_depth2,52,8,134,ok,,0.3208955223880597,0.31039701567142763,0.3620671182691643,0.31525383141762453
direct_binned,bins2048_auc,svm_C1p0,53,8,134,ok,,0.40298507462686567,0.31350657778302166,0.3292279411764706,0.32319604086845466
direct_binned,bins2048_auc,logreg_C0p1,53,8,134,ok,,0.417910447761194,0.30102146783801464,0.3196940314587373,0.318566411238825
direct_binned,bins2048_auc,xgboost_depth2,53,8,134,ok,,0.43283582089552236,0.3715909090909091,0.38032407407407404,0.37723499361430396
direct_binned,bins2048_auc,svm_C1p0,54,8,134,ok,,0.3283582089552239,0.28076436299027663,0.31899098258706465,0.3157327586206897
direct_binned,bins2048_auc,logreg_C0p1,54,8,134,ok,,0.3582089552238806,0.3076811268700462,0.3598935786435786,0.349816411238825
direct_binned,bins2048_auc,xgboost_depth2,54,8,134,ok,,0.39552238805970147,0.3226896039329771,0.3939510939510939,0.3805475734355045
direct_binned,bins2048_auc,svm_C1p0,55,8,134,ok,,0.3208955223880597,0.25449874168679243,0.3137389094788859,0.278735632183908
direct_binned,bins2048_auc,logreg_C0p1,55,8,134,ok,,0.26865671641791045,0.2405096655096655,0.27491835068381304,0.2774584929757344
direct_binned,bins2048_auc,xgboost_depth2,55,8,134,ok,,0.2537313432835821,0.2415125385692246,0.24224264705882353,0.28025223499361435
direct_binned,bins2048_auc,svm_C1p0,56,8,134,ok,,0.2835820895522388,0.2516663118963361,0.24718749999999998,0.26145434227330777
direct_binned,bins2048_auc,logreg_C0p1,56,8,134,ok,,0.26119402985074625,0.24994192799070847,0.27854371876111006,0.2555475734355045
direct_binned,bins2048_auc,xgboost_depth2,56,8,134,ok,,0.3358208955223881,0.31741990800188546,0.3206440298831603,0.31948435504469985
direct_binned,bins2048_auc,svm_C1p0,57,8,134,ok,,0.2537313432835821,0.252531604747162,0.26866508116508114,0.27254948914431676
direct_binned,bins2048_auc,logreg_C0p1,57,8,134,ok,,0.22388059701492538,0.22077922077922077,0.27366928814932323,0.25722381864623245
direct_binned,bins2048_auc,xgboost_depth2,57,8,134,ok,,0.23134328358208955,0.22557213930348258,0.2938807354925776,0.2624920178799489
direct_binned,bins2048_auc,svm_C1p0,58,8,134,ok,,0.208955223880597,0.21374073927427586,0.24852126385145254,0.20426245210727967
direct_binned,bins2048_auc,logreg_C0p1,58,8,134,ok,,0.2462686567164179,0.2454863804301896,0.27597262570666825,0.24002234993614305
direct_binned,bins2048_auc,xgboost_depth2,58,8,134,ok,,0.23134328358208955,0.2028142991029589,0.20150404448938322,0.21687420178799488
direct_binned,bins2048_auc,svm_C1p0,59,8,134,ok,,0.40298507462686567,0.3606294048333667,0.3807598039215686,0.37360312899106
direct_binned,bins2048_auc,logreg_C0p1,59,8,134,ok,,0.41044776119402987,0.3685903200114513,0.38687687205819427,0.3840197956577267
direct_binned,bins2048_auc,xgboost_depth2,59,8,134,ok,,0.3880597014925373,0.3184798753296897,0.3601190476190476,0.36498243933588764
direct_binned,bins2048_auc,svm_C1p0,60,8,134,ok,,0.29850746268656714,0.22090035421040075,0.22583816892327532,0.224816411238825
direct_binned,bins2048_auc,logreg_C0p1,60,8,134,ok,,0.2462686567164179,0.21601573377889166,0.24525700329947597,0.20797413793103448
direct_binned,bins2048_auc,xgboost_depth2,60,8,134,ok,,0.26865671641791045,0.22789002272697928,0.257247425997426,0.24117975734355043
direct_binned,bins2048_auc,svm_C1p0,61,8,134,ok,,0.2537313432835821,0.2211587068758339,0.26797845678024845,0.27254948914431676
direct_binned,bins2048_auc,logreg_C0p1,61,8,134,ok,,0.26119402985074625,0.21490723198797734,0.23133802816901408,0.27602171136653897
direct_binned,bins2048_auc,xgboost_depth2,61,8,134,ok,,0.23880597014925373,0.22742937139488864,0.24872457824402905,0.23331736909323114
direct_binned,bins2048_auc,svm_C1p0,62,8,134,ok,,0.40298507462686567,0.3712403889252836,0.3873098589984333,0.36809546615581096
direct_binned,bins2048_auc,logreg_C0p1,62,8,134,ok,,0.417910447761194,0.40101216412490925,0.4549503238382695,0.4016602809706258
direct_binned,bins2048_auc,xgboost_depth2,62,8,134,ok,,0.3880597014925373,0.3420206086455476,0.385314091680815,0.34622445721583656
direct_binned,bins2048_auc,svm_C1p0,63,8,134,ok,,0.3283582089552239,0.27382471599061464,0.27635599694423224,0.27330779054916987
direct_binned,bins2048_auc,logreg_C0p1,63,8,134,ok,,0.34328358208955223,0.28524012834350676,0.28957491015274034,0.2895114942528736
direct_binned,bins2048_auc,xgboost_depth2,63,8,134,ok,,0.41044776119402987,0.3291196262278352,0.32954964931709113,0.3662595785440613
direct_binned,bins2048_auc,svm_C1p0,64,8,134,ok,,0.3880597014925373,0.3550205736952725,0.39142036124794743,0.37236590038314177
direct_binned,bins2048_auc,logreg_C0p1,64,8,134,ok,,0.40298507462686567,0.36586654978600525,0.41333414569301663,0.3906050446998723
direct_binned,bins2048_auc,xgboost_depth2,64,8,134,ok,,0.3805970149253731,0.310109361022345,0.3593859649122807,0.3706497445721583
direct_binned,bins2048_auc,svm_C1p0,65,8,134,ok,,0.2835820895522388,0.2818428298022362,0.30896551724137933,0.303919220945083
direct_binned,bins2048_auc,logreg_C0p1,65,8,134,ok,,0.2835820895522388,0.28317035678589275,0.30430454415649316,0.3062340357598978
direct_binned,bins2048_auc,xgboost_depth2,65,8,134,ok,,0.23134328358208955,0.24458012108814786,0.2927329872245127,0.2513170498084291
direct_binned,bins2048_auc,svm_C1p0,66,8,134,ok,,0.3358208955223881,0.26598231855963816,0.26400527257320405,0.28320561941251593
direct_binned,bins2048_auc,logreg_C0p1,66,8,134,ok,,0.3582089552238806,0.2629218421866606,0.24390453296703296,0.2990102171136654
direct_binned,bins2048_auc,xgboost_depth2,66,8,134,ok,,0.3208955223880597,0.29551291793335116,0.31801619433198375,0.30108556832694766
direct_binned,bins2048_auc,svm_C1p0,67,8,134,ok,,0.44029850746268656,0.35964507754321234,0.36767779211998275,0.3617895913154534
direct_binned,bins2048_auc,logreg_C0p1,67,8,134,ok,,0.34328358208955223,0.3307148977659042,0.37314587727473386,0.3212803320561941
direct_binned,bins2048_auc,xgboost_depth2,67,8,134,ok,,0.3582089552238806,0.30081108267328827,0.30739484396200817,0.3037994891443167
direct_binned,bins2048_auc,svm_C1p0,68,8,134,ok,,0.373134328358209,0.30801143301143297,0.32361111111111107,0.31872605363984674
direct_binned,bins2048_auc,logreg_C0p1,68,8,134,ok,,0.3805970149253731,0.31384822489767306,0.3370144998370805,0.3227171136653895
direct_binned,bins2048_auc,xgboost_depth2,68,8,134,ok,,0.41044776119402987,0.32876673002296664,0.32767747785943097,0.33852171136653897
direct_binned,bins2048_auc,svm_C1p0,69,8,134,ok,,0.23134328358208955,0.21316358024691356,0.29880174291939,0.22381864623243933
direct_binned,bins2048_auc,logreg_C0p1,69,8,134,ok,,0.22388059701492538,0.21744947827841044,0.2623821939554698,0.21108716475095785
direct_binned,bins2048_auc,xgboost_depth2,69,8,134,ok,,0.22388059701492538,0.18726629733872996,0.20334830694419737,0.22469667943805877
direct_binned,bins2048_auc,svm_C1p0,70,8,134,ok,,0.4253731343283582,0.3421018236428798,0.33877430209371884,0.3521312260536399
direct_binned,bins2048_auc,logreg_C0p1,70,8,134,ok,,0.4552238805970149,0.38698313698313697,0.39251207729468596,0.3895673690932312
direct_binned,bins2048_auc,xgboost_depth2,70,8,134,ok,,0.3805970149253731,0.3064181547153683,0.32174637531780387,0.32319604086845466
direct_binned,bins2048_auc,svm_C1p0,71,8,134,ok,,0.291044776119403,0.2817198426573427,0.33341011466011466,0.27845625798212004
direct_binned,bins2048_auc,logreg_C0p1,71,8,134,ok,,0.26865671641791045,0.25987398018648017,0.30987554112554117,0.25594667943805877
direct_binned,bins2048_auc,xgboost_depth2,71,8,134,ok,,0.23134328358208955,0.2113238175955946,0.26582167832167836,0.2290469348659004
direct_binned,bins2048_auc,svm_C1p0,72,8,134,ok,,0.31343283582089554,0.2388597246127367,0.23290307971014493,0.2592991698595147
direct_binned,bins2048_auc,logreg_C0p1,72,8,134,ok,,0.3880597014925373,0.3115989931324424,0.34127673796791447,0.3165309706257982
direct_binned,bins2048_auc,xgboost_depth2,72,8,134,ok,,0.208955223880597,0.18187391921170193,0.21381766381766382,0.19177043422733075
direct_binned,bins2048_auc,svm_C1p0,73,8,134,ok,,0.29850746268656714,0.24623934184765703,0.275437309865276,0.2631305874840358
direct_binned,bins2048_auc,logreg_C0p1,73,8,134,ok,,0.41044776119402987,0.31014031556200233,0.3288063909774436,0.34582535121328223
direct_binned,bins2048_auc,xgboost_depth2,73,8,134,ok,,0.44776119402985076,0.38371263938979394,0.4464285714285714,0.40640964240102173
direct_binned,bins2048_auc,svm_C1p0,74,8,134,ok,,0.3805970149253731,0.35793036750483564,0.36545031055900623,0.3677362707535121
direct_binned,bins2048_auc,logreg_C0p1,74,8,134,ok,,0.373134328358209,0.34034976214974183,0.3639228015124716,0.33788314176245215
direct_binned,bins2048_auc,xgboost_depth2,74,8,134,ok,,0.3358208955223881,0.28532913165266105,0.28976168249431433,0.28500159642401024
direct_binned,bins2048_auc,svm_C1p0,75,8,134,ok,,0.27611940298507465,0.26262918382177625,0.2756227015118944,0.2747046615581098
direct_binned,bins2048_auc,logreg_C0p1,75,8,134,ok,,0.2462686567164179,0.24063832546978614,0.24474481648394691,0.25554757343550444
direct_binned,bins2048_auc,xgboost_depth2,75,8,134,ok,,0.26865671641791045,0.2570007033778149,0.25958224005762204,0.25722381864623245
direct_binned,bins2048_auc,svm_C1p0,76,8,134,ok,,0.23134328358208955,0.23571106085458193,0.29614236999147486,0.24824393358876118
direct_binned,bins2048_auc,logreg_C0p1,76,8,134,ok,,0.23880597014925373,0.25666131621187804,0.32055041732461087,0.2573834610472542
direct_binned,bins2048_auc,xgboost_depth2,76,8,134,ok,,0.2462686567164179,0.26645715482924787,0.31217357910906296,0.2666427203065134
direct_binned,bins2048_auc,svm_C1p0,77,8,134,ok,,0.29850746268656714,0.25915544901346116,0.3187735049525928,0.3057551085568327
direct_binned,bins2048_auc,logreg_C0p1,77,8,134,ok,,0.2835820895522388,0.2446886446886447,0.47162995017046944,0.2907088122605364
direct_binned,bins2048_auc,xgboost_depth2,77,8,134,ok,,0.31343283582089554,0.29647394347938816,0.3417508417508418,0.32590996168582376
direct_binned,bins2048_auc,svm_C1p0,78,8,134,ok,,0.26865671641791045,0.26544153770572343,0.2898643023643024,0.2739463601532567
direct_binned,bins2048_auc,logreg_C0p1,78,8,134,ok,,0.23880597014925373,0.2311904962507372,0.2508193493264982,0.23818646232439336
direct_binned,bins2048_auc,xgboost_depth2,78,8,134,ok,,0.2462686567164179,0.21766424901982823,0.22887008824508825,0.2213441890166028
direct_binned,bins2048_auc,svm_C1p0,79,8,134,ok,,0.23880597014925373,0.23986102954857313,0.3263871140301346,0.2406609195402299
direct_binned,bins2048_auc,logreg_C0p1,79,8,134,ok,,0.22388059701492538,0.22068941574508913,0.29143323996265175,0.226772030651341
direct_binned,bins2048_auc,xgboost_depth2,79,8,134,ok,,0.2462686567164179,0.24143952606771696,0.28353102358934806,0.24002234993614305
direct_binned,bins2048_auc,svm_C1p0,80,8,134,ok,,0.3358208955223881,0.3009560037278509,0.3419063079777365,0.3128991060025543
direct_binned,bins2048_auc,logreg_C0p1,80,8,134,ok,,0.27611940298507465,0.2624635829286992,0.29784517973856206,0.274066091954023
direct_binned,bins2048_auc,xgboost_depth2,80,8,134,ok,,0.26119402985074625,0.2596206389239176,0.27820293616787517,0.2790948275862069
direct_binned,bins2048_auc,svm_C1p0,81,8,134,ok,,0.2462686567164179,0.24656084656084656,0.28751129177958445,0.24732598978288634
direct_binned,bins2048_auc,logreg_C0p1,81,8,134,ok,,0.31343283582089554,0.316526836123869,0.3286071333806952,0.327705938697318
direct_binned,bins2048_auc,xgboost_depth2,81,8,134,ok,,0.29850746268656714,0.29454944575912323,0.310515873015873,0.3027618135376756
direct_binned,bins2048_auc,svm_C1p0,82,8,134,ok,,0.3880597014925373,0.31564969333903864,0.3181830424477483,0.3230763090676884
direct_binned,bins2048_auc,logreg_C0p1,82,8,134,ok,,0.417910447761194,0.3527343799576104,0.36077223993045493,0.35368773946360155
direct_binned,bins2048_auc,xgboost_depth2,82,8,134,ok,,0.30597014925373134,0.25482556659027245,0.2662496816908581,0.2660839719029374
direct_binned,bins2048_auc,svm_C1p0,83,8,134,ok,,0.3208955223880597,0.28557847381376794,0.3256432568932569,0.29877075351213284
direct_binned,bins2048_auc,logreg_C0p1,83,8,134,ok,,0.34328358208955223,0.30326897018970195,0.3389408866995074,0.3376037675606641
direct_binned,bins2048_auc,xgboost_depth2,83,8,134,ok,,0.3358208955223881,0.26550875846186056,0.48800904977375564,0.3215197956577267
direct_binned,bins2048_auc,svm_C1p0,84,8,134,ok,,0.3208955223880597,0.28665756835275846,0.31549111807732494,0.31665070242656446
direct_binned,bins2048_auc,logreg_C0p1,84,8,134,ok,,0.30597014925373134,0.2700941034274368,0.3142276007625272,0.3040389527458493
direct_binned,bins2048_auc,xgboost_depth2,84,8,134,ok,,0.31343283582089554,0.2783341080133967,0.2869880349746894,0.2844827586206896
direct_binned,bins2048_auc,svm_C1p0,85,8,134,ok,,0.27611940298507465,0.24109496906107075,0.32057005494505497,0.3083892081736909
direct_binned,bins2048_auc,logreg_C0p1,85,8,134,ok,,0.27611940298507465,0.23983322992261258,0.36114551083591334,0.3054358237547893
direct_binned,bins2048_auc,xgboost_depth2,85,8,134,ok,,0.3582089552238806,0.26215555989837797,0.33571105072463764,0.32742656449553
direct_binned,bins2048_auc,svm_C1p0,86,8,134,ok,,0.291044776119403,0.28553391053391053,0.3338124992837579,0.29418103448275856
direct_binned,bins2048_auc,logreg_C0p1,86,8,134,ok,,0.2835820895522388,0.29585082360410425,0.35281988126815716,0.2913473818646233
direct_binned,bins2048_auc,xgboost_depth2,86,8,134,ok,,0.2537313432835821,0.2330201939092257,0.26683518401492584,0.24453224776500637
direct_binned,bins2048_auc,svm_C1p0,87,8,134,ok,,0.44776119402985076,0.3932204553222725,0.5171495171495172,0.44947318007662834
direct_binned,bins2048_auc,logreg_C0p1,87,8,134,ok,,0.4253731343283582,0.3633487879096311,0.47583250083250084,0.4141123882503193
direct_binned,bins2048_auc,xgboost_depth2,87,8,134,ok,,0.3805970149253731,0.3309810200734203,0.35543370941494007,0.3347701149425288
direct_binned,bins2048_auc,svm_C1p0,88,8,134,ok,,0.3582089552238806,0.31990550007847907,0.3291075125702455,0.3242337164750958
direct_binned,bins2048_auc,logreg_C0p1,88,8,134,ok,,0.31343283582089554,0.2930336678114851,0.3377381845461365,0.2972142401021711
direct_binned,bins2048_auc,xgboost_depth2,88,8,134,ok,,0.22388059701492538,0.170682587349254,0.16203703703703703,0.19328703703703703
direct_binned,bins2048_auc,svm_C1p0,89,8,134,ok,,0.373134328358209,0.32796084438392925,0.3384040625840572,0.32475255427841637
direct_binned,bins2048_auc,logreg_C0p1,89,8,134,ok,,0.3582089552238806,0.34965728715728717,0.3812842254018725,0.34738186462324394
direct_binned,bins2048_auc,xgboost_depth2,89,8,134,ok,,0.30597014925373134,0.29627403846153844,0.35041989664082684,0.29761334610472545
direct_binned,bins2048_auc,svm_C1p0,90,8,134,ok,,0.34328358208955223,0.26030335389969944,0.2646455627705628,0.26943646232439333
direct_binned,bins2048_auc,logreg_C0p1,90,8,134,ok,,0.34328358208955223,0.2572635660870955,0.2586004273504273,0.26764048531289913
direct_binned,bins2048_auc,xgboost_depth2,90,8,134,ok,,0.35074626865671643,0.25757332750115425,0.238747947454844,0.28320561941251593
direct_binned,bins2048_auc,svm_C1p0,91,8,134,ok,,0.2537313432835821,0.2414301747635081,0.27436914936914936,0.2511973180076629
direct_binned,bins2048_auc,logreg_C0p1,91,8,134,ok,,0.26119402985074625,0.2562931034482759,0.27384334415584416,0.26352969348659006
direct_binned,bins2048_auc,xgboost_depth2,91,8,134,ok,,0.2835820895522388,0.2854084969165734,0.34643802100359594,0.29749361430395915
direct_binned,bins2048_auc,svm_C1p0,92,8,134,ok,,0.39552238805970147,0.31462932526899395,0.31733091787439616,0.32024265644955296
direct_binned,bins2048_auc,logreg_C0p1,92,8,134,ok,,0.41044776119402987,0.35319535625533177,0.3605467996915365,0.35380747126436785
direct_binned,bins2048_auc,xgboost_depth2,92,8,134,ok,,0.291044776119403,0.2530748663101604,0.28555117542425845,0.27019476372924645
direct_binned,bins2048_auc,svm_C1p0,93,8,134,ok,,0.31343283582089554,0.2955990519009011,0.31666081551984193,0.29194604086845466
direct_binned,bins2048_auc,logreg_C0p1,93,8,134,ok,,0.34328358208955223,0.33091116513410457,0.35247901515526314,0.3278256704980843
direct_binned,bins2048_auc,xgboost_depth2,93,8,134,ok,,0.31343283582089554,0.2606978896704924,0.27464564421086163,0.2672413793103448
direct_binned,bins2048_auc,svm_C1p0,94,8,134,ok,,0.22388059701492538,0.1807720886079095,0.17737638533674338,0.18969508301404853
direct_binned,bins2048_auc,logreg_C0p1,94,8,134,ok,,0.2462686567164179,0.21855398270492613,0.2243055555555556,0.23060344827586207
direct_binned,bins2048_auc,xgboost_depth2,94,8,134,ok,,0.27611940298507465,0.23936263292502355,0.24300699300699302,0.2494013409961686
direct_binned,bins2048_auc,svm_C1p0,95,8,134,ok,,0.23134328358208955,0.19225571123420584,0.21323360261979188,0.24293582375478928
direct_binned,bins2048_auc,logreg_C0p1,95,8,134,ok,,0.23880597014925373,0.21296250383372908,0.23446183393265774,0.26209291187739464
direct_binned,bins2048_auc,xgboost_depth2,95,8,134,ok,,0.21641791044776118,0.18631968916598898,0.24621489621489623,0.24936143039591313
direct_binned,bins2048_auc,svm_C1p0,96,8,134,ok,,0.30597014925373134,0.27965686274509804,0.2805861928104575,0.28204821200510855
direct_binned,bins2048_auc,logreg_C0p1,96,8,134,ok,,0.3358208955223881,0.3028976202705016,0.30675666199158486,0.3040389527458493
direct_binned,bins2048_auc,xgboost_depth2,96,8,134,ok,,0.34328358208955223,0.3176741127825411,0.3642264598146951,0.34814016602809705
direct_binned,bins2048_auc,svm_C1p0,97,8,134,ok,,0.31343283582089554,0.2669387755102041,0.2724213750194662,0.2685584291187739
direct_binned,bins2048_auc,logreg_C0p1,97,8,134,ok,,0.3283582089552239,0.28607297228578693,0.3015357946768921,0.2886334610472542
direct_binned,bins2048_auc,xgboost_depth2,97,8,134,ok,,0.35074626865671643,0.29466065495965826,0.31724706744868036,0.3311781609195402
direct_binned,bins2048_auc,svm_C1p0,98,8,134,ok,,0.2835820895522388,0.26698932902461037,0.28407224958949095,0.28077107279693486
direct_binned,bins2048_auc,logreg_C0p1,98,8,134,ok,,0.23880597014925373,0.2320310213637694,0.2732315956401322,0.26612388250319285
direct_binned,bins2048_auc,xgboost_depth2,98,8,134,ok,,0.208955223880597,0.1872161801681328,0.20828089915365067,0.2514367816091954
direct_binned,bins2048_auc,svm_C1p0,99,8,134,ok,,0.2537313432835821,0.22380914051796924,0.23960787664348038,0.219029374201788
direct_binned,bins2048_auc,logreg_C0p1,99,8,134,ok,,0.27611940298507465,0.2543870554648005,0.28048319327731097,0.24616858237547892
direct_binned,bins2048_auc,xgboost_depth2,99,8,134,ok,,0.2537313432835821,0.23318414322250638,0.2983495670995671,0.2452905491698595
direct_binned,bins2048_auc,svm_C1p0,100,8,134,ok,,0.31343283582089554,0.30053997421018697,0.3394648829431438,0.30495689655172414
direct_binned,bins2048_auc,logreg_C0p1,100,8,134,ok,,0.34328358208955223,0.3109535201640465,0.3207783502607063,0.31589240102171134
direct_binned,bins2048_auc,xgboost_depth2,100,8,134,ok,,0.26865671641791045,0.2661764705882353,0.32948387819077474,0.29442049808429116
