feature_group,feature_name,classifier,episode,n_train,n_test,status,error,accuracy,macro_f1,macro_precision,macro_recall
foundation_backbone,mae_flatten,svm,1,3,39,ok,,0.48717948717948717,0.444668911335578,0.49551282051282053,0.48454469507101083
foundation_backbone,mae_flatten,logreg,1,3,39,ok,,0.4358974358974359,0.37441077441077436,0.4953405017921147,0.45572263993316625
foundation_backbone,mae_flatten,xgboost,1,3,39,ok,,0.15384615384615385,0.08888888888888889,0.05128205128205129,0.3333333333333333
foundation_backbone,mae_flatten,svm,2,3,39,ok,,0.48717948717948717,0.4056245686680469,0.8039215686274509,0.4590643274853801
foundation_backbone,mae_flatten,logreg,2,3,39,ok,,0.48717948717948717,0.4056245686680469,0.8039215686274509,0.4590643274853801
foundation_backbone,mae_flatten,xgboost,2,3,39,ok,,0.15384615384615385,0.08888888888888889,0.05128205128205129,0.3333333333333333
foundation_backbone,mae_flatten,svm,3,3,39,ok,,0.2564102564102564,0.25114638447971777,0.4801587301587302,0.3525480367585631
foundation_backbone,mae_flatten,logreg,3,3,39,ok,,0.28205128205128205,0.2823620823620823,0.48333333333333334,0.3700918964076858
foundation_backbone,mae_flatten,xgboost,3,3,39,ok,,0.15384615384615385,0.08888888888888889,0.05128205128205129,0.3333333333333333
foundation_backbone,mae_flatten,svm,4,3,39,ok,,0.5897435897435898,0.543859649122807,0.5646929824561403,0.535923141186299
foundation_backbone,mae_flatten,logreg,4,3,39,ok,,0.5641025641025641,0.5194103194103193,0.524537037037037,0.5183792815371763
foundation_backbone,mae_flatten,xgboost,4,3,39,ok,,0.15384615384615385,0.08888888888888889,0.05128205128205129,0.3333333333333333
foundation_backbone,mae_flatten,svm,5,3,39,ok,,0.3333333333333333,0.29408369408369406,0.4984126984126984,0.3224728487886383
foundation_backbone,mae_flatten,logreg,5,3,39,ok,,0.3333333333333333,0.29408369408369406,0.4984126984126984,0.3224728487886383
foundation_backbone,mae_flatten,xgboost,5,3,39,ok,,0.15384615384615385,0.08888888888888889,0.05128205128205129,0.3333333333333333
foundation_backbone,mae_flatten,svm,6,3,39,ok,,0.2564102564102564,0.23703703703703702,0.2896825396825397,0.2322472848788638
foundation_backbone,mae_flatten,logreg,6,3,39,ok,,0.28205128205128205,0.256121333143156,0.3338383838383838,0.24979114452798665
foundation_backbone,mae_flatten,xgboost,6,3,39,ok,,0.15384615384615385,0.08888888888888889,0.05128205128205129,0.3333333333333333
foundation_backbone,mae_flatten,svm,7,3,39,ok,,0.358974358974359,0.3562013295346629,0.43421052631578944,0.34001670843776105
foundation_backbone,mae_flatten,logreg,7,3,39,ok,,0.38461538461538464,0.37345679012345673,0.4415954415954417,0.3638262322472849
foundation_backbone,mae_flatten,xgboost,7,3,39,ok,,0.15384615384615385,0.08888888888888889,0.05128205128205129,0.3333333333333333
foundation_backbone,mae_flatten,svm,8,3,39,ok,,0.4358974358974359,0.3453968253968254,0.7962962962962963,0.4239766081871345
foundation_backbone,mae_flatten,logreg,8,3,39,ok,,0.41025641025641024,0.311577964519141,0.7927927927927928,0.4064327485380117
foundation_backbone,mae_flatten,xgboost,8,3,39,ok,,0.15384615384615385,0.08888888888888889,0.05128205128205129,0.3333333333333333
foundation_backbone,mae_flatten,svm,9,3,39,ok,,0.3076923076923077,0.2846376811594203,0.37171052631578944,0.30492898913951544
foundation_backbone,mae_flatten,logreg,9,3,39,ok,,0.3076923076923077,0.2846376811594203,0.37171052631578944,0.30492898913951544
foundation_backbone,mae_flatten,xgboost,9,3,39,ok,,0.15384615384615385,0.08888888888888889,0.05128205128205129,0.3333333333333333
foundation_backbone,mae_flatten,svm,10,3,39,ok,,0.28205128205128205,0.23758169934640525,0.5018518518518519,0.2873851294903927
foundation_backbone,mae_flatten,logreg,10,3,39,ok,,0.28205128205128205,0.23374741200828156,0.4957983193277311,0.2873851294903927
foundation_backbone,mae_flatten,xgboost,10,3,39,ok,,0.15384615384615385,0.08888888888888889,0.05128205128205129,0.3333333333333333
foundation_backbone,mae_flatten,svm,11,3,39,ok,,0.5384615384615384,0.5222222222222223,0.5628306878306878,0.5831244778613199
foundation_backbone,mae_flatten,logreg,11,3,39,ok,,0.46153846153846156,0.4554482018250134,0.5171778112954583,0.5116959064327485
foundation_backbone,mae_flatten,xgboost,11,3,39,ok,,0.15384615384615385,0.08888888888888889,0.05128205128205129,0.3333333333333333
foundation_backbone,mae_flatten,svm,12,3,39,ok,,0.28205128205128205,0.2823620823620823,0.48333333333333334,0.3700918964076858
foundation_backbone,mae_flatten,logreg,12,3,39,ok,,0.28205128205128205,0.2823620823620823,0.48333333333333334,0.3700918964076858
foundation_backbone,mae_flatten,xgboost,12,3,39,ok,,0.15384615384615385,0.08888888888888889,0.05128205128205129,0.3333333333333333
foundation_backbone,mae_flatten,svm,13,3,39,ok,,0.358974358974359,0.3566137566137566,0.45021645021645024,0.3847117794486216
foundation_backbone,mae_flatten,logreg,13,3,39,ok,,0.4358974358974359,0.41535353535353536,0.5129490392648287,0.43734335839598987
foundation_backbone,mae_flatten,xgboost,13,3,39,ok,,0.15384615384615385,0.08888888888888889,0.05128205128205129,0.3333333333333333
foundation_backbone,mae_flatten,svm,14,3,39,ok,,0.38461538461538464,0.3451458102620893,0.4181034482758621,0.4461152882205514
foundation_backbone,mae_flatten,logreg,14,3,39,ok,,0.3333333333333333,0.26578073089701,0.20977011494252873,0.373015873015873
foundation_backbone,mae_flatten,xgboost,14,3,39,ok,,0.15384615384615385,0.08888888888888889,0.05128205128205129,0.3333333333333333
foundation_backbone,mae_flatten,svm,15,3,39,ok,,0.48717948717948717,0.46828297595841456,0.6122100122100121,0.5104427736006683
foundation_backbone,mae_flatten,logreg,15,3,39,ok,,0.48717948717948717,0.46828297595841456,0.6122100122100121,0.5104427736006683
foundation_backbone,mae_flatten,xgboost,15,3,39,ok,,0.15384615384615385,0.08888888888888889,0.05128205128205129,0.3333333333333333
foundation_backbone,mae_flatten,svm,16,3,39,ok,,0.3076923076923077,0.27308802308802305,0.5097465886939571,0.30492898913951544
foundation_backbone,mae_flatten,logreg,16,3,39,ok,,0.3076923076923077,0.27308802308802305,0.5097465886939571,0.30492898913951544
foundation_backbone,mae_flatten,xgboost,16,3,39,ok,,0.15384615384615385,0.08888888888888889,0.05128205128205129,0.3333333333333333
foundation_backbone,mae_flatten,svm,17,3,39,ok,,0.5384615384615384,0.5150537634408602,0.5123177476118652,0.5451127819548872
foundation_backbone,mae_flatten,logreg,17,3,39,ok,,0.5641025641025641,0.5295469912102773,0.5444444444444444,0.575187969924812
foundation_backbone,mae_flatten,xgboost,17,3,39,ok,,0.15384615384615385,0.08888888888888889,0.05128205128205129,0.3333333333333333
foundation_backbone,mae_flatten,svm,18,3,39,ok,,0.6153846153846154,0.5838596491228071,0.5943646996278575,0.5914786967418547
foundation_backbone,mae_flatten,logreg,18,3,39,ok,,0.6153846153846154,0.5838596491228071,0.5943646996278575,0.5914786967418547
foundation_backbone,mae_flatten,xgboost,18,3,39,ok,,0.15384615384615385,0.08888888888888889,0.05128205128205129,0.3333333333333333
foundation_backbone,mae_flatten,svm,19,3,39,ok,,0.46153846153846156,0.37074074074074076,0.4838709677419355,0.44152046783625726
foundation_backbone,mae_flatten,logreg,19,3,39,ok,,0.46153846153846156,0.37074074074074076,0.4838709677419355,0.44152046783625726
foundation_backbone,mae_flatten,xgboost,19,3,39,ok,,0.15384615384615385,0.08888888888888889,0.05128205128205129,0.3333333333333333
foundation_backbone,mae_flatten,svm,20,3,39,ok,,0.5641025641025641,0.4780289281196722,0.47719298245614034,0.4803675856307435
foundation_backbone,mae_flatten,logreg,20,3,39,ok,,0.5641025641025641,0.4780289281196722,0.47719298245614034,0.4803675856307435
foundation_backbone,mae_flatten,xgboost,20,3,39,ok,,0.15384615384615385,0.08888888888888889,0.05128205128205129,0.3333333333333333
foundation_backbone,mae_flatten,svm,21,3,39,ok,,0.38461538461538464,0.30476190476190473,0.3246753246753247,0.31954887218045114
foundation_backbone,mae_flatten,logreg,21,3,39,ok,,0.38461538461538464,0.3,0.3181818181818182,0.31954887218045114
foundation_backbone,mae_flatten,xgboost,21,3,39,ok,,0.15384615384615385,0.08888888888888889,0.05128205128205129,0.3333333333333333
foundation_backbone,mae_flatten,svm,22,3,39,ok,,0.20512820512820512,0.20742753623188404,0.26994301994301995,0.27944862155388467
foundation_backbone,mae_flatten,logreg,22,3,39,ok,,0.2564102564102564,0.24386724386724387,0.3617283950617283,0.3905597326649959
foundation_backbone,mae_flatten,xgboost,22,3,39,ok,,0.15384615384615385,0.08888888888888889,0.05128205128205129,0.3333333333333333
foundation_backbone,mae_flatten,svm,23,3,39,ok,,0.6410256410256411,0.6099484004127966,0.6948717948717947,0.7163742690058479
foundation_backbone,mae_flatten,logreg,23,3,39,ok,,0.6410256410256411,0.6099484004127966,0.6948717948717947,0.7163742690058479
foundation_backbone,mae_flatten,xgboost,23,3,39,ok,,0.15384615384615385,0.08888888888888889,0.05128205128205129,0.3333333333333333
foundation_backbone,mae_flatten,svm,24,3,39,ok,,0.28205128205128205,0.2823620823620823,0.48333333333333334,0.3700918964076858
foundation_backbone,mae_flatten,logreg,24,3,39,ok,,0.28205128205128205,0.2823620823620823,0.48333333333333334,0.3700918964076858
foundation_backbone,mae_flatten,xgboost,24,3,39,ok,,0.15384615384615385,0.08888888888888889,0.05128205128205129,0.3333333333333333
foundation_backbone,mae_flatten,svm,25,3,39,ok,,0.46153846153846156,0.3695652173913044,0.5125000000000001,0.44152046783625726
foundation_backbone,mae_flatten,logreg,25,3,39,ok,,0.46153846153846156,0.3695652173913044,0.5125000000000001,0.44152046783625726
foundation_backbone,mae_flatten,xgboost,25,3,39,ok,,0.15384615384615385,0.08888888888888889,0.05128205128205129,0.3333333333333333
foundation_backbone,mae_flatten,svm,26,3,39,ok,,0.46153846153846156,0.447152528872959,0.5634920634920634,0.49289891395154556
foundation_backbone,mae_flatten,logreg,26,3,39,ok,,0.46153846153846156,0.447152528872959,0.5634920634920634,0.49289891395154556
foundation_backbone,mae_flatten,xgboost,26,3,39,ok,,0.15384615384615385,0.08888888888888889,0.05128205128205129,0.3333333333333333
foundation_backbone,mae_flatten,svm,27,3,39,ok,,0.46153846153846156,0.37771043771043766,0.4777777777777778,0.4352548036758563
foundation_backbone,mae_flatten,logreg,27,3,39,ok,,0.4358974358974359,0.33201058201058203,0.5816993464052288,0.4239766081871345
foundation_backbone,mae_flatten,xgboost,27,3,39,ok,,0.15384615384615385,0.08888888888888889,0.05128205128205129,0.3333333333333333
foundation_backbone,mae_flatten,svm,28,3,39,ok,,0.4358974358974359,0.3453968253968254,0.7962962962962963,0.4239766081871345
foundation_backbone,mae_flatten,logreg,28,3,39,ok,,0.41025641025641024,0.311577964519141,0.7927927927927928,0.4064327485380117
foundation_backbone,mae_flatten,xgboost,28,3,39,ok,,0.15384615384615385,0.08888888888888889,0.05128205128205129,0.3333333333333333
foundation_backbone,mae_flatten,svm,29,3,39,ok,,0.41025641025641024,0.391350584898972,0.4595238095238095,0.45154553049289886
foundation_backbone,mae_flatten,logreg,29,3,39,ok,,0.41025641025641024,0.391350584898972,0.4595238095238095,0.45154553049289886
foundation_backbone,mae_flatten,xgboost,29,3,39,ok,,0.15384615384615385,0.08888888888888889,0.05128205128205129,0.3333333333333333
foundation_backbone,mae_flatten,svm,30,3,39,ok,,0.5128205128205128,0.45188886365356956,0.6782608695652175,0.45154553049289897
foundation_backbone,mae_flatten,logreg,30,3,39,ok,,0.5128205128205128,0.43937482478273066,0.5481481481481482,0.4640768588137009
foundation_backbone,mae_flatten,xgboost,30,3,39,ok,,0.15384615384615385,0.08888888888888889,0.05128205128205129,0.3333333333333333
foundation_backbone,mae_flatten,svm,31,3,39,ok,,0.5641025641025641,0.47814877696032193,0.4981080151358788,0.4803675856307435
foundation_backbone,mae_flatten,logreg,31,3,39,ok,,0.5641025641025641,0.47814877696032193,0.4981080151358788,0.4803675856307435
foundation_backbone,mae_flatten,xgboost,31,3,39,ok,,0.15384615384615385,0.08888888888888889,0.05128205128205129,0.3333333333333333
foundation_backbone,mae_flatten,svm,32,3,39,ok,,0.28205128205128205,0.2823620823620823,0.48333333333333334,0.3700918964076858
foundation_backbone,mae_flatten,logreg,32,3,39,ok,,0.28205128205128205,0.2823620823620823,0.48333333333333334,0.3700918964076858
foundation_backbone,mae_flatten,xgboost,32,3,39,ok,,0.15384615384615385,0.08888888888888889,0.05128205128205129,0.3333333333333333
foundation_backbone,mae_flatten,svm,33,3,39,ok,,0.5384615384615384,0.5075675675675676,0.5439613526570048,0.601921470342523
foundation_backbone,mae_flatten,logreg,33,3,39,ok,,0.5384615384615384,0.4909090909090909,0.6461538461538461,0.6081871345029239
foundation_backbone,mae_flatten,xgboost,33,3,39,ok,,0.15384615384615385,0.08888888888888889,0.05128205128205129,0.3333333333333333
foundation_backbone,mae_flatten,svm,34,3,39,ok,,0.38461538461538464,0.3813741277509393,0.4708994708994709,0.4402673350041771
foundation_backbone,mae_flatten,logreg,34,3,39,ok,,0.358974358974359,0.35802469135802467,0.44682539682539685,0.4227234753550542
foundation_backbone,mae_flatten,xgboost,34,3,39,ok,,0.15384615384615385,0.08888888888888889,0.05128205128205129,0.3333333333333333
foundation_backbone,mae_flatten,svm,35,3,39,ok,,0.38461538461538464,0.3916091954022989,0.4842105263157895,0.3575605680868839
foundation_backbone,mae_flatten,logreg,35,3,39,ok,,0.41025641025641024,0.4003382923922654,0.4640522875816993,0.38137009189640764
foundation_backbone,mae_flatten,xgboost,35,3,39,ok,,0.15384615384615385,0.08888888888888889,0.05128205128205129,0.3333333333333333
foundation_backbone,mae_flatten,svm,36,3,39,ok,,0.3333333333333333,0.29408369408369406,0.4984126984126984,0.3224728487886383
foundation_backbone,mae_flatten,logreg,36,3,39,ok,,0.3333333333333333,0.29408369408369406,0.4984126984126984,0.3224728487886383
foundation_backbone,mae_flatten,xgboost,36,3,39,ok,,0.15384615384615385,0.08888888888888889,0.05128205128205129,0.3333333333333333
foundation_backbone,mae_flatten,svm,37,3,39,ok,,0.38461538461538464,0.3813741277509393,0.4708994708994709,0.4402673350041771
foundation_backbone,mae_flatten,logreg,37,3,39,ok,,0.38461538461538464,0.3813741277509393,0.4708994708994709,0.4402673350041771
foundation_backbone,mae_flatten,xgboost,37,3,39,ok,,0.15384615384615385,0.08888888888888889,0.05128205128205129,0.3333333333333333
foundation_backbone,mae_flatten,svm,38,3,39,ok,,0.3076923076923077,0.26179894179894175,0.2817460317460317,0.30492898913951544
foundation_backbone,mae_flatten,logreg,38,3,39,ok,,0.3076923076923077,0.26179894179894175,0.2817460317460317,0.30492898913951544
foundation_backbone,mae_flatten,xgboost,38,3,39,ok,,0.15384615384615385,0.08888888888888889,0.05128205128205129,0.3333333333333333
foundation_backbone,mae_flatten,svm,39,3,39,ok,,0.3333333333333333,0.3005198180636777,0.33528693528693526,0.38638262322472844
foundation_backbone,mae_flatten,logreg,39,3,39,ok,,0.3333333333333333,0.30256410256410254,0.32735042735042735,0.38638262322472844
foundation_backbone,mae_flatten,xgboost,39,3,39,ok,,0.15384615384615385,0.08888888888888889,0.05128205128205129,0.3333333333333333
foundation_backbone,mae_flatten,svm,40,3,39,ok,,0.358974358974359,0.35802469135802467,0.44682539682539685,0.4227234753550542
foundation_backbone,mae_flatten,logreg,40,3,39,ok,,0.358974358974359,0.35802469135802467,0.44682539682539685,0.4227234753550542
foundation_backbone,mae_flatten,xgboost,40,3,39,ok,,0.15384615384615385,0.08888888888888889,0.05128205128205129,0.3333333333333333
foundation_backbone,mae_flatten,svm,41,3,39,ok,,0.4358974358974359,0.3494363929146538,0.49652777777777773,0.41771094402673353
foundation_backbone,mae_flatten,logreg,41,3,39,ok,,0.4358974358974359,0.33201058201058203,0.5816993464052288,0.4239766081871345
foundation_backbone,mae_flatten,xgboost,41,3,39,ok,,0.15384615384615385,0.08888888888888889,0.05128205128205129,0.3333333333333333
foundation_backbone,mae_flatten,svm,42,3,39,ok,,0.48717948717948717,0.4120531681507291,0.48148148148148145,0.4465329991645781
foundation_backbone,mae_flatten,logreg,42,3,39,ok,,0.46153846153846156,0.37777777777777777,0.5175627240143369,0.4352548036758563
foundation_backbone,mae_flatten,xgboost,42,3,39,ok,,0.15384615384615385,0.08888888888888889,0.05128205128205129,0.3333333333333333
foundation_backbone,mae_flatten,svm,43,3,39,ok,,0.4358974358974359,0.3916883116883117,0.44285714285714284,0.44945697577276517
foundation_backbone,mae_flatten,logreg,43,3,39,ok,,0.4358974358974359,0.37441077441077436,0.4953405017921147,0.45572263993316625
foundation_backbone,mae_flatten,xgboost,43,3,39,ok,,0.15384615384615385,0.08888888888888889,0.05128205128205129,0.3333333333333333
foundation_backbone,mae_flatten,svm,44,3,39,ok,,0.5897435897435898,0.5623007623007623,0.5648148148148148,0.5739348370927319
foundation_backbone,mae_flatten,logreg,44,3,39,ok,,0.5897435897435898,0.5623007623007623,0.5648148148148148,0.5739348370927319
foundation_backbone,mae_flatten,xgboost,44,3,39,ok,,0.15384615384615385,0.08888888888888889,0.05128205128205129,0.3333333333333333
foundation_backbone,mae_flatten,svm,45,3,39,ok,,0.5641025641025641,0.5250799186283057,0.5468409586056645,0.5183792815371763
foundation_backbone,mae_flatten,logreg,45,3,39,ok,,0.48717948717948717,0.452975234758916,0.44948646125116715,0.46574770258980785
foundation_backbone,mae_flatten,xgboost,45,3,39,ok,,0.15384615384615385,0.08888888888888889,0.05128205128205129,0.3333333333333333
foundation_backbone,mae_flatten,svm,46,3,39,ok,,0.28205128205128205,0.26535873734515497,0.2948056415548676,0.2560568086883876
foundation_backbone,mae_flatten,logreg,46,3,39,ok,,0.2564102564102564,0.24330484330484334,0.2736111111111111,0.2322472848788638
foundation_backbone,mae_flatten,xgboost,46,3,39,ok,,0.15384615384615385,0.08888888888888889,0.05128205128205129,0.3333333333333333
foundation_backbone,mae_flatten,svm,47,3,39,ok,,0.48717948717948717,0.4056245686680469,0.8039215686274509,0.4590643274853801
foundation_backbone,mae_flatten,logreg,47,3,39,ok,,0.48717948717948717,0.4056245686680469,0.8039215686274509,0.4590643274853801
foundation_backbone,mae_flatten,xgboost,47,3,39,ok,,0.15384615384615385,0.08888888888888889,0.05128205128205129,0.3333333333333333
foundation_backbone,mae_flatten,svm,48,3,39,ok,,0.6153846153846154,0.6040564373897707,0.5980769230769231,0.6357560568086883
foundation_backbone,mae_flatten,logreg,48,3,39,ok,,0.6410256410256411,0.6215604319052594,0.6158730158730159,0.6595655806182122
foundation_backbone,mae_flatten,xgboost,48,3,39,ok,,0.15384615384615385,0.08888888888888889,0.05128205128205129,0.3333333333333333
foundation_backbone,mae_flatten,svm,49,3,39,ok,,0.3076923076923077,0.3072833599149389,0.6458333333333334,0.4573934837092732
foundation_backbone,mae_flatten,logreg,49,3,39,ok,,0.3076923076923077,0.30428035691193583,0.5978494623655913,0.4573934837092732
foundation_backbone,mae_flatten,xgboost,49,3,39,ok,,0.15384615384615385,0.08888888888888889,0.05128205128205129,0.3333333333333333
foundation_backbone,mae_flatten,svm,50,3,39,ok,,0.41025641025641024,0.391350584898972,0.4595238095238095,0.45154553049289886
foundation_backbone,mae_flatten,logreg,50,3,39,ok,,0.358974358974359,0.3380991768088542,0.3841269841269841,0.4101921470342522
foundation_backbone,mae_flatten,xgboost,50,3,39,ok,,0.15384615384615385,0.08888888888888889,0.05128205128205129,0.3333333333333333
foundation_backbone,mae_flatten,svm,51,3,39,ok,,0.28205128205128205,0.23374741200828156,0.4957983193277311,0.2873851294903927
foundation_backbone,mae_flatten,logreg,51,3,39,ok,,0.28205128205128205,0.23374741200828156,0.4957983193277311,0.2873851294903927
foundation_backbone,mae_flatten,xgboost,51,3,39,ok,,0.15384615384615385,0.08888888888888889,0.05128205128205129,0.3333333333333333
foundation_backbone,mae_flatten,svm,52,3,39,ok,,0.48717948717948717,0.4056245686680469,0.8039215686274509,0.4590643274853801
foundation_backbone,mae_flatten,logreg,52,3,39,ok,,0.48717948717948717,0.4056245686680469,0.8039215686274509,0.4590643274853801
foundation_backbone,mae_flatten,xgboost,52,3,39,ok,,0.15384615384615385,0.08888888888888889,0.05128205128205129,0.3333333333333333
foundation_backbone,mae_flatten,svm,53,3,39,ok,,0.5641025641025641,0.5250799186283057,0.5468409586056645,0.5183792815371763
foundation_backbone,mae_flatten,logreg,53,3,39,ok,,0.48717948717948717,0.452975234758916,0.44948646125116715,0.46574770258980785
foundation_backbone,mae_flatten,xgboost,53,3,39,ok,,0.15384615384615385,0.08888888888888889,0.05128205128205129,0.3333333333333333
foundation_backbone,mae_flatten,svm,54,3,39,ok,,0.3333333333333333,0.28756733462615813,0.31601731601731603,0.3224728487886383
foundation_backbone,mae_flatten,logreg,54,3,39,ok,,0.3076923076923077,0.2592156862745098,0.27777777777777773,0.30492898913951544
foundation_backbone,mae_flatten,xgboost,54,3,39,ok,,0.15384615384615385,0.08888888888888889,0.05128205128205129,0.3333333333333333
foundation_backbone,mae_flatten,svm,55,3,39,ok,,0.48717948717948717,0.4056245686680469,0.8039215686274509,0.4590643274853801
foundation_backbone,mae_flatten,logreg,55,3,39,ok,,0.48717948717948717,0.4056245686680469,0.8039215686274509,0.4590643274853801
foundation_backbone,mae_flatten,xgboost,55,3,39,ok,,0.15384615384615385,0.08888888888888889,0.05128205128205129,0.3333333333333333
foundation_backbone,mae_flatten,svm,56,3,39,ok,,0.3333333333333333,0.2474747474747475,0.25333333333333335,0.2531328320802005
foundation_backbone,mae_flatten,logreg,56,3,39,ok,,0.3333333333333333,0.2474747474747475,0.25333333333333335,0.2531328320802005
foundation_backbone,mae_flatten,xgboost,56,3,39,ok,,0.15384615384615385,0.08888888888888889,0.05128205128205129,0.3333333333333333
foundation_backbone,mae_flatten,svm,57,3,39,ok,,0.23076923076923078,0.22895622895622894,0.25971792225662194,0.220969089390142
foundation_backbone,mae_flatten,logreg,57,3,39,ok,,0.23076923076923078,0.22895622895622894,0.25971792225662194,0.220969089390142
foundation_backbone,mae_flatten,xgboost,57,3,39,ok,,0.15384615384615385,0.08888888888888889,0.05128205128205129,0.3333333333333333
foundation_backbone,mae_flatten,svm,58,3,39,ok,,0.4358974358974359,0.3494363929146538,0.49652777777777773,0.41771094402673353
foundation_backbone,mae_flatten,logreg,58,3,39,ok,,0.4358974358974359,0.33201058201058203,0.5816993464052288,0.4239766081871345
foundation_backbone,mae_flatten,xgboost,58,3,39,ok,,0.15384615384615385,0.08888888888888889,0.05128205128205129,0.3333333333333333
foundation_backbone,mae_flatten,svm,59,3,39,ok,,0.41025641025641024,0.2983164983164983,0.3283154121863799,0.4064327485380117
foundation_backbone,mae_flatten,logreg,59,3,39,ok,,0.41025641025641024,0.2983164983164983,0.3283154121863799,0.4064327485380117
foundation_backbone,mae_flatten,xgboost,59,3,39,ok,,0.15384615384615385,0.08888888888888889,0.05128205128205129,0.3333333333333333
foundation_backbone,mae_flatten,svm,60,3,39,ok,,0.6666666666666666,0.65,0.6648148148148149,0.664578111946533
foundation_backbone,mae_flatten,logreg,60,3,39,ok,,0.6410256410256411,0.6271929824561403,0.643859649122807,0.6470342522974102
foundation_backbone,mae_flatten,xgboost,60,3,39,ok,,0.15384615384615385,0.08888888888888889,0.05128205128205129,0.3333333333333333
foundation_backbone,mae_flatten,svm,61,3,39,ok,,0.2564102564102564,0.20313725490196077,0.1675438596491228,0.2698412698412698
foundation_backbone,mae_flatten,logreg,61,3,39,ok,,0.2564102564102564,0.20313725490196077,0.1675438596491228,0.2698412698412698
foundation_backbone,mae_flatten,xgboost,61,3,39,ok,,0.15384615384615385,0.08888888888888889,0.05128205128205129,0.3333333333333333
foundation_backbone,mae_flatten,svm,62,3,39,ok,,0.4358974358974359,0.289044289044289,0.2984126984126984,0.3859649122807018
foundation_backbone,mae_flatten,logreg,62,3,39,ok,,0.358974358974359,0.2478273058592655,0.23580246913580247,0.3145363408521303
foundation_backbone,mae_flatten,xgboost,62,3,39,ok,,0.15384615384615385,0.08888888888888889,0.05128205128205129,0.3333333333333333
foundation_backbone,mae_flatten,svm,63,3,39,ok,,0.4358974358974359,0.42377622377622376,0.5060606060606061,0.4753550543024227
foundation_backbone,mae_flatten,logreg,63,3,39,ok,,0.38461538461538464,0.3803418803418803,0.45925925925925926,0.4402673350041771
foundation_backbone,mae_flatten,xgboost,63,3,39,ok,,0.15384615384615385,0.08888888888888889,0.05128205128205129,0.3333333333333333
foundation_backbone,mae_flatten,svm,64,3,39,ok,,0.46153846153846156,0.3825925925925926,0.528673835125448,0.4352548036758563
foundation_backbone,mae_flatten,logreg,64,3,39,ok,,0.41025641025641024,0.3190772978007021,0.4646464646464647,0.40016708437761067
foundation_backbone,mae_flatten,xgboost,64,3,39,ok,,0.15384615384615385,0.08888888888888889,0.05128205128205129,0.3333333333333333
foundation_backbone,mae_flatten,svm,65,3,39,ok,,0.6153846153846154,0.5841526894158473,0.5855263157894737,0.5914786967418547
foundation_backbone,mae_flatten,logreg,65,3,39,ok,,0.6153846153846154,0.5841526894158473,0.5855263157894737,0.5914786967418547
foundation_backbone,mae_flatten,xgboost,65,3,39,ok,,0.15384615384615385,0.08888888888888889,0.05128205128205129,0.3333333333333333
foundation_backbone,mae_flatten,svm,66,3,39,ok,,0.41025641025641024,0.3923138191955396,0.4801587301587302,0.45154553049289886
foundation_backbone,mae_flatten,logreg,66,3,39,ok,,0.4358974358974359,0.41089743589743594,0.4897435897435898,0.46908939014202167
foundation_backbone,mae_flatten,xgboost,66,3,39,ok,,0.15384615384615385,0.08888888888888889,0.05128205128205129,0.3333333333333333
foundation_backbone,mae_flatten,svm,67,3,39,ok,,0.5641025641025641,0.47814877696032193,0.4981080151358788,0.4803675856307435
foundation_backbone,mae_flatten,logreg,67,3,39,ok,,0.5641025641025641,0.47814877696032193,0.4981080151358788,0.4803675856307435
foundation_backbone,mae_flatten,xgboost,67,3,39,ok,,0.15384615384615385,0.08888888888888889,0.05128205128205129,0.3333333333333333
foundation_backbone,mae_flatten,svm,68,3,39,ok,,0.38461538461538464,0.3857142857142857,0.47545631756158074,0.3575605680868839
foundation_backbone,mae_flatten,logreg,68,3,39,ok,,0.38461538461538464,0.3857142857142857,0.47545631756158074,0.3575605680868839
foundation_backbone,mae_flatten,xgboost,68,3,39,ok,,0.15384615384615385,0.08888888888888889,0.05128205128205129,0.3333333333333333
foundation_backbone,mae_flatten,svm,69,3,39,ok,,0.5384615384615384,0.4597722722722723,0.48148148148148145,0.46282372598162075
foundation_backbone,mae_flatten,logreg,69,3,39,ok,,0.5384615384615384,0.4606286959228136,0.4861111111111111,0.46908939014202167
foundation_backbone,mae_flatten,xgboost,69,3,39,ok,,0.15384615384615385,0.08888888888888889,0.05128205128205129,0.3333333333333333
foundation_backbone,mae_flatten,svm,70,3,39,ok,,0.28205128205128205,0.23758169934640525,0.5018518518518519,0.2873851294903927
foundation_backbone,mae_flatten,logreg,70,3,39,ok,,0.28205128205128205,0.23374741200828156,0.4957983193277311,0.2873851294903927
foundation_backbone,mae_flatten,xgboost,70,3,39,ok,,0.15384615384615385,0.08888888888888889,0.05128205128205129,0.3333333333333333
foundation_backbone,mae_flatten,svm,71,3,39,ok,,0.6153846153846154,0.5838596491228071,0.5943646996278575,0.5914786967418547
foundation_backbone,mae_flatten,logreg,71,3,39,ok,,0.6410256410256411,0.605079365079365,0.6143939393939394,0.6090225563909774
foundation_backbone,mae_flatten,xgboost,71,3,39,ok,,0.15384615384615385,0.08888888888888889,0.05128205128205129,0.3333333333333333
foundation_backbone,mae_flatten,svm,72,3,39,ok,,0.38461538461538464,0.3813741277509393,0.4708994708994709,0.4402673350041771
foundation_backbone,mae_flatten,logreg,72,3,39,ok,,0.38461538461538464,0.3813741277509393,0.4708994708994709,0.4402673350041771
foundation_backbone,mae_flatten,xgboost,72,3,39,ok,,0.15384615384615385,0.08888888888888889,0.05128205128205129,0.3333333333333333
foundation_backbone,mae_flatten,svm,73,3,39,ok,,0.4358974358974359,0.289044289044289,0.2984126984126984,0.3859649122807018
foundation_backbone,mae_flatten,logreg,73,3,39,ok,,0.4358974358974359,0.289044289044289,0.2984126984126984,0.3859649122807018
foundation_backbone,mae_flatten,xgboost,73,3,39,ok,,0.15384615384615385,0.08888888888888889,0.05128205128205129,0.3333333333333333
foundation_backbone,mae_flatten,svm,74,3,39,ok,,0.38461538461538464,0.3916091954022989,0.4842105263157895,0.3575605680868839
foundation_backbone,mae_flatten,logreg,74,3,39,ok,,0.38461538461538464,0.3916091954022989,0.4842105263157895,0.3575605680868839
foundation_backbone,mae_flatten,xgboost,74,3,39,ok,,0.15384615384615385,0.08888888888888889,0.05128205128205129,0.3333333333333333
foundation_backbone,mae_flatten,svm,75,3,39,ok,,0.6153846153846154,0.5841526894158473,0.5855263157894737,0.5914786967418547
foundation_backbone,mae_flatten,logreg,75,3,39,ok,,0.6153846153846154,0.5841526894158473,0.5855263157894737,0.5914786967418547
foundation_backbone,mae_flatten,xgboost,75,3,39,ok,,0.15384615384615385,0.08888888888888889,0.05128205128205129,0.3333333333333333
foundation_backbone,mae_flatten,svm,76,3,39,ok,,0.5641025641025641,0.481359649122807,0.543859649122807,0.4803675856307435
foundation_backbone,mae_flatten,logreg,76,3,39,ok,,0.5641025641025641,0.47814877696032193,0.4981080151358788,0.4803675856307435
foundation_backbone,mae_flatten,xgboost,76,3,39,ok,,0.15384615384615385,0.08888888888888889,0.05128205128205129,0.3333333333333333
foundation_backbone,mae_flatten,svm,77,3,39,ok,,0.41025641025641024,0.29788359788359786,0.5777777777777778,0.4064327485380117
foundation_backbone,mae_flatten,logreg,77,3,39,ok,,0.38461538461538464,0.2607407407407408,0.24074074074074073,0.3888888888888889
foundation_backbone,mae_flatten,xgboost,77,3,39,ok,,0.15384615384615385,0.08888888888888889,0.05128205128205129,0.3333333333333333
foundation_backbone,mae_flatten,svm,78,3,39,ok,,0.38461538461538464,0.3916091954022989,0.4842105263157895,0.3575605680868839
foundation_backbone,mae_flatten,logreg,78,3,39,ok,,0.41025641025641024,0.4003382923922654,0.4640522875816993,0.38137009189640764
foundation_backbone,mae_flatten,xgboost,78,3,39,ok,,0.15384615384615385,0.08888888888888889,0.05128205128205129,0.3333333333333333
foundation_backbone,mae_flatten,svm,79,3,39,ok,,0.5384615384615384,0.4597722722722723,0.48148148148148145,0.46282372598162075
foundation_backbone,mae_flatten,logreg,79,3,39,ok,,0.5384615384615384,0.4597722722722723,0.48148148148148145,0.46282372598162075
foundation_backbone,mae_flatten,xgboost,79,3,39,ok,,0.15384615384615385,0.08888888888888889,0.05128205128205129,0.3333333333333333
foundation_backbone,mae_flatten,svm,80,3,39,ok,,0.5384615384615384,0.4597722722722723,0.48148148148148145,0.46282372598162075
foundation_backbone,mae_flatten,logreg,80,3,39,ok,,0.5384615384615384,0.4597722722722723,0.48148148148148145,0.46282372598162075
foundation_backbone,mae_flatten,xgboost,80,3,39,ok,,0.15384615384615385,0.08888888888888889,0.05128205128205129,0.3333333333333333
foundation_backbone,mae_flatten,svm,81,3,39,ok,,0.38461538461538464,0.3735825689848678,0.45515873015873015,0.434001670843776
foundation_backbone,mae_flatten,logreg,81,3,39,ok,,0.41025641025641024,0.39400352733686067,0.47907647907647904,0.45154553049289886
foundation_backbone,mae_flatten,xgboost,81,3,39,ok,,0.15384615384615385,0.08888888888888889,0.05128205128205129,0.3333333333333333
foundation_backbone,mae_flatten,svm,82,3,39,ok,,0.23076923076923078,0.2614803497156438,0.22842459684564945,0.33500417710944025
foundation_backbone,mae_flatten,logreg,82,3,39,ok,,0.23076923076923078,0.2536475869809203,0.222953216374269,0.33500417710944025
foundation_backbone,mae_flatten,xgboost,82,3,39,ok,,0.15384615384615385,0.08888888888888889,0.05128205128205129,0.3333333333333333
foundation_backbone,mae_flatten,svm,83,3,39,ok,,0.28205128205128205,0.2418181818181818,0.5087719298245613,0.2873851294903927
foundation_backbone,mae_flatten,logreg,83,3,39,ok,,0.28205128205128205,0.2418181818181818,0.5087719298245613,0.2873851294903927
foundation_backbone,mae_flatten,xgboost,83,3,39,ok,,0.15384615384615385,0.08888888888888889,0.05128205128205129,0.3333333333333333
foundation_backbone,mae_flatten,svm,84,3,39,ok,,0.46153846153846156,0.38831168831168833,0.6138888888888889,0.5175438596491228
foundation_backbone,mae_flatten,logreg,84,3,39,ok,,0.4358974358974359,0.3567447045707916,0.2886904761904762,0.5
foundation_backbone,mae_flatten,xgboost,84,3,39,ok,,0.15384615384615385,0.08888888888888889,0.05128205128205129,0.3333333333333333
foundation_backbone,mae_flatten,svm,85,3,39,ok,,0.6410256410256411,0.6271929824561403,0.643859649122807,0.6470342522974102
foundation_backbone,mae_flatten,logreg,85,3,39,ok,,0.6410256410256411,0.6271929824561403,0.643859649122807,0.6470342522974102
foundation_backbone,mae_flatten,xgboost,85,3,39,ok,,0.15384615384615385,0.08888888888888889,0.05128205128205129,0.3333333333333333
foundation_backbone,mae_flatten,svm,86,3,39,ok,,0.2564102564102564,0.25114638447971777,0.4801587301587302,0.3525480367585631
foundation_backbone,mae_flatten,logreg,86,3,39,ok,,0.2564102564102564,0.25114638447971777,0.4801587301587302,0.3525480367585631
foundation_backbone,mae_flatten,xgboost,86,3,39,ok,,0.15384615384615385,0.08888888888888889,0.05128205128205129,0.3333333333333333
foundation_backbone,mae_flatten,svm,87,3,39,ok,,0.5897435897435898,0.5623007623007623,0.5648148148148148,0.5739348370927319
foundation_backbone,mae_flatten,logreg,87,3,39,ok,,0.5897435897435898,0.5623007623007623,0.5648148148148148,0.5739348370927319
foundation_backbone,mae_flatten,xgboost,87,3,39,ok,,0.15384615384615385,0.08888888888888889,0.05128205128205129,0.3333333333333333
foundation_backbone,mae_flatten,svm,88,3,39,ok,,0.6153846153846154,0.5841526894158473,0.5855263157894737,0.5914786967418547
foundation_backbone,mae_flatten,logreg,88,3,39,ok,,0.5897435897435898,0.5632183908045977,0.5555555555555555,0.5802005012531328
foundation_backbone,mae_flatten,xgboost,88,3,39,ok,,0.15384615384615385,0.08888888888888889,0.05128205128205129,0.3333333333333333
foundation_backbone,mae_flatten,svm,89,3,39,ok,,0.3333333333333333,0.28756733462615813,0.31601731601731603,0.3224728487886383
foundation_backbone,mae_flatten,logreg,89,3,39,ok,,0.3333333333333333,0.28716931216931213,0.3011904761904762,0.3224728487886383
foundation_backbone,mae_flatten,xgboost,89,3,39,ok,,0.15384615384615385,0.08888888888888889,0.05128205128205129,0.3333333333333333
foundation_backbone,mae_flatten,svm,90,3,39,ok,,0.6153846153846154,0.5166666666666666,0.5763888888888888,0.515455304928989
foundation_backbone,mae_flatten,logreg,90,3,39,ok,,0.6410256410256411,0.5391405342624855,0.7481060606060606,0.5329991645781119
foundation_backbone,mae_flatten,xgboost,90,3,39,ok,,0.15384615384615385,0.08888888888888889,0.05128205128205129,0.3333333333333333
foundation_backbone,mae_flatten,svm,91,3,39,ok,,0.2564102564102564,0.2474974974974975,0.2777777777777778,0.23851294903926482
foundation_backbone,mae_flatten,logreg,91,3,39,ok,,0.2564102564102564,0.2474974974974975,0.2777777777777778,0.23851294903926482
foundation_backbone,mae_flatten,xgboost,91,3,39,ok,,0.15384615384615385,0.08888888888888889,0.05128205128205129,0.3333333333333333
foundation_backbone,mae_flatten,svm,92,3,39,ok,,0.28205128205128205,0.2418181818181818,0.5087719298245613,0.2873851294903927
foundation_backbone,mae_flatten,logreg,92,3,39,ok,,0.28205128205128205,0.2418181818181818,0.5087719298245613,0.2873851294903927
foundation_backbone,mae_flatten,xgboost,92,3,39,ok,,0.15384615384615385,0.08888888888888889,0.05128205128205129,0.3333333333333333
foundation_backbone,mae_flatten,svm,93,3,39,ok,,0.28205128205128205,0.2823620823620823,0.48333333333333334,0.3700918964076858
foundation_backbone,mae_flatten,logreg,93,3,39,ok,,0.28205128205128205,0.2823620823620823,0.48333333333333334,0.3700918964076858
foundation_backbone,mae_flatten,xgboost,93,3,39,ok,,0.15384615384615385,0.08888888888888889,0.05128205128205129,0.3333333333333333
foundation_backbone,mae_flatten,svm,94,3,39,ok,,0.5641025641025641,0.5250799186283057,0.5468409586056645,0.5183792815371763
foundation_backbone,mae_flatten,logreg,94,3,39,ok,,0.48717948717948717,0.452975234758916,0.44948646125116715,0.46574770258980785
foundation_backbone,mae_flatten,xgboost,94,3,39,ok,,0.15384615384615385,0.08888888888888889,0.05128205128205129,0.3333333333333333
foundation_backbone,mae_flatten,svm,95,3,39,ok,,0.4358974358974359,0.289044289044289,0.2984126984126984,0.3859649122807018
foundation_backbone,mae_flatten,logreg,95,3,39,ok,,0.358974358974359,0.2478273058592655,0.23580246913580247,0.3145363408521303
foundation_backbone,mae_flatten,xgboost,95,3,39,ok,,0.15384615384615385,0.08888888888888889,0.05128205128205129,0.3333333333333333
foundation_backbone,mae_flatten,svm,96,3,39,ok,,0.2564102564102564,0.20313725490196077,0.1675438596491228,0.2698412698412698
foundation_backbone,mae_flatten,logreg,96,3,39,ok,,0.2564102564102564,0.20313725490196077,0.1675438596491228,0.2698412698412698
foundation_backbone,mae_flatten,xgboost,96,3,39,ok,,0.15384615384615385,0.08888888888888889,0.05128205128205129,0.3333333333333333
foundation_backbone,mae_flatten,svm,97,3,39,ok,,0.48717948717948717,0.39740740740740743,0.539426523297491,0.4590643274853801
foundation_backbone,mae_flatten,logreg,97,3,39,ok,,0.5641025641025641,0.4718951499859827,0.5728395061728394,0.5116959064327485
foundation_backbone,mae_flatten,xgboost,97,3,39,ok,,0.15384615384615385,0.08888888888888889,0.05128205128205129,0.3333333333333333
foundation_backbone,mae_flatten,svm,98,3,39,ok,,0.38461538461538464,0.3846153846153846,0.5111111111111111,0.4402673350041771
foundation_backbone,mae_flatten,logreg,98,3,39,ok,,0.38461538461538464,0.3846153846153846,0.5111111111111111,0.4402673350041771
foundation_backbone,mae_flatten,xgboost,98,3,39,ok,,0.15384615384615385,0.08888888888888889,0.05128205128205129,0.3333333333333333
foundation_backbone,mae_flatten,svm,99,3,39,ok,,0.5641025641025641,0.47814877696032193,0.4981080151358788,0.4803675856307435
foundation_backbone,mae_flatten,logreg,99,3,39,ok,,0.5641025641025641,0.47814877696032193,0.4981080151358788,0.4803675856307435
foundation_backbone,mae_flatten,xgboost,99,3,39,ok,,0.15384615384615385,0.08888888888888889,0.05128205128205129,0.3333333333333333
foundation_backbone,mae_flatten,svm,100,3,39,ok,,0.38461538461538464,0.37125097125097123,0.4340909090909091,0.434001670843776
foundation_backbone,mae_flatten,logreg,100,3,39,ok,,0.41025641025641024,0.4016858237547893,0.4701754385964912,0.45781119465329984
foundation_backbone,mae_flatten,xgboost,100,3,39,ok,,0.15384615384615385,0.08888888888888889,0.05128205128205129,0.3333333333333333
prototype_head,mae_embeddings,prototype_mahalanobis_support_anova,1,3,39,ok,,0.4358974358974359,0.3686868686868687,0.4777777777777778,0.45572263993316625
prototype_head,mae_embeddings,prototype_mahalanobis_support_anova,2,3,39,ok,,0.46153846153846156,0.39074636946977376,0.7313131313131312,0.4352548036758563
prototype_head,mae_embeddings,prototype_mahalanobis_support_anova,3,3,39,ok,,0.2564102564102564,0.25114638447971777,0.4801587301587302,0.3525480367585631
prototype_head,mae_embeddings,prototype_mahalanobis_support_anova,4,3,39,ok,,0.5128205128205128,0.4739926739926739,0.4702380952380952,0.48329156223893066
prototype_head,mae_embeddings,prototype_mahalanobis_support_anova,5,3,39,ok,,0.3333333333333333,0.29517314172045633,0.4222222222222222,0.3224728487886383
prototype_head,mae_embeddings,prototype_mahalanobis_support_anova,6,3,39,ok,,0.28205128205128205,0.25794871794871793,0.26406926406926406,0.2560568086883876
prototype_head,mae_embeddings,prototype_mahalanobis_support_anova,7,3,39,ok,,0.41025641025641024,0.4003382923922654,0.4640522875816993,0.38137009189640764
prototype_head,mae_embeddings,prototype_mahalanobis_support_anova,8,3,39,ok,,0.46153846153846156,0.3766233766233766,0.7999999999999999,0.44152046783625726
prototype_head,mae_embeddings,prototype_mahalanobis_support_anova,9,3,39,ok,,0.4358974358974359,0.43333333333333335,0.5306397306397307,0.3926482873851295
prototype_head,mae_embeddings,prototype_mahalanobis_support_anova,10,3,39,ok,,0.2564102564102564,0.1992063492063492,0.16137566137566137,0.2698412698412698
prototype_head,mae_embeddings,prototype_mahalanobis_support_anova,11,3,39,ok,,0.5641025641025641,0.49632628579997,0.5396825396825397,0.5497076023391813
prototype_head,mae_embeddings,prototype_mahalanobis_support_anova,12,3,39,ok,,0.46153846153846156,0.4358060240413182,0.6012121212121212,0.5367585630743524
prototype_head,mae_embeddings,prototype_mahalanobis_support_anova,13,3,39,ok,,0.28205128205128205,0.282512077294686,0.38888888888888884,0.3638262322472849
prototype_head,mae_embeddings,prototype_mahalanobis_support_anova,14,3,39,ok,,0.4358974358974359,0.3567447045707916,0.2886904761904762,0.5
prototype_head,mae_embeddings,prototype_mahalanobis_support_anova,15,3,39,ok,,0.358974358974359,0.35802469135802467,0.44682539682539685,0.4227234753550542
prototype_head,mae_embeddings,prototype_mahalanobis_support_anova,16,3,39,ok,,0.3076923076923077,0.27308802308802305,0.5097465886939571,0.30492898913951544
prototype_head,mae_embeddings,prototype_mahalanobis_support_anova,17,3,39,ok,,0.46153846153846156,0.4053215077605321,0.49382716049382713,0.5112781954887219
prototype_head,mae_embeddings,prototype_mahalanobis_support_anova,18,3,39,ok,,0.5641025641025641,0.5617794486215538,0.5900641025641026,0.5944026733500417
prototype_head,mae_embeddings,prototype_mahalanobis_support_anova,19,3,39,ok,,0.46153846153846156,0.3695652173913044,0.5125000000000001,0.44152046783625726
prototype_head,mae_embeddings,prototype_mahalanobis_support_anova,20,3,39,ok,,0.5641025641025641,0.48403058929374715,0.488914594177752,0.4803675856307435
prototype_head,mae_embeddings,prototype_mahalanobis_support_anova,21,3,39,ok,,0.46153846153846156,0.3478991596638655,0.3428571428571428,0.37218045112781956
prototype_head,mae_embeddings,prototype_mahalanobis_support_anova,22,3,39,ok,,0.2564102564102564,0.23535353535353534,0.525,0.4223057644110275
prototype_head,mae_embeddings,prototype_mahalanobis_support_anova,23,3,39,ok,,0.5384615384615384,0.4802582683017465,0.62,0.5701754385964912
prototype_head,mae_embeddings,prototype_mahalanobis_support_anova,24,3,39,ok,,0.3333333333333333,0.33458002181704843,0.4431372549019608,0.41144527986633245
prototype_head,mae_embeddings,prototype_mahalanobis_support_anova,25,3,39,ok,,0.46153846153846156,0.3688714153561517,0.5580808080808081,0.44152046783625726
prototype_head,mae_embeddings,prototype_mahalanobis_support_anova,26,3,39,ok,,0.358974358974359,0.35802469135802467,0.44682539682539685,0.4227234753550542
prototype_head,mae_embeddings,prototype_mahalanobis_support_anova,27,3,39,ok,,0.4358974358974359,0.33201058201058203,0.5816993464052288,0.4239766081871345
prototype_head,mae_embeddings,prototype_mahalanobis_support_anova,28,3,39,ok,,0.38461538461538464,0.2747252747252747,0.456140350877193,0.3888888888888889
prototype_head,mae_embeddings,prototype_mahalanobis_support_anova,29,3,39,ok,,0.38461538461538464,0.3813741277509393,0.4708994708994709,0.4402673350041771
prototype_head,mae_embeddings,prototype_mahalanobis_support_anova,30,3,39,ok,,0.41025641025641024,0.34057971014492755,0.4916666666666667,0.3939014202172097
prototype_head,mae_embeddings,prototype_mahalanobis_support_anova,31,3,39,ok,,0.5641025641025641,0.47814877696032193,0.4981080151358788,0.4803675856307435
prototype_head,mae_embeddings,prototype_mahalanobis_support_anova,32,3,39,ok,,0.5128205128205128,0.47018128566378836,0.6188271604938271,0.5463659147869674
prototype_head,mae_embeddings,prototype_mahalanobis_support_anova,33,3,39,ok,,0.5128205128205128,0.45780100658149436,0.6395061728395062,0.5906432748538012
prototype_head,mae_embeddings,prototype_mahalanobis_support_anova,34,3,39,ok,,0.358974358974359,0.3573789173789174,0.43128654970760233,0.4227234753550542
prototype_head,mae_embeddings,prototype_mahalanobis_support_anova,35,3,39,ok,,0.38461538461538464,0.3857142857142857,0.47545631756158074,0.3575605680868839
prototype_head,mae_embeddings,prototype_mahalanobis_support_anova,36,3,39,ok,,0.3333333333333333,0.29517314172045633,0.4222222222222222,0.3224728487886383
prototype_head,mae_embeddings,prototype_mahalanobis_support_anova,37,3,39,ok,,0.38461538461538464,0.3803418803418803,0.45925925925925926,0.4402673350041771
prototype_head,mae_embeddings,prototype_mahalanobis_support_anova,38,3,39,ok,,0.28205128205128205,0.23374741200828156,0.4957983193277311,0.2873851294903927
prototype_head,mae_embeddings,prototype_mahalanobis_support_anova,39,3,39,ok,,0.3076923076923077,0.2682828282828283,0.2606516290726817,0.3625730994152046
prototype_head,mae_embeddings,prototype_mahalanobis_support_anova,40,3,39,ok,,0.358974358974359,0.35802469135802467,0.44682539682539685,0.4227234753550542
prototype_head,mae_embeddings,prototype_mahalanobis_support_anova,41,3,39,ok,,0.4358974358974359,0.33201058201058203,0.5816993464052288,0.4239766081871345
prototype_head,mae_embeddings,prototype_mahalanobis_support_anova,42,3,39,ok,,0.4358974358974359,0.33201058201058203,0.5816993464052288,0.4239766081871345
prototype_head,mae_embeddings,prototype_mahalanobis_support_anova,43,3,39,ok,,0.4358974358974359,0.3686868686868687,0.4777777777777778,0.45572263993316625
prototype_head,mae_embeddings,prototype_mahalanobis_support_anova,44,3,39,ok,,0.6153846153846154,0.5839506172839506,0.5832076420311715,0.5977443609022557
prototype_head,mae_embeddings,prototype_mahalanobis_support_anova,45,3,39,ok,,0.48717948717948717,0.4504026439510311,0.45028011204481794,0.46574770258980785
prototype_head,mae_embeddings,prototype_mahalanobis_support_anova,46,3,39,ok,,0.41025641025641024,0.3405026210299105,0.42063492063492064,0.33751044277360065
prototype_head,mae_embeddings,prototype_mahalanobis_support_anova,47,3,39,ok,,0.46153846153846156,0.39074636946977376,0.7313131313131312,0.4352548036758563
prototype_head,mae_embeddings,prototype_mahalanobis_support_anova,48,3,39,ok,,0.6410256410256411,0.6272331154684097,0.6399286987522282,0.6532999164578112
prototype_head,mae_embeddings,prototype_mahalanobis_support_anova,49,3,39,ok,,0.3076923076923077,0.30043290043290044,0.5451559934318555,0.4573934837092732
prototype_head,mae_embeddings,prototype_mahalanobis_support_anova,50,3,39,ok,,0.3076923076923077,0.2641802641802642,0.2571428571428571,0.3625730994152046
prototype_head,mae_embeddings,prototype_mahalanobis_support_anova,51,3,39,ok,,0.28205128205128205,0.23030303030303031,0.49053030303030304,0.2873851294903927
prototype_head,mae_embeddings,prototype_mahalanobis_support_anova,52,3,39,ok,,0.46153846153846156,0.39074636946977376,0.7313131313131312,0.4352548036758563
prototype_head,mae_embeddings,prototype_mahalanobis_support_anova,53,3,39,ok,,0.48717948717948717,0.4504026439510311,0.45028011204481794,0.46574770258980785
prototype_head,mae_embeddings,prototype_mahalanobis_support_anova,54,3,39,ok,,0.41025641025641024,0.36735377911848505,0.46349206349206346,0.37510442773600666
prototype_head,mae_embeddings,prototype_mahalanobis_support_anova,55,3,39,ok,,0.46153846153846156,0.39074636946977376,0.7313131313131312,0.4352548036758563
prototype_head,mae_embeddings,prototype_mahalanobis_support_anova,56,3,39,ok,,0.358974358974359,0.31125205543810197,0.325,0.30868838763575607
prototype_head,mae_embeddings,prototype_mahalanobis_support_anova,57,3,39,ok,,0.2564102564102564,0.25423150423150426,0.32943469785575047,0.23851294903926482
prototype_head,mae_embeddings,prototype_mahalanobis_support_anova,58,3,39,ok,,0.4358974358974359,0.38234519104084325,0.5243055555555555,0.45572263993316625
prototype_head,mae_embeddings,prototype_mahalanobis_support_anova,59,3,39,ok,,0.38461538461538464,0.3647791488870949,0.4388888888888889,0.4398496240601504
prototype_head,mae_embeddings,prototype_mahalanobis_support_anova,60,3,39,ok,,0.6410256410256411,0.6271929824561403,0.643859649122807,0.6470342522974102
prototype_head,mae_embeddings,prototype_mahalanobis_support_anova,61,3,39,ok,,0.2564102564102564,0.20313725490196077,0.1675438596491228,0.2698412698412698
prototype_head,mae_embeddings,prototype_mahalanobis_support_anova,62,3,39,ok,,0.3333333333333333,0.2945868945868946,0.322020202020202,0.3224728487886383
prototype_head,mae_embeddings,prototype_mahalanobis_support_anova,63,3,39,ok,,0.3333333333333333,0.3346628679962014,0.45238095238095233,0.40517961570593153
prototype_head,mae_embeddings,prototype_mahalanobis_support_anova,64,3,39,ok,,0.4358974358974359,0.33201058201058203,0.5816993464052288,0.4239766081871345
prototype_head,mae_embeddings,prototype_mahalanobis_support_anova,65,3,39,ok,,0.6153846153846154,0.5838596491228071,0.5943646996278575,0.5914786967418547
prototype_head,mae_embeddings,prototype_mahalanobis_support_anova,66,3,39,ok,,0.41025641025641024,0.391350584898972,0.4595238095238095,0.45154553049289886
prototype_head,mae_embeddings,prototype_mahalanobis_support_anova,67,3,39,ok,,0.5641025641025641,0.481359649122807,0.543859649122807,0.4803675856307435
prototype_head,mae_embeddings,prototype_mahalanobis_support_anova,68,3,39,ok,,0.358974358974359,0.3562013295346629,0.43421052631578944,0.34001670843776105
prototype_head,mae_embeddings,prototype_mahalanobis_support_anova,69,3,39,ok,,0.5384615384615384,0.4597722722722723,0.48148148148148145,0.46282372598162075
prototype_head,mae_embeddings,prototype_mahalanobis_support_anova,70,3,39,ok,,0.4358974358974359,0.34347158218125956,0.36507936507936506,0.3546365914786967
prototype_head,mae_embeddings,prototype_mahalanobis_support_anova,71,3,39,ok,,0.6410256410256411,0.6282586261049041,0.6650717703349281,0.6470342522974102
prototype_head,mae_embeddings,prototype_mahalanobis_support_anova,72,3,39,ok,,0.38461538461538464,0.3803418803418803,0.45925925925925926,0.4402673350041771
prototype_head,mae_embeddings,prototype_mahalanobis_support_anova,73,3,39,ok,,0.4358974358974359,0.29397734048896845,0.30377668308702793,0.3859649122807018
prototype_head,mae_embeddings,prototype_mahalanobis_support_anova,74,3,39,ok,,0.38461538461538464,0.3808926875593542,0.4758771929824561,0.3575605680868839
prototype_head,mae_embeddings,prototype_mahalanobis_support_anova,75,3,39,ok,,0.6153846153846154,0.5841526894158473,0.5855263157894737,0.5914786967418547
prototype_head,mae_embeddings,prototype_mahalanobis_support_anova,76,3,39,ok,,0.5641025641025641,0.47814877696032193,0.4981080151358788,0.4803675856307435
prototype_head,mae_embeddings,prototype_mahalanobis_support_anova,77,3,39,ok,,0.41025641025641024,0.311577964519141,0.7927927927927928,0.4064327485380117
prototype_head,mae_embeddings,prototype_mahalanobis_support_anova,78,3,39,ok,,0.38461538461538464,0.3857142857142857,0.47545631756158074,0.3575605680868839
prototype_head,mae_embeddings,prototype_mahalanobis_support_anova,79,3,39,ok,,0.5384615384615384,0.4597722722722723,0.48148148148148145,0.46282372598162075
prototype_head,mae_embeddings,prototype_mahalanobis_support_anova,80,3,39,ok,,0.5384615384615384,0.4597722722722723,0.48148148148148145,0.46282372598162075
prototype_head,mae_embeddings,prototype_mahalanobis_support_anova,81,3,39,ok,,0.20512820512820512,0.18209876543209877,0.13756613756613756,0.31746031746031744
prototype_head,mae_embeddings,prototype_mahalanobis_support_anova,82,3,39,ok,,0.20512820512820512,0.24517060000930968,0.222953216374269,0.27944862155388467
prototype_head,mae_embeddings,prototype_mahalanobis_support_anova,83,3,39,ok,,0.3076923076923077,0.2689481589737344,0.5029411764705882,0.30492898913951544
prototype_head,mae_embeddings,prototype_mahalanobis_support_anova,84,3,39,ok,,0.4358974358974359,0.3531270148291425,0.6080808080808081,0.4619883040935672
prototype_head,mae_embeddings,prototype_mahalanobis_support_anova,85,3,39,ok,,0.5641025641025641,0.5617794486215538,0.5900641025641026,0.5944026733500417
prototype_head,mae_embeddings,prototype_mahalanobis_support_anova,86,3,39,ok,,0.2564102564102564,0.25114638447971777,0.4801587301587302,0.3525480367585631
prototype_head,mae_embeddings,prototype_mahalanobis_support_anova,87,3,39,ok,,0.5384615384615384,0.5447164372995575,0.6,0.5768588137009188
prototype_head,mae_embeddings,prototype_mahalanobis_support_anova,88,3,39,ok,,0.6410256410256411,0.6282586261049041,0.6650717703349281,0.6470342522974102
prototype_head,mae_embeddings,prototype_mahalanobis_support_anova,89,3,39,ok,,0.41025641025641024,0.35587975243147657,0.38398268398268404,0.37510442773600666
prototype_head,mae_embeddings,prototype_mahalanobis_support_anova,90,3,39,ok,,0.6410256410256411,0.5391405342624855,0.7481060606060606,0.5329991645781119
prototype_head,mae_embeddings,prototype_mahalanobis_support_anova,91,3,39,ok,,0.2564102564102564,0.25423150423150426,0.32943469785575047,0.23851294903926482
prototype_head,mae_embeddings,prototype_mahalanobis_support_anova,92,3,39,ok,,0.3076923076923077,0.27308802308802305,0.5097465886939571,0.30492898913951544
prototype_head,mae_embeddings,prototype_mahalanobis_support_anova,93,3,39,ok,,0.41025641025641024,0.3997889010676734,0.5555555555555555,0.48287385129490384
prototype_head,mae_embeddings,prototype_mahalanobis_support_anova,94,3,39,ok,,0.48717948717948717,0.452975234758916,0.44948646125116715,0.46574770258980785
prototype_head,mae_embeddings,prototype_mahalanobis_support_anova,95,3,39,ok,,0.3333333333333333,0.2945868945868946,0.322020202020202,0.3224728487886383
prototype_head,mae_embeddings,prototype_mahalanobis_support_anova,96,3,39,ok,,0.2564102564102564,0.20313725490196077,0.1675438596491228,0.2698412698412698
prototype_head,mae_embeddings,prototype_mahalanobis_support_anova,97,3,39,ok,,0.46153846153846156,0.3695652173913044,0.5125000000000001,0.44152046783625726
prototype_head,mae_embeddings,prototype_mahalanobis_support_anova,98,3,39,ok,,0.3076923076923077,0.30997150997150996,0.4213675213675214,0.38137009189640764
prototype_head,mae_embeddings,prototype_mahalanobis_support_anova,99,3,39,ok,,0.5641025641025641,0.47814877696032193,0.4981080151358788,0.4803675856307435
prototype_head,mae_embeddings,prototype_mahalanobis_support_anova,100,3,39,ok,,0.3076923076923077,0.2682828282828283,0.2606516290726817,0.3625730994152046
direct_binned,bins1024_auc,svm,1,3,39,ok,,0.5128205128205128,0.49785340107920756,0.5172735760971054,0.6098579782790309
direct_binned,bins1024_auc,logreg,1,3,39,ok,,0.5128205128205128,0.5201532567049808,0.5719298245614035,0.6290726817042607
direct_binned,bins1024_auc,xgboost,1,3,39,ok,,0.15384615384615385,0.08888888888888889,0.05128205128205129,0.3333333333333333
direct_binned,bins1024_auc,svm,2,3,39,ok,,0.4358974358974359,0.3433048433048433,0.5791090629800307,0.4619883040935672
direct_binned,bins1024_auc,logreg,2,3,39,ok,,0.4358974358974359,0.3531270148291425,0.6080808080808081,0.4619883040935672
direct_binned,bins1024_auc,xgboost,2,3,39,ok,,0.15384615384615385,0.08888888888888889,0.05128205128205129,0.3333333333333333
direct_binned,bins1024_auc,svm,3,3,39,ok,,0.23076923076923078,0.20306513409961688,0.15833333333333333,0.373015873015873
direct_binned,bins1024_auc,logreg,3,3,39,ok,,0.23076923076923078,0.20276497695852536,0.1619047619047619,0.373015873015873
direct_binned,bins1024_auc,xgboost,3,3,39,ok,,0.15384615384615385,0.08888888888888889,0.05128205128205129,0.3333333333333333
direct_binned,bins1024_auc,svm,4,3,39,ok,,0.4358974358974359,0.3761528326745718,0.4444444444444445,0.45572263993316625
direct_binned,bins1024_auc,logreg,4,3,39,ok,,0.46153846153846156,0.3892255892255892,0.5060931899641578,0.4795321637426901
direct_binned,bins1024_auc,xgboost,4,3,39,ok,,0.15384615384615385,0.08888888888888889,0.05128205128205129,0.3333333333333333
direct_binned,bins1024_auc,svm,5,3,39,ok,,0.28205128205128205,0.21586575133485889,0.2916666666666667,0.2493734335839599
direct_binned,bins1024_auc,logreg,5,3,39,ok,,0.3076923076923077,0.2637806637806637,0.38730158730158726,0.30492898913951544
direct_binned,bins1024_auc,xgboost,5,3,39,ok,,0.15384615384615385,0.08888888888888889,0.05128205128205129,0.3333333333333333
direct_binned,bins1024_auc,svm,6,3,39,ok,,0.4358974358974359,0.36904761904761907,0.40740740740740744,0.37343358395989973
direct_binned,bins1024_auc,logreg,6,3,39,ok,,0.46153846153846156,0.4000000000000001,0.4318181818181818,0.39097744360902253
direct_binned,bins1024_auc,xgboost,6,3,39,ok,,0.15384615384615385,0.08888888888888889,0.05128205128205129,0.3333333333333333
direct_binned,bins1024_auc,svm,7,3,39,ok,,0.4358974358974359,0.3886328725038402,0.43253968253968256,0.3609022556390977
direct_binned,bins1024_auc,logreg,7,3,39,ok,,0.48717948717948717,0.41720430107526885,0.4444444444444445,0.40852130325814534
direct_binned,bins1024_auc,xgboost,7,3,39,ok,,0.15384615384615385,0.08888888888888889,0.05128205128205129,0.3333333333333333
direct_binned,bins1024_auc,svm,8,3,39,ok,,0.41025641025641024,0.3238095238095238,0.3,0.4444444444444444
direct_binned,bins1024_auc,logreg,8,3,39,ok,,0.41025641025641024,0.3238095238095238,0.3,0.4444444444444444
direct_binned,bins1024_auc,xgboost,8,3,39,ok,,0.15384615384615385,0.08888888888888889,0.05128205128205129,0.3333333333333333
direct_binned,bins1024_auc,svm,9,3,39,ok,,0.38461538461538464,0.3333333333333333,0.4365079365079365,0.2944862155388471
direct_binned,bins1024_auc,logreg,9,3,39,ok,,0.48717948717948717,0.4025974025974026,0.46557971014492755,0.37719298245614036
direct_binned,bins1024_auc,xgboost,9,3,39,ok,,0.15384615384615385,0.08888888888888889,0.05128205128205129,0.3333333333333333
direct_binned,bins1024_auc,svm,10,3,39,ok,,0.28205128205128205,0.23203463203463204,0.36507936507936506,0.2493734335839599
direct_binned,bins1024_auc,logreg,10,3,39,ok,,0.28205128205128205,0.2370766488413547,0.37222222222222223,0.2493734335839599
direct_binned,bins1024_auc,xgboost,10,3,39,ok,,0.15384615384615385,0.08888888888888889,0.05128205128205129,0.3333333333333333
direct_binned,bins1024_auc,svm,11,3,39,ok,,0.46153846153846156,0.45173020527859237,0.5285087719298246,0.49916457811194653
direct_binned,bins1024_auc,logreg,11,3,39,ok,,0.358974358974359,0.3399072393627747,0.4337285902503294,0.4101921470342522
direct_binned,bins1024_auc,xgboost,11,3,39,ok,,0.15384615384615385,0.08888888888888889,0.05128205128205129,0.3333333333333333
direct_binned,bins1024_auc,svm,12,3,39,ok,,0.1794871794871795,0.1538911381016644,0.4505050505050505,0.31913116123642443
direct_binned,bins1024_auc,logreg,12,3,39,ok,,0.23076923076923078,0.21552795031055902,0.5019157088122606,0.366750208855472
direct_binned,bins1024_auc,xgboost,12,3,39,ok,,0.15384615384615385,0.08888888888888889,0.05128205128205129,0.3333333333333333
direct_binned,bins1024_auc,svm,13,3,39,ok,,0.3076923076923077,0.301010101010101,0.4506172839506173,0.41311612364243944
direct_binned,bins1024_auc,logreg,13,3,39,ok,,0.3333333333333333,0.32369673748984096,0.4057971014492754,0.43065998329156224
direct_binned,bins1024_auc,xgboost,13,3,39,ok,,0.15384615384615385,0.08888888888888889,0.05128205128205129,0.3333333333333333
direct_binned,bins1024_auc,svm,14,3,39,ok,,0.41025641025641024,0.3054626532887403,0.24107142857142858,0.4444444444444444
direct_binned,bins1024_auc,logreg,14,3,39,ok,,0.41025641025641024,0.3054626532887403,0.24107142857142858,0.4444444444444444
direct_binned,bins1024_auc,xgboost,14,3,39,ok,,0.15384615384615385,0.08888888888888889,0.05128205128205129,0.3333333333333333
direct_binned,bins1024_auc,svm,15,3,39,ok,,0.358974358974359,0.3425204960243892,0.4666666666666666,0.448203842940685
direct_binned,bins1024_auc,logreg,15,3,39,ok,,0.3333333333333333,0.31998386771526516,0.4222222222222222,0.3926482873851294
direct_binned,bins1024_auc,xgboost,15,3,39,ok,,0.15384615384615385,0.08888888888888889,0.05128205128205129,0.3333333333333333
direct_binned,bins1024_auc,svm,16,3,39,ok,,0.5128205128205128,0.47519933726830277,0.47407407407407404,0.47702589807852963
direct_binned,bins1024_auc,logreg,16,3,39,ok,,0.48717948717948717,0.3669467787114846,0.35833333333333334,0.38972431077694236
direct_binned,bins1024_auc,xgboost,16,3,39,ok,,0.15384615384615385,0.08888888888888889,0.05128205128205129,0.3333333333333333
direct_binned,bins1024_auc,svm,17,3,39,ok,,0.4358974358974359,0.423992673992674,0.5047619047619047,0.5129490392648287
direct_binned,bins1024_auc,logreg,17,3,39,ok,,0.4358974358974359,0.423992673992674,0.5047619047619047,0.5129490392648287
direct_binned,bins1024_auc,xgboost,17,3,39,ok,,0.15384615384615385,0.08888888888888889,0.05128205128205129,0.3333333333333333
direct_binned,bins1024_auc,svm,18,3,39,ok,,0.46153846153846156,0.34684684684684686,0.35005574136008916,0.3784461152882206
direct_binned,bins1024_auc,logreg,18,3,39,ok,,0.4358974358974359,0.33612923268095685,0.35942028985507246,0.36716791979949875
direct_binned,bins1024_auc,xgboost,18,3,39,ok,,0.15384615384615385,0.08888888888888889,0.05128205128205129,0.3333333333333333
direct_binned,bins1024_auc,svm,19,3,39,ok,,0.48717948717948717,0.4695156695156695,0.5507070707070706,0.4782790309106099
direct_binned,bins1024_auc,logreg,19,3,39,ok,,0.6153846153846154,0.5703306168422447,0.6388888888888888,0.5472013366750209
direct_binned,bins1024_auc,xgboost,19,3,39,ok,,0.15384615384615385,0.08888888888888889,0.05128205128205129,0.3333333333333333
direct_binned,bins1024_auc,svm,20,3,39,ok,,0.46153846153846156,0.34684684684684686,0.35005574136008916,0.3784461152882206
direct_binned,bins1024_auc,logreg,20,3,39,ok,,0.4358974358974359,0.32596522251694665,0.3466666666666667,0.36716791979949875
direct_binned,bins1024_auc,xgboost,20,3,39,ok,,0.15384615384615385,0.08888888888888889,0.05128205128205129,0.3333333333333333
direct_binned,bins1024_auc,svm,21,3,39,ok,,0.48717948717948717,0.45104895104895104,0.45826103720840566,0.46574770258980785
direct_binned,bins1024_auc,logreg,21,3,39,ok,,0.4358974358974359,0.34851359898798223,0.37222222222222223,0.3546365914786967
direct_binned,bins1024_auc,xgboost,21,3,39,ok,,0.15384615384615385,0.08888888888888889,0.05128205128205129,0.3333333333333333
direct_binned,bins1024_auc,svm,22,3,39,ok,,0.28205128205128205,0.25474583895636527,0.25476190476190474,0.3132832080200501
direct_binned,bins1024_auc,logreg,22,3,39,ok,,0.20512820512820512,0.18771929824561404,0.1908939014202172,0.22263993316624894
direct_binned,bins1024_auc,xgboost,22,3,39,ok,,0.15384615384615385,0.08888888888888889,0.05128205128205129,0.3333333333333333
direct_binned,bins1024_auc,svm,23,3,39,ok,,0.358974358974359,0.3425204960243892,0.4666666666666666,0.448203842940685
direct_binned,bins1024_auc,logreg,23,3,39,ok,,0.38461538461538464,0.37945670628183353,0.525925925925926,0.47201336675020883
direct_binned,bins1024_auc,xgboost,23,3,39,ok,,0.15384615384615385,0.08888888888888889,0.05128205128205129,0.3333333333333333
direct_binned,bins1024_auc,svm,24,3,39,ok,,0.1794871794871795,0.1796641361858753,0.26190476190476186,0.2493734335839599
direct_binned,bins1024_auc,logreg,24,3,39,ok,,0.23076923076923078,0.22983682983682985,0.3513888888888889,0.3287385129490393
direct_binned,bins1024_auc,xgboost,24,3,39,ok,,0.15384615384615385,0.08888888888888889,0.05128205128205129,0.3333333333333333
direct_binned,bins1024_auc,svm,25,3,39,ok,,0.5384615384615384,0.45514950166112955,0.7164750957854406,0.49415204678362573
direct_binned,bins1024_auc,logreg,25,3,39,ok,,0.5897435897435898,0.5086996336996337,0.7185185185185187,0.5041771094402673
direct_binned,bins1024_auc,xgboost,25,3,39,ok,,0.15384615384615385,0.08888888888888889,0.05128205128205129,0.3333333333333333
direct_binned,bins1024_auc,svm,26,3,39,ok,,0.3333333333333333,0.31768501714055253,0.4034255599472991,0.3926482873851294
direct_binned,bins1024_auc,logreg,26,3,39,ok,,0.3076923076923077,0.29666119321291734,0.3558441558441558,0.37510442773600666
direct_binned,bins1024_auc,xgboost,26,3,39,ok,,0.15384615384615385,0.08888888888888889,0.05128205128205129,0.3333333333333333
direct_binned,bins1024_auc,svm,27,3,39,ok,,0.4358974358974359,0.3889774942406521,0.38888888888888884,0.5254803675856308
direct_binned,bins1024_auc,logreg,27,3,39,ok,,0.46153846153846156,0.37579042457091233,0.2839506172839506,0.5555555555555555
direct_binned,bins1024_auc,xgboost,27,3,39,ok,,0.15384615384615385,0.08888888888888889,0.05128205128205129,0.3333333333333333
direct_binned,bins1024_auc,svm,28,3,39,ok,,0.41025641025641024,0.3496732026143791,0.4594594594594595,0.4444444444444444
direct_binned,bins1024_auc,logreg,28,3,39,ok,,0.41025641025641024,0.3496732026143791,0.4594594594594595,0.4444444444444444
direct_binned,bins1024_auc,xgboost,28,3,39,ok,,0.15384615384615385,0.08888888888888889,0.05128205128205129,0.3333333333333333
direct_binned,bins1024_auc,svm,29,3,39,ok,,0.358974358974359,0.3425204960243892,0.4666666666666666,0.448203842940685
direct_binned,bins1024_auc,logreg,29,3,39,ok,,0.358974358974359,0.3425204960243892,0.4666666666666666,0.448203842940685
direct_binned,bins1024_auc,xgboost,29,3,39,ok,,0.15384615384615385,0.08888888888888889,0.05128205128205129,0.3333333333333333
direct_binned,bins1024_auc,svm,30,3,39,ok,,0.5128205128205128,0.48533922218132747,0.5035666088297667,0.5781119465329991
direct_binned,bins1024_auc,logreg,30,3,39,ok,,0.48717948717948717,0.490636277302944,0.5507575757575758,0.6115288220551378
direct_binned,bins1024_auc,xgboost,30,3,39,ok,,0.15384615384615385,0.08888888888888889,0.05128205128205129,0.3333333333333333
direct_binned,bins1024_auc,svm,31,3,39,ok,,0.5128205128205128,0.4696969696969697,0.6555555555555556,0.5526315789473685
direct_binned,bins1024_auc,logreg,31,3,39,ok,,0.46153846153846156,0.3892255892255892,0.5060931899641578,0.4795321637426901
direct_binned,bins1024_auc,xgboost,31,3,39,ok,,0.15384615384615385,0.08888888888888889,0.05128205128205129,0.3333333333333333
direct_binned,bins1024_auc,svm,32,3,39,ok,,0.2564102564102564,0.24848780091746844,0.503968253968254,0.3842940685045948
direct_binned,bins1024_auc,logreg,32,3,39,ok,,0.2564102564102564,0.24101010101010104,0.5162738496071829,0.3905597326649959
direct_binned,bins1024_auc,xgboost,32,3,39,ok,,0.15384615384615385,0.08888888888888889,0.05128205128205129,0.3333333333333333
direct_binned,bins1024_auc,svm,33,3,39,ok,,0.3333333333333333,0.23678861788617886,0.18148148148148147,0.3412698412698412
direct_binned,bins1024_auc,logreg,33,3,39,ok,,0.3333333333333333,0.2321589882565492,0.17592592592592593,0.3412698412698412
direct_binned,bins1024_auc,xgboost,33,3,39,ok,,0.15384615384615385,0.08888888888888889,0.05128205128205129,0.3333333333333333
direct_binned,bins1024_auc,svm,34,3,39,ok,,0.3076923076923077,0.3063199040210534,0.5015873015873016,0.42564745196324144
direct_binned,bins1024_auc,logreg,34,3,39,ok,,0.28205128205128205,0.28147464729173877,0.4055555555555555,0.3700918964076858
direct_binned,bins1024_auc,xgboost,34,3,39,ok,,0.15384615384615385,0.08888888888888889,0.05128205128205129,0.3333333333333333
direct_binned,bins1024_auc,svm,35,3,39,ok,,0.41025641025641024,0.3680555555555555,0.4102564102564103,0.33709273182957394
direct_binned,bins1024_auc,logreg,35,3,39,ok,,0.46153846153846156,0.4033189033189033,0.42857142857142855,0.3847117794486215
direct_binned,bins1024_auc,xgboost,35,3,39,ok,,0.15384615384615385,0.08888888888888889,0.05128205128205129,0.3333333333333333
direct_binned,bins1024_auc,svm,36,3,39,ok,,0.28205128205128205,0.21586575133485889,0.2916666666666667,0.2493734335839599
direct_binned,bins1024_auc,logreg,36,3,39,ok,,0.3076923076923077,0.2637806637806637,0.38730158730158726,0.30492898913951544
direct_binned,bins1024_auc,xgboost,36,3,39,ok,,0.15384615384615385,0.08888888888888889,0.05128205128205129,0.3333333333333333
direct_binned,bins1024_auc,svm,37,3,39,ok,,0.28205128205128205,0.26166222006629475,0.3185185185185185,0.38930659983291566
direct_binned,bins1024_auc,logreg,37,3,39,ok,,0.3076923076923077,0.2814814814814815,0.351010101010101,0.36883876357560563
direct_binned,bins1024_auc,xgboost,37,3,39,ok,,0.15384615384615385,0.08888888888888889,0.05128205128205129,0.3333333333333333
direct_binned,bins1024_auc,svm,38,3,39,ok,,0.2564102564102564,0.18414918414918416,0.23111111111111113,0.23182957393483714
direct_binned,bins1024_auc,logreg,38,3,39,ok,,0.28205128205128205,0.21586575133485889,0.2916666666666667,0.2493734335839599
direct_binned,bins1024_auc,xgboost,38,3,39,ok,,0.15384615384615385,0.08888888888888889,0.05128205128205129,0.3333333333333333
direct_binned,bins1024_auc,svm,39,3,39,ok,,0.3333333333333333,0.3005198180636777,0.33528693528693526,0.38638262322472844
direct_binned,bins1024_auc,logreg,39,3,39,ok,,0.358974358974359,0.31947000368052997,0.34761904761904766,0.4039264828738513
direct_binned,bins1024_auc,xgboost,39,3,39,ok,,0.15384615384615385,0.08888888888888889,0.05128205128205129,0.3333333333333333
direct_binned,bins1024_auc,svm,40,3,39,ok,,0.4358974358974359,0.4283524904214559,0.4922558922558922,0.48162071846282367
direct_binned,bins1024_auc,logreg,40,3,39,ok,,0.38461538461538464,0.3589804858622063,0.4246031746031746,0.4277360066833751
direct_binned,bins1024_auc,xgboost,40,3,39,ok,,0.15384615384615385,0.08888888888888889,0.05128205128205129,0.3333333333333333
direct_binned,bins1024_auc,svm,41,3,39,ok,,0.4358974358974359,0.39229398052927467,0.39232323232323235,0.5254803675856308
direct_binned,bins1024_auc,logreg,41,3,39,ok,,0.46153846153846156,0.3790849673202614,0.2878787878787879,0.5555555555555555
direct_binned,bins1024_auc,xgboost,41,3,39,ok,,0.15384615384615385,0.08888888888888889,0.05128205128205129,0.3333333333333333
direct_binned,bins1024_auc,svm,42,3,39,ok,,0.5128205128205128,0.49603174603174605,0.5263157894736842,0.6478696741854636
direct_binned,bins1024_auc,logreg,42,3,39,ok,,0.5897435897435898,0.59386119257087,0.6199494949494949,0.68796992481203
direct_binned,bins1024_auc,xgboost,42,3,39,ok,,0.15384615384615385,0.08888888888888889,0.05128205128205129,0.3333333333333333
direct_binned,bins1024_auc,svm,43,3,39,ok,,0.5128205128205128,0.49785340107920756,0.5172735760971054,0.6098579782790309
direct_binned,bins1024_auc,logreg,43,3,39,ok,,0.5128205128205128,0.5201532567049808,0.5719298245614035,0.6290726817042607
direct_binned,bins1024_auc,xgboost,43,3,39,ok,,0.15384615384615385,0.08888888888888889,0.05128205128205129,0.3333333333333333
direct_binned,bins1024_auc,svm,44,3,39,ok,,0.4358974358974359,0.4193967442049284,0.43703703703703706,0.4753550543024227
direct_binned,bins1024_auc,logreg,44,3,39,ok,,0.358974358974359,0.35756460394141554,0.38795518207282914,0.4352548036758563
direct_binned,bins1024_auc,xgboost,44,3,39,ok,,0.15384615384615385,0.08888888888888889,0.05128205128205129,0.3333333333333333
direct_binned,bins1024_auc,svm,45,3,39,ok,,0.5384615384615384,0.5238651291782221,0.5193277310924369,0.5388471177944862
direct_binned,bins1024_auc,logreg,45,3,39,ok,,0.48717948717948717,0.47226890756302514,0.47348484848484845,0.5100250626566416
direct_binned,bins1024_auc,xgboost,45,3,39,ok,,0.15384615384615385,0.08888888888888889,0.05128205128205129,0.3333333333333333
direct_binned,bins1024_auc,svm,46,3,39,ok,,0.3333333333333333,0.3092235092235092,0.291005291005291,0.38638262322472844
direct_binned,bins1024_auc,logreg,46,3,39,ok,,0.358974358974359,0.3212121212121212,0.315359477124183,0.4039264828738513
direct_binned,bins1024_auc,xgboost,46,3,39,ok,,0.15384615384615385,0.08888888888888889,0.05128205128205129,0.3333333333333333
direct_binned,bins1024_auc,svm,47,3,39,ok,,0.4358974358974359,0.3473429951690821,0.5902777777777778,0.4619883040935672
direct_binned,bins1024_auc,logreg,47,3,39,ok,,0.4358974358974359,0.3652482269503546,0.3080808080808081,0.5
direct_binned,bins1024_auc,xgboost,47,3,39,ok,,0.15384615384615385,0.08888888888888889,0.05128205128205129,0.3333333333333333
direct_binned,bins1024_auc,svm,48,3,39,ok,,0.5128205128205128,0.37083333333333335,0.3717948717948718,0.4197994987468672
direct_binned,bins1024_auc,logreg,48,3,39,ok,,0.48717948717948717,0.35537634408602153,0.36324786324786323,0.4022556390977443
direct_binned,bins1024_auc,xgboost,48,3,39,ok,,0.15384615384615385,0.08888888888888889,0.05128205128205129,0.3333333333333333
direct_binned,bins1024_auc,svm,49,3,39,ok,,0.2564102564102564,0.23291451096329144,0.7238095238095239,0.40977443609022557
direct_binned,bins1024_auc,logreg,49,3,39,ok,,0.3076923076923077,0.3111202522967229,0.7272727272727272,0.4573934837092732
direct_binned,bins1024_auc,xgboost,49,3,39,ok,,0.15384615384615385,0.08888888888888889,0.05128205128205129,0.3333333333333333
direct_binned,bins1024_auc,svm,50,3,39,ok,,0.28205128205128205,0.2603750756200847,0.30645586297760213,0.3512949039264828
direct_binned,bins1024_auc,logreg,50,3,39,ok,,0.3333333333333333,0.3005198180636777,0.33528693528693526,0.38638262322472844
direct_binned,bins1024_auc,xgboost,50,3,39,ok,,0.15384615384615385,0.08888888888888889,0.05128205128205129,0.3333333333333333
direct_binned,bins1024_auc,svm,51,3,39,ok,,0.28205128205128205,0.2094017094017094,0.25333333333333335,0.2493734335839599
direct_binned,bins1024_auc,logreg,51,3,39,ok,,0.28205128205128205,0.2134502923976608,0.25833333333333336,0.2493734335839599
direct_binned,bins1024_auc,xgboost,51,3,39,ok,,0.15384615384615385,0.08888888888888889,0.05128205128205129,0.3333333333333333
direct_binned,bins1024_auc,svm,52,3,39,ok,,0.41025641025641024,0.309692671394799,0.25252525252525254,0.4444444444444444
direct_binned,bins1024_auc,logreg,52,3,39,ok,,0.41025641025641024,0.3156565656565657,0.27058823529411763,0.4444444444444444
direct_binned,bins1024_auc,xgboost,52,3,39,ok,,0.15384615384615385,0.08888888888888889,0.05128205128205129,0.3333333333333333
direct_binned,bins1024_auc,svm,53,3,39,ok,,0.5384615384615384,0.5238651291782221,0.5193277310924369,0.5388471177944862
direct_binned,bins1024_auc,logreg,53,3,39,ok,,0.4358974358974359,0.42328042328042326,0.4246632996632997,0.47493734335839594
direct_binned,bins1024_auc,xgboost,53,3,39,ok,,0.15384615384615385,0.08888888888888889,0.05128205128205129,0.3333333333333333
direct_binned,bins1024_auc,svm,54,3,39,ok,,0.3333333333333333,0.28615572093832964,0.40821256038647347,0.3224728487886383
direct_binned,bins1024_auc,logreg,54,3,39,ok,,0.3333333333333333,0.2909090909090909,0.4935064935064935,0.3224728487886383
direct_binned,bins1024_auc,xgboost,54,3,39,ok,,0.15384615384615385,0.08888888888888889,0.05128205128205129,0.3333333333333333
direct_binned,bins1024_auc,svm,55,3,39,ok,,0.4358974358974359,0.3503875968992249,0.2720306513409962,0.5
direct_binned,bins1024_auc,logreg,55,3,39,ok,,0.4358974358974359,0.34545454545454546,0.26666666666666666,0.5
direct_binned,bins1024_auc,xgboost,55,3,39,ok,,0.15384615384615385,0.08888888888888889,0.05128205128205129,0.3333333333333333
direct_binned,bins1024_auc,svm,56,3,39,ok,,0.28205128205128205,0.23514211886304906,0.24801587301587302,0.24352548036758562
direct_binned,bins1024_auc,logreg,56,3,39,ok,,0.28205128205128205,0.23514211886304906,0.24801587301587302,0.24352548036758562
direct_binned,bins1024_auc,xgboost,56,3,39,ok,,0.15384615384615385,0.08888888888888889,0.05128205128205129,0.3333333333333333
direct_binned,bins1024_auc,svm,57,3,39,ok,,0.3076923076923077,0.33797313797313794,0.33035714285714285,0.3496240601503759
direct_binned,bins1024_auc,logreg,57,3,39,ok,,0.41025641025641024,0.41051282051282056,0.4069264069264069,0.4197994987468672
direct_binned,bins1024_auc,xgboost,57,3,39,ok,,0.15384615384615385,0.08888888888888889,0.05128205128205129,0.3333333333333333
direct_binned,bins1024_auc,svm,58,3,39,ok,,0.48717948717948717,0.477376696267251,0.5107376283846872,0.5860484544695072
direct_binned,bins1024_auc,logreg,58,3,39,ok,,0.48717948717948717,0.49382716049382713,0.5702380952380953,0.6115288220551378
direct_binned,bins1024_auc,xgboost,58,3,39,ok,,0.15384615384615385,0.08888888888888889,0.05128205128205129,0.3333333333333333
direct_binned,bins1024_auc,svm,59,3,39,ok,,0.41025641025641024,0.2979094076655053,0.3209876543209877,0.34962406015037595
direct_binned,bins1024_auc,logreg,59,3,39,ok,,0.46153846153846156,0.386737400530504,0.41,0.42898913951545525
direct_binned,bins1024_auc,xgboost,59,3,39,ok,,0.15384615384615385,0.08888888888888889,0.05128205128205129,0.3333333333333333
direct_binned,bins1024_auc,svm,60,3,39,ok,,0.20512820512820512,0.18579554308867072,0.2194989106753813,0.2159565580618212
direct_binned,bins1024_auc,logreg,60,3,39,ok,,0.20512820512820512,0.18579554308867072,0.2194989106753813,0.2159565580618212
direct_binned,bins1024_auc,xgboost,60,3,39,ok,,0.15384615384615385,0.08888888888888889,0.05128205128205129,0.3333333333333333
direct_binned,bins1024_auc,svm,61,3,39,ok,,0.2564102564102564,0.20313725490196077,0.1675438596491228,0.2698412698412698
direct_binned,bins1024_auc,logreg,61,3,39,ok,,0.2564102564102564,0.20313725490196077,0.1675438596491228,0.2698412698412698
direct_binned,bins1024_auc,xgboost,61,3,39,ok,,0.15384615384615385,0.08888888888888889,0.05128205128205129,0.3333333333333333
direct_binned,bins1024_auc,svm,62,3,39,ok,,0.3333333333333333,0.2531328320802005,0.27314814814814814,0.2844611528822055
direct_binned,bins1024_auc,logreg,62,3,39,ok,,0.41025641025641024,0.34693977797426073,0.34761904761904766,0.38763575605680867
direct_binned,bins1024_auc,xgboost,62,3,39,ok,,0.15384615384615385,0.08888888888888889,0.05128205128205129,0.3333333333333333
direct_binned,bins1024_auc,svm,63,3,39,ok,,0.3076923076923077,0.2841269841269841,0.32828282828282823,0.36883876357560563
direct_binned,bins1024_auc,logreg,63,3,39,ok,,0.3333333333333333,0.30370370370370375,0.3648989898989899,0.4243943191311612
direct_binned,bins1024_auc,xgboost,63,3,39,ok,,0.15384615384615385,0.08888888888888889,0.05128205128205129,0.3333333333333333
direct_binned,bins1024_auc,svm,64,3,39,ok,,0.4358974358974359,0.396969696969697,0.3982905982905984,0.5254803675856308
direct_binned,bins1024_auc,logreg,64,3,39,ok,,0.46153846153846156,0.38372093023255816,0.2942528735632184,0.5555555555555555
direct_binned,bins1024_auc,xgboost,64,3,39,ok,,0.15384615384615385,0.08888888888888889,0.05128205128205129,0.3333333333333333
direct_binned,bins1024_auc,svm,65,3,39,ok,,0.5384615384615384,0.5301547987616099,0.544988344988345,0.570593149540518
direct_binned,bins1024_auc,logreg,65,3,39,ok,,0.5128205128205128,0.5176873928627085,0.5591503267973856,0.5910609857978278
direct_binned,bins1024_auc,xgboost,65,3,39,ok,,0.15384615384615385,0.08888888888888889,0.05128205128205129,0.3333333333333333
direct_binned,bins1024_auc,svm,66,3,39,ok,,0.28205128205128205,0.2777197259955881,0.3768115942028986,0.31954887218045114
direct_binned,bins1024_auc,logreg,66,3,39,ok,,0.23076923076923078,0.2307692307692308,0.326984126984127,0.24644945697577278
direct_binned,bins1024_auc,xgboost,66,3,39,ok,,0.15384615384615385,0.08888888888888889,0.05128205128205129,0.3333333333333333
direct_binned,bins1024_auc,svm,67,3,39,ok,,0.5128205128205128,0.4914529914529915,0.5056277056277056,0.5781119465329991
direct_binned,bins1024_auc,logreg,67,3,39,ok,,0.48717948717948717,0.4858950031625553,0.4753787878787879,0.5417710944026733
direct_binned,bins1024_auc,xgboost,67,3,39,ok,,0.15384615384615385,0.08888888888888889,0.05128205128205129,0.3333333333333333
direct_binned,bins1024_auc,svm,68,3,39,ok,,0.38461538461538464,0.2740740740740741,0.27884615384615385,0.3383458646616541
direct_binned,bins1024_auc,logreg,68,3,39,ok,,0.46153846153846156,0.33042973286875726,0.345679012345679,0.39724310776942356
direct_binned,bins1024_auc,xgboost,68,3,39,ok,,0.15384615384615385,0.08888888888888889,0.05128205128205129,0.3333333333333333
direct_binned,bins1024_auc,svm,69,3,39,ok,,0.5384615384615384,0.5193277310924369,0.5125000000000001,0.5388471177944862
direct_binned,bins1024_auc,logreg,69,3,39,ok,,0.5641025641025641,0.5397290881161849,0.5353641456582633,0.56265664160401
direct_binned,bins1024_auc,xgboost,69,3,39,ok,,0.15384615384615385,0.08888888888888889,0.05128205128205129,0.3333333333333333
direct_binned,bins1024_auc,svm,70,3,39,ok,,0.46153846153846156,0.3478991596638655,0.3428571428571428,0.37218045112781956
direct_binned,bins1024_auc,logreg,70,3,39,ok,,0.46153846153846156,0.3532467532467532,0.35714285714285715,0.37218045112781956
direct_binned,bins1024_auc,xgboost,70,3,39,ok,,0.15384615384615385,0.08888888888888889,0.05128205128205129,0.3333333333333333
direct_binned,bins1024_auc,svm,71,3,39,ok,,0.4358974358974359,0.3333333333333333,0.34149184149184153,0.3546365914786967
direct_binned,bins1024_auc,logreg,71,3,39,ok,,0.4358974358974359,0.32596522251694665,0.3466666666666667,0.36716791979949875
direct_binned,bins1024_auc,xgboost,71,3,39,ok,,0.15384615384615385,0.08888888888888889,0.05128205128205129,0.3333333333333333
direct_binned,bins1024_auc,svm,72,3,39,ok,,0.28205128205128205,0.26166222006629475,0.3185185185185185,0.38930659983291566
direct_binned,bins1024_auc,logreg,72,3,39,ok,,0.3076923076923077,0.2814814814814815,0.351010101010101,0.36883876357560563
direct_binned,bins1024_auc,xgboost,72,3,39,ok,,0.15384615384615385,0.08888888888888889,0.05128205128205129,0.3333333333333333
direct_binned,bins1024_auc,svm,73,3,39,ok,,0.4358974358974359,0.4007803790412486,0.37666666666666665,0.5254803675856308
direct_binned,bins1024_auc,logreg,73,3,39,ok,,0.46153846153846156,0.39746031746031746,0.42333333333333334,0.47326649958228906
direct_binned,bins1024_auc,xgboost,73,3,39,ok,,0.15384615384615385,0.08888888888888889,0.05128205128205129,0.3333333333333333
direct_binned,bins1024_auc,svm,74,3,39,ok,,0.358974358974359,0.2547619047619048,0.25213675213675213,0.3145363408521303
direct_binned,bins1024_auc,logreg,74,3,39,ok,,0.358974358974359,0.2594627594627595,0.2577777777777778,0.3145363408521303
direct_binned,bins1024_auc,xgboost,74,3,39,ok,,0.15384615384615385,0.08888888888888889,0.05128205128205129,0.3333333333333333
direct_binned,bins1024_auc,svm,75,3,39,ok,,0.48717948717948717,0.4803174603174603,0.5061383061383061,0.5292397660818713
direct_binned,bins1024_auc,logreg,75,3,39,ok,,0.5128205128205128,0.506984126984127,0.5364413364413364,0.5530492898913951
direct_binned,bins1024_auc,xgboost,75,3,39,ok,,0.15384615384615385,0.08888888888888889,0.05128205128205129,0.3333333333333333
direct_binned,bins1024_auc,svm,76,3,39,ok,,0.48717948717948717,0.4202898550724637,0.5388888888888889,0.49707602339181284
direct_binned,bins1024_auc,logreg,76,3,39,ok,,0.48717948717948717,0.4202898550724637,0.5388888888888889,0.49707602339181284
direct_binned,bins1024_auc,xgboost,76,3,39,ok,,0.15384615384615385,0.08888888888888889,0.05128205128205129,0.3333333333333333
direct_binned,bins1024_auc,svm,77,3,39,ok,,0.41025641025641024,0.3156565656565657,0.27058823529411763,0.4444444444444444
direct_binned,bins1024_auc,logreg,77,3,39,ok,,0.41025641025641024,0.3156565656565657,0.27058823529411763,0.4444444444444444
direct_binned,bins1024_auc,xgboost,77,3,39,ok,,0.15384615384615385,0.08888888888888889,0.05128205128205129,0.3333333333333333
direct_binned,bins1024_auc,svm,78,3,39,ok,,0.41025641025641024,0.3680555555555555,0.4102564102564103,0.33709273182957394
direct_binned,bins1024_auc,logreg,78,3,39,ok,,0.46153846153846156,0.4033189033189033,0.42857142857142855,0.3847117794486215
direct_binned,bins1024_auc,xgboost,78,3,39,ok,,0.15384615384615385,0.08888888888888889,0.05128205128205129,0.3333333333333333
direct_binned,bins1024_auc,svm,79,3,39,ok,,0.5128205128205128,0.5070952439373492,0.5152625152625152,0.5530492898913951
direct_binned,bins1024_auc,logreg,79,3,39,ok,,0.48717948717948717,0.4837150747238466,0.4871794871794872,0.5355054302422723
direct_binned,bins1024_auc,xgboost,79,3,39,ok,,0.15384615384615385,0.08888888888888889,0.05128205128205129,0.3333333333333333
direct_binned,bins1024_auc,svm,80,3,39,ok,,0.5641025641025641,0.5529100529100529,0.5543345543345543,0.6006683375104428
direct_binned,bins1024_auc,logreg,80,3,39,ok,,0.5641025641025641,0.5568214654282766,0.5752913752913753,0.5944026733500417
direct_binned,bins1024_auc,xgboost,80,3,39,ok,,0.15384615384615385,0.08888888888888889,0.05128205128205129,0.3333333333333333
direct_binned,bins1024_auc,svm,81,3,39,ok,,0.5641025641025641,0.5481849785754709,0.566849816849817,0.5944026733500417
direct_binned,bins1024_auc,logreg,81,3,39,ok,,0.5384615384615384,0.5263403263403263,0.5782828282828283,0.570593149540518
direct_binned,bins1024_auc,xgboost,81,3,39,ok,,0.15384615384615385,0.08888888888888889,0.05128205128205129,0.3333333333333333
direct_binned,bins1024_auc,svm,82,3,39,ok,,0.358974358974359,0.33602693602693606,0.3513071895424837,0.4101921470342522
direct_binned,bins1024_auc,logreg,82,3,39,ok,,0.38461538461538464,0.3535497219707746,0.3833333333333333,0.4277360066833751
direct_binned,bins1024_auc,xgboost,82,3,39,ok,,0.15384615384615385,0.08888888888888889,0.05128205128205129,0.3333333333333333
direct_binned,bins1024_auc,svm,83,3,39,ok,,0.358974358974359,0.30158730158730157,0.4253968253968254,0.3082706766917293
direct_binned,bins1024_auc,logreg,83,3,39,ok,,0.41025641025641024,0.3216374269005848,0.43333333333333335,0.35588972431077687
direct_binned,bins1024_auc,xgboost,83,3,39,ok,,0.15384615384615385,0.08888888888888889,0.05128205128205129,0.3333333333333333
direct_binned,bins1024_auc,svm,84,3,39,ok,,0.41025641025641024,0.3156565656565657,0.27058823529411763,0.4444444444444444
direct_binned,bins1024_auc,logreg,84,3,39,ok,,0.41025641025641024,0.3156565656565657,0.27058823529411763,0.4444444444444444
direct_binned,bins1024_auc,xgboost,84,3,39,ok,,0.15384615384615385,0.08888888888888889,0.05128205128205129,0.3333333333333333
direct_binned,bins1024_auc,svm,85,3,39,ok,,0.48717948717948717,0.3600771987868762,0.3688888888888889,0.4022556390977443
direct_binned,bins1024_auc,logreg,85,3,39,ok,,0.4358974358974359,0.32596522251694665,0.3466666666666667,0.36716791979949875
direct_binned,bins1024_auc,xgboost,85,3,39,ok,,0.15384615384615385,0.08888888888888889,0.05128205128205129,0.3333333333333333
direct_binned,bins1024_auc,svm,86,3,39,ok,,0.20512820512820512,0.18209876543209877,0.13756613756613756,0.31746031746031744
direct_binned,bins1024_auc,logreg,86,3,39,ok,,0.20512820512820512,0.18209876543209877,0.13756613756613756,0.31746031746031744
direct_binned,bins1024_auc,xgboost,86,3,39,ok,,0.15384615384615385,0.08888888888888889,0.05128205128205129,0.3333333333333333
direct_binned,bins1024_auc,svm,87,3,39,ok,,0.28205128205128205,0.23611111111111108,0.2626262626262626,0.23057644110275688
direct_binned,bins1024_auc,logreg,87,3,39,ok,,0.23076923076923078,0.19474747474747475,0.23391812865497075,0.20175438596491227
direct_binned,bins1024_auc,xgboost,87,3,39,ok,,0.15384615384615385,0.08888888888888889,0.05128205128205129,0.3333333333333333
direct_binned,bins1024_auc,svm,88,3,39,ok,,0.46153846153846156,0.34398034398034394,0.34472049689441,0.37218045112781956
direct_binned,bins1024_auc,logreg,88,3,39,ok,,0.358974358974359,0.2661782661782662,0.2814814814814815,0.3082706766917293
direct_binned,bins1024_auc,xgboost,88,3,39,ok,,0.15384615384615385,0.08888888888888889,0.05128205128205129,0.3333333333333333
direct_binned,bins1024_auc,svm,89,3,39,ok,,0.5641025641025641,0.557422969187675,0.5476190476190476,0.5944026733500417
direct_binned,bins1024_auc,logreg,89,3,39,ok,,0.5384615384615384,0.5193277310924369,0.5125000000000001,0.5388471177944862
direct_binned,bins1024_auc,xgboost,89,3,39,ok,,0.15384615384615385,0.08888888888888889,0.05128205128205129,0.3333333333333333
direct_binned,bins1024_auc,svm,90,3,39,ok,,0.6153846153846154,0.5670329670329671,0.5863636363636363,0.5597326649958229
direct_binned,bins1024_auc,logreg,90,3,39,ok,,0.6923076923076923,0.625974025974026,0.6537549407114626,0.6123642439431913
direct_binned,bins1024_auc,xgboost,90,3,39,ok,,0.15384615384615385,0.08888888888888889,0.05128205128205129,0.3333333333333333
direct_binned,bins1024_auc,svm,91,3,39,ok,,0.358974358974359,0.4081933392278219,0.39701213818860875,0.4227234753550542
direct_binned,bins1024_auc,logreg,91,3,39,ok,,0.41025641025641024,0.4098124098124098,0.39492753623188404,0.4452798663324979
direct_binned,bins1024_auc,xgboost,91,3,39,ok,,0.15384615384615385,0.08888888888888889,0.05128205128205129,0.3333333333333333
direct_binned,bins1024_auc,svm,92,3,39,ok,,0.5128205128205128,0.47519933726830277,0.47407407407407404,0.47702589807852963
direct_binned,bins1024_auc,logreg,92,3,39,ok,,0.5384615384615384,0.411764705882353,0.4055555555555556,0.43734335839599
direct_binned,bins1024_auc,xgboost,92,3,39,ok,,0.15384615384615385,0.08888888888888889,0.05128205128205129,0.3333333333333333
direct_binned,bins1024_auc,svm,93,3,39,ok,,0.1794871794871795,0.1538911381016644,0.4505050505050505,0.31913116123642443
direct_binned,bins1024_auc,logreg,93,3,39,ok,,0.1794871794871795,0.1543859649122807,0.44097222222222227,0.31913116123642443
direct_binned,bins1024_auc,xgboost,93,3,39,ok,,0.15384615384615385,0.08888888888888889,0.05128205128205129,0.3333333333333333
direct_binned,bins1024_auc,svm,94,3,39,ok,,0.5384615384615384,0.5238651291782221,0.5193277310924369,0.5388471177944862
direct_binned,bins1024_auc,logreg,94,3,39,ok,,0.5641025641025641,0.5402298850574713,0.5333333333333333,0.556390977443609
direct_binned,bins1024_auc,xgboost,94,3,39,ok,,0.15384615384615385,0.08888888888888889,0.05128205128205129,0.3333333333333333
direct_binned,bins1024_auc,svm,95,3,39,ok,,0.3333333333333333,0.2531328320802005,0.27314814814814814,0.2844611528822055
direct_binned,bins1024_auc,logreg,95,3,39,ok,,0.41025641025641024,0.34693977797426073,0.34761904761904766,0.38763575605680867
direct_binned,bins1024_auc,xgboost,95,3,39,ok,,0.15384615384615385,0.08888888888888889,0.05128205128205129,0.3333333333333333
direct_binned,bins1024_auc,svm,96,3,39,ok,,0.2564102564102564,0.20313725490196077,0.1675438596491228,0.2698412698412698
direct_binned,bins1024_auc,logreg,96,3,39,ok,,0.2564102564102564,0.20313725490196077,0.1675438596491228,0.2698412698412698
direct_binned,bins1024_auc,xgboost,96,3,39,ok,,0.15384615384615385,0.08888888888888889,0.05128205128205129,0.3333333333333333
direct_binned,bins1024_auc,svm,97,3,39,ok,,0.5641025641025641,0.5257343550446999,0.6222222222222222,0.5434419381787803
direct_binned,bins1024_auc,logreg,97,3,39,ok,,0.6923076923076923,0.6343550446998723,0.6888888888888888,0.6186299081035923
direct_binned,bins1024_auc,xgboost,97,3,39,ok,,0.15384615384615385,0.08888888888888889,0.05128205128205129,0.3333333333333333
direct_binned,bins1024_auc,svm,98,3,39,ok,,0.20512820512820512,0.185999185999186,0.4671717171717172,0.3366750208855472
direct_binned,bins1024_auc,logreg,98,3,39,ok,,0.2564102564102564,0.25132275132275134,0.5317460317460317,0.3842940685045948
direct_binned,bins1024_auc,xgboost,98,3,39,ok,,0.15384615384615385,0.08888888888888889,0.05128205128205129,0.3333333333333333
direct_binned,bins1024_auc,svm,99,3,39,ok,,0.4358974358974359,0.3761528326745718,0.4444444444444445,0.45572263993316625
direct_binned,bins1024_auc,logreg,99,3,39,ok,,0.46153846153846156,0.3968379446640316,0.5347222222222222,0.4795321637426901
direct_binned,bins1024_auc,xgboost,99,3,39,ok,,0.15384615384615385,0.08888888888888889,0.05128205128205129,0.3333333333333333
direct_binned,bins1024_auc,svm,100,3,39,ok,,0.2564102564102564,0.23891913692276667,0.2888888888888889,0.3337510442773601
direct_binned,bins1024_auc,logreg,100,3,39,ok,,0.28205128205128205,0.26190764266989314,0.3222222222222222,0.3512949039264828
direct_binned,bins1024_auc,xgboost,100,3,39,ok,,0.15384615384615385,0.08888888888888889,0.05128205128205129,0.3333333333333333
direct_binned,bins2048_auc,svm,1,3,39,ok,,0.5128205128205128,0.4983974358974359,0.5132275132275133,0.6098579782790309
direct_binned,bins2048_auc,logreg,1,3,39,ok,,0.5384615384615384,0.5444444444444444,0.5898989898989899,0.6466165413533834
direct_binned,bins2048_auc,xgboost,1,3,39,ok,,0.15384615384615385,0.08888888888888889,0.05128205128205129,0.3333333333333333
direct_binned,bins2048_auc,svm,2,3,39,ok,,0.46153846153846156,0.3945868945868946,0.6267281105990784,0.5175438596491228
direct_binned,bins2048_auc,logreg,2,3,39,ok,,0.4358974358974359,0.3531270148291425,0.6080808080808081,0.4619883040935672
direct_binned,bins2048_auc,xgboost,2,3,39,ok,,0.15384615384615385,0.08888888888888889,0.05128205128205129,0.3333333333333333
direct_binned,bins2048_auc,svm,3,3,39,ok,,0.23076923076923078,0.20306513409961688,0.15833333333333333,0.373015873015873
direct_binned,bins2048_auc,logreg,3,3,39,ok,,0.23076923076923078,0.20306513409961688,0.15833333333333333,0.373015873015873
direct_binned,bins2048_auc,xgboost,3,3,39,ok,,0.15384615384615385,0.08888888888888889,0.05128205128205129,0.3333333333333333
direct_binned,bins2048_auc,svm,4,3,39,ok,,0.4358974358974359,0.3761528326745718,0.4444444444444445,0.45572263993316625
direct_binned,bins2048_auc,logreg,4,3,39,ok,,0.46153846153846156,0.3892255892255892,0.5060931899641578,0.4795321637426901
direct_binned,bins2048_auc,xgboost,4,3,39,ok,,0.15384615384615385,0.08888888888888889,0.05128205128205129,0.3333333333333333
direct_binned,bins2048_auc,svm,5,3,39,ok,,0.3076923076923077,0.25717021369195286,0.32487922705314015,0.30492898913951544
direct_binned,bins2048_auc,logreg,5,3,39,ok,,0.3076923076923077,0.2637806637806637,0.38730158730158726,0.30492898913951544
direct_binned,bins2048_auc,xgboost,5,3,39,ok,,0.15384615384615385,0.08888888888888889,0.05128205128205129,0.3333333333333333
direct_binned,bins2048_auc,svm,6,3,39,ok,,0.38461538461538464,0.31221719457013575,0.3428571428571428,0.3383458646616541
direct_binned,bins2048_auc,logreg,6,3,39,ok,,0.358974358974359,0.28190476190476194,0.30158730158730157,0.3208020050125313
direct_binned,bins2048_auc,xgboost,6,3,39,ok,,0.15384615384615385,0.08888888888888889,0.05128205128205129,0.3333333333333333
direct_binned,bins2048_auc,svm,7,3,39,ok,,0.4358974358974359,0.3886328725038402,0.43253968253968256,0.3609022556390977
direct_binned,bins2048_auc,logreg,7,3,39,ok,,0.48717948717948717,0.41250000000000003,0.42948717948717946,0.40852130325814534
direct_binned,bins2048_auc,xgboost,7,3,39,ok,,0.15384615384615385,0.08888888888888889,0.05128205128205129,0.3333333333333333
direct_binned,bins2048_auc,svm,8,3,39,ok,,0.38461538461538464,0.26633986928104575,0.2927927927927928,0.3888888888888889
direct_binned,bins2048_auc,logreg,8,3,39,ok,,0.38461538461538464,0.26633986928104575,0.2927927927927928,0.3888888888888889
direct_binned,bins2048_auc,xgboost,8,3,39,ok,,0.15384615384615385,0.08888888888888889,0.05128205128205129,0.3333333333333333
direct_binned,bins2048_auc,svm,9,3,39,ok,,0.48717948717948717,0.4380952380952381,0.49053030303030304,0.3959899749373434
direct_binned,bins2048_auc,logreg,9,3,39,ok,,0.5641025641025641,0.4802494802494803,0.5092592592592592,0.45488721804511273
direct_binned,bins2048_auc,xgboost,9,3,39,ok,,0.15384615384615385,0.08888888888888889,0.05128205128205129,0.3333333333333333
direct_binned,bins2048_auc,svm,10,3,39,ok,,0.28205128205128205,0.23203463203463204,0.36507936507936506,0.2493734335839599
direct_binned,bins2048_auc,logreg,10,3,39,ok,,0.28205128205128205,0.2370766488413547,0.37222222222222223,0.2493734335839599
direct_binned,bins2048_auc,xgboost,10,3,39,ok,,0.15384615384615385,0.08888888888888889,0.05128205128205129,0.3333333333333333
direct_binned,bins2048_auc,svm,11,3,39,ok,,0.46153846153846156,0.45289682539682535,0.5390399074609601,0.49916457811194653
direct_binned,bins2048_auc,logreg,11,3,39,ok,,0.358974358974359,0.3399072393627747,0.4337285902503294,0.4101921470342522
direct_binned,bins2048_auc,xgboost,11,3,39,ok,,0.15384615384615385,0.08888888888888889,0.05128205128205129,0.3333333333333333
direct_binned,bins2048_auc,svm,12,3,39,ok,,0.1794871794871795,0.1538911381016644,0.4505050505050505,0.31913116123642443
direct_binned,bins2048_auc,logreg,12,3,39,ok,,0.23076923076923078,0.21552795031055902,0.5019157088122606,0.366750208855472
direct_binned,bins2048_auc,xgboost,12,3,39,ok,,0.15384615384615385,0.08888888888888889,0.05128205128205129,0.3333333333333333
direct_binned,bins2048_auc,svm,13,3,39,ok,,0.3076923076923077,0.29903846153846153,0.41330891330891334,0.41311612364243944
direct_binned,bins2048_auc,logreg,13,3,39,ok,,0.3076923076923077,0.2999222999222999,0.39087301587301587,0.41311612364243944
direct_binned,bins2048_auc,xgboost,13,3,39,ok,,0.15384615384615385,0.08888888888888889,0.05128205128205129,0.3333333333333333
direct_binned,bins2048_auc,svm,14,3,39,ok,,0.46153846153846156,0.38372093023255816,0.2942528735632184,0.5555555555555555
direct_binned,bins2048_auc,logreg,14,3,39,ok,,0.46153846153846156,0.38372093023255816,0.2942528735632184,0.5555555555555555
direct_binned,bins2048_auc,xgboost,14,3,39,ok,,0.15384615384615385,0.08888888888888889,0.05128205128205129,0.3333333333333333
direct_binned,bins2048_auc,svm,15,3,39,ok,,0.358974358974359,0.3425204960243892,0.4666666666666666,0.448203842940685
direct_binned,bins2048_auc,logreg,15,3,39,ok,,0.358974358974359,0.3425204960243892,0.4666666666666666,0.448203842940685
direct_binned,bins2048_auc,xgboost,15,3,39,ok,,0.15384615384615385,0.08888888888888889,0.05128205128205129,0.3333333333333333
direct_binned,bins2048_auc,svm,16,3,39,ok,,0.5128205128205128,0.47519933726830277,0.47407407407407404,0.47702589807852963
direct_binned,bins2048_auc,logreg,16,3,39,ok,,0.48717948717948717,0.3669467787114846,0.35833333333333334,0.38972431077694236
direct_binned,bins2048_auc,xgboost,16,3,39,ok,,0.15384615384615385,0.08888888888888889,0.05128205128205129,0.3333333333333333
direct_binned,bins2048_auc,svm,17,3,39,ok,,0.46153846153846156,0.4171679197994987,0.46739926739926735,0.5050125313283208
direct_binned,bins2048_auc,logreg,17,3,39,ok,,0.4358974358974359,0.3865424430641822,0.42857142857142855,0.487468671679198
direct_binned,bins2048_auc,xgboost,17,3,39,ok,,0.15384615384615385,0.08888888888888889,0.05128205128205129,0.3333333333333333
direct_binned,bins2048_auc,svm,18,3,39,ok,,0.46153846153846156,0.34684684684684686,0.35005574136008916,0.3784461152882206
direct_binned,bins2048_auc,logreg,18,3,39,ok,,0.41025641025641024,0.31851851851851853,0.3333333333333333,0.3433583959899749
direct_binned,bins2048_auc,xgboost,18,3,39,ok,,0.15384615384615385,0.08888888888888889,0.05128205128205129,0.3333333333333333
direct_binned,bins2048_auc,svm,19,3,39,ok,,0.48717948717948717,0.4695156695156695,0.5507070707070706,0.4782790309106099
direct_binned,bins2048_auc,logreg,19,3,39,ok,,0.6923076923076923,0.6343550446998723,0.6888888888888888,0.6186299081035923
direct_binned,bins2048_auc,xgboost,19,3,39,ok,,0.15384615384615385,0.08888888888888889,0.05128205128205129,0.3333333333333333
direct_binned,bins2048_auc,svm,20,3,39,ok,,0.48717948717948717,0.3600771987868762,0.3688888888888889,0.4022556390977443
direct_binned,bins2048_auc,logreg,20,3,39,ok,,0.41025641025641024,0.3023809523809524,0.32621082621082625,0.34962406015037595
direct_binned,bins2048_auc,xgboost,20,3,39,ok,,0.15384615384615385,0.08888888888888889,0.05128205128205129,0.3333333333333333
direct_binned,bins2048_auc,svm,21,3,39,ok,,0.48717948717948717,0.45104895104895104,0.45826103720840566,0.46574770258980785
direct_binned,bins2048_auc,logreg,21,3,39,ok,,0.4358974358974359,0.34851359898798223,0.37222222222222223,0.3546365914786967
direct_binned,bins2048_auc,xgboost,21,3,39,ok,,0.15384615384615385,0.08888888888888889,0.05128205128205129,0.3333333333333333
direct_binned,bins2048_auc,svm,22,3,39,ok,,0.2564102564102564,0.23558897243107768,0.23859649122807017,0.2957393483709273
direct_binned,bins2048_auc,logreg,22,3,39,ok,,0.20512820512820512,0.18771929824561404,0.1908939014202172,0.22263993316624894
direct_binned,bins2048_auc,xgboost,22,3,39,ok,,0.15384615384615385,0.08888888888888889,0.05128205128205129,0.3333333333333333
direct_binned,bins2048_auc,svm,23,3,39,ok,,0.358974358974359,0.3425204960243892,0.4666666666666666,0.448203842940685
direct_binned,bins2048_auc,logreg,23,3,39,ok,,0.38461538461538464,0.37945670628183353,0.525925925925926,0.47201336675020883
direct_binned,bins2048_auc,xgboost,23,3,39,ok,,0.15384615384615385,0.08888888888888889,0.05128205128205129,0.3333333333333333
direct_binned,bins2048_auc,svm,24,3,39,ok,,0.1794871794871795,0.1796641361858753,0.26190476190476186,0.2493734335839599
direct_binned,bins2048_auc,logreg,24,3,39,ok,,0.20512820512820512,0.20512218963831866,0.33367733058135535,0.2731829573934837
direct_binned,bins2048_auc,xgboost,24,3,39,ok,,0.15384615384615385,0.08888888888888889,0.05128205128205129,0.3333333333333333
direct_binned,bins2048_auc,svm,25,3,39,ok,,0.5384615384615384,0.45514950166112955,0.7164750957854406,0.49415204678362573
direct_binned,bins2048_auc,logreg,25,3,39,ok,,0.6153846153846154,0.5269585253456222,0.7357609710550888,0.5217209690893901
direct_binned,bins2048_auc,xgboost,25,3,39,ok,,0.15384615384615385,0.08888888888888889,0.05128205128205129,0.3333333333333333
direct_binned,bins2048_auc,svm,26,3,39,ok,,0.3333333333333333,0.31768501714055253,0.4034255599472991,0.3926482873851294
direct_binned,bins2048_auc,logreg,26,3,39,ok,,0.3076923076923077,0.29666119321291734,0.3558441558441558,0.37510442773600666
direct_binned,bins2048_auc,xgboost,26,3,39,ok,,0.15384615384615385,0.08888888888888889,0.05128205128205129,0.3333333333333333
direct_binned,bins2048_auc,svm,27,3,39,ok,,0.46153846153846156,0.4260145312776891,0.4166666666666667,0.5810359231411862
direct_binned,bins2048_auc,logreg,27,3,39,ok,,0.48717948717948717,0.4128274616079494,0.3117283950617284,0.6111111111111112
direct_binned,bins2048_auc,xgboost,27,3,39,ok,,0.15384615384615385,0.08888888888888889,0.05128205128205129,0.3333333333333333
direct_binned,bins2048_auc,svm,28,3,39,ok,,0.41025641025641024,0.3496732026143791,0.4594594594594595,0.4444444444444444
direct_binned,bins2048_auc,logreg,28,3,39,ok,,0.41025641025641024,0.3496732026143791,0.4594594594594595,0.4444444444444444
direct_binned,bins2048_auc,xgboost,28,3,39,ok,,0.15384615384615385,0.08888888888888889,0.05128205128205129,0.3333333333333333
direct_binned,bins2048_auc,svm,29,3,39,ok,,0.358974358974359,0.3425204960243892,0.4666666666666666,0.448203842940685
direct_binned,bins2048_auc,logreg,29,3,39,ok,,0.358974358974359,0.3425204960243892,0.4666666666666666,0.448203842940685
direct_binned,bins2048_auc,xgboost,29,3,39,ok,,0.15384615384615385,0.08888888888888889,0.05128205128205129,0.3333333333333333
direct_binned,bins2048_auc,svm,30,3,39,ok,,0.5384615384615384,0.5140291806958474,0.5299707602339181,0.5956558061821219
direct_binned,bins2048_auc,logreg,30,3,39,ok,,0.5641025641025641,0.5636837665823172,0.596279537456008,0.6766917293233083
direct_binned,bins2048_auc,xgboost,30,3,39,ok,,0.15384615384615385,0.08888888888888889,0.05128205128205129,0.3333333333333333
direct_binned,bins2048_auc,svm,31,3,39,ok,,0.5128205128205128,0.4696969696969697,0.6555555555555556,0.5526315789473685
direct_binned,bins2048_auc,logreg,31,3,39,ok,,0.46153846153846156,0.3892255892255892,0.5060931899641578,0.4795321637426901
direct_binned,bins2048_auc,xgboost,31,3,39,ok,,0.15384615384615385,0.08888888888888889,0.05128205128205129,0.3333333333333333
direct_binned,bins2048_auc,svm,32,3,39,ok,,0.23076923076923078,0.2193362193362193,0.4741379310344828,0.360484544695071
direct_binned,bins2048_auc,logreg,32,3,39,ok,,0.23076923076923078,0.2147058823529412,0.4928571428571429,0.366750208855472
direct_binned,bins2048_auc,xgboost,32,3,39,ok,,0.15384615384615385,0.08888888888888889,0.05128205128205129,0.3333333333333333
direct_binned,bins2048_auc,svm,33,3,39,ok,,0.358974358974359,0.26763159321298857,0.29666119321291734,0.35881370091896403
direct_binned,bins2048_auc,logreg,33,3,39,ok,,0.41025641025641024,0.292022792022792,0.5314900153609831,0.4064327485380117
direct_binned,bins2048_auc,xgboost,33,3,39,ok,,0.15384615384615385,0.08888888888888889,0.05128205128205129,0.3333333333333333
direct_binned,bins2048_auc,svm,34,3,39,ok,,0.3076923076923077,0.3063199040210534,0.5015873015873016,0.42564745196324144
direct_binned,bins2048_auc,logreg,34,3,39,ok,,0.28205128205128205,0.28147464729173877,0.4055555555555555,0.3700918964076858
direct_binned,bins2048_auc,xgboost,34,3,39,ok,,0.15384615384615385,0.08888888888888889,0.05128205128205129,0.3333333333333333
direct_binned,bins2048_auc,svm,35,3,39,ok,,0.41025641025641024,0.3680555555555555,0.4102564102564103,0.33709273182957394
direct_binned,bins2048_auc,logreg,35,3,39,ok,,0.46153846153846156,0.3942877046325322,0.41111111111111115,0.3847117794486215
direct_binned,bins2048_auc,xgboost,35,3,39,ok,,0.15384615384615385,0.08888888888888889,0.05128205128205129,0.3333333333333333
direct_binned,bins2048_auc,svm,36,3,39,ok,,0.28205128205128205,0.21586575133485889,0.2916666666666667,0.2493734335839599
direct_binned,bins2048_auc,logreg,36,3,39,ok,,0.3076923076923077,0.2637806637806637,0.38730158730158726,0.30492898913951544
direct_binned,bins2048_auc,xgboost,36,3,39,ok,,0.15384615384615385,0.08888888888888889,0.05128205128205129,0.3333333333333333
direct_binned,bins2048_auc,svm,37,3,39,ok,,0.28205128205128205,0.26166222006629475,0.3185185185185185,0.38930659983291566
direct_binned,bins2048_auc,logreg,37,3,39,ok,,0.3333333333333333,0.2978363759296822,0.3742103307320699,0.38638262322472844
direct_binned,bins2048_auc,xgboost,37,3,39,ok,,0.15384615384615385,0.08888888888888889,0.05128205128205129,0.3333333333333333
direct_binned,bins2048_auc,svm,38,3,39,ok,,0.2564102564102564,0.18414918414918416,0.23111111111111113,0.23182957393483714
direct_binned,bins2048_auc,logreg,38,3,39,ok,,0.28205128205128205,0.21771771771771772,0.26376811594202904,0.2493734335839599
direct_binned,bins2048_auc,xgboost,38,3,39,ok,,0.15384615384615385,0.08888888888888889,0.05128205128205129,0.3333333333333333
direct_binned,bins2048_auc,svm,39,3,39,ok,,0.3333333333333333,0.3005198180636777,0.33528693528693526,0.38638262322472844
direct_binned,bins2048_auc,logreg,39,3,39,ok,,0.358974358974359,0.3176206509539843,0.36111111111111116,0.4039264828738513
direct_binned,bins2048_auc,xgboost,39,3,39,ok,,0.15384615384615385,0.08888888888888889,0.05128205128205129,0.3333333333333333
direct_binned,bins2048_auc,svm,40,3,39,ok,,0.4358974358974359,0.4283524904214559,0.4922558922558922,0.48162071846282367
direct_binned,bins2048_auc,logreg,40,3,39,ok,,0.3333333333333333,0.3153069153069153,0.3757575757575758,0.3546365914786967
direct_binned,bins2048_auc,xgboost,40,3,39,ok,,0.15384615384615385,0.08888888888888889,0.05128205128205129,0.3333333333333333
direct_binned,bins2048_auc,svm,41,3,39,ok,,0.4358974358974359,0.36481481481481487,0.27777777777777773,0.5317460317460317
direct_binned,bins2048_auc,logreg,41,3,39,ok,,0.46153846153846156,0.37579042457091233,0.2839506172839506,0.5555555555555555
direct_binned,bins2048_auc,xgboost,41,3,39,ok,,0.15384615384615385,0.08888888888888889,0.05128205128205129,0.3333333333333333
direct_binned,bins2048_auc,svm,42,3,39,ok,,0.5128205128205128,0.5002249212775528,0.5116637748216696,0.6098579782790309
direct_binned,bins2048_auc,logreg,42,3,39,ok,,0.5897435897435898,0.5839659535311709,0.6295518207282913,0.7005012531328321
direct_binned,bins2048_auc,xgboost,42,3,39,ok,,0.15384615384615385,0.08888888888888889,0.05128205128205129,0.3333333333333333
direct_binned,bins2048_auc,svm,43,3,39,ok,,0.5128205128205128,0.4983974358974359,0.5132275132275133,0.6098579782790309
direct_binned,bins2048_auc,logreg,43,3,39,ok,,0.5384615384615384,0.5444444444444444,0.5898989898989899,0.6466165413533834
direct_binned,bins2048_auc,xgboost,43,3,39,ok,,0.15384615384615385,0.08888888888888889,0.05128205128205129,0.3333333333333333
direct_binned,bins2048_auc,svm,44,3,39,ok,,0.4358974358974359,0.4193967442049284,0.43703703703703706,0.4753550543024227
direct_binned,bins2048_auc,logreg,44,3,39,ok,,0.28205128205128205,0.26992753623188404,0.272875816993464,0.3826232247284879
direct_binned,bins2048_auc,xgboost,44,3,39,ok,,0.15384615384615385,0.08888888888888889,0.05128205128205129,0.3333333333333333
direct_binned,bins2048_auc,svm,45,3,39,ok,,0.5384615384615384,0.5238651291782221,0.5193277310924369,0.5388471177944862
direct_binned,bins2048_auc,logreg,45,3,39,ok,,0.4358974358974359,0.42328042328042326,0.4246632996632997,0.47493734335839594
direct_binned,bins2048_auc,xgboost,45,3,39,ok,,0.15384615384615385,0.08888888888888889,0.05128205128205129,0.3333333333333333
direct_binned,bins2048_auc,svm,46,3,39,ok,,0.3333333333333333,0.31413805832410485,0.2976190476190476,0.3483709273182957
direct_binned,bins2048_auc,logreg,46,3,39,ok,,0.38461538461538464,0.35873015873015873,0.333816425120773,0.42147034252297405
direct_binned,bins2048_auc,xgboost,46,3,39,ok,,0.15384615384615385,0.08888888888888889,0.05128205128205129,0.3333333333333333
direct_binned,bins2048_auc,svm,47,3,39,ok,,0.4358974358974359,0.3531270148291425,0.6080808080808081,0.4619883040935672
direct_binned,bins2048_auc,logreg,47,3,39,ok,,0.41025641025641024,0.3156565656565657,0.27058823529411763,0.4444444444444444
direct_binned,bins2048_auc,xgboost,47,3,39,ok,,0.15384615384615385,0.08888888888888889,0.05128205128205129,0.3333333333333333
direct_binned,bins2048_auc,svm,48,3,39,ok,,0.5128205128205128,0.37083333333333335,0.3717948717948718,0.4197994987468672
direct_binned,bins2048_auc,logreg,48,3,39,ok,,0.4358974358974359,0.32126436781609197,0.341025641025641,0.36716791979949875
direct_binned,bins2048_auc,xgboost,48,3,39,ok,,0.15384615384615385,0.08888888888888889,0.05128205128205129,0.3333333333333333
direct_binned,bins2048_auc,svm,49,3,39,ok,,0.23076923076923078,0.20271970576848627,0.5571428571428572,0.3922305764411027
direct_binned,bins2048_auc,logreg,49,3,39,ok,,0.28205128205128205,0.2771672771672771,0.6439393939393939,0.4398496240601503
direct_binned,bins2048_auc,xgboost,49,3,39,ok,,0.15384615384615385,0.08888888888888889,0.05128205128205129,0.3333333333333333
direct_binned,bins2048_auc,svm,50,3,39,ok,,0.3076923076923077,0.280863448944943,0.3217171717171717,0.36883876357560563
direct_binned,bins2048_auc,logreg,50,3,39,ok,,0.3333333333333333,0.30256410256410254,0.32735042735042735,0.38638262322472844
direct_binned,bins2048_auc,xgboost,50,3,39,ok,,0.15384615384615385,0.08888888888888889,0.05128205128205129,0.3333333333333333
direct_binned,bins2048_auc,svm,51,3,39,ok,,0.3076923076923077,0.2246376811594203,0.2948717948717949,0.2731829573934837
direct_binned,bins2048_auc,logreg,51,3,39,ok,,0.3076923076923077,0.22891118543292455,0.3,0.2731829573934837
direct_binned,bins2048_auc,xgboost,51,3,39,ok,,0.15384615384615385,0.08888888888888889,0.05128205128205129,0.3333333333333333
direct_binned,bins2048_auc,svm,52,3,39,ok,,0.41025641025641024,0.309692671394799,0.25252525252525254,0.4444444444444444
direct_binned,bins2048_auc,logreg,52,3,39,ok,,0.41025641025641024,0.3156565656565657,0.27058823529411763,0.4444444444444444
direct_binned,bins2048_auc,xgboost,52,3,39,ok,,0.15384615384615385,0.08888888888888889,0.05128205128205129,0.3333333333333333
direct_binned,bins2048_auc,svm,53,3,39,ok,,0.5384615384615384,0.5252747252747253,0.5178571428571429,0.5388471177944862
direct_binned,bins2048_auc,logreg,53,3,39,ok,,0.48717948717948717,0.4656084656084656,0.47685185185185186,0.5162907268170426
direct_binned,bins2048_auc,xgboost,53,3,39,ok,,0.15384615384615385,0.08888888888888889,0.05128205128205129,0.3333333333333333
direct_binned,bins2048_auc,svm,54,3,39,ok,,0.3076923076923077,0.2448512585812357,0.375,0.2669172932330827
direct_binned,bins2048_auc,logreg,54,3,39,ok,,0.3333333333333333,0.2909090909090909,0.4935064935064935,0.3224728487886383
direct_binned,bins2048_auc,xgboost,54,3,39,ok,,0.15384615384615385,0.08888888888888889,0.05128205128205129,0.3333333333333333
direct_binned,bins2048_auc,svm,55,3,39,ok,,0.4358974358974359,0.3503875968992249,0.2720306513409962,0.5
direct_binned,bins2048_auc,logreg,55,3,39,ok,,0.4358974358974359,0.3502645502645503,0.2755376344086022,0.5
direct_binned,bins2048_auc,xgboost,55,3,39,ok,,0.15384615384615385,0.08888888888888889,0.05128205128205129,0.3333333333333333
direct_binned,bins2048_auc,svm,56,3,39,ok,,0.358974358974359,0.2512664640324215,0.2738095238095238,0.2644110275689223
direct_binned,bins2048_auc,logreg,56,3,39,ok,,0.358974358974359,0.2560283687943263,0.2976190476190476,0.2644110275689223
direct_binned,bins2048_auc,xgboost,56,3,39,ok,,0.15384615384615385,0.08888888888888889,0.05128205128205129,0.3333333333333333
direct_binned,bins2048_auc,svm,57,3,39,ok,,0.3076923076923077,0.34792626728110604,0.349264705882353,0.3496240601503759
direct_binned,bins2048_auc,logreg,57,3,39,ok,,0.41025641025641024,0.41051282051282056,0.4069264069264069,0.4197994987468672
direct_binned,bins2048_auc,xgboost,57,3,39,ok,,0.15384615384615385,0.08888888888888889,0.05128205128205129,0.3333333333333333
direct_binned,bins2048_auc,svm,58,3,39,ok,,0.48717948717948717,0.47630147630147635,0.5029761904761905,0.5860484544695072
direct_binned,bins2048_auc,logreg,58,3,39,ok,,0.48717948717948717,0.49382716049382713,0.5702380952380953,0.6115288220551378
direct_binned,bins2048_auc,xgboost,58,3,39,ok,,0.15384615384615385,0.08888888888888889,0.05128205128205129,0.3333333333333333
direct_binned,bins2048_auc,svm,59,3,39,ok,,0.41025641025641024,0.29827586206896556,0.3076923076923077,0.34962406015037595
direct_binned,bins2048_auc,logreg,59,3,39,ok,,0.4358974358974359,0.3707602339181286,0.3876262626262626,0.40517961570593153
direct_binned,bins2048_auc,xgboost,59,3,39,ok,,0.15384615384615385,0.08888888888888889,0.05128205128205129,0.3333333333333333
direct_binned,bins2048_auc,svm,60,3,39,ok,,0.20512820512820512,0.18579554308867072,0.2194989106753813,0.2159565580618212
direct_binned,bins2048_auc,logreg,60,3,39,ok,,0.20512820512820512,0.18579554308867072,0.2194989106753813,0.2159565580618212
direct_binned,bins2048_auc,xgboost,60,3,39,ok,,0.15384615384615385,0.08888888888888889,0.05128205128205129,0.3333333333333333
direct_binned,bins2048_auc,svm,61,3,39,ok,,0.2564102564102564,0.20313725490196077,0.1675438596491228,0.2698412698412698
direct_binned,bins2048_auc,logreg,61,3,39,ok,,0.2564102564102564,0.20313725490196077,0.1675438596491228,0.2698412698412698
direct_binned,bins2048_auc,xgboost,61,3,39,ok,,0.15384615384615385,0.08888888888888889,0.05128205128205129,0.3333333333333333
direct_binned,bins2048_auc,svm,62,3,39,ok,,0.358974358974359,0.2728372655777374,0.2916666666666667,0.30200501253132833
direct_binned,bins2048_auc,logreg,62,3,39,ok,,0.4358974358974359,0.36991536991536994,0.3776021080368907,0.40517961570593153
direct_binned,bins2048_auc,xgboost,62,3,39,ok,,0.15384615384615385,0.08888888888888889,0.05128205128205129,0.3333333333333333
direct_binned,bins2048_auc,svm,63,3,39,ok,,0.3076923076923077,0.2841269841269841,0.32828282828282823,0.36883876357560563
direct_binned,bins2048_auc,logreg,63,3,39,ok,,0.3333333333333333,0.3022981235504955,0.3898989898989899,0.4243943191311612
direct_binned,bins2048_auc,xgboost,63,3,39,ok,,0.15384615384615385,0.08888888888888889,0.05128205128205129,0.3333333333333333
direct_binned,bins2048_auc,svm,64,3,39,ok,,0.46153846153846156,0.4018518518518519,0.3055555555555556,0.5873015873015873
direct_binned,bins2048_auc,logreg,64,3,39,ok,,0.48717948717948717,0.4128274616079494,0.3117283950617284,0.6111111111111112
direct_binned,bins2048_auc,xgboost,64,3,39,ok,,0.15384615384615385,0.08888888888888889,0.05128205128205129,0.3333333333333333
direct_binned,bins2048_auc,svm,65,3,39,ok,,0.5384615384615384,0.5284848484848484,0.551948051948052,0.570593149540518
direct_binned,bins2048_auc,logreg,65,3,39,ok,,0.48717948717948717,0.48483091787439614,0.5329768270944741,0.5355054302422723
direct_binned,bins2048_auc,xgboost,65,3,39,ok,,0.15384615384615385,0.08888888888888889,0.05128205128205129,0.3333333333333333
direct_binned,bins2048_auc,svm,66,3,39,ok,,0.3076923076923077,0.3005291005291005,0.40079365079365076,0.37510442773600666
direct_binned,bins2048_auc,logreg,66,3,39,ok,,0.23076923076923078,0.23092117758784425,0.3304473304473305,0.24644945697577278
direct_binned,bins2048_auc,xgboost,66,3,39,ok,,0.15384615384615385,0.08888888888888889,0.05128205128205129,0.3333333333333333
direct_binned,bins2048_auc,svm,67,3,39,ok,,0.46153846153846156,0.43580246913580245,0.4444444444444444,0.4987468671679198
direct_binned,bins2048_auc,logreg,67,3,39,ok,,0.4358974358974359,0.4236111111111111,0.41818181818181815,0.46867167919799496
direct_binned,bins2048_auc,xgboost,67,3,39,ok,,0.15384615384615385,0.08888888888888889,0.05128205128205129,0.3333333333333333
direct_binned,bins2048_auc,svm,68,3,39,ok,,0.38461538461538464,0.25763125763125766,0.25,0.3446115288220552
direct_binned,bins2048_auc,logreg,68,3,39,ok,,0.4358974358974359,0.30511463844797176,0.32142857142857145,0.37969924812030076
direct_binned,bins2048_auc,xgboost,68,3,39,ok,,0.15384615384615385,0.08888888888888889,0.05128205128205129,0.3333333333333333
direct_binned,bins2048_auc,svm,69,3,39,ok,,0.5641025641025641,0.5397290881161849,0.5353641456582633,0.56265664160401
direct_binned,bins2048_auc,logreg,69,3,39,ok,,0.5897435897435898,0.561157796451914,0.5555555555555555,0.5802005012531328
direct_binned,bins2048_auc,xgboost,69,3,39,ok,,0.15384615384615385,0.08888888888888889,0.05128205128205129,0.3333333333333333
direct_binned,bins2048_auc,svm,70,3,39,ok,,0.46153846153846156,0.3478991596638655,0.3428571428571428,0.37218045112781956
direct_binned,bins2048_auc,logreg,70,3,39,ok,,0.46153846153846156,0.3532467532467532,0.35714285714285715,0.37218045112781956
direct_binned,bins2048_auc,xgboost,70,3,39,ok,,0.15384615384615385,0.08888888888888889,0.05128205128205129,0.3333333333333333
direct_binned,bins2048_auc,svm,71,3,39,ok,,0.4358974358974359,0.32882882882882886,0.3355629877369008,0.3546365914786967
direct_binned,bins2048_auc,logreg,71,3,39,ok,,0.4358974358974359,0.32596522251694665,0.3466666666666667,0.36716791979949875
direct_binned,bins2048_auc,xgboost,71,3,39,ok,,0.15384615384615385,0.08888888888888889,0.05128205128205129,0.3333333333333333
direct_binned,bins2048_auc,svm,72,3,39,ok,,0.28205128205128205,0.26166222006629475,0.3185185185185185,0.38930659983291566
direct_binned,bins2048_auc,logreg,72,3,39,ok,,0.3333333333333333,0.2978363759296822,0.3742103307320699,0.38638262322472844
direct_binned,bins2048_auc,xgboost,72,3,39,ok,,0.15384615384615385,0.08888888888888889,0.05128205128205129,0.3333333333333333
direct_binned,bins2048_auc,svm,73,3,39,ok,,0.48717948717948717,0.4468599033816425,0.47333333333333333,0.5668337510442774
direct_binned,bins2048_auc,logreg,73,3,39,ok,,0.46153846153846156,0.39746031746031746,0.42333333333333334,0.47326649958228906
direct_binned,bins2048_auc,xgboost,73,3,39,ok,,0.15384615384615385,0.08888888888888889,0.05128205128205129,0.3333333333333333
direct_binned,bins2048_auc,svm,74,3,39,ok,,0.38461538461538464,0.26919602529358627,0.27314814814814814,0.3383458646616541
direct_binned,bins2048_auc,logreg,74,3,39,ok,,0.38461538461538464,0.2740740740740741,0.27884615384615385,0.3383458646616541
direct_binned,bins2048_auc,xgboost,74,3,39,ok,,0.15384615384615385,0.08888888888888889,0.05128205128205129,0.3333333333333333
direct_binned,bins2048_auc,svm,75,3,39,ok,,0.48717948717948717,0.4803174603174603,0.5061383061383061,0.5292397660818713
direct_binned,bins2048_auc,logreg,75,3,39,ok,,0.5128205128205128,0.506984126984127,0.5364413364413364,0.5530492898913951
direct_binned,bins2048_auc,xgboost,75,3,39,ok,,0.15384615384615385,0.08888888888888889,0.05128205128205129,0.3333333333333333
direct_binned,bins2048_auc,svm,76,3,39,ok,,0.48717948717948717,0.4202898550724637,0.5388888888888889,0.49707602339181284
direct_binned,bins2048_auc,logreg,76,3,39,ok,,0.48717948717948717,0.4202898550724637,0.5388888888888889,0.49707602339181284
direct_binned,bins2048_auc,xgboost,76,3,39,ok,,0.15384615384615385,0.08888888888888889,0.05128205128205129,0.3333333333333333
direct_binned,bins2048_auc,svm,77,3,39,ok,,0.41025641025641024,0.309692671394799,0.25252525252525254,0.4444444444444444
direct_binned,bins2048_auc,logreg,77,3,39,ok,,0.41025641025641024,0.309692671394799,0.25252525252525254,0.4444444444444444
direct_binned,bins2048_auc,xgboost,77,3,39,ok,,0.15384615384615385,0.08888888888888889,0.05128205128205129,0.3333333333333333
direct_binned,bins2048_auc,svm,78,3,39,ok,,0.41025641025641024,0.3680555555555555,0.4102564102564103,0.33709273182957394
direct_binned,bins2048_auc,logreg,78,3,39,ok,,0.46153846153846156,0.3942877046325322,0.41111111111111115,0.3847117794486215
direct_binned,bins2048_auc,xgboost,78,3,39,ok,,0.15384615384615385,0.08888888888888889,0.05128205128205129,0.3333333333333333
direct_binned,bins2048_auc,svm,79,3,39,ok,,0.5128205128205128,0.5070952439373492,0.5152625152625152,0.5530492898913951
direct_binned,bins2048_auc,logreg,79,3,39,ok,,0.5128205128205128,0.5051742258872989,0.5112942612942614,0.5593149540517962
direct_binned,bins2048_auc,xgboost,79,3,39,ok,,0.15384615384615385,0.08888888888888889,0.05128205128205129,0.3333333333333333
direct_binned,bins2048_auc,svm,80,3,39,ok,,0.5641025641025641,0.5529100529100529,0.5543345543345543,0.6006683375104428
direct_binned,bins2048_auc,logreg,80,3,39,ok,,0.5641025641025641,0.5568214654282766,0.5752913752913753,0.5944026733500417
direct_binned,bins2048_auc,xgboost,80,3,39,ok,,0.15384615384615385,0.08888888888888889,0.05128205128205129,0.3333333333333333
direct_binned,bins2048_auc,svm,81,3,39,ok,,0.5128205128205128,0.5000196935680806,0.5333333333333333,0.5467836257309941
direct_binned,bins2048_auc,logreg,81,3,39,ok,,0.48717948717948717,0.4803864734299517,0.5329768270944742,0.5292397660818713
direct_binned,bins2048_auc,xgboost,81,3,39,ok,,0.15384615384615385,0.08888888888888889,0.05128205128205129,0.3333333333333333
direct_binned,bins2048_auc,svm,82,3,39,ok,,0.3333333333333333,0.31907308377896615,0.32222222222222224,0.3926482873851294
direct_binned,bins2048_auc,logreg,82,3,39,ok,,0.38461538461538464,0.3535497219707746,0.3833333333333333,0.4277360066833751
direct_binned,bins2048_auc,xgboost,82,3,39,ok,,0.15384615384615385,0.08888888888888889,0.05128205128205129,0.3333333333333333
direct_binned,bins2048_auc,svm,83,3,39,ok,,0.38461538461538464,0.3148148148148148,0.43333333333333335,0.33208020050125314
direct_binned,bins2048_auc,logreg,83,3,39,ok,,0.4358974358974359,0.34385964912280703,0.4444444444444445,0.37343358395989973
direct_binned,bins2048_auc,xgboost,83,3,39,ok,,0.15384615384615385,0.08888888888888889,0.05128205128205129,0.3333333333333333
direct_binned,bins2048_auc,svm,84,3,39,ok,,0.4358974358974359,0.3652482269503546,0.3080808080808081,0.5
direct_binned,bins2048_auc,logreg,84,3,39,ok,,0.41025641025641024,0.3156565656565657,0.27058823529411763,0.4444444444444444
direct_binned,bins2048_auc,xgboost,84,3,39,ok,,0.15384615384615385,0.08888888888888889,0.05128205128205129,0.3333333333333333
direct_binned,bins2048_auc,svm,85,3,39,ok,,0.48717948717948717,0.3600771987868762,0.3688888888888889,0.4022556390977443
direct_binned,bins2048_auc,logreg,85,3,39,ok,,0.4358974358974359,0.32596522251694665,0.3466666666666667,0.36716791979949875
direct_binned,bins2048_auc,xgboost,85,3,39,ok,,0.15384615384615385,0.08888888888888889,0.05128205128205129,0.3333333333333333
direct_binned,bins2048_auc,svm,86,3,39,ok,,0.20512820512820512,0.18125960061443933,0.13903743315508021,0.31746031746031744
direct_binned,bins2048_auc,logreg,86,3,39,ok,,0.20512820512820512,0.18125960061443933,0.13903743315508021,0.31746031746031744
direct_binned,bins2048_auc,xgboost,86,3,39,ok,,0.15384615384615385,0.08888888888888889,0.05128205128205129,0.3333333333333333
direct_binned,bins2048_auc,svm,87,3,39,ok,,0.2564102564102564,0.21695402298850575,0.24444444444444446,0.2130325814536341
direct_binned,bins2048_auc,logreg,87,3,39,ok,,0.23076923076923078,0.19474747474747475,0.23391812865497075,0.20175438596491227
direct_binned,bins2048_auc,xgboost,87,3,39,ok,,0.15384615384615385,0.08888888888888889,0.05128205128205129,0.3333333333333333
direct_binned,bins2048_auc,svm,88,3,39,ok,,0.46153846153846156,0.34398034398034394,0.34472049689441,0.37218045112781956
direct_binned,bins2048_auc,logreg,88,3,39,ok,,0.358974358974359,0.26970560303893637,0.3,0.3082706766917293
direct_binned,bins2048_auc,xgboost,88,3,39,ok,,0.15384615384615385,0.08888888888888889,0.05128205128205129,0.3333333333333333
direct_binned,bins2048_auc,svm,89,3,39,ok,,0.5641025641025641,0.557422969187675,0.5476190476190476,0.5944026733500417
direct_binned,bins2048_auc,logreg,89,3,39,ok,,0.5641025641025641,0.557422969187675,0.5476190476190476,0.5944026733500417
direct_binned,bins2048_auc,xgboost,89,3,39,ok,,0.15384615384615385,0.08888888888888889,0.05128205128205129,0.3333333333333333
direct_binned,bins2048_auc,svm,90,3,39,ok,,0.7435897435897436,0.6656767310124841,0.6678362573099416,0.66624895572264
direct_binned,bins2048_auc,logreg,90,3,39,ok,,0.8205128205128205,0.7340947218996,0.7893217893217894,0.7188805346700083
direct_binned,bins2048_auc,xgboost,90,3,39,ok,,0.15384615384615385,0.08888888888888889,0.05128205128205129,0.3333333333333333
direct_binned,bins2048_auc,svm,91,3,39,ok,,0.3333333333333333,0.3667287977632805,0.36666666666666664,0.36716791979949875
direct_binned,bins2048_auc,logreg,91,3,39,ok,,0.41025641025641024,0.4098124098124098,0.39492753623188404,0.4452798663324979
direct_binned,bins2048_auc,xgboost,91,3,39,ok,,0.15384615384615385,0.08888888888888889,0.05128205128205129,0.3333333333333333
direct_binned,bins2048_auc,svm,92,3,39,ok,,0.5384615384615384,0.49456975772765244,0.49456975772765244,0.49456975772765244
direct_binned,bins2048_auc,logreg,92,3,39,ok,,0.5641025641025641,0.4317460317460317,0.42214912280701755,0.45488721804511273
direct_binned,bins2048_auc,xgboost,92,3,39,ok,,0.15384615384615385,0.08888888888888889,0.05128205128205129,0.3333333333333333
direct_binned,bins2048_auc,svm,93,3,39,ok,,0.1794871794871795,0.1538911381016644,0.4505050505050505,0.31913116123642443
direct_binned,bins2048_auc,logreg,93,3,39,ok,,0.20512820512820512,0.1869154869154869,0.442652329749104,0.3366750208855472
direct_binned,bins2048_auc,xgboost,93,3,39,ok,,0.15384615384615385,0.08888888888888889,0.05128205128205129,0.3333333333333333
direct_binned,bins2048_auc,svm,94,3,39,ok,,0.5384615384615384,0.5238651291782221,0.5193277310924369,0.5388471177944862
direct_binned,bins2048_auc,logreg,94,3,39,ok,,0.5384615384615384,0.5238651291782221,0.5193277310924369,0.5388471177944862
direct_binned,bins2048_auc,xgboost,94,3,39,ok,,0.15384615384615385,0.08888888888888889,0.05128205128205129,0.3333333333333333
direct_binned,bins2048_auc,svm,95,3,39,ok,,0.358974358974359,0.2728372655777374,0.2916666666666667,0.30200501253132833
direct_binned,bins2048_auc,logreg,95,3,39,ok,,0.4358974358974359,0.36991536991536994,0.3776021080368907,0.40517961570593153
direct_binned,bins2048_auc,xgboost,95,3,39,ok,,0.15384615384615385,0.08888888888888889,0.05128205128205129,0.3333333333333333
direct_binned,bins2048_auc,svm,96,3,39,ok,,0.2564102564102564,0.20313725490196077,0.1675438596491228,0.2698412698412698
direct_binned,bins2048_auc,logreg,96,3,39,ok,,0.2564102564102564,0.20313725490196077,0.1675438596491228,0.2698412698412698
direct_binned,bins2048_auc,xgboost,96,3,39,ok,,0.15384615384615385,0.08888888888888889,0.05128205128205129,0.3333333333333333
direct_binned,bins2048_auc,svm,97,3,39,ok,,0.5384615384615384,0.4934075399191678,0.6212370005473454,0.5321637426900585
direct_binned,bins2048_auc,logreg,97,3,39,ok,,0.6410256410256411,0.5925925925925926,0.6558900037160906,0.5710108604845447
direct_binned,bins2048_auc,xgboost,97,3,39,ok,,0.15384615384615385,0.08888888888888889,0.05128205128205129,0.3333333333333333
direct_binned,bins2048_auc,svm,98,3,39,ok,,0.20512820512820512,0.185999185999186,0.4671717171717172,0.3366750208855472
direct_binned,bins2048_auc,logreg,98,3,39,ok,,0.2564102564102564,0.25132275132275134,0.5317460317460317,0.3842940685045948
direct_binned,bins2048_auc,xgboost,98,3,39,ok,,0.15384615384615385,0.08888888888888889,0.05128205128205129,0.3333333333333333
direct_binned,bins2048_auc,svm,99,3,39,ok,,0.4358974358974359,0.3761528326745718,0.4444444444444445,0.45572263993316625
direct_binned,bins2048_auc,logreg,99,3,39,ok,,0.46153846153846156,0.3892255892255892,0.5060931899641578,0.4795321637426901
direct_binned,bins2048_auc,xgboost,99,3,39,ok,,0.15384615384615385,0.08888888888888889,0.05128205128205129,0.3333333333333333
direct_binned,bins2048_auc,svm,100,3,39,ok,,0.2564102564102564,0.23891913692276667,0.2888888888888889,0.3337510442773601
direct_binned,bins2048_auc,logreg,100,3,39,ok,,0.28205128205128205,0.2603750756200847,0.30645586297760213,0.3512949039264828
direct_binned,bins2048_auc,xgboost,100,3,39,ok,,0.15384615384615385,0.08888888888888889,0.05128205128205129,0.3333333333333333
