row_index,input_min,input_max,input_range,constant_row
0,-0.002597227912064811,0.6605570158826934,0.6631542437947583,False
1,-0.002747294442488499,0.5154636490841752,0.5182109435266636,False
2,-0.002433664619918358,0.8603232056687813,0.8627568702886996,False
3,-0.0022701328741803776,0.999636441288126,1.0019065741623063,False
4,-0.002128927477586099,0.9999545770846762,1.0020835045622623,False
5,-0.0021183970901360524,0.7619920134663765,0.7641104105565125,False
6,-0.002093860867506719,0.9991724272032527,1.0012662880707595,False
7,-0.002170344461417366,0.9997208108601764,1.0018911553215937,False
8,-0.0020692664647492926,0.9998338777160904,1.0019031441808397,False
9,-0.0017931981657393376,0.9339473107961088,0.9357405089618481,False
10,-0.0021488454263431595,0.6282887484731244,0.6304375938994676,False
11,-0.0017026850657727618,0.9991523434873519,1.0008550285531248,False
12,-0.0016774420247057688,0.8008825291312195,0.8025599711559253,False
13,-0.0016235495753554924,0.9999969576661564,1.0016205072415119,False
14,-0.0016235495753554924,0.9999969576661561,1.0016205072415116,False
15,-0.0016641680669204299,0.9983091592578186,0.999973327324739,False
16,-0.004462639433697546,0.9999903299305718,1.0044529693642694,False
17,-0.004462639433697537,0.9999903299305729,1.0044529693642705,False
18,-0.0016709665399860984,0.35246741880082644,0.35413838534081254,False
19,-0.0019465553653020906,0.9997716012747462,1.0017181566400484,False
20,-0.0019465553653020937,0.9997716012747159,1.001718156640018,False
21,-0.0016152998661076437,0.9427440901643868,0.9443593900304944,False
22,-0.0015271185737672974,0.7268204417346762,0.7283475603084435,False
23,-0.0016410565243549482,0.7475336609673355,0.7491747174916905,False
24,-0.0015095208047197037,0.9999316350588751,1.0014411558635947,False
25,-0.0015610193103410847,0.44582972671972537,0.44739074603006646,False
26,-0.0014850827044529374,0.9999928435132627,1.0014779262177156,False
27,-0.0014845672235459036,0.9995509294924328,1.0010354967159787,False
28,-0.0014686385601255408,0.8619755979827598,0.8634442365428854,False
29,-0.0014968813908530158,0.8243110375500765,0.8258079189409295,False
30,-0.0014511110511550725,0.9980619834648977,0.9995130945160527,False
31,-0.0015816836005360798,0.8422018910920664,0.8437835746926026,False
32,-0.0014442599299323926,0.7860064780268271,0.7874507379567595,False
33,-0.00142367885347659,0.5479197129177664,0.549343391771243,False
34,-0.002767155606577091,0.9999914026858879,1.002758558292465,False
35,-0.0027671556065771083,0.9999914026858925,1.0027585582924696,False
36,-0.0013947971829277564,0.9298140195486435,0.9312088167315713,False
37,-0.0013888693374811572,0.7062529315263731,0.7076418008638543,False
38,-0.041124041881623045,1.0,1.041124041881623,False
39,-0.0015295514931824223,0.9998236122873876,1.00135316378057,False
40,-0.0015295514931824223,0.9998236122873618,1.0013531637805442,False
41,-0.001537425472629905,0.9992849387917073,1.0008223642643372,False
42,-0.0013765675799580217,0.9998639365428956,1.0012405041228536,False
43,-0.0017070016505801179,0.999973252979952,1.0016802546305321,False
44,-0.0017070016505801179,0.999973252979948,1.0016802546305281,False
45,-0.0013659837459305006,0.9995623113972313,1.0009282951431617,False
46,-0.001352831111325329,0.9992301942852164,1.0005830253965418,False
47,-0.001352004281215279,0.8528638994778566,0.8542159037590719,False
48,-0.001338478287660514,0.9466003805489545,0.947938858836615,False
49,-0.0021292052989755764,0.7463714771275233,0.7485006824264988,False
50,-0.0014054310774103717,0.8922555344102809,0.8936609654876914,False
51,-0.0015945604504559053,0.9998280745506148,1.0014226350010706,False
52,-0.001594560450455905,0.9998280745506004,1.0014226350010562,False
53,-0.0014130938980947082,0.6184144431702366,0.6198275370683314,False
54,-0.001299310022217786,0.9465810452780765,0.9478803553002944,False
55,-0.0029645325740429653,0.999999459629443,1.002963992203486,False
56,-0.002964532574042965,0.9999994596294433,1.0029639922034863,False
57,-0.001285173814712203,0.8596691742043617,0.8609543480190739,False
58,-0.0012817962822289709,0.999892824355602,1.001174620637831,False
59,-0.001280772431428524,1.0,1.0012807724314285,False
60,-0.001466798542652066,1.0,1.001466798542652,False
61,-0.03784210120175956,1.0,1.0378421012017596,False
62,-0.001257361267030357,0.9999609575554183,1.0012183188224486,False
63,-0.0012573612670303568,0.9999609575554073,1.0012183188224377,False
64,-0.0012906964714612318,0.9996372236359696,1.0009279201074308,False
65,-0.001243675805299383,0.7847239017726727,0.7859675775779721,False
66,-0.0012370051061658877,0.9991504512630527,1.0003874563692186,False
67,-0.0012847681517435552,0.9475293836986398,0.9488141518503834,False
68,-0.0012315249763055311,0.9998033374324273,1.0010348624087329,False
69,-0.001228953124863498,0.9984226784372972,0.9996516315621606,False
70,-0.019052003074132948,1.0,1.019052003074133,False
71,-0.0012684429213780392,0.7369056523529007,0.7381740952742788,False
72,-0.0014118650493784132,0.9989915273805113,1.0004033924298898,False
73,-0.0012188144668291473,0.9979578933776989,0.9991767078445281,False
74,-0.0012165005637819668,0.7892788469664183,0.7904953475302002,False
75,-0.001284259814382298,0.6376483058674921,0.6389325656818744,False
76,-0.029695671058713,1.0,1.029695671058713,False
77,-0.019300967339040697,1.0,1.0193009673390407,False
78,-0.0012094524498035644,0.9985166800225923,0.9997261324723958,False
79,-0.0012064426055146485,0.6962734616973983,0.697479904302913,False
80,-0.0012183494696144834,0.9993682760148976,1.0005866254845122,False
81,-0.001280774953390942,0.9999953740614941,1.001276149014885,False
82,-0.001280774953390942,0.9999953740614946,1.0012761490148856,False
83,-0.0011902156274587467,0.8223184839785673,0.8235086996060261,False
84,-0.04151318299700198,1.0,1.041513182997002,False
85,-0.0012378281347439851,0.9720446979770758,0.9732825261118198,False
86,-0.0012395553061926611,0.9998286701766722,1.001068225482865,False
87,-0.0012395553061926611,0.9998286701766677,1.0010682254828602,False
88,-0.001229155020287485,0.9973662520549191,0.9985954070752067,False
89,-0.0027762552252808903,0.9999988597842483,1.0027751150095292,False
90,-0.0027762552252803014,0.999998859784248,1.0027751150095283,False
91,-0.0011478106313447364,1.0,1.0011478106313447,False
92,-0.0011487397979415114,0.7405323489582241,0.7416810887561656,False
93,-0.0012411534341773092,0.8626006458958714,0.8638417993300487,False
94,-0.0011640529374334825,0.7935198677902038,0.7946839207276373,False
95,-0.0018883141143312368,0.9998479864391293,1.0017363005534605,False
96,-0.04380537812511453,1.0,1.0438053781251144,False
97,-0.0011284413241357519,0.9993656680358575,1.0004941093599933,False
98,-0.0011326051450282254,0.6084731638039721,0.6096057689490003,False
99,-0.0011275306195449837,0.9999629208388409,1.0010904514583858,False
100,-0.0011275306195449837,0.9999629208388373,1.0010904514583823,False
101,-0.0011217726091796063,0.9991080694506858,1.0002298420598654,False
102,-0.0011153997827155456,0.6839280415748322,0.6850434413575478,False
103,-0.001114243229615253,1.0,1.0011142432296152,False
104,-0.0011094023506449233,1.0,1.0011094023506448,False
105,-0.0486815951413798,1.0,1.0486815951413797,False
106,-0.0012017723420654455,0.9992168882552807,1.0004186605973462,False
107,-0.001094262770838972,0.6185649215049835,0.6196591842758226,False
108,-0.027580305357832614,1.0,1.0275803053578325,False
109,-0.0015501603462499656,0.9995236830769393,1.0010738434231892,False
110,-0.0015501603462499656,0.9995236830769129,1.0010738434231627,False
111,-0.001082929289991253,0.8169435329437673,0.8180264622337585,False
112,-0.0012546515653307456,0.998564251181433,0.9998189027467638,False
113,-0.0010793065466803893,0.7344752004702436,0.735554507016924,False
114,-0.0011777175874917454,0.9999885235100315,1.0011662410975233,False
115,-0.0011777175874917454,0.9999885235100291,1.0011662410975208,False
116,-0.0010816935059040824,1.0,1.0010816935059041,False
117,-0.0010763114847650588,0.6238271442372135,0.6249034557219786,False
118,-0.009466495476927926,1.0,1.009466495476928,False
119,-0.0020887961723743,0.9999867588269205,1.0020755549992948,False
120,-0.0020887961723743084,0.9999867588269165,1.0020755549992908,False
121,-0.0011625877095259214,0.6477103960197079,0.6488729837292339,False
122,-0.0011579498234277775,0.549060610099105,0.5502185599225328,False
123,-0.0011132747617347452,0.9999966639851944,1.001109938746929,False
124,-0.0011132747617347452,0.9999966639851942,1.0011099387469289,False
125,-0.0010568242563117251,1.0,1.0010568242563118,False
126,-0.001054011941639744,0.7203207300900735,0.7213747420317133,False
127,-0.0012459480406714159,0.6309860940843467,0.6322320421250182,False
128,-0.3385808415759609,0.057149903890484965,0.3957307454664459,False
129,-0.0010392597505377973,0.46158711786719586,0.4626263776177337,False
130,-0.0012253845436575852,0.9983464307392637,0.9995718152829213,False
131,-0.0021811605382817175,1.0,1.0021811605382818,False
132,-0.0027994837405759154,0.9999943567160045,1.0027938404565804,False
133,-0.002799483740575918,0.999994356716005,1.0027938404565808,False
134,-0.001021458455676236,0.9250528300841754,0.9260742885398516,False
135,-0.0010205691914703002,1.0,1.0010205691914702,False
136,-0.001118647374931946,0.8673779915744683,0.8684966389494002,False
137,-0.0013459858216135203,0.9999960899089612,1.0013420757305747,False
138,-0.0013459858216135485,0.9999960899089614,1.0013420757305749,False
139,-0.0010117593812516122,0.6750893926533637,0.6761011520346153,False
140,-0.0010836267321377396,1.0,1.0010836267321377,False
141,-0.0013160849509561195,0.9998078565481384,1.0011239414990944,False
142,-0.0013160849509561198,0.9998078565481159,1.001123941499072,False
143,-0.0013890355825061183,0.9999976821548762,1.0013867177373823,False
144,-0.0013890355825065003,0.9999976821548752,1.0013867177373816,False
145,-0.0011629703059501519,0.9989751646147087,1.0001381349206588,False
146,-0.0009952586409399946,0.6225544712240038,0.6235497298649437,False
147,-0.0009940216103852607,0.6383118033188105,0.6393058249291959,False
148,-0.0010556737192593444,0.9986514867092474,0.9997071604285067,False
149,-0.0009849120338633842,1.0,1.0009849120338634,False
150,-0.0012787826197679024,0.9999977651641478,1.0012765477839158,False
151,-0.0012787826197679028,0.9999977651641477,1.0012765477839156,False
152,-0.0010351146249059854,0.6859979563455972,0.6870330709705033,False
153,-0.001312932192857691,0.9999985114964876,1.0013114436893453,False
154,-0.001312932192857691,0.9999985114964881,1.0013114436893458,False
155,-0.0009774390288647922,0.2859639498881781,0.28694138891704285,False
156,-0.0009738880190547293,1.0,1.0009738880190546,False
157,-0.0009657615252149542,0.6557473705588345,0.6567131320840495,False
158,-0.0010172197774430168,0.7559736274560125,0.7569908472334556,False
159,-0.0010210160448871639,0.5070659056522097,0.5080869216970968,False
160,-0.021619228554080352,1.0,1.0216192285540804,False
161,-0.0009628614616628647,0.2984444112818022,0.29940727274346507,False
162,-0.0010489081998813993,0.9997213203537635,1.0007702285536448,False
163,-0.0010489081998813993,0.9997213203537766,1.000770228553658,False
164,-0.0010674673036907792,0.6401723226343097,0.6412397899380005,False
165,-0.0009574999187444318,0.6321455380484989,0.6331030379672433,False
166,-0.0009542272853535043,0.9999993766119039,1.0009536038972573,False
167,-0.0009542272853535043,0.9999993766119039,1.0009536038972573,False
168,-0.0012522405875884013,0.950836901114774,0.9520891417023625,False
169,-0.0009884030141692672,0.5281846256713864,0.5291730286855556,False
170,-0.0009439947645201857,0.501829367677107,0.5027733624416272,False
171,-0.0009421193949832217,0.4901461685822407,0.4910882879772239,False
172,-0.0013925847137709255,0.4663093218183311,0.46770190653210203,False
173,-0.0009898583676699042,0.5503812343278354,0.5513710926955052,False
174,-0.0010277324746278465,0.9977026445679473,0.9987303770425752,False
175,-0.001074096778880476,0.9999899633213821,1.0010640601002625,False
176,-0.001074096778880476,0.9999899633213808,1.0010640601002612,False
177,-0.0009248545389638241,0.9990067240054196,0.9999315785443834,False
178,-0.01681637583145176,1.0,1.0168163758314517,False
179,-0.0011089197851270594,0.9998877916235954,1.0009967114087224,False
180,-0.0011089197851270594,0.9998877916235895,1.0009967114087166,False
181,-0.0009167823834267478,0.9999325399123872,1.000849322295814,False
182,-0.0009167823834267478,0.999932539912376,1.0008493222958028,False
183,-0.0009721741072620006,1.0,1.000972174107262,False
184,-0.0009590298124862121,0.6174735007478831,0.6184325305603693,False
185,-0.0009139050481482635,0.45468457344259106,0.4555984784907393,False
186,-0.0009097227355661001,0.9983722302766919,0.999281953012258,False
187,-0.0011556558019171265,0.9978680532545191,0.9990237090564362,False
188,-0.001252870341989381,0.9999915594997328,1.0012444298417222,False
189,-0.001252870341989381,0.9999915594997277,1.0012444298417171,False
190,-0.0009105612190980975,0.582850940509585,0.583761501728683,False
191,-0.0009381194224293092,0.44403463765972573,0.44497275708215506,False
192,-0.0011453946451471506,0.4572039400878282,0.45834933473297534,False
193,-0.0010765246357541296,0.5032850033818252,0.5043615280175794,False
194,-0.0008974713932927097,0.43350857571662454,0.43440604710991726,False
195,-0.0008960517610848862,1.0,1.000896051761085,False
196,-0.0010250016106735443,0.5807014586643795,0.581726460275053,False
197,-0.0009549878741406633,0.9999910201469577,1.0009460080210983,False
198,-0.0009549878741406633,0.9999910201469577,1.0009460080210983,False
199,-0.0008917019449682117,0.3638955073121945,0.36478720925716274,False
200,-0.0009642777053429025,0.32746952883352354,0.32843380653886645,False
201,-0.0010837195746476683,0.9990055096642405,1.000089229238888,False
202,-0.0009245577820524661,0.6934212458920306,0.694345803674083,False
203,-0.03985095068553776,1.0,1.0398509506855378,False
204,-0.0901914980884169,1.0,1.0901914980884169,False
205,-0.0008746226644680443,0.5932101227688296,0.5940847454332976,False
206,-0.0008725906793969004,0.449017106061178,0.4498896967405749,False
207,-0.0013914800907589724,0.9999792713741776,1.0013707514649366,False
208,-0.0013914800907589724,0.9999792713741769,1.001370751464936,False
209,-0.0010167235622614947,1.0,1.0010167235622616,False
210,-0.0008628478082595883,0.41740908169270363,0.4182719295009632,False
211,-0.0008625401287147195,0.9998392409098685,1.0007017810385832,False
212,-0.0008625401287147195,0.9998392409098644,1.0007017810385792,False
213,-0.0008610183813233309,0.9910846817888596,0.9919457001701829,False
214,-0.0009422213266297591,0.9985195345489285,0.9994617558755583,False
215,-0.000858990355193023,0.8948593001495125,0.8957182905047055,False
216,-0.0008756202479301295,1.0,1.00087562024793,False
217,-0.0008573298746409235,0.3415424344479146,0.34239976432255553,False
218,-0.0009396213344915648,0.5552557771539699,0.5561953984884614,False
219,-0.0008561403570613654,0.20937274738034006,0.21022888773740142,False
220,-0.0009055669867229177,0.9997839842950108,1.0006895512817338,False
221,-0.0009055669867229177,0.9997839842950162,1.000689551281739,False
222,-0.0008525336276200342,0.8695592006127454,0.8704117342403654,False
223,-0.0009618526777115127,0.5206365325262061,0.5215983852039177,False
224,-0.0009001204429476112,0.34996431611300555,0.3508644365559532,False
225,-0.0008452552582455594,0.5127997093214828,0.5136449645797283,False
226,-0.0008422229478753673,1.0,1.0008422229478753,False
227,-0.0016550747394275189,1.0,1.0016550747394275,False
228,-0.004421311092450891,0.9999956324740781,1.0044169435665289,False
229,-0.004421311092450888,0.9999956324740787,1.0044169435665296,False
230,-0.0009117615507760651,0.7251329208291815,0.7260446823799576,False
231,-0.0010293913678025707,0.5104764657641039,0.5115058571319064,False
232,-0.0008327134275141355,1.0,1.0008327134275141,False
233,-0.0008943874518887342,0.9999859158494235,1.0008803033013123,False
234,-0.0008943874518887342,0.9999859158494242,1.000880303301313,False
235,-0.0008277388632897349,0.44441639711562386,0.4452441359789136,False
236,-0.0008303453394056228,0.9999960794785229,1.0008264248179284,False
237,-0.0008303453394056258,0.9999960794785224,1.0008264248179282,False
238,-0.0008283836019125498,1.0,1.0008283836019125,False
239,-0.0008180709327672956,0.6772561603733183,0.6780742313060856,False
240,-0.0010291349449000218,0.8131798006915597,0.8142089356364597,False
241,-0.0008812601552439963,0.4984742774504463,0.4993555376056903,False
242,-0.0008301836219963933,0.41394493094076357,0.41477511456275995,False
243,-0.000882682783245725,0.47279334804293616,0.47367603082618187,False
244,-0.0008938715966189878,0.999981592520641,1.00087546411726,False
245,-0.0008938715966189878,0.9999815925206434,1.0008754641172624,False
246,-0.0008379008493569206,1.0,1.0008379008493569,False
247,-0.0008013726617128282,0.5038278656371007,0.5046292382988136,False
248,-0.0008672022578832374,0.5453590179938451,0.5462262202517284,False
249,-0.000893751879256522,0.9999920730404636,1.0008858249197201,False
250,-0.000893751879256522,0.9999920730404639,1.0008858249197203,False
251,-0.0007915768217173667,0.9994770816421608,1.000268658463878,False
252,-0.0007915768217173667,0.999477081642158,1.0002686584638754,False
253,-0.0008635882694431303,0.9999881587484111,1.0008517470178542,False
254,-0.0008635882694431303,0.9999881587484124,1.0008517470178555,False
255,-0.0009869697092761128,0.4426136976959525,0.4436006674052286,False
256,-0.0007848768117970783,0.539181880366812,0.5399667571786091,False
257,-0.0008254344962877403,1.0,1.0008254344962877,False
258,-0.0008563882876413256,0.6098890617573423,0.6107454500449836,False
259,-0.0010703889067095883,0.9999980636888207,1.0010684525955302,False
260,-0.0010703889067095883,0.9999980636888205,1.00106845259553,False
261,-0.0009758444444861391,0.9997799309378091,1.0007557753822953,False
262,-0.0009758444444861391,0.9997799309377878,1.000755775382274,False
263,-0.0008328628287838014,0.9999980123622765,1.0008308751910602,False
264,-0.0008328628287838014,0.999998012362276,1.0008308751910597,False
265,-0.0009550974431961317,1.0,1.0009550974431962,False
266,-0.0009005404123673167,0.9999985301895368,1.000899070601904,False
267,-0.0009005404123673167,0.9999985301895374,1.0008990706019048,False
268,-0.0007711639860242801,0.5321780993130828,0.5329492632991071,False
269,-0.0007712920539720753,1.0,1.000771292053972,False
270,-0.0007650354656577584,0.5151258269734078,0.5158908624390656,False
271,-0.0013297196555016033,0.9998008144095399,1.0011305340650416,False
272,-0.001329719655501601,0.9998008144095535,1.0011305340650551,False
273,-0.0007612578304553435,1.0,1.0007612578304554,False
274,-0.03878327210594488,1.0,1.038783272105945,False
275,-0.0007601316001366103,1.0,1.0007601316001367,False
276,-0.001276964701875295,0.9999965971357404,1.0012735618376156,False
277,-0.0012769647018752975,0.9999965971357412,1.0012735618376165,False
278,-0.0009670805933916909,0.9999966958086712,1.000963776402063,False
279,-0.0009670805933916909,0.9999966958086712,1.000963776402063,False
280,-0.0009719196463377312,0.9999942336728689,1.0009661533192067,False
281,-0.0009719196463377312,0.9999942336728684,1.0009661533192062,False
282,-0.0007612519518166798,0.45173642790788715,0.45249767985970385,False
283,-0.035387202338093185,1.0,1.0353872023380932,False
284,-0.0008298856471744042,1.0,1.0008298856471745,False
285,-0.0007508077434469025,0.2673206698535689,0.2680714775970158,False
286,-0.0008379389087301784,0.9742370091760252,0.9750749480847554,False
287,-0.0007930857273157334,1.0,1.0007930857273157,False
288,-0.0007367045961202733,1.0,1.0007367045961202,False
289,-0.0008701296590780434,0.5242303658682143,0.5251004955272923,False
290,-0.0007396677600211387,0.9997339072011272,1.0004735749611484,False
291,-0.0007396677600211387,0.99973390720112,1.000473574961141,False
292,-0.0008202002691514525,0.5330649276969098,0.5338851279660612,False
293,-0.0007334844614772106,0.5248971169363383,0.5256306013978156,False
294,-0.0008052930055814273,0.999989438317174,1.0007947313227554,False
295,-0.0008052930055814273,0.9999894383171715,1.000794731322753,False
296,-0.0007313206373100084,1.0,1.00073132063731,False
297,-0.0009398207170731634,0.4826648265499194,0.48360464726699254,False
298,-0.0009065564566707318,0.4907276761331101,0.4916342325897808,False
299,-0.0007221676816032243,1.0,1.0007221676816032,False
300,-0.0007316306417313392,0.6570458892497004,0.6577775198914317,False
301,-0.0007301130449252596,0.6024557181757338,0.603185831220659,False
302,-0.0007533408011527258,0.3917001770133668,0.39245351781451954,False
303,-0.0007713968793267107,1.0,1.0007713968793268,False
304,-0.0007691524779346404,1.0,1.0007691524779347,False
305,-0.0007135043523099287,1.0,1.0007135043523099,False
306,-0.0008357474898419553,1.0,1.000835747489842,False
307,-0.0007119557601771642,0.37645828891517286,0.37717024467535004,False
308,-0.0007165156739271056,1.0,1.000716515673927,False
309,-0.0007069478818715417,0.9993576858907378,1.0000646337726093,False
310,-0.0007069478818715417,0.9993576858907144,1.000064633772586,False
311,-0.0007411626405399908,0.9997832030546806,1.0005243656952205,False
312,-0.0008573545217463274,0.6200059781328692,0.6208633326546155,False
313,-0.0007048086629160558,0.9999997056868098,1.000704514349726,False
314,-0.0007048086629160558,0.9999997056868097,1.0007045143497257,False
315,-0.000704378694428704,1.0,1.0007043786944287,False
316,-0.003007088146493193,0.9999864276631184,1.0029935158096115,False
317,-0.0030070881464931906,0.9999864276631147,1.002993515809608,False
318,-0.0007224647636848892,1.0,1.000722464763685,False
319,-0.0007026867610296921,0.34762482647005183,0.3483275132310815,False
320,-0.0007026167256912114,0.29930447975919156,0.3000070964848828,False
321,-0.001904174380321879,0.9999951088470745,1.0018992832273965,False
322,-0.0019041743803218957,0.9999951088470753,1.0018992832273972,False
323,-0.0007383570281151337,0.9989042121662041,0.9996425691943192,False
324,-0.0023924784785397464,0.5116026158152056,0.5139950942937453,False
325,-0.023081877316566624,1.0,1.0230818773165666,False
326,-0.0006983339865757567,1.0,1.0006983339865758,False
327,-0.0007771262629816787,1.0,1.0007771262629817,False
328,-0.000700909389638209,0.34709589447623257,0.34779680386587075,False
329,-0.003340010652340362,0.9999977705556745,1.0033377812080149,False
330,-0.0033400106523403567,0.9999977705556747,1.003337781208015,False
331,-0.0009569833076207678,0.9979329032440659,0.9988898865516866,False
332,-0.0006904288886331116,0.49130752923050813,0.49199795811914127,False
333,-0.0009407821702224552,0.6878450375635939,0.6887858197338164,False
334,-0.0007692366017907373,0.5297487993850529,0.5305180359868437,False
335,-0.0007316765324991883,0.4671863200605689,0.4679179965930681,False
336,-0.0008341842180466578,0.5425032637997136,0.5433374480177603,False
337,-0.0007751583523773114,0.99999870506992,1.0007738634222973,False
338,-0.0007751583523773114,0.99999870506992,1.0007738634222973,False
339,-0.0007491571575267005,0.3977835327548048,0.39853268991233154,False
340,-0.0006799308387234913,0.5658049865886443,0.5664849174273678,False
341,-0.0006774380673049863,0.999998506224035,1.00067594429134,False
342,-0.0006774380673049863,0.9999985062240349,1.0006759442913398,False
343,-0.0006720873342535869,0.28659866475038653,0.28727075208464015,False
344,-0.018325390945988257,1.0,1.0183253909459882,False
345,-0.0006900146454261591,0.34165641014446235,0.3423464247898885,False
346,-0.0007322065760687902,0.3842614965130615,0.38499370308913033,False
347,-0.0015539607641040065,0.9999987035427804,1.0015526643068844,False
348,-0.0015539607641040234,0.9999987035427801,1.0015526643068842,False
349,-0.0006695226008281502,0.380317675725706,0.38098719832653416,False
350,-0.0007635776570328951,0.5140669413865971,0.5148305190436301,False
351,-0.0006534100514537237,0.45188137409707047,0.4525347841485242,False
352,-0.0006510775126361344,0.5150088387354604,0.5156599162480966,False
353,-0.0006999159348643509,0.27786730713515484,0.2785672230700192,False
354,-0.0006658396452119119,1.0,1.000665839645212,False
355,-0.0008236085775333628,0.9999966614297852,1.0008202700073185,False
356,-0.0008236085775333628,0.999996661429785,1.0008202700073183,False
357,-0.0006938302473568409,0.32877458719144786,0.32946841743880473,False
358,-0.0007688705343943215,0.4737565509063188,0.47452542144071314,False
359,-0.0007136546253071968,0.3509230804611897,0.3516367350864969,False
360,-0.0006364329588874793,0.3838682699276983,0.3845047028865858,False
361,-0.0006364118435296252,1.0,1.0006364118435296,False
362,-0.0006361851119526618,1.0,1.0006361851119527,False
363,-0.0006358161632886368,1.0,1.0006358161632887,False
364,-0.0006355794310792053,0.9995356537833532,1.0001712332144324,False
365,-0.0006355794310792053,0.9995356537833745,1.0001712332144537,False
366,-0.013815954215051336,1.0,1.0138159542150513,False
367,-0.002955240781619581,0.9999960443669768,1.0029512851485964,False
368,-0.0029552407816196328,0.9999960443669774,1.002951285148597,False
369,-0.06048234540450599,1.0,1.060482345404506,False
370,-0.0006318668335940536,1.0,1.000631866833594,False
371,-0.0006695150802150802,0.5625137551007697,0.5631832701809848,False
372,-0.000629203040792528,1.0,1.0006292030407926,False
373,-0.000656225598530054,0.4010738911044385,0.40173011670296854,False
374,-0.0006261865162866479,1.0,1.0006261865162867,False
375,-0.0012494862420772555,0.9999975254984486,1.0012470117405259,False
376,-0.0012494862420772451,0.9999975254984486,1.0012470117405259,False
377,-0.000993400418452499,0.4873900946339662,0.4883834950524187,False
378,-0.008016889591140375,1.0,1.0080168895911403,False
379,-0.000630224162938374,0.31452719544241525,0.31515741960535365,False
380,-0.0007950472142452911,0.9999994461164752,1.0007944933307205,False
381,-0.0007950472142452914,0.999999446116475,1.0007944933307202,False
382,-0.0007921377251813279,1.0,1.0007921377251814,False
383,-0.0007227811947121531,1.0,1.0007227811947121,False
384,-0.0014900088850907972,0.9999995247351977,1.0014895336202885,False
385,-0.001490008885090816,0.9999995247351977,1.0014895336202885,False
386,-0.015704152778562935,1.0,1.0157041527785629,False
387,-0.0006507127821416607,1.0,1.0006507127821416,False
388,-0.0006564321434226774,1.0,1.0006564321434226,False
389,-0.012079790891227432,1.0,1.0120797908912273,False
390,-0.0006411860086501074,1.0,1.0006411860086502,False
391,-0.0006139782749881841,0.4105714411783231,0.4111854194533113,False
392,-0.000607818687531683,1.0,1.0006078186875318,False
393,-0.0006069936357739498,1.0,1.000606993635774,False
394,-0.0008107238585262589,0.6193301149132611,0.6201408387717873,False
395,-0.0028863305255620855,1.0,1.002886330525562,False
396,-0.0005978121655705404,0.284321047970015,0.28491886013558554,False
397,-0.0031077203430744244,0.9999921162062761,1.0030998365493506,False
398,-0.003107720343074441,0.9999921162062779,1.0030998365493524,False
399,-0.0007433368525138391,1.0,1.0007433368525138,False
400,-0.0006873562451023263,1.0,1.0006873562451024,False
401,-0.001169210673341364,1.0,1.0011692106733414,False
402,-0.0006441273123250457,1.0,1.000644127312325,False
403,-0.0005847665143950562,0.264265331811662,0.26485009832605705,False
404,-0.000589921501914766,0.999555438830784,1.0001453603326989,False
405,-0.000589921501914766,0.9995554388307769,1.0001453603326917,False
406,-0.0006396107154968525,0.9998711137377051,1.0005107244532019,False
407,-0.0006396107154968525,0.999871113737709,1.0005107244532059,False
408,-0.0005814632384434098,0.3182386376141257,0.3188201008525691,False
409,-0.0008414077106713725,0.9999974304270914,1.0008388381377629,False
410,-0.0008414077106713725,0.9999974304270912,1.0008388381377626,False
411,-0.0005896409061389474,1.0,1.000589640906139,False
412,-0.000579546061614616,1.0,1.0005795460616147,False
413,-0.0005791938601258154,0.4493849684768338,0.4499641623369596,False
414,-0.0005774738228592828,1.0,1.0005774738228592,False
415,-0.002367699197613587,0.9999979876508309,1.0023656868484445,False
416,-0.002367699197613583,0.999997987650831,1.0023656868484445,False
417,-0.0010058289822886183,1.0,1.0010058289822885,False
418,-0.01421544395508395,1.0,1.014215443955084,False
419,-0.001879267285282872,0.9999991336020897,1.0018784008873727,False
420,-0.0018792672852828728,0.99999913360209,1.001878400887373,False
421,-0.0006593830623789701,0.34066703606503806,0.341326419127417,False
422,-0.0005866766098722219,1.0,1.0005866766098723,False
423,-0.010605621977174885,1.0,1.0106056219771749,False
424,-0.0005683964463868396,1.0,1.0005683964463867,False
425,-0.0005657929743223579,0.40019346005659273,0.4007592530309151,False
426,-0.0005680822755321325,0.3557219035829039,0.356289985858436,False
427,-0.0008146415132769421,0.999994955288113,1.00080959680139,False
428,-0.0008146415132769421,0.9999949552881107,1.0008095968013877,False
429,-0.0005718846386601383,0.27512395109899196,0.2756958357376521,False
430,-0.0005594018375749125,0.22656247146367203,0.22712187330124695,False
431,-0.0009018483802422629,0.9999865578329714,1.0008884062132137,False
432,-0.0009018483802422629,0.9999865578329765,1.0008884062132188,False
433,-0.0005531738388493835,0.6594425663560668,0.6599957401949161,False
434,-0.0006638587361279538,0.2763531339395884,0.27701699267571633,False
435,-0.0005832622696633654,0.999786782173221,1.0003700444428845,False
436,-0.0005832622696633654,0.9997867821732338,1.0003700444428971,False
437,-0.0006407083245148571,0.5987595841773676,0.5994002925018825,False
438,-0.0009354097012960394,1.0,1.0009354097012961,False
439,-0.0006801710118733275,0.9999870472710297,1.000667218282903,False
440,-0.0006801710118733275,0.9999870472710314,1.0006672182829046,False
441,-0.0005519281933939135,1.0,1.000551928193394,False
442,-0.0007084402220690684,1.0,1.0007084402220692,False
443,-0.0005646110680785437,0.9999939991738456,1.0005586102419242,False
444,-0.0005646110680785437,0.99999399917385,1.0005586102419286,False
445,-0.000542175076592489,1.0,1.0005421750765926,False
446,-0.006379646512124541,0.9999977735376161,1.0063774200497406,False
447,-0.006379646512124526,0.9999977735376158,1.0063774200497404,False
448,-0.0007970546503914581,0.9999897579486593,1.0007868125990507,False
449,-0.0007970546503914581,0.9999897579486565,1.000786812599048,False
450,-0.0006197582909792465,0.4123516674300263,0.4129714257210056,False
451,-0.000704823321023804,1.0,1.0007048233210238,False
452,-0.0005281925696752672,1.0,1.0005281925696752,False
453,-0.0005635959691780915,1.0,1.000563595969178,False
454,-0.0007268822903142068,0.6066938714275643,0.6074207537178785,False
455,-0.000587152858802091,0.40627752447405246,0.40686467733285453,False
456,-0.0005778072375044962,0.9999086215250378,1.0004864287625423,False
457,-0.0005778072375044962,0.9999086215250392,1.0004864287625437,False
458,-0.0005285015007224024,1.0,1.0005285015007224,False
459,-0.0005325924672294418,0.4032384398315419,0.4037710322987713,False
460,-0.0009546011488871469,0.9999638593477839,1.000918460496671,False
461,-0.0009546011488871459,0.9999638593477871,1.0009184604966743,False
462,-0.0005351587028826913,1.0,1.0005351587028828,False
463,-0.000582087519072617,0.3773345243274773,0.37791661184654995,False
464,-0.0005823442585603323,1.0,1.0005823442585604,False
465,-0.0005114361161939175,1.0,1.000511436116194,False
466,-0.0005106230018731873,1.0,1.0005106230018732,False
467,-0.0006753112400578496,1.0,1.000675311240058,False
468,-0.0009106444763966223,0.9999946940361033,1.0009053385125,False
469,-0.0009106444763966297,0.9999946940361043,1.0009053385125009,False
470,-0.000514157149422931,1.0,1.000514157149423,False
471,-0.000654968784917181,1.0,1.000654968784917,False
472,-0.00086016805697764,1.0,1.0008601680569778,False
473,-0.0005062904712171007,0.7897938457849,0.7903001362561171,False
474,-0.0006669227762711918,0.9999970205455435,1.0006639433218147,False
475,-0.0006669227762711919,0.9999970205455421,1.0006639433218132,False
476,-0.0006028066562288192,1.0,1.000602806656229,False
477,-0.015173469586538892,0.9997912203345487,1.0149646899210876,False
478,-0.015173469586538892,0.9997912203345328,1.0149646899210718,False
479,-0.0005282837046799671,0.34026935895662397,0.3407976426613039,False
480,-0.004330502132523732,0.9999947250190729,1.0043252271515968,False
481,-0.004330502132523783,0.9999947250190703,1.0043252271515941,False
482,-0.0005096718753022965,1.0,1.0005096718753024,False
483,-0.02313777090577058,1.0,1.0231377709057705,False
484,-0.0008934797485704663,0.9999854484437933,1.0008789281923638,False
485,-0.0008934797485704327,0.999985448443795,1.0008789281923653,False
486,-0.000494528082043498,1.0,1.0004945280820434,False
487,-0.0036745367812583583,1.0,1.0036745367812583,False
488,-0.0004905275813217826,0.24493805509612254,0.24542858267744433,False
489,-0.00837188061636369,1.0,1.0083718806163637,False
490,-0.0005483412625980108,1.0,1.000548341262598,False
491,-0.0005162548117923511,0.34164622669553013,0.3421624815073225,False
492,-0.0005480949453599863,1.0,1.00054809494536,False
493,-0.0004740913259061047,1.0,1.000474091325906,False
494,-0.0004733977415538694,0.2761104061086076,0.27658380385016146,False
495,-0.0006744564451185914,0.9999849294766268,1.0006593859217454,False
496,-0.0006744564451185914,0.9999849294766223,1.000659385921741,False
497,-0.0026479214634223666,0.9999912302933838,1.002639151756806,False
498,-0.0026479214634223475,0.9999912302933827,1.002639151756805,False
499,-0.0020369194796073884,1.0,1.0020369194796075,False
500,-0.0007272539118945566,1.0,1.0007272539118945,False
501,-0.00047604671173013256,0.3937363650147366,0.3942124117264667,False
502,-0.0007124603804468998,1.0,1.000712460380447,False
503,-0.0004681304315686264,1.0,1.0004681304315686,False
504,-0.0004676334373233421,0.9999930177858146,1.000460651223138,False
505,-0.00046763343732334205,0.9999930177858157,1.000460651223139,False
506,-0.0006449179465808222,0.9996817387142792,1.00032665666086,False
507,-0.0006449179465808222,0.9996817387142936,1.0003266566608744,False
508,-0.0004966978850079822,1.0,1.000496697885008,False
509,-0.00046342818042818595,1.0,1.000463428180428,False
510,-0.002554529527485308,0.9999988097420239,1.0025533392695092,False
511,-0.0025545295274853265,0.9999988097420238,1.0025533392695092,False
512,-0.0006733621002877721,0.9999954190961927,1.0006687811964805,False
513,-0.0006733621002877721,0.999995419096191,1.0006687811964787,False
514,-0.0004811936837423048,1.0,1.0004811936837423,False
515,-0.0004999819985138629,0.29669354660539604,0.2971935286039099,False
516,-0.0004522120829095264,1.0,1.0004522120829096,False
517,-0.0007558966277604692,1.0,1.0007558966277605,False
518,-0.00046011834823648834,1.0,1.0004601183482364,False
519,-0.001305917149514419,0.9999922969293961,1.0012982140789104,False
520,-0.0013059171495144223,0.9999922969293971,1.0012982140789115,False
521,-0.001118595850522569,0.9999863976193165,1.001104993469839,False
522,-0.001118595850522569,0.9999863976193164,1.001104993469839,False
523,-0.00044104495674586697,0.502917429943511,0.5033584749002569,False
524,-0.0006453506813989473,1.0,1.000645350681399,False
525,-0.000590578230452369,1.0,1.0005905782304523,False
526,-0.02304177483350842,1.0,1.0230417748335083,False
527,-0.0006152684193902247,1.0,1.0006152684193903,False
528,-0.000515524866786256,0.2696273030437275,0.27014282791051375,False
529,-0.00043394787465440946,0.2743201320632306,0.274754079937885,False
530,-0.015684358498791462,1.0,1.0156843584987914,False
531,-0.0006316254239043391,1.0,1.0006316254239043,False
532,-0.0004314269795752683,1.0,1.0004314269795753,False
533,-0.0004991891553268453,1.0,1.0004991891553268,False
534,-0.00042574092001655884,1.0,1.0004257409200166,False
535,-0.0005783065655037823,1.0,1.0005783065655038,False
536,-0.001516720074418345,0.9998929018632056,1.0014096219376238,False
537,-0.001516720074418328,0.9998929018632075,1.0014096219376258,False
538,-0.00046475455810005586,1.0,1.0004647545581,False
539,-0.0004231931227105836,0.9999960466248826,1.0004192397475933,False
540,-0.0004231931227105836,0.9999960466248818,1.0004192397475924,False
541,-0.00043721122122313493,1.0,1.0004372112212232,False
542,-0.0005844181573139145,1.0,1.0005844181573138,False
543,-0.0006086540244237911,1.0,1.000608654024424,False
544,-0.0012360106451035676,0.9999895919477751,1.0012256025928787,False
545,-0.0012360106451035687,0.9999895919477761,1.0012256025928796,False
546,-0.0005538608485818686,1.0,1.0005538608485818,False
547,-0.0005393613091291289,1.0,1.0005393613091291,False
548,-0.0004130928049523415,1.0,1.0004130928049524,False
549,-0.0012350432079459668,0.999988129691641,1.0012231728995868,False
550,-0.0012350432079459653,0.9999881296916344,1.0012231728995804,False
551,-0.001921113025458755,1.0,1.0019211130254588,False
552,-0.00040739202348074883,1.0,1.0004073920234808,False
553,-0.0004969526388739809,1.0,1.000496952638874,False
554,-0.008289196596055424,1.0,1.0082891965960554,False
555,-0.0005996796111037276,1.0,1.0005996796111036,False
556,-0.0005661759598917238,1.0,1.0005661759598916,False
557,-0.0004318090813961256,1.0,1.0004318090813962,False
558,-0.0004264023145840172,0.26065730646541097,0.261083708779995,False
559,-0.0003917678039480036,0.21924186954743258,0.21963363735138058,False
560,-0.0005283403471817553,0.9991035900544204,0.9996319304016021,False
561,-0.0005283403471817571,0.9991035900543959,0.9996319304015776,False
562,-0.0006845392606012934,0.9993466034659444,1.0000311427265456,False
563,-0.0006845392606012686,0.9993466034659597,1.000031142726561,False
564,-0.0008985431015010629,0.9998904921453129,1.000789035246814,False
565,-0.0008985431015010628,0.9998904921453204,1.0007890352468216,False
566,-0.0003860893753030034,1.0,1.000386089375303,False
567,-0.00045273622891437104,0.9999194566928427,1.000372192921757,False
568,-0.00045273622891437126,0.9999194566928422,1.0003721929217566,False
569,-0.000478489089638143,1.0,1.000478489089638,False
570,-0.031213281723420645,0.8540473295602452,0.8852606112836658,False
571,-0.0003816505284327702,1.0,1.0003816505284329,False
572,-0.00043957774392916347,0.36518846323150217,0.36562804097543133,False
573,-0.0014802038700119115,0.9999967065797315,1.0014769104497434,False
574,-0.0014802038700119167,0.9999967065797324,1.0014769104497443,False
575,-0.000856836345445674,0.9999969403439959,1.0008537766894416,False
576,-0.0008568363454456738,0.9999969403439942,1.0008537766894399,False
577,-0.0006183272860163408,1.0,1.0006183272860163,False
578,-0.00045670208714108994,0.42360528643770545,0.42406198852484656,False
579,-0.00037137933368604816,0.9998103282277113,1.0001817075613975,False
580,-0.06864118449493192,1.0,1.068641184494932,False
581,-0.0005715748618039144,0.34576540314999243,0.34633697801179636,False
582,-0.0003989535667327407,1.0,1.0003989535667328,False
583,-0.00036532599159147045,1.0,1.0003653259915914,False
584,-0.000469340878621185,1.0,1.0004693408786212,False
585,-0.032804855809403864,1.0,1.0328048558094038,False
586,-0.0003613938813287028,1.0,1.0003613938813287,False
587,-0.0004956360630026472,0.45003479423037723,0.45053043029337986,False
588,-0.0022184428443764222,1.0,1.0022184428443763,False
589,-0.00047067310640437366,1.0,1.0004706731064044,False
590,-0.00035781695459346716,1.0,1.0003578169545935,False
591,-0.0005397290297726953,1.0,1.0005397290297726,False
592,-0.0018017934707178097,0.9998728136452071,1.0016746071159248,False
593,-0.0018017934707178105,0.9998728136452069,1.0016746071159246,False
594,-0.003508592152152827,0.9999896224478098,1.0034982145999627,False
595,-0.0035085921521528104,0.999989622447813,1.0034982145999658,False
596,-0.0021710216570785096,1.0,1.0021710216570785,False
597,-0.023257301455718502,1.0,1.0232573014557185,False
598,-0.0003474156939608617,1.0,1.000347415693961,False
599,-0.0012188096240795146,0.9999945999840355,1.0012134096081151,False
600,-0.0012188096240795146,0.9999945999840366,1.0012134096081162,False
601,-0.005100504252507775,0.9998126337655512,1.004913138018059,False
602,-0.005100504252507732,0.9998126337655497,1.0049131380180574,False
603,-0.00044935616187489737,1.0,1.0004493561618748,False
604,-0.0003693285269252614,1.0,1.0003693285269253,False
605,-0.0015642738747602815,0.9999894811310006,1.001553755005761,False
606,-0.0015642738747603008,0.9999894811309955,1.0015537550057558,False
607,-0.0007810532894418175,0.9999946235739664,1.0007756768634082,False
608,-0.0007810532894418428,0.9999946235739667,1.0007756768634086,False
609,-0.0004695067577752084,1.0,1.0004695067577751,False
610,-0.0003543869747127488,1.0,1.0003543869747127,False
611,-0.012923443512872609,1.0,1.0129234435128727,False
612,-0.0005967944151376069,0.9996489724592276,1.0002457668743652,False
613,-0.0005967944151376067,0.9996489724592231,1.0002457668743607,False
614,-0.00047242453770625413,0.9997494987507379,1.0002219232884442,False
615,-0.00047242453770625413,0.9997494987507336,1.00022192328844,False
616,-0.0007419857462612139,1.0,1.0007419857462612,False
617,-0.0004516854205034159,0.9999639169153263,1.0004156023358297,False
618,-0.0004516854205034159,0.9999639169153272,1.0004156023358306,False
619,-0.0004358596201675147,1.0,1.0004358596201675,False
620,-0.0003255327853146894,1.0,1.0003255327853147,False
621,-0.0003654363084601461,1.0,1.0003654363084602,False
622,-0.0007470433663312687,0.9997047484320652,1.0004517917983966,False
623,-0.0007470433663313039,0.9997047484320731,1.0004517917984044,False
624,-0.0005940536328753384,0.9994878483317152,1.0000819019645906,False
625,-0.0005940536328753384,0.9994878483317318,1.000081901964607,False
626,-0.0003328022143636747,1.0,1.0003328022143636,False
627,-0.0008879721503981267,1.0,1.000887972150398,False
628,-0.0003160158124978049,1.0,1.0003160158124977,False
629,-0.00035507289699088847,1.0,1.000355072896991,False
630,-0.00778250416358876,1.0,1.0077825041635888,False
631,-0.00031521015510716925,1.0,1.0003152101551072,False
632,-0.0019071712994789475,0.9999896443346733,1.0018968156341523,False
633,-0.0019071712994789243,0.999989644334671,1.00189681563415,False
634,-0.001501420173243967,0.9999980482010696,1.0014994683743137,False
635,-0.0015014201732439618,0.9999980482010685,1.0014994683743126,False
636,-0.0003143545419029189,0.27374244354227806,0.274056798084181,False
637,-0.00031929971006640844,0.41745868873467734,0.41777798844474373,False
638,-0.00031243824168096366,0.421031856202087,0.421344294443768,False
639,-0.00031229757529570485,0.4006908590087828,0.40100315658407854,False
640,-0.004361543215474474,0.9999939624927011,1.0043555057081757,False
641,-0.00436154321547445,0.9999939624927001,1.0043555057081746,False
642,-0.000309958352421377,1.0,1.0003099583524213,False
643,-0.0004976434322762773,1.0,1.0004976434322763,False
644,-0.0003127437864640648,0.39579133387377774,0.3961040776602418,False
645,-0.0003023254550118459,1.0,1.0003023254550119,False
646,-0.00030149860632180654,1.0,1.000301498606322,False
647,-0.0009561297553414119,0.9999896900180277,1.0009458197733692,False
648,-0.000956129755341412,0.9999896900180277,1.0009458197733692,False
649,-0.0003146579317483383,1.0,1.0003146579317483,False
650,-0.00044267135551566547,1.0,1.0004426713555157,False
651,-0.0007489552323569373,1.0,1.000748955232357,False
652,-0.0014234035192834682,0.9999846778473681,1.0014080813666515,False
653,-0.0014234035192834734,0.9999846778473737,1.001408081366657,False
654,-0.0003927860493508719,1.0,1.000392786049351,False
655,-0.00029411965657200506,1.0,1.000294119656572,False
656,-0.0005420242030746083,1.0,1.0005420242030747,False
657,-0.0006815961429170392,1.0,1.000681596142917,False
658,-0.0006550562695071084,1.0,1.0006550562695071,False
659,-0.0003771364892561317,1.0,1.0003771364892562,False
660,-0.0009360762669488806,0.9995337752488345,1.0004698515157833,False
661,-0.0009360762669488812,0.9995337752488476,1.0004698515157964,False
662,-0.0002883722402061962,1.0,1.0002883722402063,False
663,-0.0003569137995915697,1.0,1.0003569137995916,False
664,-0.0006207720299035385,1.0,1.0006207720299036,False
665,-0.0004635679427865087,0.9999972176531601,1.0004607855959466,False
666,-0.0004635679427865087,0.9999972176531593,1.0004607855959458,False
667,-0.0003700887492175135,1.0,1.0003700887492175,False
668,-0.00028701245222931363,1.0,1.0002870124522294,False
669,-0.0004146457784619633,1.0,1.000414645778462,False
670,-0.0003368895552691711,0.9999950752975513,1.0003319648528204,False
671,-0.0003368895552691711,0.9999950752975517,1.0003319648528208,False
672,-0.002464179379573176,0.9996666071980053,1.0021307865775784,False
673,-0.0024641793795731784,0.9996666071980057,1.0021307865775788,False
674,-0.01971946268236343,1.0,1.0197194626823634,False
675,-0.0002800809402252533,1.0,1.0002800809402252,False
676,-0.00035853429637558665,1.0,1.0003585342963757,False
677,-0.0002758492201250857,0.21956788140591924,0.21984373062604431,False
678,-0.002528237316488538,1.0,1.0025282373164885,False
679,-0.0003807857146895756,1.0,1.0003807857146896,False
680,-0.00042986133344794685,1.0,1.000429861333448,False
681,-0.0002691416292948037,0.41734011048715564,0.41760925211645045,False
682,-0.00030013583255506264,1.0,1.0003001358325552,False
683,-0.0015303668463451836,0.9998347082355588,1.0013650750819039,False
684,-0.0015303668463451836,0.9998347082355006,1.0013650750818457,False
685,-0.10521859982692788,1.0,1.105218599826928,False
686,-0.027395801249909472,1.0,1.0273958012499094,False
687,-0.0003220532919309011,1.0,1.0003220532919308,False
688,-0.0002608450939223291,0.24030820069958791,0.24056904579351024,False
689,-0.0005418857790000775,1.0,1.000541885779,False
690,-0.00025803595626615095,1.0,1.000258035956266,False
691,-0.00028156407498705795,0.41939135428339314,0.4196729183583802,False
692,-0.00044096567473012375,1.0,1.0004409656747302,False
693,-0.0002814314085824039,0.41687604441169723,0.4171574758202796,False
694,-0.0002783630091111543,1.0,1.0002783630091112,False
695,-0.00024694503311031363,1.0,1.0002469450331104,False
696,-0.00028807327494964185,1.0,1.0002880732749497,False
697,-0.0018287838491143115,0.9999904128752003,1.0018191967243146,False
698,-0.0018287838491140328,0.9999904128751951,1.001819196724309,False
699,-0.00035829035999949553,1.0,1.0003582903599995,False
700,-0.04209507433861,1.0,1.04209507433861,False
701,-0.00027192035076373293,1.0,1.0002719203507637,False
702,-0.00040447166267350244,0.9993579222728933,0.9997623939355669,False
703,-0.00040447166267350244,0.9993579222728591,0.9997623939355327,False
704,-0.000352244028300829,1.0,1.0003522440283008,False
705,-0.00023730795017663507,0.35982679592185995,0.3600641038720366,False
706,-0.002800159831527702,0.9999996379674547,1.0027997977989824,False
707,-0.0028001598315277113,0.9999996379674544,1.0027997977989822,False
708,-0.00033725050689747087,1.0,1.0003372505068975,False
709,-0.0010941634822374568,1.0,1.0010941634822375,False
710,-0.0002318287726284807,0.44773687419090785,0.44796870296353636,False
711,-0.001067545911323333,1.0,1.0010675459113234,False
712,-0.00031126725712644644,0.42064460104830814,0.4209558683054346,False
713,-0.0003199790971761678,0.41487864417641657,0.41519862327359275,False
714,-0.0002976753868079371,1.0,1.000297675386808,False
715,-0.00022560043332626285,0.4260287905086833,0.42625439094200956,False
716,-0.0002963322412314613,1.0,1.0002963322412315,False
717,-0.0002267776666164289,1.0,1.0002267776666165,False
718,-0.0005874521259536407,1.0,1.0005874521259537,False
719,-0.0006584418639370689,1.0,1.000658441863937,False
720,-0.0015321621986113837,1.0,1.0015321621986113,False
721,-0.00034757396076736405,1.0,1.0003475739607675,False
722,-0.00022288375132913435,1.0,1.0002228837513292,False
723,-0.004340398188740144,1.0,1.0043403981887402,False
724,-0.00022892703592409323,1.0,1.0002289270359241,False
725,-0.0002229817967817158,0.5940472519888931,0.5942702337856748,False
726,-0.0007104621226101289,0.9999929276625765,1.0007033897851867,False
727,-0.0007104621226101291,0.999992927662575,1.0007033897851851,False
728,-0.0002646545746074629,1.0,1.0002646545746074,False
729,-0.000303387042495961,1.0,1.000303387042496,False
730,-0.0033538978715383534,0.999988402194588,1.0033423000661263,False
731,-0.0033538978715383526,0.9999884021945864,1.0033423000661248,False
732,-0.0006608886372011593,0.9999765438509615,1.0006374324881626,False
733,-0.0006608886372011593,0.9999765438509626,1.0006374324881637,False
734,-0.0003331269397225226,1.0,1.0003331269397224,False
735,-0.0006047740809932678,0.9999840849351419,1.0005888590161351,False
736,-0.000604774080993268,0.9999840849351395,1.0005888590161327,False
737,-0.004986140770954662,1.0,1.0049861407709546,False
738,-0.00025789490940167863,1.0,1.0002578949094016,False
739,-0.0005694103368023956,1.0,1.0005694103368024,False
740,-0.0002863144712524112,1.0,1.0002863144712524,False
741,-0.00023555619397541951,0.21157598744743375,0.21181154364140917,False
742,-0.0002050911521226244,0.4326254717788466,0.4328305629309692,False
743,-0.000390328877438599,0.3866154499515923,0.3870057788290309,False
744,-0.0002212662503025197,0.3719166711194962,0.3721379373697987,False
745,-0.00032177875201592636,1.0,1.000321778752016,False
746,-0.006917860047277686,1.0,1.0069178600472777,False
747,-0.0020419048913400887,0.9996252420998479,1.001667146991188,False
748,-0.0020419048913400684,0.9996252420998637,1.0016671469912037,False
749,-0.00020652288510608234,0.37005305717915465,0.37025958006426074,False
750,-0.001994699578633914,0.9996673181819432,1.001662017760577,False
751,-0.001994699578633847,0.9996673181820322,1.001662017760666,False
752,-0.00021574915724328894,1.0,1.0002157491572432,False
753,-0.0031192985616721,0.9999790525820392,1.0030983511437113,False
754,-0.0031192985616721094,0.9999790525820296,1.0030983511437017,False
755,-0.03567169746401805,1.0,1.035671697464018,False
756,-0.0008508066185925065,1.0,1.0008508066185926,False
757,-0.0003474362413008109,0.41929163564928296,0.41963907189058375,False
758,-0.00022820971894319688,0.4146545237180286,0.4148827334369718,False
759,-0.002031258022706307,1.0,1.0020312580227062,False
760,-0.00027099463574685836,1.0,1.0002709946357469,False
761,-0.00019176028332454817,1.0,1.0001917602833246,False
762,-0.0005337278401836814,0.9994416264131977,0.9999753542533814,False
763,-0.0005337278401836814,0.9994416264132244,0.9999753542534081,False
764,-0.00018850687727646332,0.380526360878355,0.38071486775563146,False
765,-0.00022996686527641238,0.4016888156929662,0.40191878255824265,False
766,-0.0024608650180736927,0.9992172223428628,1.0016780873609366,False
767,-0.0024608650180737088,0.9992172223428987,1.0016780873609723,False
768,-0.0003365412271308646,1.0,1.0003365412271308,False
769,-0.0018765989029150643,1.0,1.001876598902915,False
770,-0.004382478905668573,1.0,1.0043824789056686,False
771,-0.0004019286905542704,1.0,1.0004019286905543,False
772,-0.0002557775574404642,0.39007748618941374,0.3903332637468542,False
773,-0.001991553914171341,0.9999827568338037,1.001974310747975,False
774,-0.001991553914171355,0.9999827568337992,1.0019743107479706,False
775,-0.0001801994971843049,0.30883832676614076,0.30901852626332504,False
776,-0.00019402041203335897,1.0,1.0001940204120334,False
777,-0.00018335846807690658,0.40137675253898747,0.4015601110070644,False
778,-0.000222078288605433,1.0,1.0002220782886055,False
779,-0.00017899844486068522,0.4108500610245432,0.4110290594694039,False
780,-0.0007033555055355608,0.9993365593546697,1.0000399148602053,False
781,-0.0007033555055355604,0.9993365593546505,1.000039914860186,False
782,-0.00019500623564788595,0.3940976043687703,0.39429261060441817,False
783,-0.0003347333519589888,0.3539982230462419,0.3543329563982009,False
784,-0.0001896610987725204,0.39700488114878885,0.39719454224756134,False
785,-0.00026186768872952967,0.4191529936584451,0.41941486134717465,False
786,-0.00020887054548562856,1.0,1.0002088705454857,False
787,-0.0008372659659013422,0.3327217669260229,0.33355903289192423,False
788,-0.00022075520068210393,0.4180193254661619,0.418240080666844,False
789,-0.00018430909509332713,0.4676280508595765,0.4678123599546698,False
790,-0.0011543543968211584,1.0,1.001154354396821,False
791,-0.00039683080335363067,0.2698191181471344,0.270215948950488,False
792,-0.00035506867692837267,0.5387646190154075,0.5391196876923359,False
793,-0.00028425048725718073,0.4022748093915281,0.40255905987878526,False
794,-0.00021853605960595496,0.4439707185147033,0.4441892545743093,False
795,-0.003582054237773082,0.1822227333664465,0.1858047876042196,False
796,-0.00016967158907083596,1.0,1.0001696715890709,False
797,-0.001145887129014759,1.0,1.0011458871290149,False
798,-0.00016875228626001711,0.4923592042662632,0.4925279565525232,False
799,-0.0001774816853067079,0.39562327210587034,0.3958007537911771,False
800,-0.0001815835835076068,0.3868673881298923,0.3870489717133999,False
801,-0.0001677743203710067,0.39791509956703247,0.3980828738874035,False
802,-0.0005549458897259362,0.3910732031746709,0.39162814906439686,False
803,-0.002553226272603541,0.9999925962053362,1.0025458224779398,False
804,-0.002553226272603559,0.9999925962053362,1.0025458224779398,False
805,-0.0004164021036320659,1.0,1.0004164021036321,False
806,-0.00020451480488197326,1.0,1.000204514804882,False
807,-0.0006442922392404283,0.23617885673674308,0.2368231489759835,False
808,-0.001425731425779625,0.9999773427368782,1.0014030741626578,False
809,-0.0014257314257796164,0.9999773427368804,1.00140307416266,False
810,-0.00043004551661538713,0.9999974393271929,1.0004274848438082,False
811,-0.00043004551661538653,0.9999974393271926,1.000427484843808,False
812,-0.0004810019433558843,0.35231848672346333,0.3527994886668192,False
813,-0.00016115473275372098,0.3578859887214908,0.35804714345424454,False
814,-0.00025255457716928366,1.0,1.0002525545771692,False
815,-0.0001903704307275004,0.3857721744484215,0.385962544879149,False
816,-0.00023229866186012777,0.4229234215157982,0.42315572017765835,False
817,-0.00015818308133384144,0.40037020897657993,0.4005283920579138,False
818,-0.0002124372589810218,1.0,1.0002124372589811,False
819,-0.00015734778774292434,0.564435605480359,0.5645929532681019,False
820,-0.0009979525538025152,0.19248671590226388,0.1934846684560664,False
821,-0.0002832441100401487,1.0,1.0002832441100402,False
822,-0.00015590708305279709,1.0,1.0001559070830528,False
823,-0.00015542500753305678,0.38742188382712023,0.3875773088346533,False
824,-0.0002933437570999616,0.3710791065666362,0.3713724503237361,False
825,-0.021573210191759964,1.0,1.02157321019176,False
826,-0.00018577101654341924,0.18445135638245438,0.1846371273989978,False
827,-0.00029384564279970115,1.0,1.0002938456427997,False
828,-0.00023315977666722566,0.4069487545672531,0.4071819143439203,False
829,-0.00015199119539385396,0.4061534970724051,0.40630548826779894,False
830,-0.0001805736894686707,1.0,1.0001805736894687,False
831,-0.00015138589774896423,0.50920495593249,0.509356341830239,False
832,-0.00015098971400647097,0.5251838257785016,0.5253348154925082,False
833,-0.0005776124899661265,0.9992923036941236,0.9998699161840897,False
834,-0.0005776124899661264,0.9992923036941271,0.9998699161840933,False
835,-0.0020479816672021975,0.999795195443587,1.0018431771107892,False
836,-0.002047981667202237,0.9997951954435287,1.001843177110731,False
837,-0.0006515953438550197,0.38847840474096457,0.38913000008481957,False
838,-0.00037723855143523315,0.39822721651152454,0.3986044550629598,False
839,-0.0001478820168154747,0.5062139801636535,0.506361862180469,False
840,-0.00018355847582655704,0.6168932997781295,0.617076858253956,False
841,-0.0009046376939466865,1.0,1.0009046376939468,False
842,-0.0001847031360927016,1.0,1.0001847031360926,False
843,-0.0004980404828841909,0.20853588808443885,0.20903392856732303,False
844,-0.0001463930048401809,0.3905715130915328,0.390717906096373,False
845,-0.0007900375897239643,1.0,1.000790037589724,False
846,-0.0002143778240236387,0.29668703451881406,0.2969014123428377,False
847,-0.00042513549976651093,1.0,1.0004251354997664,False
848,-0.0002123540688735555,0.4387675912986416,0.43897994536751517,False
849,-0.0007481676752998926,1.0,1.0007481676752998,False
850,-0.00018475874458684195,0.6348580218176917,0.6350427805622785,False
851,-0.0014951716708222625,1.0,1.0014951716708222,False
852,-0.0028035633076529433,1.0,1.0028035633076529,False
853,-0.0001492459853380516,0.4146334830551794,0.41478272904051744,False
854,-0.0005649696184966084,0.999990409458124,1.0005553790766206,False
855,-0.0005649696184966084,0.9999904094581249,1.0005553790766215,False
856,-0.00014302817133396957,0.46369601596984394,0.46383904414117794,False
857,-0.003910130726277791,0.1901834221233922,0.19409355284967,False
858,-0.000210741621433689,0.2685370444713228,0.2687477860927565,False
859,-0.00014137848508357788,0.4555085466005003,0.45564992508558383,False
860,-0.0002160473730232376,0.4048521108803053,0.40506815825332854,False
861,-0.00014432241840913503,0.4346899528436649,0.434834275262074,False
862,-0.0003176443953991647,0.3467595607672785,0.34707720516267765,False
863,-0.00016402719939826883,0.4082737296246677,0.40843775682406597,False
864,-0.00014157972413502494,0.4051090243741325,0.4052506040982675,False
865,-0.00015336823458247015,0.31888433662757526,0.3190377048621577,False
866,-0.00014833542486247618,0.5021155835360746,0.502263918960937,False
867,-0.0001391588610296096,0.4107283494383951,0.4108675082994247,False
868,-0.0001543447291528327,0.3643423607991214,0.36449670552827423,False
869,-0.00013564709750940116,0.40210608009924836,0.40224172719675777,False
870,-0.00013526447939004192,0.3779030703727288,0.37803833485211885,False
871,-0.00028111805397903176,1.0,1.000281118053979,False
872,-0.00015425691982366637,0.7217638756225497,0.7219181325423734,False
873,-0.00018256799976532664,1.0,1.0001825679997653,False
874,-0.00030942178773338643,0.3619562302200211,0.3622656520077545,False
875,-0.00013307225232667215,0.33466496228028497,0.33479803453261164,False
876,-0.00032570662851011915,1.0,1.00032570662851,False
877,-0.00021819488352173007,0.4199541462945122,0.4201723411780339,False
878,-0.0010849256905072998,0.3313374493232264,0.3324223750137337,False
879,-0.00014916748770913798,0.38810388015396985,0.388253047641679,False
880,-0.00013135535531227932,0.4804371901477901,0.4805685455031024,False
881,-0.00013121998896708535,0.13806106378356317,0.13819228377253026,False
882,-0.00015835013347291734,0.42688469692005615,0.4270430470535291,False
883,-0.00014409565460606552,0.5034520702978668,0.5035961659524728,False
884,-0.0001306025933167598,0.42427507656988356,0.4244056791632003,False
885,-0.0003876997998133358,0.42937259424880403,0.4297602940486174,False
886,-0.0003043500464974937,0.39262422216077825,0.39292857220727573,False
887,-0.0008965375405345017,1.0,1.0008965375405345,False
888,-0.00018557272650383705,0.304041426881807,0.30422699960831084,False
889,-0.00013285913615388687,0.41920177245933354,0.41933463159548745,False
890,-0.00023051148422932187,0.35538020718998975,0.35561071867421906,False
891,-0.0002392091642413157,0.39506930665103474,0.39530851581527604,False
892,-0.001296191495073387,1.0,1.0012961914950733,False
893,-0.00014443760071062743,1.0,1.0001444376007107,False
894,-0.00012541633994984106,0.31634122839144324,0.3164666447313931,False
895,-0.00013560450952418472,0.39800522042988495,0.39814082493940917,False
896,-0.0002700848410529849,0.9997735169790619,1.0000436018201149,False
897,-0.0002700848410529846,0.9997735169790597,1.0000436018201126,False
898,-0.00022743416849826028,0.39227832627684367,0.3925057604453419,False
899,-0.0004786255812817522,0.41023508562773664,0.4107137112090184,False
900,-0.00019560578219959113,0.4067368696786898,0.4069324754608894,False
901,-0.00033926506234677217,0.27320223271848787,0.27354149778083464,False
902,-0.00016809540848034403,0.39678560704681104,0.3969537024552914,False
903,-0.00012331501969759908,0.4931032581566557,0.49322657317635327,False
904,-0.00012305831575435116,0.4200076645455136,0.42013072286126796,False
905,-0.0016278629513407908,1.0,1.0016278629513409,False
906,-0.012822392792428059,0.6740966913069486,0.6869190840993766,False
907,-0.0004969408741670109,0.3315223582604733,0.33201929913464034,False
908,-0.0002450511071382301,0.3985881206367374,0.3988331717438756,False
909,-0.000525168415171122,0.3323391027844707,0.33286427119964185,False
910,-0.00012307746269715408,0.41760920375649846,0.4177322812191956,False
911,-0.00043645027137493653,1.0,1.000436450271375,False
912,-0.00015758809399541826,0.4768067759650975,0.4769643640590929,False
913,-0.000140373237994649,1.0,1.0001403732379945,False
914,-0.00018150748553203135,1.0,1.000181507485532,False
915,-0.00012681107378688817,0.5751988487600345,0.5753256598338213,False
916,-0.0001574405820257906,0.5499632619190422,0.550120702501068,False
917,-0.00011791259555403544,0.15543081686000446,0.1555487294555585,False
918,-0.0005792791060978422,1.0,1.000579279106098,False
919,-0.00018862072394320418,1.0,1.0001886207239432,False
920,-0.00013333848756757596,0.46869406359396626,0.46882740208153384,False
921,-0.022927226171631454,0.4885396052199865,0.511466831391618,False
922,-0.00015054816905689727,0.47171114406411785,0.47186169223317476,False
923,-0.00023386465839653125,0.4208574807101118,0.42109134536850834,False
924,-0.00012482291666859264,0.2082332632415336,0.2083580861582022,False
925,-0.0005312192213329705,0.30515816980328203,0.305689389024615,False
926,-0.0013626567551019838,0.2876092756735423,0.2889719324286443,False
927,-0.001391909853998485,1.0,1.0013919098539985,False
928,-0.00021287035115533548,1.0,1.0002128703511552,False
929,-0.004133730938871968,1.0,1.004133730938872,False
930,-0.0021483138997508504,1.0,1.002148313899751,False
931,-0.0008232108885771348,0.9999980888140011,1.0008212997025783,False
932,-0.0008232108885771593,0.999998088814001,1.000821299702578,False
933,-0.00011414916193909566,0.2946598853276397,0.2947740344895788,False
934,-0.005165992119181135,0.1516357543967147,0.15680174651589585,False
935,-0.00011323361602120943,0.7873275005370549,0.7874407341530761,False
936,-0.0002575773505092796,1.0,1.0002575773505094,False
937,-0.00014335269022718654,0.40248504863552964,0.40262840132575684,False
938,-0.0007349216461125587,0.4050371209939035,0.40577204264001604,False
939,-0.0001554876316583357,1.0,1.0001554876316583,False
940,-0.00027107316948580477,1.0,1.0002710731694857,False
941,-0.00013097104632743352,0.4089563112343833,0.40908728228071073,False
942,-0.00011162125872446868,0.38952694791793724,0.38963856917666173,False
943,-0.000266069959752875,0.5438225625300954,0.5440886324898483,False
944,-0.000295581330180391,0.3095501535058783,0.30984573483605865,False
945,-0.00014073618465862002,0.4102372413451938,0.4103779775298524,False
946,-0.00011665504814055564,0.4047119103448022,0.40482856539294276,False
947,-0.0001108575327876455,0.2198476645885905,0.21995852212137815,False
948,-0.0004182653775969106,0.4199436130864097,0.42036187846400663,False
949,-0.00030230595844791945,0.5568341239078815,0.5571364298663294,False
950,-0.00010774564122579126,0.55122277346102,0.5513305191022458,False
951,-0.00015580416532187715,0.41156558188829523,0.41172138605361713,False
952,-0.005293781200468394,0.14086257134464875,0.14615635254511714,False
953,-0.046364443888499016,0.8428417913547035,0.8892062352432025,False
954,-0.00016772366071089888,0.40886953172790524,0.40903725538861613,False
955,-0.0003330765364197568,0.4246209105321908,0.42495398706861054,False
956,-0.005588984033833561,0.143469051256035,0.14905803528986858,False
957,-0.0001244135572127129,0.4331181976954725,0.4332426112526852,False
958,-0.00018888574092996492,0.773785995674072,0.773974881415002,False
959,-0.0001887813572747267,1.0,1.0001887813572747,False
960,-0.00020068299742441096,0.418771062129656,0.4189717451270804,False
961,-0.0003120872969128086,1.0,1.000312087296913,False
962,-0.002945592577444117,0.15507312390538916,0.15801871648283328,False
963,-0.00010534334771150885,0.45954484743139723,0.45965019077910874,False
964,-0.00011739590193779166,0.460022492493377,0.4601398883953148,False
965,-0.0005078162808128022,0.3975017199706106,0.39800953625142343,False
966,-0.000408864942505464,0.4007421855335674,0.40115105047607286,False
967,-0.00010907512504030905,0.4083202489096321,0.4084293240346724,False
968,-0.0001138224737732318,0.2853423607992031,0.28545618327297634,False
969,-0.0003874485628448408,0.38967569873125874,0.3900631472941036,False
970,-0.00043993456570402855,0.23806942022943856,0.2385093547951426,False
971,-0.00011342619337895473,0.2958907731167734,0.29600419931015237,False
972,-0.00045152926757485083,0.41418521076794984,0.4146367400355247,False
973,-0.00029763706140445613,0.3714929409043529,0.3717905779657574,False
974,-0.00011558797055898855,0.6509490107202707,0.6510645986908297,False
975,-0.00014241709424581822,0.8240505087875425,0.8241929258817883,False
976,-0.00010374686504712172,0.2725389506288397,0.2726426974938868,False
977,-0.00030613245856042767,1.0,1.0003061324585605,False
978,-0.00032748800232340283,0.4071342379344325,0.4074617259367559,False
979,-0.00010145178741739888,0.7136084712961401,0.7137099230835575,False
980,-0.00012097507966576217,1.0,1.0001209750796658,False
981,-0.00012026919592674726,0.38981010292078655,0.3899303721167133,False
982,-0.00014690605888824666,0.8614207252512129,0.8615676313101012,False
983,-0.00011057290440019893,0.2806930432059884,0.2808036161103886,False
984,-0.0003951363031449469,1.0,1.000395136303145,False
985,-0.00010007316088300543,0.42527116282721017,0.4253712359880932,False
986,-9.992491599471992e-05,0.39791466434301576,0.39801458925901045,False
987,-0.0004044491572051661,0.390828541287284,0.39123299044448917,False
988,-0.0002564847375903717,0.4071937755652533,0.4074502603028437,False
989,-0.004557808034273779,0.15843006386496777,0.16298787189924155,False
990,-0.00010725060696497218,0.5109301590609271,0.511037409667892,False
991,-0.00035634242475534136,1.0,1.0003563424247552,False
992,-0.0006120349034152712,0.45819900232289307,0.45881103722630834,False
993,-0.00016962681914707515,0.3909421362048909,0.39111176302403794,False
994,-0.00010522595673556734,0.9326486961865144,0.9327539221432499,False
995,-0.0003056933310986265,0.390679280091834,0.39098497342293265,False
996,-0.0001678172349052992,0.5658734059679298,0.5660412232028351,False
997,-0.00016636637086765802,0.39635591398709574,0.3965222803579634,False
998,-0.00023948805576200837,0.3894413148481889,0.3896808029039509,False
999,-0.00014713244509710643,0.4161456140250778,0.41629274647017495,False
1000,-0.0007358463411067966,0.28531961354423097,0.28605545988533776,False
1001,-0.010939293278822787,0.43722976015061615,0.4481690534294389,False
1002,-9.75519329648903e-05,0.37442597125866867,0.37452352319163357,False
1003,-0.0010267081253612503,0.20456785162876875,0.20559455975413,False
1004,-0.00012087364840317237,0.7500148576219974,0.7501357312704006,False
1005,-9.881693936694042e-05,0.37407189975076177,0.3741707166901287,False
1006,-0.00014396662960002767,0.3768733199101886,0.3770172865397886,False
1007,-0.0007153076074408538,0.13567141758501947,0.1363867251924603,False
1008,-0.00036948152943456266,0.360498817926136,0.36086829945557053,False
1009,-0.002108260585644015,0.12768426690726464,0.12979252749290865,False
1010,-9.671301246632662e-05,0.4009812837408927,0.40107799675335903,False
1011,-0.00011421829053883302,0.5123608987978219,0.5124751170883607,False
1012,-0.0001473279155706111,0.4172119786836681,0.4173593065992387,False
1013,-0.00025285719851106565,0.40876891622697226,0.40902177342548335,False
1014,-0.00014690486215791014,0.4061887466209168,0.4063356514830747,False
1015,-9.54134203582552e-05,0.2673927676260964,0.2674881810464546,False
1016,-9.501232738884226e-05,0.4699701041493543,0.47006511647674315,False
1017,-0.00020381014518373796,0.9975933966620556,0.9977972068072394,False
1018,-0.00027453876694959455,0.6457009470568609,0.6459754858238105,False
1019,-0.0005976044457819662,1.0,1.000597604445782,False
1020,-0.00043086589123368164,0.2628770694923777,0.2633079353836114,False
1021,-0.00028262766170378224,0.400273071650984,0.4005556993126878,False
1022,-0.0002642004298486381,0.3877757837344337,0.38803998416428237,False
1023,-9.333062682653901e-05,0.28284381239996126,0.2829371430267878,False
1024,-0.0005563516273358701,0.9999962577257627,1.0005526093530985,False
1025,-0.0005563516273358701,0.9999962577257631,1.000552609353099,False
1026,-9.306070751011157e-05,0.46273799051116754,0.4628310512186776,False
1027,-0.0013147500259790873,0.09652681520131112,0.0978415652272902,False
1028,-0.0005108681825564967,0.3987382683513761,0.3992491365339326,False
1029,-0.00012444755431492444,0.3010887617544403,0.3012132093087552,False
1030,-0.00012091244077516749,0.40373391880666126,0.40385483124743643,False
1031,-0.0005780808285060295,0.4261722170855263,0.4267502979140323,False
1032,-0.00015659044927460124,0.5622856125737083,0.562442203022983,False
1033,-0.00011418959459494641,0.22915873782313884,0.22927292741773378,False
1034,-0.00041946847788807497,0.38829251989322705,0.38871198837111515,False
1035,-0.003583145977398082,1.0,1.003583145977398,False
1036,-0.00010237769496964448,0.20319524679006448,0.20329762448503413,False
1037,-9.059880249837613e-05,0.2728650747290529,0.2729556735315513,False
1038,-0.00035782205690057246,0.4179064885057188,0.41826431056261937,False
1039,-9.036673668291208e-05,0.42201653692728913,0.422106903663972,False
1040,-0.0001144166837550587,0.39250801796770907,0.3926224346514641,False
1041,-0.0006919010079997175,0.397260040917236,0.3979519419252357,False
1042,-0.00017123430016824668,0.41293437136798805,0.4131056056681563,False
1043,-0.0023228757174319583,1.0,1.002322875717432,False
1044,-9.820370964024272e-05,0.19473479694735962,0.19483300065699988,False
1045,-0.0001254692773481562,0.2852960847975347,0.28542155407488284,False
1046,-0.00014483528293869543,0.3381460448645655,0.3382908801475042,False
1047,-0.00011098402262640438,0.4457529969399372,0.4458639809625636,False
1048,-0.02335624942370714,0.9074541369749717,0.9308103863986789,False
1049,-0.0008906187953532254,1.0,1.0008906187953532,False
1050,-8.878323680647533e-05,0.5072328765014706,0.5073216597382771,False
1051,-0.026069506006396372,1.0,1.0260695060063965,False
1052,-0.0009077934111943833,0.3761857918143778,0.3770935852255722,False
1053,-0.000492538436889752,0.41740653586606763,0.41789907430295736,False
1054,-0.0004160656862786655,0.40866972744431435,0.409085793130593,False
1055,-0.00022043117353650279,0.9999112258186813,1.0001316569922178,False
1056,-0.00022043117353650276,0.999911225818685,1.0001316569922214,False
1057,-0.0003182224385888084,0.3975931752941482,0.39791139773273704,False
1058,-8.763114298581775e-05,0.17630913084823127,0.1763967619912171,False
1059,-9.405146690987824e-05,0.08429919905688985,0.08439325052379973,False
1060,-0.00016355178961748363,0.5645508649371889,0.5647144167268063,False
1061,-0.0004758280322667186,1.0,1.0004758280322668,False
1062,-0.00022567604497572793,0.39525075031913953,0.3954764263641153,False
1063,-0.00020360445250552125,0.4928820977813788,0.4930857022338843,False
1064,-0.0004145460611098325,0.3832363079116703,0.38365085397278015,False
1065,-0.00010749242900398515,0.2715921532120158,0.2716996456410198,False
1066,-8.723126589667762e-05,0.24337909916986988,0.24346633043576657,False
1067,-0.0001954286293604312,0.42088885952168226,0.4210842881510427,False
1068,-0.00032002552006661427,0.9995319804663843,0.9998520059864509,False
1069,-0.00032002552006661427,0.9995319804664213,0.9998520059864879,False
1070,-0.001283082285649502,1.0,1.0012830822856496,False
1071,-0.0001230102997727913,0.4161707985255872,0.41629380882536,False
1072,-0.003198163779542373,1.0,1.0031981637795424,False
1073,-0.0003517503150368665,0.3898361998127107,0.3901879501277476,False
1074,-8.913140379255298e-05,0.32924918255656527,0.32933831396035784,False
1075,-0.00034623667082045646,0.4239854490802805,0.424331685751101,False
1076,-0.0001414419667364204,0.9960330775126596,0.996174519479396,False
1077,-0.013984505302343854,0.3176482218474055,0.33163272714974934,False
1078,-0.00027008281808674445,0.46845415151390324,0.46872423433199,False
1079,-0.00032554036855287906,0.7765056368566534,0.7768311772252063,False
1080,-8.298563501594493e-05,0.493587044726744,0.49367003036175994,False
1081,-0.0005187646082126424,0.6664948667151377,0.6670136313233503,False
1082,-0.0002493215712954986,0.7373319426096148,0.7375812641809103,False
1083,-0.0005822646654209201,0.3629203768294421,0.36350264149486305,False
1084,-0.0001726265969294031,0.37733493313817107,0.3775075597351005,False
1085,-0.0002878319565439021,0.14249083601297355,0.14277866796951746,False
1086,-9.359163681454034e-05,0.3994008795342072,0.39949447117102177,False
1087,-0.00010167308699552489,0.35250175877177686,0.3526034318587724,False
1088,-8.212117862766264e-05,0.10984218203303409,0.10992430321166174,False
1089,-0.005780894100436888,1.0,1.005780894100437,False
1090,-8.171691886220968e-05,0.3782733793829456,0.3783550963018078,False
1091,-0.00010185747513477576,0.11936620185585145,0.11946805933098623,False
1092,-0.00013913787740802054,0.3664870020253487,0.3666261399027567,False
1093,-8.154873089477112e-05,0.5395507572491732,0.539632305980068,False
1094,-0.00014049359886662754,0.638352466250463,0.6384929598493296,False
1095,-0.00015821387922470813,0.3879971313205823,0.388155345199807,False
1096,-0.0001284867713201975,0.41897957849815004,0.41910806526947025,False
1097,-8.124114497025664e-05,0.4631798178977531,0.46326105904272336,False
1098,-0.00017376747315811668,1.0,1.0001737674731581,False
1099,-0.0007752984520264495,0.34470276683701373,0.3454780652890402,False
1100,-0.00012151697228883384,0.4883863076377252,0.4885078246100141,False
1101,-0.00021493073926984015,0.5242024954225027,0.5244174261617726,False
1102,-0.0003331131303950563,1.0,1.000333113130395,False
1103,-0.0029139356743683054,0.312842227691783,0.3157561633661513,False
1104,-0.00015306788244262787,0.37062093061662404,0.37077399849906667,False
1105,-0.0006591873155367166,1.0,1.0006591873155368,False
1106,-0.00012695223732227219,0.4639271116381938,0.46405406387551607,False
1107,-7.974534475155657e-05,0.42989968216287594,0.4299794275076275,False
1108,-7.963921206368768e-05,0.4701739053450074,0.4702535445570711,False
1109,-0.0005438744399134156,0.391733143354728,0.3922770177946414,False
1110,-9.331318444960635e-05,0.36745738092422814,0.36755069410867774,False
1111,-7.948938633016341e-05,0.5298524530111587,0.5299319423974889,False
1112,-8.05869386869861e-05,0.4369602724745502,0.4370408594132372,False
1113,-7.948375356921722e-05,0.2386860391237126,0.23876552287728184,False
1114,-7.920954579061998e-05,0.3354151571622199,0.3354943667080105,False
1115,-0.0015858620953327408,0.9939659038237032,0.9955517659190359,False
1116,-0.00012381254143398884,0.4472195720698678,0.4473433846113018,False
1117,-7.875924745781496e-05,0.14489766278626381,0.14497642203372163,False
1118,-0.007297728792239802,0.2558927200984679,0.2631904488907077,False
1119,-0.0002341861248463013,0.9028151878448949,0.9030493739697412,False
1120,-0.00011632226730348039,0.4934693369284595,0.49358565919576297,False
1121,-8.585466330431125e-05,0.33257118538119407,0.33265704004449836,False
1122,-0.0006125957907568426,0.41108682426537935,0.4116994200561362,False
1123,-0.00017946021997935563,0.43538998596865064,0.43556944618862997,False
1124,-0.00028524602780503774,0.6003575754130032,0.6006428214408082,False
1125,-0.00014257757931348836,1.0,1.0001425775793136,False
1126,-0.0009338318134539778,1.0,1.000933831813454,False
1127,-0.00040601072608813986,0.39648834438762504,0.3968943551137132,False
1128,-0.00019034579985307334,1.0,1.000190345799853,False
1129,-0.0007297404178155378,0.4071034495422004,0.40783318996001594,False
1130,-8.088311962773509e-05,0.46905873601151177,0.4691396191311395,False
1131,-0.0001955519620699741,0.40473265619642795,0.40492820815849795,False
1132,-8.850487150956413e-05,0.640916338634652,0.6410048435061616,False
1133,-7.790171038933226e-05,0.4735509149526546,0.47362881666304396,False
1134,-9.22112840872151e-05,0.3863393444461118,0.386431555730199,False
1135,-0.0002875808218632618,0.4125408315550502,0.4128284123769135,False
1136,-0.00018599497094784844,0.3935883509170505,0.39377434588799837,False
1137,-0.0025122173265588275,1.0,1.0025122173265588,False
1138,-7.499600708445935e-05,0.29749425695141507,0.2975692529584995,False
1139,-0.00018596401776340885,0.391130155401527,0.3913161194192904,False
1140,-0.0006536624724227065,0.3833906230160874,0.3840442854885101,False
1141,-7.709343502225601e-05,0.4178811387559693,0.41795823219099154,False
1142,-0.00036228900810524956,0.4065144644539755,0.40687675346208074,False
1143,-0.00015055752448744453,1.0,1.0001505575244873,False
1144,-7.777731294225917e-05,0.16896935203424718,0.16904712934718943,False
1145,-8.405187181717234e-05,0.46403934211517806,0.4641233939869952,False
1146,-9.719084488201371e-05,0.41294318946498193,0.41304038030986395,False
1147,-0.0001131375725766267,0.19177675515346293,0.19188989272603957,False
1148,-0.0001382526644623795,0.343444162355444,0.3435824150199064,False
1149,-8.11363485392504e-05,0.26965565608894787,0.2697367924374871,False
1150,-0.00012000374533557301,0.5046037537654136,0.5047237575107492,False
1151,-0.00013772003782730485,0.3837654048608042,0.3839031248986315,False
1152,-7.726434049887672e-05,0.485360511688788,0.4854377760292869,False
1153,-0.003033891061083903,1.0,1.0030338910610839,False
1154,-0.0007337540833268297,1.0,1.0007337540833268,False
1155,-0.0003274706379700441,0.5203127900847504,0.5206402607227204,False
1156,-7.227305370026829e-05,0.21774091062696868,0.21781318368066896,False
1157,-0.000519747412416252,0.39954688957771944,0.40006663699013567,False
1158,-0.00087374881595754,0.39094824498459974,0.39182199380055727,False
1159,-0.000366243262516026,1.0,1.000366243262516,False
1160,-7.190264392300798e-05,0.15764655880383027,0.15771846144775328,False
1161,-8.037088952649958e-05,0.4607045817702345,0.460784952659761,False
1162,-0.00036106481788191977,0.3028329732316229,0.3031940380495048,False
1163,-0.000569806826013526,0.4120220092167277,0.41259181604274126,False
1164,-0.00012989607522500537,1.0,1.000129896075225,False
1165,-0.004241279499417451,1.0,1.0042412794994175,False
1166,-0.00016834826638358709,0.4088800709519365,0.4090484192183201,False
1167,-6.954544429125114e-05,0.30594262183228693,0.3060121672765782,False
1168,-0.0001825183912740222,0.4409635523230567,0.4411460707143307,False
1169,-6.967075592331213e-05,1.0,1.0000696707559233,False
1170,-9.884337297855898e-05,0.45176736536037104,0.4518662087333496,False
1171,-0.0007518997646071605,0.21125347084700596,0.21200537061161312,False
1172,-7.252236834813207e-05,0.4629212025296198,0.462993724897968,False
1173,-0.00016698148568290187,1.0,1.0001669814856828,False
1174,-0.00045004537831736397,0.3640091915613742,0.36445923693969157,False
1175,-7.091905647604363e-05,0.4875154761720978,0.48758639522857383,False
1176,-0.00012342650001277903,0.48406285784217834,0.48418628434219113,False
1177,-6.797663631226789e-05,1.0,1.0000679766363123,False
1178,-0.0005742038757688122,0.3818850186841728,0.3824592225599416,False
1179,-6.788444724099877e-05,0.4871340477132402,0.4872019321604812,False
1180,-0.00043539403736931746,0.4133402573136454,0.4137756513510147,False
1181,-0.0004593447406200148,0.40997938366505365,0.4104387284056737,False
1182,-0.0004729779475745733,0.9986384452473581,0.9991114231949327,False
1183,-0.0005403574737276047,0.9999983204807104,1.000538677954438,False
1184,-0.0005403574737276047,0.9999983204807101,1.0005386779544378,False
1185,-7.886640439730712e-05,0.28359727615943725,0.28367614256383455,False
1186,-0.00036384802947932794,0.3635869427059495,0.3639507907354288,False
1187,-0.002907979703043592,0.37476925105811043,0.377677230761154,False
1188,-0.0002910753679049461,0.40827968335515774,0.4085707587230627,False
1189,-0.00038978703933632375,0.3896056138072148,0.38999540084655115,False
1190,-7.582392979456973e-05,0.4217141772995013,0.42179000122929583,False
1191,-0.0001627376684642386,0.3965884235785923,0.39675116124705656,False
1192,-0.00026597816636547087,0.8944689913712034,0.8947349695375688,False
1193,-0.00021136219856327418,0.4092329729834414,0.4094443351820047,False
1194,-0.00038043058106718435,0.4285705486606875,0.4289509792417547,False
1195,-0.00013253487878039084,0.4895516049542638,0.4896841398330442,False
1196,-0.007750030069574998,0.35502913442342665,0.3627791644930016,False
1197,-8.55745300756368e-05,0.4235717454302002,0.42365731996027584,False
1198,-0.0003696860186990451,0.999730697399,1.0001003834176991,False
1199,-0.00036968601869903086,0.9997306973990047,1.0001003834177038,False
1200,-8.751425025337374e-05,0.21087526634891834,0.21096278059917173,False
1201,-6.543792654637367e-05,0.47454375287834955,0.47460919080489594,False
1202,-0.00011122501710889718,0.30700959156964264,0.30712081658675155,False
1203,-0.006535145652499493,1.0,1.0065351456524996,False
1204,-0.00026198034541223786,0.516100873823069,0.5163628541684813,False
1205,-0.00019722113768908577,0.20519380265375542,0.2053910237914445,False
1206,-0.00016327769244503762,1.0,1.000163277692445,False
1207,-0.0011457724269725237,1.0,1.0011457724269726,False
1208,-0.00015303826549145261,0.5085108862267413,0.5086639244922327,False
1209,-8.861309699460172e-05,0.4010343311915356,0.4011229442885302,False
1210,-0.0002918684806414418,0.25724808440723285,0.2575399528878743,False
1211,-0.00012951583406628094,0.27958317393899784,0.2797126897730641,False
1212,-0.00030282369913902784,0.3834048993455254,0.38370772304466444,False
1213,-0.000516440837322097,0.4136479524348841,0.4141643932722062,False
1214,-6.33264640115155e-05,1.0,1.0000633264640115,False
1215,-0.0002751240257717174,0.3156002670227177,0.31587539104848944,False
1216,-7.628472679093889e-05,0.5427296240404997,0.5428059087672906,False
1217,-0.0021032810426595576,0.9998651017969912,1.0019683828396508,False
1218,-0.002103281042659591,0.9998651017969942,1.0019683828396537,False
1219,-0.0003379129522031144,0.2911595032740504,0.29149741622625347,False
1220,-0.0015120291063146286,0.9999771574636666,1.001489186569981,False
1221,-0.0015120291063146333,0.9999771574636551,1.0014891865699698,False
1222,-0.0008226364899002197,1.0,1.0008226364899002,False
1223,-6.421217661250777e-05,0.4942324463247279,0.4942966585013404,False
1224,-7.236635761199135e-05,0.4831713495640306,0.4832437159216426,False
1225,-0.00013824157113271232,0.4239337803976376,0.42407202196877036,False
1226,-6.221099763609537e-05,0.169347755829014,0.1694099668266501,False
1227,-8.802876260761796e-05,0.40639179497123,0.4064798237338376,False
1228,-0.00017303889303448738,0.4865819806201666,0.4867550195132011,False
1229,-6.213484790225405e-05,0.4329198585307153,0.43298199337861754,False
1230,-0.00017997850367863256,0.19891808607515474,0.19909806457883336,False
1231,-8.700599232400416e-05,0.38952354417281004,0.3896105501651341,False
1232,-0.0018663578366812164,0.20828890761032517,0.21015526544700638,False
1233,-8.817241904637145e-05,0.4836370170992119,0.48372518951825827,False
1234,-0.00012456166466949439,0.3997678455419719,0.39989240720664143,False
1235,-0.0016682031617262253,0.07553448576905368,0.0772026889307799,False
1236,-8.425357440202362e-05,0.46722090022529206,0.46730515379969406,False
1237,-6.131642573593704e-05,0.9097108291992292,0.9097721456249651,False
1238,-6.398630634311288e-05,0.2698044215394206,0.2698684078457637,False
1239,-7.381858543367076e-05,0.45384235723526706,0.4539161758207007,False
1240,-0.0028250185576190632,0.09472727702996399,0.09755229558758305,False
1241,-6.044311204602514e-05,0.5121132320656538,0.5121736751776998,False
1242,-0.0002837172226022252,0.249296453563027,0.24958017078562922,False
1243,-0.0002682400484727592,0.2992977060656354,0.29956594611410814,False
1244,-7.830129663235585e-05,0.3857177520251046,0.38579605332173694,False
1245,-0.00020738211599189392,0.3845244322205785,0.38473181433657044,False
1246,-9.423850759545161e-05,0.4937705498949612,0.49386478840255665,False
1247,-8.990501820983902e-05,0.44511064261448324,0.44520054763269307,False
1248,-0.0005893885244971751,1.0,1.0005893885244972,False
1249,-0.0006142637310284662,0.6245080907747035,0.625122354505732,False
1250,-6.465052423523716e-05,0.5334678509235913,0.5335325014478265,False
1251,-7.267069331717534e-05,0.2148549000441349,0.21492757073745208,False
1252,-0.0004003265432451317,0.3714798375811723,0.37188016412441743,False
1253,-5.9300626909145145e-05,0.19458455413526615,0.1946438547621753,False
1254,-5.927686313535291e-05,0.20897021242346828,0.20902948928660364,False
1255,-0.00041216963280924374,0.9903973982776096,0.9908095679104189,False
1256,-0.0004269841897455516,0.20720730673713667,0.2076342909268822,False
1257,-7.75176706444215e-05,0.35773050555065733,0.35780802322130173,False
1258,-0.00031430487988728153,0.6129920866393991,0.6133063915192863,False
1259,-0.0003159032769141501,0.1937857928086793,0.19410169608559344,False
1260,-0.0005023010042164422,0.40884984061732216,0.4093521416215386,False
1261,-0.0005494220827836151,0.41689200312280333,0.41744142520558697,False
1262,-0.00011688154063157523,0.536377238031764,0.5364941195723956,False
1263,-9.526475004859851e-05,0.4525098287993582,0.4526050935494068,False
1264,-5.9566227579767286e-05,0.4636392434023759,0.46369880962995563,False
1265,-7.923227357100827e-05,0.21272981096187282,0.21280904323544383,False
1266,-6.472548036589935e-05,0.19014831613398303,0.19021304161434893,False
1267,-5.875971728865294e-05,0.4728460165579137,0.47290477627520233,False
1268,-0.0009532361965998149,1.0,1.0009532361965998,False
1269,-0.0006921888525719526,0.9999996188194415,1.0006918076720135,False
1270,-0.0006921888525719324,0.9999996188194414,1.0006918076720133,False
1271,-8.62925437954263e-05,0.18972106862662136,0.18980736117041677,False
1272,-0.00019667669378526883,0.40568280779592103,0.4058794844897063,False
1273,-0.0007651951384580073,0.40365975404983334,0.40442494918829136,False
1274,-7.805610645568865e-05,0.5017635222231981,0.5018415783296538,False
1275,-0.0005403440082328848,0.40914177323275575,0.40968211724098863,False
1276,-0.0006113388851598637,0.4219856213919112,0.42259696027707105,False
1277,-0.00011472381633486527,0.4289931737945399,0.42910789761087476,False
1278,-0.0002153237465066272,1.0,1.0002153237465066,False
1279,-0.0007311538552490234,0.3830665535180012,0.3837977073732502,False
1280,-0.0001053570159496586,0.5325023375049753,0.5326076945209249,False
1281,-0.0005172404513748021,0.3645437836362788,0.3650610240876536,False
1282,-0.00019813275412977805,0.3635043813703155,0.36370251412444526,False
1283,-9.095697791912677e-05,0.45940921924270656,0.45950017622062567,False
1284,-5.754508860008605e-05,0.5017369317990612,0.5017944768876613,False
1285,-0.00017004698230469123,0.3708122517692684,0.3709822987515731,False
1286,-0.010935862934092188,1.0,1.010935862934092,False
1287,-0.0007096753430381252,0.37636482768164553,0.37707450302468365,False
1288,-7.058940469412074e-05,0.14244176428155292,0.14251235368624704,False
1289,-7.787235665412879e-05,0.2481167267403803,0.24819459909703442,False
1290,-0.00012160069304104776,0.48546115999686923,0.4855827606899103,False
1291,-8.683209214805653e-05,0.3611465194130149,0.36123335150516295,False
1292,-0.008413052203904819,0.1955537194394139,0.20396677164331872,False
1293,-5.704140227569734e-05,0.4495872598184356,0.4496443012207113,False
1294,-0.0003415233809478089,0.6455817952646955,0.6459233186456433,False
1295,-0.0002622695452609124,0.4122436282486009,0.4125058977938618,False
1296,-6.4422751067719e-05,0.12985776356093387,0.1299221863120016,False
1297,-0.00028356779325863763,0.5236629061521452,0.5239464739454038,False
1298,-0.00015176749707796375,0.42285811024343417,0.42300987774051213,False
1299,-0.01458743422949688,1.0,1.014587434229497,False
1300,-5.651596820024958e-05,0.339594780826165,0.3396512967943653,False
1301,-0.00015144249978865093,0.4229481807334147,0.4230996232332034,False
1302,-6.2343838482771e-05,0.16404556273050006,0.16410790656898283,False
1303,-8.727861068487386e-05,0.391511512109154,0.3915987907198389,False
1304,-0.0005090689693799994,0.3804308203495674,0.3809398893189474,False
1305,-0.000317464774946728,0.498997511974684,0.4993149767496307,False
1306,-5.6203814438082144e-05,0.47089897356165705,0.47095517737609516,False
1307,-7.80440274495128e-05,0.34392553213746346,0.34400357616491295,False
1308,-0.0003605396842797902,0.6669469749332405,0.6673075146175202,False
1309,-8.785224009392563e-05,0.3787597286797176,0.3788475809198115,False
1310,-8.302002977121127e-05,0.4292945668844839,0.42937758691425515,False
1311,-0.00013045256938300865,0.2844413195754182,0.28457177214480117,False
1312,-0.00026891575083513625,0.39768648559123726,0.3979554013420724,False
1313,-7.475168863977616e-05,0.3177656951743443,0.31784044686298407,False
1314,-0.0001392886140887741,0.3849589639776838,0.3850982525917726,False
1315,-5.567893126593341e-05,0.41297109660287273,0.4130267755341387,False
1316,-0.00030497264225136405,0.7621159674705832,0.7624209401128346,False
1317,-5.5169584915480423e-05,0.45378372376025095,0.4538388933451664,False
1318,-6.184937615260968e-05,0.803000246266501,0.8030620956426536,False
1319,-5.587229321618229e-05,0.48155021319669467,0.48160608548991085,False
1320,-0.0020397173776359407,1.0,1.0020397173776359,False
1321,-0.0001026950429526336,0.4878116014044564,0.487914296447409,False
1322,-0.000446664816404644,0.4238882926310208,0.42433495744742544,False
1323,-5.442640003087664e-05,0.08990268797576437,0.08995711437579525,False
1324,-0.00028127375524036896,0.41429380161030976,0.41457507536555016,False
1325,-5.403330240653373e-05,0.23693891084100427,0.2369929441434108,False
1326,-5.4472035677502425e-05,0.46771808451475994,0.4677725565504374,False
1327,-0.0005337578523156867,0.19881993427958689,0.19935369213190257,False
1328,-0.0002421372954403419,0.4671840371778113,0.46742617447325163,False
1329,-7.469783583661728e-05,0.25293657549033277,0.2530112733261694,False
1330,-0.0002676319223784602,0.3371299238209873,0.3373975557433657,False
1331,-8.861064619542813e-05,0.5712825589781709,0.5713711696243664,False
1332,-7.439802191228545e-05,1.0,1.0000743980219122,False
1333,-0.0004454801252398524,0.758269510705933,0.7587149908311728,False
1334,-0.0004953241268947008,0.40670776468500713,0.4072030888119018,False
1335,-5.303386988308149e-05,0.48076466114895217,0.48081769501883526,False
1336,-5.3010081579618355e-05,0.4875238728669667,0.4875768829485463,False
1337,-6.305967891315656e-05,0.47752778464640955,0.4775908443253227,False
1338,-0.0028937427914569815,0.44525360686139775,0.44814734965285474,False
1339,-0.00012778642495707033,0.6025568143017023,0.6026846007266593,False
1340,-0.00011688765307461276,0.08011680741416241,0.08023369506723703,False
1341,-0.0004321824749507593,0.8596262628799232,0.860058445354874,False
1342,-0.0002597832083657245,0.9970442976264424,0.9973040808348081,False
1343,-0.0005179500970500518,1.0,1.00051795009705,False
1344,-5.252616413329869e-05,0.4733859518838437,0.473438478047977,False
1345,-0.00024163410586167152,0.4151997687569854,0.4154414028628471,False
1346,-0.00016338728827903332,0.41338436228891373,0.41354774957719276,False
1347,-8.299505401672635e-05,0.47366944352908186,0.47375243858309857,False
1348,-0.0001880277466737136,0.6669959964000007,0.6671840241466744,False
1349,-0.0006218437835911686,0.40119603955488936,0.4018178833384805,False
1350,-0.0027565317617936217,0.9999919710193337,1.0027485027811274,False
1351,-0.0027565317617936143,0.9999919710193343,1.002748502781128,False
1352,-0.00023463760777912433,1.0,1.000234637607779,False
1353,-6.96743428409132e-05,0.33854400329782103,0.3386136776406619,False
1354,-6.728863950246097e-05,0.11928788757042541,0.11935517620992787,False
1355,-5.1620484889769284e-05,0.14197648788891484,0.1420281083738046,False
1356,-0.00038415305450662744,0.3893707067700509,0.38975485982455754,False
1357,-5.688028725788803e-05,0.10533151293842566,0.10538839322568355,False
1358,-5.133266878049861e-05,0.46488883236701517,0.46494016503579566,False
1359,-8.065643939420011e-05,0.6677157562059887,0.6677964126453829,False
1360,-8.860286968873058e-05,0.15262104607446283,0.15270964894415157,False
1361,-5.115726786735762e-05,0.4126894311574423,0.41274058842530964,False
1362,-0.00020151995693281998,0.4731699960273363,0.4733715159842691,False
1363,-6.264512325019894e-05,0.18618458183829556,0.18624722696154575,False
1364,-0.00026616503575758435,1.0,1.0002661650357576,False
1365,-0.00017684058276282172,0.36737224669318524,0.3675490872759481,False
1366,-6.522350995356628e-05,0.2876730180906542,0.2877382416006078,False
1367,-0.0006667040494640818,0.39482436729200165,0.3954910713414657,False
1368,-0.0003469191442983714,0.6279101509609325,0.6282570701052309,False
1369,-0.00016775760869389413,0.38272262176969035,0.38289037937838427,False
1370,-5.048026389714678e-05,0.10012046483296269,0.10017094509685984,False
1371,-8.396565486599897e-05,0.4029669261786989,0.4030508918335649,False
1372,-0.0009417939287626837,1.0,1.0009417939287626,False
1373,-6.723573764705058e-05,0.22545852236944855,0.2255257581070956,False
1374,-0.0003545492663568471,0.9806961896351191,0.9810507389014759,False
1375,-5.472268232214704e-05,0.4939089481524186,0.49396367083474074,False
1376,-0.00036110914729490785,0.21200456908652748,0.21236567823382238,False
1377,-0.0002329521488123688,0.8082738221198263,0.8085067742686387,False
1378,-5.212534136388556e-05,0.4675323741296903,0.4675844994710542,False
1379,-4.9590010576368745e-05,0.19898967357539352,0.19903926358596988,False
1380,-0.00029948580899118594,0.6062038088429559,0.6065032946519471,False
1381,-7.036327443628674e-05,0.2663575976776813,0.26642796095211757,False
1382,-6.039973544775049e-05,0.4887139327253805,0.48877433246082824,False
1383,-6.67055625609183e-05,0.3510310161655617,0.35109772172812265,False
1384,-0.0004613549238607342,0.3975026085002339,0.3979639634240946,False
1385,-0.0006224962860483851,0.39749488904946784,0.3981173853355162,False
1386,-7.768263205451592e-05,0.44329886252592826,0.4433765451579828,False
1387,-0.0009326141477124448,1.0,1.0009326141477124,False
1388,-0.0019576493794724566,0.12162153074957735,0.12357918012904981,False
1389,-5.9884306171240234e-05,0.46117689853354304,0.4612367828397143,False
1390,-7.60430988015279e-05,0.39584258992013477,0.3959186330189363,False
1391,-0.0001746011683019853,0.5051076124306932,0.5052822135989953,False
1392,-0.0023329625052171173,0.9998879861746979,1.002220948679915,False
1393,-0.002332962505217117,0.999887986174682,1.0022209486798992,False
1394,-0.0003157734964633008,0.6344315598212028,0.6347473333176661,False
1395,-0.0035947906753304127,1.0,1.0035947906753304,False
1396,-0.0008010922063256891,0.3016188221551819,0.30241991436150756,False
1397,-0.000723151519328628,0.4254570090098492,0.4261801605291778,False
1398,-5.2388759689847746e-05,0.45906468228251485,0.45911707104220467,False
1399,-0.00013432177696522953,0.424597126553198,0.4247314483301632,False
1400,-0.0004286624361883953,0.37170383664303475,0.37213249907922313,False
1401,-0.00034205976428270253,0.3878954952477239,0.3882375550120066,False
1402,-0.00014302677632806602,0.34954231104949557,0.3496853378258236,False
1403,-7.434838938562453e-05,0.21067695732841912,0.21075130571780476,False
1404,-0.0001356553158922983,1.0,1.0001356553158922,False
1405,-4.794924134130753e-05,0.4735274023287781,0.47357535157011943,False
1406,-0.0003054757190526952,0.8571717925929649,0.8574772683120176,False
1407,-7.969711975477925e-05,0.5231022372591785,0.5231819343789332,False
1408,-4.923189017749991e-05,0.48929040737646157,0.4893396392666391,False
1409,-8.335626749688427e-05,0.2544493272282594,0.2545326834957563,False
1410,-0.00014518929845653615,0.41709820697987404,0.41724339627833057,False
1411,-4.813959398823522e-05,0.4928030299103482,0.49285116950433644,False
1412,-0.0212828150175458,1.0,1.0212828150175457,False
1413,-4.7752875292881326e-05,0.4815337484249254,0.4815815013002183,False
1414,-0.00017132788138410725,0.39647224751726745,0.3966435753986516,False
1415,-4.745602202412931e-05,0.4869024070330685,0.4869498630550926,False
1416,-5.0783090417250684e-05,0.450230267653796,0.4502810507442132,False
1417,-7.717913992447156e-05,0.30247212580449734,0.30254930494442184,False
1418,-0.0001493090986965628,0.6281279743010572,0.6282772833997537,False
1419,-0.0013502321268963344,1.0,1.0013502321268963,False
1420,-8.369696416982e-05,0.2613983729947496,0.2614820699589194,False
1421,-6.220456376944991e-05,0.4131281213143067,0.41319032587807614,False
1422,-0.00012234736625975955,0.12418624042217871,0.12430858778843847,False
1423,-0.0023291145971631464,0.9999889803922091,1.0023180949893722,False
1424,-0.0023291145971631464,0.9999889803922106,1.0023180949893737,False
1425,-0.020988931216870618,0.451685117932649,0.4726740491495196,False
1426,-0.01576896060045723,1.0,1.0157689606004572,False
1427,-0.00029689462507651796,0.3907014618249331,0.39099835645000963,False
1428,-6.345217603339389e-05,0.4800264985331104,0.4800899507091438,False
1429,-4.6594565048302955e-05,0.32196974890628544,0.32201634347133373,False
1430,-0.00018609912518054622,0.2049982088482206,0.20518430797340115,False
1431,-0.011172955118652053,0.9999883764579828,1.0111613315766348,False
1432,-0.011172955118652053,0.9999883764579856,1.0111613315766377,False
1433,-4.983081700233591e-05,0.37207215342221545,0.3721219842392178,False
1434,-0.00011453127963631244,0.5142658673738422,0.5143803986534785,False
1435,-0.0006779866195110533,1.0,1.000677986619511,False
1436,-8.849679567753889e-05,0.4013468587707792,0.4014353555664567,False
1437,-4.668699048417156e-05,0.5197114800789511,0.5197581670694352,False
1438,-6.146825097936408e-05,0.4242238544776812,0.42428532272866054,False
1439,-4.597626707574081e-05,0.16958879808151528,0.16963477434859103,False
1440,-0.0016874587777482811,1.0,1.0016874587777482,False
1441,-0.01548398180245389,0.44988254811071887,0.4653665299131728,False
1442,-0.0004413761013277677,0.6777336621574593,0.6781750382587871,False
1443,-0.00011186509022384024,0.3232001555536129,0.32331202064383674,False
1444,-0.000174629294816147,1.0,1.0001746292948162,False
1445,-0.0001278106376037398,0.4014168105809905,0.40154462121859424,False
1446,-0.00023033033348947095,0.44598302568424947,0.4462133560177389,False
1447,-9.689307433548721e-05,0.9973776186634724,0.9974745117378079,False
1448,-0.00011239087681144323,0.6476290478326083,0.6477414387094198,False
1449,-0.0008096793299178677,0.3541151134462466,0.35492479277616445,False
1450,-5.0929926722796476e-05,0.4929767179565057,0.4930276478832285,False
1451,-0.0011560338023965762,1.0,1.0011560338023966,False
1452,-5.5130534697840226e-05,0.4973430311013457,0.49739816163604356,False
1453,-4.507380430624153e-05,0.5147490412313755,0.5147941150356818,False
1454,-0.00010982694870343293,0.21680657016219226,0.2169163971108957,False
1455,-0.00010802232084380788,0.37361683352411035,0.37372485584495413,False
1456,-6.495506305640647e-05,0.5066825275714876,0.5067474826345439,False
1457,-0.00015185407100751295,0.3965423424544992,0.39669419652550675,False
1458,-0.0005251094572423791,1.0,1.0005251094572425,False
1459,-4.863875233238423e-05,0.354769707913054,0.3548183466653864,False
1460,-6.510560022837026e-05,0.5491722387575302,0.5492373443577585,False
1461,-6.0590442600694905e-05,0.47295639325674066,0.47301698369934136,False
1462,-0.0002671460431272114,0.4832055003613046,0.4834726464044318,False
1463,-7.084150573667951e-05,0.1585927894997333,0.15866363100546998,False
1464,-7.827185712004143e-05,0.39591756979932435,0.3959958416564444,False
1465,-5.421569741060371e-05,0.49670829245860637,0.49676250815601697,False
1466,-0.0017862046803469138,1.0,1.001786204680347,False
1467,-8.709081286964348e-05,0.6638574003493393,0.6639444911622089,False
1468,-0.0007562540801764255,0.3923934907459895,0.39314974482616594,False
1469,-4.9065151246747127e-05,0.47980880914518026,0.479857874296427,False
1470,-0.00013494095332667087,0.12513532630205587,0.12527026725538254,False
1471,-4.368947901492235e-05,0.47925730142280876,0.47930099090182365,False
1472,-0.0001025181088012981,0.13081766405979403,0.13092018216859533,False
1473,-4.6047371279760064e-05,0.5512749319714504,0.5513209793427302,False
1474,-4.7783270642699935e-05,0.46853777333480745,0.46858555660545015,False
1475,-0.0001483553339308988,0.22348588697307914,0.22363424230701004,False
1476,-4.328932805832935e-05,0.2619704601281262,0.2620137494561845,False
1477,-5.7656592274380905e-05,0.463941547751282,0.46399920434355635,False
1478,-0.00024128170740832285,0.3695186021892585,0.36975988389666686,False
1479,-6.089806832947063e-05,0.41659240408293136,0.41665330215126084,False
1480,-0.00023938087747700846,0.7691069711845334,0.7693463520620104,False
1481,-0.004480963020915961,0.3759843942207191,0.38046535724163505,False
1482,-0.00017425275479664303,0.4044205859391344,0.40459483869393104,False
1483,-5.548331703207429e-05,1.0,1.000055483317032,False
1484,-0.00013137405035358173,0.32261574329573184,0.3227471173460854,False
1485,-0.00010690124076191623,0.35408224007618333,0.35418914131694523,False
1486,-0.0009298350055645375,0.37603636807657814,0.3769662030821427,False
1487,-0.00010029892510020233,0.3766225628304104,0.3767228617555106,False
1488,-0.00010327078970060171,0.5085520940300672,0.5086553648197678,False
1489,-4.254605360188734e-05,0.46736388022371245,0.4674064262773143,False
1490,-0.0001063265696816597,0.4964733376118497,0.4965796641815314,False
1491,-0.0002642348812295432,0.7555227806077212,0.7557870154889507,False
1492,-4.2419157913442456e-05,0.4201521863716034,0.4201946055295168,False
1493,-0.00030360534561891687,0.7426238764670567,0.7429274818126756,False
1494,-0.00020339706089090006,0.39202985885649766,0.39223325591738856,False
1495,-4.722664201062244e-05,0.4640376289963912,0.46408485563840185,False
1496,-0.0004839985803440436,0.2930573882511727,0.29354138683151676,False
1497,-0.013832381445194969,0.19989730634758504,0.21372968779278,False
1498,-0.00014051998663984245,0.41639001211879695,0.4165305321054368,False
1499,-6.366627739610116e-05,0.5364069446857683,0.5364706109631644,False
1500,-0.0003649125251501286,0.41292130578787245,0.4132862183130226,False
1501,-0.00016420275448903747,0.4253982332483177,0.42556243600280674,False
1502,-4.2047375771655246e-05,0.47802897105879777,0.47807101843456945,False
1503,-0.0005908434289015798,0.38071334389348815,0.38130418732238974,False
1504,-0.0002940169576684454,1.0,1.0002940169576684,False
1505,-4.3277931555039216e-05,0.45561815818015583,0.4556614361117109,False
1506,-4.427627193617448e-05,0.20039189840484384,0.20043617467678002,False
1507,-6.0580933385081484e-05,0.3954919102811724,0.3955524912145575,False
1508,-4.919297749440911e-05,0.4872508032288082,0.4872999962063026,False
1509,-0.0002884606839164121,0.7711075871338274,0.7713960478177438,False
1510,-4.1600274359292095e-05,0.46303098806745524,0.46307258834181453,False
1511,-0.00019342246582071922,0.3902607163621879,0.3904541388280086,False
1512,-0.00011486842397395799,0.21796967131062708,0.21808453973460104,False
1513,-0.0002464492670910132,1.0,1.000246449267091,False
1514,-6.414588562954564e-05,0.43302809220113436,0.4330922380867639,False
1515,-0.00014296646774595738,0.42403545172674306,0.42417841819448904,False
1516,-5.2888347379675385e-05,0.46870730514094844,0.4687601934883281,False
1517,-0.00027383826077130715,0.1461086458178819,0.14638248407865323,False
1518,-5.727469902224947e-05,0.4739540434209464,0.4740113181199686,False
1519,-4.033994122161697e-05,0.2921131461281209,0.2921534860693425,False
1520,-5.1491641900848365e-05,0.48106249658825867,0.4811139882301595,False
1521,-4.0310692447567986e-05,0.46192787820456227,0.46196818889700986,False
1522,-0.000561520269146873,0.2341330968032448,0.23469461707239167,False
1523,-5.449477127378913e-05,0.4718996143579238,0.4719541091291976,False
1524,-4.965979570943114e-05,0.5652899037797047,0.5653395635754142,False
1525,-4.5919092153482645e-05,0.22185347399003766,0.22189939308219114,False
1526,-0.0002480591517648481,0.41247567460739093,0.4127237337591558,False
1527,-4.001474905722451e-05,0.4918046096431525,0.4918446243922097,False
1528,-5.5439320384338826e-05,0.19188550490234635,0.1919409442227307,False
1529,-0.00019395156772760604,1.0,1.0001939515677276,False
1530,-0.00048571583860534305,0.34123818922607946,0.3417239050646848,False
1531,-4.0578044121395566e-05,0.11380168917880024,0.11384226722292164,False
1532,-0.004411633679041769,0.9996265327624311,1.0040381664414728,False
1533,-0.004411633679041773,0.9996265327624515,1.0040381664414932,False
1534,-0.0001451430941375857,0.4066653663310217,0.4068105094251593,False
1535,-0.00012566225126174285,0.39545926421165,0.39558492646291177,False
1536,-3.980486456235102e-05,0.4851541936695513,0.48519399853411366,False
1537,-0.0002942255346753567,0.5298141247499434,0.5301083502846188,False
1538,-0.00042274449095171794,0.3325565079673561,0.3329792524583078,False
1539,-5.8767503446704804e-05,0.2592220796641648,0.25928084716761146,False
1540,-3.952512737705644e-05,0.4906169492946605,0.4906564744220375,False
1541,-4.5367311405769824e-05,0.21982952952310747,0.21987489683451325,False
1542,-9.055985040733744e-05,0.4240230010318481,0.42411356088225544,False
1543,-0.0001770985334146994,0.5819805418272693,0.5821576403606841,False
1544,-4.130230581879244e-05,0.4708868511330844,0.4709281534389032,False
1545,-0.014382975567030234,0.5952029846776173,0.6095859602446476,False
1546,-3.9265511269098887e-05,0.3393461817051422,0.3393854472164113,False
1547,-0.0015206916330586116,0.9995220597324158,1.0010427513654745,False
1548,-0.001520691633058622,0.9995220597324109,1.0010427513654696,False
1549,-3.901275723787165e-05,0.48093640074779553,0.4809754135050334,False
1550,-0.00027722159361703776,0.9593416011610396,0.9596188227546566,False
1551,-0.0005157058931499891,0.39586741136859765,0.39638311726174763,False
1552,-7.273692081336172e-05,0.40336334916839206,0.40343608608920545,False
1553,-0.00011978370211814982,1.0,1.000119783702118,False
1554,-3.958049286427372e-05,0.46505104932951985,0.46509062982238414,False
1555,-0.0002985026822275272,0.9962283719514972,0.9965268746337247,False
1556,-0.00020758396854070037,0.46383492383394154,0.46404250780248224,False
1557,-4.600712413082794e-05,0.5001865308062305,0.5002325379303614,False
1558,-0.00044607188031630486,1.0,1.0004460718803163,False
1559,-0.00011965078974785441,0.4159778503438894,0.41609750113363725,False
1560,-7.954143795041002e-05,0.5160269835963963,0.5161065250343467,False
1561,-6.0278715851880236e-05,0.17618853651802766,0.17624881523387953,False
1562,-0.001477855690175703,0.4579931060337563,0.45947096172393204,False
1563,-0.000198108737673237,0.7260687741024799,0.7262668828401532,False
1564,-9.61048248813676e-05,0.5172678777676083,0.5173639825924896,False
1565,-4.8918343663544774e-05,0.48260952078659075,0.4826584391302543,False
1566,-0.00011040082783163438,0.47006565087178437,0.470176051699616,False
1567,-0.0002597186740393376,0.33936480523495194,0.3396245239089913,False
1568,-4.822318742742038e-05,0.45034419290716826,0.4503924160945957,False
1569,-3.991123096439548e-05,0.4767788499759639,0.47681876120692834,False
1570,-3.772734429711176e-05,0.449968324391367,0.45000605173566416,False
1571,-4.615210736283369e-05,0.48951082077839436,0.48955697288575717,False
1572,-6.0112067449827566e-05,0.39666286347428303,0.39672297554173286,False
1573,-9.778741142840681e-05,0.5262953959412408,0.5263931833526692,False
1574,-3.762517331361301e-05,0.47020974297510876,0.4702473681484224,False
1575,-0.00023928172017345737,0.5019589057090547,0.5021981874292282,False
1576,-0.00022804538882151425,0.41374838667029734,0.4139764320591189,False
1577,-0.0003425296686013608,1.0,1.0003425296686013,False
1578,-0.00017370421594470112,0.2538710036101062,0.25404470782605093,False
1579,-3.8141178843325335e-05,0.4732383422096313,0.4732764833884746,False
1580,-4.003591576841767e-05,0.6467619737227206,0.646802009638489,False
1581,-4.695340893788529e-05,0.47374224675981486,0.47378920016875276,False
1582,-4.449961332156646e-05,0.3646635862411125,0.3647080858544341,False
1583,-3.726849054336467e-05,0.4815591471978206,0.481596415688364,False
1584,-0.00017098164478840546,0.650617046900257,0.6507880285450455,False
1585,-9.273898487168676e-05,0.3706814997831551,0.3707742387680268,False
1586,-0.0004650159688590425,0.2861456248511354,0.2866106408199945,False
1587,-4.2171412265468075e-05,0.7923580463893783,0.7924002178016438,False
1588,-0.00045547888202085077,0.78228907618205,0.7827445550640708,False
1589,-7.991818606498829e-05,0.27588632151264847,0.2759662396987135,False
1590,-3.926435447150583e-05,0.4773594434458965,0.47739870780036797,False
1591,-5.985946728931663e-05,0.5011165078747503,0.5011763673420396,False
1592,-3.9387853300062635e-05,0.4712042520232349,0.47124363987653495,False
1593,-0.029260501878834565,1.0,1.0292605018788346,False
1594,-0.00038103776838822737,0.3901980560986211,0.39057909386700934,False
1595,-3.697266422489346e-05,0.4682578258995293,0.46829479856375417,False
1596,-7.308469680963878e-05,0.1586669552481916,0.15874003994500124,False
1597,-0.0006532501265939394,0.41942444394630496,0.4200776940728989,False
1598,-3.790595686266087e-05,0.5912669297247066,0.5913048356815693,False
1599,-6.775545666271947e-05,0.5988634298434019,0.5989311853000646,False
1600,-0.002100889801500097,0.9988149108157786,1.0009158006172787,False
1601,-5.17499982043507e-05,0.4652309868261051,0.46528273682430943,False
1602,-0.0005517638691621979,0.3934425721653382,0.3939943360345004,False
1603,-8.625069697159953e-05,0.5322724344446293,0.5323586851416009,False
1604,-0.00032110056263158206,0.31164528328611996,0.3119663838487515,False
1605,-3.661267510392138e-05,0.4749734993071474,0.4750101119822513,False
1606,-3.7507161250386726e-05,0.4727477912473696,0.47278529840862,False
1607,-0.0001901226578506202,0.3855213954410527,0.3857115180989033,False
1608,-9.486038167230929e-05,0.3679985766922953,0.36809343707396763,False
1609,-0.0005057010972409501,0.47875575408314097,0.47926145518038193,False
1610,-8.850831649530315e-05,0.4866617160960427,0.486750224412538,False
1611,-0.00017542570663939917,0.45437544479012354,0.45455087049676296,False
1612,-0.00045652193332287096,0.8357461977602024,0.8362027196935253,False
1613,-3.674610797449649e-05,0.5936860279392112,0.5937227740471858,False
1614,-0.0002866916216941312,0.19446892850068848,0.1947556201223826,False
1615,-4.936343551880516e-05,0.11716442814076726,0.11721379157628606,False
1616,-3.8155981921835375e-05,0.46479067282806996,0.4648288288099918,False
1617,-0.0005675626657894358,0.9385690495731099,0.9391366122388993,False
1618,-4.148525228671836e-05,0.5395026352928464,0.5395441205451331,False
1619,-3.590366834087984e-05,0.3147437609596424,0.3147796646279833,False
1620,-4.5426452572188826e-05,0.4745083985591958,0.47455382501176796,False
1621,-0.00019486890470074447,0.3982004378745777,0.3983953067792784,False
1622,-0.001305834063367639,0.29567641913696635,0.296982253200334,False
1623,-0.0001283646337454393,0.9997687359702695,0.9998971006040149,False
1624,-0.00025286408599932376,0.3396989935633734,0.33995185764937275,False
1625,-0.00015152376296248614,0.6043265478965008,0.6044780716594632,False
1626,-4.0234133186335544e-05,0.4896597126585769,0.4896999467917632,False
1627,-3.5281177880640335e-05,0.48281253147728653,0.4828478126551672,False
1628,-0.00016484558616205476,0.447368305559852,0.44753315114601405,False
1629,-9.424579340613742e-05,0.462952414289264,0.4630466600826701,False
1630,-3.505517339132155e-05,0.4568148371548296,0.45684989232822093,False
1631,-6.436310976057963e-05,0.32499176946487285,0.32505613257463345,False
1632,-0.0003408562638775494,0.5544087214323216,0.5547495776961991,False
1633,-0.000211535695484297,0.5867697994059027,0.586981335101387,False
1634,-6.666153656183953e-05,0.22237753759198195,0.2224441991285438,False
1635,-7.962583501281753e-05,0.5988765746937057,0.5989562005287186,False
1636,-4.50977501682273e-05,0.4633403420927095,0.4633854398428778,False
1637,-5.113477955536094e-05,0.5312939547012051,0.5313450894807604,False
1638,-9.158638719505668e-05,0.36331875183013795,0.363410338217333,False
1639,-0.0005351544370459475,1.0,1.000535154437046,False
1640,-3.459111446465456e-05,0.4478090945247949,0.4478436856392595,False
1641,-0.00011436346471906777,0.40825663036558774,0.4083709938303068,False
1642,-4.7678311008167794e-05,0.3211053091828172,0.32115298749382537,False
1643,-0.0013022967850714344,1.0,1.0013022967850715,False
1644,-0.0006865048801633914,0.27364537442334064,0.27433187930350406,False
1645,-0.0006173953306290795,0.3733958150634653,0.3740132103940944,False
1646,-0.00013026530037119852,0.4233107601680679,0.4234410254684391,False
1647,-0.0003005946078115966,0.4070826052719294,0.40738319987974103,False
1648,-3.524903615152881e-05,0.4831744894104595,0.483209738446611,False
1649,-0.0005666912159887898,0.4062820501336721,0.40684874134966087,False
1650,-3.4252076711592296e-05,0.45800331176243525,0.45803756383914684,False
1651,-3.752606494494304e-05,0.47941160164427526,0.4794491277092202,False
1652,-0.00010141945916066359,0.4058581291189527,0.40595954857811334,False
1653,-0.0021333906605877917,0.17342452539543016,0.17555791605601795,False
1654,-0.00029467998151990144,0.49604593056040225,0.49634061054192213,False
1655,-0.00025945245756651644,0.3917352379167116,0.39199469037427814,False
1656,-4.046629424151032e-05,0.4566231378332145,0.45666360412745605,False
1657,-3.393521724216374e-05,0.4488131120829912,0.44884704730023334,False
1658,-0.0003501371878473165,0.40424922083087245,0.40459935801871977,False
1659,-3.6812772093633696e-05,0.4717154760008696,0.4717522887729632,False
1660,-5.7875968535262005e-05,0.2198565225329809,0.21991439850151617,False
1661,-0.0002948307022362185,0.3010377124867135,0.30133254318894975,False
1662,-5.674785031757173e-05,0.5024313549229795,0.5024881027732971,False
1663,-0.00028259150480205547,0.41408937505552407,0.4143719665603261,False
1664,-0.0001986888846516328,0.264688900632194,0.26488758951684566,False
1665,-3.4553251877027406e-05,0.47126071658458685,0.47129526983646386,False
1666,-4.814533322592351e-05,0.4689017542289823,0.46894989956220823,False
1667,-3.3536434467506844e-05,0.4696767846695086,0.4697103211039761,False
1668,-3.7327942628672726e-05,0.49188134118266497,0.49191866912529364,False
1669,-0.0053727904160505,0.4734989039267428,0.4788716943427933,False
1670,-4.476543143692778e-05,0.7857144511791373,0.7857592166105742,False
1671,-3.6607588682131264e-05,0.4744469674074839,0.474483574996166,False
1672,-6.030199558818888e-05,0.4613454781624312,0.4614057801580194,False
1673,-5.020611242817003e-05,0.4642970092615679,0.4643472153739961,False
1674,-4.878030157196595e-05,0.4138225217780212,0.41387130207959316,False
1675,-4.2806036954676606e-05,0.46562938997430847,0.46567219601126314,False
1676,-0.0002687520350124231,0.5976554645409003,0.5979242165759128,False
1677,-0.0002850295517550011,0.5027954408165332,0.5030804703682882,False
1678,-3.985076096611183e-05,0.5055734417782334,0.5056132925391995,False
1679,-8.383272957738117e-05,0.40692166640327954,0.40700549913285694,False
1680,-6.34091299240658e-05,0.3096681909047589,0.309731600034683,False
1681,-0.00013006279560272445,0.5367105340884546,0.5368405968840573,False
1682,-3.241050470418615e-05,0.31774189170621037,0.31777430221091457,False
1683,-0.00012003560143299925,0.5227457972019092,0.5228658328033422,False
1684,-0.00015079813906873364,0.49059155880160604,0.49074235694067475,False
1685,-0.00012422999338076809,0.2885538234582558,0.28867805345163655,False
1686,-0.0008652048436200676,1.0,1.00086520484362,False
1687,-0.00015635608145986364,0.33288896190305256,0.3330453179845124,False
1688,-0.0003265251817512108,0.5072077309303611,0.5075342561121123,False
1689,-4.576676768245595e-05,0.1578616468937243,0.15790741366140676,False
1690,-3.737844398292619e-05,0.46953026650809143,0.46956764495207437,False
1691,-3.197848841899124e-05,0.4554378424840225,0.45546982097244154,False
1692,-0.00012246802935842073,0.522639580229388,0.5227620482587464,False
1693,-0.00043237704216951296,0.4592389092006451,0.4596712862428146,False
1694,-0.00020387992215950646,0.41964222811082064,0.41984610803298017,False
1695,-0.00011558895696777662,0.34223891881901286,0.34235450777598064,False
1696,-0.0003432066845089745,0.39475894091778685,0.39510214760229584,False
1697,-3.1698765590088254e-05,0.48799986713567234,0.48803156590126245,False
1698,-3.16032455154758e-05,0.46058664951311806,0.46061825275863355,False
1699,-0.000257344881729528,0.31891297927323303,0.31917032415496255,False
1700,-3.428107648566492e-05,0.46565803913770265,0.4656923202141883,False
1701,-0.00021142196209773004,0.4802123596902063,0.48042378165230404,False
1702,-3.141418877568494e-05,0.45506182639870224,0.4550932405874779,False
1703,-3.351476342256461e-05,0.4695485235482847,0.46958203831170725,False
1704,-0.0004916700026364857,0.902732874810246,0.9032245448128825,False
1705,-3.125124362696279e-05,0.4909376305021205,0.4909688817457475,False
1706,-0.00022733400104182043,0.5234500582923335,0.5236773922933753,False
1707,-0.00016403501529049636,0.7341594933389879,0.7343235283542784,False
1708,-0.00030472123860403815,0.10122776086056512,0.10153248209916915,False
1709,-3.113447051071154e-05,0.42884848677263415,0.4288796212431449,False
1710,-4.24886064418054e-05,0.4818143704412894,0.4818568590477312,False
1711,-4.067154032770924e-05,0.4518273984185039,0.4518680699588316,False
1712,-3.7158591497356776e-05,0.5005501954960291,0.5005873540875264,False
1713,-4.276560111828926e-05,0.4693845503066952,0.46942731590781345,False
1714,-6.254762561681833e-05,0.18924484102022046,0.18930738864583727,False
1715,-0.0002898907186499746,0.7398941817305125,0.7401840724491624,False
1716,-0.00010684459340919248,0.4125830394939483,0.4126898840873575,False
1717,-3.507846950797871e-05,0.47883169206188264,0.4788667705313906,False
1718,-3.214604493430156e-05,0.19164926773327665,0.19168141377821094,False
1719,-0.00020498621130347368,0.38550209744541636,0.38570708365671985,False
1720,-4.340198070906738e-05,0.4910488229694783,0.4910922249501874,False
1721,-3.0573478616345416e-05,0.47069508255552583,0.4707256560341422,False
1722,-0.00022324016727902858,0.5223366285269324,0.5225598686942114,False
1723,-6.931808579016051e-05,0.236933038722272,0.23700235680806217,False
1724,-0.0002260804897411397,0.41018833233506163,0.4104144128248028,False
1725,-8.665970919025764e-05,0.38430442661228403,0.3843910863214743,False
1726,-3.0506172073072946e-05,0.4573481808275488,0.45737868699962186,False
1727,-0.00016212582439168675,0.49143701373470267,0.49159913955909434,False
1728,-5.0197175389537055e-05,0.45676080906063354,0.45681100623602305,False
1729,-3.025538105717861e-05,0.4626722072826164,0.46270246266367354,False
1730,-0.00022667856434927932,0.5275867937982468,0.5278134723625961,False
1731,-3.022513169686032e-05,0.4301402952961536,0.4301705204278505,False
1732,-8.016867379049662e-05,0.18821125232068894,0.18829142099447943,False
1733,-7.763531621885382e-05,0.4043326957091793,0.40441033102539814,False
1734,-3.190381921665818e-05,0.4733218328812929,0.47335373670050956,False
1735,-3.4821958300755384e-05,0.4683104362091578,0.46834525816745853,False
1736,-3.0266325320408326e-05,0.4908112020806425,0.4908414684059629,False
1737,-5.2756443205199227e-05,0.29626426612393275,0.29631702256713793,False
1738,-4.896856370103178e-05,0.4711223221330281,0.47117129069672914,False
1739,-0.0037102125726855262,0.06571473346869988,0.06942494604138541,False
1740,-3.8484270626755556e-05,0.4803908162787031,0.48042930054932986,False
1741,-2.976456712113642e-05,0.45186015836991156,0.4518899229370327,False
1742,-2.9763508553929924e-05,0.48831232630697685,0.4883420898155308,False
1743,-3.0526495631519664e-05,0.4578967277825281,0.4579272542781596,False
1744,-7.136496482263607e-05,0.4820712620005591,0.48214262696538174,False
1745,-4.435881256518807e-05,0.4854294265378158,0.485473785350381,False
1746,-0.00010378014499498692,0.41468836023728295,0.41479214038227796,False
1747,-3.235683241408036e-05,0.4830790633862061,0.4831114202186202,False
1748,-0.00016505168483048455,0.7243276841484276,0.7244927358332581,False
1749,-0.00013194453172626474,0.4403849519657612,0.4405168964974875,False
1750,-0.0002752435767606218,0.43658583658026,0.43686108015702063,False
1751,-0.0002905865124363535,0.3958291614437434,0.39611974795617977,False
1752,-3.5255759599413534e-05,0.45460124222045784,0.45463649798005723,False
1753,-4.0521595631595106e-05,0.19996804171432625,0.20000856330995784,False
1754,-2.9298102897584465e-05,0.47188207444404384,0.47191137254694143,False
1755,-0.035339033193590524,1.0,1.0353390331935906,False
1756,-8.48697098617118e-05,0.2848049695156308,0.2848898392254925,False
1757,-0.00047707801903558916,0.6266500023765803,0.6271270803956159,False
1758,-0.00027950649578015386,0.15953057128751255,0.1598100777832927,False
1759,-2.9769435505972603e-05,0.4793202101154698,0.4793499795509758,False
1760,-2.9215111919555838e-05,0.4622880027583638,0.46231721787028335,False
1761,-4.183976768927934e-05,0.4574959775351511,0.4575378173028404,False
1762,-0.0003772548058410691,1.0,1.0003772548058412,False
1763,-3.400186685735497e-05,0.47931998999188186,0.4793539918587392,False
1764,-2.896041390358211e-05,0.46986196774195765,0.46989092815586125,False
1765,-4.843620973261593e-05,0.13638973532876902,0.13643817153850163,False
1766,-3.142861804460192e-05,0.4817917872693433,0.4818232158873879,False
1767,-4.8208224180795275e-05,0.4685393015776767,0.4685875098018575,False
1768,-2.926689021316155e-05,0.4708402415562423,0.4708695084464555,False
1769,-0.0003008722291537085,0.2537870521149349,0.2540879243440886,False
1770,-3.150418532577177e-05,0.4697396712939383,0.46977117547926406,False
1771,-9.90585150533058e-05,0.40178757174260904,0.40188663025766236,False
1772,-0.0001300547376446862,0.5228740469490385,0.5230041016866832,False
1773,-3.0199885216547013e-05,0.47930246359026163,0.47933266347547815,False
1774,-0.000118906290431917,0.4490679638638473,0.4491868701542792,False
1775,-0.000232611990473077,0.12783733419080848,0.12806994618128156,False
1776,-4.403360079911241e-05,0.4783919769514663,0.4784360105522654,False
1777,-3.01954967169295e-05,0.4614413355447779,0.46147153104149485,False
1778,-0.00011602013932707472,0.4741396560050523,0.4742556761443794,False
1779,-3.53050955345226e-05,0.472128218144601,0.4721635232401355,False
1780,-2.8517921757974752e-05,0.4645417766624125,0.46457029458417043,False
1781,-7.555889144211972e-05,0.4802997799976488,0.4803753388890909,False
1782,-0.000236065079428229,0.48294020335654836,0.4831762684359766,False
1783,-0.00044531809206832507,0.3633287173214938,0.3637740354135621,False
1784,-0.00021542765255433505,0.40200610026353384,0.4022215279160882,False
1785,-0.00018069504533257017,0.5543237144394335,0.5545044094847661,False
1786,-0.00031772810876786107,0.5046205332159945,0.5049382613247624,False
1787,-8.202943412186234e-05,0.40017891199516203,0.4002609414292839,False
1788,-3.2547470819692375e-05,0.463163442706185,0.4631959901770047,False
1789,-4.531965145588124e-05,0.4761272660953115,0.47617258574676735,False
1790,-0.0008539924567405189,0.1564179049769654,0.15727189743370593,False
1791,-3.53520145027029e-05,0.4581382577148734,0.4581736097293761,False
1792,-0.0005879963854851988,0.128732828519002,0.1293208249044872,False
1793,-4.3000044891702926e-05,0.44789314201969,0.4479361420645817,False
1794,-4.5452317574614634e-05,0.4675559166428573,0.4676013689604319,False
1795,-2.791239672650756e-05,0.4604583946379752,0.4604863070347017,False
1796,-3.673765382314746e-05,0.45631643044415365,0.4563531680979768,False
1797,-2.9661514150287618e-05,0.45826480540914555,0.45829446692329584,False
1798,-4.468541887882716e-05,0.4836532386112116,0.48369792403009043,False
1799,-3.1241059690111904e-05,0.47422857159548437,0.4742598126551745,False
1800,-2.7762385511591064e-05,0.4587753026003606,0.4588030649858722,False
1801,-4.193373069378969e-05,0.4710160833942294,0.4710580171249232,False
1802,-3.9272112876469455e-05,0.5219348449618892,0.5219741170747657,False
1803,-0.00015356734950963788,0.38745275312161015,0.3876063204711198,False
1804,-9.739447551569789e-05,0.3421676381315437,0.3422650326070594,False
1805,-9.910737682314384e-05,0.4661196426408503,0.4662187500176735,False
1806,-4.432515881988587e-05,0.18386791260938481,0.1839122377682047,False
1807,-2.7546723694698633e-05,0.47034134319226917,0.4703688899159639,False
1808,-3.980469698323744e-05,0.4288046441641707,0.4288444488611539,False
1809,-0.00016982885665119853,0.45010488259866444,0.4502747114553156,False
1810,-0.00011162475823979634,0.5906740064761602,0.5907856312344,False
1811,-0.0007309593668003547,0.4032475869874216,0.4039785463542219,False
1812,-2.7307705359746205e-05,0.46574389839224273,0.4657712060976025,False
1813,-5.966908893854315e-05,0.1505797242470388,0.15063939333597734,False
1814,-0.0002390289899882182,0.5117138259354074,0.5119528549253956,False
1815,-2.7177674266136486e-05,0.44227459965528104,0.4423017773295472,False
1816,-3.218214493612752e-05,0.4695234927768411,0.4695556749217772,False
1817,-4.395874543553502e-05,0.4628994280824771,0.46294338682791264,False
1818,-0.002198064292654808,0.06158594997187936,0.06378401426453417,False
1819,-7.955912484070992e-05,0.4228983435452449,0.4229779026700856,False
1820,-2.8259606085416936e-05,0.4976892006407442,0.4977174602468296,False
1821,-8.547786656887809e-05,0.49944362720186436,0.49952910506843323,False
1822,-4.154510346085074e-05,0.48440834919316855,0.4844498942966294,False
1823,-0.00021237281330574017,0.3925959450557897,0.3928083178690954,False
1824,-3.198957932075543e-05,0.4642282767079473,0.4642602662872681,False
1825,-8.84085732049471e-05,0.49354680858473,0.49363521715793496,False
1826,-4.477053812296998e-05,0.44667642042447603,0.446721190962599,False
1827,-2.9747703782105698e-05,0.5435704821667124,0.5436002298704945,False
1828,-2.677576694293034e-05,0.45454757989905475,0.4545743556659977,False
1829,-3.574061206943077e-05,0.4489214730739785,0.44895721368604796,False
1830,-3.682959453389655e-05,0.46790561317996404,0.4679424427744979,False
1831,-0.0002299205399679692,0.9992282841303981,0.9994582046703661,False
1832,-2.8547202269168912e-05,0.4429581029762255,0.4429866501784947,False
1833,-3.013327529548935e-05,0.4458920839493334,0.4459222172246289,False
1834,-2.7518691437195686e-05,0.4616282497281363,0.4616557684195735,False
1835,-0.00040054610323046866,0.3959615147079314,0.3963620608111619,False
1836,-2.6545433899427222e-05,0.4751109943987831,0.47513753983268253,False
1837,-0.00016290263585999162,0.4826848123971935,0.4828477150330535,False
1838,-3.360662278616241e-05,0.4108080038917658,0.410841610514552,False
1839,-4.019451695351718e-05,0.4650162183060937,0.4650564128230472,False
1840,-0.0003387428676044441,0.6677139641221459,0.6680527069897504,False
1841,-0.00012630942767193052,0.3667845593625825,0.3669108687902544,False
1842,-0.03686336828429365,0.7393226010884563,0.77618596937275,False
1843,-2.8642087656420077e-05,0.4638346831921431,0.4638633252797995,False
1844,-2.8173244338131792e-05,0.48924315058487766,0.4892713238292158,False
1845,-2.6254026255358374e-05,0.47959278741978045,0.4796190414460358,False
1846,-0.0006155779601403496,0.374946322813024,0.3755619007731643,False
1847,-2.7544507343943833e-05,0.4871930085076278,0.48722055301497175,False
1848,-2.7301353879453493e-05,0.4520641749259222,0.4520914762798017,False
1849,-7.798249710643056e-05,0.24587616041087226,0.2459541429079787,False
1850,-6.070328457548821e-05,1.0,1.0000607032845754,False
1851,-2.6215810538221446e-05,0.4731778373911491,0.47320405320168735,False
1852,-3.61455799645354e-05,0.4614810850059042,0.4615172305858687,False
1853,-0.00024599472665154485,0.9258740224024188,0.9261200171290703,False
1854,-3.056167835944249e-05,0.4683920345654731,0.4684225962438326,False
1855,-0.00043609421231286313,0.37236473325604585,0.37280082746835874,False
1856,-0.00010928219811137782,0.13953664034935342,0.1396459225474648,False
1857,-8.208730813437486e-05,0.533666342310209,0.5337484296183435,False
1858,-3.1286452597617314e-05,0.47763965827322763,0.4776709447258252,False
1859,-0.00013824822777902575,0.6924366437332602,0.6925748919610393,False
1860,-0.0004031861955698733,0.16758457629422457,0.16798776248979444,False
1861,-3.444461064721617e-05,0.45659785077428894,0.45663229538493616,False
1862,-3.099462281185573e-05,0.6802441848341596,0.6802751794569715,False
1863,-9.183476868787982e-05,1.0,1.0000918347686878,False
1864,-0.0010221578669658427,0.3659041406429305,0.36692629850989633,False
1865,-0.00012551311978022193,0.1101837840843975,0.11030929720417772,False
1866,-3.359470096388976e-05,0.45234222938818275,0.4523758240891466,False
1867,-3.291425819470256e-05,0.4926370829727376,0.4926699972309323,False
1868,-3.108346259325261e-05,0.4899635165362747,0.4899945999988679,False
1869,-0.00019890445825371418,0.4706624446239395,0.47086134908219324,False
1870,-3.351251769767586e-05,0.47383063075776527,0.47386414327546295,False
1871,-6.468012344321337e-05,0.46818100112470323,0.4682456812481465,False
1872,-2.8303999764215235e-05,0.4514243127259389,0.45145261672570314,False
1873,-4.682441039538662e-05,0.5054214977283754,0.5054683221387708,False
1874,-3.3448217848242845e-05,0.514115642149463,0.5141490903673113,False
1875,-4.113598141969084e-05,0.4481156829981797,0.4481568189795994,False
1876,-0.0004523831390697978,1.0,1.0004523831390697,False
1877,-0.00019794135899614255,0.41728459567142906,0.4174825370304252,False
1878,-0.00026830570461129286,0.5217676786844203,0.5220359843890316,False
1879,-0.00016139408861783297,0.46293779415507225,0.46309918824369006,False
1880,-2.9068711955594783e-05,0.46706772978278494,0.4670967984947405,False
1881,-2.7132185274472315e-05,0.49599738071122185,0.4960245128964963,False
1882,-0.0003699768450909371,0.41002852470305423,0.41039850154814517,False
1883,-2.525902537842058e-05,0.45019317039724055,0.45021842942261897,False
1884,-0.0004365608377790994,0.45769161514269285,0.45812817598047195,False
1885,-0.0001401910896691245,0.3560476708521707,0.3561878619418398,False
1886,-0.00011909136539992087,0.4170548571686887,0.4171739485340886,False
1887,-2.8853465350342936e-05,0.48278359122256087,0.48281244468791124,False
1888,-3.174074344869773e-05,0.46428288839292436,0.46431462913637306,False
1889,-2.5134553768814462e-05,0.4657311085653625,0.4657562431191313,False
1890,-3.641695058566496e-05,0.47897801141398216,0.4790144283645678,False
1891,-2.8288161800464836e-05,0.3106737919768091,0.31070208013860956,False
1892,-3.6663909474481204e-05,0.4896368780437632,0.4896735419532377,False
1893,-8.27548393334242e-05,0.4895035318640404,0.4895862867033738,False
1894,-0.00020591856368979992,0.5852145857074563,0.5854205042711461,False
1895,-2.5064674206042007e-05,0.47342893247373624,0.4734539971479423,False
1896,-2.563427728929408e-05,0.44341523132148336,0.44344086559877266,False
1897,-2.7236205694439815e-05,0.7058404709288356,0.7058677071345301,False
1898,-2.5014284549384494e-05,0.4694299524354403,0.46945496671998965,False
1899,-2.5717153454579276e-05,0.4935176776357645,0.49354339478921905,False
1900,-0.00032023841534628713,0.45883743977901237,0.45915767819435865,False
1901,-2.7222726156010415e-05,0.48317785202654223,0.48320507475269825,False
1902,-2.7520035308073706e-05,0.46020165552961534,0.46022917556492343,False
1903,-2.6780869536536962e-05,0.46085759949726446,0.460884380366801,False
1904,-2.6767931819864003e-05,0.46976617965593903,0.4697929475877589,False
1905,-2.4731214935347597e-05,0.45835591414294247,0.4583806453578778,False
1906,-2.481159740621191e-05,0.48854804419746906,0.48857285579487525,False
1907,-0.00024400522500320887,0.4616165670375642,0.46186057226256744,False
1908,-9.81773861925786e-05,0.4969371501423807,0.49703532752857327,False
1909,-2.463934548983535e-05,0.4718738769961244,0.4718985163416142,False
1910,-0.0001834735766123066,0.39704619877217145,0.39722967234878376,False
1911,-2.462910030289503e-05,0.45682216470173287,0.45684679380203574,False
1912,-4.861464920525444e-05,0.4457586736341104,0.4458072882833157,False
1913,-2.572405175842662e-05,0.4676175739309438,0.4676432979827022,False
1914,-3.258723444581027e-05,0.4666426467546059,0.46667523398905175,False
1915,-2.4515841382675752e-05,0.9795017574508353,0.979526273292218,False
1916,-3.477497932877817e-05,0.4794340722993261,0.4794688472786549,False
1917,-6.950399345402188e-05,0.46094579967153143,0.46101530366498544,False
1918,-2.946651765882372e-05,0.4567849820446102,0.45681444856226905,False
1919,-3.377666649637802e-05,0.4918696040330122,0.4919033806995086,False
1920,-3.750139131738351e-05,0.46138338030788884,0.4614208816992062,False
1921,-0.00019254976193331866,0.47200718411026044,0.47219973387219377,False
1922,-3.365032523175145e-05,0.4759741566950844,0.47600780702031614,False
1923,-0.0003411920556460001,0.394099949783926,0.39444114183957196,False
1924,-0.00012779832226376953,0.25947150056513907,0.25959929888740285,False
1925,-2.5858863117179716e-05,0.46779220066869154,0.4678180595318087,False
1926,-8.065566527777228e-05,0.4679629921715989,0.4680436478368767,False
1927,-2.9647882245777765e-05,0.443459428862267,0.4434890767445128,False
1928,-7.596481256626736e-05,0.5013412058577792,0.5014171706703454,False
1929,-2.4771971464253734e-05,0.4606272747564595,0.46065204672792376,False
1930,-2.533234653378331e-05,0.4511119605691977,0.4511372929157315,False
1931,-3.349326340962603e-05,0.48084935407247364,0.48088284733588327,False
1932,-2.5668366758747798e-05,0.45932761893566176,0.45935328730242053,False
1933,-2.891038639300319e-05,0.47477412785620526,0.4748030382425983,False
1934,-2.8791708167756548e-05,0.4814746149541074,0.4815034066622752,False
1935,-0.0001799193905708294,0.42082738952100607,0.4210073089115769,False
1936,-2.4832594267694836e-05,0.4380854338280086,0.4381102664222763,False
1937,-3.162474381579132e-05,0.46131400789072496,0.46134563263454076,False
1938,-0.000421807523304991,0.22491510840649964,0.22533691592980462,False
1939,-3.3507354911832e-05,0.4661190615694756,0.4661525689243874,False
1940,-3.4632159096218265e-05,0.4767108863888477,0.4767455185479439,False
1941,-3.549453555487423e-05,0.502571447966851,0.5026069425024059,False
1942,-2.738938577057237e-05,0.469145023950329,0.46917241333609955,False
1943,-4.382714418140554e-05,0.44641621063707193,0.4464600377812533,False
1944,-2.4018441514972467e-05,0.4684259819745582,0.46845000041607315,False
1945,-0.0001091279703074947,0.2621813422197672,0.2622904701900747,False
1946,-2.398694098129746e-05,0.44891110606050677,0.4489350930014881,False
1947,-0.00010450569015065183,0.516768630200976,0.5168731358911266,False
1948,-0.006349097232795633,1.0,1.0063490972327955,False
1949,-3.274707462268376e-05,0.4777291739291778,0.4777619210038005,False
1950,-2.6594357091874323e-05,0.5039303260412622,0.503956920398354,False
1951,-7.530322537557928e-05,0.41848279223380497,0.41855809545918055,False
1952,-2.3922099366908855e-05,0.45720006218325165,0.45722398428261857,False
1953,-3.4474720670244295e-05,0.46694972843324517,0.4669842031539154,False
1954,-7.932794856757205e-05,0.510099457655946,0.5101787856045136,False
1955,-4.725231104335486e-05,0.5190643640062262,0.5191116163172695,False
1956,-2.66970297313302e-05,0.4816736676874099,0.4817003647171412,False
1957,-3.118827604058859e-05,0.4610136968812181,0.4610448851572587,False
1958,-3.054808309458331e-05,0.4796752393615829,0.4797057874446775,False
1959,-2.3735000877215298e-05,0.4587650190589608,0.458788754059838,False
1960,-0.0001080912570958817,0.41616689196658624,0.4162749832236821,False
1961,-2.3698684717024713e-05,0.46624858250447115,0.4662722811891882,False
1962,-0.00015979366399587205,0.36184915264934053,0.3620089463133364,False
1963,-2.3649445439352687e-05,0.4599129253653634,0.45993657481080275,False
1964,-5.983865104735124e-05,0.4880393849886163,0.4880992236396637,False
1965,-7.386706190476764e-05,0.393469962790101,0.39354382985200576,False
1966,-3.942099782607301e-05,0.45071093305766957,0.45075035405549563,False
1967,-0.00023814251248238945,0.5438258011828789,0.5440639436953614,False
1968,-2.7427413110874244e-05,0.4692556272999356,0.46928305471304643,False
1969,-4.8440368040282316e-05,0.4772975680573956,0.4773460084254359,False
1970,-2.360739241253665e-05,0.23693901912812684,0.23696262652053937,False
1971,-3.6393553537669486e-05,0.251016551411493,0.25105294496503067,False
1972,-0.0009144528091673213,0.10951495921601326,0.11042941202518058,False
1973,-2.5363531948052245e-05,0.4564212549509895,0.45644661848293755,False
1974,-3.110557501164285e-05,0.45280431615278516,0.4528354217277968,False
1975,-8.479138036395082e-05,0.4465907248104816,0.44667551619084556,False
1976,-0.00025144284512587894,0.4024823894530644,0.4027338322981903,False
1977,-0.0004556880408833478,1.0,1.0004556880408833,False
1978,-0.0002198662571485792,0.4145671005274878,0.4147869667846364,False
1979,-5.705282760970202e-05,0.1638676374133164,0.1639246902409261,False
1980,-2.656111373111355e-05,0.46490185189977556,0.4649284130135067,False
1981,-2.528635539728265e-05,0.4902801534574431,0.49030543981284036,False
1982,-3.613006037775655e-05,0.46717766646781883,0.4672137965281966,False
1983,-0.0005346062338258911,0.6893575171319369,0.6898921233657628,False
1984,-2.7322235272824596e-05,0.43905463796939387,0.43908196020466667,False
1985,-6.816736601676526e-05,0.4924290821824295,0.49249724954844626,False
1986,-0.0002122081913208282,0.5379898068527912,0.538202015044112,False
1987,-2.6845509100609568e-05,0.4956702878271969,0.4956971333362975,False
1988,-2.8604954115251063e-05,0.4915466062678905,0.49157521122200576,False
1989,-3.6442617622878535e-05,0.47427533981874903,0.4743117824363719,False
1990,-0.00041487835673424656,0.9999045344185942,1.0003194127753283,False
1991,-2.8539070096027973e-05,0.45478886066694335,0.4548173997370394,False
1992,-2.7248740126731404e-05,0.4574292813742323,0.457456530114359,False
1993,-8.911452945552574e-05,0.4172803687643206,0.41736948329377616,False
1994,-0.00013523411376796846,0.4835100072364097,0.48364524135017767,False
1995,-2.757776445014178e-05,0.4799403572929296,0.4799679350573797,False
1996,-2.4978970638020277e-05,0.4738297956199282,0.47385477459056624,False
1997,-0.00019538402792719666,0.25833170654056004,0.2585270905684872,False
1998,-0.00010471282700618654,1.0,1.0001047128270062,False
1999,-2.8804756939302193e-05,0.47683703075130296,0.47686583550824224,False
2000,-2.3288056479441317e-05,0.4674082976795217,0.46743158573600113,False
2001,-2.430532179405766e-05,0.45934093991408,0.459365245235874,False
2002,-3.944268306761287e-05,0.38665448963626786,0.38669393231933546,False
2003,-2.6404219322335683e-05,0.4717717096026266,0.4717981138219489,False
2004,-5.732020411685869e-05,0.44972843715198974,0.4497857573561066,False
2005,-7.751639534491278e-05,0.23997144284430505,0.24004895923964997,False
2006,-0.00046203335236269446,0.4063159245575905,0.4067779579099532,False
2007,-0.0006211360932955077,0.30614094572148676,0.30676208181478226,False
2008,-2.297894707936555e-05,0.47490029100309655,0.4749232699501759,False
2009,-2.2976649140651078e-05,0.46743129492568825,0.4674542715748289,False
2010,-2.3861368800625964e-05,0.4875044977901404,0.487528359158941,False
2011,-0.00015830615884244493,0.49227408825621016,0.4924323944150526,False
2012,-0.00014685095844649325,0.47563541904905493,0.47578227000750145,False
2013,-2.7070748220730646e-05,0.4545110565130574,0.4545381272612781,False
2014,-2.842541411767596e-05,0.4674353484366905,0.4674637738508082,False
2015,-2.427677449897811e-05,0.15448179002621973,0.1545060668007187,False
2016,-2.289255167281571e-05,0.5001285839634314,0.5001514765151043,False
2017,-7.703841233728743e-05,0.4888268758568782,0.4889039142692155,False
2018,-7.3382217886783e-05,0.47692667089017476,0.47700005310806154,False
2019,-2.28677182470536e-05,0.45570008799121187,0.4557229557094589,False
2020,-2.9160282940768517e-05,0.4459946906085308,0.44602385089147156,False
2021,-3.7267631495938706e-05,0.1547750461704462,0.15481231380194216,False
2022,-0.00015999980880027602,0.45724379061858966,0.45740379042738993,False
2023,-9.619752009055979e-05,0.3015649645984786,0.30166116211856914,False
2024,-0.00025181344379383077,0.4278892141738272,0.428141027617621,False
2025,-2.4992000738384784e-05,0.4707836058240994,0.4708085978248378,False
2026,-4.913926492045757e-05,0.2555023073223489,0.25555144658726936,False
2027,-0.00045525290962386284,0.6758602692142722,0.6763155221238961,False
2028,-2.834385471257342e-05,0.4741906920838904,0.474219035938603,False
2029,-2.8417617962178017e-05,0.4812192420974653,0.4812476597154275,False
2030,-5.830968937517199e-05,0.4548860115823509,0.45494432127172607,False
2031,-0.00023338032313518725,0.28151787510608,0.2817512554292152,False
2032,-5.110739035502143e-05,0.4888629630312693,0.4889140704216243,False
2033,-2.26141468717448e-05,0.47053974720063757,0.47056236134750934,False
2034,-7.801055764881206e-05,0.46972148593535396,0.4697994964930028,False
2035,-2.25604375791355e-05,0.47463011620509526,0.4746526766426744,False
2036,-3.807084185275988e-05,0.4724874821655513,0.47252555300740406,False
2037,-2.6979114814285558e-05,0.4694229231166904,0.46944990223150473,False
2038,-2.397563371864849e-05,0.45507356020991335,0.455097535843632,False
2039,-4.9648444451759084e-05,0.44809858654776974,0.4481482349922215,False
2040,-2.464946455642859e-05,0.47929168721253007,0.4793163366770865,False
2041,-3.484863598934385e-05,0.43580619938028425,0.4358410480162736,False
2042,-0.00010437490228166423,0.9974480148915791,0.9975523897938607,False
2043,-2.2333775174722088e-05,0.47780584104735746,0.4778281748225322,False
2044,-0.003513898350255464,0.17844369366641563,0.18195759201667108,False
2045,-6.580795846032711e-05,0.5067230825076589,0.5067888904661192,False
2046,-0.0002395349679674693,0.8240410182847424,0.8242805532527099,False
2047,-3.7959732883865785e-05,0.0832908964546548,0.08332885618753867,False
2048,-3.6563315919027485e-05,0.46505021125251605,0.46508677456843506,False
2049,-2.9252970622113655e-05,0.45707562899503384,0.45710488196565596,False
2050,-2.9817840774570506e-05,0.472990411542894,0.47302022938366856,False
2051,-0.000249724312351261,0.5288967990304607,0.529146523342812,False
2052,-4.3846402886866514e-05,0.45261125509237415,0.452655101495261,False
2053,-0.0006414877632117313,0.7311682943893512,0.7318097821525629,False
2054,-3.3018581629155796e-05,0.4686345413542499,0.46866755993587905,False
2055,-3.564584455249032e-05,0.46893514953885923,0.46897079538341174,False
2056,-2.3714618916670427e-05,0.48524137763727593,0.4852650922561926,False
2057,-2.4641037083378137e-05,0.45080944357625624,0.4508340846133396,False
2058,-2.2216844724523757e-05,0.494753163401081,0.49477538024580553,False
2059,-2.8484311703268645e-05,0.4637101427436848,0.46373862705538804,False
2060,-3.585031365272423e-05,0.4992721956519312,0.4993080459655839,False
2061,-5.0584253331232696e-05,0.513994670584652,0.5140452548379832,False
2062,-3.027418954557775e-05,0.46797126906015435,0.46800154324969995,False
2063,-2.2125763567425748e-05,0.551211944803602,0.5512340705671694,False
2064,-3.1946613203090134e-05,0.4402558223642261,0.4402877689774292,False
2065,-3.019656442107909e-05,0.4391902981263404,0.4392204946907615,False
2066,-2.2057164733082765e-05,0.4551850692797189,0.455207126444452,False
2067,-3.225519741898627e-05,0.08990432042588845,0.08993657562330744,False
2068,-2.935075531806246e-05,0.4748936140548579,0.474922964810176,False
2069,-2.24128200452116e-05,0.4474297671821146,0.4474521800021598,False
2070,-0.00030498063225470367,0.48943970932440456,0.48974468995665926,False
2071,-0.0003416485673074591,0.4916259094785642,0.49196755804587167,False
2072,-2.8806669573809018e-05,0.5044259326163137,0.5044547392858876,False
2073,-3.366542419263329e-05,0.4912411805577571,0.49127484598194976,False
2074,-3.478733004328265e-05,0.4644713829365124,0.4645061702665557,False
2075,-2.2400640133221382e-05,0.4472217068964223,0.4472441075365555,False
2076,-0.0003692883900975644,0.30743760230916845,0.30780689069926603,False
2077,-2.446555516899848e-05,0.45225074612081434,0.45227521167598334,False
2078,-0.00019734782992113781,0.31170496196608777,0.3119023097960089,False
2079,-4.798584863076177e-05,0.4488399128750962,0.448887898723727,False
2080,-2.7018343257680653e-05,0.48480675337485674,0.4848337717181144,False
2081,-2.1730732846531205e-05,0.4879245698079168,0.4879463005407634,False
2082,-2.577596334516674e-05,0.4680101853317949,0.4680359612951401,False
2083,-2.1693176936860573e-05,0.44021604085361243,0.4402377340305493,False
2084,-2.2532531659232065e-05,0.4628518681249494,0.4628744006566086,False
2085,-4.569372508760444e-05,0.4828610496519085,0.48290674337699613,False
2086,-0.00012472383914403313,0.4867346780439075,0.48685940188305155,False
2087,-2.1624853130984597e-05,0.45690447368462966,0.45692609853776067,False
2088,-0.00014127526927589038,0.5787279237182482,0.5788691989875241,False
2089,-0.003896697480373374,0.16724821954370234,0.17114491702407572,False
2090,-0.00044290848944203496,0.21423463227608977,0.2146775407655318,False
2091,-2.6501604683869263e-05,0.44777928562752006,0.44780578723220393,False
2092,-0.00016320510134709712,0.4845135070152356,0.4846767121165827,False
2093,-8.387330124922427e-05,0.5098599465197984,0.5099438198210476,False
2094,-0.0002405519577658143,0.4987750869753461,0.4990156389331119,False
2095,-8.271420968427046e-05,0.29430991471631546,0.2943926289259997,False
2096,-2.7023188313275935e-05,0.48648476398672635,0.4865117871750396,False
2097,-4.6423634009937364e-05,0.48104833963873717,0.4810947632727471,False
2098,-0.00020166838694286234,0.5274616779656847,0.5276633463526276,False
2099,-3.383721659632975e-05,0.2245558177828099,0.22458965499940622,False
2100,-2.191057395872104e-05,0.5004378418676029,0.5004597524415616,False
2101,-0.00010466940638735482,0.4249398440401268,0.42504451344651417,False
2102,-2.6723195206232443e-05,0.4631767325304811,0.46320345572568733,False
2103,-2.638857434007169e-05,0.45855767956136356,0.4585840681357036,False
2104,-0.00014472432472703453,0.31449980346653267,0.3146445277912597,False
2105,-2.9560266314352168e-05,0.4665795743462424,0.46660913461255676,False
2106,-2.1520570958786595e-05,0.4646085381691668,0.4646300587401256,False
2107,-2.150245803210534e-05,0.4794575570911351,0.4794790595491672,False
2108,-3.036348829593942e-05,0.45597219642458553,0.45600255991288147,False
2109,-0.0002510643326180353,0.3847901528039451,0.3850412171365631,False
2110,-2.1805399135004462e-05,0.4435550854855133,0.4435768908846483,False
2111,-0.0002837974291749338,0.4764274988671858,0.4767112962963607,False
2112,-2.8237097129370672e-05,0.4509971820162988,0.45102541911342814,False
2113,-2.5485335706371177e-05,0.4620665848512456,0.462092070186952,False
2114,-3.736538412750234e-05,0.46000980753572923,0.46004717291985675,False
2115,-0.0003658802220392103,0.39557288682273817,0.3959387670447774,False
2116,-2.3115428375390178e-05,0.4743237987758954,0.47434691420427083,False
2117,-3.115479900002405e-05,0.4705116379502828,0.4705427927492828,False
2118,-0.0001644311258368984,0.13970128773394094,0.13986571885977783,False
2119,-2.4528261485702123e-05,0.46880829555663206,0.46883282381811775,False
2120,-2.110345939852425e-05,0.5396485062440416,0.5396696097034401,False
2121,-0.00016613016007423963,0.3803662751001785,0.3805324052602527,False
2122,-0.00022678718530399973,1.0,1.000226787185304,False
2123,-0.0005429537321281554,0.42433405813608965,0.4248770118682178,False
2124,-2.5731612632590672e-05,0.46890810996554505,0.46893384157817763,False
2125,-0.00030373818052329673,0.4619000324651286,0.46220377064565193,False
2126,-0.00012332893368473277,0.4862988954941109,0.48642222442779565,False
2127,-0.00022480571194680927,0.7251774408298882,0.725402246541835,False
2128,-2.8249620591945217e-05,0.44215015798323903,0.442178407603831,False
2129,-0.0002567297920269249,0.027384037021945362,0.027640766813972286,False
2130,-0.01335460084863644,0.5083184402514462,0.5216730411000827,False
2131,-0.00016798199882084324,0.4567087223543889,0.45687670435320976,False
2132,-3.217531092649196e-05,0.4871005854436901,0.4871327607546166,False
2133,-3.118872433877278e-05,0.4489072804741098,0.4489384691984486,False
2134,-2.5431309307530036e-05,0.4706934994825486,0.47071893079185617,False
2135,-4.28177214016792e-05,0.4774669438189677,0.4775097615403694,False
2136,-2.8258958223691556e-05,0.48186402330382033,0.481892282262044,False
2137,-2.4491883661187944e-05,0.46406301206221495,0.46408750394587617,False
2138,-2.053241676222046e-05,0.4558887220813997,0.4559092544981619,False
2139,-0.0001808109094717561,0.2753875234167472,0.27556833432621897,False
2140,-2.136932230454791e-05,0.46873472843795033,0.4687560977602549,False
2141,-2.5877255219773727e-05,0.44073756655965673,0.44076344381487653,False
2142,-2.2774182957504648e-05,0.4689685532918188,0.4689913274747763,False
2143,-2.1470692003739233e-05,0.48426694691252975,0.4842884176045335,False
2144,-0.0002665384681401734,0.46372994754021096,0.46399648600835114,False
2145,-3.19874570801613e-05,0.4687641650174517,0.4687961524745319,False
2146,-2.4766693239423026e-05,0.4835926066146612,0.4836173733079006,False
2147,-2.6456865396847206e-05,0.4499888566035629,0.4500153134689598,False
2148,-2.0327493279497605e-05,0.45288248594399544,0.45290281343727495,False
2149,-2.0527567028696703e-05,0.45883837439329955,0.45885890196032825,False
2150,-3.2844874930078284e-05,0.4392101296046756,0.4392429744796057,False
2151,-3.375939499983217e-05,0.4665646104941036,0.4665983698891034,False
2152,-0.0001939817715813363,0.20891494186749254,0.20910892363907388,False
2153,-6.441511469439748e-05,0.49554116803192316,0.49560558314661757,False
2154,-0.0001151549919057225,0.3151601418407919,0.3152752968326976,False
2155,-2.2491236152312517e-05,0.44609848035864885,0.4461209715948012,False
2156,-5.731359222329814e-05,0.3926612675640796,0.39271858115630287,False
2157,-8.088403124191943e-05,0.39345350793796247,0.39353439196920437,False
2158,-2.0652626183061903e-05,0.4592029897027023,0.45922364232888535,False
2159,-2.7969052228014386e-05,0.4706433463309856,0.4706713153832136,False
2160,-2.0144251953538706e-05,0.46470749864365396,0.4647276428956075,False
2161,-3.688276227649054e-05,0.4753530153799315,0.475389898142208,False
2162,-2.6923269720830465e-05,0.45652060153654306,0.45654752480626387,False
2163,-2.4040765477762404e-05,0.4937715585379892,0.49379559930346695,False
2164,-2.0073155374963298e-05,0.4569478646677238,0.45696793782309875,False
2165,-3.170103449417959e-05,0.47044700302213,0.4704787040566242,False
2166,-2.240988437606265e-05,0.46565661439180106,0.46567902427617713,False
2167,-2.002347223208555e-05,0.45496093796231235,0.4549809614345444,False
2168,-0.00012488010220218753,0.4103970519813104,0.41052193208351256,False
2169,-6.40532671623153e-05,0.45158278271709634,0.45164683598425864,False
2170,-2.8765031278950072e-05,0.45299943892097155,0.4530282039522505,False
2171,-0.0002502967986760083,0.41695456496722183,0.4172048617658978,False
2172,-0.0001401828250995251,0.42153399800826324,0.4216741808333628,False
2173,-1.983848458947126e-05,0.42056980413645345,0.4205896426210429,False
2174,-0.00014546108475712227,0.4888590260593258,0.4890044871440829,False
2175,-3.523956638091206e-05,0.47959726870006636,0.47963250826644727,False
2176,-1.9736887689962768e-05,0.4725364624092588,0.47255619929694875,False
2177,-3.0155103270124167e-05,0.46922643362223154,0.4692565887255017,False
2178,-2.0240008909980138e-05,0.5063979778795566,0.5064182178884666,False
2179,-0.0005303381678430252,0.5432061565866915,0.5437364947545344,False
2180,-9.914865529258115e-05,0.46997249315448764,0.4700716418097802,False
2181,-2.7798364718468965e-05,0.4562355315855213,0.45626332995023977,False
2182,-4.5514401061161215e-05,0.4164404358301593,0.4164859502312204,False
2183,-5.1795304275383706e-05,0.503054147658649,0.5031059429629243,False
2184,-2.143924322297775e-05,0.5005046726141273,0.5005261118573503,False
2185,-0.00042777194001001364,0.5668684259897048,0.5672961979297148,False
2186,-0.00010579777097108141,0.416678175857813,0.4167839736287841,False
2187,-0.00014945601008385884,0.4555397543818826,0.45568921039196647,False
2188,-2.7100345756195255e-05,0.4477040683128943,0.4477311686586505,False
2189,-0.0025461897078425245,1.0,1.0025461897078425,False
2190,-3.226490572406827e-05,0.4731835406067339,0.47321580551245795,False
2191,-2.1194707664018812e-05,0.4846927412751262,0.4847139359827902,False
2192,-1.9495966169789592e-05,0.4784658816113629,0.4784853775775327,False
2193,-3.225554553564366e-05,0.4587447180631907,0.4587769736087264,False
2194,-0.00011433635982926695,0.156223640802564,0.15633797716239328,False
2195,-0.00041803912638441025,0.06493236873217942,0.06535040785856383,False
2196,-2.3468952917643772e-05,0.479514166543648,0.47953763549656564,False
2197,-1.9582641674966295e-05,0.46941540588865616,0.4694349885303311,False
2198,-1.9341225052089838e-05,0.4546988719193692,0.4547182131444213,False
2199,-3.1845102244492824e-05,0.49496150199210964,0.4949933470943541,False
2200,-1.9310567438167837e-05,0.45657335707842756,0.4565926676458657,False
2201,-0.00012747016439677104,0.5561417092783033,0.5562691794427,False
2202,-1.9981037553702217e-05,0.46664015015029425,0.46666013118784794,False
2203,-2.854597821088883e-05,0.49888452886813284,0.49891307484634373,False
2204,-0.00021966457841974987,0.5435948872401766,0.5438145518185963,False
2205,-1.9240775881096542e-05,0.5041850715741877,0.5042043123500688,False
2206,-2.7272223483264693e-05,0.8467859355824993,0.8468132078059826,False
2207,-3.0033327212814094e-05,0.520014869054919,0.5200449023821319,False
2208,-2.200722304060777e-05,0.4643708424153367,0.46439284963837735,False
2209,-2.403414785225624e-05,0.5159430609418247,0.515967095089677,False
2210,-3.360058939583533e-05,0.44568730382429417,0.44572090441369,False
2211,-1.9160632175637118e-05,0.46706173464595463,0.4670808952781303,False
2212,-0.0057249566524606695,0.26658308451609314,0.2723080411685538,False
2213,-4.130645515504354e-05,0.4749823460467871,0.4750236525019421,False
2214,-0.0004119163125849252,0.4037265791073626,0.4041384954199475,False
2215,-3.0174836167899938e-05,0.49556011671486266,0.49559029155103057,False
2216,-4.9940818905598e-05,0.480134416857316,0.4801843576762216,False
2217,-2.072369381617202e-05,0.47100461200793764,0.4710253357017538,False
2218,-2.13788284925572e-05,0.45161740857127697,0.45163878739976954,False
2219,-0.00020523791961997743,0.2472655400523532,0.2474707779719732,False
2220,-2.175190048899363e-05,0.46605387002914117,0.46607562192963015,False
2221,-2.7980389195781e-05,0.5263886032407404,0.5264165836299363,False
2222,-6.037419816821223e-05,0.46579379898705975,0.465854173185228,False
2223,-0.00022925994429250313,0.41060340423947184,0.41083266418376435,False
2224,-2.1125935143615517e-05,0.45331210927515697,0.4533332352103006,False
2225,-0.00015816950680868448,0.6420581586274517,0.6422163281342604,False
2226,-0.00010475772969241569,0.4596320146377105,0.4597367723674029,False
2227,-3.2901857997912114e-05,0.4764006351507737,0.4764335370087716,False
2228,-2.236180075527867e-05,0.4815994291224687,0.481621790923224,False
2229,-4.10566484597793e-05,0.4663969241428366,0.4664379807912964,False
2230,-3.344414278415404e-05,0.4587469267230477,0.45878037086583184,False
2231,-1.8849308677087744e-05,0.46618319040168565,0.4662020397103627,False
2232,-3.239928101024659e-05,0.4647431916237555,0.4647755909047657,False
2233,-1.8834312329827575e-05,0.1079240047743225,0.10794283908665232,False
2234,-0.0002541660369717006,0.494708742473789,0.4949629085107607,False
2235,-2.3634431460099346e-05,0.494322760617234,0.4943463950486941,False
2236,-0.00019149912571970014,0.40271164125770875,0.40290314038342845,False
2237,-0.00021633387601501994,0.3513988717166836,0.3516152055926986,False
2238,-1.877952294823761e-05,0.47180860009301484,0.4718273796159631,False
2239,-8.609704626174602e-05,0.4725498651538538,0.4726359622001155,False
2240,-3.385252186539109e-05,0.46688016577899394,0.4669140183008593,False
2241,-3.245274609407171e-05,0.46401083486004496,0.46404328760613905,False
2242,-2.821091106571757e-05,0.4948439710679431,0.4948721819790088,False
2243,-3.779075590821019e-05,0.4622449488049691,0.4622827395608773,False
2244,-0.0006624716980256226,0.3960626368923314,0.39672510859035703,False
2245,-2.0393561103895426e-05,0.48425094319616174,0.48427133675726564,False
2246,-2.096079819714917e-05,0.45850900425588187,0.458529965054079,False
2247,-1.868228309274893e-05,0.4643841099943734,0.46440279227746617,False
2248,-2.1342822497468727e-05,0.44910382156028456,0.44912516438278205,False
2249,-0.00030563026356406395,0.48318373863045744,0.4834893688940215,False
2250,-1.9529840678161188e-05,0.46894396545841954,0.4689634952990977,False
2251,-0.00017281966826155834,0.11402327722446798,0.11419609689272954,False
2252,-4.45797434480692e-05,0.4673824149177792,0.4674269946612273,False
2253,-1.8554313179273136e-05,0.4486863859123961,0.4487049402255754,False
2254,-2.532576607373238e-05,0.4603157407787466,0.4603410665448203,False
2255,-9.871880817469489e-05,0.1534613893782163,0.153560108186391,False
2256,-5.712251669881179e-05,0.47508120334766135,0.47513832586436017,False
2257,-3.0197037121928848e-05,0.4715419899251146,0.4715721869622365,False
2258,-2.1813423501846306e-05,0.43684291404850534,0.43686472747200716,False
2259,-2.1684859791773498e-05,0.45821348008678503,0.4582351649465768,False
2260,-4.495643802046294e-05,0.3464838951737989,0.34652885161181934,False
2261,-0.0006035269586753298,0.41362730058239905,0.4142308275410744,False
2262,-3.7204306301568194e-05,0.4824841081714129,0.48252131247771446,False
2263,-4.9403072263823324e-05,0.4414512575076985,0.4415006605799623,False
2264,-1.8435569543025032e-05,0.4549627847648377,0.4549812203343807,False
2265,-1.8407603628519942e-05,0.4883810431494296,0.48839945075305813,False
2266,-5.9283842883162194e-05,0.4840818704400451,0.48414115428292825,False
2267,-2.0327816098066136e-05,0.4552537596306715,0.45527408744676956,False
2268,-1.9980153677604606e-05,0.49323415952780425,0.49325413968148185,False
2269,-2.752623352300216e-05,0.47198541521021614,0.4720129414437391,False
2270,-1.829634337549837e-05,0.45673794549249386,0.4567562418358694,False
2271,-3.083905337921719e-05,0.46910011542880725,0.46913095448218645,False
2272,-3.139708396579506e-05,0.4520560618743449,0.45208745895831065,False
2273,-2.2255156580284213e-05,0.4951782806264149,0.49520053578299517,False
2274,-3.0021144930127818e-05,0.46047782518870406,0.4605078463336342,False
2275,-0.0001981629149535846,0.29774190992031924,0.2979400728352728,False
2276,-3.479910989757086e-05,0.53451683541202,0.5345516345219176,False
2277,-8.019815833928136e-05,0.4389038609012373,0.43898405905957655,False
2278,-0.0004367110810994054,0.4064150129628445,0.4068517240439439,False
2279,-2.2554166656531692e-05,0.4514092172807298,0.45143177144738633,False
2280,-0.0001327291570417195,0.15403647845131654,0.15416920760835826,False
2281,-4.0273983026520616e-05,0.1977267982040085,0.19776707218703504,False
2282,-2.212383542921661e-05,0.5180581716230652,0.5180802954584944,False
2283,-6.84838842668956e-05,0.7947327507263858,0.7948012346106528,False
2284,-0.0002833480089370225,1.0,1.000283348008937,False
2285,-4.632509231389889e-05,0.48272578835518176,0.48277211344749565,False
2286,-2.7734853082071834e-05,0.4689446731041403,0.46897240795722234,False
2287,-4.105325405944922e-05,0.3617791399068952,0.36182019316095465,False
2288,-2.0245524759256956e-05,0.45897048607338975,0.458990731598149,False
2289,-4.127133147802938e-05,0.4567195736127946,0.4567608449442726,False
2290,-1.807932518706319e-05,0.47105057416648216,0.4710686534916692,False
2291,-0.00011773379879024279,0.4820801315975831,0.4821978653963734,False
2292,-2.0476636040911005e-05,0.4489047108525781,0.44892518748861904,False
2293,-1.8020019217017097e-05,0.46072748889793,0.46074550891714705,False
2294,-2.1430653541224373e-05,0.48712002318422837,0.4871414538377696,False
2295,-2.4352919780396893e-05,0.47382971581455724,0.47385406873433766,False
2296,-3.1927999186751426e-05,0.47570684935620505,0.47573877735539183,False
2297,-2.079708587300485e-05,0.4565611725498185,0.4565819696356915,False
2298,-1.9550284172004522e-05,0.47440791734882776,0.47442746763299976,False
2299,-4.341197990148707e-05,0.48905509133480946,0.48909850331471094,False
2300,-1.782962041999495e-05,0.4739866889213057,0.4740045185417257,False
2301,-3.359511765402234e-05,0.5050261727853921,0.5050597679030461,False
2302,-2.3711749954124793e-05,0.4503933772671306,0.4504170890170847,False
2303,-0.00015584010482599204,0.45228493615691523,0.45244077626174123,False
2304,-4.146275497068204e-05,0.47820269884872957,0.47824416160370026,False
2305,-2.466959063987546e-05,0.46959249132693126,0.46961716091757116,False
2306,-8.376064847185285e-05,0.4637689287965675,0.4638526894450394,False
2307,-0.0002199472727387196,0.7915776277943203,0.7917975750670591,False
2308,-2.1575074163316848e-05,0.45112465124112744,0.4511462263152908,False
2309,-1.8985679235083775e-05,0.47564736389431994,0.475666349573555,False
2310,-4.824967606599763e-05,0.9978651145692097,0.9979133642452757,False
2311,-2.12549082984664e-05,0.48851938866468325,0.4885406435729817,False
2312,-2.513236946253465e-05,0.4716162066420913,0.47164133901155386,False
2313,-2.11029645705006e-05,0.46503596231577904,0.4650570652803495,False
2314,-3.204041944356504e-05,0.47072264755449555,0.4707546879739391,False
2315,-2.6559277245518014e-05,0.46110796898475,0.4611345282619955,False
2316,-3.930962341238935e-05,0.25729687445522775,0.2573361840786401,False
2317,-2.1279342128853582e-05,0.48038231187592706,0.4804035912180559,False
2318,-3.067293518808179e-05,0.4821802934558547,0.48221096639104283,False
2319,-6.412202543635655e-05,0.4974122889538291,0.4974764109792655,False
2320,-4.63012264102552e-05,0.44624740605131735,0.4462937072777276,False
2321,-8.277064853487864e-05,0.33915768063158563,0.33924045128012054,False
2322,-9.222460682218681e-05,0.6491827277264562,0.6492749523332785,False
2323,-1.968488823457321e-05,0.4921726736459698,0.49219235853420434,False
2324,-0.0016569965188309576,0.999997161851634,1.001654158370465,False
2325,-0.0016569965188309571,0.9999971618516348,1.0016541583704657,False
2326,-2.183922815546703e-05,0.46340979396647136,0.4634316331946268,False
2327,-1.8916810256521427e-05,0.4754009778777406,0.4754198946879971,False
2328,-4.813471835062221e-05,0.44622429359209925,0.4462724283104499,False
2329,-3.0161997293536292e-05,0.475423841936571,0.47545400393386456,False
2330,-2.652285289597225e-05,0.45713348084641936,0.4571600036993153,False
2331,-2.8508432986964248e-05,0.5000636178942719,0.5000921263272589,False
2332,-2.0708754661662363e-05,0.16864723047539362,0.1686679392300553,False
2333,-0.000199440307079061,0.47046304988226184,0.4706624901893409,False
2334,-4.641934630594363e-05,0.2822090992143476,0.28225551856065356,False
2335,-3.144141338704799e-05,0.4687982924715114,0.46882973388489846,False
2336,-2.022652273154612e-05,0.4526766340015408,0.4526968605242723,False
2337,-0.00021079941602182852,0.5082823620876736,0.5084931615036955,False
2338,-1.762656564994321e-05,0.43715914720087024,0.4371767737665202,False
2339,-5.3084647170916367e-05,0.4692280619902915,0.4692811466374624,False
2340,-2.7625819119872747e-05,0.46780045430674205,0.4678280801258619,False
2341,-8.107090611573299e-05,0.4105802431212547,0.41066131402737044,False
2342,-1.7316364819873877e-05,0.4652342881001218,0.4652516044649417,False
2343,-2.383155244314095e-05,0.47932783463731365,0.4793516661897568,False
2344,-2.614481796388947e-05,0.4519370656859263,0.45196321050389016,False
2345,-6.128125843475539e-05,0.4595464782653662,0.45960775952380095,False
2346,-2.3985666330678657e-05,0.4886708394527189,0.48869482511904955,False
2347,-2.2160801976726406e-05,0.4614378573549126,0.4614600181568893,False
2348,-0.00010593164072271455,1.0,1.0001059316407228,False
2349,-2.5974824194586636e-05,0.47299823601745,0.4730242108416446,False
2350,-2.006520700002547e-05,0.4652996166653928,0.46531968187239287,False
2351,-6.23856584167748e-05,0.06170691509448409,0.061769300752900866,False
2352,-3.1410051983573424e-05,0.4790214425881833,0.4790528526401669,False
2353,-2.6297221713627163e-05,0.47179019873336986,0.47181649595508346,False
2354,-0.00045767267830982406,1.0,1.0004576726783099,False
2355,-1.7561390614645925e-05,0.45944359042185023,0.4594611518124649,False
2356,-2.512055098737432e-05,0.456235314639175,0.45626043519016235,False
2357,-6.677782998389593e-05,0.4601134778719242,0.46018025570190807,False
2358,-7.634342772759345e-05,0.53262435015927,0.5327006935869976,False
2359,-1.9333080323039987e-05,0.4796146624055725,0.4796339954858955,False
2360,-2.087070767361383e-05,0.4635225469414154,0.463543417649089,False
2361,-0.00013605894119392563,0.6547236552299399,0.6548597141711339,False
2362,-2.005424736612203e-05,0.45467217517646485,0.454692229423831,False
2363,-2.005946617959181e-05,0.4633918975127891,0.4634119569789687,False
2364,-1.7000585906090856e-05,0.4539052791370973,0.45392227972300336,False
2365,-0.0002638178561126743,0.43831362166863796,0.43857743952475065,False
2366,-1.8920357804391342e-05,0.45726893706377303,0.4572878574215774,False
2367,-6.641963989095926e-05,0.47283926348507604,0.472905683124967,False
2368,-2.5079151162226225e-05,0.46389198844205437,0.4639170675932166,False
2369,-2.394897882382259e-05,0.46800786038157344,0.46803180936039723,False
2370,-0.00020044098816633494,0.47835236128312314,0.4785528022712895,False
2371,-1.86671049096569e-05,0.442082146443998,0.4421008135489077,False
2372,-2.041102711431563e-05,0.45986151226661437,0.4598819232937287,False
2373,-0.0001671854509564805,0.20133160698574226,0.20149879243669874,False
2374,-2.7831312510714343e-05,0.4402815562295775,0.4403093875420882,False
2375,-2.4171998120115563e-05,0.45879763348507185,0.45882180548319196,False
2376,-1.847022037879781e-05,0.4891308401923098,0.4891493104126886,False
2377,-0.00040107058766412527,0.4975922031161328,0.4979932737037969,False
2378,-2.6942901670631816e-05,0.45493463796062317,0.4549615808622938,False
2379,-0.0001639886769654473,0.2462933264440576,0.24645731512102306,False
2380,-0.00011034657341182067,0.39424460308073866,0.39435494965415047,False
2381,-0.00012814680362752365,0.995861194789201,0.9959893415928285,False
2382,-2.8525177965491138e-05,0.45917799571861195,0.45920652089657743,False
2383,-2.8684686021672685e-05,0.46442157226435443,0.4644502569503761,False
2384,-2.9309859480245546e-05,0.4845339092554143,0.48456321911489453,False
2385,-1.6730238956863137e-05,0.45302461022189505,0.4530413404608519,False
2386,-1.970699309992656e-05,0.46848366616395565,0.4685033731570556,False
2387,-2.030911592877106e-05,0.4645337275675085,0.46455403668343725,False
2388,-1.6699280165134484e-05,0.4398779240871728,0.4398946233673379,False
2389,-2.6880007536908953e-05,0.45975113534650724,0.45977801535404417,False
2390,-2.3181648987661033e-05,0.47203520663474685,0.47205838828373453,False
2391,-1.7426418641768013e-05,0.4617634167338695,0.4617808431525113,False
2392,-2.35453050568888e-05,0.4625610266104869,0.4625845719155438,False
2393,-1.9948829773607836e-05,0.47158396691321314,0.47160391574298677,False
2394,-3.181626259559693e-05,0.45690526037186185,0.45693707663445743,False
2395,-4.272726858906136e-05,0.4254959252345913,0.42553865250318035,False
2396,-2.358302003764094e-05,0.4739151327223995,0.4739387157424371,False
2397,-1.7805777649678836e-05,0.451250725999375,0.4512685317770247,False
2398,-5.1048987408579525e-05,0.4577011059047328,0.4577521548921414,False
2399,-1.8388726823836503e-05,0.46276850757590665,0.4627868963027305,False
2400,-1.755363948896744e-05,0.4808858918797812,0.48090344551927017,False
2401,-1.647375338065071e-05,0.4702770257757521,0.47029349952913274,False
2402,-1.6449814002170787e-05,0.45696486896915595,0.4569813187831581,False
2403,-0.00021656708441987439,0.4846919384783837,0.48490850556280357,False
2404,-0.00011996814071054103,0.38294609375960914,0.38306606190031967,False
2405,-2.1115157610760015e-05,0.4737993352845383,0.4738204504421491,False
2406,-3.607974401709016e-05,0.46559686074382267,0.46563294048783976,False
2407,-1.8522373937824468e-05,0.5019598671694766,0.5019783895434144,False
2408,-0.00019446204600928079,0.5900748306939186,0.5902692927399279,False
2409,-4.393382961383635e-05,0.47658577288356285,0.47662970671317667,False
2410,-2.348188223893836e-05,0.47057246962200006,0.470595951504239,False
2411,-8.415440245269738e-05,0.46349082356617816,0.46357497796863084,False
2412,-5.561306296765892e-05,0.4953462413601115,0.49540185442307916,False
2413,-1.9513455837979265e-05,0.46889653908595186,0.46891605254178986,False
2414,-1.720663191831768e-05,0.46366248108372127,0.4636796877156396,False
2415,-4.5058762012896306e-05,0.5026257650930875,0.5026708238551004,False
2416,-2.4314807540057106e-05,0.45832325147452846,0.4583475662820685,False
2417,-2.4045856761929327e-05,0.47798558556891324,0.47800963142567515,False
2418,-2.746804136750961e-05,0.46462918507173084,0.46465665311309834,False
2419,-0.00010502510604276836,0.5012245944911484,0.5013296195971912,False
2420,-4.6108251604110694e-05,0.46700711618613416,0.4670532244377383,False
2421,-3.449802805022992e-05,0.45581458458261526,0.4558490826106655,False
2422,-2.19960855922944e-05,0.4697378477780212,0.46975984386361347,False
2423,-0.0003849462384690592,0.30622644574845836,0.30661139198692744,False
2424,-1.6062194551525026e-05,0.44171351408893694,0.44172957628348847,False
2425,-0.0004012457631506626,0.9957533245460819,0.9961545703092326,False
2426,-2.7671057942432932e-05,0.46359384009989774,0.46362151115784017,False
2427,-2.4284880598546234e-05,0.4774151880851451,0.4774394729657436,False
2428,-6.158562670127578e-05,0.45656729330348833,0.4566288789301896,False
2429,-2.1948667703055654e-05,0.48343523408818123,0.4834571827558843,False
2430,-2.1699289251303004e-05,0.46650951184555073,0.466531211134802,False
2431,-0.00014149486877696482,0.4245675041947855,0.42470899906356246,False
2432,-2.1794290720940304e-05,0.4527684594894353,0.45279025378015625,False
2433,-4.848736885740454e-05,0.47642816067815486,0.4764766480470123,False
2434,-4.3596308762238224e-05,0.46621482114032564,0.46625841744908786,False
2435,-1.5942274372136794e-05,0.44523317564573367,0.4452491179201058,False
2436,-4.5167907297442644e-05,0.3310552687250704,0.3311004366323678,False
2437,-2.55943175410631e-05,0.46497492623550524,0.4650005205530463,False
2438,-2.639181098181262e-05,0.47622336687257066,0.47624975868355246,False
2439,-5.336374646586402e-05,0.4668172072079153,0.46687057095438117,False
2440,-1.6765362565103987e-05,0.4778208674237277,0.4778376327862928,False
2441,-5.551335727613357e-05,0.11890319907902197,0.1189587124362981,False
2442,-1.5848551739141108e-05,0.4999720480379345,0.49998789658967363,False
2443,-3.167234518719217e-05,0.4740368750160084,0.4740685473611956,False
2444,-2.2549718716058826e-05,0.47230047124200236,0.47232302096071843,False
2445,-4.8131002004338844e-05,0.47058484216067914,0.4706329731626835,False
2446,-0.000122454648585195,0.4706112098118883,0.4707336644604735,False
2447,-3.395034854775498e-05,0.49096693987104906,0.4910008902195968,False
2448,-1.9938867444733795e-05,0.4727230954971184,0.4727430343645631,False
2449,-3.216109926712879e-05,0.4755512721679951,0.4755834332672622,False
2450,-2.7038203951640286e-05,0.4638686202550969,0.4638956584590485,False
2451,-3.120075052529914e-05,0.4509115892049039,0.4509427899554292,False
2452,-2.0112173018188562e-05,0.4487108622459418,0.44873097441896,False
2453,-5.316801296989588e-05,0.4001725254003784,0.4002256934133483,False
2454,-3.521280589408197e-05,0.47472720413895353,0.4747624169448476,False
2455,-9.78584582654755e-05,0.48114001250821276,0.48123787096647824,False
2456,-2.1904409627685835e-05,0.47290616514926254,0.4729280695588902,False
2457,-1.6281697540948155e-05,0.4602140967009326,0.4602303783984735,False
2458,-5.435253236037743e-05,0.3877165847310397,0.38777093726340006,False
2459,-3.77563499128878e-05,0.4609259080993537,0.46096366444926656,False
2460,-3.5988271185501614e-05,0.49967499933662674,0.49971098760781224,False
2461,-0.00011796485519517756,0.7859287960068868,0.786046760862082,False
2462,-9.837251626002813e-05,0.39907787082492957,0.3991762433411896,False
2463,-6.997031480524331e-05,0.44428005628978734,0.4443500266045926,False
2464,-0.00012253045102205275,0.6099044762092497,0.6100270066602718,False
2465,-0.00015572149762389144,0.3211510437013051,0.321306765198929,False
2466,-1.8662926693536518e-05,0.4718668288969646,0.47188549182365813,False
2467,-2.163975655033367e-05,0.5129740334849588,0.5129956732415092,False
2468,-3.492314127863136e-05,0.46106365432718555,0.46109857746846417,False
2469,-1.535519619247895e-05,0.45936428865847034,0.45937964385466284,False
2470,-1.9311877579909873e-05,0.45939336120369995,0.45941267308127987,False
2471,-2.2669291621234708e-05,0.4755045803720794,0.47552724966370064,False
2472,-1.719872307823709e-05,0.4670468394329981,0.46706403815607633,False
2473,-2.7769261493016105e-05,0.3704601263795096,0.3704878956410026,False
2474,-3.34078134426083e-05,0.17302463637142593,0.17305804418486853,False
2475,-5.52172755001177e-05,0.4805644909323175,0.48061970820781763,False
2476,-1.7934221588053877e-05,0.48708148421365605,0.4870994184352441,False
2477,-0.00013868017864817166,0.28254178565569493,0.2826804658343431,False
2478,-2.2882244748114864e-05,0.45386997957777453,0.45389286182252264,False
2479,-2.3371451924854042e-05,0.4743353487725116,0.4743587202244365,False
2480,-1.714626908245501e-05,0.4744628060123793,0.4744799522814617,False
2481,-6.266856169716768e-05,0.44875348499114825,0.44881615355284543,False
2482,-2.2323394652159293e-05,0.4650880882764442,0.46511041167109635,False
2483,-1.5057660125918853e-05,0.47267182799400476,0.4726868856541307,False
2484,-2.8074636866085282e-05,0.4357318578531791,0.4357599324900452,False
2485,-2.1709282461146434e-05,0.44007563163517893,0.4400973409176401,False
2486,-3.0409478558302506e-05,0.4647504782870639,0.4647808877656222,False
2487,-0.0004770874979352326,0.9959076410729761,0.9963847285709113,False
2488,-2.7594004950695392e-05,0.4553045742238377,0.45533216822878836,False
2489,-3.510100585200037e-05,0.4895752041579435,0.4896103051637955,False
2490,-0.0002262396404539046,0.5224370472357309,0.5226632868761848,False
2491,-2.4574672198708282e-05,0.4684250283970441,0.46844960306924277,False
2492,-1.4953857343747822e-05,0.2378629311986253,0.23787788505596905,False
2493,-3.238935023895707e-05,0.4552671831269844,0.45529957247722336,False
2494,-2.9338011704170167e-05,0.47113291690591896,0.47116225491762315,False
2495,-4.428863520382682e-05,0.4395976277064824,0.43964191634168626,False
2496,-2.582980674377207e-05,0.469402388450443,0.4694282182571868,False
2497,-0.00011837047165978345,0.399790944092779,0.3999093145644388,False
2498,-5.310140954162559e-05,0.47619495606192236,0.476248057471464,False
2499,-3.37788798881262e-05,0.4519655467874483,0.45199932566733647,False
2500,-2.7659590205283637e-05,0.45253284652155046,0.45256050611175574,False
2501,-0.0011782210855017538,0.09746476925819349,0.09864299034369524,False
2502,-1.4882511556756374e-05,0.4766029383815286,0.47661782089308535,False
2503,-0.0018122861164533014,1.0,1.0018122861164533,False
2504,-1.4877626452354936e-05,0.4493452607262799,0.44936013835273225,False
2505,-0.0010204546016648185,0.999849979393042,1.0008704339947068,False
2506,-2.6335030877967864e-05,0.46392853714026894,0.4639548721711469,False
2507,-1.832892023633118e-05,0.45158934062932626,0.4516076695495626,False
2508,-2.7145892107227438e-05,0.5474754404613501,0.5475025863534573,False
2509,-1.8596751576029974e-05,0.46821555896177064,0.46823415571334664,False
2510,-2.2958971073486938e-05,0.48074492705216254,0.480767886023236,False
2511,-1.7203672730589488e-05,0.46015241983095106,0.4601696235036817,False
2512,-1.4802786584353758e-05,0.46343682744381076,0.4634516302303951,False
2513,-1.5241691363543236e-05,0.474450977794791,0.47446621948615453,False
2514,-3.2521692981505976e-05,0.4644002468541844,0.4644327685471659,False
2515,-4.278944258831598e-05,0.46728573169790577,0.4673285211404941,False
2516,-2.529013879749588e-05,0.4862884276257575,0.486313717764555,False
2517,-2.0777599756710666e-05,0.4870639632607952,0.4870847408605519,False
2518,-2.996880400757411e-05,0.4739568952334403,0.4739868640374479,False
2519,-7.635327511113773e-05,0.44197239360442236,0.4420487468795335,False
2520,-4.315031752916545e-05,0.46674986111523087,0.46679301143276003,False
2521,-2.2872277696938182e-05,0.45539645189200406,0.455419324169701,False
2522,-3.158337090834311e-05,0.44836898075132764,0.448400564122236,False
2523,-0.00023307753735866583,0.5174306587950315,0.5176637363323902,False
2524,-0.00010285046016853325,0.5031531927341275,0.5032560431942961,False
2525,-2.1013880856972754e-05,0.48312405088339705,0.483145064764254,False
2526,-3.996421937232269e-05,0.46567994449449307,0.46571990871386537,False
2527,-2.5690916263312e-05,0.456891126464937,0.4569168173812003,False
2528,-3.0389082121982473e-05,0.4688343124339787,0.4688647015161007,False
2529,-2.2414632585179327e-05,0.4820661907768534,0.4820886054094386,False
2530,-8.384097125335384e-05,0.4805514709117259,0.48063531188297925,False
2531,-3.0250362412002928e-05,0.46441297036141677,0.46444322072382876,False
2532,-1.6606868467167687e-05,0.45849753847976193,0.4585141453482291,False
2533,-2.9296212519466582e-05,0.443293638846154,0.4433229350586735,False
2534,-1.4524219013347143e-05,0.4577942026890998,0.45780872690811314,False
2535,-2.5903301906063303e-05,0.4614241031210878,0.46145000642299383,False
2536,-0.00018867289034032596,0.6157141835202947,0.615902856410635,False
2537,-2.117996994688572e-05,0.4590112613468744,0.4590324413168213,False
2538,-1.9826314510065614e-05,0.4538166321997715,0.45383645851428156,False
2539,-3.9084197225437635e-05,0.5100796942755894,0.5101187784728148,False
2540,-2.941599638086649e-05,0.46224039124688077,0.4622698072432616,False
2541,-0.00032383624627983727,0.6612846229718684,0.6616084592181483,False
2542,-1.88326724587212e-05,0.45865879204534593,0.45867762471780466,False
2543,-3.1149523331496325e-05,0.4239095606300406,0.4239407101533721,False
2544,-3.506275960144361e-05,1.0,1.0000350627596015,False
2545,-0.000241155189195328,1.0,1.0002411551891954,False
2546,-3.326358087165442e-05,0.49043748360160516,0.4904707471824768,False
2547,-1.8401282090849478e-05,0.46825530507515833,0.4682737063572492,False
2548,-3.834714741712113e-05,0.450391134059209,0.4504294812066261,False
2549,-0.00023474989134761965,0.2574160908097865,0.25765084070113414,False
2550,-0.0004097042599078814,0.16766885189191807,0.16807855615182596,False
2551,-6.0505104754935254e-05,0.4642906010893162,0.4643511061940711,False
2552,-1.5019020608164795e-05,0.46857188753846335,0.46858690655907154,False
2553,-4.2392353360845836e-05,0.46997868466393655,0.4700210770172974,False
2554,-0.00033950194391461734,0.7972465079196468,0.7975860098635614,False
2555,-0.07178383216461326,1.0,1.0717838321646131,False
2556,-2.059397286416863e-05,0.443289876254186,0.44331047022705017,False
2557,-2.2698122225051134e-05,0.4669480379334453,0.46697073605567035,False
2558,-1.431613972745099e-05,0.17948452167210552,0.17949883781183296,False
2559,-0.00043147383991194797,0.42807813545179374,0.4285096092917057,False
2560,-1.9857624366384034e-05,0.46612059528872685,0.46614045291309325,False
2561,-1.7545958516545116e-05,0.47593588177504675,0.4759534277335633,False
2562,-3.441492126092605e-05,0.47602994369293705,0.476064358614198,False
2563,-1.82456193031608e-05,0.4403319453259747,0.44035019094527783,False
2564,-1.9252493454194414e-05,0.45175605057753854,0.45177530307099273,False
2565,-9.55853185969277e-05,0.43749487367636997,0.4375904589949669,False
2566,-0.00018798128488470078,0.5130446076169067,0.5132325889017915,False
2567,-0.000198683886824911,0.42735780983129323,0.42755649371811816,False
2568,-2.2366414095285702e-05,0.4950175985282295,0.49503996494232483,False
2569,-0.0001339243217768903,0.416586524433136,0.4167204487549129,False
2570,-0.00010999749680443687,0.5053973249487701,0.5055073224455745,False
2571,-2.940791599781326e-05,0.4813057604834962,0.48133516839949403,False
2572,-1.598510468274599e-05,0.4590068419007963,0.4590228270054791,False
2573,-3.182522752812055e-05,0.4534017172045295,0.4534335424320576,False
2574,-0.0001660597297320146,0.9972219303239266,0.9973879900536586,False
2575,-0.0006618391220607719,0.027651297989377387,0.02831313711143816,False
2576,-1.4990536700626736e-05,0.4868608435511851,0.4868758340878857,False
2577,-0.0012517949729589145,0.4440642241734114,0.4453160191463703,False
2578,-3.2025736564933434e-05,0.4591966154058569,0.4592286411424218,False
2579,-2.963772189785883e-05,0.45894825777273507,0.4589778954946329,False
2580,-2.4220452398985568e-05,0.45920236070783615,0.4592265811602351,False
2581,-6.578517570738374e-05,0.4916037445862702,0.4916695297619776,False
2582,-1.6893473357311436e-05,0.4721939489682056,0.4722108424415629,False
2583,-3.35385447952876e-05,0.49862804270273653,0.4986615812475318,False
2584,-2.1304129755737274e-05,0.4546556442527446,0.45467694838250033,False
2585,-1.7732248826491308e-05,0.44237151922058543,0.44238925146941194,False
2586,-1.8070195951644987e-05,0.4600152585822262,0.4600333287781778,False
2587,-4.037280835744317e-05,0.4636647363528656,0.46370510916122304,False
2588,-2.082606427584703e-05,0.4757308762789535,0.47575170234322933,False
2589,-2.4168235456485743e-05,0.47500303041287706,0.47502719864833354,False
2590,-3.1773103291826165e-05,0.5162320923670645,0.5162638654703563,False
2591,-3.440915497088198e-05,0.4564158982969111,0.456450307451882,False
2592,-0.00011238611859510051,0.21638713839979465,0.21649952451838975,False
2593,-2.909763967077491e-05,0.4649049598421624,0.4649340574818332,False
2594,-1.5453885479214033e-05,0.5410029717298499,0.5410184256153291,False
2595,-3.637265703005726e-05,0.47151070039489323,0.4715470730519233,False
2596,-8.894830014622602e-05,0.4830374914411212,0.4831264397412674,False
2597,-4.410155285287003e-05,0.4735234966556503,0.4735675982085032,False
2598,-2.2805158205521806e-05,0.4465990880400895,0.44662189319829504,False
2599,-2.819284747276029e-05,0.4725573625462066,0.47258555539367936,False
2600,-5.96818993813291e-05,0.46834666549081827,0.4684063473901996,False
2601,-3.085469382609563e-05,0.4744148966450183,0.47444575133884437,False
2602,-2.5596236302593843e-05,0.4676828540105205,0.4677084502468231,False
2603,-2.6143031289312135e-05,0.46471744135136267,0.464743584382652,False
2604,-7.266750293918123e-05,0.5100600723097269,0.5101327398126662,False
2605,-0.00013255414489532496,0.4794007039236174,0.4795332580685127,False
2606,-3.273068955913914e-05,0.48358541787225656,0.4836181485618157,False
2607,-4.536797077999927e-05,0.4815124516442691,0.48155781961504907,False
2608,-2.782375623488627e-05,0.4510558892628594,0.4510837130190943,False
2609,-0.000272688626223558,0.37407957759985977,0.3743522662260833,False
2610,-2.6706605413559503e-05,0.4921036767410928,0.49213038334650633,False
2611,-3.764118752178517e-05,0.4723805665928618,0.4724182077803836,False
2612,-2.3548032327892058e-05,0.4871048146666286,0.4871283626989565,False
2613,-1.5771588566905193e-05,0.4856265096497685,0.4856422812383354,False
2614,-1.9429759573917788e-05,0.46348325535358553,0.46350268511315945,False
2615,-3.4285562049030934e-05,0.47869197267567354,0.4787262582377226,False
2616,-1.7350654445727907e-05,0.49316437628649984,0.4931817269409456,False
2617,-0.0007663075748452107,1.0,1.0007663075748452,False
2618,-0.00011085855802506557,0.3865337072873087,0.38664456584533374,False
2619,-1.69043285089508e-05,0.46078467914672705,0.460801583475236,False
2620,-2.0226831749005105e-05,0.49398622124560015,0.49400644807734917,False
2621,-2.2726399971328853e-05,0.4531576741351479,0.4531804005351192,False
2622,-0.0001970380498851762,0.42878294332104344,0.42897998137092863,False
2623,-1.6513808027641148e-05,0.46364978507653065,0.4636662988845583,False
2624,-0.00010117397780329507,0.4596965936438143,0.4597977676216176,False
2625,-1.3597023485332203e-05,0.4715520987140717,0.4715656957375571,False
2626,-5.9182024768018525e-05,0.4755644514693966,0.4756236334941646,False
2627,-1.3584965642169956e-05,0.45762277604511736,0.45763636101075955,False
2628,-8.397720531687403e-05,0.1373007087961803,0.1373846860014972,False
2629,-1.3803085295532401e-05,0.4781144192008923,0.47812822228618784,False
2630,-0.0004287140124964586,0.4060327190012994,0.40646143301379584,False
2631,-8.708640814308953e-05,0.48568541495493694,0.48577250136308003,False
2632,-0.00012646369103542989,0.4906437921155054,0.4907702558065408,False
2633,-0.00017285343247832872,0.5277756352853181,0.5279484887177964,False
2634,-2.6072688236530294e-05,0.47417718364945827,0.4742032563376948,False
2635,-3.2782774503317754e-05,0.48629089100590334,0.48632367378040664,False
2636,-2.891906551713896e-05,0.46409729841871317,0.46412621748423033,False
2637,-5.364315960648408e-05,0.46977706948731657,0.46983071264692305,False
2638,-0.00098887771380883,0.059375751621122526,0.060364629334931356,False
2639,-1.8018628494804824e-05,0.4883518531069229,0.48836987173541774,False
2640,-4.44678257596532e-05,0.4791721189536184,0.47921658677937806,False
2641,-0.0074128209394717145,0.2884068015345306,0.2958196224740023,False
2642,-2.6630918154697197e-05,0.4745033740742486,0.4745300049924033,False
2643,-1.9238470960708398e-05,0.468547306858965,0.4685665453299257,False
2644,-2.6306542009235127e-05,0.444979756105827,0.44500606264783626,False
2645,-1.867421890390465e-05,0.4574725375617508,0.4574912117806547,False
2646,-1.6732850774641724e-05,0.45317379543306624,0.4531905282838409,False
2647,-7.170973252822711e-05,0.21111872259358025,0.21119043232610848,False
2648,-2.727691365322771e-05,0.46178815855525185,0.4618154354689051,False
2649,-2.635819295623465e-05,0.47044462491344236,0.47047098310639857,False
2650,-1.585733299596315e-05,0.4517102011763194,0.45172605850931535,False
2651,-0.00013899840019569992,0.47527400363449734,0.47541300203469306,False
2652,-6.125698594647905e-05,0.46581284365775927,0.46587410064370577,False
2653,-1.6684119686867074e-05,0.4654122383252023,0.46542892244488915,False
2654,-3.754911373154529e-05,0.4690563879085112,0.4690939370222427,False
2655,-2.1073956382216548e-05,0.47580996854168,0.47583104249806224,False
2656,-1.886256732356467e-05,0.46967097023926785,0.46968983280659143,False
2657,-2.749805904166044e-05,0.4744667267745652,0.47449422483360687,False
2658,-6.665169442108317e-05,0.2762995002178247,0.2763661519122458,False
2659,-1.3243676563906807e-05,0.4744964603560923,0.4745097040326562,False
2660,-2.8651605969853645e-05,0.49928994818566486,0.49931859979163473,False
2661,-8.008987162841454e-05,0.45611112718850816,0.4561912170601366,False
2662,-2.4547743271633146e-05,0.4963465633765248,0.4963711111197964,False
2663,-1.5927462171826565e-05,0.45780205218830144,0.4578179796504733,False
2664,-1.5662715456346965e-05,0.4692999273713083,0.46931559008676466,False
2665,-1.6803048985212996e-05,0.47721078857899496,0.4772275916279802,False
2666,-0.0002545402254455206,0.39863347496769,0.39888801519313555,False
2667,-2.9178498697929354e-05,0.49119757066845277,0.4912267491671507,False
2668,-1.6231025743157823e-05,0.4496120923293174,0.4496283233550606,False
2669,-9.058023797800315e-05,0.4776045442294516,0.47769512446742957,False
2670,-0.0002426039820183199,0.9950271705603628,0.9952697745423812,False
2671,-3.6433809246822305e-05,0.4978555367768666,0.49789197058611345,False
2672,-5.85337448967772e-05,0.18816889917863008,0.18822743292352687,False
2673,-2.19991521617076e-05,0.4734368448474634,0.4734588439996251,False
2674,-3.2054822928314e-05,0.4697476679855172,0.46977972280844554,False
2675,-1.4286278713878411e-05,0.46019272669657385,0.4602070129752877,False
2676,-6.904223348421796e-05,0.4686852009925325,0.4687542432260167,False
2677,-4.665770995408304e-05,0.47206398311512626,0.47211064082508036,False
2678,-9.265081925849541e-05,0.4966466718794874,0.49673932269874593,False
2679,-3.358174537892415e-05,0.44997954833197373,0.45001313007735266,False
2680,-1.30018333653689e-05,1.0,1.0000130018333653,False
2681,-1.6446153385082018e-05,0.4595695397716567,0.4595859859250418,False
2682,-6.119200773396641e-05,0.613553507139907,0.6136146991476409,False
2683,-5.674394452792959e-05,0.4573056170571575,0.4573623610016854,False
2684,-1.9019466392267812e-05,0.42511596917078803,0.4251349886371803,False
2685,-2.6555513786728954e-05,0.455031284139592,0.4550578396533787,False
2686,-2.4144309672191882e-05,0.45657861848152687,0.45660276279119905,False
2687,-4.032221754698477e-05,0.5026568355700797,0.5026971577876267,False
2688,-2.1074057103799108e-05,0.4538104917632838,0.4538315658203876,False
2689,-0.0012563248721150463,1.0,1.0012563248721151,False
2690,-1.2797010075266953e-05,0.4455857510712186,0.4455985480812939,False
2691,-2.17542526482415e-05,0.4681805090554437,0.46820226330809195,False
2692,-3.2508146062390516e-05,0.4627762075781862,0.4628087157242486,False
2693,-2.3560546653978284e-05,0.4535887859627278,0.45361234650938176,False
2694,-1.4921394191810182e-05,0.4718074975057999,0.4718224188999917,False
2695,-1.623347404929408e-05,0.45654311274829934,0.4565593462223486,False
2696,-2.5164521660935984e-05,0.46714293256785394,0.4671680970895149,False
2697,-5.1214431106882405e-05,0.4533514552963459,0.4534026697274528,False
2698,-1.691219921114488e-05,0.45129482155595935,0.4513117337551705,False
2699,-3.88476013399743e-05,0.4808501981274217,0.4808890457287617,False
2700,-0.0001881598441641057,0.4827738069867236,0.4829619668308877,False
2701,-0.0001580510118771821,0.2548181613860867,0.25497621239796386,False
2702,-2.4430551680498103e-05,0.4669142333926904,0.4669386639443709,False
2703,-8.084495593947457e-05,0.6785053584000132,0.6785862033559528,False
2704,-1.3637514301632837e-05,0.4353980149523881,0.4354116524666897,False
2705,-6.043024577968456e-05,0.4741765758619077,0.4742370061076874,False
2706,-3.422620318343781e-05,0.46187039325381063,0.46190461945699407,False
2707,-1.4799657557851554e-05,0.4571907287289591,0.45720552838651696,False
2708,-1.9838893580325865e-05,0.4710259271072021,0.4710457660007824,False
2709,-3.7754204007994205e-05,0.47433626787157496,0.47437402207558294,False
2710,-2.385806567601359e-05,0.46998393565564783,0.47000779372132384,False
2711,-2.2847573729156756e-05,0.4580894809851519,0.45811232855888107,False
2712,-2.2343023678477686e-05,0.46720631288105985,0.46722865590473833,False
2713,-2.9463096882189455e-05,0.47622424637393757,0.47625370947081974,False
2714,-0.00017302432874000522,0.4784650928054026,0.4786381171341426,False
2715,-0.00018709201512685913,0.29973064579326886,0.2999177378083957,False
2716,-2.7522300278281778e-05,0.4899612960796111,0.4899888183798894,False
2717,-2.4142294213310843e-05,0.45824592820154625,0.4582700704957596,False
2718,-3.2595258334231335e-05,0.46577460213150157,0.4658071973898358,False
2719,-0.0004043107913643812,0.39292096915875013,0.3933252799501145,False
2720,-1.2493380655692822e-05,0.4633651017936865,0.4633775951743422,False
2721,-6.375517409303783e-05,0.4775878668150158,0.4776516219891088,False
2722,-1.5468390904553056e-05,0.4700061847732317,0.47002165316413624,False
2723,-1.2676859451481314e-05,0.4509807161082715,0.450993392967723,False
2724,-3.0326811770380754e-05,0.4658287990994168,0.4658591259111872,False
2725,-2.3136708946398572e-05,0.46264471075111757,0.46266784746006395,False
2726,-1.4996400786578433e-05,0.4664643197041993,0.4664793161049859,False
2727,-1.8491738034296078e-05,0.4570793948733951,0.4570978866114294,False
2728,-3.628239012541475e-05,0.434064649967452,0.4341009323575774,False
2729,-2.244514943204598e-05,0.4475576414800945,0.4475800866295266,False
2730,-8.697907093434292e-05,0.4936554344911212,0.49374241356205556,False
2731,-2.1803944136904922e-05,0.4679756329559609,0.4679974369000978,False
2732,-1.534932931601381e-05,0.4461949640407306,0.44621031337004663,False
2733,-1.7890678075024345e-05,0.472205992865775,0.47222388354385003,False
2734,-1.441796682718765e-05,0.4510117191226717,0.45102613708949885,False
2735,-0.0006220748738792042,0.4306506176407755,0.4312726925146547,False
2736,-5.939983897901015e-05,0.4566434795392207,0.4567028793781997,False
2737,-1.8277711110577908e-05,0.4817963153927029,0.48181459310381347,False
2738,-5.560769321022034e-05,0.4682995841241811,0.4683551918173913,False
2739,-9.176798740275444e-05,0.4457695826879366,0.44586135067533933,False
2740,-2.236897481519857e-05,0.46085338824168937,0.4608757572165046,False
2741,-2.5477712080873792e-05,0.45643239448434586,0.45645787219642675,False
2742,-1.6033463620071045e-05,0.4845558286989851,0.48457186216260517,False
2743,-2.831252829615292e-05,0.49108499009989115,0.4911133026281873,False
2744,-3.3693470283991055e-05,0.4732136355679489,0.47324732903823286,False
2745,-2.2251414452557656e-05,0.45746726871152593,0.4574895201259785,False
2746,-2.184274495067771e-05,0.4485689897872929,0.4485908325322436,False
2747,-6.128982934709985e-05,0.49606353733787273,0.49612482716721984,False
2748,-0.00010408553131678949,0.38963594128780377,0.38974002681912057,False
2749,-3.227251105385911e-05,0.4896825363883568,0.48971480889941066,False
2750,-5.214854559879181e-05,0.47336834830122493,0.47342049684682375,False
2751,-1.6022655286435472e-05,0.45090968391595126,0.4509257065712377,False
2752,-1.2930362833142175e-05,0.45156607368629736,0.4515790040491305,False
2753,-5.22582453982785e-05,0.46755740549805885,0.46760966374345714,False
2754,-0.00017736130731086478,0.6231952103016554,0.6233725716089662,False
2755,-2.1623012786677017e-05,0.47093790503913124,0.47095952805191793,False
2756,-1.2132021727247787e-05,0.4800159865315712,0.4800281185532984,False
2757,-0.0002711149283636772,0.5451716471224599,0.5454427620508235,False
2758,-9.261752718630058e-05,1.0,1.0000926175271863,False
2759,-2.46881683556993e-05,0.4741158753353674,0.47414056350372313,False
2760,-1.5866029181917527e-05,0.46674549740480115,0.46676136343398306,False
2761,-2.3931548448603734e-05,0.46250653788949725,0.46253046943794585,False
2762,-1.8408378649649715e-05,0.4876008147212844,0.48761922309993405,False
2763,-1.542830401873816e-05,0.45497656142604326,0.454991989730062,False
2764,-1.699408169882332e-05,0.44859112521598515,0.44860811929768396,False
2765,-0.00013555399003678333,0.46403745327316226,0.46417300726319904,False
2766,-2.3180444572175956e-05,0.46951765864231426,0.46954083908688643,False
2767,-1.197344498839346e-05,0.4599718009950762,0.45998377444006455,False
2768,-1.5872549238789506e-05,0.47085543641159383,0.4708713089608326,False
2769,-7.519258122269018e-05,0.5137938990762745,0.5138690916574972,False
2770,-7.623420758066063e-05,0.47679601974358604,0.4768722539511667,False
2771,-1.3484546892475176e-05,0.470647339807221,0.4706608243541135,False
2772,-2.1161262266108607e-05,0.4695456328854571,0.4695667941477232,False
2773,-1.6841839667638666e-05,0.4484162766749889,0.44843311851465656,False
2774,-0.0001868102732571249,0.3170816802515375,0.3172684905247946,False
2775,-2.7222629318676138e-05,0.47857041656737853,0.47859763919669723,False
2776,-4.637634520913326e-05,0.46943080057141257,0.4694771769166217,False
2777,-0.0001509087262394814,0.17304296311069986,0.17319387183693935,False
2778,-1.9308100303679352e-05,0.48419098637122066,0.48421029447152436,False
2779,-1.629230718262481e-05,0.49741114251092716,0.4974274348181098,False
2780,-2.974767181691318e-05,0.4920935213676739,0.49212326903949083,False
2781,-1.7025122018693896e-05,0.4551837638947597,0.45520078901677835,False
2782,-5.930969088700204e-05,0.4803696943182664,0.48042900400915345,False
2783,-1.5549334810012563e-05,0.45886816582756085,0.45888371516237086,False
2784,-1.1901021546131077e-05,0.4574544194650917,0.4574663204866378,False
2785,-6.43405502302517e-05,0.4576851686140677,0.45774950916429796,False
2786,-2.9451048918567324e-05,0.4764841310622121,0.47651358211113065,False
2787,-3.888481618256025e-05,0.44723953362237767,0.44727841843856025,False
2788,-3.303188599002865e-05,0.4597054185359161,0.45973845042190614,False
2789,-2.0262487118512756e-05,0.471694719344149,0.47171498183126753,False
2790,-3.228285733142768e-05,0.44166227760229076,0.4416945604596222,False
2791,-7.252447604933728e-05,0.45484168036546113,0.45491420484151046,False
2792,-0.00029489315714276235,0.9977786172396137,0.9980735103967565,False
2793,-1.1785372765018725e-05,0.4453344344089324,0.4453462197816974,False
2794,-3.115572577353737e-05,0.4555369586001174,0.45556811432589095,False
2795,-2.977667465749065e-05,0.481364581945119,0.4813943586197765,False
2796,-5.457321929190545e-05,0.4861804442123545,0.48623501743164643,False
2797,-1.7794589836165888e-05,0.45715513190433227,0.4571729264941684,False
2798,-0.0005335949426235705,0.3186295024723689,0.31916309741499244,False
2799,-1.670571751801845e-05,0.46357968861372745,0.46359639433124544,False
2800,-1.1644417014020826e-05,0.4752658255323389,0.47527746994935294,False
2801,-2.273363412795724e-05,0.45245243007955743,0.4524751637136854,False
2802,-0.0002829051954092224,0.39863282336443406,0.3989157285598433,False
2803,-4.898074761313864e-05,0.48685293151830383,0.48690191226591695,False
2804,-2.3195389215309946e-05,0.46194421575942074,0.46196741114863604,False
2805,-6.451399795573449e-05,0.474189628312304,0.47425414231025975,False
2806,-3.845815953186816e-05,0.4442080488527188,0.44424650701225066,False
2807,-0.002892355627471923,0.4625791373342781,0.46547149296175,False
2808,-2.1426856107264982e-05,0.46012965187229304,0.46015107872840033,False
2809,-0.0003538195133912601,0.41102094469381856,0.4113747642072098,False
2810,-1.945727702485378e-05,0.45529375230545005,0.4553132095824749,False
2811,-3.719526201026179e-05,0.4447948141487322,0.4448320094107424,False
2812,-3.435754420232358e-05,0.4987979771302607,0.49883233467446303,False
2813,-0.0002140170353279671,0.4007522319247634,0.40096624896009136,False
2814,-4.547932251547671e-05,0.4289583315179876,0.4290038108405031,False
2815,-1.3958728586463695e-05,0.4812048301260916,0.48121878885467806,False
2816,-2.5856337984843784e-05,0.4441962047243283,0.44422206106231316,False
2817,-3.739665190341183e-05,0.48035990385751864,0.48039730050942203,False
2818,-3.1285879093394504e-05,0.45255326995712797,0.45258455583622137,False
2819,-2.53938377570329e-05,0.4714775778418278,0.4715029716795848,False
2820,-8.54113137105027e-05,0.4609388690406242,0.4610242803543347,False
2821,-0.00011360866389193637,0.45404731534735887,0.4541609240112508,False
2822,-6.828843190073879e-05,0.4892508570970551,0.4893191455289559,False
2823,-0.00015526121138546053,0.3555814357262776,0.3557366969376631,False
2824,-2.120786116207401e-05,0.45417858282667717,0.4541997906878392,False
2825,-0.0007900865648901995,0.3981040931148651,0.3988941796797553,False
2826,-2.970080894337759e-05,0.4602310970442536,0.46026079785319696,False
2827,-4.477635953676801e-05,0.4315055564363392,0.43155033279587596,False
2828,-2.918613183320162e-05,0.49448413786930967,0.4945133240011429,False
2829,-0.0002591727357562536,0.4659593800001459,0.4662185527359022,False
2830,-1.9641406964864e-05,0.47736014375717123,0.4773797851641361,False
2831,-0.00010254462993677287,0.45491783684447895,0.4550203814744157,False
2832,-2.5508303120456067e-05,0.4613937178635478,0.4614192261666683,False
2833,-1.2646140529788124e-05,0.457881460563592,0.45789410670412184,False
2834,-0.00010784914815792314,0.4795788983886787,0.4796867475368366,False
2835,-2.1294852992317834e-05,0.4460385104663528,0.4460598053193451,False
2836,-1.544027754962148e-05,0.4610531490978739,0.46106858937542355,False
2837,-1.2282526580873624e-05,0.4677570488988599,0.46776933142544075,False
2838,-5.2404128061329677e-05,0.4796996635083883,0.4797520676364496,False
2839,-2.3965098320763466e-05,0.44804603714950764,0.4480700022478284,False
2840,-1.1957635238922934e-05,0.4673829093003518,0.46739486693559074,False
2841,-2.6664812038129688e-05,0.48007584790679453,0.48010251271883264,False
2842,-1.920319251655065e-05,0.44950594622231055,0.4495251494148271,False
2843,-2.03986682063527e-05,0.4483524753663925,0.44837287403459886,False
2844,-1.1878527892025032e-05,0.4619002621307005,0.46191214065859254,False
2845,-0.00013147076137936416,0.46355395679667394,0.4636854275580533,False
2846,-1.3954063479320447e-05,0.4535346986008613,0.45354865266434063,False
2847,-2.5228645641523934e-05,0.4802046205443912,0.48022984919003275,False
2848,-1.2510271391131573e-05,0.4556341835349669,0.455646693806358,False
2849,-1.2176001904986509e-05,0.453357481513859,0.453369657515764,False
2850,-2.3819856947753318e-05,0.454607612728342,0.45463143258528976,False
2851,-3.326044599376458e-05,0.45306168636280436,0.45309494680879814,False
2852,-8.587397007773697e-05,0.4648176527453853,0.46490352671546303,False
2853,-1.3943873929937154e-05,0.4636570479602936,0.46367099183422356,False
2854,-3.078914142272845e-05,0.47784953991728596,0.4778803290587087,False
2855,-5.3314607191087555e-05,0.4703362895187296,0.4703896041259207,False
2856,-3.157026079248754e-05,0.4521600140752255,0.45219158433601797,False
2857,-1.560218271509233e-05,0.4571109597850621,0.4571265619677772,False
2858,-0.00021257512682221452,0.5228110834768297,0.523023658603652,False
2859,-1.1112266931132e-05,0.4409009090556074,0.44091202132253854,False
2860,-2.3262481573586904e-05,0.44299344688727443,0.443016709368848,False
2861,-1.3988893358337468e-05,0.45578311956915724,0.4557971084625156,False
2862,-1.2334198306434724e-05,0.4670705008653024,0.4670828350636088,False
2863,-1.683942227654285e-05,0.4569100012261844,0.45692684064846095,False
2864,-4.6402787896592174e-05,0.4342323109078281,0.4342787136957247,False
2865,-2.1034574161444116e-05,0.4775759306997123,0.4775969652738738,False
2866,-1.609231602658126e-05,0.4628970578933969,0.4629131502094235,False
2867,-0.0003846079954566882,0.4897541971221253,0.490138805117582,False
2868,-1.4029875168254399e-05,0.4603391551604943,0.4603531850356625,False
2869,-1.0904750091028989e-05,0.4545615693557244,0.4545724741058154,False
2870,-1.583252064408076e-05,0.461564031321526,0.4615798638421701,False
2871,-4.428571158206889e-05,0.4361677364976962,0.43621202220927824,False
2872,-0.0003039845622241432,0.4404920229707973,0.44079600753302145,False
2873,-2.7841428190215818e-05,0.4821095123065844,0.4821373537347746,False
2874,-1.557646677718713e-05,0.458870515727681,0.4588860921944582,False
2875,-2.3931216767784967e-05,0.45889041521971236,0.45891434643648016,False
2876,-2.4915668740770484e-05,0.47714398690346116,0.4771689025722019,False
2877,-1.570096862635803e-05,0.460380327768588,0.46039602873721436,False
2878,-0.00015226808022413826,0.999586608849311,0.9997388769295352,False
2879,-2.2828891125722352e-05,0.44262449034334345,0.44264731923446915,False
2880,-5.840554449818895e-05,0.4436484565220326,0.4437068620665308,False
2881,-2.5208746012390446e-05,0.5060867092421936,0.506111917988206,False
2882,-0.00015286638380445218,0.4683191598948596,0.4684720262786641,False
2883,-3.9326421867803734e-05,0.4580957051921393,0.45813503161400715,False
2884,-4.496269166393867e-05,0.20510103649133812,0.20514599918300205,False
2885,-2.254759484199592e-05,0.44837737386139187,0.44839992145623386,False
2886,-0.0003050869522103001,0.5978523176579357,0.598157404610146,False
2887,-3.484594675282965e-05,0.46862842865343574,0.4686632746001886,False
2888,-2.308077805975382e-05,0.46094205034481595,0.4609651311228757,False
2889,-0.00023190093503499748,0.45566460021977273,0.45589650115480773,False
2890,-0.00025980476341324205,0.39573136757143684,0.3959911723348501,False
2891,-4.3512620734556644e-05,0.44979120588040444,0.449834718501139,False
2892,-1.5131160559584982e-05,0.4717684977470479,0.47178362890760744,False
2893,-2.4473848973383765e-05,0.4770702861934551,0.47709476004242846,False
2894,-0.00010444023272154071,0.38220644404130755,0.3823108842740291,False
2895,-2.9050697162253987e-05,0.22881843790602036,0.2288474886031826,False
2896,-1.6380073246481535e-05,0.48251945192372453,0.48253583199697103,False
2897,-4.2516778283905704e-05,0.45733328489362024,0.45737580167190417,False
2898,-2.1043578974988644e-05,0.5175450335886069,0.517566077167582,False
2899,-1.1426979162450206e-05,0.46602923870780427,0.4660406656869667,False
2900,-0.0001888063778323279,0.44313149057741746,0.44332029695524977,False
2901,-4.6434295557825694e-05,0.4778929528278444,0.4779393871234022,False
2902,-6.697163882669821e-05,0.4690551407633342,0.4691221124021609,False
2903,-5.847701220392535e-05,0.608095582982545,0.6081540599947489,False
2904,-3.981365855992163e-05,0.4668745794580736,0.4669143931166335,False
2905,-2.1388519156109025e-05,0.47083440544941063,0.47085579396856675,False
2906,-1.6870637725775358e-05,0.4516715946687392,0.45168846530646495,False
2907,-1.3791814169301387e-05,0.4513794084146318,0.45139320022880114,False
2908,-2.9805973172149355e-05,0.46783958952451143,0.4678693954976836,False
2909,-1.927785856146163e-05,0.47160777593027037,0.47162705378883185,False
2910,-2.4951450361937544e-05,0.4446118477765815,0.4446367992269435,False
2911,-1.667209011869481e-05,0.46996983439664985,0.46998650648676854,False
2912,-5.56484955585254e-05,0.45611789366956995,0.45617354216512845,False
2913,-2.151619647060917e-05,0.4476753337271337,0.4476968499236043,False
2914,-0.00016621139333738142,0.5004832958060351,0.5006495071993725,False
2915,-0.00012677941739462056,0.4028571036176425,0.4029838830350371,False
2916,-1.2794290814398958e-05,0.4496416067278287,0.4496544010186431,False
2917,-4.7110214606203306e-05,0.4513078897749853,0.4513549999895915,False
2918,-3.102485060123572e-05,0.47285727026085167,0.4728882951114529,False
2919,-2.0120411771399937e-05,0.46705137599621344,0.46707149640798484,False
2920,-2.6521939073912414e-05,0.45707585531415046,0.4571023772532244,False
2921,-2.52804516036896e-05,0.4102497651446224,0.41027504559622613,False
2922,-8.818193537082228e-05,0.47648290965788065,0.47657109159325145,False
2923,-0.0001524359319053401,0.9972666205210604,0.9974190564529658,False
2924,-3.483820403585427e-05,0.4953832777944214,0.49541811599845725,False
2925,-0.0011556245447177597,0.19068793061651576,0.19184355516123353,False
2926,-2.9411742360835534e-05,0.4795065593959425,0.4795359711383033,False
2927,-1.2056347172608156e-05,0.4538724709028198,0.4538845272499924,False
2928,-1.5246105939435998e-05,0.45149351580320024,0.4515087619091397,False
2929,-3.4662425596176595e-05,0.471730612931452,0.4717652753570482,False
2930,-3.086157453548281e-05,0.4614470455637638,0.4614779071382993,False
2931,-2.4891711401096156e-05,0.46011069552542666,0.46013558723682774,False
2932,-0.00046490217531429395,0.5778099161153523,0.5782748182906665,False
2933,-3.824256938315116e-05,0.4655818498370651,0.46562009240644825,False
2934,-3.0815276851932915e-05,0.49282863560971873,0.4928594508865707,False
2935,-1.8243460417514022e-05,0.45086719462397656,0.4508854380843941,False
2936,-1.7598589440942094e-05,0.39556149210487224,0.3955790906943132,False
2937,-2.0058499791270578e-05,0.48111129167949424,0.4811313501792855,False
2938,-3.709327283414267e-05,0.42267407015444514,0.42271116342727927,False
2939,-1.9381939746223926e-05,0.46232008784362355,0.46233946978336976,False
2940,-1.4417288819868408e-05,0.4528397236688308,0.45285414095765064,False
2941,-6.615070179077543e-05,0.5076529943901293,0.5077191450919201,False
2942,-0.00012958479315496258,0.48956567327000616,0.4896952580631611,False
2943,-3.174905192908471e-05,0.4651446363042991,0.4651763853562282,False
2944,-1.9896372453989485e-05,0.4789844366370081,0.4790043330094621,False
2945,-4.217577378427985e-05,0.4754892332446739,0.4755314090184582,False
2946,-3.317822464356644e-05,0.49107119322865506,0.4911043714532986,False
2947,-5.88786724759563e-05,0.4636253174346707,0.4636841961071467,False
2948,-0.00026411567426999134,0.34059052490379904,0.340854640578069,False
2949,-2.5852241403562022e-05,0.4529335592145779,0.45295941145598145,False
2950,-0.0001998580167119662,0.2085473682444886,0.20874722626120057,False
2951,-1.6169934996423385e-05,0.4696330333847744,0.46964920331977084,False
2952,-1.323265423821795e-05,0.478052901772659,0.4780661344268972,False
2953,-2.1809902809191162e-05,0.4494358041535057,0.4494576140563149,False
2954,-2.4885192864722046e-05,0.4579926502340153,0.45801753542688,False
2955,-3.166552865070155e-05,0.4814839811534922,0.4815156466821429,False
2956,-2.972058053817278e-05,0.4597446400319393,0.4597743606124775,False
2957,-0.00016723709708792444,0.5016592307220922,0.50182646781918,False
2958,-6.1830860462429e-05,0.471606512855393,0.4716683437158554,False
2959,-9.211757650504257e-05,0.45833446631031555,0.4584265838868206,False
2960,-7.425415883144838e-05,0.46845579527702585,0.4685300494358573,False
2961,-2.4425297315689474e-05,0.46500919227526466,0.4650336175725803,False
2962,-5.912541735220088e-05,0.49358866523078854,0.49364779064814074,False
2963,-1.2969503508395712e-05,0.46326989015542414,0.4632828596589325,False
2964,-0.00012202651190735837,0.19663045887978528,0.19675248539169263,False
2965,-2.5291637209881576e-05,0.496471595422763,0.49649688705997286,False
2966,-9.852480545863249e-06,0.45362346934329884,0.4536333218238447,False
2967,-5.407439003421238e-05,0.44769957995383725,0.44775365434387143,False
2968,-3.9698589177596886e-05,0.4674748451848643,0.4675145437740419,False
2969,-2.343744184216019e-05,0.48589388332968025,0.4859173207715224,False
2970,-2.3917383957736937e-05,0.48023780085930146,0.4802617182432592,False
2971,-2.845243792372684e-05,0.46364676177367575,0.46367521421159946,False
2972,-3.0873638329628265e-05,0.4677078082552713,0.46773868189360096,False
2973,-3.790936299801485e-05,0.45135083856602826,0.4513887479290263,False
2974,-3.1629178440105883e-05,0.4630283629483154,0.4630599921267555,False
2975,-2.2434667317652467e-05,0.46447991700544455,0.4645023516727622,False
2976,-2.5520521943075406e-05,0.45728412454623185,0.45730964506817495,False
2977,-0.00010322248245650115,0.45887072464008977,0.45897394712254624,False
2978,-1.5838822455561053e-05,0.485056191836373,0.48507203065882853,False
2979,-4.7334717372141824e-05,0.4641939580112252,0.4642412927285973,False
2980,-7.898629920262012e-05,0.34732530824137614,0.34740429454057875,False
2981,-6.215489931929117e-05,0.4290339251827311,0.42909608008205036,False
2982,-2.3237963623335753e-05,0.45900360055199946,0.4590268385156228,False
2983,-7.909881371071828e-05,0.4354681040718848,0.4355472028855955,False
2984,-4.8030875923678776e-05,0.459798928031415,0.4598469589073387,False
2985,-1.7099711251152213e-05,0.4766560192492712,0.47667311896052234,False
2986,-0.00020485564706704856,0.9923855334384228,0.9925903890854899,False
2987,-3.5569346628231236e-05,0.4406533842746221,0.4406889536212503,False
2988,-2.149333739681301e-05,0.482510272675239,0.4825317660126358,False
2989,-1.3051518394646632e-05,0.4473722573701529,0.44738530888854755,False
2990,-9.772680877906258e-05,0.47212461997176614,0.4722223467805452,False
2991,-9.29626325903436e-05,0.31143922242534655,0.3115321850579369,False
2992,-2.0731141357513228e-05,0.45037115001741673,0.45039188115877427,False
2993,-0.00013112540632321333,0.4860214942844663,0.4861526196907895,False
2994,-2.0592525494381223e-05,0.47007095283800354,0.4700915453634979,False
2995,-4.092160611610607e-05,0.46818779167246677,0.4682287132785829,False
2996,-2.9413631553163954e-05,0.4870464273758121,0.4870758410073653,False
2997,-0.00011085071747845684,0.09671846546987438,0.09682931618735284,False
2998,-3.237085045655308e-05,0.49636747973892603,0.4963998505893826,False
2999,-3.125857988961047e-05,0.46639092406994276,0.4664221826498324,False
3000,-0.0005447940369395102,0.40015599832764415,0.40070079236458367,False
3001,-6.315870792387803e-05,0.47136730344199057,0.47143046214991446,False
3002,-5.61296260112905e-05,0.46774003674359943,0.46779616636961074,False
3003,-3.453401547017077e-05,0.49277441205523337,0.4928089460707035,False
3004,-0.0001929960570579715,0.9347698335598856,0.9349628296169437,False
3005,-2.260048003095154e-05,0.47323720764404054,0.4732598081240715,False
3006,-2.3191974527755858e-05,0.45305841725676244,0.4530816092312902,False
3007,-2.069522877071185e-05,0.46446304743489353,0.46448374266366427,False
3008,-4.0723991466720975e-05,0.45554616618239174,0.45558689017385845,False
3009,-2.9771670458795182e-05,0.4338988083817297,0.4339285800521885,False
3010,-4.864676499424212e-05,0.21861062257785183,0.21865926934284607,False
3011,-2.9662182414304607e-05,0.4698154901362561,0.4698451523186704,False
3012,-2.7352335311498404e-05,0.46801510580147293,0.4680424581367844,False
3013,-9.587747826069238e-05,0.47684775619004405,0.4769436336683047,False
3014,-7.660854396457348e-05,0.46688254845034377,0.46695915699430834,False
3015,-4.466749993985987e-05,0.4784373624889508,0.47848202998889067,False
3016,-1.1697365972265593e-05,0.44639912360758727,0.44641082097355955,False
3017,-8.163385968979405e-05,0.49082432505491186,0.49090595891460165,False
3018,-2.1025568492564956e-05,0.4462278508097067,0.44624887637819927,False
3019,-6.730753749953275e-05,0.46765628146624305,0.46772358900374256,False
3020,-1.3004437493329547e-05,0.4605295925692203,0.4605425970067136,False
3021,-1.5521305146001968e-05,0.47937752974996184,0.4793930510551078,False
3022,-1.4546245904636793e-05,0.46324142991363243,0.46325597615953706,False
3023,-8.851703350157393e-05,0.5503616398302744,0.550450156863776,False
3024,-0.00017049005481182555,0.47811488124735224,0.4782853713021641,False
3025,-2.5515923981394535e-05,0.4293315724217624,0.42935708834574376,False
3026,-2.557590673461673e-05,0.4766583164817219,0.47668389238845654,False
3027,-1.7969223175043797e-05,0.46961384957713564,0.4696318188003107,False
3028,-1.953986830028965e-05,0.46185294937516636,0.46187248924346663,False
3029,-3.0937612856566e-05,0.48241885588343214,0.4824497934962887,False
3030,-3.578601660849471e-05,0.4794972810235556,0.4795330670401641,False
3031,-2.675715711367014e-05,0.45521327047712923,0.45524002763424287,False
3032,-0.00010894031651501974,0.49151757843447225,0.4916265187509873,False
3033,-1.6642685680625642e-05,0.46077945447473734,0.460796097160418,False
3034,-2.5718532671184376e-05,0.46964596465205977,0.46967168318473096,False
3035,-2.7115014467214506e-05,0.4920677831412503,0.49209489815571755,False
3036,-2.793020589386855e-05,0.47478328376539464,0.4748112139712885,False
3037,-0.00026329780863813254,0.43812983569415814,0.4383931335027963,False
3038,-1.6764421602034182e-05,0.4782216278404362,0.47823839226203824,False
3039,-6.494818465939416e-05,0.4553022026266797,0.4553671508113391,False
3040,-2.2251126319222058e-05,0.4610536363679228,0.461075887494242,False
3041,-4.833904903947078e-05,0.4488500629574053,0.44889840200644476,False
3042,-0.00011600064331138795,0.47740994185272884,0.47752594249604025,False
3043,-4.425598751703407e-05,0.4666775239307427,0.46672177991825975,False
3044,-0.0002113067897216683,0.4537858442385122,0.45399715102823385,False
3045,-2.8318225494594126e-05,0.46530544997500806,0.46533376820050265,False
3046,-2.315315653822503e-05,0.443981090750191,0.4440042439067292,False
3047,-2.9309648168399995e-05,0.45287613466728527,0.45290544431545365,False
3048,-2.12826621498299e-05,0.46294634872120105,0.4629676313833509,False
3049,-3.1931854175881464e-05,0.4421323532175817,0.4421642850717576,False
3050,-4.657951678647718e-05,0.47498337201664775,0.47502995153343425,False
3051,-4.013688424312317e-05,0.4768480604386969,0.47688819732294,False
3052,-9.08496457899979e-06,0.6496732354821018,0.6496823204466807,False
3053,-1.9621173559550765e-05,0.4676894174465929,0.46770903862015245,False
3054,-2.6768271551079625e-05,0.4678898695030309,0.467916637774582,False
3055,-1.9206712875450215e-05,0.46256257635130565,0.46258178306418113,False
3056,-0.00012768982524558178,0.38305427623844984,0.3831819660636954,False
3057,-6.37678752450495e-05,0.45247903256077465,0.4525428004360197,False
3058,-0.00012629911913234236,0.9990800998446868,0.9992063989638191,False
3059,-1.7017150376949703e-05,0.5017011780765949,0.5017181952269718,False
3060,-3.646153187368902e-05,0.4547225145623304,0.4547589760942041,False
3061,-0.00013552400591890118,0.614667393666611,0.6148029176725299,False
3062,-3.794308736721675e-05,0.46305353986251935,0.46309148294988656,False
3063,-1.5415103504024728e-05,0.4536034867692973,0.4536189018728013,False
3064,-5.123375301367762e-05,0.4744172698853642,0.4744685036383779,False
3065,-2.3558792105249143e-05,0.4779979106462941,0.47802146943839935,False
3066,-7.33565828225198e-05,0.4719379065672467,0.47201126315006925,False
3067,-1.869601239994187e-05,0.450781047136396,0.45079974314879595,False
3068,-4.29107191846487e-05,0.4902670691317817,0.49030997985096636,False
3069,-2.1433317146031655e-05,0.4699568060015731,0.4699782393187191,False
3070,-1.6922445079260853e-05,0.4828668735864384,0.4828837960315177,False
3071,-2.932359984254593e-05,0.4628317461255399,0.46286106972538243,False
3072,-1.896436447657774e-05,0.47121744720815195,0.4712364115726285,False
3073,-4.650048217817866e-05,0.46080840475788004,0.46085490524005823,False
3074,-1.8854216639194793e-05,0.46649679925598964,0.46651565347262886,False
3075,-1.425824728368373e-05,0.443365455577162,0.4433797138244457,False
3076,-5.772628437855011e-05,0.4824280674826174,0.48248579376699596,False
3077,-1.7742561333801392e-05,0.4678907570645528,0.4679084996258866,False
3078,-7.307590601266402e-05,0.4829001519390177,0.4829732278450304,False
3079,-3.907713733831851e-05,0.45510037716344476,0.45513945430078306,False
3080,-0.0003128471533615209,0.44026453579046915,0.44057738294383064,False
3081,-8.003663898071162e-05,0.49497156856855024,0.49505160520753094,False
3082,-2.4466389161630075e-05,0.47615976607447863,0.4761842324636403,False
3083,-6.318961849963101e-05,0.45197910013498294,0.45204228975348254,False
3084,-0.00012281893826664237,0.3832925737290838,0.3834153926673505,False
3085,-3.600563642157193e-05,0.47783443192000125,0.47787043755642283,False
3086,-7.643110461155423e-05,0.4490468718071417,0.44912330291175323,False
3087,-4.5333439710698395e-05,0.5191111887083796,0.5191565221480903,False
3088,-0.00018341556583042345,0.5181540325419983,0.5183374481078288,False
3089,-3.3314607207108114e-05,0.4790935910432385,0.47912690565044563,False
3090,-0.00019315105368571998,0.47541173455177793,0.47560488560546366,False
3091,-1.5170900535210669e-05,0.4648394021438736,0.4648545730444088,False
3092,-0.0002207916588557302,0.45819155999125366,0.4584123516501094,False
3093,-2.127667852902312e-05,0.46973540599821567,0.4697566826767447,False
3094,-6.114523226588387e-05,0.4549649413958982,0.4550260866281641,False
3095,-0.00014711286798960998,0.33503288485293625,0.3351799977209259,False
3096,-5.682794352283872e-05,0.4462543951190351,0.44631122306255794,False
3097,-4.9509073411108264e-05,0.45409323872545804,0.45414274779886915,False
3098,-4.7500705141890315e-05,0.46104758771930404,0.4610950884244459,False
3099,-1.711829485544972e-05,0.4561588998431808,0.45617601813803627,False
3100,-2.0484548409092625e-05,0.46170365923503454,0.4617241437834436,False
3101,-1.4404230190624155e-05,0.4720939332826707,0.4721083375128613,False
3102,-1.8884121865094693e-05,0.4769418932785729,0.47696077740043796,False
3103,-5.628162918475003e-05,0.4673465205853246,0.46740280221450936,False
3104,-2.4289928236994038e-05,0.447698173389093,0.44772246331733,False
3105,-5.193985601970948e-05,0.4634425954926144,0.4634945353486341,False
3106,-6.303832582604228e-05,0.49629811850160804,0.4963611568274341,False
3107,-0.0002664436943173466,0.7444030906041722,0.7446695342984896,False
3108,-0.0001035644727411047,0.41554861926868075,0.4156521837414219,False
3109,-2.336171932691889e-05,0.4642624656924879,0.46428582741181484,False
3110,-0.00015907820349107818,0.40358652697440295,0.40374560517789404,False
3111,-0.0002580869845643132,0.9993863511635248,0.9996444381480891,False
3112,-1.7109535822696554e-05,0.4911412905340603,0.491158400069883,False
3113,-5.773737046409185e-05,0.26218302726860704,0.26224076463907114,False
3114,-1.8874994802828725e-05,0.4573821402109665,0.45740101520576937,False
3115,-1.3915420364963133e-05,0.4496302838728315,0.44964419929319643,False
3116,-8.448991993616648e-05,0.46333065701477427,0.4634151469347104,False
3117,-2.2653918141495664e-05,0.45524855195746994,0.45527120587561143,False
3118,-1.5171479323878685e-05,0.460801151757884,0.4608163232372079,False
3119,-0.00022271895383312178,0.5496899357141602,0.5499126546679933,False
3120,-1.6391418890460868e-05,0.4485891159265634,0.4486055073454539,False
3121,-0.00025671529965728236,0.6129355091244667,0.613192224424124,False
3122,-1.5393064030651048e-05,0.45204256089011463,0.4520579539541453,False
3123,-3.711203743355314e-05,0.3359322456438628,0.3359693576812964,False
3124,-0.00017159919372947087,0.4786238169384335,0.4787954161321629,False
3125,-3.15481433995811e-05,0.4663682273049036,0.4663997754483032,False
3126,-3.592143647689605e-05,0.45693161607363614,0.45696753751011304,False
3127,-1.7760484803159016e-05,0.4923776890352378,0.492395449520041,False
3128,-1.0146961220244515e-05,0.4508921616130771,0.45090230857429736,False
3129,-2.801892585246417e-05,0.4514342686389475,0.45146228756479995,False
3130,-2.8454005727394876e-05,0.4499679796090175,0.4499964336147449,False
3131,-2.013592411039113e-05,0.4659192830982635,0.4659394190223739,False
3132,-1.901558833410337e-05,0.4746772092990076,0.4746962248873417,False
3133,-4.3423349122594076e-05,0.47948237770848773,0.47952580105761033,False
3134,-6.582156655378046e-05,0.46892890109887897,0.46899472266543274,False
3135,-1.0274941107309424e-05,0.4518846601024726,0.4518949350435799,False
3136,-1.738880657362458e-05,0.47885768029428205,0.4788750691008557,False
3137,-1.6264284070741548e-05,0.47605336389027586,0.4760696281743466,False
3138,-7.477355136444986e-05,0.13437248130744522,0.13444725485880968,False
3139,-4.846768019241364e-05,0.4356770740867085,0.4357255417669009,False
3140,-4.19393570393384e-05,0.4625870303716861,0.4626289697287254,False
3141,-2.9791221815131306e-05,0.48301168945480494,0.48304148067662006,False
3142,-7.170481728349055e-05,0.4627695227244596,0.46284122754174306,False
3143,-8.539660664565456e-05,0.4445180097566911,0.44460340636333673,False
3144,-1.4360769601568911e-05,0.4498180627740495,0.4498324235436511,False
3145,-5.129400970917707e-05,0.45729384944846596,0.4573451434581751,False
3146,-0.00023519960792760602,0.3968713267879712,0.39710652639589883,False
3147,-0.0008716730909429582,0.4214814959376125,0.42235316902855546,False
3148,-3.324100213097504e-05,0.5112055897510908,0.5112388307532217,False
3149,-6.990378902604662e-05,0.46655399237705375,0.4666238961660798,False
3150,-2.4279098712998617e-05,0.46992104896693637,0.46994532806564937,False
3151,-0.00011669197155513414,0.2173373781131765,0.21745407008473164,False
3152,-0.00020844688118594037,0.49313080946318627,0.4933392563443722,False
3153,-4.3209100758823566e-05,0.5116179357235687,0.5116611448243276,False
3154,-2.8717800899904786e-05,0.3567963422465976,0.35682506004749753,False
3155,-4.8208516199610254e-05,0.45854497520156023,0.45859318371775987,False
3156,-1.3525165187242325e-05,0.4490154743830175,0.44902899954820474,False
3157,-8.105825975610833e-05,0.44534738619470077,0.4454284444544569,False
3158,-1.2268906920303339e-05,0.4715057229450625,0.4715179918519828,False
3159,-2.795143169798721e-05,0.47398496608269663,0.4740129175143946,False
3160,-4.549203390992024e-05,0.45893799221428605,0.45898348424819596,False
3161,-7.442148511368614e-05,0.4638127415125367,0.46388716299765037,False
3162,-0.00031530730381688774,0.3817787951730493,0.3820941024768662,False
3163,-1.8982303776583304e-05,0.4623982022919519,0.46241718459572845,False
3164,-6.304777493510444e-05,0.4777737849803717,0.4778368327553068,False
3165,-1.771499884961007e-05,0.44385742815492285,0.44387514315377247,False
3166,-1.6618139370593577e-05,0.46509704446118666,0.46511366260055725,False
3167,-5.742739321277176e-05,0.47033235931550826,0.47038978670872106,False
3168,-5.137787829960542e-05,0.4865879147005822,0.48663929257888183,False
3169,-0.00032474365877839463,1.0,1.0003247436587783,False
3170,-2.438855874956113e-05,0.4806205885037241,0.48064497706247367,False
3171,-1.3453304939214054e-05,0.48388692047320936,0.4839003737781486,False
3172,-0.00039498537519116957,0.2888438732813605,0.2892388586565517,False
3173,-5.4720776440282665e-05,0.4623356736507136,0.4623903944271539,False
3174,-2.4179755566833674e-05,0.454416699256187,0.45444087901175384,False
3175,-4.057967065563721e-05,0.45560617049455787,0.4556467501652135,False
3176,-4.2459670495469274e-05,0.4726203254390615,0.472662785109557,False
3177,-2.2597531255213805e-05,0.46116277513175236,0.4611853726630076,False
3178,-6.800899680386821e-05,0.4663768110848294,0.4664448200816333,False
3179,-4.035308823246845e-05,0.4533941844973834,0.45343453758561586,False
3180,-2.3356501493319573e-05,0.454942212530449,0.4549655690319423,False
3181,-1.912359742117794e-05,0.482101387760096,0.48212051135751716,False
3182,-6.06968708616785e-05,0.448078129791482,0.44813882666234367,False
3183,-1.6684950831212517e-05,0.4774052922631783,0.47742197721400953,False
3184,-3.411637975942921e-05,0.4562980758003235,0.4563321921800829,False
3185,-5.123144534098935e-05,0.4617988759016259,0.46185010734696685,False
3186,-1.452947668495533e-05,0.4820606724483857,0.48207520192507064,False
3187,-5.559147393714937e-05,0.4751668008611518,0.47522239233508895,False
3188,-3.599220222969102e-05,0.4614498490506336,0.4614858412528633,False
3189,-2.2155763314408074e-05,0.45600837134007693,0.45603052710339137,False
3190,-1.979742888233389e-05,0.4528142579484639,0.4528340553773462,False
3191,-3.211855166894532e-05,0.4735846693870266,0.47361678793869555,False
3192,-2.1961057293101146e-05,0.4803331680932899,0.480355129150583,False
3193,-4.211303471815182e-05,0.4665239784816509,0.466566091516369,False
3194,-0.00054307193091359,0.08324043101857147,0.08378350294948506,False
3195,-2.866368443685677e-05,0.2923960419672489,0.29242470565168577,False
3196,-3.645021410277271e-05,0.4617495744979308,0.46178602471203356,False
3197,-3.0339932726892957e-05,0.4968483549345918,0.49687869486731867,False
3198,-7.81029935759774e-05,0.4654469409439292,0.46552504393750516,False
3199,-8.525850042657415e-05,0.4866429089365322,0.4867281674369588,False
3200,-0.0003060773616906886,0.9962031618588751,0.9965092392205658,False
3201,-0.00028348762821963665,0.40716846651961774,0.40745195414783736,False
3202,-1.853563232664461e-05,0.46348099075452626,0.4634995263868529,False
3203,-5.502075939422556e-05,0.46425553138235093,0.46431055214174516,False
3204,-3.0571263354994614e-05,0.4703357323524189,0.47036630361577386,False
3205,-5.142955449503131e-05,0.4647323679826827,0.46478379753717775,False
3206,-2.128592505859356e-05,0.45707779767471346,0.457099083599772,False
3207,-3.7350820762407596e-05,0.4724494543108282,0.4724868051315906,False
3208,-2.8534053874879223e-05,0.46358499744504,0.4636135314989149,False
3209,-2.1782613217014367e-05,0.48277242505001416,0.48279420766323117,False
3210,-1.3197158330184144e-05,0.4503474517200439,0.4503606488783741,False
3211,-2.8725718634990356e-05,0.46931299590499115,0.46934172162362614,False
3212,-6.367461482973914e-05,0.43983066404162235,0.4398943386564521,False
3213,-2.033415800989882e-05,0.4693371396690317,0.46935747382704157,False
3214,-0.00010437015402455155,0.48387213468847773,0.48397650484250226,False
3215,-5.6195389077920665e-05,0.4424171441352641,0.44247333952434204,False
3216,-1.8606809315835697e-05,0.47278058898003267,0.4727991957893485,False
3217,-1.5601653966307697e-05,0.4678077497483541,0.4678233514023204,False
3218,-1.2849624146609142e-05,0.46439094472946346,0.46440379435361007,False
3219,-7.29847140884728e-05,0.48151697619424555,0.481589960908334,False
3220,-1.622899392999078e-05,0.4657090771935751,0.46572530618750513,False
3221,-4.899292275526825e-05,0.4788294574215132,0.4788784503442685,False
3222,-0.0005935718201593131,0.4214562078164877,0.42204977963664697,False
3223,-3.99838588082444e-05,0.444557078383641,0.44459706224244927,False
3224,-2.2325488243046806e-05,0.4651171224426601,0.46513944793090317,False
3225,-1.8096204491836974e-05,0.4603734649458774,0.4603915611503692,False
3226,-2.4456584823363565e-05,0.46779371922924173,0.4678181758140651,False
3227,-1.699899862789166e-05,0.46302200658796855,0.46303900558659644,False
3228,-2.2135877987885066e-05,0.4956111482157101,0.495633284093698,False
3229,-3.2668756072542274e-05,0.4672869190076765,0.46731958776374904,False
3230,-1.0097492800073184e-05,0.4760307348591047,0.47604083235190475,False
3231,-3.369073083767828e-05,0.4582798157656875,0.4583135064965252,False
3232,-2.7107977271684187e-05,0.46279207112609055,0.46281917910336223,False
3233,-2.364277499721044e-05,0.48718725005303104,0.48721089282802826,False
3234,-1.294060465976111e-05,0.4726331427661375,0.4726460833707973,False
3235,-1.9319120281539217e-05,0.47622228106383113,0.47624160018411266,False
3236,-2.771050831462646e-05,0.5090996133314318,0.5091273238397465,False
3237,-2.5587688866223857e-05,0.46485553214102815,0.4648811198298944,False
3238,-1.7304737623578105e-05,0.4516048007010772,0.4516221054387008,False
3239,-2.061000473266468e-05,0.4687954138957234,0.46881602390045607,False
3240,-0.0006006709180844513,0.3809566086108158,0.3815572795289003,False
3241,-0.0005551756584746705,0.12946274521511997,0.13001792087359465,False
3242,-1.6214053608961543e-05,0.4666032468306457,0.46661946088425466,False
3243,-7.628824471412367e-05,0.47781751204648115,0.47789380029119527,False
3244,-0.0011091458863526642,1.0,1.0011091458863526,False
3245,-1.568908482426932e-05,0.46573058218090524,0.4657462712657295,False
3246,-2.091552955450816e-05,0.47519662116216127,0.4752175366917158,False
3247,-0.0015486931884875956,0.4088815128568222,0.41043020604530983,False
3248,-1.6451507496378047e-05,0.46184257414104096,0.4618590256485373,False
3249,-1.774130451700241e-05,0.4550585358353201,0.45507627713983706,False
3250,-1.5603125330211595e-05,0.4596493303216734,0.4596649334470036,False
3251,-2.8915222792940933e-05,0.4498400624396915,0.4498689776624844,False
3252,-1.0662068659954825e-05,0.4559208447539692,0.4559315068226292,False
3253,-2.9105196531285295e-05,0.46784041364535944,0.4678695188418907,False
3254,-3.863094977005515e-05,0.4834715015293771,0.4835101324791472,False
3255,-3.8141173076038886e-05,0.4795811666080268,0.47961930778110284,False
3256,-0.00022024456664471333,0.37818559635440596,0.3784058409210507,False
3257,-0.00035015278251664464,0.9945018269936137,0.9948519797761303,False
3258,-0.00011950516981597785,0.5534347728449062,0.5535542780147221,False
3259,-2.3192308067999944e-05,0.4585182740554249,0.4585414663634929,False
3260,-4.159046559693996e-05,0.45724588844323605,0.457287478908833,False
3261,-0.010032087164488335,0.20007312287397677,0.2101052100384651,False
3262,-4.317630516632286e-05,0.45123904090419653,0.45128221720936285,False
3263,-2.9644196937443684e-05,0.4685512019771763,0.4685808461741138,False
3264,-1.552707848102369e-05,0.46994310787074345,0.46995863494922446,False
3265,-4.525836749517184e-05,0.4489988586677918,0.449044117035287,False
3266,-8.655555352827267e-05,0.4466973117979841,0.4467838673515124,False
3267,-4.1459284478553145e-05,0.4696807831208264,0.46972224240530497,False
3268,-8.650085328660453e-06,0.4426600460883925,0.4426686961737212,False
3269,-5.896317745227258e-05,0.461835302041481,0.4618942652189333,False
3270,-0.00029267280946879105,0.8326249333688513,0.8329176061783201,False
3271,-3.294339580717197e-05,0.45150860948116084,0.451541552876968,False
3272,-2.3386594990108207e-05,0.4505567023832006,0.45058008897819074,False
3273,-1.775681638562381e-05,0.45738555303689915,0.45740330985328476,False
3274,-4.2425474194544235e-05,0.450608448711952,0.4506508741861465,False
3275,-0.00036797003770179136,0.23207101305259667,0.23243898309029845,False
3276,-2.7204958149218816e-05,0.459270180899751,0.45929738585790025,False
3277,-1.1247901715488213e-05,0.47578874301578955,0.475799990917505,False
3278,-0.0001354426280020219,0.9990379130261129,0.9991733556541149,False
3279,-1.4965161973912994e-05,0.45769711357815224,0.45771207874012615,False
3280,-2.053351960870739e-05,0.4645817239885902,0.46460225750819895,False
3281,-3.0101532367512892e-05,0.493210687236212,0.49324078876857946,False
3282,-2.5436565830326453e-05,0.4448954428533919,0.4449208794192222,False
3283,-6.039690264964794e-05,0.47402900295616446,0.4740893998588141,False
3284,-2.9579441613172418e-05,0.4536384024560173,0.45366798189763047,False
3285,-3.775154691493124e-05,0.46873372567148763,0.46877147721840257,False
3286,-5.631349000381978e-05,0.48751153438465117,0.487567847874655,False
3287,-1.575599558654138e-05,0.4589246011028936,0.4589403570984802,False
3288,-0.00010284837393302963,0.4605726219265307,0.46067547030046374,False
3289,-2.2840086938210986e-05,0.4473496348415017,0.4473724749284399,False
3290,-1.7456051482840676e-05,0.4689449645748519,0.46896242062633475,False
3291,-9.022677681060362e-05,0.43253179963054655,0.43262202640735714,False
3292,-3.529160476193585e-05,0.4834542945054496,0.48348958611021153,False
3293,-2.885047511498297e-05,0.47002488226844374,0.4700537327435587,False
3294,-1.0513063087408975e-05,0.45183620265416613,0.45184671571725354,False
3295,-4.7872084595770274e-05,0.4728561100677596,0.4729039821523554,False
3296,-1.8569858628186568e-05,0.4790514093776312,0.4790699792362594,False
3297,-1.3493613239310527e-05,0.40238699246351034,0.40240048607674966,False
3298,-4.112249823407168e-05,0.48587295296908994,0.485914075467324,False
3299,-1.3650350259284126e-05,0.47337539099565845,0.47338904134591775,False
3300,-3.355209172819985e-05,0.47953853873155494,0.4795720908232831,False
3301,-1.4761394929778511e-05,0.46139169249488965,0.46140645388981943,False
3302,-2.5963956887758587e-05,0.4772052347117446,0.47723119866863234,False
3303,-3.8736513543261745e-05,0.4849932568337373,0.48503199334728053,False
3304,-0.0002173063923792558,0.47801490274393604,0.4782322091363153,False
3305,-3.928617673596136e-05,0.4731326123516666,0.4731718985284026,False
3306,-2.7830962500060044e-05,0.46949093504539,0.4695187660078901,False
3307,-3.31897125660466e-05,0.5016171745195991,0.5016503642321651,False
3308,-0.0008644344489106619,0.29325506166531584,0.2941194961142265,False
3309,-0.00016523393969212837,0.46857783477782167,0.4687430687175138,False
3310,-3.18240886233039e-05,0.46468074497421846,0.46471256906284175,False
3311,-1.601213100174102e-05,0.43719226675413936,0.4372082788851411,False
3312,-7.181912113589697e-05,0.4145403800959969,0.4146121992171328,False
3313,-2.011757686327604e-05,0.49696994733565714,0.4969900649125204,False
3314,-1.965712618870218e-05,0.4487033339056424,0.44872299103183105,False
3315,-4.514067233475361e-05,0.48198174171194774,0.4820268823842825,False
3316,-2.4295752862092184e-05,0.4533634240642518,0.4533877198171139,False
3317,-4.2701828064894794e-05,0.47256244491173754,0.4726051467398024,False
3318,-3.5699480202702585e-05,0.08636935533313272,0.08640505481333542,False
3319,-3.3545384554712663e-05,0.45913718310320745,0.45917072848776214,False
3320,-5.01897151632599e-05,0.48316276547903125,0.4832129551941945,False
3321,-2.7765934569360735e-05,0.47832827625310337,0.47835604218767275,False
3322,-0.00014634621934340097,0.20674014385981102,0.2068864900791544,False
3323,-8.98853735146803e-05,0.486587400542022,0.48667728591553666,False
3324,-3.715417037342166e-05,0.45164177336585337,0.4516789275362268,False
3325,-2.039367972910955e-05,0.4561950180122133,0.4562154116919424,False
3326,-4.553115588265932e-05,0.46033624578887644,0.4603817769447591,False
3327,-1.656376432954371e-05,0.4690307087625392,0.4690472725268688,False
3328,-3.073626039216906e-05,0.4783841917666116,0.4784149280270038,False
3329,-0.00023794837051435632,0.40428802760837834,0.40452597597889267,False
3330,-9.121391622516004e-05,0.45037914895858777,0.45047036287481296,False
3331,-7.562442929214173e-05,0.4883978621103481,0.48847348653964023,False
3332,-0.00019547294087877024,0.49546889857842713,0.4956643715193059,False
3333,-1.8440223846242252e-05,0.4577589457788333,0.45777738600267953,False
3334,-2.0654196216521474e-05,0.46594732509378123,0.4659679792899977,False
3335,-1.4705202123331619e-05,0.43655974508498413,0.43657445028710745,False
3336,-3.856750351477569e-05,0.42461054079747534,0.4246491083009901,False
3337,-5.346768384375222e-05,0.4516267035067189,0.45168017119056264,False
3338,-3.025917733324382e-05,0.4565851487865001,0.4566154079638333,False
3339,-2.850294811605269e-05,0.47535718108679353,0.4753856840349096,False
3340,-1.1427527498602474e-05,0.46281224078029976,0.46282366830779836,False
3341,-8.539678812130034e-05,0.7025613076692899,0.7026467044574112,False
3342,-1.0855689193226767e-05,0.4715655163038414,0.47157637199303465,False
3343,-2.7086743351156062e-05,0.4545331471699216,0.45456023391327277,False
3344,-4.923347430120697e-05,0.4721183109699012,0.4721675444442024,False
3345,-1.3841936115504778e-05,0.44972258099516493,0.4497364229312804,False
3346,-1.5427250815419764e-05,0.45855622687780806,0.4585716541286235,False
3347,-7.432801156414348e-05,0.4602321986397045,0.46030652665126864,False
3348,-2.8548316882113433e-05,0.5107827717172309,0.510811320034113,False
3349,-4.732463840192965e-05,0.4522848963103654,0.4523322209487673,False
3350,-4.052164320788528e-05,0.4643706141488935,0.4644111357921014,False
3351,-2.0802165074272965e-05,0.4770163622055822,0.47703716437065646,False
3352,-0.0002078179266308269,0.4822488992512288,0.48245671717785965,False
3353,-2.6460030859103563e-05,0.47856466658033564,0.47859112661119474,False
3354,-9.451921359893895e-05,0.4820979352018864,0.4821924544154853,False
3355,-4.759187148734552e-05,0.46217097836746546,0.4622185702389528,False
3356,-5.519976993827584e-05,0.4629927671546788,0.4630479669246171,False
3357,-2.2804311001037762e-05,0.4722801576351435,0.4723029619461446,False
3358,-2.419219193868278e-05,0.45668234273805053,0.4567065349299892,False
3359,-1.5101804591507115e-05,0.4470321094129076,0.44704721121749913,False
3360,-4.649515784625316e-05,0.4643675543669871,0.4644140495248334,False
3361,-1.925758131648316e-05,0.4675159589889663,0.4675352165702828,False
3362,-2.1885739943755022e-05,0.4484002588748703,0.44842214461481406,False
3363,-7.744938279228556e-06,0.44339421002988677,0.443401954968166,False
3364,-0.00022356837860895275,0.9997558827731886,0.9999794511517975,False
3365,-0.00011196191822023506,0.4733643666346911,0.47347632855291133,False
3366,-2.7245898703927003e-05,0.477685836857838,0.47771308275654195,False
3367,-6.303521677158291e-05,0.46996871721784955,0.47003175243462114,False
3368,-8.211330149776121e-05,0.47001201846468604,0.4700941317661838,False
3369,-9.427967142027617e-05,0.46811112558071577,0.46820540525213605,False
3370,-4.0720915089054455e-05,0.47226644916609334,0.4723071700811824,False
3371,-2.964537137000176e-05,0.476381674952326,0.476411320323696,False
3372,-2.046212404825653e-05,0.45344449391720204,0.4534649560412503,False
3373,-1.340432551412721e-05,0.4682660307978021,0.4682794351233162,False
3374,-1.9909565868073453e-05,0.4654149255555527,0.46543483512142075,False
3375,-1.7408365677965024e-05,0.46602204231411903,0.466039450679797,False
3376,-1.3556149047513423e-05,0.4774782935974578,0.4774918497465053,False
3377,-2.515887496424389e-05,0.4835793391892462,0.48360449806421046,False
3378,-2.5731812379506e-05,0.4759812555214109,0.47600698733379043,False
3379,-2.0093126008048748e-05,0.5019619599030809,0.5019820530290889,False
3380,-2.7594855476592157e-05,0.4579623294991769,0.4579899243546535,False
3381,-1.5786491373027507e-05,0.4733303182517092,0.4733461047430822,False
3382,-0.00023613758115224515,0.7663726135072633,0.7666087510884155,False
3383,-4.936054865406351e-05,0.4356817707666841,0.43573113131533814,False
3384,-1.6565006419200622e-05,0.447508296245777,0.4475248612521962,False
3385,-4.3137915691127026e-05,0.46282609026578625,0.46286922818147735,False
3386,-3.759213932809594e-05,0.3360394056794993,0.3360769978188274,False
3387,-2.5007782712569915e-05,0.4572510323214255,0.4572760401041381,False
3388,-1.4102935924323595e-05,0.43822105263637773,0.438235155572302,False
3389,-5.3275502627457586e-05,0.44003512979341497,0.44008840529604243,False
3390,-4.5399943819790365e-05,0.4757870939135,0.4758324938573198,False
3391,-4.596946765219665e-05,0.4659414155806101,0.46598738504826226,False
3392,-3.3441703064844245e-05,0.4561964553979328,0.45622989710099765,False
3393,-3.2059704864791405e-05,0.45454958462093764,0.45458164432580245,False
3394,-0.00013859960143665088,0.28480516747251305,0.2849437670739497,False
3395,-0.0005805642436613785,0.41534706880951805,0.4159276330531794,False
3396,-1.2831146308013825e-05,0.48086517890955344,0.48087801005586145,False
3397,-0.0001789751540222842,0.4001975200511084,0.4003764952051307,False
3398,-5.294549466338241e-05,0.44019275266599006,0.44024569816065345,False
3399,-5.021944044962578e-05,0.46700287183902356,0.4670530912794732,False
3400,-2.6830724614614384e-05,0.4841851428218156,0.4842119735464302,False
3401,-4.748758681428195e-05,0.48522893658817207,0.48527642417498634,False
3402,-3.679062619651157e-05,0.46865937258578594,0.46869616321198243,False
3403,-9.56961578172215e-05,0.4874582379924579,0.48755393415027515,False
3404,-0.0002143417222885761,0.3810880613800939,0.38130240310238245,False
3405,-2.8549567588336954e-05,0.46614538280757356,0.4661739323751619,False
3406,-1.8396856778814336e-05,0.4673330630917983,0.4673514599485771,False
3407,-4.7767127900212284e-05,0.4598849734303886,0.4599327405582888,False
3408,-4.439236698411552e-05,0.47685764745126225,0.47690203981824636,False
3409,-1.8327393827285493e-05,0.4851395552216678,0.4851578826154951,False
3410,-3.185420223753739e-05,0.4526549957468225,0.45268684994906006,False
3411,-1.661735480161336e-05,0.4643368263770921,0.46435344373189374,False
3412,-7.127693856418057e-05,0.480881096682879,0.48095237362144316,False
3413,-1.3629542272783439e-05,0.4768812038405222,0.476894833382795,False
3414,-3.832139430277768e-05,0.17254504455188954,0.1725833659461923,False
3415,-1.495238234339476e-05,0.46913908033918766,0.46915403272153106,False
3416,-2.236185622017605e-05,0.4773799219826609,0.47740228383888106,False
3417,-3.470667782793331e-05,0.4697814723102359,0.4698161789880639,False
3418,-2.3336936971479687e-05,0.473827905140144,0.4738512420771155,False
3419,-5.3139605197957796e-05,0.4760352393398126,0.4760883789450106,False
3420,-0.00010817794634059927,0.4717330764097567,0.4718412543560973,False
3421,-1.2610760951046206e-05,0.4451010971648442,0.44511370792579524,False
3422,-5.9959964838667545e-05,0.4841726767533284,0.4842326367181671,False
3423,-3.609441044989257e-05,0.4829076458074557,0.4829437402179056,False
3424,-1.909765731333617e-05,0.4561796352345472,0.4561987328918605,False
3425,-1.8896949136019437e-05,0.49795833496580116,0.4979772319149372,False
3426,-2.0214888266407053e-05,0.45372185800310566,0.4537420728913721,False
3427,-0.003715851247729636,0.23576861953829448,0.2394844707860241,False
3428,-1.3847329054483083e-05,0.4626020025040651,0.46261584983311954,False
3429,-3.8414417150397695e-05,0.4884095394763624,0.4884479538935128,False
3430,-0.0002875888752534658,0.4852392265460233,0.4855268154212768,False
3431,-7.024144480021827e-05,0.458916443001872,0.45898668444667223,False
3432,-4.548366752561901e-05,0.4396080041555808,0.4396534878231064,False
3433,-4.623520352598934e-05,0.4755215523166656,0.4755677875201916,False
3434,-0.0003310702703350905,0.35252588465980006,0.35285695493013514,False
3435,-3.702398763180682e-05,0.45690477175811134,0.4569417957457432,False
3436,-3.178430775075807e-05,0.44929595957797147,0.4493277438857222,False
3437,-4.8242348236004604e-05,0.4737058546878601,0.4737540970360961,False
3438,-1.3792483172713542e-05,0.46690743238653115,0.4669212248697039,False
3439,-4.208204529720603e-05,0.4524748681833017,0.4525169502285989,False
3440,-2.0173230446633467e-05,0.4493949897219614,0.449415162952408,False
3441,-7.419926577506362e-05,0.4175518297770195,0.41762602904279456,False
3442,-1.0268724232366875e-05,0.4647515453715178,0.4647618140957502,False
3443,-2.904096076166268e-05,0.4644462562585811,0.4644752972193428,False
3444,-3.0049495919428894e-05,0.48316058636523934,0.4831906358611588,False
3445,-1.3892651711017604e-05,0.4582731454941456,0.45828703814585664,False
3446,-1.1917861498694585e-05,0.4597325634878975,0.45974448134939616,False
3447,-1.7188859172196925e-05,0.44367160818297685,0.44368879704214903,False
3448,-3.505064759470103e-05,0.46779670525882855,0.46783175590642323,False
3449,-5.996195978805335e-05,0.471841253951597,0.47190121591138506,False
3450,-3.7390810341180374e-05,0.4698624437924447,0.46989983460278584,False
3451,-1.4728825657485272e-05,0.45684860203617245,0.45686333086182995,False
3452,-2.4227178460201573e-05,0.4520775068717954,0.45210173405025555,False
3453,-1.5173594290220664e-05,0.4794223099889559,0.4794374835832461,False
3454,-4.0709762116661506e-05,0.5005213374488469,0.5005620472109635,False
3455,-3.985852828166646e-05,0.4688448978595203,0.46888475638780197,False
3456,-2.1914520443428775e-05,0.46047594429519945,0.46049785881564287,False
3457,-4.731167045512994e-05,0.4510224836254615,0.4510697952959166,False
3458,-8.185795807934863e-05,0.5078923479771842,0.5079742059352635,False
3459,-1.4534961952066534e-05,0.4600330698531653,0.46004760481511736,False
3460,-6.238699546789585e-05,0.4604536655507946,0.4605160525462625,False
3461,-1.9728664568555295e-05,0.500018050731683,0.5000377793962516,False
3462,-7.202909560111896e-05,0.2683662950646779,0.268438324160279,False
3463,-0.0005973361083270793,0.4005237678538121,0.4011211039621392,False
3464,-3.364073411123725e-05,0.4591119757225222,0.45914561645663343,False
3465,-1.664645377172925e-05,0.4611468793492377,0.46116352580300946,False
3466,-6.438103765286092e-05,0.46179923193530714,0.46186361297296,False
3467,-5.101862794489821e-05,0.46044329273060497,0.46049431135854985,False
3468,-0.00023057884432713346,0.40846630284685304,0.4086968816911802,False
3469,-0.0004412294932230427,0.4214356072521445,0.4218768367453676,False
3470,-3.79546217300686e-05,0.4880753466890035,0.48811330131073355,False
3471,-9.748768537139677e-06,0.4767185313786417,0.47672828014717883,False
3472,-1.0217875416488939e-05,1.0,1.0000102178754164,False
3473,-0.0005001391826819538,0.3682262285419851,0.36872636772466705,False
3474,-2.0091796424496896e-05,0.470050958799587,0.4700710505960115,False
3475,-0.0004397145164083718,0.46215358803864676,0.46259330255505515,False
3476,-1.7924714745518044e-05,0.4769512754580509,0.4769692001727964,False
3477,-1.4689256637621456e-05,0.44856818384192343,0.44858287309856104,False
3478,-1.895037334108994e-05,0.4760284939099769,0.476047444283318,False
3479,-5.642640041426027e-05,0.4626472217520207,0.462703648152435,False
3480,-2.9869904547067153e-05,0.4773683429649302,0.47739821286947726,False
3481,-5.3547135714748224e-05,0.4704780833502481,0.47053163048596286,False
3482,-4.0491780088810486e-05,0.46956186024948027,0.46960235202956907,False
3483,-2.9716305884642595e-05,0.4504069264407062,0.45043664274659084,False
3484,-0.0002177852605262109,0.4717289149295484,0.4719467001900746,False
3485,-2.169442172574824e-05,0.4582074087336952,0.4582291031554209,False
3486,-0.00016563419676777528,0.4596070824997705,0.4597727166965383,False
3487,-1.5151632978842272e-05,0.4732913796602253,0.4733065312932041,False
3488,-2.1556050123740528e-05,0.47076677377864395,0.47078832982876767,False
3489,-1.8648681804258432e-05,0.45425789692196605,0.4542765456037703,False
3490,-0.0001874574825242827,0.37902309956620456,0.37921055704872886,False
3491,-0.00026325884614520587,0.6743918273877237,0.6746550862338689,False
3492,-0.0005085557962554936,0.12254858517724712,0.12305714097350262,False
3493,-0.00019954016645024647,0.5489490632412857,0.549148603407736,False
3494,-0.0001246687766003898,1.0,1.0001246687766003,False
3495,-3.843767284553063e-05,0.44993270738774893,0.44997114506059444,False
3496,-7.910538649668353e-05,0.48733673097322844,0.48741583635972513,False
3497,-1.3426734699787018e-05,0.46960980843258093,0.4696232351672807,False
3498,-0.00018316325682366977,0.48435215216399374,0.4845353154208174,False
3499,-1.6280175498001765e-05,0.45661086123627176,0.45662714141176974,False
3500,-9.299902366953443e-05,0.4807473018176396,0.48084030084130913,False
3501,-2.1102558593140417e-05,0.46848487547873446,0.46850597803732763,False
3502,-4.2282131162385775e-05,0.46228457752121616,0.4623268596523785,False
3503,-0.0005679212311614897,0.11950820448379591,0.1200761257149574,False
3504,-1.2462464841606146e-05,0.4534709478751369,0.4534834103399785,False
3505,-0.003207603329360495,0.9997745219526962,1.0029821252820568,False
3506,-0.003207603329360517,0.9997745219526964,1.002982125282057,False
3507,-2.215970686288589e-05,0.443243594896721,0.44326575460358386,False
3508,-2.600390034999815e-05,0.4750385079304429,0.4750645118307929,False
3509,-0.00025861031548576565,0.4074435994785228,0.40770220979400856,False
3510,-0.00016214992571572927,0.513024548678615,0.5131866986043307,False
3511,-9.818403305835614e-05,0.45507253609833875,0.4551707201313971,False
3512,-7.699435373505881e-05,0.4824677529226158,0.4825447472763508,False
3513,-7.540505413474791e-05,0.46024690982547056,0.4603223148796053,False
3514,-2.9315100470703473e-05,0.4693019666858821,0.4693312817863528,False
3515,-3.782627492921413e-05,0.44652013603350643,0.44655796230843564,False
3516,-1.2179884623126486e-05,0.4639711356532124,0.46398331553783556,False
3517,-1.534885389261116e-05,0.4656643257067085,0.4656796745606011,False
3518,-1.4970333565889498e-05,0.46750745016979606,0.46752242050336196,False
3519,-4.3364905403893006e-05,0.484633772460055,0.4846771373654589,False
3520,-3.017062964143719e-05,0.44016993671407484,0.4402001073437163,False
3521,-8.443998791803374e-05,0.4803975699647479,0.48048200995266593,False
3522,-1.3972592719127483e-05,0.4814975533258869,0.481511525918606,False
3523,-4.770611665838911e-05,0.45827367135459807,0.45832137747125645,False
3524,-2.4439373141916428e-05,0.4720844633565636,0.4721089027297055,False
3525,-8.859036032037323e-05,0.45955390964358567,0.45964250000390605,False
3526,-1.8452923763453744e-05,0.49159981130082836,0.4916182642245918,False
3527,-0.0019478676296638834,0.48152394848440744,0.4834718161140713,False
3528,-3.1796547868080525e-05,0.4471484736831612,0.44718027023102924,False
3529,-2.2822308261073632e-05,0.4610553556490406,0.46107817795730166,False
3530,-5.358141660330337e-05,0.4540672948079621,0.4541208762245654,False
3531,-0.00010517547951343709,0.47679349990507924,0.4768986753845927,False
3532,-3.014223260079985e-05,0.48564261301303835,0.48567275524563913,False
3533,-7.298268145182578e-05,0.4422754186427214,0.44234840132417325,False
3534,-3.479587234184876e-05,0.46406050438975976,0.4640953002621016,False
3535,-3.874905560009566e-05,0.44184139278439977,0.44188014183999985,False
3536,-1.8869308410638562e-05,0.4686316036912389,0.46865047299964957,False
3537,-1.0484627371496702e-05,0.4446282344635665,0.444638719090938,False
3538,-7.115389025545088e-05,0.4615747534111884,0.4616459073014439,False
3539,-0.0003011547816573323,0.5153547180706812,0.5156558728523386,False
3540,-3.135817527716694e-05,0.46132560884648083,0.461356967021758,False
3541,-1.896839721849443e-05,0.48084365612054675,0.48086262451776524,False
3542,-0.0001967776801475199,0.05420673217485736,0.054403509855004875,False
3543,-2.1241617894429675e-05,0.45034992850306294,0.45037117012095734,False
3544,-3.281161225216512e-05,0.46457686255007685,0.464609674162329,False
3545,-3.5684044119118595e-05,0.4833204206163065,0.4833561046604256,False
3546,-3.983871755414295e-05,0.554201233645717,0.5542410723632712,False
3547,-6.88275465088957e-05,0.46257385605071444,0.4626426835972233,False
3548,-6.495465183216207e-05,0.42401727854492227,0.4240822331967544,False
3549,-4.183497364577388e-05,0.46542523571505917,0.46546707068870496,False
3550,-4.899977487653631e-05,0.4667274934721216,0.46677649324699816,False
3551,-2.9356395372719964e-05,0.4664979531293149,0.46652730952468763,False
3552,-4.980202419057895e-05,0.4566865119622836,0.4567363139864742,False
3553,-5.46740477235148e-05,0.4554100735062138,0.45546474755393734,False
3554,-7.45216456226163e-05,0.46113349119873615,0.46120801284435875,False
3555,-2.4318265519225825e-05,0.4790032870865233,0.47902760535204253,False
3556,-5.3094004958359736e-05,0.44970296478876004,0.4497560587937184,False
3557,-6.201012506578027e-05,0.44203639188765653,0.4420984020127223,False
3558,-3.7326019874838376e-05,0.47627228983945846,0.4763096158593333,False
3559,-2.273273155199388e-05,0.45498814317292713,0.45501087590447914,False
3560,-3.348284601638039e-05,0.48733082656121274,0.48736430940722913,False
3561,-8.217423332394765e-05,0.9039116781180305,0.9039938523513544,False
3562,-5.5456924619869885e-05,0.4979369235763741,0.497992380500994,False
3563,-4.6869427247850625e-05,0.4700839170820283,0.47013078650927614,False
3564,-1.617884962484471e-05,0.44799627196376735,0.4480124508133922,False
3565,-2.443198983136839e-05,0.4476451616276784,0.4476695936175098,False
3566,-4.7857438687542475e-05,0.47023511851023386,0.4702829759489214,False
3567,-2.8399846847789468e-05,0.46422356913338075,0.4642519689802285,False
3568,-7.790832097797956e-05,0.4754680408810621,0.4755459492020401,False
3569,-1.0772926248981717e-05,0.4475484426410334,0.44755921556728234,False
3570,-0.00010533913859516981,0.4572033191699828,0.457308658308578,False
3571,-1.8902626551929056e-05,0.47032882597296416,0.47034772859951607,False
3572,-0.00019265852521172086,0.4179828625681512,0.4181755210933629,False
3573,-4.673608307319817e-05,0.4577212808087191,0.4577680168917923,False
3574,-0.0005791729049416665,0.6473282169795278,0.6479073898844695,False
3575,-1.0864236238173154e-05,0.46943062524647466,0.46944148948271286,False
3576,-4.697341730289819e-05,0.4489793724914523,0.44902634590875523,False
3577,-6.614614443246861e-06,0.445378716340184,0.44538533095462723,False
3578,-2.7634187247875086e-05,0.48570076946268553,0.4857284036499334,False
3579,-1.1015304479073509e-05,0.46039984383658594,0.460410859141065,False
3580,-3.971324005428585e-05,0.46957620521549087,0.4696159184555452,False
3581,-1.8780718046689368e-05,0.45742225141824616,0.45744103213629284,False
3582,-3.0057307475987017e-05,0.45313564276551405,0.45316570007299,False
3583,-0.000212154741720719,0.46311183755130864,0.46332399229302934,False
3584,-7.791602592545324e-05,0.47508384345237675,0.4751617594783022,False
3585,-6.531426218135772e-05,0.18101439704317507,0.18107971130535644,False
3586,-1.0059220158978845e-05,0.4631110215629114,0.46312108078307035,False
3587,-8.50321582980385e-05,0.4669174324568691,0.46700246461516715,False
3588,-3.9701368870867016e-05,0.467000567699462,0.4670402690683329,False
3589,-3.6223036719313024e-05,0.44720858015616466,0.44724480319288396,False
3590,-2.1965322716385696e-05,0.4555699220660515,0.4555918873887679,False
3591,-3.5573214972065214e-05,0.4614606929881849,0.4614962662031569,False
3592,-2.9552122601633596e-05,0.4529140220032576,0.4529435741258592,False
3593,-4.857486809025755e-05,0.4902021071434319,0.4902506820115221,False
3594,-5.548917983203419e-05,0.4644108807924123,0.46446636997224433,False
3595,-1.8939268114180603e-05,0.4734821498902897,0.4735010891584039,False
3596,-6.530464973858959e-05,0.4130163635095901,0.4130816681593287,False
3597,-2.639962792250155e-05,0.4594435999527943,0.4594699995807168,False
3598,-1.57198992841988e-05,0.4721757081681835,0.47219142806746767,False
3599,-2.4987183837200254e-05,0.4684926114276061,0.4685175986114433,False
3600,-2.4309976914156622e-05,0.4631738171926296,0.4631981271695438,False
3601,-3.0950728246692435e-05,0.45919575807214136,0.4592267088003881,False
3602,-1.3316275269611624e-05,0.5130110833963696,0.5130243996716392,False
3603,-6.01214331184064e-05,0.45920191560197915,0.45926203703509755,False
3604,-1.3619746942270574e-05,0.47721994629423836,0.4772335660411806,False
3605,-2.3269354260439e-05,0.46318684675261407,0.4632101161068745,False
3606,-3.468544321440033e-05,0.4641160026477533,0.4641506880909677,False
3607,-0.00023811974519900826,0.4484630887030269,0.4487012084482259,False
3608,-1.9091635442388027e-05,0.4827456807315345,0.4827647723669769,False
3609,-2.4822949873405233e-05,0.4664575276821831,0.4664823506320565,False
3610,-5.473157783638807e-05,0.46064799553563696,0.4607027271134733,False
3611,-2.7422331441397835e-05,0.46036097290965,0.4603883952410914,False
3612,-4.907511625904198e-05,0.4607874393558371,0.46083651447209617,False
3613,-1.6995720738615232e-05,0.4674528104602085,0.4674698061809471,False
3614,-2.2949455751446277e-05,0.4550722914323797,0.45509524088813114,False
3615,-2.369583522601498e-05,0.4744306928526634,0.4744543886878894,False
3616,-1.87307870502679e-05,0.4643227509153918,0.4643414817024421,False
3617,-1.435543361769005e-05,0.46516520577031517,0.46517956120393283,False
3618,-2.036899741259729e-05,0.4604757172356973,0.4604960862331099,False
3619,-3.0255185325797383e-05,0.45763463939887666,0.45766489458420245,False
3620,-2.0832347138081213e-05,0.46004458707799545,0.4600654194251335,False
3621,-0.00016717658063704975,0.5458865976635191,0.5460537742441561,False
3622,-0.0001674731453636213,0.4908669081373438,0.49103438128270743,False
3623,-2.805698170204694e-05,0.7133153860266036,0.7133434430083057,False
3624,-1.772914868215321e-05,0.4875901771453667,0.4876079062940488,False
3625,-2.262695231726786e-05,0.47178890207345037,0.4718115290257676,False
3626,-7.567075958159926e-05,0.47747149513337606,0.47754716589295765,False
3627,-3.919400681993785e-05,0.49246865193810874,0.4925078459449287,False
3628,-9.231020502608419e-05,0.4360893881896185,0.4361816983946446,False
3629,-5.466174316643391e-05,0.4805337274034137,0.48058838914658014,False
3630,-1.6545516998196663e-05,0.45541530633950145,0.45543185185649965,False
3631,-5.429494126562203e-05,0.47851684746307255,0.4785711424043382,False
3632,-7.1581485765584e-05,0.4889226647613884,0.488994246247154,False
3633,-6.593400174708122e-05,0.4504745394182289,0.450540473419976,False
3634,-5.415362412731976e-05,0.4732382444380344,0.4732923980621617,False
3635,-2.2763610012657018e-05,0.44472671694789906,0.4447494805579117,False
3636,-5.554423293977486e-05,0.44838013594998577,0.44843568018292557,False
3637,-0.00012166190864800478,0.46598571801343047,0.46610737992207846,False
3638,-1.3103207644964777e-05,0.44973540757500097,0.44974851078264594,False
3639,-2.4321599440080845e-05,0.4616771100600104,0.4617014316594505,False
3640,-0.00010966385384412855,0.4934545183040188,0.49356418215786296,False
3641,-2.6269715432568526e-05,0.4707395906515822,0.4707658603670148,False
3642,-0.0002800488718189734,0.5490522674060008,0.5493323162778198,False
3643,-0.0003983262150987271,0.41381113346950915,0.4142094596846079,False
3644,-2.0691220412354955e-05,0.4528356837488172,0.4528563749692296,False
3645,-6.789476636596206e-05,0.46181588863600387,0.46188378340236985,False
3646,-3.075542705558506e-05,0.46384271633462587,0.4638734717616815,False
3647,-0.00033139379678844987,0.524293582416593,0.5246249762133814,False
3648,-1.5422489336210667e-05,0.45616312467320286,0.4561785471625391,False
3649,-0.00010609642869910036,0.5112098623123387,0.5113159587410377,False
3650,-0.0005714400288727593,1.0,1.0005714400288728,False
3651,-3.4670579718990096e-05,0.45505445984600146,0.45508913042572047,False
3652,-6.997757185076024e-05,0.18059726463651138,0.18066724220836214,False
3653,-8.263341504768626e-05,0.49707373963726875,0.4971563730523164,False
3654,-6.419747226950502e-05,0.4816555932918601,0.4817197907641296,False
3655,-3.11168025130227e-05,0.44819759261971104,0.44822870942222404,False
3656,-1.7053573784975998e-05,0.4601967858148788,0.4602138393886637,False
3657,-9.007433987189684e-05,0.4772802130831865,0.4773702874230584,False
3658,-0.0001088034071315088,0.4618054657627023,0.4619142691698338,False
3659,-7.502489981749354e-05,0.5013443918335418,0.5014194167333593,False
3660,-9.338836291300841e-05,0.39733700209453354,0.39743039045744655,False
3661,-8.450028574640364e-05,0.4158052905271238,0.4158897908128702,False
3662,-2.6935005944890087e-05,0.4778528280359582,0.4778797630419031,False
3663,-5.023043904859244e-05,0.11304450092429277,0.11309473136334136,False
3664,-3.6305748250404926e-05,0.4589430355880452,0.45897934133629564,False
3665,-0.0018247692177022516,0.3732826593357635,0.37510742855346574,False
3666,-2.179731976760771e-05,0.45920061557686936,0.45922241289663696,False
3667,-5.620597917647303e-05,0.4842034276542406,0.4842596336334171,False
3668,-7.431869440579434e-05,0.6285520236074524,0.6286263423018582,False
3669,-3.080950554878766e-05,0.46650844552535176,0.46653925503090055,False
3670,-2.6691224713982196e-05,0.4640001592117989,0.46402685043651287,False
3671,-9.652978863723541e-05,0.4769465965460285,0.4770431263346657,False
3672,-1.018764085661126e-05,0.44860068665731906,0.44861087429817564,False
3673,-1.2792698720178869e-05,0.4628525927643743,0.46286538546309447,False
3674,-4.699662289989666e-06,0.07723822747909849,0.07724292714138847,False
3675,-2.3703422405498498e-05,0.4612992054800529,0.46132290890245836,False
3676,-2.1270704274411665e-05,0.4675118234941635,0.4675330941984379,False
3677,-3.8062922200373556e-05,0.4430742835664554,0.4431123464886558,False
3678,-7.205326796964776e-05,0.4588799166657665,0.45895196993373616,False
3679,-1.8208795191798326e-05,0.4614184897282278,0.4614366985234196,False
3680,-4.209957614118872e-05,0.48135410212752844,0.48139620170366965,False
3681,-2.9896948998516428e-05,0.471542243033226,0.4715721399822245,False
3682,-2.759109675708513e-05,0.46361461014615235,0.46364220124290945,False
3683,-8.596222420133839e-05,0.08688734652286458,0.08697330874706591,False
3684,-0.0004021773443146466,0.3811520715896154,0.38155424893393003,False
3685,-1.0107255304869293e-05,0.43262902449064194,0.4326391317459468,False
3686,-0.0019160709802953447,1.0,1.0019160709802954,False
3687,-3.463361668779828e-05,0.4612840900064985,0.4613187236231863,False
3688,-1.4931676551095235e-05,0.4501687197025376,0.45018365137908867,False
3689,-5.3847357514673114e-05,0.451262295293538,0.4513161426510527,False
3690,-5.1893395180501115e-05,0.5006591392227855,0.500711032617966,False
3691,-3.4733933719198186e-05,0.4763643811616902,0.47639911509540944,False
3692,-1.751610053658689e-05,0.4451084450620864,0.445125961162623,False
3693,-7.397945773462975e-05,0.4099538512832222,0.41002783074095683,False
3694,-1.405814152757464e-05,0.48127650448687376,0.4812905626284013,False
3695,-0.0001349260805851756,0.13785676880553313,0.13799169488611832,False
3696,-0.00010488804827007114,0.46463633440141155,0.46474122244968163,False
3697,-1.232310777278588e-05,0.46132019983021905,0.4613325229379918,False
3698,-1.4484662377391198e-05,0.4715663541546387,0.4715808388170161,False
3699,-9.291144332062738e-06,0.44817222873244106,0.4481815198767731,False
3700,-2.316436243910014e-05,0.46915774978008185,0.46918091414252094,False
3701,-7.777719567901158e-06,0.4451081502977729,0.4451159280173408,False
3702,-2.349200985501996e-05,0.46140857568256427,0.4614320676924193,False
3703,-2.4620353702110462e-05,0.516610733461119,0.5166353538148211,False
3704,-0.0001071113445604433,0.5796171932021819,0.5797243045467423,False
3705,-2.9818015098668353e-05,0.46606627102023684,0.4660960890353355,False
3706,-2.3397742043123043e-05,0.5010250966268136,0.5010484943688567,False
3707,-1.8471284378656772e-05,0.4664738938705866,0.4664923651549652,False
3708,-0.00023982866744955245,0.5821111996369277,0.5823510283043772,False
3709,-3.42268588781163e-05,0.4572162696131064,0.4572504964719845,False
3710,-4.792242629974243e-05,0.5242916587345924,0.5243395811608921,False
3711,-0.00013797121094311456,0.48894943793621676,0.48908740914715987,False
3712,-3.4760140029971646e-05,0.4673202294731306,0.4673549896131606,False
3713,-5.935765635962332e-05,0.45176513147035435,0.45182448912671397,False
3714,-5.6433637425991174e-05,0.45683416267332677,0.45689059631075274,False
3715,-1.738373321043848e-05,0.4686119226951993,0.4686293064284097,False
3716,-0.0005334478818654066,0.590728096756228,0.5912615446380933,False
3717,-1.2407881528288904e-05,0.4770729174847567,0.477085325366285,False
3718,-5.5727315754413295e-05,0.45038701238644696,0.4504427397022014,False
3719,-3.2357671574279825e-05,0.44921934952187986,0.44925170719345414,False
3720,-7.265052394622693e-05,0.47747464134303075,0.477547291866977,False
3721,-6.560906795160359e-05,0.466447891484864,0.4665135005528156,False
3722,-6.005802184452229e-05,0.47418086190520176,0.47424091992704626,False
3723,-6.20988661668764e-05,0.491862933821475,0.49192503268764187,False
3724,-5.011901694499382e-05,0.4530896874568147,0.45313980647375973,False
3725,-1.5889332143244447e-05,0.4577453369284158,0.45776122626055904,False
3726,-4.102151031188714e-05,0.4592390370593872,0.45928005856969906,False
3727,-5.971337523247789e-05,0.46640398148937556,0.46646369486460804,False
3728,-1.2385063942725081e-05,0.4582587255492908,0.45827111061323356,False
3729,-2.9925482083691708e-05,0.48685284005396534,0.48688276553604903,False
3730,-1.3945956185989451e-05,0.46757092753241697,0.46758487348860295,False
3731,-2.3574197268896065e-05,0.44833284513222427,0.44835641932949316,False
3732,-0.00020370361976922605,0.5071421852055006,0.5073458888252698,False
3733,-0.00016010193029866008,0.350088818890569,0.3502489208208676,False
3734,-3.5102469413396666e-05,0.4603393176697964,0.4603744201392098,False
3735,-3.981794174115872e-05,0.4679251387472402,0.46796495668898136,False
3736,-2.803410437023248e-05,0.4556216529972476,0.45564968710161785,False
3737,-1.4482860006540943e-05,0.45687132577363937,0.4568858086336459,False
3738,-0.00011940222672776962,0.2739787070424176,0.2740981092691454,False
3739,-4.1284482802294515e-05,0.4644291985794904,0.46447048306229266,False
3740,-1.2007621199303294e-05,0.4624108235298458,0.4624228311510451,False
3741,-8.532870275470333e-06,0.45505416453193864,0.4550626974022141,False
3742,-1.1230375485283844e-05,0.4668815121414687,0.466892742516954,False
3743,-0.0014597510306425063,0.13874044242412265,0.14020019345476514,False
3744,-1.3561580395847249e-05,0.4756773262500099,0.47569088783040575,False
3745,-8.230266787984472e-05,0.4006814965102855,0.40076379917816535,False
3746,-3.801583208529469e-05,0.47689066439523525,0.47692868022732055,False
3747,-3.627071016248227e-05,0.5110090751870044,0.5110453458971669,False
3748,-2.1550670823500015e-05,0.4866042902708706,0.4866258409416941,False
3749,-1.2768868903433396e-05,0.46584362578939603,0.4658563946582995,False
3750,-3.4198820402076745e-05,0.47173175344572155,0.4717659522661236,False
3751,-5.51835173392133e-05,0.4648610679703353,0.46491625148767446,False
3752,-7.65098224107601e-05,0.4613509035290806,0.46142741335149134,False
3753,-1.8090843461661187e-05,0.46907184548153474,0.4690899363249964,False
3754,-6.281601083529696e-05,0.4488920782602863,0.4489548942711216,False
3755,-0.00015946885667809328,0.4483778065986405,0.44853727545531863,False
3756,-2.106382348824589e-05,0.4318744396207394,0.43189550344422767,False
3757,-2.0442771511044394e-05,0.4873508526272071,0.48737129539871815,False
3758,-0.0003001768305982511,0.4031304105902436,0.40343058742084187,False
3759,-6.821132426882695e-05,0.45759802751887235,0.45766623884314117,False
3760,-2.3563967630177666e-05,0.4684784294458481,0.4685019934134783,False
3761,-2.8599966670079566e-05,0.4769764868090013,0.4770050867756714,False
3762,-8.01210591643194e-05,0.40674077983116524,0.4068209008903296,False
3763,-1.8011533357247437e-05,0.07358399174888672,0.07360200328224396,False
3764,-0.0002989758979672117,0.3903517942198547,0.39065077011782195,False
3765,-1.2556495635454148e-05,0.46911454597028784,0.4691271024659233,False
3766,-8.881853390570162e-05,0.4583550114803447,0.4584438300142504,False
3767,-1.4494590760394273e-05,0.45843249619438453,0.45844699078514495,False
3768,-9.60894563551205e-06,0.4580904461108959,0.4581000550565314,False
3769,-3.989006677502202e-05,0.4807815297498693,0.48082141981664434,False
3770,-4.079992489239727e-05,0.4834939641535253,0.4835347640784177,False
3771,-2.3637769925149644e-05,0.4973842719660623,0.4974079097359874,False
3772,-3.442499028156176e-05,0.4917622338908496,0.49179665888113117,False
3773,-4.293749141081756e-05,0.4758275789553578,0.47587051644676864,False
3774,-0.00015237501144427953,0.9961167010757747,0.9962690760872189,False
3775,-6.657440093806465e-05,0.48500292513300786,0.4850694995339459,False
3776,-3.9346034162425824e-05,0.453291419119458,0.4533307651536204,False
3777,-2.167585969785145e-05,0.4890151215739675,0.48903679743366535,False
3778,-1.6755625771395803e-05,0.4531683774276074,0.4531851330533788,False
3779,-2.250274987238345e-05,0.45331382598390396,0.45333632873377633,False
3780,-5.879906400476268e-05,0.44571173013698834,0.4457705292009931,False
3781,-4.527509817645265e-05,0.4645162392347896,0.46456151433296605,False
3782,-1.396333118629835e-05,0.44092934178153353,0.44094330511271984,False
3783,-6.99177657727694e-05,0.4727992343954658,0.47286915216123854,False
3784,-8.475515908476402e-06,0.466036123849716,0.4660445993656245,False
3785,-0.00037640090931328454,1.0,1.0003764009093132,False
3786,-0.0003046344450061116,0.6291445211366058,0.6294491555816119,False
3787,-8.104931611150332e-06,0.43762108475788697,0.4376291896894981,False
3788,-2.548336382720652e-05,0.45620446248679586,0.45622994585062304,False
3789,-1.6624861102580048e-05,0.44358516121665803,0.44360178607776063,False
3790,-7.592142899677766e-05,0.2998729767575746,0.2999488981865714,False
3791,-0.00011456718662675019,0.5169309533970537,0.5170455205836805,False
3792,-5.059947588100739e-05,0.4725172592991745,0.47256785877505547,False
3793,-3.052885072669367e-05,0.46098323263368496,0.46101376148441164,False
3794,-1.8287196941156586e-05,0.4476309425036048,0.44764922970054594,False
3795,-1.309531771156548e-05,0.464076247015799,0.46408934233351057,False
3796,-2.9513769441264393e-05,0.47558284685870444,0.4756123606281457,False
3797,-5.689853824703393e-05,0.47058957354459396,0.470646472082841,False
3798,-6.034967018339911e-05,0.4569822039614705,0.4570425536316539,False
3799,-5.096782672689602e-05,0.47738618711855346,0.4774371549452804,False
3800,-6.593198209251998e-05,0.4713093951931137,0.47137532717520625,False
3801,-6.450943071404229e-05,0.4800132408874072,0.4800777503181213,False
3802,-2.7337156344363558e-05,0.48747279682607525,0.4875001339824196,False
3803,-0.00036534381748177315,0.4989829756208951,0.4993483194383769,False
3804,-1.672178100968641e-05,0.45698260007013464,0.45699932185114434,False
3805,-3.128638236637832e-05,0.4660445915328146,0.46607587791518096,False
3806,-9.61286276547598e-05,0.48321801486279803,0.48331414349045276,False
3807,-6.747382470796259e-05,0.475296767060499,0.47536424088520696,False
3808,-4.5799063278334246e-05,0.45986785937173047,0.4599136584350088,False
3809,-6.0875490891555075e-05,0.4779382329698082,0.47799910846069976,False
3810,-1.3429265780370404e-05,0.10122575575878716,0.10123918502456752,False
3811,-7.471306370538422e-05,0.49491366054688063,0.494988373610586,False
3812,-8.176635535792302e-05,0.45795735491943557,0.4580391212747935,False
3813,-0.00011227124128356104,0.491533463493968,0.4916457347352515,False
3814,-7.135083227603128e-05,0.44033852814559443,0.4404098789778705,False
3815,-0.00016859067918106253,0.46547309116352537,0.46564168184270643,False
3816,-2.622346717562784e-05,0.4771228278116115,0.47714905127878715,False
3817,-7.922097175844483e-05,0.4585815768017228,0.45866079777348123,False
3818,-8.353436555216223e-05,0.4384162790761097,0.43849981344166183,False
3819,-0.1625473231319133,0.0010724904472393776,0.16361981357915267,False
3820,-0.00018072114986834485,0.4828813778951305,0.48306209904499886,False
3821,-5.07547367246594e-05,0.4790008270055933,0.479051581742318,False
3822,-8.849819688405827e-05,0.4527454734122249,0.45283397160910893,False
3823,-5.964495574879763e-05,0.11591707546935293,0.11597672042510172,False
3824,-8.376669298247068e-05,0.5029360316769886,0.5030197983699711,False
3825,-0.00027212288844339407,0.43801048431285977,0.4382826072013032,False
3826,-4.263119062175373e-05,0.46947104603930045,0.4695136772299222,False
3827,-8.165927441760722e-05,0.48303746664636055,0.48311912592077816,False
3828,-5.236565580774344e-05,0.4812098523142427,0.4812622179700504,False
3829,-4.991179894276495e-05,0.4690730468674321,0.4691229586663749,False
3830,-2.7069072930105763e-05,0.4822977139314587,0.4823247830043888,False
3831,-3.211359388777516e-05,0.44234597450494917,0.44237808809883694,False
3832,-2.4394693156113508e-05,0.4778579598358365,0.47788235452899264,False
3833,-0.00014306752442244983,0.49660929328400727,0.4967523608084297,False
3834,-2.3855842576849435e-05,0.45040736703164275,0.4504312228742196,False
3835,-4.148345211976135e-05,0.47291706530434313,0.47295854875646287,False
3836,-1.233523232696818e-05,0.47020487524478805,0.470217210477115,False
3837,-5.273178467776114e-05,0.48057823911266473,0.48063097089734247,False
3838,-6.732589498929652e-05,0.47397336738126455,0.47404069327625387,False
3839,-6.493767601326322e-05,0.4565412628483795,0.45660620052439277,False
3840,-3.9768754633354316e-05,0.47873307671895104,0.4787728454735844,False
3841,-2.3707796665546966e-05,0.4517313700213198,0.45175507781798535,False
3842,-4.105204219000051e-05,0.44727225535787285,0.44731330740006287,False
3843,-0.00010462115569869692,0.5130785112791323,0.5131831324348309,False
3844,-1.6613250084302413e-05,0.44866089800383485,0.44867751125391914,False
3845,-2.3785006385390264e-05,0.4844464197835298,0.4844702047899152,False
3846,-1.6657579455260982e-05,0.4565286836137661,0.4565453411932213,False
3847,-1.3384105412708003e-05,0.4721864044830943,0.472199788588507,False
3848,-3.449249145516497e-05,0.4648542843038525,0.46488877679530766,False
3849,-3.757814029924802e-05,0.4770307862837067,0.47706836442400596,False
3850,-1.8564613296787985e-05,0.4574723054771895,0.4574908700904863,False
3851,-6.254804151925162e-05,0.47293231553016124,0.47299486357168047,False
3852,-1.045408380282978e-05,0.49463765350153943,0.4946481075853423,False
3853,-3.382482204240055e-05,0.4813362541091822,0.4813700789312246,False
3854,-0.00017949427269196524,0.5247121474774106,0.5248916417501025,False
3855,-9.241316139162661e-06,0.45433777601416214,0.4543470173303013,False
3856,-2.6888824020468407e-05,0.47746924899437637,0.47749613781839684,False
3857,-4.66215130120363e-05,0.46573925990308,0.46578588141609206,False
3858,-1.9816947728933168e-05,0.47814307849049004,0.478162895438219,False
3859,-0.0002587058352422138,0.46405035372243714,0.46430905955767937,False
3860,-2.6602258927864535e-05,0.43628380018238094,0.4363104024413088,False
3861,-7.884068733121362e-05,0.4728459735826228,0.47292481426995403,False
3862,-0.00044270049105025994,0.4271563117324353,0.42759901222348556,False
3863,-2.071747529291583e-05,0.4773673728348433,0.47738809031013624,False
3864,-7.185855698315596e-05,0.5656324930433531,0.5657043516003362,False
3865,-3.4383111672194535e-05,0.456096029581839,0.4561304126935112,False
3866,-0.003814016753072153,0.5637638384673026,0.5675778552203747,False
3867,-1.4865303471142151e-05,0.48696850531592123,0.4869833706193924,False
3868,-6.24560121126424e-05,0.4789048875703893,0.4789673435825019,False
3869,-1.5541210141910924e-05,0.44809084043860953,0.44810638164875144,False
3870,-0.00012324657365148694,0.4845545236174418,0.48467777019109326,False
3871,-6.599835903049499e-05,0.4651444267585393,0.46521042511756977,False
3872,-2.1018927580996392e-05,0.4864332865190795,0.4864543054466605,False
3873,-3.337745750275983e-05,0.39809614775563185,0.3981295252131346,False
3874,-7.101787895915069e-05,0.4751180043066676,0.47518902218562675,False
3875,-3.124295348549468e-05,0.47326330080630846,0.47329454375979396,False
3876,-2.7599637823887962e-05,0.4412477574360019,0.4412753570738258,False
3877,-2.6960788199828782e-05,0.46775722140206044,0.46778418219026024,False
3878,-1.758409417320705e-05,0.45359126823700846,0.45360885233118164,False
3879,-6.201916194639858e-05,0.4500179705650551,0.45007998972700153,False
3880,-0.00038061676997890156,0.4038227633516975,0.4042033801216764,False
3881,-1.9505493609661744e-05,0.4734094864255661,0.47342899191917576,False
3882,-4.297938417185771e-05,0.46170840706970734,0.4617513864538792,False
3883,-0.0004762780140797147,0.40962270789791155,0.4100989859119913,False
3884,-8.307638381039167e-05,0.4289692643452677,0.4290523407290781,False
3885,-2.3498524543485617e-05,0.4572863715666752,0.45730987009121865,False
3886,-1.6402533073597637e-05,0.40291875082948236,0.402935153362556,False
3887,-2.258684599184033e-05,0.46142301328179053,0.46144560012778235,False
3888,-3.206635398258666e-05,0.46407978802559147,0.46411185437957403,False
3889,-3.1090420413915156e-05,0.46164510641148127,0.4616761968318952,False
3890,-9.348537070853218e-05,0.44321695712336845,0.443310442494077,False
3891,-1.3779829771867842e-05,0.46187249664140506,0.4618862764711769,False
3892,-2.897028396099418e-05,0.4652424789429387,0.46527144922689967,False
3893,-5.0144573958928555e-05,0.4658306771168526,0.4658808216908115,False
3894,-1.695905114715614e-05,0.46029905152675504,0.4603160105779022,False
3895,-1.7679913605517795e-05,0.4232547947325623,0.4232724746461678,False
3896,-5.086261323981402e-05,0.46632132261103876,0.4663721852242786,False
3897,-5.2835131957576964e-05,0.47108032079692674,0.47113315592888433,False
3898,-2.537258616606972e-05,0.4922160684610131,0.4922414410471792,False
3899,-2.4246562679258884e-05,0.4485967432756152,0.44862098983829446,False
3900,-1.7284620308595074e-05,0.47228890674382407,0.47230619136413265,False
3901,-4.990957143682562e-05,0.4511373557255531,0.4511872652969899,False
3902,-1.568112869469412e-05,0.4589654968410669,0.4589811779697616,False
3903,-1.1421032351008848e-05,0.44261186099135347,0.4426232820237045,False
3904,-1.4225876294289685e-05,0.44641416044938026,0.44642838632567455,False
3905,-1.1474636045060883e-05,0.4389954373961697,0.43900691203221476,False
3906,-6.15287837656287e-05,0.4457545450784999,0.4458160738622655,False
3907,-0.0006479046671479827,0.3995344445210883,0.4001823491882363,False
3908,-5.1430405891429605e-05,0.45179901672612716,0.4518504471320186,False
3909,-0.0001732914163915176,0.4742859735349035,0.474459264951295,False
3910,-3.1741585590930855e-05,0.4637817906011708,0.46381353218676175,False
3911,-2.0028766418374778e-05,0.7474646539343395,0.7474846827007579,False
3912,-1.130649844929359e-05,0.4866442257323006,0.48665553223074987,False
3913,-1.712152988941526e-05,0.45692559532725907,0.4569427168571485,False
3914,-0.0011786199206339915,0.27251587495428803,0.27369449487492203,False
3915,-0.00010900184856658002,0.47791966100152383,0.47802866285009044,False
3916,-0.00047612846074553095,0.45503549452289876,0.4555116229836443,False
3917,-5.661896825004553e-05,0.45215457899107453,0.4522111979593246,False
3918,-2.4247566123231078e-05,0.45831374389561386,0.4583379914617371,False
3919,-4.798602002115261e-05,0.4554438735707309,0.45549185959075206,False
3920,-2.7757238457477084e-05,0.46537275922139637,0.46540051645985386,False
3921,-0.00027443465645147927,0.4556753964514174,0.4559498311078689,False
3922,-5.992317481820727e-05,0.504435067986558,0.5044949911613762,False
3923,-3.2245344751703355e-05,0.46209227040386835,0.46212451574862007,False
3924,-2.3190597198060965e-05,0.46531458363406475,0.4653377742312628,False
3925,-3.464245086936732e-05,0.47301547744615124,0.4730501198970206,False
3926,-7.22524153006507e-05,0.43488493365523917,0.43495718607053985,False
3927,-3.631075662336213e-05,0.46924109983584417,0.4692774105924675,False
3928,-4.0435259236323666e-05,0.45574005277011376,0.45578048802935006,False
3929,-6.451181543688875e-05,0.4686982167932847,0.4687627286087216,False
3930,-4.992101993280016e-05,0.4699890812594254,0.4700390022793582,False
3931,-9.032716882926854e-06,0.4547607443230124,0.4547697770398953,False
3932,-5.418630502709581e-05,0.48096221946843276,0.48101640577345983,False
3933,-2.278927835885539e-05,0.46534833105739903,0.4653711203357579,False
3934,-4.053635388890683e-05,0.45212247028553115,0.45216300663942005,False
3935,-5.038752227478551e-05,0.4574195722473351,0.45746995976960986,False
3936,-6.860005085234614e-05,0.4353360476285377,0.4354046476793901,False
3937,-1.1207962635654357e-05,0.4671357529931442,0.46714696095577984,False
3938,-4.795655955857418e-05,0.5027466288785152,0.5027945854380738,False
3939,-5.50628754176279e-05,0.4612607563500888,0.4613158192255064,False
3940,-3.541595029426762e-05,0.45931603528323106,0.45935145123352533,False
3941,-8.458904413047283e-05,0.46626757451486195,0.4663521635589924,False
3942,-2.2865436297352005e-05,0.5420666417743651,0.5420895072106625,False
3943,-3.503570231147108e-05,0.4739055805688362,0.47394061627114764,False
3944,-5.248512398415298e-05,0.5101025885602141,0.5101550736841982,False
3945,-1.7781462332993322e-05,0.4258960614821692,0.4259138429445022,False
3946,-2.3396869146454485e-05,0.47160486763808473,0.47162826450723117,False
3947,-2.398825340494982e-05,0.47540663799581656,0.4754306262492215,False
3948,-1.893849370922481e-05,0.4458312799825609,0.4458502184762701,False
3949,-1.6018382021955456e-05,0.45488872569298694,0.4549047440750089,False
3950,-2.1021956835454755e-05,0.46135196402056966,0.4613729859774051,False
3951,-3.906945566923611e-05,0.45600448623348927,0.4560435556891585,False
3952,-2.294500259518517e-05,0.4494999628943107,0.4495229078969059,False
3953,-1.125316582178572e-05,0.48493570583362955,0.48494695899945134,False
3954,-7.016642462445813e-05,0.46178208829850914,0.4618522547231336,False
3955,-2.6184108550953852e-05,0.44827823807948786,0.4483044221880388,False
3956,-4.3842938962802074e-05,0.452174369459381,0.4522182123983438,False
3957,-2.5565597470565854e-05,0.45494401232937115,0.45496957792684173,False
3958,-4.369276516131037e-05,0.46187246769675183,0.46191616046191314,False
3959,-0.00016088411786584385,0.3253990123229544,0.32555989644082023,False
3960,-2.0262180707241675e-05,0.44793186266520973,0.44795212484591695,False
3961,-0.00010503789708204163,0.43114914333799337,0.4312541812350754,False
3962,-0.00022474343259237174,0.48826505345030036,0.48848979688289274,False
3963,-5.3648378829898066e-05,0.4717465839323589,0.4718002323111888,False
3964,-4.3296124762113116e-05,0.4782975726622854,0.4783408687870475,False
3965,-1.622989131283612e-05,0.4793997454348107,0.4794159753261235,False
3966,-6.059390267990489e-05,0.46420932724997754,0.46426992115265747,False
3967,-0.0005590261488646605,0.4343388960439188,0.43489792219278345,False
3968,-8.034682474716709e-05,0.4679091718153164,0.46798951864006355,False
3969,-2.014284611198901e-05,0.4783696085529935,0.4783897513991055,False
3970,-6.630085119257865e-05,0.4625528521693067,0.4626191530204993,False
3971,-2.4282521874478103e-05,0.45414429933018824,0.4541685818520627,False
3972,-0.0004322247730040991,0.3934701229002793,0.39390234767328336,False
3973,-2.5879240687142692e-05,0.44531449533097806,0.4453403745716652,False
3974,-2.6838959810231825e-05,0.47948821723403373,0.47951505619384394,False
3975,-4.6608281226784236e-05,0.45221035329903375,0.4522569615802605,False
3976,-0.012434040588481415,0.33429207372054226,0.34672611430902367,False
3977,-1.8612656169530058e-05,0.45425486765858947,0.454273480314759,False
3978,-8.417829460709258e-05,0.3095129191185045,0.3095970974131116,False
3979,-4.432750184978589e-05,0.46520458787926766,0.46524891538111746,False
3980,-4.0104772078679446e-05,0.4609247741017061,0.4609648788737848,False
3981,-9.882190791398167e-05,0.48823390516741083,0.4883327270753248,False
3982,-2.951062955299711e-05,0.47505266853155825,0.47508217916111123,False
3983,-3.204905061500107e-05,0.4824757624687702,0.4825078115193852,False
3984,-2.436357251804961e-05,0.44463616157273017,0.44466052514524823,False
3985,-4.451909995050121e-05,0.4752417415148548,0.47528626061480533,False
3986,-4.165358781632495e-05,0.4697535595317762,0.46979521311959255,False
3987,-4.827689055604742e-05,0.45488913804489617,0.4549374149354522,False
3988,-5.8325756623369984e-05,0.4799114456432907,0.47996977139991404,False
3989,-0.00010041925308753438,0.4646857077614511,0.4647861270145386,False
3990,-2.3048615519376493e-05,0.47306863856739306,0.47309168718291245,False
3991,-1.1924477813171333e-05,0.464142989518459,0.4641549139962722,False
3992,-6.149113693356296e-05,0.4494119319366728,0.4494734230736063,False
3993,-1.604682546222616e-05,0.4690439818618181,0.46906002868728036,False
3994,-5.3068758066641667e-05,0.4601746055243477,0.46022767428241435,False
3995,-5.364195622784744e-05,0.46156361647534216,0.46161725843157003,False
3996,-2.4229667129660635e-05,0.4556119779574275,0.4556362076245572,False
3997,-0.0005092082925020993,0.41147170539113526,0.4119809136836374,False
3998,-3.0528316979561634e-05,0.47575784737448373,0.4757883756914633,False
3999,-4.348801697334954e-05,0.4556443777552804,0.45568786577225373,False
4000,-1.537226770563468e-05,0.45271961639345737,0.452734988661163,False
4001,-3.103721263006067e-05,0.4950920243770544,0.49512306158968444,False
4002,-5.2644306112431165e-05,0.4698979717696437,0.4699506160757561,False
4003,-1.078453540893415e-05,0.44417930564250585,0.4441900901779148,False
4004,-0.00010500420229943573,0.4830695440213321,0.48317454822363154,False
4005,-4.019175498174993e-05,0.46063627322256545,0.4606764649775472,False
4006,-2.2818386477521383e-05,0.47182207850745655,0.47184489689393405,False
4007,-1.8917777685828738e-05,0.45969824047827745,0.45971715825596327,False
4008,-4.2200028108293446e-05,0.4327203245270342,0.43276252455514247,False
4009,-5.509516114297495e-05,0.4905073378751902,0.4905624330363332,False
4010,-2.791232509411159e-05,0.4566921328986469,0.45672004522374104,False
4011,-5.239158385009792e-05,0.4527613278394236,0.4528137194232737,False
4012,-1.5911771366872348e-05,0.48946925949066944,0.48948517126203633,False
4013,-7.931716620382337e-05,0.4869632435158055,0.4870425606820093,False
4014,-3.374578767301697e-05,0.45833482600995906,0.4583685717976321,False
4015,-7.87879429330373e-05,0.47998936166648193,0.48006814960941496,False
4016,-6.685173391074655e-05,0.47080176395734896,0.4708686156912597,False
4017,-2.155734988192491e-05,0.47789264678469273,0.47791420413457464,False
4018,-6.205834279751068e-05,0.5023198162591088,0.5023818746019063,False
4019,-5.452387628546705e-05,0.487288864611899,0.4873433884881845,False
4020,-0.0006374190359055576,0.2373191360551481,0.23795655509105365,False
4021,-2.512514999417641e-05,0.44000920453469217,0.44003432968468636,False
4022,-0.00012307568378031706,0.45714913729464013,0.45727221297842047,False
4023,-9.902119873059765e-05,0.448724801458336,0.4488238226570666,False
4024,-2.5815385960172005e-05,0.43863809913500973,0.4386639145209699,False
4025,-6.552901554483489e-05,0.5077022049607622,0.507767733976307,False
4026,-3.1597188017233194e-05,0.4508674144503777,0.4508990116383949,False
4027,-4.3712268546753476e-05,0.46372178335877035,0.4637654956273171,False
4028,-1.2525479922348105e-05,0.46866896999640345,0.4686814954763258,False
4029,-2.8728333707545914e-05,0.49193805612675384,0.4919667844604614,False
4030,-1.5314122235367633e-05,0.4730697013174206,0.473085015439656,False
4031,-1.654007529722704e-05,0.46010401920539257,0.4601205592806898,False
4032,-0.0003447651764479435,0.33385854783564284,0.3342033130120908,False
4033,-1.2013387182523586e-05,0.4440914814146405,0.44410349480182304,False
4034,-9.808492659243484e-05,0.18702270937622298,0.18712079430281542,False
4035,-0.00026097177164004,0.5165903699656696,0.5168513417373097,False
4036,-0.00010857531165330488,0.4972442938523105,0.4973528691639638,False
4037,-3.5652452513004474e-05,0.47289881933093697,0.47293447178345,False
4038,-1.585217607867747e-05,0.45295984936870337,0.45297570154478206,False
4039,-2.780761770427998e-05,0.4620058418859186,0.46203364950362286,False
4040,-2.5494094918621323e-05,0.4784734427985541,0.4784989368934727,False
4041,-1.2657304536665733e-05,0.47179416723338824,0.4718068245379249,False
4042,-2.3712342034730212e-05,0.4727473317749773,0.47277104411701204,False
4043,-7.32186097232331e-05,0.4693499882718968,0.46942320688162004,False
4044,-0.00012595029280287483,0.360399296718978,0.3605252470117809,False
4045,-6.314473031619174e-05,0.44994058539126736,0.45000373012158357,False
4046,-4.3705675477881375e-05,0.5373367384052551,0.5373804440807329,False
4047,-3.729641050728799e-05,0.4347390744981981,0.4347763709087054,False
4048,-1.2314034252744278e-05,0.45735497204348463,0.45736728607773736,False
4049,-1.680806371135641e-05,0.44886545545285006,0.4488822635165614,False
4050,-0.0002558084219918099,0.33787357130671425,0.33812937972870605,False
4051,-0.00010235310971684119,0.4572202894217658,0.45732264253148264,False
4052,-6.0789086376604013e-05,0.46728865241110357,0.46734944149748014,False
4053,-3.881267698780609e-05,0.48309313620174577,0.48313194887873356,False
4054,-5.142842774786202e-05,0.5144721917214541,0.5145236201492019,False
4055,-1.723754793456253e-05,0.4804344133431877,0.4804516508911223,False
4056,-1.2499864514370415e-05,0.4444083523146027,0.44442085217911703,False
4057,-1.9932404441684033e-05,0.5153336833311827,0.5153536157356243,False
4058,-9.162083216230762e-05,0.4705492354215943,0.4706408562537566,False
4059,-0.002779138488410748,0.4591196922680057,0.46189883075641647,False
4060,-7.878595091998464e-05,0.450100719538788,0.450179505489708,False
4061,-0.0002443384720658246,0.3558101387898739,0.35605447726193973,False
4062,-1.7232645796965936e-05,0.466887285234736,0.46690451788053294,False
4063,-2.675517069327971e-05,0.4660679095372871,0.4660946647079804,False
4064,-4.6516093720852734e-05,0.4546029411993219,0.45464945729304274,False
4065,-5.12562850744535e-05,0.45735475728623304,0.4574060135713075,False
4066,-0.00015136566657485926,0.22115462169529423,0.2213059873618691,False
4067,-3.310247691459018e-05,0.45551331764913344,0.455546420126048,False
4068,-1.881956347203322e-05,0.45416658896813444,0.4541854085316065,False
4069,-5.702762771356385e-05,0.45494787172551754,0.45500489935323113,False
4070,-7.38527938752792e-05,0.42817330417583377,0.42824715696970905,False
4071,-9.587841971605208e-05,0.5312147065695345,0.5313105849892505,False
4072,-6.179051196272698e-05,0.46124639295311815,0.46130818346508085,False
4073,-0.0004982494789375431,0.7921168959428122,0.7926151454217497,False
4074,-5.39969573653632e-05,0.4730471246452056,0.47310112160257095,False
4075,-1.5429160737837534e-05,0.43712677052950843,0.43714219969024626,False
4076,-0.00031041789335430476,0.5809358046791621,0.5812462225725163,False
4077,-6.679404093477015e-05,0.4577784531466042,0.457845247187539,False
4078,-1.2358806965098204e-05,0.45925919950763217,0.45927155831459726,False
4079,-2.354758881490301e-05,0.44279526818032244,0.44281881576913734,False
4080,-4.5034643453771496e-05,0.47034025892707604,0.4703852935705298,False
4081,-3.2424959928035646e-05,0.4943956231815568,0.49442804814148483,False
4082,-2.0221464308448892e-05,0.47460641471124004,0.4746266361755485,False
4083,-1.7563024318369192e-05,0.49732856776542633,0.4973461307897447,False
4084,-2.508285605897477e-05,0.4498788047869314,0.44990388764299033,False
4085,-3.218787457204154e-05,0.4447136419943663,0.44474582986893835,False
4086,-4.4125304752291757e-05,0.4670493824454726,0.4670935077502249,False
4087,-0.0006112731432021808,0.3886438114995274,0.3892550846427296,False
4088,-9.344896684750176e-06,0.4711677702907786,0.47117711518746336,False
4089,-7.812744170418385e-06,0.4508228903293583,0.45083070307352874,False
4090,-1.3551992197956668e-05,0.4946580065879146,0.4946715585801125,False
4091,-0.00017006906092083588,0.48114386394301867,0.4813139330039395,False
4092,-1.635724964832967e-05,0.5029089458424209,0.5029253030920692,False
4093,-0.000288925437068452,0.41368086592440245,0.4139697913614709,False
4094,-4.6189074574339916e-05,0.4834681090047004,0.4835142980792747,False
4095,-1.830019564544047e-05,0.46912496067203535,0.46914326086768077,False
4096,-2.9069110336671995e-05,0.445479981440446,0.44550905055078266,False
4097,-6.472206605032072e-05,0.44966035059713794,0.44972507266318823,False
4098,-0.00010268688481997158,0.45735178389183406,0.457454470776654,False
4099,-2.120286409881412e-05,0.4730193517463768,0.4730405546104756,False
4100,-3.3137796503903596e-05,0.5234023765771625,0.5234355143736664,False
4101,-2.9027147658391687e-05,0.4628894262302618,0.4629184533779202,False
4102,-1.479236163535044e-05,0.5358510319673985,0.5358658243290338,False
4103,-0.0006064911652416432,0.38310395767171196,0.3837104488369536,False
4104,-1.4077320627427798e-05,0.43767164083307536,0.4376857181537028,False
4105,-1.8222072184260477e-05,0.4480806894258917,0.44809891149807596,False
4106,-4.335790831753314e-05,0.46251412404885717,0.4625574819571747,False
4107,-5.4344358148935287e-05,0.45062715969378986,0.4506815040519388,False
4108,-1.6930879102540782e-05,0.44469038878497874,0.4447073196640813,False
4109,-9.375465823423874e-06,0.4602430696842916,0.460252445150115,False
4110,-9.81726836786226e-05,0.4720398505756924,0.47213802325937104,False
4111,-2.0250494415630237e-05,0.4699818336136646,0.4700020841080802,False
4112,-2.104395961168913e-05,0.4978340261307886,0.49785507009040025,False
4113,-1.7418660030283915e-05,0.5014302527187693,0.5014476713787995,False
4114,-2.522743981515159e-05,0.44343399454252647,0.4434592219823416,False
4115,-1.6250267203973386e-05,0.470147980127869,0.470164230395073,False
4116,-2.153131324844269e-05,0.4815496269786928,0.48157115829194125,False
4117,-4.587031938943843e-05,0.4629572477063502,0.4630031180257397,False
4118,-2.424357703138116e-05,0.45298699194225117,0.4530112355192826,False
4119,-2.338924945309785e-05,0.5053381443067188,0.5053615335561719,False
4120,-0.0005226525483962355,0.37942131458000883,0.37994396712840506,False
4121,-1.688309157500253e-05,0.47562084870984456,0.47563773180141955,False
4122,-5.914809455051291e-05,0.4791809488145624,0.4792400969091129,False
4123,-2.0061219909710016e-05,0.4586322500269751,0.4586523112468848,False
4124,-4.359154566018944e-05,0.4593732586317637,0.4594168501774239,False
4125,-2.0289248687742882e-05,0.48281813982477984,0.4828384290734676,False
4126,-4.1618175475343715e-05,0.47305451060766235,0.47309612878313767,False
4127,-6.26198048298492e-05,0.48773079334853037,0.4877934131533602,False
4128,-1.664659065320388e-05,0.45259950583988584,0.45261615243053904,False
4129,-3.5978789216836516e-05,0.4688262008228263,0.46886217961204313,False
4130,-2.3064747039357093e-05,0.46823244178383977,0.4682555065308791,False
4131,-0.0002037290786377767,0.380310390469287,0.3805141195479248,False
4132,-0.00043146559525808123,1.0,1.000431465595258,False
4133,-4.223401428705252e-05,0.46959267580601144,0.4696349098202985,False
4134,-2.200808983275474e-05,0.4702595003139483,0.4702815084037811,False
4135,-4.732334667918129e-05,0.45070770321466996,0.45075502656134914,False
4136,-9.300347331174691e-05,0.46017414600672113,0.4602671494800329,False
4137,-7.72436656691437e-05,0.4966434201198236,0.49672066378549273,False
4138,-1.669837186415167e-05,0.4545350026213393,0.4545517009932034,False
4139,-1.0274386232388334e-05,0.4475541346823245,0.44756440906855693,False
4140,-3.2421617583894195e-05,0.45402581208481985,0.4540582337024037,False
4141,-0.00041450805218570493,0.35368654402638355,0.35410105207856923,False
4142,-9.930536592306893e-05,0.4714567693634268,0.47155607472934985,False
4143,-5.492967430275965e-05,0.45719121942886376,0.4572461491031665,False
4144,-2.252771088220524e-05,0.47394248261074784,0.47396501032163,False
4145,-4.598263282160973e-05,0.444528768151783,0.4445747507846046,False
4146,-2.369121357655792e-05,0.45652203522018525,0.4565457264337618,False
4147,-1.4615822410292832e-05,0.4704723586136326,0.4704869744360429,False
4148,-1.748537365008448e-05,0.48306831338160644,0.48308579875525653,False
4149,-1.5274557869844927e-05,0.45262219343388527,0.45263746799175514,False
4150,-6.947570864151574e-05,0.467235151866874,0.4673046275755155,False
4151,-3.612283057449129e-05,0.515326793993829,0.5153629168244035,False
4152,-5.2033047181264864e-05,0.47463628321724394,0.4746883162644252,False
4153,-4.66923501257662e-05,0.5580245820978527,0.5580712744479784,False
4154,-1.4960877514769782e-05,0.4836523413068092,0.48366730218432397,False
4155,-2.4163140105986873e-05,0.4268159889298201,0.4268401520699261,False
4156,-6.606978124391721e-05,0.47587176760360667,0.47593783738485057,False
4157,-3.8800599004543064e-05,0.48388092948663264,0.48391973008563716,False
4158,-0.00014259386982388606,0.2372885106032383,0.23743110447306218,False
4159,-6.295463767822001e-05,0.4687813530647648,0.46884430770244306,False
4160,-2.1708755895907065e-05,0.4560320514138921,0.456053760169788,False
4161,-2.6058334460725876e-05,0.47206331996406214,0.4720893782985229,False
4162,-6.60541876263735e-05,0.4774522043600269,0.4775182585476533,False
4163,-2.5756777227087555e-05,0.4623711914915037,0.4623969482687308,False
4164,-2.748741717703127e-05,0.45488668798703397,0.454914175404211,False
4165,-1.4290964734197023e-05,0.49283225368167755,0.49284654464641175,False
4166,-4.347939346133372e-05,0.4597321401858505,0.45977561957931184,False
4167,-6.602088094985523e-05,0.48152053192099975,0.4815865528019496,False
4168,-4.9159412145180595e-05,0.4471750195334644,0.44722417894560956,False
4169,-4.696302200688919e-06,0.4628832244501564,0.4628879207523571,False
4170,-2.6422671790339657e-05,0.4570040037132976,0.4570304263850879,False
4171,-7.913912146409843e-05,0.4907377440556209,0.490816883177085,False
4172,-3.671624903350353e-05,0.47136670071550285,0.47140341696453636,False
4173,-3.666120302562752e-05,0.4618372784622177,0.46187393966524337,False
4174,-9.831903455142456e-06,0.45175920037942463,0.4517690322828798,False
4175,-2.2463630750180654e-05,0.47912884168440273,0.47915130531515293,False
4176,-5.187261330202692e-05,0.467960207898077,0.46801208051137905,False
4177,-4.240900048914324e-05,0.48575351053175736,0.4857959195322465,False
4178,-0.0001301661905486313,0.4136952344202322,0.4138254006107808,False
4179,-2.9826001345494952e-05,0.44687633006301974,0.44690615606436523,False
4180,-0.00018331255358502302,0.48701707671962374,0.48720038927320874,False
4181,-5.362198826313657e-05,0.4730740685704151,0.47312769055867826,False
4182,-9.253020403787601e-05,0.18842085483203014,0.18851338503606802,False
4183,-7.532716535399983e-05,0.46074400657867626,0.4608193337440303,False
4184,-0.0037596005812382243,1.0,1.0037596005812381,False
4185,-2.573389134401681e-05,0.47933192445093853,0.47935765834228256,False
4186,-2.093998754495538e-05,0.4212444919461759,0.42126543193372085,False
4187,-5.321868707321997e-05,0.4649059685398315,0.4649591872269047,False
4188,-4.723081418127856e-05,0.4559845710013319,0.45603180181551317,False
4189,-0.00014747987855430987,0.5150626226218494,0.5152101025004038,False
4190,-8.29075159732814e-06,0.46453550896803,0.4645437997196273,False
4191,-1.573702510256827e-05,0.45115284980450826,0.4511685868296108,False
4192,-0.0001405645423602093,0.5034680363853685,0.5036086009277287,False
4193,-0.0001477903079946858,0.12620648530202938,0.12635427561002407,False
4194,-2.7302352903212858e-05,0.42556391580895153,0.42559121816185475,False
4195,-8.623595789133704e-05,0.47677004962702296,0.4768562855849143,False
4196,-6.87627479498173e-05,0.47585255652088454,0.47592131926883435,False
4197,-3.479079706579369e-05,0.45692264098529484,0.45695743178236065,False
4198,-1.905863066131934e-05,0.4458018944091906,0.4458209530398519,False
4199,-0.00011830425563741885,0.4626975130445596,0.462815817300197,False
4200,-6.730109647383074e-05,0.4724225098514978,0.47248981094797166,False
4201,-1.6509963142673828e-05,0.47285644575433855,0.4728729557174812,False
4202,-8.059701200810762e-05,0.47921042072438286,0.479291017736391,False
4203,-0.00011884535602192203,0.4725480319809539,0.4726668773369758,False
4204,-0.00014499918259361274,0.9940118588335217,0.9941568580161153,False
4205,-2.300279679232356e-05,0.4579535491318866,0.4579765519286789,False
4206,-4.754761039342733e-05,0.4620240097629171,0.4620715573733105,False
4207,-2.2274494570125583e-05,0.4522099346835214,0.45223220917809154,False
4208,-4.668878791604584e-05,0.46083217680295,0.46087886559086605,False
4209,-9.627744036378272e-05,0.4738381472518822,0.473934424692246,False
4210,-4.888737950110401e-05,0.5009700638728869,0.501018951252388,False
4211,-1.933045503208506e-05,0.43197820656492897,0.4319975370199611,False
4212,-2.8083490972679642e-05,0.45091591862736097,0.45094400211833363,False
4213,-0.004114390268218507,0.14700827707415073,0.15112266734236923,False
4214,-3.817573999673748e-05,0.4848386480717517,0.48487682381174846,False
4215,-6.813896684063472e-05,0.46224733594512996,0.4623154749119706,False
4216,-0.00019031635636114862,0.7781587892400585,0.7783491055964197,False
4217,-2.9279020119594916e-05,0.48430485644318993,0.48433413546330956,False
4218,-2.4457201152722168e-05,0.48424899707560154,0.4842734542767543,False
4219,-4.3653322532936404e-05,0.44823094493810445,0.44827459826063737,False
4220,-1.3188141540435508e-05,0.47228582518234674,0.4722990133238872,False
4221,-4.79984354211193e-05,0.4163039167852211,0.41635191522064224,False
4222,-5.4869645442740486e-05,0.4669484217154641,0.46700329136090685,False
4223,-2.0206489019104954e-05,0.461450578411032,0.4614707849000511,False
4224,-1.8737319742877164e-05,0.45515977208619013,0.455178509405933,False
4225,-5.6378009957830175e-05,0.46778104021981914,0.467837418229777,False
4226,-0.00014796891549274016,0.41264986845033486,0.4127978373658276,False
4227,-0.0004026243537780545,0.5385972277416418,0.5389998520954198,False
4228,-3.158846464066683e-05,0.47986931118166665,0.47990089964630733,False
4229,-8.003871882125288e-05,0.478663897965931,0.47874393668475224,False
4230,-1.5880108006922393e-05,0.44962381199412615,0.44963969210213306,False
4231,-6.833624258797074e-05,0.4505653260681492,0.45063366231073715,False
4232,-0.0003822995059470629,0.3926247122672279,0.39300701177317493,False
4233,-2.2981969268933364e-05,0.4969462190125253,0.4969692009817942,False
4234,-6.725119373362094e-05,0.46688723362012685,0.4669544848138605,False
4235,-1.3976158022753284e-05,0.45611352037150915,0.4561274965295319,False
4236,-4.149096401747015e-05,0.5410718689954895,0.541113359959507,False
4237,-4.2899284042080536e-05,0.45887093527704326,0.4589138345610853,False
4238,-2.1961066312447722e-05,0.4680556318558622,0.46807759292217466,False
4239,-3.200358263527548e-05,0.4511086057340976,0.4511406093167329,False
4240,-0.00012503026732822665,0.4467039931569038,0.44682902342423203,False
4241,-5.77815097044204e-05,0.47993306568185523,0.47999084719155966,False
4242,-4.939904244521705e-05,0.45774009573837743,0.45778949478082265,False
4243,-0.00011958145711331963,0.4882200207301085,0.48833960218722183,False
4244,-3.4916686615155095e-05,0.45777368283776615,0.4578085995243813,False
4245,-2.5457571355032544e-05,0.45647632213114564,0.45650177970250067,False
4246,-0.0002123649373089028,0.47662474251017206,0.476837107447481,False
4247,-4.2346386189061576e-05,0.47792533967262735,0.4779676860588164,False
4248,-5.338040031757662e-05,0.4616462243103925,0.4616996047107101,False
4249,-6.745365541031626e-05,0.44756570481140423,0.44763315846681456,False
4250,-6.454466579399395e-05,0.4876015795838915,0.4876661242496855,False
4251,-1.0276629136607062e-05,0.4523917724629734,0.45240204909211,False
4252,-3.0758262281460974e-05,0.4702265001675231,0.47025725842980454,False
4253,-4.6719712671477805e-05,0.45852062439350305,0.4585673441061745,False
4254,-0.00011453058596666316,0.44206013026560487,0.44217466085157153,False
4255,-8.476598502898426e-05,0.530812872042957,0.530897638027986,False
4256,-0.00014459981099175352,0.9982128387075767,0.9983574385185685,False
4257,-2.6365417747601437e-05,0.4767083400803704,0.47673470549811797,False
4258,-1.832326537542759e-05,0.47240386198921186,0.4724221852545873,False
4259,-3.1646815667467076e-05,0.4693245980030836,0.4693562448187511,False
4260,-2.7398265447599927e-05,0.4743130900240315,0.4743404882894791,False
4261,-6.173972762744701e-05,0.46674812692032613,0.4668098666479536,False
4262,-1.8762825328925107e-05,0.44288402056688586,0.4429027833922148,False
4263,-3.544710538540306e-05,0.5078358373631683,0.5078712844685537,False
4264,-1.3248990958520707e-05,0.44269994653722317,0.44271319552818167,False
4265,-1.4656926091903777e-05,0.4649591133632612,0.4649737702893531,False
4266,-0.00021941784420890007,0.4842985558421297,0.48451797368633864,False
4267,-4.4602803601580926e-05,0.45365407576162414,0.4536986785652257,False
4268,-0.000391189812605149,0.5653176409209254,0.5657088307335305,False
4269,-2.2803076187641843e-05,0.44847229282524265,0.4484950959014303,False
4270,-2.4677869334786508e-05,0.4842177767407177,0.4842424546100525,False
4271,-0.000616725164638638,0.41055350240067867,0.4111702275653173,False
4272,-7.21420166685445e-05,0.4273001946752736,0.42737233669194213,False
4273,-3.096445628768307e-05,0.4492278619526129,0.4492588264089006,False
4274,-8.275086693220204e-05,0.4665912922711487,0.4666740431380809,False
4275,-1.734463862769948e-05,0.4708742330756369,0.4708915777142646,False
4276,-4.568223236751706e-05,0.45326138011772826,0.45330706235009577,False
4277,-1.9076099075681255e-05,0.49242016169936004,0.49243923779843574,False
4278,-0.00014345190272334546,0.4874495142463609,0.48759296614908426,False
4279,-9.32781263344794e-06,0.45281341750978904,0.4528227453224225,False
4280,-2.3768666555124027e-05,0.4817298659839883,0.48175363465054344,False
4281,-8.823798081532009e-05,0.4768410555995264,0.4769292935803417,False
4282,-6.687136793335963e-05,0.4587837530997122,0.4588506244676456,False
4283,-7.495414284461357e-05,0.4745952327562464,0.474670186899091,False
4284,-5.539944134441255e-05,0.46393929402768325,0.46399469346902766,False
4285,-1.9979672712472143e-05,0.46358250192900663,0.4636024816017191,False
4286,-0.000405069189209216,0.40085180831197215,0.4012568775011814,False
4287,-7.352894277116688e-05,0.46104721503273527,0.46112074397550645,False
4288,-9.325647205187058e-06,0.46384910312285155,0.46385842877005673,False
4289,-2.4558098886640813e-05,0.468726766858477,0.4687513249573636,False
4290,-4.465426001196981e-05,0.17417608122299105,0.17422073548300301,False
4291,-2.063884760389929e-05,0.45742231093609004,0.45744294978369393,False
4292,-2.5980539821370915e-05,0.4404388073428133,0.4404647878826347,False
4293,-3.243763282683573e-05,0.4694492031843795,0.46948164081720634,False
4294,-2.899880748005952e-05,0.4425544221901144,0.4425834209975945,False
4295,-4.183613636317573e-05,0.47761591451433005,0.4776577506506932,False
4296,-1.909903813497371e-05,0.47511137157959354,0.4751304706177285,False
4297,-4.855122538381095e-05,0.46536077247256746,0.4654093236979513,False
4298,-3.071507685469946e-05,0.48197612990676664,0.48200684498362134,False
4299,-5.1415752445829854e-05,0.45155442786025257,0.4516058436126984,False
4300,-1.6603086003227235e-05,0.4561907242596734,0.4562073273456766,False
4301,-0.0001848628011462737,0.3030339167286667,0.30321877952981297,False
4302,-8.04559551562121e-05,0.4437264093688882,0.4438068653240444,False
4303,-6.877784453604095e-05,0.5908938453746416,0.5909626232191777,False
4304,-7.949030594361747e-05,0.4489729023654228,0.44905239267136643,False
4305,-1.893609451519953e-05,0.4733313327489562,0.4733502688434714,False
4306,-5.8392955045062205e-05,0.4746447801227137,0.4747031730777588,False
4307,-3.193951319464562e-05,0.43719070345580746,0.4372226429690021,False
4308,-5.253843794560735e-05,0.46284701323870825,0.46289955167665386,False
4309,-0.00010166203199481193,0.26665108133518334,0.26675274336717814,False
4310,-3.899913045912706e-05,0.4790485575329762,0.47908755666343533,False
4311,-9.210877656963539e-06,0.46711741943976026,0.46712663031741725,False
4312,-2.255007890289395e-05,0.47308594162155404,0.47310849170045693,False
4313,-0.00046229393822239275,0.3863527790875835,0.38681507302580587,False
4314,-5.816661882356884e-05,0.46722999248685315,0.4672881591056767,False
4315,-5.825113540545261e-05,0.44730201174842343,0.4473602628838289,False
4316,-0.0004811514574626359,0.7387935690911922,0.7392747205486548,False
4317,-5.0228271238323645e-05,0.47230865539570077,0.4723588836669391,False
4318,-5.555268586427092e-05,0.46097336669295463,0.4610289193788189,False
4319,-7.996233537621748e-05,0.4463120211138759,0.4463919834492521,False
4320,-1.2251228254215588e-05,0.4482056761712232,0.4482179273994774,False
4321,-6.185596487431978e-05,0.48488851710384123,0.4849503730687156,False
4322,-1.4225564719966885e-05,0.4468861924292466,0.44690041799396657,False
4323,-4.969729574708915e-05,0.4598577422218787,0.4599074395176258,False
4324,-4.903046313495456e-05,0.4637372362176385,0.4637862666807735,False
4325,-2.0602535570543294e-05,0.4810013237643477,0.48102192629991825,False
4326,-0.00029825251356039586,0.4496910899563432,0.44998934246990363,False
4327,-3.828500974177936e-05,0.4688742562988999,0.4689125413086417,False
4328,-1.989737817287604e-05,0.4670395838756517,0.46705948125382457,False
4329,-3.084167524130649e-05,0.46539667501728577,0.4654275166925271,False
4330,-4.7330778381663557e-05,0.45811494148159776,0.4581622722599794,False
4331,-3.3389702863765245e-05,0.48661313395802064,0.4866465236608844,False
4332,-1.7435157513980925e-05,0.4534461692832288,0.45346360444074274,False
4333,-9.97846307171805e-06,0.4760974497108938,0.4761074281739655,False
4334,-0.0001070654865803062,0.49300401813446004,0.49311108362104034,False
4335,-7.12480854776414e-05,0.4667111323056504,0.46678238039112807,False
4336,-1.8503974553336612e-05,0.4512251983841382,0.45124370235869155,False
4337,-4.370716760147587e-05,0.4428136082472867,0.4428573154148882,False
4338,-2.7933266441791033e-05,0.46175541952307064,0.46178335278951244,False
4339,-5.158699035235677e-05,0.45080574719502237,0.4508573341853747,False
4340,-7.74234808023317e-06,0.46015609915248373,0.46016384150056394,False
4341,-2.693733620840233e-05,0.5407851641822531,0.5408121015184615,False
4342,-4.6115760257004786e-05,0.46388292055377733,0.4639290363140343,False
4343,-0.00023661525623738767,0.45056193760854957,0.45079855286478693,False
4344,-0.00017911374607233025,0.15177660749061878,0.1519557212366911,False
4345,-3.5343776079966774e-05,0.44362564877181215,0.4436609925478921,False
4346,-0.00011304527600253539,0.4337057021176674,0.43381874739366993,False
4347,-4.088410702446541e-05,0.47083125195333225,0.4708721360603567,False
4348,-2.194471783178321e-05,0.4773189090745471,0.4773408537923789,False
4349,-6.576274320163744e-05,0.44846349393104895,0.4485292566742506,False
4350,-1.8408219970372697e-05,0.47035609578065374,0.4703745040006241,False
4351,-2.657396226564955e-05,0.45624856032556804,0.4562751342878337,False
4352,-4.064664555917743e-05,0.47148822651465333,0.4715288731602125,False
4353,-2.1268699217985832e-05,0.4695530070920024,0.46957427579122035,False
4354,-2.181989633782841e-05,0.4830010775490576,0.4830228974453954,False
4355,-2.1896442173092193e-05,0.4596058121793138,0.4596277086214869,False
4356,-0.0001007026611576154,0.4704289061400396,0.47052960880119726,False
4357,-1.8426943625032875e-05,0.43788646209770493,0.43790488904132996,False
4358,-9.228115265443333e-05,0.47258464508774356,0.472676926240398,False
4359,-3.433135848858671e-05,0.48024472916352884,0.4802790605220174,False
4360,-1.8522269674549123e-05,0.4635544225924106,0.4635729448620851,False
4361,-1.5207912678990823e-05,0.45789124188553676,0.45790644979821576,False
4362,-4.351989039955794e-05,0.4647219183006074,0.46476543819100696,False
4363,-0.00010621380937741094,0.47540796211249053,0.47551417592186795,False
4364,-8.124377672131154e-05,0.47386194991527897,0.4739431936920003,False
4365,-2.261190925682349e-05,0.502712732435118,0.5027353443443748,False
4366,-4.9886054659282325e-05,0.4696386472440648,0.46968853329872406,False
4367,-2.32265890857507e-05,0.44365606081184167,0.44367928740092744,False
4368,-0.0002640533004567781,0.4958014461516505,0.49606549945210726,False
4369,-3.313903570818274e-05,0.45686208965085046,0.45689522868655863,False
4370,-8.016816971761387e-05,0.47004057608745853,0.47012074425717615,False
4371,-2.3045414217895048e-05,0.4726444320082032,0.4726674774224211,False
4372,-4.598174770556499e-05,0.489982648236111,0.4900286299838166,False
4373,-3.322928271287747e-05,0.4776491141440186,0.4776823434267315,False
4374,-1.4282225975406474e-05,0.4586010456840655,0.4586153279100409,False
4375,-1.87391536988742e-05,0.4860392119700382,0.48605795112373706,False
4376,-2.5892496647308954e-05,0.4651833852705602,0.4652092777672075,False
4377,-3.41060707873842e-05,0.46606340527921397,0.4660975113500014,False
4378,-2.5570125716155277e-05,0.4657331071686963,0.46575867729441245,False
4379,-3.608516148222892e-05,0.44726569232704166,0.4473017774885239,False
4380,-6.427237405418136e-05,0.4690612478336665,0.4691255202077207,False
4381,-4.96610573884626e-05,0.4572342566950731,0.4572839177524616,False
4382,-3.772553102407261e-05,0.4396616027369541,0.43969932826797814,False
4383,-7.071431495208624e-05,0.43358563044942416,0.43365634476437626,False
4384,-2.432608984082006e-05,0.44975962451561313,0.44978395060545395,False
4385,-2.8118909441452394e-05,0.4484439446879699,0.4484720635974113,False
4386,-2.8937674509110818e-05,0.45137059213413494,0.45139952980864406,False
4387,-5.557411791336808e-05,0.4785825021045465,0.47863807622245985,False
4388,-0.00016241972068174623,0.4905777679957288,0.49074018771641054,False
4389,-6.325114492388518e-05,0.4629219229400238,0.4629851740849477,False
4390,-3.6457753141830754e-05,0.4742144968187312,0.474250954571873,False
4391,-1.5945082253884436e-05,0.48387958661085934,0.4838955316931132,False
4392,-1.7962676400404988e-05,0.4602997247360812,0.46031768741248164,False
4393,-3.189314941358508e-05,0.43421884777717124,0.43425074092658483,False
4394,-0.00011505281600263651,0.4595227962235054,0.45963784903950805,False
4395,-5.339345813759781e-05,0.4742672993708899,0.4743206928290275,False
4396,-4.4938547475792717e-05,0.460080590131209,0.4601255286786848,False
4397,-1.752899189045258e-05,0.4532810500202762,0.45329857901216664,False
4398,-5.426368983604827e-05,0.4767192370447634,0.47677350073459945,False
4399,-5.3565471071331594e-05,0.45910549550825874,0.45915906097933007,False
4400,-0.00025824669534586255,0.3625165999191551,0.36277484661450093,False
4401,-0.00027246937308347406,0.2909919484427815,0.29126441781586493,False
4402,-3.891151627958861e-05,0.4629118896918312,0.46295080120811083,False
4403,-5.9084458364520024e-05,0.47950545498503533,0.47956453944339983,False
4404,-4.740726274852842e-05,0.470413329668075,0.4704607369308235,False
4405,-7.800121154078259e-06,0.4597501670499344,0.45975796717108847,False
4406,-1.1505275442725619e-05,0.44351408254592717,0.4435255878213699,False
4407,-6.145371618100935e-05,0.4422204766851578,0.4422819304013388,False
4408,-1.3930151085480136e-05,0.44986913856482513,0.4498830687159106,False
4409,-7.813546305628381e-05,0.46483799040011947,0.46491612586317577,False
4410,-1.835851818364983e-05,0.4479483240956795,0.44796668261386313,False
4411,-9.551586020303452e-05,0.424656842345671,0.42475235820587404,False
4412,-2.372640523640117e-05,0.4821638430220951,0.4821875694273315,False
4413,-0.00010456568665648089,0.4475329460202371,0.44763751170689353,False
4414,-2.124709259685874e-05,0.4621630526633353,0.46218429975593217,False
4415,-1.2368191086862056e-05,0.45278152097285285,0.4527938891639397,False
4416,-4.303879103176017e-05,0.4377576512324438,0.43780069002347555,False
4417,-2.164237816467025e-05,0.4573998150187647,0.45742145739692935,False
4418,-8.710272939757689e-05,0.4534917071174848,0.4535788098468824,False
4419,-6.865735028205394e-05,0.47236355923175816,0.4724322165820402,False
4420,-0.0001606619931280213,0.4268587540060334,0.42701941599916143,False
4421,-2.2112926556388537e-05,0.46474274351417033,0.46476485644072674,False
4422,-1.8598215876094748e-05,0.4851249358545835,0.48514353407045957,False
4423,-2.512264380706134e-05,0.4496211613900982,0.4496462840339053,False
4424,-2.56384071332921e-05,0.47740351601487024,0.4774291544220035,False
4425,-1.951696081949393e-05,0.4431433710215475,0.44316288798236697,False
4426,-4.352179211975602e-05,0.4627926892765269,0.46283621106864664,False
4427,-3.847098564527059e-05,0.4620991895137817,0.46213766049942695,False
4428,-0.00014365090043513422,0.47953628351510624,0.47967993441554135,False
4429,-1.10777226964157e-05,0.4593840437917939,0.4593951215144903,False
4430,-1.6180226696205195e-05,0.4563684449271744,0.45638462515387057,False
4431,-4.207045902498603e-05,0.49106795279895826,0.49111002325798325,False
4432,-2.8980440246326313e-05,0.45311791942653457,0.4531468998667809,False
4433,-7.606833009340629e-06,0.4585187601208606,0.45852636695386995,False
4434,-0.00014030813333178752,0.43105636143467924,0.431196669568011,False
4435,-2.018335717180829e-05,0.48677121287775393,0.48679139623492573,False
4436,-9.110427153697653e-05,0.4680756452924147,0.46816674956395166,False
4437,-1.540559321229563e-05,0.45950350444275595,0.45951891003596823,False
4438,-1.3242074410474633e-05,0.4579940622994581,0.4580073043738686,False
4439,-0.00011033619361193751,0.5171882640582842,0.5172986002518961,False
4440,-0.00012854322140559335,0.42113475181804155,0.42126329503944715,False
4441,-0.00021103986847520792,0.4723261356734402,0.4725371755419154,False
4442,-3.777073006869217e-05,0.4557684195719193,0.455806190301988,False
4443,-4.1560023680459166e-05,0.447993746875151,0.4480353068988314,False
4444,-0.0001853893136210167,0.4981320647756935,0.4983174540893145,False
4445,-0.00011208468987489802,0.4926770605194457,0.4927891452093206,False
4446,-3.8249795862912125e-05,0.46569543756434945,0.46573368736021237,False
4447,-4.5106559721166976e-05,0.4416847518461726,0.4417298584058938,False
4448,-2.8405792742743774e-05,0.44857812727496404,0.4486065330677068,False
4449,-3.843559477937417e-05,0.423552263343522,0.42359069893830137,False
4450,-2.572647392110398e-05,0.45957098058530493,0.45959670705922606,False
4451,-5.597841994722666e-05,0.4709986033716404,0.4710545817915876,False
4452,-1.9699098760701415e-05,0.4641691688626542,0.4641888679614149,False
4453,-6.489207367227942e-05,0.4587593217317573,0.4588242138054296,False
4454,-2.8960538348429648e-05,0.4479447863508854,0.44797374688923386,False
4455,-2.4925938674812543e-05,0.46035182187988555,0.46037674781856036,False
4456,-1.9026555086982266e-05,0.46810752582479004,0.46812655237987705,False
4457,-0.00040396966453012045,0.14172569344501093,0.14212966310954106,False
4458,-9.378146673945202e-05,0.4497747373300151,0.44986851879675455,False
4459,-7.597373726004915e-05,0.023056374673197266,0.023132348410457314,False
4460,-5.247732581377293e-05,0.4608878274296289,0.4609403047554427,False
4461,-0.0001908633919379183,0.49671212179463164,0.49690298518656956,False
4462,-6.340987171979538e-05,0.4509818301743388,0.4510452400460586,False
4463,-0.00027554570862828645,0.4015758116137663,0.40185135732239463,False
4464,-5.677260387687539e-05,0.47698384982019787,0.47704062242407475,False
4465,-6.761282908648186e-05,0.47717303094754204,0.4772406437766285,False
4466,-1.0915376734103633e-05,0.4525868320798649,0.452597747456599,False
4467,-3.514482735317976e-05,0.47822548413482985,0.478260628962183,False
4468,-5.379909623432722e-05,0.47827650378468206,0.4783303028809164,False
4469,-7.289473650934013e-05,0.47405290767370434,0.4741258024102137,False
4470,-1.8109597808957846e-05,0.4628452546536329,0.46286336425144187,False
4471,-4.582169634075506e-05,0.464690072944541,0.4647358946408818,False
4472,-7.024808020652225e-05,0.48268266738127535,0.48275291546148186,False
4473,-4.5258984471749367e-05,0.4751065634226544,0.47515182240712617,False
4474,-0.0004713473515913802,0.13048555470884687,0.13095690206043825,False
4475,-5.0312470697833855e-05,0.46025784318883456,0.46030815565953237,False
4476,-2.19985180579119e-05,0.47559497155744007,0.47561697007549797,False
4477,-3.4737205779866674e-05,0.4516710648778114,0.45170580208359123,False
4478,-5.004188407833361e-05,0.4875796066542998,0.4876296485383781,False
4479,-1.8750863200638438e-05,0.4614415983225609,0.4614603491857615,False
4480,-1.557513203464202e-05,0.45879539160638794,0.4588109667384226,False
4481,-8.380900527219447e-06,0.4430124615586702,0.44302084245919743,False
4482,-2.208812397433932e-05,0.4992337653933328,0.49925585351730717,False
4483,-0.00015707950490603624,0.5000473907203441,0.5002044702252502,False
4484,-7.444103364047398e-05,0.4718938479943614,0.47196828902800186,False
4485,-2.6514040885706486e-05,0.46279264454380786,0.4628191585846936,False
4486,-2.4096593715056225e-05,0.46260855788461874,0.4626326544783338,False
4487,-4.2022536966042985e-05,0.48672217813316326,0.4867642006701293,False
4488,-4.3967409499291675e-05,0.46123632634816153,0.46128029375766083,False
4489,-2.6635362774038933e-05,0.4705411470018431,0.4705677823646171,False
4490,-0.000158980842440028,0.45827614814421275,0.4584351289866528,False
4491,-1.626992542383847e-05,0.45639118749775004,0.4564074574231739,False
4492,-6.2747617551102785e-06,0.4397028200558037,0.4397090948175588,False
4493,-3.035536449354341e-05,0.45013226461828054,0.45016261998277407,False
4494,-9.920920738765201e-06,0.43964072167279006,0.4396506425935288,False
4495,-8.22910175354897e-05,0.47019716538664563,0.4702794564041811,False
4496,-5.2645072023917444e-05,0.46883275088182713,0.46888539595385104,False
4497,-5.401632405550741e-05,0.4543848262243062,0.4544388425483617,False
4498,-1.2805351488347398e-05,0.4626295009813265,0.46264230633281483,False
4499,-6.492042858254017e-05,0.4647744417678579,0.46483936219644045,False
4500,-6.846014291283329e-05,0.4659791042124533,0.46604756435536615,False
4501,-8.669674810013231e-05,0.4747578398890435,0.47484453663714365,False
4502,-2.1436195749189528e-05,0.44809909911767165,0.44812053531342083,False
4503,-2.7551905527458384e-05,0.45935512580576787,0.4593826777112953,False
4504,-1.985728122592288e-05,0.4553382385181653,0.45535809579939124,False
4505,-5.2178768673308484e-05,0.4917600243685419,0.4918122031372152,False
4506,-3.623950050868538e-05,0.47067036577883725,0.47070660527934594,False
4507,-7.17308392081182e-05,0.462723994316969,0.4627957251561771,False
4508,-3.6043681136900585e-05,0.45835785715253946,0.45839390083367637,False
4509,-1.6200686901803213e-05,0.4490405908881455,0.4490567915750473,False
4510,-5.403832126417147e-05,0.4571813624311259,0.45723540075239005,False
4511,-1.4637359689583235e-05,0.47076330364566116,0.47077794100535075,False
4512,-1.6881457157362692e-05,0.4691836977643949,0.4692005792215522,False
4513,-0.00026101755391311893,0.49216806052364837,0.4924290780775615,False
4514,-4.846926664759067e-05,0.4562251813969393,0.4562736506635869,False
4515,-5.4771787145574844e-05,0.4526339099028628,0.45268868169000837,False
4516,-0.0007011038467521827,0.39839607020622586,0.39909717405297807,False
4517,-6.414251673013246e-05,0.5408933631563316,0.5409575056730618,False
4518,-6.257563835692028e-05,0.4752763198778413,0.47533889551619823,False
4519,-5.468768919922338e-05,0.46622506403385205,0.4662797517230513,False
4520,-8.185869354527933e-05,0.4665786146067424,0.46666047330028765,False
4521,-0.00010558083802342813,0.45756720297864756,0.457672783816671,False
4522,-2.6896915080220364e-05,0.451315406295136,0.45134230321021623,False
4523,-3.681550446973196e-05,0.4642502778585164,0.4642870933629861,False
4524,-4.602025281136727e-05,0.4507636135047709,0.45080963375758226,False
4525,-0.0001842865348572198,0.4462223500672316,0.4464066366020888,False
4526,-4.970864618096203e-05,0.4060874921788433,0.4061372008250243,False
4527,-3.585764674184072e-05,0.45854838408783305,0.4585842417345749,False
4528,-2.7457593275664847e-05,0.490624829163912,0.49065228675718764,False
4529,-1.4136112657274851e-05,0.46151136934303877,0.46152550545569604,False
4530,-4.278404700747768e-05,0.4600800438149654,0.4601228278619729,False
4531,-4.6003927032888354e-05,0.4712025788736578,0.4712485828006907,False
4532,-5.804260289659068e-05,0.4569702365671964,0.457028279170093,False
4533,-1.2583897301360208e-05,0.47169707391572074,0.4717096578130221,False
4534,-2.2548757895631472e-05,0.46625078497740663,0.4662733337353023,False
4535,-2.3222227887234984e-05,0.45988726923382794,0.4599104914617152,False
4536,-5.4545494717171993e-05,0.4593591068425291,0.4594136523372463,False
4537,-2.018569989631647e-05,0.4471419531239978,0.4471621388238941,False
4538,-5.826429876847408e-05,0.46404644312542925,0.46410470742419774,False
4539,-0.0001089710605534271,0.4445528691895593,0.4446618402501127,False
4540,-3.301652774144485e-05,0.464667469071981,0.46470048559972243,False
4541,-3.5429286518716036e-05,0.4695246406456328,0.46956006993215155,False
4542,-1.970219701931352e-05,0.4495661507852514,0.4495858529822707,False
4543,-4.47627908263671e-05,0.468681131520788,0.4687258943116144,False
4544,-0.005719767455681137,0.1643212631448526,0.17004103060053374,False
4545,-8.159438067766844e-05,0.4669235393378972,0.4670051337185749,False
4546,-5.1004068562180525e-05,0.46672749772372224,0.4667785017922844,False
4547,-3.873231610569249e-05,0.46327223363313375,0.46331096594923943,False
4548,-6.800654470806165e-05,0.4702918724028364,0.47035987894754444,False
4549,-6.317848611500548e-05,0.45960895157466575,0.4596721300607807,False
4550,-5.669915344114947e-05,0.4720079701314258,0.47206466928486696,False
4551,-5.2976068721123724e-05,0.45052105076143845,0.45057402683015957,False
4552,-7.86435960682234e-05,0.4574036531900227,0.4574822967860909,False
4553,-3.0825797676331526e-05,0.4736416799756144,0.47367250577329073,False
4554,-1.0422235027310225e-05,0.4658660600859959,0.4658764823210232,False
4555,-6.515780222077225e-05,0.48547479539304417,0.48553995319526494,False
4556,-5.641138202935026e-05,0.47325860295983857,0.4733150143418679,False
4557,-4.8436000536597224e-05,0.45794460158574735,0.45799303758628396,False
4558,-1.2960878549163401e-05,0.5734262559143839,0.5734392167929331,False
4559,-1.8551232066826838e-05,0.46997194168292944,0.4699904929149963,False
4560,-3.141148543514111e-05,0.46288226302632013,0.46291367451175525,False
4561,-0.0001163199127640951,0.45700269561446505,0.45711901552722917,False
4562,-0.00018369789261376288,0.9979187979478951,0.9981024958405088,False
4563,-5.8396265792551666e-05,0.443097762581831,0.44315615884762355,False
4564,-4.3885416676479755e-05,0.46941958353998564,0.46946346895666213,False
4565,-4.191949422961664e-05,0.4599107267262811,0.4599526462205107,False
4566,-3.5821093973821754e-05,0.4655120097245557,0.4655478308185295,False
4567,-2.8502812266738428e-05,0.48688051283907124,0.486909015651338,False
4568,-2.7756296652709592e-05,0.47469534177533923,0.4747230980719919,False
4569,-2.121575094145853e-05,0.44765044699238704,0.4476716627433285,False
4570,-8.050323628718726e-05,0.4709914535434696,0.4710719567797568,False
4571,-4.798048898027931e-05,0.480498233562732,0.48054621405171233,False
4572,-4.751421891194628e-05,0.4782877911402594,0.47833530535917135,False
4573,-8.337470227432007e-05,0.4557214017496709,0.4558047764519452,False
4574,-0.00018362552123911814,0.37999916343351703,0.38018278895475616,False
4575,-0.0003970552627648347,0.40776649386324754,0.4081635491260124,False
4576,-1.5076827261882628e-05,0.43010020632789886,0.43011528315516073,False
4577,-6.910144467035288e-05,0.49931046332768625,0.4993795647723566,False
4578,-1.8339254629097817e-05,0.45138244461840565,0.4514007838730347,False
4579,-3.911998303610127e-05,0.4529320258379834,0.45297114582101955,False
4580,-3.362718334929584e-05,0.49785643888114195,0.49789006606449127,False
4581,-8.118886012915312e-05,0.46746558205850736,0.4675467709186365,False
4582,-7.014503314299287e-05,0.4617048342436773,0.4617749792768203,False
4583,-3.839786122091425e-05,0.4606921676184204,0.4607305654796413,False
4584,-2.92725065881601e-05,0.46604480050274577,0.46607407300933396,False
4585,-0.00013745592769886795,0.45769272564808905,0.4578301815757879,False
4586,-4.8344078649215995e-05,0.4435872717748198,0.44363561585346906,False
4587,-5.258381674991325e-05,0.46855210853060386,0.4686046923473538,False
4588,-8.04695896211423e-05,0.467185897191548,0.4672663667811692,False
4589,-7.116412517210068e-05,0.6550524016917825,0.6551235658169545,False
4590,-4.070366505956236e-05,0.4702514008288521,0.4702921044939116,False
4591,-1.8201344935039303e-05,0.45934887177516937,0.4593670731201044,False
4592,-2.9655338553460155e-05,0.4631272484112808,0.46315690374983426,False
4593,-3.308012135646645e-05,0.4555168570867158,0.45554993720807224,False
4594,-2.2399696489523123e-05,0.4788494859402343,0.47887188563672384,False
4595,-3.800306094441513e-05,0.4749339044635902,0.4749719075245346,False
4596,-6.863960638229392e-05,0.46744437043277237,0.4675130100391547,False
4597,-5.5015575766475215e-05,0.45515731178294827,0.45521232735871475,False
4598,-3.252980758774591e-05,0.46596480648689614,0.46599733629448387,False
4599,-1.8100556741145576e-05,0.46500056009390595,0.46501866065064706,False
4600,-0.0001208212257174419,0.4557842699852741,0.45590509121099154,False
4601,-1.4550234845782477e-05,0.45839716343778825,0.458411713672634,False
4602,-0.00010720994525449689,0.43181041582760943,0.4319176257728639,False
4603,-0.00011110685671836039,0.4794894149419753,0.4796005217986936,False
4604,-0.00013694041245692538,0.4456276061645316,0.44576454657698855,False
4605,-8.877677594370991e-05,0.4527646066277263,0.45285338340367,False
4606,-2.915387947623225e-05,0.44113365747251787,0.4411628113519941,False
4607,-5.482059609248033e-05,0.46663308306180096,0.4666879036578934,False
4608,-0.00010923038788523059,0.3815953402848432,0.38170457067272845,False
4609,-1.1129334809066354e-05,0.48350186349873714,0.4835129928335462,False
4610,-4.122104604022458e-05,0.4950458243394934,0.4950870453855336,False
4611,-3.0663605878114e-05,0.46126866739611255,0.46129933100199066,False
4612,-2.6018168251122548e-05,0.4801550266345589,0.48018104480281,False
4613,-5.12006651089712e-05,0.4457352130030069,0.4457864136681159,False
4614,-7.355024632749319e-05,0.4530996457375203,0.4531731959838478,False
4615,-5.901036945354184e-05,0.4600947530933516,0.4601537634628052,False
4616,-5.265735911554169e-05,0.45718996913877163,0.45724262649788716,False
4617,-1.9925761288076168e-05,0.4790333379220805,0.4790532636833686,False
4618,-1.3620805326108786e-05,0.4754445802196776,0.47545820102500375,False
4619,-1.440928576051382e-05,0.4680307452385125,0.46804515452427303,False
4620,-4.8985614835003974e-05,0.46152939828707684,0.46157838390191186,False
4621,-0.00011503591254085409,0.24728520302570836,0.24740023893824922,False
4622,-3.395366098508025e-05,0.4735727762117541,0.47360672987273916,False
4623,-0.004749133425338825,0.11462783845258709,0.11937697187792591,False
4624,-1.9657343494797396e-05,0.47233268938147926,0.47235234672497406,False
4625,-2.0282582658238735e-05,0.4726242720896783,0.4726445546723365,False
4626,-1.043006027495797e-05,0.44337846636019107,0.443388896420466,False
4627,-5.703401515256361e-05,0.4547453282014523,0.45480236221660486,False
4628,-0.0001728132280975599,0.46457673054202664,0.4647495437701242,False
4629,-2.1344604449740305e-05,0.47416865161729016,0.4741899962217399,False
4630,-6.28750435678212e-05,0.47805348661367164,0.4781163616572395,False
4631,-3.639330125386019e-05,0.4778245868372988,0.47786098013855266,False
4632,-1.0481066468379722e-05,0.449542787816079,0.4495532688825474,False
4633,-1.446232821433906e-05,0.45818546904984214,0.4581999313780565,False
4634,-9.62896693379377e-05,0.413213994331376,0.41331028400071396,False
4635,-1.1659226330366559e-05,0.47705760317072354,0.4770692623970539,False
4636,-0.00013544263524535607,0.47127135967012757,0.4714068023053729,False
4637,-0.0001759619435738261,0.311330406124661,0.31150636806823484,False
4638,-1.3182748259383667e-05,0.47162098866209695,0.47163417141035635,False
4639,-6.345168271868574e-05,0.469225542593234,0.4692889942759527,False
4640,-4.942013521104759e-05,0.4704651047802193,0.47051452491543033,False
4641,-0.0001343864578365805,0.6199563445914127,0.6200907310492493,False
4642,-2.5662181900987348e-05,0.4548315393107089,0.4548572014926099,False
4643,-4.792716563282008e-05,0.46223415676136975,0.4622820839270026,False
4644,-8.242238416863717e-05,0.5028260066135224,0.5029084289976911,False
4645,-2.417283260922823e-05,0.44207189422958043,0.4420960670621897,False
4646,-0.00019432301744583003,0.4352865974064456,0.4354809204238914,False
4647,-0.0003104168176573975,0.7024559731582006,0.702766389975858,False
4648,-2.0121513034611622e-05,0.4824209424478863,0.4824410639609209,False
4649,-1.6977802708748822e-05,0.46975783807760657,0.46977481588031533,False
4650,-0.00014017107543786767,0.4888346985558712,0.48897486963130904,False
4651,-5.205908140010802e-05,0.4533783478077674,0.4534304068891675,False
4652,-2.140188028326154e-05,0.45887453171636544,0.4588959335966487,False
4653,-5.904086802515127e-05,0.47541140780206964,0.4754704486700948,False
4654,-3.632372959459491e-05,0.4478905558037324,0.447926879533327,False
4655,-3.632280461848925e-05,0.4678974695266258,0.4679337923312443,False
4656,-7.544407453705309e-05,0.5063073446284964,0.5063827887030334,False
4657,-7.657146091684599e-05,0.4670509492110518,0.4671275206719686,False
4658,-7.977744975631372e-06,0.462748505069503,0.4627564828144786,False
4659,-3.4043604058378925e-05,0.442008644284327,0.4420426878883854,False
4660,-1.552029067380831e-05,0.46466762878875484,0.46468314907942865,False
4661,-8.453879709492461e-05,0.474349136686607,0.4744336754837019,False
4662,-2.857188862892177e-05,0.45481039063673634,0.45483896252536526,False
4663,-5.125935260995864e-05,0.44120812919237484,0.4412593885449848,False
4664,-6.618265631624683e-06,0.44641332657722627,0.4464199448428579,False
4665,-1.4303144316598892e-05,0.4720128893356381,0.4720271924799547,False
4666,-2.136926082709215e-05,0.432963211776127,0.4329845810369541,False
4667,-2.056500773507059e-05,0.45836061260431665,0.4583811776120517,False
4668,-0.00010371828732905271,0.46022901241837244,0.4603327307057015,False
4669,-7.310774384121962e-05,0.4411948271162006,0.44126793486004184,False
4670,-5.607518294114748e-05,0.48063433421812224,0.4806904094010634,False
4671,-1.9724397404804088e-05,0.47589539438456696,0.4759151187819718,False
4672,-1.8362094509296647e-05,0.4722054170135317,0.472223779108041,False
4673,-4.54717023518433e-05,0.470278288718966,0.47032376042131785,False
4674,-3.3227370730379927e-05,0.47622201280207116,0.4762552401728015,False
4675,-6.385411267227799e-05,0.48348064575004585,0.48354449986271814,False
4676,-9.454824191998793e-06,0.4596176656492859,0.4596271204734779,False
4677,-6.228383929166621e-05,0.46531618672440234,0.465378470563694,False
4678,-1.1752976240618528e-05,0.44026359431275713,0.44027534728899775,False
4679,-3.4359600536564644e-05,0.4754220692925513,0.47545642889308787,False
4680,-2.0508010275981435e-05,0.4648294922326949,0.46485000024297085,False
4681,-4.805152843202182e-05,0.44468610256113134,0.44473415408956335,False
4682,-2.3487154404657e-05,0.4557317653974291,0.45575525255183374,False
4683,-3.3005564889120574e-05,0.4632160796365001,0.4632490852013892,False
4684,-6.055803093613224e-05,0.4648324064162959,0.46489296444723205,False
4685,-4.071506118911625e-05,0.4638394944033187,0.4638802094645078,False
4686,-4.952273854897096e-05,0.46606409875241334,0.4661136214909623,False
4687,-6.446272009748433e-05,0.46956165091015195,0.4696261136302494,False
4688,-0.00020390464388242224,0.6023181368240282,0.6025220414679107,False
4689,-7.801317407520282e-05,0.464893112940213,0.4649711261142882,False
4690,-4.078649680770076e-05,0.475383032756724,0.4754238192535317,False
4691,-0.0001124530463874796,0.48529097834319995,0.4854034313895874,False
4692,-3.930363971376413e-05,0.45458548997721954,0.4546247936169333,False
4693,-0.00011003078621747631,0.4491768564441561,0.4492868872303736,False
4694,-6.352276018977131e-05,0.4823961011723099,0.4824596239324997,False
4695,-2.9177498619660296e-05,0.4859366372876851,0.48596581478630474,False
4696,-1.5790409641414112e-05,0.45095364261762894,0.45096943302727033,False
4697,-7.944364790332198e-05,0.4605523867144626,0.4606318303623659,False
4698,-6.927143546707746e-05,0.4689728099492979,0.469042081384765,False
4699,-6.1291648063413e-05,0.47111870069071465,0.47117999233877805,False
4700,-9.42749636929084e-05,0.4797482351050238,0.4798425100687167,False
4701,-5.217077918098233e-05,0.4876522836513398,0.48770445443052074,False
4702,-8.604038217406806e-05,0.4552380773374212,0.4553241177195953,False
4703,-5.759322739046227e-05,0.4652664007191933,0.46532399394658375,False
4704,-4.385047222227428e-05,0.45591522611420704,0.4559590765864293,False
4705,-7.784729894422868e-05,0.4598730486308919,0.4599508959298361,False
4706,-2.4833389147421793e-05,0.4606533795727651,0.4606782129619125,False
4707,-2.624868471168457e-05,0.4612289708914162,0.46125521957612786,False
4708,-1.852880473692211e-05,0.4202625535601275,0.4202810823648644,False
4709,-4.381052945005629e-05,0.4819338549164282,0.4819776654458783,False
4710,-0.00011960721164000727,0.6880958681646688,0.6882154753763089,False
4711,-2.5521969670788294e-05,0.4802678190943003,0.48029334106397104,False
4712,-3.138116215309997e-05,0.4829585917091479,0.482989972871301,False
4713,-9.619980642092355e-06,0.4487437612866671,0.4487533812673092,False
4714,-3.0997826077552617e-05,0.46564525755169084,0.4656762553777684,False
4715,-2.1200328085789263e-05,0.44977380159802655,0.4497950019261123,False
4716,-4.076648296190256e-05,0.4483635071544168,0.4484042736373787,False
4717,-1.3129978912783857e-05,0.4701013906604485,0.47011452063936127,False
4718,-0.00026482069317363663,0.4871100702287981,0.4873748909219717,False
4719,-4.03703592120855e-05,0.4523947314268065,0.45243510178601853,False
4720,-0.00014823671717039126,0.4751219251805365,0.4752701618977069,False
4721,-1.4947893386000516e-05,0.4811506210312282,0.4811655689246142,False
4722,-1.556645385571586e-05,0.4711903285946074,0.4712058950484631,False
4723,-2.2081844510545622e-05,0.46106619247308345,0.46108827431759397,False
4724,-0.0004605156303292625,0.6480654498688324,0.6485259654991616,False
4725,-2.1069051896436253e-05,0.4631214085611162,0.46314247761301264,False
4726,-6.264903961381855e-05,0.5388236960370328,0.5388863450766467,False
4727,-3.5208896151688676e-05,0.456631301744609,0.45666651064076064,False
4728,-6.625468765427733e-05,0.46810050599108904,0.4681667606787433,False
4729,-4.791089919129687e-05,0.44120017017923135,0.44124808107842267,False
4730,-4.475155641648788e-05,0.448676791615905,0.4487215431723215,False
4731,-4.490553178189953e-05,0.45653837215225784,0.4565832776840397,False
4732,-2.623646297934684e-05,0.4558763934696875,0.45590262993266684,False
4733,-7.732005006222703e-05,0.4486161917705295,0.44869351182059175,False
4734,-1.6747858671080495e-05,0.46532360898297104,0.4653403568416421,False
4735,-3.4099330521828324e-05,0.4442809039651413,0.44431500329566315,False
4736,-5.784637656704248e-05,0.4632367494438353,0.46329459582040233,False
4737,-4.688332644682522e-05,0.4587423298301243,0.4587892131565711,False
4738,-2.4060547304817897e-05,0.4816276508854222,0.481651711432727,False
4739,-3.889066932457454e-05,0.4530974689464712,0.45313635961579574,False
4740,-1.3040320616447698e-05,0.4574310722885262,0.45744411260914264,False
4741,-2.581513875913857e-05,0.4552790406261549,0.45530485576491403,False
4742,-6.555402697475857e-05,0.47399889565152803,0.4740644496785028,False
4743,-5.067783848544799e-05,0.4050365005357084,0.40508717837419383,False
4744,-3.252008299312259e-05,0.4530753105679241,0.45310783065091725,False
4745,-7.578183360134232e-05,0.5049773854750289,0.5050531673086303,False
4746,-9.242043724890992e-05,0.46741960689149986,0.46751202732874875,False
4747,-3.460262992664575e-05,0.45483915669970026,0.4548737593296269,False
4748,-3.7224731054998934e-05,0.4695569426864446,0.4695941674174996,False
4749,-3.53162181234805e-05,0.4554509508581957,0.4554862670763192,False
4750,-1.591740402177404e-05,0.4717869779195688,0.4718028953235906,False
4751,-3.7961890190065e-05,0.44737278938665065,0.4474107512768407,False
4752,-2.031251532580357e-05,0.4670067391376297,0.4670270516529555,False
4753,-2.693007667123219e-05,0.44397949508112483,0.44400642515779604,False
4754,-0.0007036784452103043,1.0,1.0007036784452104,False
4755,-5.8573186830969576e-05,0.45823672134512494,0.4582952945319559,False
4756,-6.07299008513328e-05,0.4480838325420288,0.44814456244288015,False
4757,-1.2562929177134266e-05,0.48165768894850175,0.48167025187767887,False
4758,-5.364841163394547e-05,0.4669673946488199,0.4670210430604539,False
4759,-0.00012692856161670716,0.4748775588240661,0.47500448738568285,False
4760,-4.809900239436042e-05,0.42567568903273745,0.42572378803513183,False
4761,-5.0790675011097846e-05,0.460448610344546,0.4604994010195571,False
4762,-3.597291736186151e-05,0.4405510743469013,0.4405870472642631,False
4763,-2.6210473693488553e-05,0.46560637861682075,0.46563258909051425,False
4764,-3.8206881226783615e-05,0.46949806956663254,0.46953627644785934,False
4765,-4.7543964834079664e-05,0.5075301160417286,0.5075776600065627,False
4766,-7.200602697974276e-05,0.45810386633581196,0.4581758723627917,False
4767,-4.305639147366024e-05,0.47038368634314526,0.47042674273461893,False
4768,-0.00021141152789320056,0.9970802505312474,0.9972916620591405,False
4769,-5.346409753476169e-05,0.48607522629980127,0.486128690397336,False
4770,-7.176308975550634e-05,0.46052021978736035,0.46059198287711584,False
4771,-0.00018063440555947345,0.8773800110652995,0.877560645470859,False
4772,-0.0003381818859957034,0.671013229869572,0.6713514117555677,False
4773,-0.00029418786768220344,0.41530023020458084,0.41559441807226305,False
4774,-4.0470998705177264e-05,0.45115570869774585,0.45119617969645104,False
4775,-2.0315257157375487e-05,0.45990805681282765,0.45992837206998505,False
4776,-3.003291297649655e-05,0.4659387151745517,0.4659687480875282,False
4777,-4.9778968388835426e-05,0.44264244539147446,0.4426922243598633,False
4778,-0.0005009495821699735,0.2476210639291204,0.24812201351129037,False
4779,-2.5441616555017777e-05,0.4515728206563971,0.45159826227295213,False
4780,-1.7141229182522282e-05,0.4786817621217232,0.4786989033509057,False
4781,-1.0549634474886802e-05,0.4450846709012503,0.4450952205357252,False
4782,-3.306929715568089e-05,0.4656073922785817,0.4656404615757374,False
4783,-4.5853984965599306e-05,0.4677222105143819,0.4677680644993475,False
4784,-0.00010803153272907256,0.5099626035139196,0.5100706350466487,False
4785,-1.240388829931827e-05,0.47146550695158024,0.47147791083987955,False
4786,-0.0001805111445736169,0.5039838751967055,0.5041643863412791,False
4787,-2.922944484333589e-05,0.44992553621956244,0.4499547656644058,False
4788,-2.5724615314444856e-05,0.47979472094286024,0.4798204455581747,False
4789,-8.342685589422375e-05,0.7750941047167643,0.7751775315726586,False
4790,-6.229487475903682e-05,0.4318636467617574,0.4319259416365165,False
4791,-2.3297446656124115e-05,0.4448766367402001,0.44489993418685625,False
4792,-0.00011072721128618909,0.15419946614594404,0.15431019335723023,False
4793,-4.71069308532031e-05,0.46067717659861745,0.46072428352947065,False
4794,-2.5198360371041922e-05,0.4400475452840073,0.4400727436443783,False
4795,-2.9005641591499337e-05,0.4603153217475154,0.46034432738910686,False
4796,-4.471371474532842e-05,0.4621418445745444,0.46218655828928973,False
4797,-2.3190950897550455e-05,0.46407168603850113,0.46409487698939866,False
4798,-5.5862627361381243e-05,0.4468431817508488,0.4468990443782102,False
4799,-2.4314700486801354e-05,0.4383925689791912,0.438416883679678,False
4800,-6.160080167468914e-05,0.44340245444536974,0.4434640552470444,False
4801,-3.4784969159729504e-05,0.456165669838955,0.4562004548081147,False
4802,-4.6631412150536994e-05,0.47737581638582727,0.4774224477979778,False
4803,-2.8985694546095917e-05,0.4671188077494362,0.4671477934439823,False
4804,-0.00010908424693971602,0.47310006013347394,0.47320914438041367,False
4805,-9.099609364499761e-05,0.48306147885261985,0.48315247494626484,False
4806,-3.6066768799895094e-05,0.46135566808561856,0.4613917348544185,False
4807,-9.497315827982044e-05,0.46153973832132916,0.461634711479609,False
4808,-6.431730720365317e-05,0.42510878864715607,0.4251731059543597,False
4809,-1.928815646042018e-05,0.48839295342044253,0.48841224157690294,False
4810,-1.6642654138140936e-05,0.4687412109592321,0.46875785361337025,False
4811,-2.0669849460707804e-05,0.47463889002791193,0.4746595598773726,False
4812,-7.067566836192353e-05,0.46712393669233687,0.4671946123606988,False
4813,-7.267542045177736e-05,0.4567099132324469,0.45678258865289867,False
4814,-3.548828086171692e-05,0.49417712426923693,0.49421261255009863,False
4815,-0.00014264810681011546,0.5103257274401455,0.5104683755469556,False
4816,-1.9428744038820018e-05,0.15780756057858503,0.15782698932262385,False
4817,-0.0002670239079157622,0.4893748111998761,0.48964183510779186,False
4818,-3.503637728077676e-05,0.4586171661787245,0.45865220255600525,False
4819,-3.497201700226483e-05,0.44935412587026974,0.449389097887272,False
4820,-8.730485666025123e-05,0.45342079325192763,0.4535080981085879,False
4821,-2.9828402303932267e-05,0.4710092468266129,0.4710390752289168,False
4822,-9.075542643694855e-05,0.4544171547668636,0.45450791019330056,False
4823,-1.5018495726529017e-05,0.4477377397550986,0.44775275825082517,False
4824,-1.753151769390506e-05,0.45767866177299277,0.45769619329068667,False
4825,-5.004008167277059e-05,0.4665141404989311,0.46656418058060384,False
4826,-0.00010099982779494937,0.4890728389580452,0.48917383878584014,False
4827,-6.168310758430958e-05,0.45433746070865927,0.4543991438162436,False
4828,-7.101560692711005e-05,0.4652458892120362,0.4653169048189633,False
4829,-6.8576195332393e-05,0.4824226773296171,0.4824912535249495,False
4830,-0.00014221360352274464,0.4725430973170214,0.4726853109205441,False
4831,-5.2593993123139494e-05,0.47301993644696594,0.47307253044008907,False
4832,-0.00010098644186220111,0.23630667439818553,0.23640766084004775,False
4833,-8.690596294393795e-05,0.16973820288679176,0.1698251088497357,False
4834,-0.00018643399785435284,0.5424184125594533,0.5426048465573077,False
4835,-1.0446244561939183e-05,0.4535514914580026,0.45356193770256453,False
4836,-3.291013644086183e-05,0.4604790736118729,0.46051198374831376,False
4837,-1.6392246590267897e-05,0.4715356635612146,0.4715520558078049,False
4838,-1.5530353970259464e-05,0.4668145806073043,0.4668301109612746,False
4839,-3.9297958605510136e-05,0.49946477545711404,0.49950407341571956,False
4840,-6.104745078031764e-05,0.46291993465678005,0.4629809821075604,False
4841,-2.5020227412487307e-05,0.4339248794798053,0.43394989970721776,False
4842,-3.834119758954226e-05,0.47204284801960494,0.4720811892171945,False
4843,-6.839781887896781e-05,0.4647497429717927,0.4648181407906717,False
4844,-5.213591431243965e-05,0.4535101481025729,0.4535622840168853,False
4845,-1.0763569967061377e-05,0.4456260590784236,0.44563682264839066,False
4846,-1.899495907293971e-05,0.4642241183750591,0.46424311333413204,False
4847,-3.3031299891693987e-05,0.460667972781989,0.4607010040818807,False
4848,-0.00012489989197635084,0.46292399893938235,0.4630488988313587,False
4849,-2.812359727763157e-05,0.456089173446633,0.45611729704391063,False
4850,-6.152485838873706e-05,0.4428645907836019,0.44292611564199064,False
4851,-0.0001072550761988837,0.47630152594277814,0.47640878101897705,False
4852,-3.9786486498075937e-05,0.44928565129596865,0.4493254377824667,False
4853,-6.973653985196888e-05,0.4479278741687867,0.4479976107086387,False
4854,-0.0002656647385049422,0.5131284153145864,0.5133940800530914,False
4855,-8.472231123265839e-05,0.4613896322799537,0.46147435459118635,False
4856,-0.000977540901056965,0.40344510435026193,0.4044226452513189,False
4857,-8.83571870611085e-05,0.46662854245152646,0.4667168996385876,False
4858,-4.142656153065669e-05,0.4576634923471429,0.45770491890867354,False
4859,-4.640362954924624e-05,0.4486811306787604,0.44872753430830964,False
4860,-7.580952087377634e-05,0.4736311498271718,0.4737069593480456,False
4861,-6.300418783691159e-05,0.467208727569065,0.4672717317569019,False
4862,-8.539108809281751e-05,0.4865034924540819,0.4865888835421747,False
4863,-5.243074672575981e-05,0.43820940027553856,0.43826183102226435,False
4864,-6.526563148982777e-05,0.4886026507161922,0.48866791634768203,False
4865,-5.137760302923903e-05,0.4712131338166464,0.4712645114196757,False
4866,-3.501145835226854e-05,0.463737200193282,0.4637722116516343,False
4867,-7.833083078940494e-05,0.45672967021372,0.4568080010445094,False
4868,-4.208977161897538e-05,0.4513578677274881,0.45139995749910705,False
4869,-0.00018798043778041205,0.4659723034014833,0.4661602838392637,False
4870,-1.9889021328395307e-05,0.46036656972163337,0.46038645874296175,False
4871,-8.126069558488095e-05,0.46643396402576537,0.46651522472135026,False
4872,-6.137355981292906e-05,0.45254615654663793,0.4526075301064509,False
4873,-3.0482044845015905e-05,0.46206904333003335,0.46209952537487836,False
4874,-2.4296393023754582e-05,0.4688623178994546,0.46888661429247835,False
4875,-8.476802661957685e-05,0.4467273055349213,0.44681207356154085,False
4876,-1.5036103246086398e-05,0.47045827231167436,0.47047330841492047,False
4877,-5.6872313111686e-05,0.4574576805588727,0.4575145528719844,False
4878,-6.136012385852551e-05,0.4713889961764758,0.47145035630033433,False
4879,-8.025236115112552e-05,0.4617506197650284,0.4618308721261795,False
4880,-3.822690432957635e-05,0.4557313191098713,0.4557695460142009,False
4881,-1.878095980368987e-05,0.42411044217316723,0.4241292231329709,False
4882,-2.605497476898198e-05,0.450201501564887,0.45022755653965596,False
4883,-3.506781302629593e-05,0.47753391085242824,0.47756897866545456,False
4884,-3.191062627803573e-05,0.49946033304644716,0.4994922436727252,False
4885,-3.536711327066756e-05,0.31209861279618395,0.31213397990945463,False
4886,-2.0118772823927648e-05,0.4818108959653766,0.4818310147382005,False
4887,-0.00017376220132926505,0.4121670152599706,0.4123407774612999,False
4888,-1.8542985431225088e-05,0.4431108623482209,0.44312940533365214,False
4889,-0.00012114361371264711,0.6244956316752245,0.6246167752889371,False
4890,-5.0459377133138215e-05,0.45625046603712044,0.4563009254142536,False
4891,-0.0001269536331136839,0.46497275647100633,0.46509971010412,False
4892,-2.414310797431836e-05,0.45812089386312016,0.4581450369710945,False
4893,-0.00010686274425657474,0.46088371921893573,0.4609905819631923,False
4894,-4.684538299495036e-05,0.4574034401309838,0.4574502855139787,False
4895,-0.0006092256976005375,1.0,1.0006092256976005,False
4896,-7.470825358663913e-05,0.4696685281779359,0.46974323643152255,False
4897,-5.8918897104193104e-05,0.45592331734957303,0.4559822362466772,False
4898,-5.242406905995874e-05,0.509246535116331,0.5092989591853909,False
4899,-1.898504891424285e-05,0.43893173171511146,0.4389507167640257,False
4900,-1.9422140647853967e-05,0.44234416343825644,0.4423635855789043,False
4901,-8.523732272142848e-05,0.46267185343489053,0.46275709075761196,False
4902,-2.5505789966114252e-05,0.4722453649594883,0.47227087074945445,False
4903,-4.14149710914748e-05,0.47982042697480043,0.47986184194589193,False
4904,-5.577625012300441e-05,0.4526165171841876,0.4526722934343106,False
4905,-9.276827641181816e-06,0.4536626876395621,0.45367196446720326,False
4906,-0.0012520573563227473,0.45468854796068076,0.4559406053170035,False
4907,-6.192002823771508e-05,0.4647773624494128,0.46483928247765055,False
4908,-9.30247929294391e-05,0.45977874952521436,0.4598717743181438,False
4909,-3.922293445288621e-05,0.437573601176802,0.4376128241112549,False
4910,-4.564084562180206e-05,0.4788901931252225,0.4789358339708443,False
4911,-3.0256614750935754e-05,0.4771020410217397,0.4771322976364906,False
4912,-2.2042688385825847e-05,0.46063024916518835,0.4606522918535742,False
4913,-6.132158647153056e-05,0.47550763126837525,0.4755689528548468,False
4914,-0.0002313488177896071,0.4762180257912977,0.4764493746090873,False
4915,-4.436297235291305e-05,0.44972527850885946,0.4497696414812124,False
4916,-3.73903873397008e-05,0.4734428114912674,0.47348020187860707,False
4917,-6.213985311856559e-05,0.4667294639574399,0.4667916038105585,False
4918,-6.757786405683305e-05,0.4717142528376313,0.4717818307016881,False
4919,-5.111227273084186e-05,0.43790733337419563,0.4379584456469265,False
4920,-8.883845418811986e-05,0.46543690545734634,0.46552574391153445,False
4921,-1.6798976126081526e-05,0.4987784706249904,0.49879526960111653,False
4922,-0.00017157030499840382,0.45521480282928123,0.45538637313427965,False
4923,-4.959924976900642e-05,0.4658356621306286,0.4658852613803976,False
4924,0.0,0.0967287157108352,0.0967287157108352,False
4925,-0.01607971053624737,0.38470431940164623,0.4007840299378936,False
4926,-3.260670079696475e-05,0.4799924992914518,0.4800251059922488,False
4927,-0.00011965941476700241,0.4611676924952372,0.4612873519100042,False
4928,-0.00016356960447480476,0.46024483567168695,0.4604084052761617,False
4929,-2.538412733506618e-05,0.4767602309801874,0.47678561510752243,False
4930,-8.116311125463949e-05,0.4715808952930089,0.4716620584042635,False
4931,-0.0003293844498950189,0.49622300673290654,0.49655239118280153,False
4932,-7.19664238803361e-05,0.5236091282567235,0.5236810946806038,False
4933,-2.939639741530733e-05,0.45229512926036347,0.45232452565777875,False
4934,-1.6177776884191463e-05,0.4965638647222311,0.49658004249911525,False
4935,-7.814211846379598e-05,0.4688141185392465,0.4688922606577103,False
4936,-1.8405823752932156e-05,0.47618921161400185,0.4762076174377548,False
4937,-0.0006792581437467678,1.0,1.0006792581437467,False
4938,0.0,0.4685157468963855,0.4685157468963855,False
4939,-4.130748964983399e-05,0.4549110094453835,0.4549523169350333,False
4940,-1.7824769333657426e-05,0.4783452860856371,0.47836311085497074,False
4941,-8.013070484183103e-05,0.45510784193323794,0.45518797263807975,False
4942,-5.1253855801339034e-05,0.4491804836811727,0.44923173753697404,False
4943,-5.821136298043924e-05,0.4699818495248292,0.47004006088780964,False
4944,-0.00010194091731082322,0.46413730206363485,0.46423924298094565,False
4945,-1.3234173681252495e-05,0.4496311876894937,0.449644421863175,False
4946,-2.2088379383096125e-05,0.543798770123039,0.5438208585024221,False
4947,-6.725317145424712e-05,0.473311947294504,0.4733792004659582,False
4948,-4.259959879332239e-05,0.4442377124354153,0.44428031203420865,False
4949,-5.6338530400261955e-05,0.45427918242176096,0.45433552095216123,False
4950,-2.8930930518440586e-05,0.06738307128490528,0.06741200221542372,False
4951,-8.004809755759326e-05,0.4551745945494532,0.45525464264701077,False
4952,-4.201292967757617e-05,0.459789662499949,0.4598316754296266,False
4953,-1.7456393988834816e-05,0.46295138149700293,0.46296883789099175,False
4954,-8.189580401542246e-05,0.47092282075744146,0.47100471656145687,False
4955,-5.7719477510807846e-05,0.4513911372934763,0.4514488567709871,False
4956,-0.0004117725382897833,0.36794034251709207,0.36835211505538185,False
4957,-2.347472817207184e-05,0.48165877874812085,0.4816822534762929,False
4958,-1.9887852380508584e-05,0.4684559851439834,0.4684758729963639,False
4959,-1.327670091319896e-05,0.45372870436387336,0.4537419810647866,False
4960,-0.00012684281401285433,0.32103574853786876,0.32116259135188163,False
4961,-4.54788872390553e-05,0.4534635852580434,0.45350906414528247,False
4962,-0.0001269565903235752,0.4916624208059279,0.4917893773962515,False
4963,-5.67658949566296e-05,0.4762764534995229,0.47633321939447953,False
4964,-3.508472501255521e-05,0.45054978217066477,0.45058486689567734,False
4965,-1.7739335381212894e-05,0.4701556311142046,0.47017337044958585,False
4966,-6.719692219343724e-05,0.4485235828798383,0.4485907798020317,False
4967,-1.6777647250849314e-05,0.48339235276527076,0.4834091304125216,False
4968,-0.00011178277885540576,0.45101701083151896,0.4511287936103744,False
4969,-6.153819010758731e-05,0.46093533300408085,0.4609968711941884,False
4970,-4.728891106777964e-05,0.45082301353728144,0.4508703024483492,False
4971,-7.641592319289791e-05,0.47701609114747756,0.47709250707067047,False
4972,-6.145365560093859e-05,0.4627385678927952,0.46280002154839617,False
4973,-4.8140132552077174e-05,0.4563097365814519,0.45635787671400396,False
4974,-4.7242277651503825e-05,0.45009354985637384,0.45014079213402536,False
4975,-5.6421778384183295e-05,0.4505452746423548,0.45060169642073894,False
4976,-5.2818616071354835e-05,0.44994913679950177,0.45000195541557314,False
4977,-6.927889315352385e-05,0.4743645433479294,0.4744338222410829,False
4978,-0.008270109346017296,0.18133208908927173,0.18960219843528903,False
4979,-4.9708903138713364e-05,0.4798772899362796,0.4799269988394183,False
4980,-0.0003646411302563493,0.4646999807163882,0.46506462184664454,False
4981,-4.034106140714248e-05,0.43011266990519764,0.4301530109666048,False
4982,-5.847775628610018e-05,0.44353735221367446,0.44359582996996055,False
4983,-0.0002896718032408392,0.3781106815307655,0.37840035333400635,False
4984,-2.8723294065066046e-05,0.4374273937925803,0.43745611708664534,False
4985,-3.312691936258372e-05,0.4450290102614222,0.4450621371807848,False
4986,-5.651907670131681e-05,0.44746331211926194,0.4475198311959632,False
4987,-8.758004937131768e-06,0.4486883489472444,0.44869710695218157,False
4988,-7.765907025457434e-05,0.4801291108974858,0.48020676996774037,False
4989,-5.699985534539936e-05,0.46113852830031293,0.46119552815565834,False
4990,-0.00025577033784347753,0.45275023175290297,0.45300600209074643,False
4991,-7.24223643547657e-05,0.47128284396945247,0.47135526633380725,False
4992,-5.718719436502582e-05,0.4499052585994682,0.44996244579383327,False
4993,-6.316832865016649e-05,0.4562604903762674,0.4563236587049176,False
4994,-0.000621582166496491,0.4101595852637534,0.4107811674302499,False
4995,-2.6290083764382255e-05,0.46547281719747696,0.46549910728124133,False
4996,-6.20343810459417e-05,0.4495771230839506,0.44963915746499655,False
4997,-7.239696215917707e-05,0.46388964032571917,0.4639620372878783,False
4998,-4.732136574070118e-05,0.4592008191456832,0.45924814051142393,False
4999,-6.347275548511222e-05,0.545621814748895,0.5456852875043802,False
5000,-7.66820344409204e-05,0.4665873340185114,0.4666640160529523,False
5001,-4.015180807633288e-05,0.5064256844811162,0.5064658362891926,False
5002,-4.953304388413933e-05,0.4481591401817841,0.44820867322566826,False
5003,-4.441981879806239e-05,0.4540963071733274,0.45414072699212543,False
5004,-5.229861239086681e-05,0.45273499982744175,0.4527872984398326,False
5005,-7.257380647957838e-05,0.48255406201161694,0.4826266358180965,False
5006,-0.001041449197723212,0.3623978748429885,0.3634393240407117,False
5007,-0.000161402973841827,0.4947794435605985,0.4949408465344403,False
5008,-7.916930190026152e-05,0.4626504711760192,0.4627296404779195,False
5009,-5.072734224920749e-05,0.4755946453603234,0.4756453727025726,False
5010,-4.5416616901344183e-05,0.4908545683104033,0.49089998492730463,False
5011,-6.792225408244472e-05,0.45577479852769953,0.45584272078178195,False
5012,-1.922081865877494e-05,0.4675803064062071,0.4675995272248659,False
5013,-5.930036417415755e-05,0.4815503473384904,0.48160964770266457,False
5014,-2.642967594169721e-05,0.45691093698454155,0.45693736666048324,False
5015,-7.664272653366948e-05,0.4503728361533965,0.4504494788799302,False
5016,-0.00024943331781769856,0.2863904392056069,0.2866398725234246,False
5017,-3.8894753539613375e-05,0.46512794470306235,0.465166839456602,False
5018,-4.757313172595237e-05,0.46963889812584797,0.4696864712575739,False
5019,-1.6904998874422946e-05,0.45165701562916677,0.4516739206280412,False
5020,-7.14549785622398e-05,0.44833813892500674,0.448409593903569,False
5021,-8.355321134519821e-05,0.4951934035125471,0.49527695672389227,False
5022,-3.0442118671605485e-05,0.453664577177675,0.4536950192963466,False
5023,-1.7436228310188226e-05,0.45570042214891016,0.45571785837722034,False
5024,-0.0001216616413038236,0.4487970990329628,0.4489187606742666,False
5025,-1.967803363739174e-05,0.469341341632111,0.4693610196657484,False
5026,-3.710292751139164e-05,0.45640534635080293,0.45644244927831434,False
5027,-4.842596898234412e-05,0.4331232925316649,0.4331717185006473,False
5028,-0.00021984923875878926,0.9951488642955765,0.9953687135343353,False
5029,-0.0005009086470675285,0.04517357906350001,0.045674487710567535,False
5030,-0.00016538082781931542,0.48816103052173326,0.48832641134955257,False
5031,-3.515785281619542e-05,0.44446157990182744,0.44449673775464366,False
5032,-9.072022345766748e-05,0.4621512463981896,0.4622419666216473,False
5033,-0.00011237272784048276,0.47706565487419333,0.4771780276020338,False
5034,-5.013541063081976e-05,0.4618513795260998,0.4619015149367306,False
5035,-7.474590648418316e-05,0.45840857257653134,0.45848331848301555,False
5036,-0.0003811352682008644,0.5804356771305724,0.5808168123987733,False
5037,-9.12103365033775e-05,0.46701284556011374,0.46710405589661713,False
5038,-3.3756874520218936e-05,0.4789039772413948,0.478937734115915,False
5039,-2.1873421890714545e-05,0.4791994033347254,0.4792212767566161,False
5040,-7.219475820839915e-05,0.47144385615675294,0.47151605091496135,False
5041,-4.018402497481801e-05,0.4807148902478189,0.4807550742727937,False
5042,-4.9684313305639076e-05,0.45523169293448534,0.455281377247791,False
5043,-7.918792146088833e-05,0.480089049877625,0.4801682377990859,False
5044,-3.2037004846597257e-05,0.5011758607020578,0.5012078977069043,False
5045,-5.587049191021982e-05,0.4570315829308529,0.4570874534227631,False
5046,-9.13005251239739e-05,0.5375330896447725,0.5376243901698965,False
5047,-0.0002944902593448349,0.40250769701212924,0.4028021872714741,False
5048,-0.00011885286982821543,0.3820127033697145,0.3821315562395427,False
5049,-0.00015646824210596784,0.5647696787135145,0.5649261469556205,False
5050,-3.9041585205484096e-05,0.43389083519550736,0.4339298767807128,False
5051,-4.446339074267262e-05,0.4655419105831259,0.46558637397386854,False
5052,-3.942111804998502e-05,0.44812393807865997,0.44816335919670997,False
5053,-4.732102447717809e-05,0.4600277559641061,0.4600750769885833,False
5054,-1.6697200912387502e-05,0.44011945909502015,0.44013615629593256,False
5055,-4.764305084183888e-05,0.4790685337818431,0.4791161768326849,False
5056,-3.028780757389352e-05,0.4429552330397255,0.4429855208472994,False
5057,-0.00010885855324626063,0.43946472118520535,0.4395735797384516,False
5058,-6.405680157264542e-05,0.42515350375482175,0.42521756055639437,False
5059,-2.636637326855024e-05,0.44535061977276463,0.44537698614603316,False
5060,-3.2716867778910256e-05,0.46379198328557286,0.46382470015335175,False
5061,-4.8241833594382555e-05,0.4525574498260405,0.4526056916596349,False
5062,-8.140376743076005e-05,0.46261057693640983,0.4626919807038406,False
5063,-1.7382609977370647e-05,0.45806790353733634,0.4580852861473137,False
5064,-1.3357653055702568e-05,0.4711513596015801,0.4711647172546358,False
5065,-4.528887200390466e-05,0.451581364093285,0.45162665296528887,False
5066,-4.0822176751316664e-05,0.4693938138375507,0.469434636014302,False
5067,-4.045893498612526e-05,0.459355330092323,0.4593957890273091,False
5068,-7.225408460051041e-05,0.48825939633250104,0.4883316504171015,False
5069,-1.6364307470542924e-05,0.4775114642501484,0.47752782855761894,False
5070,-9.00163362252323e-05,0.4988588701275445,0.4989488864637697,False
5071,-6.728756009626843e-05,0.4414297850480456,0.44149707260814186,False
5072,-3.6971395258960045e-05,0.45524332583297417,0.4552802972282331,False
5073,-4.626823085478986e-05,0.45069815325823676,0.45074442148909155,False
5074,-0.00024513844949126907,0.4892706123663525,0.48951575081584375,False
5075,-0.0005773462554521466,0.4564306546829849,0.457008000938437,False
5076,-2.124805628920586e-05,0.4560830085071815,0.4561042565634707,False
5077,-7.695687215198948e-05,0.45588694220238807,0.45596389907454005,False
5078,-4.079359572878101e-05,0.46129894701664925,0.46133974061237804,False
5079,-0.0008484902163375047,0.14421610423506964,0.14506459445140715,False
5080,-3.359534344986186e-05,0.4619049549526629,0.4619385502961128,False
5081,-0.00010689863718212089,0.4617358776872017,0.4618427763243838,False
5082,-5.2630153560209784e-05,0.5052073258390744,0.5052599559926345,False
5083,-0.0001814548265575257,0.43034927288961516,0.4305307277161727,False
5084,-0.00018499410379219073,0.5780786540464535,0.5782636481502457,False
5085,-2.4579924877990803e-05,0.48559792238795624,0.4856225023128342,False
5086,-7.426282857314631e-05,0.4728597875908891,0.47293405041946224,False
5087,-6.256801626351208e-05,0.45176132587934525,0.4518238938956088,False
5088,-5.677212468502945e-05,0.4663405674231155,0.46639733954780055,False
5089,-8.303131541754733e-05,0.4627399061868558,0.4628229375022733,False
5090,-0.00011081563147830826,0.4796609090816121,0.4797717247130904,False
5091,-2.9025771150026262e-05,0.4482151967670032,0.44824422253815327,False
5092,-0.00010829619741128752,0.46850629304209807,0.4686145892395093,False
5093,-1.2205563811632612e-05,0.45149733266068387,0.4515095382244955,False
5094,-0.0002611859641073238,0.48213444620237306,0.4823956321664804,False
5095,-4.356007271850315e-05,0.4727818949234022,0.4728254549961207,False
5096,-5.115369287842438e-05,0.4781159467033613,0.4781671003962398,False
5097,-0.0034388097076641973,0.08630658961475683,0.08974539932242102,False
5098,-4.794565560874267e-05,0.4645850085559693,0.464632954211578,False
5099,-3.54585261910397e-05,0.49079176916926126,0.4908272276954523,False
5100,-0.00030629686184500715,0.3442016585437201,0.3445079554055651,False
5101,-3.018332007906988e-05,0.4433859400278807,0.44341612334795977,False
5102,-0.00019686150387651465,0.4895226376537111,0.4897194991575876,False
5103,-0.00058423682273768,0.41505704547809763,0.4156412823008353,False
5104,-2.3972414996051704e-05,0.4526909623067256,0.4527149347217217,False
5105,-1.776674364790463e-05,0.45138998250794765,0.45140774925159555,False
5106,-0.00016339713903402607,0.3978896487076684,0.3980530458467024,False
5107,-5.4674712183416236e-05,0.4666473818780309,0.4667020565902143,False
5108,-0.00014285701158232126,0.5981636940389735,0.5983065510505559,False
5109,-0.0002510764077113175,0.46885449527481654,0.46910557168252787,False
5110,-4.9392722189663056e-05,0.4612212656938458,0.4612706584160355,False
5111,-2.288264171121901e-05,0.4499187609731137,0.4499416436148249,False
5112,-5.954660745160987e-05,0.4853665941026932,0.48542614071014484,False
5113,-2.943024528820298e-05,0.45709036672048214,0.4571197969657703,False
5114,-7.768705917983263e-05,0.5767287597154602,0.5768064467746401,False
5115,-6.04648785408958e-05,0.4635704846094367,0.46363094948797756,False
5116,-1.1962991117796797e-05,0.4489969888290176,0.4490089518201354,False
5117,-3.852780130002355e-05,0.4932839065848016,0.4933224343861016,False
5118,-3.818422156203342e-05,0.4585949274352554,0.4586331116568174,False
5119,-5.8086996285064714e-05,0.4587567730771455,0.4588148600734306,False
5120,-5.292927003830705e-05,0.4534874868901514,0.4535404161601897,False
5121,-3.2993136324258645e-05,0.4789115449921504,0.47894453812847465,False
5122,-4.509958975375312e-05,0.441488182680606,0.44153328227035976,False
5123,-7.899473665491808e-05,0.45458869609323155,0.45466769082988645,False
5124,-2.0804941126417384e-05,0.46047679910561873,0.46049760404674517,False
5125,-5.9854208239194754e-05,0.46032344053918084,0.46038329474742,False
5126,-5.8721070255589977e-05,0.4880710873762497,0.4881298084465053,False
5127,-4.7085063009485834e-05,0.45581593448861524,0.4558630195516247,False
5128,-2.679431900068152e-05,0.4621876667049163,0.46221446102391694,False
5129,-0.0006520404509497447,0.3912709176889607,0.39192295813991046,False
5130,-7.073219788263744e-05,0.47445647434131655,0.47452720653919916,False
5131,-7.393569518081229e-05,0.45435335732759324,0.45442729302277407,False
5132,-5.627691322460876e-05,0.4691480426871204,0.46920431960034503,False
5133,-4.110476274700038e-05,0.4532726553920158,0.45331376015476277,False
5134,-0.00019301126277969957,0.4400714815338196,0.4402644927965993,False
5135,-5.3128244499367106e-05,0.4463331594615647,0.4463862877060641,False
5136,-5.369458222963842e-05,0.47700793281723486,0.4770616273994645,False
5137,-5.849724347937119e-05,0.45562365406434163,0.455682151307821,False
5138,-3.129377559546545e-05,0.42110168344645516,0.4211329772220506,False
5139,-5.9091438870795046e-05,0.4650621161386092,0.46512120757748,False
5140,-0.00016154657679920938,0.3973765382147282,0.3975380847915274,False
5141,-2.665075615264271e-05,0.44746548511604034,0.447492135872193,False
5142,-4.4694812881240445e-05,0.47628925371545316,0.4763339485283344,False
5143,-4.636928206923291e-05,0.4551697944364346,0.4552161637185039,False
5144,-1.4195646004489286e-05,0.46266102511627977,0.46267522076228423,False
5145,-1.4068469159375654e-05,0.4703147552444224,0.47032882371358176,False
5146,-0.00017723057593040608,0.4909026435665544,0.4910798741424848,False
5147,-0.00020168653564929214,0.2578045193444524,0.2580062058801017,False
5148,-5.474493234635739e-05,0.48369915460789625,0.4837538995402426,False
5149,-0.00010473770583142321,0.4629877294068331,0.4630924671126645,False
5150,-6.237982416449955e-05,0.47367253153084005,0.47373491135500456,False
5151,-5.995947524612877e-05,0.4643273935191691,0.4643873529944152,False
5152,-0.0001147423657665652,0.4542853173986431,0.45440005976440967,False
5153,-0.0001224803165677242,0.9943796090034631,0.9945020893200308,False
5154,-3.776146285231787e-05,0.45999837447674236,0.4600361359395947,False
5155,-5.158288320707566e-05,0.4592100999414628,0.45926168282466984,False
5156,-1.7133716992455994e-05,0.4619901638529849,0.4620072975699774,False
5157,-1.6692885879323093e-05,0.4657141088585244,0.4657308017444037,False
5158,-6.373884618733955e-05,0.48178391533808546,0.4818476541842728,False
5159,-2.9617610300655666e-05,0.45105496159675396,0.45108457920705464,False
5160,-0.0001343295529087969,0.4504806484994403,0.4506149780523491,False
5161,-3.392265036019444e-05,0.446843151819711,0.4468770744700712,False
5162,-4.742326187267823e-05,0.45979386163746383,0.4598412848993365,False
5163,-3.836691868666567e-05,0.4731450391444103,0.47318340606309695,False
5164,-1.3482660683366993e-05,0.48154533237406166,0.481558815034745,False
5165,-0.00015974350756394666,0.4682757809009582,0.46843552440852215,False
5166,-1.7770429189822358e-05,0.45059665027573254,0.45061442070492236,False
5167,-4.181120091758252e-05,0.46106257472445394,0.4611043859253715,False
5168,-1.590496855190909e-05,0.4771909039274131,0.477206808895965,False
5169,-2.087826049456552e-05,0.4559549709900061,0.45597584925050066,False
5170,-4.4692936744691776e-05,0.46977188219238347,0.46981657512912817,False
5171,-0.00027274220626365906,0.5394258286704793,0.5396985708767429,False
5172,-0.00020842830682001455,0.5157163885764598,0.5159248168832798,False
5173,-4.9760387647146775e-05,0.4664636028180766,0.46651336320572373,False
5174,-1.4398139169631121e-05,0.4680008637304351,0.46801526186960474,False
5175,-3.779157766388618e-05,0.48786251876766173,0.4879003103453256,False
5176,-9.135832952579303e-05,0.49080693195947994,0.4908982902890057,False
5177,-3.685567116931109e-05,0.4400688222349957,0.440105677906165,False
5178,-2.1993969231307874e-05,0.4671107944971937,0.46713278846642503,False
5179,-2.270366127228106e-05,0.457281910774622,0.45730461443589426,False
5180,-5.038259814074322e-05,0.46529739199535786,0.4653477745934986,False
5181,-0.00012046772691907234,0.49069933618215056,0.49081980390906965,False
5182,-4.5406966075425954e-05,0.4500175494203362,0.45006295638641164,False
5183,-1.6270054230645824e-05,0.4364407199453171,0.43645698999954774,False
5184,-3.18461864819932e-05,0.4587623728972539,0.4587942190837359,False
5185,-4.430195412220322e-05,0.4578479165869911,0.4578922185411133,False
5186,-4.766426605089285e-05,0.45648199258075245,0.45652965684680336,False
5187,-0.00010178995385262083,0.48136470840471157,0.4814664983585642,False
5188,-2.0419666469390383e-05,0.5005735056557928,0.5005939253222622,False
5189,-1.3146345151601746e-05,0.46207001453778346,0.46208316088293505,False
5190,-6.454016759714721e-05,0.4699762287717008,0.47004076893929797,False
5191,-1.599448862057181e-05,0.4555452999316496,0.45556129442027016,False
5192,-2.2878903915719422e-05,0.4817107340834199,0.48173361298733564,False
5193,-6.944251233501928e-05,0.46304906953108116,0.4631185120434162,False
5194,-4.537087459445428e-05,0.46255137828813075,0.4625967491627252,False
5195,-3.6421054579034796e-05,0.42865465954614895,0.42869108060072797,False
5196,-6.440479458596865e-05,0.4647733757552356,0.46483778054982156,False
5197,-4.656008953814769e-05,0.45113620724232006,0.4511827673318582,False
5198,-0.00012131861118355813,0.49275868869698153,0.4928800073081651,False
5199,-3.06985584699296e-05,0.4505387742321042,0.45056947279057413,False
5200,-0.00045535891627784575,0.40712822663973425,0.4075835855560121,False
5201,-2.6918532313213798e-05,0.45606515153269594,0.4560920700650092,False
5202,-4.548038425471964e-05,0.47138297858859746,0.4714284589728522,False
5203,-1.434721424566198e-05,0.4839481462500515,0.48396249346429715,False
5204,-2.3584205936106092e-05,0.46849710122120575,0.46852068542714187,False
5205,-6.305605185879184e-05,0.47500787750490187,0.47507093355676067,False
5206,-3.442416289131297e-05,0.47872142465611023,0.4787558488190015,False
5207,-0.00023265267189294332,1.0,1.000232652671893,False
5208,-4.2625434982400054e-05,0.4712046815838467,0.4712473070188291,False
5209,-5.272062164327626e-05,0.45228930108699056,0.45234202170863386,False
5210,-9.314627017039488e-05,0.46665231349613673,0.4667454597663071,False
5211,-6.260065455158554e-05,0.4668890233551976,0.4669516240097492,False
5212,-4.933760601629281e-05,0.47238169399332947,0.47243103159934574,False
5213,-1.0887305888877068e-05,0.4799549487828062,0.4799658360886951,False
5214,-4.6515916284124805e-05,0.46715356397188623,0.46720007988817036,False
5215,-2.7553227943512547e-05,0.48842267097775216,0.48845022420569567,False
5216,-5.342212432054114e-05,0.4635589552121331,0.4636123773364536,False
5217,-2.149845528810119e-05,0.4747808740960911,0.4748023725513792,False
5218,-2.8214397391041746e-05,0.4459400141157649,0.44596822851315593,False
5219,-4.732259575676083e-05,0.4687291754527177,0.46877649804847443,False
5220,-1.4577032717351356e-05,0.46679145036846725,0.4668060274011846,False
5221,-3.562765853291624e-05,0.4429008854102236,0.44293651306875653,False
5222,-9.968289364010502e-05,0.46402958778803444,0.46412927068167453,False
5223,-6.171711790049272e-05,0.4485448349241137,0.44860655204201416,False
5224,-9.387874546952594e-05,0.4877214643583859,0.48781534310385544,False
5225,-4.064033263590272e-05,0.45539946610830884,0.45544010644094474,False
5226,-4.6941302662750666e-05,0.4698237535585614,0.4698706948612241,False
5227,-5.339236041185645e-05,0.4579190308381596,0.45797242319857145,False
5228,-3.3407902321274286e-05,0.4548971217472385,0.45493052964955977,False
5229,-8.380470242922927e-05,0.4720516198031272,0.47213542450555646,False
5230,-3.7930627647772444e-05,0.4410730063732668,0.4411109370009146,False
5231,-2.9520685605809374e-05,0.4748247222794821,0.4748542429650879,False
5232,-0.0005193531217853426,0.4021437514487749,0.40266310457056026,False
5233,-2.772475995934475e-05,0.4604447485221219,0.46047247328208124,False
5234,-6.286721545129529e-05,0.4666430297361627,0.46670589695161396,False
5235,-6.513561914812983e-05,0.4552702601753601,0.4553353957945082,False
5236,-6.556941828636972e-05,0.4676983336390719,0.46776390305735827,False
5237,-0.00017778058418684142,0.6021254880480477,0.6023032686322345,False
5238,-7.942163319036258e-06,0.4411192800864272,0.44112722224974626,False
5239,-4.427606557017814e-05,0.47316093004402426,0.47320520610959443,False
5240,-7.341971275794755e-05,0.44803339014207166,0.4481068098548296,False
5241,-1.4150224247804474e-05,0.48404956899444895,0.48406371921869673,False
5242,-1.1914504178709066e-05,0.45333234938709877,0.45334426389127747,False
5243,-0.00020969960928597658,0.5030551149252215,0.5032648145345074,False
5244,-6.311952682536751e-05,0.4797001489886904,0.47976326851551576,False
5245,-5.333386674257621e-05,0.4584388208027096,0.45849215466945215,False
5246,-6.384702250094199e-05,0.4599637363827787,0.46002758340527966,False
5247,-3.104430030130526e-05,0.44587230535592276,0.4459033496562241,False
5248,-8.244599273213697e-05,0.45800793027392595,0.4580903762666581,False
5249,-4.004272418715149e-05,0.48507048593815055,0.4851105286623377,False
5250,-7.432834768446065e-05,0.4583474231856176,0.45842175153330206,False
5251,-3.2540651922798626e-05,0.45789076208864105,0.45792330274056386,False
5252,-6.905124958390876e-05,0.4651757169804594,0.4652447682300433,False
5253,-0.0001742858562196046,0.4994647441354488,0.49963902999166837,False
5254,-3.730249341378741e-05,0.4565490924750754,0.4565863949684892,False
5255,-5.9568058695388715e-05,0.45972340780846854,0.45978297586716393,False
5256,-4.8109738836628145e-05,0.4523018459046095,0.4523499556434461,False
5257,-3.009652808004697e-05,0.49056880223953314,0.4905988987676132,False
5258,-9.400263913574933e-05,0.44852352463384865,0.4486175272729844,False
5259,-1.0871008380969331e-05,0.45845805381589383,0.4584689248242748,False
5260,-6.984864598033379e-05,0.45987710220774813,0.45994695085372844,False
5261,0.0,0.6936950255410179,0.6936950255410179,False
5262,-8.00201730241235e-05,0.4596360329846562,0.4597160531576803,False
5263,-2.536154063987966e-05,0.4419996422896111,0.44202500383025095,False
5264,-1.9459497716630725e-05,0.4538882765285803,0.45390773602629697,False
5265,-8.240126016882428e-05,0.45918506161905226,0.4592674628792211,False
5266,-4.277872384588302e-05,0.4478685840079509,0.44791136273179677,False
5267,-4.221628477631367e-05,0.4490986354885338,0.4491408517733101,False
5268,-8.242763713663318e-05,0.4801969365675456,0.4802793642046822,False
5269,-4.439217941606656e-05,0.4455714754005242,0.44561586757994026,False
5270,-3.4249323629343474e-05,0.45622908371162485,0.4562633330352542,False
5271,-0.0001410680179818527,0.4529669901099715,0.45310805812795335,False
5272,-3.9506596575583114e-05,0.46224135566911906,0.46228086226569465,False
5273,-0.0001433332351831544,0.4728141973148374,0.4729575305500206,False
5274,-1.2260577395173456e-05,0.5009407582363106,0.5009530188137058,False
5275,-6.297684278964503e-05,0.46988083867198377,0.46994381551477343,False
5276,-6.744314155081124e-05,0.4417562589406487,0.4418237020821995,False
5277,-7.480105385322249e-05,0.4650172730658918,0.465092074119745,False
5278,-0.00020090934203527162,0.431227948416794,0.4314288577588293,False
5279,-9.805639869435307e-05,0.48347978467913655,0.4835778410778309,False
5280,-0.0001271662871176844,0.44685156340064264,0.4469787296877603,False
5281,-6.578862525666883e-05,0.48280857937123195,0.48287436799648864,False
5282,-5.75171287208272e-05,0.4756596852737859,0.4757172024025067,False
5283,-8.291234401402817e-05,0.46303209240494914,0.46311500474896317,False
5284,-6.707555142491974e-05,0.47047729964450596,0.4705443751959309,False
5285,-6.803479577645091e-05,0.49245630406711377,0.4925243388628902,False
5286,-0.00019441952914632738,0.19708779221494677,0.1972822117440931,False
5287,-2.5337095047021094e-05,0.4839472171618889,0.4839725542569359,False
5288,-1.455146338031444e-05,0.44851824166677634,0.44853279313015665,False
5289,-4.809050884022514e-05,0.463124121944982,0.46317221245382223,False
5290,-9.275261957780067e-05,0.4664960987315436,0.4665888513511214,False
5291,-0.01027167574731684,0.31760255519911523,0.3278742309464321,False
5292,-6.535062347275245e-05,0.45184969748428566,0.4519150481077584,False
5293,-3.4413991573106234e-05,0.44760598911451716,0.44764040310609027,False
5294,-3.146523715774017e-05,0.47969105027221,0.47972251550936773,False
5295,-5.578046116763531e-05,0.44952430486663386,0.44958008532780147,False
5296,-1.8762948398828778e-05,0.4256392246026691,0.42565798755106793,False
5297,-0.00013511934497625094,0.4672284015254772,0.4673635208704534,False
5298,-1.705048178877321e-05,0.44841249827423224,0.44842954875602103,False
5299,-8.083157113830138e-05,0.47701443994453885,0.47709527151567716,False
5300,-1.2464740973147658e-05,0.4558666092188053,0.45587907395977845,False
5301,-6.378236611745385e-05,0.4549599442981717,0.45502372666428914,False
5302,-5.841482123312361e-05,0.45404843137554035,0.4541068461967735,False
5303,-8.052616063364725e-05,0.45369509669190744,0.4537756228525411,False
5304,-1.967879788765386e-05,0.4700136254308745,0.47003330422876216,False
5305,-0.0004315451894756021,0.40813631027936664,0.4085678554688422,False
5306,-6.15918654749872e-05,0.46201207947050416,0.46207367133597915,False
5307,-3.614046194719177e-05,0.45770959499119285,0.45774573545314,False
5308,-5.808803287232453e-05,0.45003695562548607,0.4500950436583584,False
5309,-8.8859693946432e-05,0.4554887250127912,0.45557758470673765,False
5310,-6.897080665826797e-05,0.45538469892875344,0.4554536697354117,False
5311,-4.1785069270929935e-05,0.4686308864288342,0.46867267149810515,False
5312,-9.188392879667436e-06,0.4435286050720293,0.44353779346490896,False
5313,-3.9976899227732754e-05,0.48404938431685346,0.4840893612160812,False
5314,-6.409107048225054e-05,0.47570929222789987,0.47577338329838215,False
5315,-3.841983690358579e-05,0.467052108553538,0.4670905283904416,False
5316,-2.727139328910801e-05,0.46794163110646636,0.4679689024997555,False
5317,-1.5390530269354404e-05,0.47440677754880706,0.4744221680790764,False
5318,-0.00010258180584135189,0.49776165274006223,0.49786423454590356,False
5319,-0.0006074893388001215,0.4100714202364454,0.4106789095752455,False
5320,-3.532708294667876e-05,0.456823992116294,0.45685931919924067,False
5321,-1.0835005948856332e-05,0.46945255539348435,0.4694633903994332,False
5322,-0.00021954437103140152,0.4538387424568689,0.4540582868279003,False
5323,-5.392027606962104e-05,0.4414384785019951,0.4414923987780647,False
5324,-6.861543077936035e-05,0.44031144830409175,0.4403800637348711,False
5325,-2.286476066827811e-05,0.46191897474037424,0.4619418395010425,False
5326,-4.176611973696778e-05,0.4635927276522789,0.4636344937720158,False
5327,-4.2605175940376617e-05,0.4618092045372574,0.4618518097131978,False
5328,-8.361020870119766e-05,0.28550183570727505,0.28558544591597623,False
5329,-5.4547833898031625e-05,0.4707147085120798,0.4707692563459778,False
5330,-4.915513058760547e-05,0.4735879953470275,0.4736371504776151,False
5331,-3.9682442890883626e-05,0.4568324326843036,0.4568721151271945,False
5332,-3.341232958223358e-05,0.46122778646358165,0.4612611987931639,False
5333,-5.0932992878884916e-05,0.4554830894781345,0.4555340224710134,False
5334,-1.796410064841917e-05,0.4531911197070081,0.4532090838076565,False
5335,-5.7171906014340034e-05,0.45504640081152087,0.4551035727175352,False
5336,-0.00010800254332917903,0.46383353175648734,0.4639415342998165,False
5337,-0.00010137418939473519,0.4826266986105463,0.482728072799941,False
5338,-5.23958339855203e-05,0.46015719605383565,0.4602095918878212,False
5339,-1.3421915809988326e-05,0.46863016964003634,0.46864359155584634,False
5340,-9.677550676890671e-05,0.47779766395851336,0.47789443946528226,False
5341,-3.4763683581138145e-05,0.4559889049753533,0.45602366865893446,False
5342,-9.084749535386457e-05,0.457156575011594,0.4572474225069479,False
5343,-3.039520159179427e-05,0.46453264115971854,0.46456303636131036,False
5344,-3.2353116102219046e-05,0.4669760790405996,0.46700843215670185,False
5345,-2.2031297141872613e-05,0.4629742815428356,0.4629963128399775,False
5346,-4.9475734389872316e-05,0.47905538008452686,0.4791048558189167,False
5347,-5.384140617656493e-05,0.4659436585787193,0.46599749998489587,False
5348,-2.2184589628003005e-05,0.5079983504902466,0.5080205350798745,False
5349,-6.585991246421895e-05,0.4503038850438638,0.45036974495632803,False
5350,-2.344700583516693e-05,0.4528636067390773,0.45288705374491245,False
5351,-3.1674168682114394e-05,0.44494923716064394,0.44498091132932605,False
5352,-0.00011492800994266627,0.48296077001558607,0.48307569802552874,False
5353,-6.164237453105448e-05,0.46552393942029086,0.4655855817948219,False
5354,-1.5467667893940894e-05,0.4547465290216494,0.45476199668954337,False
5355,-5.02289575142527e-05,0.4596800949700908,0.4597303239276051,False
5356,-5.3269772243818806e-05,0.44253462395328375,0.44258789372552754,False
5357,-2.5164845939365966e-05,0.46318621263175086,0.4632113774776902,False
5358,-0.00012450893958773293,0.4638055558510174,0.4639300647906051,False
5359,-4.052186954106633e-05,0.46437913446821794,0.464419656337759,False
5360,-6.25377595235742e-05,0.5109792926633385,0.5110418304228621,False
5361,-0.0009745706437178571,1.0,1.0009745706437179,False
5362,-5.74366733927711e-05,0.4534285964888518,0.45348603316224456,False
5363,-3.6089775223873145e-05,0.4811410276008551,0.48117711737607893,False
5364,-6.512541619553637e-05,0.4492421958227475,0.449307321238943,False
5365,-0.00039831202220763027,0.390268517032586,0.39066682905479366,False
5366,-9.779554283690339e-05,0.3947610241320086,0.3948588196748455,False
5367,-5.4164265913393286e-05,0.5019925176860561,0.5020466819519696,False
5368,-7.346549856676187e-05,0.46897210526706196,0.4690455707656287,False
5369,-1.9538099257607343e-05,0.4749693238129307,0.4749888619121883,False
5370,-5.573465544744671e-05,0.4402824958420813,0.44033823049752874,False
5371,-3.773288915410948e-05,0.44350809443035605,0.44354582731951014,False
5372,-2.2633116927926853e-05,0.4524915266636658,0.4525141597805937,False
5373,-0.00010087373388714659,0.49525857411684693,0.49535944785073405,False
5374,-4.475577248334203e-05,0.4545020706573725,0.4545468264298559,False
5375,-5.4797931609728296e-05,0.470497379567259,0.47055217749886874,False
5376,-0.00012840832235701111,0.47830506855784066,0.47843347688019766,False
5377,-8.281275000161082e-05,0.4681267751903255,0.4682095879403271,False
5378,-0.0002106025288666876,0.4591307262377765,0.4593413287666432,False
5379,-5.203325034392421e-05,0.46464792114236486,0.4646999543927088,False
5380,-3.022389569013591e-05,0.48466545677343736,0.4846956806691275,False
5381,-5.18565954522588e-05,0.47626009120269786,0.4763119477981501,False
5382,-9.287390752993318e-06,0.4474861665475392,0.4474954539382922,False
5383,-0.0003517487996322757,0.5194236147932774,0.5197753635929097,False
5384,-3.2714804254108724e-05,0.45323788448781777,0.45327059929207186,False
5385,-1.7126227973624328e-05,0.45385550457890717,0.4538726308068808,False
5386,-5.8587697946952017e-05,0.45235696635238426,0.45241555405033124,False
5387,-1.5079907874981005e-05,0.4669241401100171,0.46693922001789206,False
5388,-3.767916211836293e-05,0.46104333967507327,0.46108101883719166,False
5389,-6.004253109717866e-05,0.48079250279470487,0.48085254532580207,False
5390,-6.021811409228457e-05,0.4616047477093226,0.4616649658234149,False
5391,-8.375191586008188e-05,0.5331026296844036,0.5331863816002637,False
5392,-0.00016333428067663504,0.39122005225410766,0.39138338653478427,False
5393,-3.216161239167871e-05,0.4587108578781914,0.45874301949058305,False
5394,-6.109228388367222e-05,0.48187832360715954,0.4819394158910432,False
5395,-0.0004354810873996944,0.40214709209389105,0.40258257318129076,False
5396,-4.5262480287071156e-05,0.45498556279983526,0.45503082528012234,False
5397,-9.07184928173533e-05,0.4311718661231112,0.43126258461592853,False
5398,-6.215527320444593e-05,0.4587794668782629,0.45884162215146734,False
5399,-0.0001806598272102806,0.461161931493866,0.46134259132107625,False
5400,-1.2548523352137591e-05,0.45376711524207447,0.4537796637654266,False
5401,-5.750516121710203e-05,0.49193476756985605,0.49199227273107315,False
5402,-5.9148474493553115e-05,0.44347452655710845,0.443533675031602,False
5403,-6.80444798175495e-05,0.4764528726410092,0.4765209171208268,False
5404,-5.877354014116346e-05,0.4623544687030306,0.46241324224317176,False
5405,-4.360849586755026e-05,0.43477290522585815,0.4348165137217257,False
5406,-5.1027666370396035e-05,0.43050029227614456,0.43055131994251494,False
5407,-5.545693815148597e-05,0.46365636503534985,0.46371182197350136,False
5408,-2.0603316799307815e-05,0.4726067188762654,0.4726273221930647,False
5409,-3.345311693287905e-05,0.4526853727322651,0.452718825849198,False
5410,-5.814924635726782e-05,0.4804042047171848,0.4804623539635421,False
5411,-4.848143216349543e-05,0.460514384938648,0.4605628663708115,False
5412,-0.0003513989959383227,0.3856500699648701,0.38600146896080845,False
5413,-4.5873898655349285e-05,0.4686793135473204,0.46872518744597574,False
5414,-5.527474955310009e-05,0.45766854962477305,0.4577238243743261,False
5415,-0.00023007972236237305,0.33548505308183857,0.33571513280420096,False
5416,-0.00011325844353452395,0.4867421266553533,0.48685538509888787,False
5417,-4.8608384584285844e-05,0.46202275247221175,0.462071360856796,False
5418,-6.692732481150323e-05,0.44647116941585413,0.44653809674066564,False
5419,-4.662869485507459e-05,0.4526965545597398,0.45274318325459484,False
5420,-4.1279994268479156e-05,0.46288395639563384,0.46292523638990235,False
5421,-5.232689471589562e-05,0.4460185196478338,0.4460708465425497,False
5422,-5.929756689793871e-05,0.4582808279294862,0.45834012549638414,False
5423,-1.7116230138685327e-05,0.4531736549748041,0.4531907712049428,False
5424,-3.0113184443569018e-05,0.4808875758425369,0.48091768902698045,False
5425,-8.081489851754643e-05,0.4719816212970316,0.4720624361955491,False
5426,-5.8406417070867896e-05,0.4749396055925743,0.4749980120096452,False
5427,-2.074827198903272e-05,0.4235988588354933,0.42361960710748237,False
5428,-9.910275273271436e-05,0.4803932633931419,0.48049236614587465,False
5429,-0.0001993571028527878,0.436362489956717,0.4365618470595698,False
5430,-3.767023773122026e-05,0.45681869107473766,0.4568563613124689,False
5431,-3.2353706382956624e-05,0.47152645277973776,0.4715588064861207,False
5432,-0.00019074461161765554,0.4523398617426705,0.45253060635428816,False
5433,-5.483159044951023e-05,0.4779061698949486,0.4779610014853981,False
5434,-3.216210095442044e-05,0.4503230632774535,0.4503552253784079,False
5435,-4.714139377201654e-05,0.4644908854030487,0.46453802679682077,False
5436,-3.113038275731125e-05,0.4538419969061174,0.4538731272888747,False
5437,-0.0002271132960209153,0.18697204630494826,0.18719915960096917,False
5438,-1.2252443578727517e-05,0.44292724351998386,0.4429394959635626,False
5439,-2.507614566831209e-05,0.4407050761570128,0.44073015230268114,False
5440,-2.630491400847005e-05,0.45073900656412913,0.4507653114781376,False
5441,-0.0001690294005505293,0.4586327158755212,0.4588017452760717,False
5442,-4.5588109969169565e-05,0.470453453214419,0.4704990413243882,False
5443,-0.0001137266798560102,0.4689890466533104,0.4691027733331664,False
5444,-1.8145920201050026e-05,0.4526720658311336,0.45269021175133467,False
5445,-5.8469542963312276e-05,0.43724652772350847,0.43730499726647176,False
5446,-0.00018840529328216363,0.47874469593536223,0.4789331012286444,False
5447,-0.0002244977842089539,0.4838276017752323,0.4840520995594413,False
5448,-0.00011166985309944955,0.3048188228976809,0.3049304927507804,False
5449,-7.689704716492395e-05,0.4769079756059035,0.4769848726530684,False
5450,-0.00012449129432106574,0.40455685584693724,0.4046813471412583,False
5451,-4.246443781633404e-05,0.4562961050728748,0.4563385695106912,False
5452,-2.8564682665478166e-05,0.48644539495111394,0.48647395963377943,False
5453,-1.51412503535536e-05,0.4547637012522483,0.45477884250260187,False
5454,-5.529049222115157e-05,0.47227120188646304,0.4723264923786842,False
5455,-6.394645325625054e-05,0.466083815289821,0.46614776174307726,False
5456,-6.132150225014035e-06,0.45058453097434065,0.45059066312456564,False
5457,-3.848009886063838e-05,0.4450982119447677,0.4451366920436283,False
5458,-0.00026615362796769833,0.5004560661828955,0.5007222198108632,False
5459,-3.242017301432419e-05,0.4658712055282589,0.4659036257012732,False
5460,-1.2053914620435953e-05,0.4519058014496052,0.45191785536422563,False
5461,-5.024146131066477e-05,0.47613094536248307,0.47618118682379373,False
5462,-4.807175389718926e-05,0.45843934861262947,0.4584874203665267,False
5463,-1.7597720039061938e-05,0.4754201557348478,0.47543775345488687,False
5464,-2.2189934008499327e-05,0.4498368745855465,0.449859064519555,False
5465,-5.44301822859797e-05,0.45681722620675985,0.4568716563890458,False
5466,-5.561465188423582e-05,0.46527435167384285,0.4653299663257271,False
5467,-0.0002153632599183821,0.46972350534707846,0.46993886860699685,False
5468,-0.00013967562691582543,0.6489616505105842,0.6491013261375,False
5469,-2.9932860071163686e-05,0.452441688190635,0.4524716210507062,False
5470,-1.4181246691036414e-05,0.4758927785202417,0.47590695976693276,False
5471,-8.341632413658896e-05,0.4939637287139583,0.49404714503809494,False
5472,-9.065112388138555e-05,0.4551533543120486,0.45524400543593,False
5473,-0.00011591190897596612,0.46983782437918187,0.46995373628815784,False
5474,-1.2569115023874156e-05,0.41607828672721403,0.4160908558422379,False
5475,-0.0001384689493265991,0.4908339570801046,0.4909724260294312,False
5476,-5.3005756903225255e-05,0.44017655097313513,0.44022955673003833,False
5477,-4.654576438308304e-05,0.4627080270911031,0.46275457285548616,False
5478,-3.806693438928163e-05,0.45376655598834864,0.45380462292273793,False
5479,-8.6594546996846e-05,0.5150094505792931,0.51509604512629,False
5480,-8.565827724767741e-05,0.46136555443504046,0.4614512127122881,False
5481,-5.9521845859068126e-05,0.48386257410892736,0.4839220959547864,False
5482,-2.172678245322176e-05,0.46582502358844097,0.4658467503708942,False
5483,-5.112909510712797e-05,0.4821824725544258,0.48223360164953294,False
5484,-0.00018877759766277943,0.5006445821896055,0.5008333597872683,False
5485,-0.00035375011802918463,1.0,1.0003537501180293,False
5486,-6.080009970841621e-06,1.0,1.0000060800099708,False
5487,-8.44449570415502e-05,0.4763357367297664,0.476420181686808,False
5488,-5.023137427324638e-05,0.26687033087916234,0.2669205622534356,False
5489,-3.813279671506613e-05,0.46008448691390735,0.4601226197106224,False
5490,0.0,0.9215409467282187,0.9215409467282187,False
5491,-6.617755792548786e-05,0.47180101628696725,0.47186719384489273,False
5492,-5.919605216890821e-05,0.46963354269248747,0.4696927387446564,False
5493,-2.7488750906689437e-05,0.44979131047996546,0.44981879923087215,False
5494,-6.40946341268941e-05,0.46183427916135206,0.46189837379547893,False
5495,-0.00020574716062920391,0.7842187060558099,0.784424453216439,False
5496,-0.00029331249586179173,0.17606763092101452,0.1763609434168763,False
5497,-0.00011954843945684461,0.5069457405196482,0.5070652889591051,False
5498,-7.813379067253079e-05,0.4800391727656098,0.4801173065562823,False
5499,-4.7016052517215435e-05,0.45569975949843705,0.4557467755509543,False
5500,-5.0161734670461744e-05,0.47625254431601255,0.47630270605068303,False
5501,-4.000644879519215e-05,0.44437677821370275,0.44441678466249795,False
5502,-0.00014343294790332986,0.4727417716102735,0.4728852045581768,False
5503,-0.00012660073477406867,0.4556229217829126,0.45574952251768663,False
5504,-7.052223143087628e-05,0.45006327690460496,0.45013379913603585,False
5505,-4.155525060384772e-05,0.4938012207085523,0.49384277595915615,False
5506,-2.0268097770156137e-05,0.44958904672806105,0.4496093148258312,False
5507,-0.00018310605176774847,0.46121786133638143,0.4614009673881492,False
5508,-6.23891575424253e-05,0.48076516163922245,0.48082755079676487,False
5509,-0.0003599844894224969,0.3927284051482049,0.3930883896376274,False
5510,-0.0008907230208074591,0.090408130470603,0.09129885349141047,False
5511,-8.436281629748276e-05,0.4774144935897804,0.47749885640607787,False
5512,-1.589953971031906e-05,0.48259486857856654,0.48261076811827686,False
5513,-3.517013470270332e-05,0.4509962750773826,0.4510314452120853,False
5514,-0.00020192621401597847,0.3515945093019021,0.3517964355159181,False
5515,-1.6824111297446747e-05,0.43959812449402136,0.4396149486053188,False
5516,-0.000116927169095139,0.4564218475762779,0.456538774745373,False
5517,-0.0002183457954817894,0.47701759796022697,0.47723594375570877,False
5518,-1.2879517733613752e-05,0.4534391268003275,0.4534520063180611,False
5519,-7.03246359449707e-05,0.46279910548266456,0.46286943011860954,False
5520,-9.2011971645684e-05,0.48501052494878244,0.48510253692042815,False
5521,-5.240672393401771e-05,0.45565412141649086,0.4557065281404249,False
5522,-7.892198935971136e-05,0.4543165224195706,0.4543954444089303,False
5523,-2.3221176279684165e-05,0.5156994715647669,0.5157226927410467,False
5524,-0.00014357679584012738,0.47324752260410685,0.473391099399947,False
5525,-7.721963248977511e-05,0.49721143096826814,0.49728865060075794,False
5526,-8.950759319297348e-05,0.44849283978649984,0.4485823473796928,False
5527,-8.486953292134687e-05,0.4707175585562674,0.47080242808918876,False
5528,-6.18818482055851e-05,0.47124412260838194,0.47130600445658755,False
5529,-0.00012994736995818528,0.481536244442818,0.4816661918127762,False
5530,-0.00013808508449301437,0.3041860504643593,0.30432413554885235,False
5531,-3.809995645829565e-05,0.47940937569322123,0.47944747564967954,False
5532,-4.591320413255873e-05,0.46242712746443776,0.4624730406685703,False
5533,-5.8145496158440775e-05,0.46503120548383575,0.4650893509799942,False
5534,-5.4547454975399916e-05,0.46083484602872277,0.4608893934836982,False
5535,-4.8796327941545005e-05,0.46222845848931243,0.46227725481725396,False
5536,-0.00011434795010529375,0.44552243735551594,0.44563678530562123,False
5537,-0.0005008267261686899,0.35289359376455026,0.35339442049071895,False
5538,-0.00014212858567635251,1.0,1.0001421285856764,False
5539,-0.00016454425891853386,0.47881521151835554,0.4789797557772741,False
5540,-0.00010303135990436186,0.4774836013568588,0.47758663271676316,False
5541,-3.841129828399609e-05,0.4916443779303515,0.49168278922863545,False
5542,-8.2351191599713e-05,0.44510455421256806,0.4451869054041678,False
5543,-0.00016808799514119534,0.40193999162110483,0.402108079616246,False
5544,-8.05848762688264e-05,0.4891834759257919,0.48926406080206075,False
5545,-2.68427482922965e-05,0.4582410345454563,0.45826787729374857,False
5546,-0.00010861349496520046,0.45570988461570894,0.45581849811067415,False
5547,-1.4020405169878715e-05,0.4394213065784364,0.4394353269836063,False
5548,-2.122035076979463e-05,0.45607892339747386,0.45610014374824365,False
5549,-3.885988425750953e-05,0.43707648962713974,0.43711534951139724,False
5550,-3.3549790787994806e-05,0.3606389891311146,0.3606725389219026,False
5551,-6.458607482769595e-05,0.4690528871610805,0.4691174732359082,False
5552,-1.64435401887495e-05,0.45840659291679314,0.4584230364569819,False
5553,-7.285931064160036e-05,0.4887390451264531,0.4888119044370947,False
5554,-5.970952119251085e-06,0.45881367314427574,0.458819644096395,False
5555,-6.26068706432411e-05,0.4481897990966056,0.44825240596724886,False
5556,-0.0001908619742661433,0.504681541030055,0.5048724030043211,False
5557,-0.00013359238530887907,0.4661530184680024,0.46628661085331125,False
5558,-9.577441605082024e-05,0.47182414834289066,0.47191992275894146,False
5559,-5.986748711738711e-05,0.4623497425424206,0.462409610029538,False
5560,-4.818057599435988e-05,0.4585068021858407,0.4585549827618351,False
5561,-8.204095025130117e-05,0.44206094244381894,0.44214298339407027,False
5562,-0.00019421982791696166,0.9994370869333178,0.9996313067612348,False
5563,-1.8729163759430813e-05,0.46290909863631985,0.4629278278000793,False
5564,-5.0627670082530304e-05,0.44561422049596344,0.44566484816604596,False
5565,-0.00014111230323120006,0.454587237496942,0.45472834980017324,False
5566,-4.855608366475634e-05,0.4559070941381029,0.45595565022176765,False
5567,-5.148035088699752e-05,0.4469773136231484,0.4470287939740354,False
5568,-4.6636342065695056e-05,0.4549235066909661,0.4549701430330318,False
5569,-8.425263782360324e-05,0.48018667445311036,0.48027092709093394,False
5570,-4.238739772791074e-05,0.45352042163442197,0.45356280903214985,False
5571,-8.830625723479494e-05,0.49833657055358505,0.4984248768108198,False
5572,-0.00016754142609469908,0.40797030029576503,0.40813784172185974,False
5573,-5.904532380901106e-05,0.4329669996584634,0.43302604498227243,False
5574,-5.6768858853839965e-05,0.4696680321388279,0.46972480099768177,False
5575,-2.448886620082794e-05,0.44883130368573565,0.44885579255193647,False
5576,-4.8631632390449166e-05,0.4840067499032314,0.48405538153562183,False
5577,-2.2727216445968375e-05,0.4534669374312847,0.45348966464773066,False
5578,-5.610171552701245e-05,0.45375787341846363,0.45381397513399063,False
5579,-4.431787147323932e-05,0.46289611934231967,0.4629404372137929,False
5580,-8.356798132865566e-05,0.45679615961862174,0.4568797275999504,False
5581,-0.00033795724289562625,0.4482468445717546,0.44858480181465027,False
5582,-0.00011022889756907977,0.4823105379770846,0.4824207668746537,False
5583,-4.2798436937345753e-05,0.4507549266132854,0.45079772505022275,False
5584,-3.8828461703986656e-05,0.45236323135397816,0.45240205981568216,False
5585,-0.00011789726283834775,0.46989007999715254,0.4700079772599909,False
5586,-4.435172997841026e-05,0.45705538666500456,0.45709973839498297,False
5587,-7.706766182896788e-05,0.4896574056642686,0.48973447332609754,False
5588,-5.8020558114794604e-05,0.4672621022349792,0.467320122793094,False
5589,-1.9653174770106773e-05,0.45786239973498655,0.45788205290975664,False
5590,-0.0006086373991963913,0.39996791060496106,0.40057654800415743,False
5591,-6.915060838638263e-05,0.44526026945759495,0.4453294200659813,False
5592,-6.0008647128387185e-05,0.5007468134967135,0.5008068221438419,False
5593,-3.244519872692192e-05,0.4866635975110622,0.4866960427097891,False
5594,-0.00014242709916582072,0.4604145054053433,0.46055693250450913,False
5595,-4.038131379704997e-05,0.4331493019072735,0.4331896832210706,False
5596,-7.4602302641412e-05,0.44887447720057444,0.44894907950321583,False
5597,-6.319913127990027e-05,0.4510996651837733,0.4511628643150532,False
5598,-7.030851540427086e-05,0.45302745527871247,0.45309776379411676,False
5599,-2.9217032973853392e-05,0.45508412399051384,0.4551133410234877,False
5600,-7.559629061291015e-05,0.4549902682588015,0.45506586454941444,False
5601,-6.144894812535954e-05,0.49336500843772346,0.49342645738584884,False
5602,-7.215701191886305e-05,0.508247611194465,0.5083197682063839,False
5603,-6.036579514349299e-05,0.4469167291792172,0.4469770949743607,False
5604,-5.1422501624787874e-05,0.4431952084128693,0.44324663091449407,False
5605,-5.8104760803951697e-05,0.47563364805360636,0.47569175281441034,False
5606,-0.00010207088872836886,0.46590383379148814,0.4660059046802165,False
5607,-4.7110364589669654e-05,0.4680936489667104,0.46814075933130006,False
5608,-1.9489878992070756e-05,0.47317352560522574,0.4731930154842178,False
5609,-7.350825072894034e-05,0.46489520222893865,0.4649687104796676,False
5610,-2.254769209705618e-05,0.4512406677762281,0.45126321546832515,False
5611,-2.0035977850066084e-05,0.4870390974109871,0.48705913338883716,False
5612,-6.335442978164997e-05,0.46724078460220264,0.4673041390319843,False
5613,-2.7705642227940835e-05,0.4822348934621243,0.4822625991043522,False
5614,-0.0001880343752902592,0.20878559303590688,0.20897362741119713,False
5615,-4.7523153387927846e-05,0.4468797902736879,0.4469273134270758,False
5616,-7.182823183557807e-05,0.4652641404243092,0.4653359686561448,False
5617,-2.1282228263093913e-05,0.4778941350789401,0.47791541730720316,False
5618,-5.0385366892243935e-05,0.45964469034100747,0.4596950757078997,False
5619,-5.911695139813575e-05,0.490034718403128,0.49009383535452616,False
5620,-0.0012579668767972636,0.39824519582926793,0.3995031627060652,False
5621,-0.00016541149741231592,0.43087139593021956,0.4310368074276319,False
5622,-7.565412363813383e-05,0.11622712465042781,0.11630277877406595,False
5623,-2.6753120653825797e-05,0.4439261881827675,0.44395294130342133,False
5624,-1.8720107431045614e-05,0.4751292162234342,0.4751479363308652,False
5625,-2.769717424218512e-05,0.4506113394552872,0.45063903662952937,False
5626,-0.00010142054859002791,0.476766301724192,0.476867722272782,False
5627,-0.0001254871284136135,0.2019942337533329,0.2021197208817465,False
5628,-1.3002946507244908e-05,0.4518653783366451,0.45187838128315233,False
5629,-0.0001275902774944584,0.46779085859427316,0.46791844887176764,False
5630,-2.3960967574942698e-05,0.470415925110675,0.47043988607824994,False
5631,-5.279286582103748e-05,0.45966099633310425,0.4597137891989253,False
5632,-2.8551967980877933e-05,0.45137436300083644,0.45140291496881735,False
5633,-9.495711415948635e-05,0.4588871586980404,0.4589821158121999,False
5634,-2.7493207234072997e-05,0.47846171354937944,0.4784892067566135,False
5635,-3.278444590837194e-05,0.49875396915938636,0.49878675360529473,False
5636,-2.771168878248256e-05,0.4722813487733992,0.4723090604621817,False
5637,-6.808965656500453e-05,0.46088856209580936,0.4609566517523744,False
5638,-4.866248194645109e-05,0.44392820502615904,0.4439768675081055,False
5639,-2.3684390452286218e-05,0.44110473579694615,0.44112842018739845,False
5640,-6.667017116984593e-05,0.4935172380635295,0.49358390823469933,False
5641,-6.414309877740763e-05,0.4759626028441231,0.4760267459429005,False
5642,-6.803145635427105e-05,0.47057050702701975,0.470638538483374,False
5643,-1.961793062076062e-05,0.42199588390714216,0.42201550183776293,False
5644,-4.8960131654934214e-05,0.4529010983482187,0.45295005847987363,False
5645,-5.795260306923735e-05,0.15341657436213813,0.15347452696520736,False
5646,-0.0001837326044424295,0.5030670516840035,0.5032507842884458,False
5647,-5.566043418734561e-05,0.4650218691151516,0.46507752954933895,False
5648,-3.2320102088297026e-05,0.4636377607381667,0.463670080840255,False
5649,-3.7651401089488224e-05,0.45049771704505936,0.45053536844614883,False
5650,-8.549014076276646e-05,0.46515812978010274,0.4652436199208655,False
5651,-5.958989678176955e-05,0.4726581508752905,0.4727177407720723,False
5652,-0.00012404814716703372,0.4533769189862538,0.45350096713342086,False
5653,-4.248717229064681e-05,0.4678851312920126,0.46792761846430325,False
5654,-5.69788461191059e-05,0.4529867745581996,0.4530437534043187,False
5655,-2.683329357768561e-05,0.4596394763347371,0.4596663096283148,False
5656,-1.461037178737644e-05,0.4606009364378622,0.46061554680964956,False
5657,-0.00010131724798592146,0.45514457909007305,0.45524589633805895,False
5658,-0.00011022774725524833,0.46539912002452555,0.4655093477717808,False
5659,-5.272845763183186e-05,0.48406821555401464,0.48412094401164646,False
5660,-2.5147440451358462e-05,0.47497981004819984,0.4750049574886512,False
5661,-0.0001120902288750843,0.46783231537158176,0.46794440560045686,False
5662,-2.919221429523861e-05,0.47062723638527004,0.4706564285995653,False
5663,-5.234904812991328e-05,0.4884568924972083,0.4885092415453382,False
5664,-6.243850440538533e-05,0.4685020090600312,0.4685644475644366,False
5665,-7.257043417217532e-05,0.462899610472371,0.4629721809065432,False
5666,-5.1353967615505124e-05,0.4631643134796057,0.4632156674472212,False
5667,-0.00012025211254196194,0.4474806054820005,0.4476008575945425,False
5668,-4.9013847620495466e-05,0.46290053053675323,0.46294954438437375,False
5669,-8.422812835645988e-05,0.4694934314999034,0.46957765962825987,False
5670,-9.363292748919695e-05,0.4627057776461555,0.4627994105736447,False
5671,-0.0001048470602635452,0.46478486296912236,0.4648897100293859,False
5672,-0.0005041181102388349,0.40996028822828834,0.41046440633852715,False
5673,-2.4398032875038838e-05,0.46580400715233367,0.4658284051852087,False
5674,-4.324146979111335e-05,0.47368431455619714,0.47372755602598826,False
5675,-5.7361357684505e-05,0.4302937358822592,0.43035109723994375,False
5676,-1.6409078241140046e-05,0.46802045488617233,0.46803686396441346,False
5677,-0.0002933903291053604,0.5327834394293861,0.5330768297584915,False
5678,-4.545688212229962e-05,0.5204815133075037,0.520526970189626,False
5679,-0.00028023161145258906,0.492183828716533,0.49246406032798556,False
5680,-5.218963880028561e-05,0.45840519616926834,0.4584573858080686,False
5681,-1.5616320752512547e-05,0.4697566885741849,0.46977230489493743,False
5682,-0.0002532130006287002,0.5004264531147569,0.5006796661153856,False
5683,-6.0145828548001105e-06,0.47130445159168266,0.4713104661745375,False
5684,-0.00014510590499999224,0.20074818840512304,0.20089329431012304,False
5685,-1.9951820514983807e-05,0.45147014023143867,0.4514900920519537,False
5686,-0.00010920719435031624,0.46343578866622476,0.46354499586057507,False
5687,-1.4734768568797738e-05,0.4624411803003001,0.4624559150688689,False
5688,-7.126027887112683e-05,0.4822849065800077,0.48235616685887883,False
5689,-3.207955057964142e-05,0.4673669985893118,0.46739907813989146,False
5690,-7.683769459180636e-05,0.4560700598996272,0.456146897594219,False
5691,-4.921037668293319e-05,0.4492599992417566,0.4493092096184395,False
5692,-6.803755735805095e-05,0.46223328857489765,0.4623013261322557,False
5693,-4.750296508576504e-05,0.44996480423613266,0.45001230720121843,False
5694,-1.9492989759120422e-05,0.47281275539193157,0.4728322483816907,False
5695,-2.970247719765284e-05,0.0839482734574434,0.08397797593464106,False
5696,-0.00017003604230369276,0.4660531545334313,0.466223190575735,False
5697,-0.00010073363975174149,0.45194407114266566,0.4520448047824174,False
5698,-7.550401992327237e-05,0.45710170086344215,0.45717720488336544,False
5699,-0.00030882272122806094,0.4792690285723295,0.47957785129355757,False
5700,-1.6357865065735407e-05,0.4602139005762081,0.4602302584412738,False
5701,-6.155970981175218e-05,0.4621638287369906,0.46222538844680233,False
5702,-9.301067119715815e-05,0.47006448730684336,0.4701574979780405,False
5703,-7.844083816244598e-05,0.45849832591211764,0.4585767667502801,False
5704,-5.569093049152744e-05,0.448917399000725,0.44897308993121654,False
5705,-0.00014913941898918046,0.49379277914457703,0.49394191856356623,False
5706,-3.912497903071341e-05,0.45154746326051826,0.45158658823954895,False
5707,-1.6031297327690273e-05,0.4697826568859319,0.4697986881832596,False
5708,-0.0003216123434635185,0.2365011935218537,0.2368228058653172,False
5709,-5.382171259059746e-05,0.470264857444044,0.4703186791566346,False
5710,-0.00041142660559251835,0.4278927515826786,0.4283041781882711,False
5711,-4.5599254742757414e-05,0.467242783159949,0.4672883824146917,False
5712,0.0,0.9107959654140385,0.9107959654140385,False
5713,-2.5822074189370512e-05,0.45199802399451056,0.45202384606869994,False
5714,-0.00020445881974089786,0.5499913979975493,0.5501958568172901,False
5715,-1.999088376421797e-05,0.5107026633460703,0.5107226542298345,False
5716,-1.5654453820972337e-05,0.47143020651272716,0.4714458609665481,False
5717,-0.00011592518218466208,0.49211819843298316,0.49223412361516783,False
5718,-1.8919688776002945e-05,0.45642247116603746,0.45644139085481344,False
5719,-0.00010094213062754541,0.44791172582305244,0.44801266795368,False
5720,-0.00017436307731516536,0.45878486668970514,0.4589592297670203,False
5721,-8.679465798405756e-05,0.4584850875152174,0.45857188217320144,False
5722,-8.544911337846772e-05,0.45293947669074947,0.45302492580412795,False
5723,-5.8059879177271675e-05,0.46831640059180185,0.46837446047097914,False
5724,-0.00031038247265774123,0.28012650212870693,0.2804368846013647,False
5725,-8.652860399227678e-05,0.4369074684902944,0.43699399709428666,False
5726,-7.647683231236885e-05,0.468271488502216,0.4683479653345284,False
5727,-0.00012088880182983727,0.47638899347911057,0.4765098822809404,False
5728,-2.093061610814679e-05,0.4484328168555269,0.448453747471635,False
5729,-0.00017191505681862836,0.3231565229343202,0.3233284379911388,False
5730,-2.9655652879702002e-05,0.4517648654795534,0.4517945211324331,False
5731,-3.2728098100144276e-05,0.44436245562258075,0.4443951837206809,False
5732,-3.396731994975936e-05,0.4601448660737883,0.46017883339373805,False
5733,-2.083099323299222e-05,0.46000930964524045,0.4600301406384734,False
5734,-2.970153142228699e-05,0.45665081182729245,0.45668051335871473,False
5735,-8.903111054794057e-05,0.47345287731908664,0.47354190842963456,False
5736,-0.00012590551853357184,0.5108049661090961,0.5109308716276296,False
5737,-9.882643535585266e-05,0.4443642224901563,0.44446304892551214,False
5738,-0.00017165167438017216,0.4609251396007909,0.46109679127517106,False
5739,-0.00014739986556249038,0.4407370237877814,0.4408844236533439,False
5740,-4.844879893240522e-05,0.4609862283669258,0.4610346771658582,False
5741,-2.5027683149355115e-05,0.466451975375714,0.46647700305886336,False
5742,-5.8761507242929445e-05,0.44855915360087356,0.4486179151081165,False
5743,-0.00027559992304111047,0.4227389973104068,0.4230145972334479,False
5744,-0.0001040704100396667,0.4608078337167568,0.4609119041267965,False
5745,-4.180080227837162e-05,0.44265990880592204,0.44270170960820043,False
5746,-6.590882436222789e-05,0.4932235333782152,0.4932894422025774,False
5747,-3.8469862184007505e-05,0.5450000398769215,0.5450385097391055,False
5748,-0.00012909395383988784,0.47097848703217693,0.4711075809860168,False
5749,-0.0001539706771259921,0.46698548489461555,0.4671394555717415,False
5750,-4.089513746217547e-05,0.4816365028486769,0.48167739798613907,False
5751,-0.0008892768785118151,0.2981513260913698,0.2990406029698816,False
5752,-2.7812885957616553e-05,0.4822400650182396,0.48226787790419723,False
5753,-6.844431010034175e-05,0.44908456234913396,0.4491530066592343,False
5754,-4.470736539754401e-05,0.4560246115454421,0.4560693189108396,False
5755,-0.00015786253706015857,0.10885059254661669,0.10900845508367685,False
5756,-0.00011398460441578967,0.45156690319949216,0.45168088780390797,False
5757,-0.0004063523211873293,1.0,1.0004063523211872,False
5758,-9.569591100153098e-05,0.4699297795230071,0.47002547543400863,False
5759,-5.433071763388844e-05,0.46415871842910295,0.46421304914673683,False
5760,-0.00011369576433630493,0.45748376441792066,0.45759746018225694,False
5761,-0.00010721478951439358,0.47095611934595555,0.47106333413546997,False
5762,-8.826066527286006e-05,0.47142089812679905,0.4715091587920719,False
5763,-0.00012939758995811625,0.47553317843394194,0.47566257602390005,False
5764,-6.875346331378137e-05,0.45612382275627644,0.45619257621959025,False
5765,-0.0001160492912343447,0.46526520850799913,0.46538125779923345,False
5766,-7.213711250163955e-05,0.4599439632496326,0.46001610036213425,False
5767,-0.001092854980373606,0.9970396842446305,0.9981325392250041,False
5768,-0.00012172307831890407,0.4661521612230005,0.46627388430131944,False
5769,-9.915367678239975e-06,0.464757913033523,0.46476782840120123,False
5770,-9.191014435276267e-05,0.45066018324825746,0.45075209339261024,False
5771,-0.00017833178720756926,0.45244649230162953,0.4526248240888371,False
5772,-4.683360605593666e-05,0.4478972354316124,0.44794406903766837,False
5773,-6.73666138633956e-05,0.4643532896707966,0.46442065628466,False
5774,-5.079289585572301e-05,0.45884495417208043,0.4588957470679362,False
5775,-0.00018146200405478013,0.47010265166033777,0.47028411366439254,False
5776,-8.485978337698963e-05,0.4890867706275753,0.48917163041095224,False
5777,-2.4460031181039036e-05,0.43232840254015314,0.4323528625713342,False
5778,-6.156500803783514e-05,0.4781144894542674,0.4781760544623052,False
5779,-9.476402610053501e-05,0.4778424913782141,0.47793725540431464,False
5780,-0.00013810698800837412,0.5028599817349871,0.5029980887229956,False
5781,-6.123724782611085e-05,0.47917916198400434,0.4792403992318304,False
5782,-7.045967486582223e-05,0.4671347904737014,0.4672052501485672,False
5783,-6.288862639330063e-05,0.44849051149146124,0.44855340011785455,False
5784,-2.7341296644881478e-05,0.46614987335161356,0.46617721464825845,False
5785,-7.75541489884026e-05,0.4364039762831242,0.43648153043211263,False
5786,-5.5182347485556125e-05,0.48269091619127813,0.4827460985387637,False
5787,-4.7274964915487974e-05,0.46061714498635875,0.4606644199512742,False
5788,-3.60558409418924e-05,0.46836678414760224,0.46840283998854415,False
5789,-5.442144798347152e-05,0.43940367707533246,0.4394580985233159,False
5790,-3.3131145292400695e-05,0.46991419159428416,0.46994732273957657,False
5791,-4.7098647361484895e-05,0.5008949008792403,0.5009419995266018,False
5792,-0.00012153564171228472,0.4922927279330218,0.4924142635747341,False
5793,-1.4656048285944126e-05,0.4723414629628999,0.47235611901118585,False
5794,-5.369345862038821e-05,0.4543235744012943,0.45437726785991467,False
5795,-3.738740217456721e-05,0.4574601663312246,0.4574975537333992,False
5796,-4.263137972144439e-05,0.450673899478503,0.45071653085822444,False
5797,-1.4504515449690806e-05,0.4402169057194623,0.440231410234912,False
5798,-0.00023154593802766573,0.2263178903457308,0.22654943628375845,False
5799,-7.970019264709256e-05,0.46938182680988255,0.46946152700252963,False
5800,-1.8822652518390216e-05,0.4777014885885519,0.4777203112410703,False
5801,-4.42386695860004e-05,0.475230451030326,0.47527468969991205,False
5802,-0.00042371553190522854,0.3758084296169034,0.37623214514880865,False
5803,-8.05691638039617e-05,0.49249778923861626,0.4925783584024202,False
5804,-8.456210767289268e-05,0.48847161383528637,0.48855617594295925,False
5805,-9.257262146704182e-05,0.45049615139556654,0.4505887240170336,False
5806,-7.616475869633091e-05,0.5298939932367215,0.5299701579954178,False
5807,-4.2267357676104264e-05,0.47375766062928387,0.47379992798695997,False
5808,-9.851175501128427e-05,0.4803546498678247,0.480453161622836,False
5809,-0.00017470057307599084,0.48514084688733,0.485315547460406,False
5810,-7.006527024896057e-05,0.4626728633732051,0.46274292864345407,False
5811,-7.01268133514645e-05,0.46436483771657394,0.4644349645299254,False
5812,-3.1516290792270656e-05,0.46259211222470925,0.46262362851550154,False
5813,-0.00011062528665406349,0.49106093707386494,0.491171562360519,False
5814,-4.3314074868833476e-05,0.45684603889754627,0.4568893529724151,False
5815,-2.5174575163810435e-05,0.45033450445050766,0.4503596790256715,False
5816,-4.150341178634044e-05,0.1997087539033111,0.19975025731509746,False
5817,-0.00011131229154025417,0.4731592521683166,0.4732705644598569,False
5818,-6.893692386265475e-05,0.4531394962297898,0.45320843315365245,False
5819,-1.4981950301119293e-05,0.4942302585047502,0.49424524045505136,False
5820,-3.7070472587671805e-05,0.45017528359164544,0.4502123540642331,False
5821,-5.6058113273070195e-05,0.4520564187323694,0.4521124768456425,False
5822,-4.859314029098703e-05,0.4703979447556513,0.47044653789594226,False
5823,-2.0070712135034464e-05,0.47139686090379507,0.4714169316159301,False
5824,-8.873568955773358e-05,0.4730018911909477,0.47309062688050546,False
5825,-4.6275757351696364e-05,0.4775051662179749,0.4775514419753266,False
5826,-3.394413497959973e-05,0.441542341455716,0.4415762855906956,False
5827,-4.702607553012954e-05,0.47597105235737236,0.4760180784329025,False
5828,-9.205353391769034e-05,0.477069566416314,0.47716161995023165,False
5829,-6.21927560246096e-05,0.4562921686912027,0.4563543614472273,False
5830,-3.445706250064373e-05,0.46066789183639156,0.4607023488988922,False
5831,-5.843784491619393e-05,0.46221206673661364,0.46227050458152985,False
5832,-1.2249976784785947e-05,0.4599080752925799,0.45992032526936466,False
5833,-8.039079375786158e-05,0.454403369224104,0.4544837600178619,False
5834,-1.387901382120459e-05,0.46440614010676057,0.4644200191205818,False
5835,-9.607121002527023e-05,0.4993144879411251,0.49941055915115035,False
5836,-2.9042904054703336e-05,0.4678208882024174,0.4678499311064721,False
5837,-0.00014799346645157096,0.4943661442669721,0.4945141377334237,False
5838,-3.781460059801712e-05,0.48805948654670184,0.4880973011472999,False
5839,-6.799524800766915e-05,0.4436160148640048,0.4436840101120125,False
5840,-8.799282140533087e-05,0.4456989564504635,0.4457869492718688,False
5841,-2.8628675064135096e-05,0.47475544839424577,0.4747840770693099,False
5842,-4.614838513953519e-05,0.4605101199998724,0.46055626838501196,False
5843,-4.5342578909952494e-05,0.44500265907642605,0.44504800165533603,False
5844,-0.0002046406739267045,0.4780281309640272,0.4782327716379539,False
5845,-6.851485092922346e-05,0.4275017026458765,0.42757021749680574,False
5846,-7.6591816711266e-05,0.45893363289370065,0.4590102247104119,False
5847,-8.178233586277075e-05,0.47238583306517085,0.4724676154010336,False
5848,-6.95445309325095e-05,0.47349484296064054,0.47356438749157304,False
5849,-2.0465119237446605e-05,0.4579276168786834,0.4579480819979208,False
5850,-0.0001075475428644628,0.4800743364606221,0.48018188400348655,False
5851,-4.9837890722611646e-05,0.49255498785843843,0.49260482574916103,False
5852,-3.5327496541587655e-05,0.4581008656439706,0.45813619314051224,False
5853,-0.00010867663346167849,0.5147634600864316,0.5148721367198933,False
5854,-5.891755690369559e-05,0.4475441432676602,0.44760306082456386,False
5855,-1.0158596276805487e-05,0.4545977059485824,0.4546078645448592,False
5856,-4.2967297484105834e-05,0.46541533735995116,0.46545830465743526,False
5857,-3.072283833012056e-05,0.4608605053754343,0.46089122821376444,False
5858,-0.0004957962584086803,0.399997003271261,0.40049279952966965,False
5859,-3.799114990240941e-05,0.4429370724657423,0.4429750636156447,False
5860,-3.871432667519663e-05,0.46108698512774093,0.4611256994544161,False
5861,-8.80885606738733e-05,0.4968946064543899,0.49698269501506376,False
5862,-4.6508656291970275e-05,0.45915664642167403,0.459203155077966,False
5863,-6.770938040017574e-05,0.4752548373988402,0.4753225467792404,False
5864,-0.0001318582406316676,0.4728427157941058,0.47297457403473747,False
5865,-5.599389012772992e-05,0.476397407990445,0.4764534018805727,False
5866,-4.5784133448404935e-05,0.44980886392224534,0.44985464805569375,False
5867,-3.282803236226857e-05,0.44556343469899035,0.4455962627313526,False
5868,-5.1318133474637835e-05,0.4652856490540898,0.46533696718756445,False
5869,-3.8901852601407924e-05,0.4622798867485147,0.46231878860111614,False
5870,-6.356665432074653e-05,0.48081524796421476,0.4808788146185355,False
5871,-3.7502743301921005e-05,0.45859348989309395,0.4586309926363959,False
5872,-0.00010497578076633367,0.4636752989926085,0.46378027477337486,False
5873,-5.750619518664299e-05,0.4746428166800668,0.47470032287525343,False
5874,-8.913101625797684e-05,0.4523124587345745,0.45240158975083244,False
5875,-5.594513013962494e-05,0.4537374763440442,0.45379342147418383,False
5876,-0.0001909639684741428,0.5472902925472062,0.5474812565156804,False
5877,-9.218662087819489e-05,0.47364241828292253,0.4737346049038007,False
5878,-4.60232788150984e-05,0.4570136935076544,0.4570597167864695,False
5879,-0.00017866862232019266,0.8015767886759154,0.8017554572982356,False
5880,-2.9045126956807948e-05,0.4522788195595739,0.45230786468653067,False
5881,-5.9455127709207256e-05,0.4448522537121944,0.4449117088399036,False
5882,-2.5322833444456285e-05,0.45260569968526493,0.4526310225187094,False
5883,-6.467905007837441e-05,0.45475011585697694,0.45481479490705534,False
5884,-4.185373428726707e-05,0.468522149483051,0.46856400321733827,False
5885,-0.00014528227933800124,0.4731459028816654,0.47329118516100344,False
5886,-6.487157714607051e-05,0.414573762441403,0.41463863401854906,False
5887,-0.00017200202463353922,0.4627863734095639,0.46295837543419743,False
5888,-0.0003627345085770347,0.8307329425431341,0.8310956770517112,False
5889,-3.2745825480619426e-05,0.4608013622225917,0.46083410804807234,False
5890,-0.00018045263778611887,0.43851731845750763,0.43869777109529373,False
5891,-0.00010698201833179355,0.9964718483302921,0.9965788303486239,False
5892,-2.5904990923667016e-05,0.47466308185775413,0.4746889868486778,False
5893,-6.781585913527682e-05,0.4662025067442689,0.4662703226034042,False
5894,-4.6961257569338775e-05,0.4714244355889642,0.4714713968465335,False
5895,-7.569522799441028e-05,0.4667825101085309,0.4668582053365253,False
5896,-8.683085971550338e-05,0.4763871281138037,0.4764739589735192,False
5897,-5.811734902393126e-05,0.4786116573657342,0.47866977471475813,False
5898,-4.9460069371919366e-05,0.4636942763329865,0.4637437364023584,False
5899,-3.8160337080672145e-05,0.44947443151427136,0.449512591851352,False
5900,-0.0001964395603412012,0.4820695090111313,0.48226594857147254,False
5901,-6.66433672817313e-05,0.46313054721604346,0.4631971905833252,False
5902,-0.00015940970624885254,0.4599403990423891,0.46009980874863793,False
5903,-2.3661059205537072e-05,0.4519867851457142,0.45201044620491976,False
5904,-8.479955625701603e-05,0.44379128637526566,0.44387608593152267,False
5905,-0.0003978701852738831,0.5308422917249103,0.5312401619101842,False
5906,-5.3696818050823827e-05,0.46769824039568053,0.4677519372137314,False
5907,-5.854435771217832e-05,0.4698451974122301,0.46990374176994226,False
5908,-7.739077395994545e-05,0.20525980356262052,0.20533719433658046,False
5909,-5.328689952298399e-05,0.43917708092215507,0.43923036782167807,False
5910,-0.000147799008665879,0.46190486348116483,0.46205266248983073,False
5911,-5.564604943871622e-05,0.432518973494699,0.4325746195441377,False
5912,-2.657598141027895e-05,0.4837676980846998,0.4837942740661101,False
5913,-2.019573497169502e-05,0.4520363137687398,0.4520565095037115,False
5914,-6.281729187267327e-05,0.44340307806431223,0.4434658953561849,False
5915,-8.614864874970197e-05,0.4646857053050322,0.46477185395378195,False
5916,-2.410896791110359e-05,0.4718893155409379,0.471913424508849,False
5917,-0.00010194319704455728,0.4500781539199149,0.45018009711695944,False
5918,-5.8994368349716985e-05,0.48132522145919976,0.4813842158275495,False
5919,-1.270201818373306e-05,0.4623092530359509,0.4623219550541346,False
5920,-9.664684636059925e-05,0.45173787000829063,0.45183451685465126,False
5921,-7.25382365325521e-05,0.41188386733838056,0.4119564055749131,False
5922,-0.00029789032269063624,0.5776739516470107,0.5779718419697014,False
5923,-0.00010277355661953741,0.5040969567105477,0.5041997302671672,False
5924,-7.027137699088238e-05,0.4594595707647708,0.4595298421417617,False
5925,-5.1883547279687265e-05,0.4667639317187971,0.4668158152660768,False
5926,-0.00016088650420177777,0.4641243586997019,0.4642852452039037,False
5927,-4.1612564271050574e-05,0.4478445077364514,0.44788612030072245,False
5928,-8.116836880591405e-05,0.4923384949409774,0.4924196633097833,False
5929,-4.649489274375938e-05,0.44377570266744415,0.4438221975601879,False
5930,-0.0001271363398809588,0.4662323925814124,0.4663595289212934,False
5931,-3.173840933344168e-05,0.474152118187995,0.4741838565973285,False
5932,-0.00011926944222860695,0.46874914216853975,0.46886841161076837,False
5933,-0.00020757167851053187,0.4673479529573365,0.46755552463584704,False
5934,-9.197990123123975e-05,0.47074695288341345,0.47083893278464467,False
5935,-7.224179856456376e-05,0.4741723588981625,0.4742446006967271,False
5936,-0.0011089138759912513,0.45447129166340533,0.4555802055393966,False
5937,-8.779332949441366e-05,0.4488012133533795,0.44888900668287396,False
5938,-9.173948502511879e-05,0.4650671100771532,0.4651588495621783,False
5939,-0.00022466613939556334,0.5150489077650079,0.5152735739044034,False
5940,-0.00013399951147998674,0.45144322390228275,0.4515772234137627,False
5941,-6.168978148986583e-05,0.45147109776405037,0.4515327875455402,False
5942,-3.3510544951991474e-05,0.48607823279736617,0.48611174334231816,False
5943,-0.00018315181499122107,0.4782449081684054,0.47842805998339666,False
5944,-4.8799343609972294e-05,0.4375750943945075,0.43762389373811744,False
5945,-9.829251335004724e-05,0.44553465412529997,0.44563294663865,False
5946,-3.199548491416071e-05,0.44630646761667647,0.44633846310159064,False
5947,-0.000494493319810254,0.22825046500219406,0.2287449583220043,False
5948,-5.99362693193308e-05,0.4699854889087133,0.4700454251780326,False
5949,-6.779436263508645e-05,0.46671234765177494,0.46678014201441004,False
5950,-5.639227589436162e-05,0.4486091665483893,0.44866555882428366,False
5951,-0.000933295530699014,0.38409697171052376,0.3850302672412228,False
5952,-9.206827298155632e-05,0.4730449635538514,0.473137031826833,False
5953,-1.125472664598572e-05,0.45078622406556484,0.4507974787922108,False
5954,-0.00013448787910595763,0.4659251695509532,0.46605965743005917,False
5955,-5.7509966456534106e-05,0.4622257400798,0.46228325004625653,False
5956,-4.699714283665156e-05,0.46293559160750525,0.4629825887503419,False
5957,-3.537956990163045e-05,0.4760387861071615,0.4760741656770631,False
5958,-0.0001223308937844497,0.4394861929978446,0.439608523891629,False
5959,-7.035751748037561e-05,0.47143535316102275,0.4715057106785031,False
5960,-9.294910691725423e-05,0.5082013479577893,0.5082942970647065,False
5961,-5.914019983377916e-05,0.45683642130155866,0.45689556150139243,False
5962,-6.367961462243995e-05,0.4576019312084187,0.45766561082304114,False
5963,-1.4812767717257918e-05,0.47511176995695387,0.4751265827246711,False
5964,-3.1964593715376675e-05,0.4800181625324166,0.48005012712613193,False
5965,-0.00021069467402610136,0.475183831206277,0.4753945258803031,False
5966,-0.00010798835566782555,0.30197014417052115,0.302078132526189,False
5967,-2.2528630214187336e-05,0.4766939945177135,0.4767165231479277,False
5968,-0.00014239121812226264,0.4532896123105234,0.45343200352864566,False
5969,-0.0005311164870396074,0.2219663945025756,0.2224975109896152,False
5970,-2.4390233381987013e-05,0.49376192030804644,0.4937863105414284,False
5971,-0.0005794444215657727,0.2736835239010052,0.27426296832257097,False
5972,-4.739469069306708e-05,0.45534766403932975,0.45539505873002284,False
5973,-4.752547893272967e-05,0.46166405460931836,0.4617115800882511,False
5974,-0.00018249147931485106,0.541049508995093,0.5412320004744078,False
5975,-4.970147496587561e-05,0.450990648528279,0.4510403500032449,False
5976,-0.0004935911319954954,0.16808625735103647,0.16857984848303195,False
5977,-9.307417290110553e-05,0.4673811362977295,0.4674742104706306,False
5978,-6.64927704190729e-05,0.46123862929493464,0.46130512206535373,False
5979,-5.8608291343063625e-05,0.4399259529291987,0.4399845612205418,False
5980,-0.0001227263325157223,0.29529920831995554,0.29542193465247124,False
5981,-3.899927687134891e-05,0.481867480619797,0.48190647989666835,False
5982,-7.591897190582896e-05,0.49198134521283043,0.4920572641847363,False
5983,-5.8484780453818527e-05,0.4779605658550343,0.47801905063548816,False
5984,-5.538898782509891e-05,0.47790995270393405,0.47796534169175914,False
5985,-6.395969845316456e-05,0.46791544393557066,0.46797940363402385,False
5986,-0.00011421206568527745,0.490360089131812,0.4904743011974973,False
5987,0.0,0.6418629438027411,0.6418629438027411,False
5988,-6.710307424515351e-05,0.4533890953592825,0.4534561984335277,False
5989,-3.158484166326321e-05,0.46163495742125427,0.46166654226291753,False
5990,-2.5546910108420168e-05,0.4619763107184908,0.46200185762859924,False
5991,-0.00011145123799621127,0.44933058400240233,0.44944203524039855,False
5992,-6.104032090906115e-05,0.45384288179674775,0.4539039221176568,False
5993,-4.777965768106385e-05,0.45519705445981684,0.4552448341174979,False
5994,-0.00010525220897454852,0.4902335730883685,0.4903388252973431,False
5995,-7.349502045463838e-05,0.46962106635814344,0.46969456137859805,False
5996,-2.049393655227033e-05,0.4591495588254619,0.45917005276201417,False
5997,-0.00011016245431506478,0.46245676234665073,0.4625669248009658,False
5998,-2.245417408243743e-05,0.47311941888324477,0.4731418730573272,False
5999,-8.25393627833042e-05,0.45961614772250153,0.45969868708528483,False
6000,-7.710420769484997e-05,0.4511219782010857,0.45119908240878054,False
6001,-0.0003643757675272633,0.4023190113623532,0.40268338712988044,False
6002,-3.183462694122728e-05,0.46426313012498144,0.46429496475192267,False
6003,-5.6416277495353725e-05,0.4546838402497666,0.45474025652726197,False
6004,-0.0001303703434393623,0.46794059818724926,0.46807096853068864,False
6005,-1.6889086356868525e-05,0.4814573623285641,0.481474251414921,False
6006,-0.00011641006814109593,0.4649340161252834,0.4650504261934245,False
6007,-6.371551329979538e-05,0.4683763992065137,0.4684401147198135,False
6008,-0.00015249876718896661,0.2685816646730268,0.2687341634402158,False
6009,-0.03674033657468612,0.5427757600671843,0.5795160966418704,False
6010,-7.214357360752863e-05,0.4715985948409383,0.4716707384145458,False
6011,-2.4719329152180177e-05,0.5166158870498508,0.516640606379003,False
6012,-7.030164840428673e-05,0.47982060614391203,0.4798909077923163,False
6013,-0.00018936735781416322,0.4571041218281477,0.45729348918596185,False
6014,-0.0001703440168356159,0.4926669432316991,0.4928372872485347,False
6015,-4.4897510722720646e-05,0.5014974184065533,0.5015423159172759,False
6016,-8.741401925303545e-05,0.4878973420888705,0.48798475610812353,False
6017,-0.00012423333696476933,0.45230437559767384,0.4524286089346386,False
6018,-8.934833603394073e-05,0.4846044643873323,0.48469381272336626,False
6019,-9.250714092580025e-05,0.4629578260879592,0.463050333228885,False
6020,-0.0001993391709041067,0.43382235008888936,0.43402168925979345,False
6021,-0.00010596812880124572,0.43252744712511965,0.4326334152539209,False
6022,-7.158657284871024e-05,0.4684028813649136,0.4684744679377623,False
6023,-0.00011091877459424871,0.4241332440396867,0.42424416281428096,False
6024,-8.410662531270596e-05,0.5002665862858474,0.5003506929111601,False
6025,-0.0006052685306510719,0.409105099110335,0.40971036764098606,False
6026,-7.712781834443733e-05,0.44256263260491246,0.4426397604232569,False
6027,-0.00015193638292388583,0.452031859843004,0.45218379622592786,False
6028,-3.786359488186155e-05,0.4797523746408305,0.4797902382357123,False
6029,-0.0001891807882208574,0.5028168508507307,0.5030060316389515,False
6030,-1.9757854487987953e-05,0.46136282724797817,0.46138258510246616,False
6031,-9.367223043507069e-05,0.4670046402586921,0.46709831248912714,False
6032,-0.000246539038177439,1.0,1.0002465390381774,False
6033,-5.817924416063496e-05,0.4503008731891964,0.45035905243335705,False
6034,-2.839142589096465e-05,0.4546220993510691,0.45465049077696007,False
6035,-7.623302901187637e-05,0.47048538850325244,0.47056162153226433,False
6036,-3.989022614737064e-05,0.45263210904651496,0.45267199927266233,False
6037,-4.1523548561478084e-05,0.5089379002805473,0.5089794238291088,False
6038,-2.237019632350994e-05,0.4489117239667997,0.4489340941631232,False
6039,-0.0001267303623157311,0.46609670776635787,0.4662234381286736,False
6040,-3.987317018824026e-05,0.4703466887332494,0.47038656190343764,False
6041,-6.94940969018719e-05,0.45352712235001813,0.45359661644692,False
6042,-4.8001039288109126e-05,0.45099740921129305,0.45104541025058115,False
6043,-8.371870410761241e-05,0.4514823958673633,0.4515661145714709,False
6044,-2.0867797281319458e-05,0.4659705421628307,0.465991409960112,False
6045,-6.7848030988496e-05,0.4607760914128659,0.4608439394438544,False
6046,-5.858160732613199e-05,0.44548483175423387,0.44554341336156,False
6047,-5.302007403215633e-05,0.4506147681066262,0.4506677881806584,False
6048,-7.60691423157678e-05,0.46143046167793644,0.4615065308202522,False
6049,-4.690063911426064e-05,0.4595454829457522,0.4595923835848665,False
6050,-0.00010341942241927929,0.4741339481134039,0.4742373675358232,False
6051,-3.3603122872798474e-05,0.4789752630776286,0.4790088662005014,False
6052,-6.770975860366002e-05,0.33884083248874536,0.338908542247349,False
6053,-9.033378471242096e-05,0.4657289314704447,0.4658192652551571,False
6054,-0.00016199334882270022,0.4638517436953928,0.4640137370442155,False
6055,-0.00010752890498280306,0.497871434495619,0.49797896340060177,False
6056,-1.743276731931985e-05,0.4593276164309048,0.4593450491982241,False
6057,-0.00017559555653658615,0.4477624707111633,0.4479380662676999,False
6058,-6.509499471558509e-05,0.4711014255693252,0.4711665205640408,False
6059,-4.960872233770477e-05,0.5073688351512827,0.5074184438736205,False
6060,-8.855203480456547e-05,0.4530233000213863,0.45311185205619087,False
6061,-8.331381503665743e-05,0.4620582031798806,0.4621415169949173,False
6062,-0.00024082452082460854,0.9065933581814953,0.90683418270232,False
6063,-4.852212580796529e-05,0.4681387739788213,0.4681872961046293,False
6064,-0.00014256099749553267,0.4646072874944193,0.46474984849191486,False
6065,-4.1831678638205154e-05,0.4757489432570365,0.4757907749356747,False
6066,-6.993580175683665e-05,0.4907929676577678,0.49086290345952466,False
6067,-0.00015679346837722255,0.43610709095827704,0.43626388442665426,False
6068,-0.00022995576209529326,0.4725260581171284,0.47275601387922367,False
6069,-3.0733951626331845e-05,0.4685504326238291,0.46858116657545545,False
6070,-0.0001863978382390226,0.2660487968746517,0.26623519471289075,False
6071,-7.54628480155939e-05,0.47089935476908906,0.47097481761710464,False
6072,-2.7445710722678906e-05,0.4636313866283535,0.4636588323390762,False
6073,-1.2474407094365433e-05,0.4776200839324706,0.4776325583395649,False
6074,-3.54918880367308e-05,0.4586083395811316,0.4586438314691684,False
6075,-1.9703836074067923e-05,0.4708293119962225,0.4708490158322966,False
6076,-2.192973645250244e-05,0.5151331446509261,0.5151550743873786,False
6077,-5.140851216664968e-05,0.46429781690158367,0.46434922541375034,False
6078,-0.00011430777426376672,0.6252031397508725,0.6253174475251363,False
6079,-4.6469757882798537e-05,0.46355918699543563,0.46360565675331844,False
6080,-1.8578024929280188e-05,0.46069192810747556,0.46071050613240483,False
6081,-0.00018681911056390177,0.4881488168841465,0.4883356359947104,False
6082,-3.168979938792634e-05,0.47834912902031707,0.478380818819705,False
6083,-4.543630732086735e-05,0.45243108272770166,0.4524765190350225,False
6084,-2.5046512168223763e-05,0.45570468134048786,0.4557297278526561,False
6085,-4.851551273805595e-05,0.45568161339503316,0.4557301289077712,False
6086,-7.910844215994944e-05,0.4609272756847537,0.4610063841269137,False
6087,-7.278349462564575e-05,0.4520961453194736,0.45216892881409926,False
6088,-2.215092725359087e-05,0.4652212022416842,0.4652433531689378,False
6089,-6.547961207440485e-05,0.4409298927979696,0.44099537241004405,False
6090,-0.00010864064414303297,0.4689282599315304,0.46903690057567343,False
6091,-2.0435819808495713e-05,0.4696447208085874,0.46966515662839586,False
6092,-0.00017525715774307544,0.4997048901933334,0.4998801473510765,False
6093,-9.179298488104428e-05,0.45427769910372434,0.4543694920886054,False
6094,-7.527931991677388e-05,0.47113783947137194,0.47121311879128874,False
6095,-4.6643599363657684e-05,0.4629416483884561,0.46298829198781977,False
6096,-7.928325274684871e-05,0.4512378353852532,0.45131711863800006,False
6097,-0.00014479033808050546,0.45676658603529224,0.45691137637337276,False
6098,-0.00010780125528813921,0.45885045455068724,0.4589582558059754,False
6099,-0.00011569041264859765,0.4458810543795981,0.44599674479224666,False
6100,-0.0006982998330565685,0.9999813111934027,1.0006796110264593,False
6101,-0.0006982998330566052,0.9999813111933988,1.0006796110264555,False
6102,-0.00013402357320203042,0.7923690217274225,0.7925030453006245,False
6103,-5.01659937370922e-05,0.44918271620921046,0.44923288220294755,False
6104,-2.3342585597804126e-05,0.4526142909137952,0.452637633499393,False
6105,-5.932284758125334e-05,0.4460742345173628,0.44613355736494403,False
6106,-2.063088526955657e-05,0.4541251057584238,0.45414573664369334,False
6107,-8.306547679059154e-05,0.47124381938737814,0.47132688486416874,False
6108,-6.409027009567081e-05,0.4716923588709255,0.47175644914102116,False
6109,-7.147916886052475e-05,0.45726381179237,0.45733529096123055,False
6110,-9.884303098208818e-05,0.48002742755942723,0.4801262705904093,False
6111,-2.480268152212264e-05,0.4448278907329227,0.44485269341444483,False
6112,-6.027671759877206e-05,0.46724363447267,0.46730391119026876,False
6113,-8.274957333868648e-05,0.46084567615928596,0.46092842573262466,False
6114,-2.686084452085403e-05,0.45060346818356584,0.4506303290280867,False
6115,-0.0003939851038324232,0.46494355821345923,0.46533754331729166,False
6116,-0.0067366904702532305,0.3669946106282606,0.3737313010985138,False
6117,-5.452587274671426e-05,0.47266005437458575,0.4727145802473325,False
6118,-2.926764339582249e-05,0.45811033877552315,0.458139606418919,False
6119,-3.510169622398578e-05,0.44859899209976145,0.44863409379598546,False
6120,-3.080421948252432e-05,0.5202854426344655,0.5203162468539481,False
6121,-4.82064279214555e-05,0.4488621754033176,0.44891038183123905,False
6122,-5.528740321708758e-05,0.4838831629787335,0.4839384503819506,False
6123,-0.00015955454693413962,0.4601491232752523,0.46030867782218643,False
6124,-5.096279226898933e-05,0.4967321120095896,0.4967830748018586,False
6125,-6.414614038479594e-05,0.4304891052551504,0.4305532513955352,False
6126,-0.0001533456943484145,0.5265227990936675,0.5266761447880159,False
6127,-0.00018079937773037523,0.49589603069499216,0.4960768300727225,False
6128,-0.00010733935502313658,0.4381468666866576,0.43825420604168075,False
6129,-8.322636680596793e-05,0.46950018931766646,0.4695834156844724,False
6130,-5.8936841779563026e-05,0.4675947163249268,0.4676536531667063,False
6131,-6.738861575755669e-05,0.47356661299130653,0.4736340016070641,False
6132,-0.0007191420800961957,1.0,1.0007191420800963,False
6133,-4.2873075968861004e-05,0.505713474618863,0.5057563476948318,False
6134,-0.0001719451951197199,0.48928618276851554,0.48945812796363525,False
6135,-5.8248167527573345e-05,0.4789545581171594,0.479012806284687,False
6136,-0.0017988107962165862,0.4691906925609155,0.4709895033571321,False
6137,-0.00014615537586164975,0.4698289443157147,0.46997509969157636,False
6138,-2.518164486889108e-05,0.4673140824777125,0.46733926412258137,False
6139,-1.5428063228887667e-05,0.4727880614433362,0.4728034895065651,False
6140,-4.953126983954435e-05,0.46213274884623157,0.4621822801160711,False
6141,-5.6469493761366555e-05,0.46101710322014466,0.46107357271390603,False
6142,-0.00034964904167149357,0.5329435572570766,0.5332932062987481,False
6143,-5.35584090340454e-05,0.4749698126201954,0.4750233710292294,False
6144,-3.4999768878024225e-05,0.4572325322497529,0.4572675320186309,False
6145,-0.00010194493932862822,0.46119437845865463,0.46129632339798327,False
6146,-8.70176128977545e-05,0.40217175013152984,0.4022587677444276,False
6147,-6.490458244042037e-05,0.47110548376510347,0.4711703883475439,False
6148,-6.491474093241534e-05,0.4505621870094652,0.4506271017503976,False
6149,-0.00020129268787598054,0.500661523305648,0.5008628159935239,False
6150,-2.5516601886456827e-05,0.4608498010879897,0.4608753176898761,False
6151,-7.587621215318679e-05,0.3305479473726238,0.330623823584777,False
6152,-7.104331462495204e-05,0.44917293174642386,0.4492439750610488,False
6153,-2.19606391889209e-05,0.5045888370992825,0.5046107977384714,False
6154,-0.00012376889668137833,0.4643895587211076,0.46451332761778896,False
6155,-5.4659857850431525e-05,0.46688427617218964,0.46693893603004005,False
6156,-3.2737852223748956e-05,0.4580189854730957,0.45805172332531946,False
6157,-3.0891712748079435e-05,0.47998719273535834,0.4800180844481064,False
6158,-8.123301763805814e-05,0.44535348774310696,0.44543472076074503,False
6159,-4.557457474900473e-05,0.44669805745035324,0.44674363202510226,False
6160,-7.818891806387436e-05,0.4625455364331979,0.4626237253512618,False
6161,-5.644065031705789e-05,0.4607231937838353,0.4607796344341524,False
6162,-6.484627495508182e-05,0.4656235684115302,0.46568841468648525,False
6163,-8.270613539464018e-05,0.46480317252256975,0.4648858786579644,False
6164,-3.6002046851955656e-05,0.4661286209079077,0.46616462295475963,False
6165,-7.0764404945797e-05,0.4540117798523207,0.4540825442572665,False
6166,-6.319740269258725e-05,0.46932771329876444,0.469390910701457,False
6167,-0.0001050610362254005,0.4558851147580232,0.45599017579424855,False
6168,-0.00011631071760743839,0.47168275901829787,0.4717990697359053,False
6169,-0.00011853852145026216,0.4729247337973524,0.47304327231880267,False
6170,-5.707894409360229e-05,0.4605890914379887,0.46064617038208233,False
6171,-8.396624010165059e-06,0.4665834572642976,0.46659185388830776,False
6172,-6.968956361169031e-05,0.45878867613106966,0.45885836569468136,False
6173,-0.00010239464252558207,0.4579112230557446,0.4580136176982702,False
6174,-5.4014790633305504e-05,0.48389815099980477,0.4839521657904381,False
6175,-2.7406391741478203e-05,0.4755289544279893,0.4755563608197308,False
6176,-8.594178599504128e-05,0.46508073068987477,0.4651666724758698,False
6177,-3.0484830149314933e-05,0.46626449004244674,0.4662949748725961,False
6178,-0.000402804700594997,0.39849699438177244,0.39889979908236745,False
6179,-4.6547572998906664e-05,0.4666353189257104,0.46668186649870935,False
6180,-4.389972529622765e-05,0.46445201154874977,0.464495911274046,False
6181,-0.00012710014199324008,0.45853877268378546,0.4586658728257787,False
6182,-5.427150038137974e-05,0.461972010377867,0.4620262818782484,False
6183,-4.632332314022352e-05,0.44429049010409927,0.44433681342723946,False
6184,-6.369729403081624e-05,0.457329670975035,0.45739336826906585,False
6185,-1.536336246927972e-05,0.48479521773042433,0.4848105810928936,False
6186,-0.0001580921187352008,0.2870433328684236,0.2872014249871588,False
6187,-4.505122681988622e-05,0.455913049765515,0.45595810099233486,False
6188,-3.518372223695132e-05,0.4830218215555396,0.4830570052777765,False
6189,-6.344009263660093e-05,0.4589129951018131,0.4589764351944497,False
6190,-3.5472685045334615e-05,0.47609804690326507,0.4761335195883104,False
6191,-0.00024762523875085217,0.4947653907547389,0.49501301599348974,False
6192,-4.778170465107242e-05,0.4528011625418926,0.4528489442465437,False
6193,-5.241498791455641e-05,0.44002229794504033,0.4400747129329549,False
6194,-5.6690220548617964e-05,0.45888428929596775,0.45894097951651636,False
6195,-0.00038802380522811496,0.24447286032826093,0.24486088413348905,False
6196,-0.00012101519222795738,0.45700212096185283,0.4571231361540808,False
6197,-0.00015293637385351032,0.4690548089300364,0.4692077453038899,False
6198,-2.1743043033668702e-05,0.4841253147597505,0.48414705780278416,False
6199,-5.279695903992291e-05,0.4561336785967093,0.4561864755557492,False
6200,-0.0004792205069478433,0.9691600142286827,0.9696392347356305,False
6201,-0.00016863346586245566,0.48013849464864883,0.48030712811451126,False
6202,-2.6258468012520704e-05,0.4558408346183826,0.4558670930863951,False
6203,-5.901894897112349e-05,0.4641180822213168,0.46417710117028793,False
6204,-6.021362355483742e-05,0.46454876491950864,0.4646089785430635,False
6205,-6.039960664554318e-05,0.44782054958303313,0.4478809491896787,False
6206,-6.729249001294647e-05,0.46132761370841596,0.46139490619842893,False
6207,-0.00019183327270118678,0.3983798191433887,0.3985716524160899,False
6208,-0.00016271848467548238,0.4668353838153255,0.466998102300001,False
6209,-5.003828458604154e-05,0.4710809369734846,0.47113097525807063,False
6210,-0.0001679993364237199,0.42125151875486144,0.42141951809128514,False
6211,-0.0001924231952512235,0.234455553690107,0.23464797688535824,False
6212,-8.46335774259702e-05,0.4485396073896392,0.4486242409670652,False
6213,-9.65460164238396e-05,0.49805702718268746,0.4981535731991113,False
6214,-4.6318560759603804e-05,0.4691134848538559,0.4691598034146155,False
6215,-0.00012596151932191103,0.46754026858812336,0.4676662301074453,False
6216,-0.00012479789031206927,0.4762053248450122,0.47633012273532427,False
6217,-0.00012432924135399694,0.4340920354755136,0.4342163647168676,False
6218,-4.276200259109953e-05,0.4470026164377732,0.44704537844036435,False
6219,-7.185669217465136e-05,0.45266740100973407,0.4527392577019087,False
6220,-0.00012603463236619507,0.47132337788768236,0.47144941252004857,False
6221,-6.312614208371551e-05,0.4235691983558011,0.4236323244978848,False
6222,-8.29946733579149e-05,0.46187533609313347,0.4619583307664914,False
6223,-0.00034813481327218804,0.45700540389327765,0.4573535387065498,False
6224,-4.226047932851938e-05,0.4664258289589253,0.46646808943825385,False
6225,-5.259111413955727e-05,0.45107093920375646,0.45112353031789604,False
6226,-7.664662782192651e-05,0.4672425946524822,0.4673192412803041,False
6227,-4.960831633993135e-05,0.47810500910771625,0.4781546174240562,False
6228,-5.295633489001213e-05,0.48133903552029284,0.48139199185518283,False
6229,-6.87535182049296e-05,0.45397553923807216,0.4540442927562771,False
6230,-4.103490836371709e-05,0.5023611678435956,0.5024022027519593,False
6231,-0.00047031007796934625,1.0,1.0004703100779693,False
6232,-4.477979639245137e-05,0.44986795101848176,0.4499127308148742,False
6233,-5.054207532001472e-05,0.48061244749500026,0.4806629895703203,False
6234,-5.9693164375549196e-05,0.441235813720118,0.44129550688449354,False
6235,-2.547513298808603e-05,0.4677179129526064,0.46774338808559446,False
6236,-0.0007392886726500586,0.4251288263678533,0.42586811504050337,False
6237,-9.180392643076704e-05,0.45212853935926445,0.4522203432856952,False
6238,-1.824527145958355e-05,0.44380195017509083,0.44382019544655044,False
6239,-3.9461611804082046e-05,0.4666050766097836,0.4666445382215877,False
6240,-6.921924894862895e-05,0.4768143327327474,0.4768835519816961,False
6241,-1.2701987755707375e-05,0.45238360806775507,0.4523963100555108,False
6242,-5.3989543512342826e-05,0.45152856569454536,0.4515825552380577,False
6243,-2.6395617090604077e-05,0.48757207115767653,0.48759846677476715,False
6244,-0.00023757440826131877,0.47040392777812845,0.4706415021863898,False
6245,-0.002465749541325903,0.790713829239209,0.7931795787805349,False
6246,-6.065725438516062e-05,0.4566636707185013,0.4567243279728864,False
6247,-0.00011145943626935818,0.4693873335691044,0.4694987930053737,False
6248,-2.8378385379761924e-05,0.4773471581248792,0.477375536510259,False
6249,-0.0003335503730249415,0.424686288652623,0.42501983902564794,False
6250,-7.968786271330174e-05,0.48591089781832675,0.48599058568104003,False
6251,-5.2707250470700796e-05,0.46406632539675474,0.4641190326472254,False
6252,-7.380333612228021e-05,0.46706734353797763,0.4671411468740999,False
6253,-8.897735761957305e-05,0.4654374356116868,0.4655264129693064,False
6254,-6.373259441880519e-05,0.47794975276853346,0.4780134853629523,False
6255,-0.00011087352658454957,0.5034047403465035,0.5035156138730881,False
6256,-1.9183996331193576e-05,0.47389752303269156,0.4739167070290228,False
6257,-1.2633166148312067e-05,0.443331680215797,0.4433443133819453,False
6258,-0.0001001667302813828,0.45988065138331324,0.45998081811359465,False
6259,-0.0001010356988243267,0.47584789905359903,0.47594893475242334,False
6260,-0.0001350606153827389,0.5116428072363368,0.5117778678517195,False
6261,-2.6023996701011998e-05,0.47072524046043884,0.47075126445713983,False
6262,-2.1051534782199602e-05,0.4768437800234569,0.4768648315582391,False
6263,-0.000245594824362187,0.20787646408235286,0.20812205890671504,False
6264,-0.00021162611885863615,0.4739967540117432,0.4742083801306018,False
6265,-0.00013835196444737303,0.4490818382773246,0.449220190241772,False
6266,-0.00012769356704870293,0.48943054645290024,0.48955824001994896,False
6267,-5.712479513213067e-05,0.4707788535151048,0.47083597831023694,False
6268,-0.00012825907220827187,0.46385800726603127,0.46398626633823953,False
6269,-4.3352455331274815e-05,0.4537625228898148,0.45380587534514605,False
6270,-9.962785962731475e-05,0.47151730182833484,0.47161692968796215,False
6271,-6.182931693151092e-05,0.46405771417499714,0.46411954349192863,False
6272,-6.059271978612487e-05,0.46555118837366144,0.4656117810934476,False
6273,-7.248766570993863e-05,0.47721560860709444,0.4772880962728044,False
6274,-5.1379226150499834e-05,0.45537469831628596,0.45542607754243647,False
6275,-6.65488435743365e-05,0.4415950386115106,0.44166158745508494,False
6276,-0.00019902043123427737,1.0,1.0001990204312343,False
6277,-5.033790050415769e-05,0.46583675264322116,0.46588709054372535,False
6278,-0.0001186940487812942,0.4443597566546937,0.44447845070347497,False
6279,-5.023900426929744e-05,0.4611669097241522,0.4612171487284215,False
6280,-1.8921068430981477e-05,0.45804496259818495,0.45806388366661593,False
6281,-0.00023543523335658155,0.28523379128290066,0.2854692265162572,False
6282,-2.9363791655959926e-05,0.48684368826171026,0.48687305205336623,False
6283,-0.00044963391282659384,0.3594814116213107,0.3599310455341373,False
6284,-8.83482421116331e-06,0.47997974082727113,0.4799885756514823,False
6285,-0.00018249508924939,0.47763249572719735,0.47781499081644674,False
6286,-5.973054540894193e-05,0.46643591996994194,0.46649565051535086,False
6287,-8.381632304542618e-05,0.44480520236607846,0.4448890186891239,False
6288,-9.023074743283726e-05,0.47821237119046145,0.4783026019378943,False
6289,-1.9758561484093753e-05,0.4546972232301158,0.4547169817915999,False
6290,-2.2410757975295424e-05,0.47339839387776855,0.4734208046357439,False
6291,-0.00018601228806376568,0.43948673238167074,0.4396727446697345,False
6292,-0.00011617274635843216,0.46855723785925035,0.4686734106056088,False
6293,-4.408045844409351e-05,0.48087152345894585,0.48091560391738997,False
6294,-2.7413866133385204e-05,0.4690086440763527,0.46903605794248604,False
6295,-0.0001518941332177181,0.506249813434233,0.5064017075674507,False
6296,-2.2602902984537273e-05,0.46770311990995156,0.4677257228129361,False
6297,-0.00012445805640936495,0.4753230383622906,0.4754474964187,False
6298,-4.373051810390974e-05,0.42713607616029337,0.4271798066783973,False
6299,-7.639963109018324e-05,0.4761173031956798,0.47619370282677,False
6300,-4.562349673137931e-05,0.46552689128443736,0.46557251478116873,False
6301,-6.16935663898452e-05,0.4622588667822936,0.46232056034868346,False
6302,-2.666002637383263e-05,0.46547097013666394,0.4654976301630378,False
6303,-6.646984494352605e-05,0.5053603366098286,0.5054268064547721,False
6304,-3.368951745635535e-05,0.4585469917196828,0.45858068123713913,False
6305,-3.636965751598922e-05,0.4588450278151151,0.45888139747263107,False
6306,-6.381197399187828e-05,0.4638784912819256,0.46394230325591745,False
6307,-2.456213498431265e-05,0.4317469116274956,0.43177147376247993,False
6308,-4.612048645250578e-05,0.45156472065793873,0.45161084114439126,False
6309,-3.62355938645414e-05,0.4652241442222754,0.46526037981614,False
6310,-0.00023533780809466777,0.41965276538137547,0.4198881031894701,False
6311,-4.358516624845854e-05,0.43737473034943947,0.43741831551568794,False
6312,-2.752398577727415e-05,0.4677237873563901,0.46775131134216735,False
6313,-6.431901028824808e-05,0.42869053666491214,0.4287548556752004,False
6314,-3.7655492186758476e-05,0.4525355562911984,0.45257321178338517,False
6315,-3.6985943945209045e-05,0.45508952098242855,0.45512650692637374,False
6316,-0.00016881804565486934,0.48962208623787673,0.4897909042835316,False
6317,-0.00014763756704451776,0.4222237582886961,0.42237139585574063,False
6318,-2.260083304549228e-05,0.49287639855709103,0.49289899939013654,False
6319,-5.603886627208699e-05,0.08898618157010023,0.08904222043637232,False
6320,-7.710625939230286e-05,0.4618932665411503,0.4619703728005426,False
6321,-8.15214708688203e-05,0.5028790542740909,0.5029605757449597,False
6322,-0.0006088687439835389,0.4144061776334948,0.4150150463774783,False
6323,-0.00011238409313023946,0.5531901264411131,0.5533025105342433,False
6324,-0.00014478358462786977,0.48686424454073374,0.4870090281253616,False
6325,-7.497331494901271e-05,0.46907068115324985,0.46914565446819884,False
6326,-3.7172615162166875e-05,0.4410594619706412,0.4410966345858034,False
6327,-6.394318675236003e-05,0.480512543716496,0.48057648690324833,False
6328,-8.836862467112825e-05,0.4746447045904741,0.47473307321514524,False
6329,-6.907044957229916e-05,0.49946294802860103,0.4995320184781733,False
6330,-0.00010061957175563393,0.49859819302186464,0.49869881259362026,False
6331,-0.00019994241123626189,0.19851742476731413,0.19871736717855037,False
6332,-8.750064936964345e-05,0.4499142950986477,0.45000179574801735,False
6333,-0.00010123919860709782,0.45658429555411195,0.45668553475271906,False
6334,-7.46443713881626e-05,0.4537475441789719,0.45382218855036005,False
6335,-0.00017666377674243204,0.46649997798399523,0.46667664176073764,False
6336,-3.446480264388405e-05,0.4600242825189986,0.4600587473216425,False
6337,-0.0001236265418738841,0.46056446683374386,0.4606880933756177,False
6338,-5.7728078733557326e-05,0.46632886101350296,0.4663865890922365,False
6339,-0.00018667219227587887,0.47340754846285943,0.4735942206551353,False
6340,-5.167156447716971e-05,0.4868446985761899,0.48689637014066706,False
6341,-4.502249667045623e-05,0.4398625556691972,0.4399075781658676,False
6342,-0.0003017887393515001,0.5113968564220298,0.5116986451613813,False
6343,-0.00011253261093204542,0.45812503455190434,0.45823756716283637,False
6344,-0.00010177034694349818,0.4430239863466411,0.44312575669358456,False
6345,-4.939785985334489e-05,0.4707874199554962,0.4708368178153496,False
6346,-6.232122180335762e-05,0.45026631356801883,0.4503286347898222,False
6347,-9.778908921433222e-05,0.47018842210273065,0.47028621119194497,False
6348,-0.00021913525979008535,0.7570997135066584,0.7573188487664485,False
6349,0.0,1.0,1.0,False
6350,-9.366376670704682e-05,0.44455277791219755,0.4446464416789046,False
6351,-9.02885355981748e-05,0.44931754651651906,0.44940783505211723,False
6352,-1.6332886408655995e-05,0.5065715040166003,0.506587836903009,False
6353,-0.00013557613780212872,0.9952283958646524,0.9953639720024545,False
6354,-6.255376929319225e-05,0.4738284758791704,0.4738910296484636,False
6355,-2.068997265307631e-05,0.4662286064072013,0.4662492963798544,False
6356,-4.495060770588761e-05,0.4618518821186612,0.46189683272636706,False
6357,-0.00024709069584136467,0.4834421923083587,0.4836892830042001,False
6358,-9.165403527500332e-05,0.5073845525892912,0.5074762066245662,False
6359,-0.0001042540733619667,0.4495088366848196,0.44961309075818157,False
6360,-0.000309918735395946,0.5274618591775874,0.5277717779129834,False
6361,-4.91958081036261e-05,0.4696303533955816,0.46967954920368526,False
6362,-7.637033447323634e-05,0.47316004937989486,0.4732364197143681,False
6363,-8.307095915792042e-05,0.507071559330989,0.507154630290147,False
6364,-9.410523061090867e-05,0.46155044024354897,0.4616445454741599,False
6365,-6.287077353598876e-05,0.4673873767301224,0.4674502475036584,False
6366,-5.3446799849826816e-05,0.4311029134016624,0.4311563602015122,False
6367,-2.0059235077305877e-05,0.44228890457103964,0.44230896380611695,False
6368,-7.824770777731931e-05,0.4805460049299118,0.4806242526376891,False
6369,-9.557065947790429e-05,0.4485979395532893,0.4486935102127672,False
6370,-5.0294195230518184e-05,0.7130659403095583,0.7131162345047888,False
6371,-3.795799610259066e-05,0.45443793745120836,0.45447589544731093,False
6372,0.0,0.16602890248354943,0.16602890248354943,False
6373,-6.590074456191649e-05,0.44971370082292716,0.4497796015674891,False
6374,-7.661087229950936e-05,0.49333008304797454,0.49340669392027403,False
6375,-9.562087391633332e-05,0.4528085629279633,0.45290418380187963,False
6376,-8.32242684968096e-05,0.48513766480239273,0.48522088907088956,False
6377,-0.00010713640249266176,0.4497835597557041,0.44989069615819677,False
6378,-7.382535452175602e-05,0.45038951373311986,0.45046333908764163,False
6379,-0.00010958533780809114,0.498466083502358,0.4985756688401661,False
6380,-8.426360233380908e-05,0.47145564576572985,0.47153990936806367,False
6381,-3.5214842925788094e-05,0.49858997557338947,0.49862519041631526,False
6382,-0.00029546769820283024,0.47745506067695476,0.4777505283751576,False
6383,-7.130485690370997e-05,0.49893156532758753,0.49900287018449124,False
6384,-0.00010166784608421525,0.46601823767434175,0.466119905520426,False
6385,-5.3599672989919475e-05,0.47381476551407076,0.47386836518706066,False
6386,-0.0001352574815630778,0.46044204743379735,0.4605773049153604,False
6387,-2.637779705016135e-05,0.475626202341823,0.4756525801388732,False
6388,-7.492713472398676e-05,0.49062957582390804,0.49070450295863205,False
6389,-3.810522628043367e-05,0.1288216499346213,0.12885975516090173,False
6390,-0.00018806623119793894,0.42693438715547677,0.4271224533866747,False
6391,-0.00010321994232588662,0.46114778224674363,0.4612510021890695,False
6392,-7.351083946009903e-05,0.46924529024008244,0.46931880107954255,False
6393,-0.00010530229080557705,0.47468556972311554,0.4747908720139211,False
6394,-3.014338745446626e-05,0.4593876982570126,0.45941784164446703,False
6395,-6.026448278644447e-05,0.4573207024156969,0.45738096689848334,False
6396,-0.00032159908867537276,0.3965422835253223,0.39686388261399763,False
6397,-0.00011756709741850076,0.4655360383589111,0.4656536054563296,False
6398,-0.00012107528116799538,0.4763507817033684,0.4764718569845364,False
6399,-3.345465445301586e-05,0.4708109814090865,0.47084443606353954,False
6400,-0.0002277707302529493,0.40975441488900644,0.40998218561925936,False
6401,-0.0001498668052935564,0.4957066585745344,0.49585652537982794,False
6402,-0.00039712312837623844,0.4935060087691862,0.49390313189756246,False
6403,-2.331799368028454e-06,0.3812484247825452,0.38125075658191326,False
6404,-6.69271363415182e-05,0.47073212896727823,0.4707990561036198,False
6405,-8.588120621545509e-05,0.2878297183032271,0.28791559950944257,False
6406,-3.927376118410824e-05,0.46271398495077487,0.462753258711959,False
6407,-0.00011253888320153052,0.47460535137583015,0.47471789025903166,False
6408,-4.904809862445696e-05,0.46245723575637293,0.46250628385499737,False
6409,-7.60365692501512e-05,0.5110969572898354,0.5111729938590855,False
6410,-0.0003245995801845792,0.500280825354747,0.5006054249349317,False
6411,-7.462619921725074e-05,0.44936303776429287,0.44943766396351015,False
6412,-3.484085176570266e-05,0.4384585070367971,0.4384933478885628,False
6413,-9.780869559645982e-05,0.4839831435808382,0.48408095227643466,False
6414,-4.015713236229935e-05,0.44815663883747214,0.4481967959698344,False
6415,-3.743926734486055e-05,0.4673709700599786,0.4674084093273234,False
6416,-6.471203609981792e-05,0.4594220605516922,0.459486772587792,False
6417,-4.198700872144879e-05,0.4503423006812123,0.4503842876899337,False
6418,-0.00013100983612713497,0.996404814806043,0.9965358246421702,False
6419,-5.402058228468639e-05,0.4890691744141014,0.4891231949963861,False
6420,-6.16524217013409e-05,0.468509779586796,0.4685714320084974,False
6421,-5.67612880306726e-05,0.4678846001171381,0.4679413614051688,False
6422,-0.004155359003565935,0.20204997225194782,0.20620533125551374,False
6423,-6.243422477932739e-05,0.46429893193415184,0.46436136615893114,False
6424,-5.486996592927269e-05,0.463730978541917,0.4637858485078463,False
6425,-0.00010590876404491656,0.45896171159589405,0.459067620359939,False
6426,-0.00012791134286115028,0.4462046049767719,0.44633251631963305,False
6427,-4.988439960744215e-05,0.4857018245160975,0.48575170891570496,False
6428,-9.657147167733638e-05,0.43089986258385465,0.430996434055532,False
6429,-7.367311093498419e-05,0.44205306891120905,0.442126742022144,False
6430,-0.00017754811958179537,0.5127342420590416,0.5129117901786234,False
6431,-0.0005416469928611995,0.45922640900893136,0.45976805600179255,False
6432,-6.0833381222287345e-05,0.4935629801272005,0.4936238135084228,False
6433,-1.1180628284101706e-05,0.4598472913306108,0.4598584719588949,False
6434,-6.605119794203286e-05,0.45945210134421655,0.45951815254215855,False
6435,-0.00019052082787245493,0.48688678343125286,0.4870773042591253,False
6436,-9.304780745994673e-05,0.4836877840247807,0.48378083183224063,False
6437,-2.6486372286530525e-05,0.47054116121218964,0.47056764758447617,False
6438,-6.07957220177339e-05,0.4983753467672134,0.4984361424892311,False
6439,-0.0001687664782031883,0.47572757691168005,0.47589634338988324,False
6440,-5.455581610874561e-05,0.49801366930413427,0.498068225120243,False
6441,-7.915727669867268e-05,0.4720316718292891,0.4721108291059878,False
6442,-0.00033730648786663934,0.3934006700348502,0.3937379765227168,False
6443,-5.7798715280487324e-05,0.46290597340840933,0.46296377212368983,False
6444,-0.00010358120460057144,0.45909979627676784,0.4592033774813684,False
6445,-2.233358666195548e-05,0.4603723871443844,0.46039472073104637,False
6446,-7.032112956159251e-05,0.4431872154890458,0.4432575366186074,False
6447,-0.0002238856153962894,0.3210871376696267,0.321311023285023,False
6448,-4.8112917228982914e-05,0.4482956554448993,0.4483437683621283,False
6449,-3.569215026245427e-05,0.469425003403567,0.46946069555382947,False
6450,-7.77593181938373e-05,0.4755806350500697,0.4756583943682635,False
6451,-0.00018414203834084462,0.416336128400492,0.41652027043883283,False
6452,-7.682277234028384e-05,0.45831931748593235,0.45839614025827263,False
6453,-8.772100066446956e-05,0.4635368836112666,0.46362460461193106,False
6454,-7.860499386338529e-05,0.44536316604272164,0.445441771036585,False
6455,-0.0001611415810916242,0.44097224312916167,0.4411333847102533,False
6456,-0.0005090367250303695,0.40600419572178587,0.40651323244681625,False
6457,-5.852006604489576e-06,0.8616440258298834,0.8616498778364879,False
6458,-6.609073299009145e-05,0.4640634134466845,0.4641295041796746,False
6459,-0.00031414040953231715,0.5242783289898277,0.5245924693993601,False
6460,-4.9915409495027363e-05,0.4770285653432068,0.4770784807527018,False
6461,-4.626428731741433e-05,0.44973493239490486,0.4497811966822223,False
6462,-2.8743053855809273e-05,0.4859259896178003,0.4859547326716561,False
6463,-4.9126842467420766e-05,0.4748681134574091,0.47491724029987653,False
6464,-0.00011832981013079567,0.5453237036705934,0.5454420334807242,False
6465,-2.0078808194865703e-05,0.48525200426138404,0.4852720830695789,False
6466,-3.350709131617144e-05,0.47932660048010767,0.47936010757142383,False
6467,-3.2509829264922854e-05,0.4486312120987454,0.44866372192801035,False
6468,-4.040729626104455e-05,0.47398705338320807,0.4740274606794691,False
6469,-8.659207024047782e-05,0.47312876561338424,0.4732153576836247,False
6470,-0.00016759417758166183,0.4707196044194662,0.47088719859704786,False
6471,-0.0001576266379982516,0.13552367070555987,0.13568129734355813,False
6472,-7.456115729653737e-05,0.46871799232079764,0.4687925534780942,False
6473,-4.5189562304562434e-05,0.45860255407656547,0.45864774363887,False
6474,-6.330598432260006e-05,0.4791868481137342,0.47925015409805677,False
6475,-2.173387839082703e-05,0.4720777693251765,0.4720995032035673,False
6476,-4.4230686486737656e-05,0.45188126567509707,0.4519254963615838,False
6477,-8.666599058131592e-05,0.47975927525568374,0.47984594124626506,False
6478,-7.176979615481128e-05,0.472441768755072,0.4725135385512268,False
6479,-0.00010009544544455067,0.4565966633243639,0.4566967587698084,False
6480,-0.011861603496320617,1.0,1.0118616034963206,False
6481,-0.00015074832546157983,0.5167249771522727,0.5168757254777343,False
6482,-5.0974733443303125e-05,0.4563685146215211,0.4564194893549644,False
6483,-0.0006733834064437211,0.16848191184232084,0.16915529524876455,False
6484,-3.925148140579038e-05,0.4650859713978679,0.46512522287927366,False
6485,-7.738638490558465e-05,0.4518508651887845,0.45192825157369004,False
6486,-2.48149654763838e-05,0.48224572845689423,0.48227054342237063,False
6487,-0.00014075193617601103,0.18614287941493332,0.18628363135110934,False
6488,-0.00014097151977493483,0.4632951815103663,0.46343615303014124,False
6489,-6.777137585818244e-05,0.5196037291018152,0.5196715004776734,False
6490,-3.0251967354104435e-05,0.4794258963471523,0.47945614831450645,False
6491,-1.3210664000901794e-05,0.4609731394358466,0.4609863500998475,False
6492,-0.00015736169888458094,0.4767364260719747,0.4768937877708593,False
6493,-0.00010159202623953404,0.4570299339460796,0.45713152597231915,False
6494,-8.32875498961029e-05,0.432691128256465,0.4327744158063611,False
6495,-0.00013437326842856081,0.48069760723372773,0.4808319805021563,False
6496,-0.00010455050658058157,0.4517369930590467,0.4518415435656273,False
6497,-8.030433530041773e-05,0.44551342925333703,0.44559373358863746,False
6498,-2.4981226464964305e-05,0.4500240271587427,0.4500490083852076,False
6499,-8.259355221631093e-05,0.26851103232449663,0.2685936258767129,False
6500,-3.655133560209586e-05,0.4768363188542523,0.4768728701898544,False
6501,-4.150426768979674e-05,0.3626767524946872,0.362718256762377,False
6502,-6.884911205817503e-05,0.4820382480796351,0.48210709719169326,False
6503,-3.904944332736149e-05,0.45274239793443055,0.45278144737775794,False
6504,-0.00010157267508432894,0.44563279963001884,0.44573437230510315,False
6505,-2.8698189824958346e-05,0.46643373356287865,0.46646243175270363,False
6506,-6.834985738336914e-05,0.4748623061569028,0.47493065601428613,False
6507,-1.4003340595835782e-05,0.4584040403051477,0.4584180436457435,False
6508,-5.161112868726033e-05,0.47185217697760984,0.4719037881062971,False
6509,-0.00011303537106375393,0.48139797900476394,0.4815110143758277,False
6510,-0.0003861071950526511,0.991389462201864,0.9917755693969166,False
6511,-0.0001388648635495049,0.48650106117926445,0.486639926042814,False
6512,-5.804460815441404e-05,0.4757834994850908,0.4758415440932452,False
6513,-0.00011648776768344029,0.47190510985635575,0.47202159762403917,False
6514,-0.0005391999437303297,0.41649758633552003,0.41703678627925034,False
6515,-6.0175079234217134e-05,0.47865653122107826,0.4787167063003125,False
6516,-0.0001003647865249235,0.4781835657191114,0.47828393050563633,False
6517,-6.381831042803072e-05,0.4619279539229725,0.4619917722334005,False
6518,-0.00017780069818465705,0.45302447181865735,0.45320227251684203,False
6519,-2.7294155539421112e-05,0.4525081274992055,0.4525354216547449,False
6520,-0.0001760982827840878,0.401329319195698,0.40150541747848206,False
6521,-6.894459062135206e-05,0.45684171917617683,0.4569106637667982,False
6522,-0.00046067844932004516,0.38095856066682543,0.38141923911614545,False
6523,-4.5534019222649685e-05,0.4496727072682623,0.44971824128748494,False
6524,-9.455435837880785e-05,0.4603856651016521,0.46048021946003087,False
6525,-0.0001994719975988802,0.45334820661527836,0.45354767861287726,False
6526,-5.2254414489484664e-05,0.44788722475584797,0.44793947917033744,False
6527,-6.714832747296677e-05,0.4603902752813327,0.46045742360880565,False
6528,-0.00019968606770755804,0.4364308262316589,0.43663051229936645,False
6529,-9.171432123714337e-05,0.4296105264673042,0.42970224078854136,False
6530,-0.00013353474356724148,0.514469037296826,0.5146025720403933,False
6531,-0.0001426241525946035,0.4812209257593193,0.4813635499119139,False
6532,-6.233736520856296e-05,0.46431037221856836,0.4643727095837769,False
6533,-8.409567657724117e-05,0.4616210707107651,0.4617051663873423,False
6534,-5.880005473668431e-05,0.4692705365754304,0.46932933663016707,False
6535,-4.679970860783347e-05,0.4664039619971087,0.46645076170571653,False
6536,-5.064728648001109e-05,0.4548436131770668,0.4548942604635468,False
6537,-6.537792915037457e-05,0.4647146412667439,0.4647800191958943,False
6538,-2.1713525069631322e-05,0.466276714619664,0.46629842814473366,False
6539,-5.6661686875191455e-05,0.45654380871349887,0.45660047040037405,False
6540,-7.105755835844862e-05,0.4356477832479743,0.4357188408063328,False
6541,-6.322826194410424e-05,0.45378385665045895,0.45384708491240305,False
6542,-7.333333712719438e-05,0.46761787149360007,0.46769120483072724,False
6543,-0.0001040789573668621,0.48565051990628155,0.4857545988636484,False
6544,-4.208999465581118e-05,0.34951221789617143,0.34955430789082725,False
6545,-6.599409939849278e-05,0.47162560648319546,0.47169160058259396,False
6546,-8.019115365321776e-05,0.4751969895476585,0.4752771807013117,False
6547,-5.1603927312689154e-05,0.4667001294348914,0.4667517333622041,False
6548,-8.55167768526012e-05,0.4275880608779373,0.4276735776547899,False
6549,-4.431734542745418e-05,0.4839395881477586,0.4839839054931861,False
6550,-5.945856682662894e-05,0.4599276660950259,0.45998712466185254,False
6551,-4.557893144874761e-05,0.4868342049985524,0.48687978393000114,False
6552,-6.851791152457107e-05,0.45972412033448573,0.4597926382460103,False
6553,-0.00011632349199327555,0.44901847216141294,0.4491347956534062,False
6554,-4.471924399516721e-05,0.44954717618924367,0.44959189543323885,False
6555,-5.9862191792476287e-05,0.4760211612070555,0.476081023398848,False
6556,-0.0002461518431697827,0.40838791374378813,0.4086340655869579,False
6557,-0.00012644351645697618,0.47326713791954633,0.4733935814360033,False
6558,-6.48282258985271e-05,0.43867665933087724,0.4387414875567758,False
6559,-0.0001626001363376222,0.4873243843612199,0.4874869844975575,False
6560,-0.000269867960250281,0.5458665727873262,0.5461364407475765,False
6561,-0.00015336251459107511,0.48316506671629267,0.48331842923088375,False
6562,-6.553816022944002e-05,0.48385612114656734,0.48392165930679676,False
6563,-7.282847267536433e-05,0.4837049976626274,0.4837778261353028,False
6564,-1.3996021807010265e-05,0.45654893826276616,0.4565629342845732,False
6565,-6.237718703473681e-05,0.44806436063190735,0.4481267378189421,False
6566,-0.0005376149068045968,0.23872010954796,0.2392577244547646,False
6567,-0.00028308031681482997,0.6451113165923998,0.6453943969092146,False
6568,-6.630777476493507e-05,0.4581619870611472,0.45822829483591215,False
6569,-6.979981392658988e-05,0.4506261744817421,0.45069597429566866,False
6570,-7.948178174107428e-05,0.46469042941050354,0.4647699111922446,False
6571,-6.610977866743998e-05,0.4544305524795349,0.45449666225820234,False
6572,-6.675646461438307e-05,0.48908550997601974,0.48915226644063414,False
6573,-5.2452629202999156e-05,0.45343700681375526,0.45348945944295826,False
6574,-5.264412785208532e-05,0.4845009457102952,0.48455358983814734,False
6575,-2.908373165519842e-05,0.5032017309402659,0.5032308146719211,False
6576,-7.686692989156356e-05,0.42496865968606923,0.4250455266159608,False
6577,-7.499227887174039e-05,0.4532819871153754,0.45335697939424713,False
6578,-0.0001320294705975114,0.4561932222998301,0.45632525177042765,False
6579,-0.0001058894895111829,0.4645260062372182,0.46463189572672936,False
6580,-0.00011510921280521591,0.2534482626249021,0.25356337183770733,False
6581,-5.2329336383799484e-05,0.4635339533348724,0.4635862826712562,False
6582,-0.0003599927889602793,0.6564873080499327,0.656847300838893,False
6583,-0.00011163068337643297,0.30095166022248576,0.3010632909058622,False
6584,-7.984661296507172e-05,0.47022309508725496,0.47030294170022,False
6585,-0.00010889679059050411,0.47239890190593725,0.47250779869652776,False
6586,-0.00026294011732196386,0.4202773938965727,0.4205403340138947,False
6587,-5.3327899388362084e-05,0.472753249416789,0.47280657731617737,False
6588,-0.00011086657493157296,0.4548867101288585,0.4549975767037901,False
6589,-7.508110292360991e-05,0.4707407105206663,0.4708157916235899,False
6590,-0.00019783077605328521,0.7206316045851773,0.7208294353612306,False
6591,-4.969890972736408e-05,0.46023234759854165,0.46028204650826904,False
6592,-0.00019968417412892135,0.5018661494389226,0.5020658336130516,False
6593,-8.780129108692287e-05,0.4862840682034209,0.48637186949450784,False
6594,-0.0024178408489065905,0.551611681497991,0.5540295223468976,False
6595,-0.0001021185837186023,0.45765608570092353,0.45775820428464215,False
6596,-6.59514981619228e-05,0.46594045909023635,0.46600641058839826,False
6597,-8.243457725735864e-05,0.4588086353944883,0.45889106997174567,False
6598,-6.135401259698417e-05,0.4657945543886903,0.46585590840128727,False
6599,-0.00019418728792781556,0.49006898423771594,0.49026317152564375,False
6600,-5.6767545517024274e-05,0.453160062221355,0.45321682976687205,False
6601,-3.3410601182892056e-05,0.43930145043912666,0.43933486104030955,False
6602,-0.000226735395627437,0.4949356022536551,0.4951623376492826,False
6603,-7.495169551689505e-05,0.441320900660965,0.44139585235648193,False
6604,-2.1125681324171484e-05,0.5085088639411155,0.5085299896224397,False
6605,-0.0001289944928131589,0.4793716258114612,0.47950062030427437,False
6606,-0.00011323458176059156,0.5157822095422238,0.5158954441239844,False
6607,-9.319359393017933e-05,0.47339694653912834,0.4734901401330585,False
6608,-0.0001855432355393112,0.4866706633443938,0.4868562065799331,False
6609,-7.229667057700334e-05,0.4866110411464327,0.48668333781700973,False
6610,0.0,0.1105439627039751,0.1105439627039751,False
6611,-0.00028621239778476383,0.5747506870258564,0.5750368994236412,False
6612,-6.322089397920863e-05,0.4593441782673091,0.4594073991612883,False
6613,-6.425261180548367e-05,0.39717555028694174,0.3972398028987472,False
6614,-0.000464995506974813,0.9955764218637884,0.9960414173707631,False
6615,-6.535972631552467e-05,0.45651584982818244,0.456581209554498,False
6616,-0.00017734919131644152,0.4661397521262221,0.46631710131753856,False
6617,-0.00018728573981856107,0.46185487722623414,0.4620421629660527,False
6618,-0.0001646504028424633,0.47012790222754897,0.47029255263039144,False
6619,-0.0002615400699066602,0.393310652800703,0.3935721928706096,False
6620,-0.00018593988523335608,0.5013660215471469,0.5015519614323803,False
6621,-3.1872032554592115e-05,0.45818911722542466,0.45822098925797927,False
6622,-0.0011455800285695614,0.40229571717654244,0.403441297205112,False
6623,-4.739188433597299e-05,0.44087794158543664,0.4409253334697726,False
6624,-0.00010155621923303136,0.48350179752533123,0.48360335374456426,False
6625,-4.730332902320994e-05,0.6553502552685785,0.6553975585976017,False
6626,-7.108814206836957e-05,0.4702175549771594,0.47028864311922774,False
6627,-0.0002270811695929791,0.5106572082574707,0.5108842894270638,False
6628,-0.0006895403456404549,0.35772130462435475,0.3584108449699952,False
6629,-4.659990225347717e-05,0.49818289425289,0.49822949415514345,False
6630,-0.00015597202703759267,0.4728627706749907,0.4730187427020283,False
6631,-8.249841574113868e-05,0.4424628808865085,0.44254537930224963,False
6632,-8.642691960173778e-05,0.4728971519163216,0.47298357883592335,False
6633,-4.5346423733859086e-05,0.46229806941360785,0.46234341583734173,False
6634,-0.00015143844591792484,0.4500805051611315,0.45023194360704943,False
6635,-0.0001074451714775884,0.44543313914629173,0.44554058431776933,False
6636,-3.294516718619059e-05,0.4806253540283931,0.48065829919557934,False
6637,-4.2630258493873574e-05,0.45139765945190924,0.4514402897104031,False
6638,-5.087283869841376e-05,0.4634446143413076,0.46349548718000605,False
6639,-0.0001124560985723183,0.4626257553412787,0.462738211439851,False
6640,-8.111492266535603e-05,0.45857695880919763,0.458658073731863,False
6641,-3.5762002226187165e-05,0.4629638664270299,0.4629996284292561,False
6642,-6.446654749523223e-05,0.46256155635513324,0.4626260229026285,False
6643,-9.280004751425054e-05,0.46729473588140735,0.4673875359289216,False
6644,-7.590140268936315e-05,0.4653211692716493,0.46539707067433866,False
6645,-0.00018921429836354808,0.7756652314965546,0.7758544457949181,False
6646,-6.89720535937926e-05,0.4919872396009847,0.4920562116545785,False
6647,-4.0074064437204083e-05,0.45814956640657223,0.4581896404710094,False
6648,-2.2195652212059544e-05,0.4751749987075546,0.47519719435976665,False
6649,-2.725763766507785e-05,0.4418394617490994,0.4418667193867645,False
6650,-0.00017958054097648966,0.3962969968697286,0.3964765774107051,False
6651,-5.641806486269535e-05,0.4343313773385276,0.4343877954033903,False
6652,-3.0351865931684252e-05,0.49644017981807653,0.49647053168400823,False
6653,-8.811704954564616e-05,0.45585409541008315,0.4559422124596288,False
6654,-9.193837972890389e-05,0.4796306316240794,0.4797225700038083,False
6655,-8.315737204911227e-05,0.45641011135022713,0.45649326872227625,False
6656,-8.441489999179685e-05,0.46218152326554945,0.46226593816554123,False
6657,-0.0011012013649316812,1.0,1.0011012013649316,False
6658,-0.00029794843779873214,0.14538551483690298,0.14568346327470172,False
6659,-0.00010044373216377644,0.46095485416533694,0.4610552978975007,False
6660,-6.611233846909678e-05,0.4529092604080108,0.4529753727464799,False
6661,-7.306553533721985e-06,0.4696334094028044,0.4696407159563381,False
6662,-6.804763854708765e-05,0.4520374480688053,0.45210549570735237,False
6663,-7.716247749142524e-05,0.46648662773939115,0.46656379021688255,False
6664,-0.00012790674370063778,0.4612999415323338,0.4614278482760344,False
6665,-5.233560873075554e-05,0.46165257697262574,0.4617049125813565,False
6666,-8.849007031486411e-05,0.4679095308076569,0.46799802087797177,False
6667,-0.0001323001205202574,0.4696288535830684,0.4697611537035886,False
6668,-6.224954001590541e-06,0.48146897123830573,0.48147519619230733,False
6669,-0.000141591565236844,0.5625623108974629,0.5627039024626997,False
6670,-2.9637731737301022e-05,0.44924567652559433,0.44927531425733164,False
6671,-5.9042188334621866e-05,0.44918374588464044,0.4492427880729751,False
6672,-0.0002246184880152682,0.34355832975388606,0.3437829482419013,False
6673,-6.262677775408907e-05,0.4532695750690316,0.4533322018467857,False
6674,-5.83818869162965e-05,0.4610782160011301,0.4611365978880464,False
6675,-3.8469515290296036e-05,0.44455488861215536,0.44459335812744566,False
6676,-4.597580969746469e-05,0.46944509305685495,0.4694910688665524,False
6677,-8.567799955488735e-05,0.48968076189807314,0.489766439897628,False
6678,-0.00016063689819661555,0.4723799275092158,0.47254056440741243,False
6679,-9.614172983280485e-05,0.4644194000609327,0.4645155417907655,False
6680,-0.0001244413767766082,0.44254185642452926,0.44266629780130584,False
6681,-1.824591456225812e-05,0.4506357628277015,0.45065400874226375,False
6682,-0.00011188398415409242,0.4701951866702049,0.47030707065435895,False
6683,-0.00012391764891064107,0.47713346517008154,0.47725738281899216,False
6684,-8.428915185490839e-05,0.447319446240482,0.4474037353923369,False
6685,-6.934677005482001e-05,0.4515491717745014,0.4516185185445562,False
6686,-0.0005236726772798762,0.38189761211998363,0.3824212847972635,False
6687,-0.00010622419227152253,0.4982753151690499,0.4983815393613214,False
6688,-7.81852136582573e-05,0.45603348778184644,0.4561116729955047,False
6689,-5.118199675359906e-05,0.46285010832461854,0.4629012903213721,False
6690,-8.615973987001256e-05,0.45280941378811856,0.4528955735279886,False
6691,-6.748430519668026e-05,0.46255262489698634,0.46262010920218305,False
6692,-6.711913604031833e-05,0.49463070922550567,0.49469782836154597,False
6693,-6.73425047068162e-05,0.47448682312726376,0.47455416563197056,False
6694,0.0,0.06834983055799047,0.06834983055799047,False
6695,-0.0002128231437120853,0.4822930441834132,0.48250586732712525,False
6696,-0.0002830782385152605,0.5206628646341089,0.5209459428726242,False
6697,-5.7401033959080944e-05,0.456879036004865,0.4569364370388241,False
6698,-5.204943043047519e-05,0.4757157379417432,0.4757677873721737,False
6699,-0.00044964653507265876,0.9594162719018804,0.959865918436953,False
6700,-0.00010463950147701509,0.5332732130677263,0.5333778525692033,False
6701,-5.6463142837201964e-05,0.47862076016120997,0.47867722330404716,False
6702,-0.0002631853723385958,0.8354349911977682,0.8356981765701068,False
6703,-0.00010026763866756972,0.4705519437452313,0.47065221138389884,False
6704,-0.00011596899093655343,0.4834910949564938,0.48360706394743036,False
6705,-0.0001687801319970898,0.4883812451885754,0.4885500253205725,False
6706,-0.0001432732227571357,0.4511726457312002,0.45131591895395734,False
6707,-0.0001342315658946141,0.29722149155467864,0.29735572312057323,False
6708,-6.398816229990264e-05,0.4692986111425836,0.4693625993048835,False
6709,-0.00021276908968203244,0.46904409480312664,0.4692568638928087,False
6710,-6.368781736965335e-05,0.45468353064101374,0.4547472184583834,False
6711,0.0,0.5495383477038747,0.5495383477038747,False
6712,-0.00031580824518068977,0.519196140183342,0.5195119484285228,False
6713,-8.245240816228118e-05,0.45392647177999534,0.45400892418815764,False
6714,-0.0001047121819284955,0.4516329365624203,0.4517376487443488,False
6715,-3.155420158518323e-05,0.4425794673620439,0.4426110215636291,False
6716,-8.926521962108918e-05,0.4972064385036902,0.4972957037233113,False
6717,-0.00019770300936359166,0.49922240475310053,0.49942010776246415,False
6718,-0.000118605138569683,0.45240543009693046,0.45252403523550017,False
6719,-0.0012477988778519535,0.997386910933124,0.998634709810976,False
6720,-0.0004814960540741911,0.4286034045400213,0.42908490059409554,False
6721,-0.00012882545609007367,0.48156485537376126,0.4816936808298513,False
6722,-0.00010800205151017048,0.48174328743376854,0.4818512894852787,False
6723,-0.0011679334978827354,0.35437370287587167,0.3555416363737544,False
6724,-7.812856275021413e-05,0.4756340740833487,0.47571220264609887,False
6725,-1.749616631306932e-05,0.4608754257334896,0.4608929218998027,False
6726,-0.0001029671036518258,0.4593013673997146,0.45940433450336643,False
6727,-0.00018986899666972867,0.9993498663196916,0.9995397353163613,False
6728,-0.00013497446454670855,0.4524886699800656,0.4526236444446123,False
6729,-4.846176997171848e-05,0.46500770471926206,0.46505616648923376,False
6730,-5.692636339934776e-05,0.4762155879754073,0.47627251433880663,False
6731,-0.00015503753143903635,0.4683969841457185,0.46855202167715754,False
6732,-0.00025684370304529346,0.5313222308098428,0.531579074512888,False
6733,-0.00014449193959072614,0.46213760409321886,0.46228209603280956,False
6734,-0.0001665106127065744,0.49188644079203064,0.4920529514047372,False
6735,-6.049781077540102e-05,0.4751363516910893,0.4751968495018647,False
6736,-0.00011487900824248731,0.47284796644972826,0.47296284545797074,False
6737,-5.985700887942221e-05,0.46348911076626104,0.4635489677751405,False
6738,-3.738078380961953e-05,0.5176444148542233,0.517681795638033,False
6739,-8.114186999402595e-05,0.454848325238229,0.454929467108223,False
6740,-8.492164966059318e-05,0.5091667108829118,0.5092516325325723,False
6741,-9.370063494575923e-05,0.45050338042548393,0.45059708106042967,False
6742,-0.00010988939767458646,0.45748745877626623,0.4575973481739408,False
6743,-1.7967106217807017e-05,0.45272909518179605,0.45274706228801387,False
6744,-6.583825142912307e-05,0.5056702603077026,0.5057360985591317,False
6745,-5.550617678140918e-05,0.46543362759643014,0.46548913377321155,False
6746,-9.546923955986425e-05,0.46512231766233203,0.4652177869018919,False
6747,-5.0612633528486123e-05,0.4524083007026316,0.4524589133361601,False
6748,-8.790694181840908e-05,0.45139171625265995,0.4514796231944784,False
6749,-7.608381590541986e-05,0.5001864331322146,0.50026251694812,False
6750,-5.519662665731179e-05,0.444660985419985,0.4447161820466423,False
6751,-0.00014259240144234766,0.49193907889071553,0.49208167129215785,False
6752,-0.00014909877495927564,0.9952201319203173,0.9953692306952766,False
6753,-0.0007639742270036732,0.37669932201253015,0.37746329623953384,False
6754,-8.719165768671456e-05,0.4520716711925767,0.4521588628502634,False
6755,-5.0472174584467035e-05,0.45242771683714755,0.45247818901173203,False
6756,-0.00018198155329037197,0.47625677427938967,0.47643875583268,False
6757,-8.038832961320862e-05,0.4782998024315691,0.4783801907611823,False
6758,-9.295674530495733e-05,0.46166462758369353,0.4617575843289985,False
6759,-4.420160020087533e-05,0.48301584341645065,0.4830600450166515,False
6760,-8.136531798991408e-05,0.45004371167232016,0.45012507699031007,False
6761,-0.00036061556973877266,0.43209762006877245,0.4324582356385112,False
6762,-5.829941298972554e-05,0.47295945885728974,0.4730177582702795,False
6763,-0.0001969459998294899,1.0,1.0001969459998294,False
6764,-0.0008550142369717635,0.36895772106694946,0.3698127353039212,False
6765,-0.00011246932374672468,0.46540770064303416,0.46552016996678086,False
6766,-4.222698362941196e-05,0.41679741547309307,0.4168396424567225,False
6767,-0.00018984875546695465,0.46034028901578977,0.46053013777125673,False
6768,-0.0015127403962401276,1.0,1.00151274039624,False
6769,-7.188501147892612e-05,0.48625478499432656,0.4863266700058055,False
6770,-5.817662780551417e-05,0.4582348802848908,0.4582930569126963,False
6771,-0.0006659088305506342,0.39405684341355646,0.3947227522441071,False
6772,-0.00010988094998712722,0.45112654174559447,0.4512364226955816,False
6773,-7.776679881504218e-05,0.4541904588032846,0.4542682256020997,False
6774,-0.0005886591796583324,0.4107925629765834,0.41138122215624173,False
6775,-0.00018047592889079678,0.48175339286191265,0.48193386879080347,False
6776,-9.54389509301131e-05,0.4575900255021769,0.45768546445310704,False
6777,-2.9984893254927917e-05,0.5441456506118367,0.5441756355050916,False
6778,-5.6382546084430655e-05,0.45126923910814837,0.4513256216542328,False
6779,-0.00027627184584405764,0.4802977732899955,0.48057404513583957,False
6780,-0.00014366534069683515,0.4775072852894913,0.47765095063018814,False
6781,-2.5122871986247383e-05,0.508410039023107,0.5084351618950932,False
6782,-5.22930292985843e-05,0.48618885129451106,0.48624114432380966,False
6783,-4.959454512598087e-05,0.46664686799660554,0.4666964625417315,False
6784,-7.297923469554718e-05,0.4618486021028805,0.46192158133757605,False
6785,-0.0005698913250281106,0.27960185692916206,0.28017174825419017,False
6786,-0.0004951304530754979,0.3960344248888715,0.39652955534194695,False
6787,-4.81481880647356e-05,0.45499562616188927,0.455043774349954,False
6788,-6.262967755205057e-05,0.4717229293918006,0.47178555906935266,False
6789,-3.535824360450484e-05,0.4945688097904942,0.49460416803409873,False
6790,-9.192141851637211e-05,0.4503226496646417,0.4504145710831581,False
6791,-0.00012963878120819203,0.49815347114725456,0.49828310992846275,False
6792,-0.0002819626747935209,0.19784079659185597,0.1981227592666495,False
6793,-0.0001021031406524512,0.49051778160170534,0.4906198847423578,False
6794,-9.195090344827286e-05,0.4629208678029363,0.46301281870638455,False
6795,-7.297524028771555e-05,0.4678511374521421,0.4679241126924298,False
6796,-0.0003602268580909535,0.4362908768499733,0.43665110370806426,False
6797,-0.0001452607488397323,0.47095454536311415,0.4710998061119539,False
6798,-7.897428577837653e-05,0.44732828216371484,0.4474072564494932,False
6799,-0.00010603859551752748,0.46385057678844027,0.4639566153839578,False
6800,-3.891238084501924e-05,0.4604218890447859,0.46046080142563095,False
6801,-0.00028444278728865987,0.5679019430834059,0.5681863858706946,False
6802,-0.0001719860728340098,0.48069643620330343,0.48086842227613746,False
6803,-2.1180375362430856e-05,0.4593267696568709,0.45934795003223333,False
6804,-3.70267527448379e-05,0.4831349381519375,0.48317196490468234,False
6805,-0.00012141714859859157,0.0970581653570198,0.0971795825056184,False
6806,-1.9772870656416195e-05,0.46873972122378743,0.46875949409444384,False
6807,-7.562780156143311e-05,0.47411116951707993,0.4741867973186414,False
6808,-0.0001361372717697491,0.47376596840395785,0.4739021056757276,False
6809,-7.332653079616006e-05,0.4625446178760394,0.46261794440683557,False
6810,-3.792703055063161e-05,0.5118826561163735,0.5119205831469241,False
6811,-0.00039351427942572624,0.5750298240595285,0.5754233383389542,False
6812,-4.120615706300411e-05,0.5039056852661795,0.5039468914232426,False
6813,-0.0001550973782078525,0.48386347847523126,0.4840185758534391,False
6814,-6.831897528541081e-05,0.47429378687203105,0.4743621058473165,False
6815,-7.041034019782747e-05,0.4565975489860249,0.4566679593262227,False
6816,-5.529505407990742e-05,0.4419948897052005,0.44205018475928043,False
6817,-0.00014694472205381667,0.4740238953396969,0.47417084006175075,False
6818,-7.267381582855754e-05,0.4627365643987547,0.46280923821458325,False
6819,-6.67367078416368e-05,0.4651612336236459,0.46522797033148755,False
6820,-0.0001714300067908661,0.4511892885892388,0.45136071859602966,False
6821,-0.00011121991635894653,0.9997428335467716,0.9998540534631306,False
6822,-0.00016649886035509392,0.49294973373538553,0.4931162325957406,False
6823,-4.419440742085848e-05,0.46310028778381945,0.4631444821912403,False
6824,-0.0004853860747329498,1.0,1.000485386074733,False
6825,-0.00021302061311351372,0.4349717773906495,0.43518479800376303,False
6826,-7.185305844112044e-05,0.46776873313103623,0.4678405861894773,False
6827,-5.595470384353997e-05,0.4746597762283343,0.47471573093217784,False
6828,-0.00010634802726618126,0.43302035983570447,0.43312670786297064,False
6829,-4.807899950277977e-05,0.4805363309869223,0.48058440998642504,False
6830,-0.00035993950825224355,0.2840655829097076,0.2844255224179599,False
6831,-9.75098741982371e-05,0.49365835269235403,0.49375586256655224,False
6832,-6.138836049638866e-05,0.4516869398066471,0.4517483281671435,False
6833,-4.8592413600643716e-05,0.44473937990513746,0.4447879723187381,False
6834,-0.0003233270932630295,0.36282041244066,0.36314373953392304,False
6835,-0.0008039092905397775,0.42412195553322396,0.4249258648237637,False
6836,-0.0001034277152028775,0.6541880761872042,0.6542915039024071,False
6837,-6.486873129876333e-05,0.4791371541379842,0.47920202286928293,False
6838,-7.912759604955619e-05,0.4599264402477241,0.46000556784377367,False
6839,-6.483042744925544e-05,0.469658906563032,0.46972373699048126,False
6840,-0.0002580357532840765,0.4851788277682414,0.4854368635215255,False
6841,-6.83606448422891e-05,0.45398109008035725,0.45404945072519953,False
6842,-5.526659514096855e-05,0.4793063039808206,0.47936157057596157,False
6843,-0.00011483334532894047,0.4796492542942476,0.4797640876395765,False
6844,-9.369334439939808e-05,0.4493291047430966,0.449422798087496,False
6845,-0.00011619457198461437,0.441630082989487,0.44174627756147167,False
6846,-7.812242150492792e-05,0.43871052794144666,0.43878865036295156,False
6847,-4.597861807967175e-05,0.4670571773050325,0.46710315592311213,False
6848,-3.854941671349927e-05,0.3224675055990071,0.3225060550157206,False
6849,-0.0003260187071717723,0.7288677044380925,0.7291937231452642,False
6850,-2.8398687881710277e-05,0.46426887098046127,0.464297269668343,False
6851,-0.00017860621744809235,0.23291878539014468,0.23309739160759277,False
6852,-9.393486379387104e-05,0.45484133939168486,0.45493527425547875,False
6853,-0.00022255731371551886,0.492965567324809,0.4931881246385245,False
6854,-0.00032051156886049175,0.4828144567583299,0.4831349683271904,False
6855,-8.811402008912294e-05,0.25560435502463275,0.25569246904472187,False
6856,-0.00024328276832916767,0.46417100545827095,0.46441428822660014,False
6857,-8.193425927796834e-05,0.43505387351882546,0.43513580777810346,False
6858,-7.333279011085506e-05,0.43226834120783086,0.4323416739979417,False
6859,0.0,0.6217108612685686,0.6217108612685686,False
6860,-6.132889114933443e-05,0.4734465960835477,0.47350792497469707,False
6861,-5.141731337145085e-05,0.47940492401151313,0.47945634132488457,False
6862,-8.149078501129377e-05,0.48023306821639805,0.48031455900140935,False
6863,-0.00041558322768728805,0.3761706480461898,0.37658623127387714,False
6864,-0.00010569262437671017,0.5753338327541375,0.5754395253785143,False
6865,-0.00011849167573157688,1.0,1.0001184916757315,False
6866,-0.00020407961023902549,0.997755064400365,0.997959144010604,False
6867,-0.00010342521888895871,0.4728332400740586,0.47293666529294753,False
6868,-4.5460444137988006e-05,0.4945603540978714,0.4946058145420094,False
6869,-5.6689066932007204e-05,0.48391086868032746,0.48396755774725947,False
6870,-0.00011187947729566854,0.4616544947099301,0.46176637418722577,False
6871,-0.0001303644293044733,0.4528540478933695,0.452984412322674,False
6872,-0.0002979348714315136,0.45323076197152645,0.453528696842958,False
6873,-7.06613769266953e-05,0.04319603178753315,0.04326669316445985,False
6874,-0.0002276711890201528,0.5837905106293281,0.5840181818183482,False
6875,-8.930605742086558e-05,0.4703441703927017,0.47043347645012257,False
6876,-3.541133910865284e-05,0.4736161549407696,0.47365156627987826,False
6877,-0.0002535439952853712,0.18974113637235676,0.18999468036764214,False
6878,-0.00019798905555687342,0.4542040630833833,0.45440205213894014,False
6879,-0.003454560772462127,1.0,1.003454560772462,False
6880,-8.302121653487562e-05,0.470817541515403,0.47090056273193787,False
6881,-8.124535082646533e-05,0.435737912776743,0.4358191581275695,False
6882,-0.00014360846343330308,0.44627756534446017,0.4464211738078935,False
6883,-2.2455497834219843e-05,0.47231992878832785,0.47234238428616204,False
6884,-0.0010133043382453365,0.3908255878947183,0.3918388922329636,False
6885,-0.00013866635776750975,0.508252129079161,0.5083907954369284,False
6886,-4.954104630066962e-05,0.4542337214755378,0.4542832625218385,False
6887,-9.85023311572016e-05,0.45804946842570154,0.45814797075685876,False
6888,-8.428588863294983e-05,0.4514894876272042,0.45157377351583716,False
6889,-0.0003990150070649573,0.9571286957014161,0.9575277107084811,False
6890,-0.00011634759554182041,0.3493808479403987,0.3494971955359405,False
6891,-0.0001097920181782529,0.47875319895057505,0.4788629909687533,False
6892,-3.060573933392974e-05,0.4870488334848055,0.48707943922413943,False
6893,-5.86873813902382e-05,0.4549980287877218,0.45505671616911203,False
6894,-0.002285287127124164,0.1273342511162845,0.12961953824340866,False
6895,-0.0002656016311517683,0.49379363062428766,0.4940592322554394,False
6896,-0.00018395117551790177,0.6144576791519852,0.6146416303275032,False
6897,-0.0002731393027517936,0.4786537059093657,0.4789268452121175,False
6898,-0.00012113881118546745,0.46683978286633143,0.4669609216775169,False
6899,-0.00032272602355581367,1.0,1.0003227260235559,False
6900,-8.805370036380718e-05,0.4495031651320244,0.4495912188323882,False
6901,-9.55145211527312e-05,0.4600685412794927,0.46016405580064546,False
6902,-0.00021350003627416432,0.5053092724277792,0.5055227724640534,False
6903,-0.00038563472669442804,0.4878614473442354,0.48824708207092987,False
6904,-0.00013465168917816086,0.4805030120503747,0.48063766373955286,False
6905,-0.00011138744858678833,0.4703653393144482,0.470476726763035,False
6906,-0.00012515975447817686,0.48551272923286976,0.48563788898734794,False
6907,-6.706209393830165e-05,0.46300283863194297,0.4630699007258813,False
6908,-9.423387172123077e-05,0.47057393545045256,0.4706681693221738,False
6909,-2.651621977647886e-05,0.46008878811380993,0.4601153043335864,False
6910,-0.0008042154955213279,0.10267184066600894,0.10347605616153027,False
6911,-2.9512373300210183e-05,0.4611445964836939,0.4611741088569941,False
6912,-0.00010134895053361622,0.509174896104832,0.5092762450553656,False
6913,-0.00010011460223922123,0.47015138370491977,0.470251498307159,False
6914,-8.097477495496947e-05,0.47600223833308636,0.4760832131080413,False
6915,-0.00011967546155349933,0.40768321985679246,0.40780289531834596,False
6916,-3.558947954566054e-05,0.4708628509271692,0.47089844040671486,False
6917,-0.00013494388324519768,0.4599138281394562,0.4600487720227014,False
6918,-9.339010321860063e-05,0.45509510675888776,0.4551884968621064,False
6919,-0.00043276631315788597,0.7529131124045808,0.7533458787177387,False
6920,-6.618673300172691e-05,0.4501730434070757,0.45023923014007744,False
6921,-0.0005287432352687436,0.4257757171384153,0.426304460373684,False
6922,-6.313594833453499e-05,0.4479653581832185,0.448028494131553,False
6923,-5.374694646837615e-05,0.45947326239065267,0.45952700933712104,False
6924,-4.748932431579995e-05,0.4649850476751917,0.46503253699950753,False
6925,-0.00012506997617006368,0.5031720299271475,0.5032970999033175,False
6926,-5.4352260763533464e-05,0.4505169486763733,0.4505713009371369,False
6927,-7.962470627467105e-05,0.45584997409206374,0.4559295987983384,False
6928,-9.987701198473523e-05,0.46870083637693494,0.46880071338891965,False
6929,-2.610321211011374e-05,0.45179799288082984,0.45182409609293994,False
6930,-0.00018732157052664741,0.49140181083890694,0.4915891324094336,False
6931,-9.976685753653175e-05,0.4803444886139555,0.48044425547149205,False
6932,-0.0003775215560922695,0.4251716512793309,0.42554917283542315,False
6933,-5.614867929732482e-05,0.46772940191144363,0.46778555059074095,False
6934,-0.00027170424082241485,0.8861784047432506,0.8864501089840731,False
6935,-0.0002027596028640987,0.9921257586627756,0.9923285182656397,False
6936,-0.0005047992441805615,0.4148707213797629,0.41537552062394345,False
6937,-0.0001210396836008508,0.456604318595628,0.45672535827922883,False
6938,-0.0006739336483824729,0.3671189622884152,0.36779289593679765,False
6939,-0.0001461439304755104,0.998667589634118,0.9988137335645935,False
6940,-4.0931478859544883e-05,0.4728572425627618,0.4728981740416213,False
6941,-0.0001457386673586791,0.47477547318907054,0.4749212118564292,False
6942,-1.7251364315741157e-05,0.4853210618032084,0.4853383131675241,False
6943,-1.1435734854144652e-05,0.4647431095038775,0.4647545452387316,False
6944,-4.933599019752785e-05,0.46334595675172013,0.46339529274191765,False
6945,-4.4509984812463996e-05,0.4669102492341646,0.46695475921897706,False
6946,-0.00015612507722705267,0.4739595577484899,0.474115682825717,False
6947,-0.00020766300436825103,0.4529748820953724,0.45318254509974065,False
6948,-0.00024884767632187156,0.4177656024806891,0.418014450157011,False
6949,-0.00015789411497850288,0.47569259911400635,0.47585049322898487,False
6950,-0.00026657260452226734,0.4088522701533795,0.4091188427579018,False
6951,-4.279018555822147e-05,0.4622790505341489,0.4623218407197071,False
6952,-6.697797706435174e-05,0.6382954435242129,0.6383624215012772,False
6953,-0.0005456323640331776,0.4609151942571421,0.46146082662117527,False
6954,-9.285158502485206e-05,0.4894416427222386,0.4895344943072635,False
6955,-0.00012155710342898002,0.4933634133910732,0.4934849704945022,False
6956,-6.026165953237384e-05,0.48363669731351694,0.4836969589730493,False
6957,-0.00014498946340561154,0.47607031456703286,0.4762153040304385,False
6958,-5.243279959493809e-05,0.46611884465574777,0.4661712774553427,False
6959,-0.00010224759335101201,0.47014336642686994,0.47024561402022097,False
6960,-0.00011358359529836063,0.47153624072226474,0.4716498243175631,False
6961,-2.7569434096936417e-06,0.1330964653670041,0.1330992223104138,False
6962,-3.502846983103804e-05,0.4642702933488772,0.46430532181870826,False
6963,-6.370640613962627e-05,0.479362823719708,0.4794265301258476,False
6964,-1.076949743962247e-05,0.4683942994313768,0.4684050689288164,False
6965,-3.688523604068798e-05,0.47634873913417236,0.47638562437021303,False
6966,-5.7824826828657394e-05,0.4481750524015666,0.4482328772283952,False
6967,-0.00031489510130389045,0.5996365376550087,0.5999514327563126,False
6968,-4.3210421212108644e-05,0.465308141175048,0.46535135159626007,False
6969,-5.4099459653925204e-05,0.4922409519741058,0.4922950514337597,False
6970,-0.0003295020571743133,0.24126688097792315,0.24159638303509745,False
6971,-0.00010953929900524359,0.46643981906483867,0.4665493583638439,False
6972,-9.352170529152902e-05,0.4766510156580707,0.47674453736336225,False
6973,-5.0206710407970284e-05,0.4495704413500426,0.44962064806045055,False
6974,-8.304644318348797e-05,0.5039115291978207,0.5039945756410041,False
6975,-9.27875812091793e-05,0.4703218751815693,0.4704146627627785,False
6976,-0.000174273839023211,0.4741798871258634,0.4743541609648866,False
6977,-0.0001058726460033014,0.3860435244391154,0.3861493970851187,False
6978,-0.0001330362640786864,0.48149314992609177,0.48162618619017045,False
6979,-0.00015210889949133675,0.45620663080199747,0.4563587397014888,False
6980,-7.764511202640201e-05,0.4642100778098668,0.4642877229218932,False
6981,-7.818338616652524e-05,0.47039682554724394,0.4704750089334105,False
6982,-4.341722892252977e-05,0.4862358493978305,0.486279266626753,False
6983,-5.415958624160431e-05,0.4541625370139488,0.45421669660019043,False
6984,-6.499571811189354e-05,0.4719922988143593,0.4720572945324712,False
6985,-0.0002979030945816767,0.5007107936735392,0.5010086967681209,False
6986,-0.0006388494454243697,0.7149413515861851,0.7155802010316095,False
6987,-7.409969035105499e-05,0.48107762679054705,0.4811517264808981,False
6988,-3.1464454859750846e-05,0.4536243577067157,0.45365582216157546,False
6989,-0.00011119688698749234,0.465262946391485,0.46537414327847254,False
6990,-0.00012180900208579395,0.4638476212887966,0.4639694302908824,False
6991,-0.0004912432419265448,0.32955516730116297,0.33004641054308953,False
6992,-0.0001576925707957533,0.4681562490663897,0.4683139416371854,False
6993,-3.451927799739364e-05,0.4813117243426574,0.4813462436206548,False
6994,-0.0004901290880662118,0.5413558012184041,0.5418459303064703,False
6995,-8.200231877642525e-05,0.45557207732175753,0.45565407964053395,False
6996,-4.8481702143269964e-05,0.5039544339694594,0.5040029156716026,False
6997,-7.31194412399725e-05,0.4767531569378445,0.4768262763790845,False
6998,-0.0002719415362511623,0.43267431268094436,0.4329462542171955,False
6999,-0.0001784443059137612,0.5051634292352902,0.505341873541204,False
7000,-0.00017253533222776803,0.4631946592125473,0.4633671945447751,False
7001,-7.993608865644666e-05,0.4680364837021666,0.4681164197908231,False
7002,-0.00012667529765074208,0.474771413192039,0.4748980884896898,False
7003,-9.639724371623306e-05,0.43652300336345257,0.4366194006071688,False
7004,-0.00014750320791970088,0.5181025345346436,0.5182500377425633,False
7005,-5.838330217150402e-05,0.48085116611256623,0.48090954941473774,False
7006,-0.00015185297059435395,0.38166973436989493,0.38182158734048927,False
7007,-5.983349530891921e-05,0.46910891302523244,0.46916874652054136,False
7008,-7.682362974500623e-05,0.470339251691771,0.47041607532151597,False
7009,-6.062177603296959e-05,0.6077483830074716,0.6078090047835045,False
7010,-6.565321302840151e-05,0.4598506202825344,0.4599162734955628,False
7011,-0.00010474051107439953,0.4661713763893739,0.4662761169004483,False
7012,-0.00012674213537693959,0.4614921965698227,0.46161893870519966,False
7013,-8.953134227968927e-05,0.45238714807153335,0.45247667941381303,False
7014,-0.014619454917231291,0.20741190362737347,0.22203135854460476,False
7015,-0.0002794764863968203,0.41221208903201767,0.4124915655184145,False
7016,-0.0006838625421413465,1.0,1.0006838625421413,False
7017,-0.00020166691387897155,0.44608673918327274,0.4462884060971517,False
7018,-8.732341721897817e-05,0.47506132504999915,0.4751486484672181,False
7019,-0.00016075352250841994,0.4871086185944399,0.4872693721169483,False
7020,-9.760533738535035e-05,0.4517762400204377,0.45187384535782305,False
7021,-0.00014481463441830017,0.4703070410645547,0.47045185569897296,False
7022,-8.605499630891132e-05,0.45252598075081063,0.45261203574711956,False
7023,-0.00011426979896524368,0.44377965968427185,0.4438939294832371,False
7024,-0.00014416627152036429,0.5007259579780127,0.500870124249533,False
7025,-0.0001399047458597396,0.4356345702003322,0.4357744749461919,False
7026,-2.7449584446230985e-05,0.4704582197849971,0.4704856693694433,False
7027,-0.00016303787127570452,0.4498798831210573,0.450042920992333,False
7028,-4.7639390844166136e-05,0.445476106603809,0.44552374599465316,False
7029,-0.00010039687818169309,0.4259023456748096,0.4260027425529913,False
7030,-0.0002920129903774477,0.423912761747826,0.42420477473820345,False
7031,-7.417175092453933e-05,0.46800431668388603,0.4680784884348106,False
7032,-0.001104211905226054,0.3240947942577832,0.32519900616300923,False
7033,-0.00021103843935646037,0.5177670522362358,0.5179780906755922,False
7034,-0.00010287126549978542,0.5099951380418386,0.5100980093073384,False
7035,-0.0001251382458428683,0.48163753020704303,0.4817626684528859,False
7036,-0.00031579268969237685,0.6051190553454346,0.605434848035127,False
7037,-0.000175315543161291,0.46935179129925886,0.46952710684242016,False
7038,-0.00024606732068517637,0.41948752249878773,0.4197335898194729,False
7039,-2.642155095855003e-05,0.4881024413134107,0.48812886286436924,False
7040,-3.888814147983856e-05,0.47718460483729846,0.4772234929787783,False
7041,-0.00017978717518699164,0.49636729971929255,0.4965470868944796,False
7042,-0.00023317965941690083,0.46172896283522463,0.4619621424946415,False
7043,-5.786124841315704e-05,0.48128554285537134,0.4813434041037845,False
7044,-0.0003132826255518479,1.0,1.0003132826255519,False
7045,-0.0003118325961416669,0.4780625752598581,0.4783744078559998,False
7046,-0.00015042089011952774,0.45497360336144543,0.45512402425156495,False
7047,-0.00012090506650627302,0.4569838011141899,0.45710470618069615,False
7048,-0.0002639539590290134,0.21611977516896297,0.21638372912799198,False
7049,-0.0001370115128562979,0.4722298382569024,0.4723668497697587,False
7050,-0.00011416087359234116,0.38372734954940163,0.38384151042299397,False
7051,-0.00012282080995236746,0.47673426914344125,0.4768570899533936,False
7052,-0.00022561561599502975,0.485147156485626,0.48537277210162105,False
7053,-8.892688149728324e-05,0.45224650929281984,0.45233543617431715,False
7054,-3.716720897505641e-05,0.46610037707107227,0.46613754428004733,False
7055,-0.00012185668453427267,0.4859272840083524,0.4860491406928867,False
7056,-0.00014068197244653248,0.4609636032097913,0.46110428518223784,False
7057,-7.891100644831877e-05,0.4420656846007936,0.4421445956072419,False
7058,-0.00012989566764363554,0.4756642932754179,0.4757941889430616,False
7059,-0.00023033270242406878,0.11963724995983595,0.11986758266226001,False
7060,-7.797413894507137e-05,0.48642291121656067,0.48650088535550573,False
7061,-0.00032025398959041585,0.4699405035121116,0.470260757501702,False
7062,-0.00015879581149514367,0.41946769818789525,0.4196264939993904,False
7063,-0.0002855400781140414,0.4845545226241462,0.48484006270226027,False
7064,-0.0001052375079114272,0.4646150184402207,0.4647202559481321,False
7065,-0.0001538070071618859,0.4211228036938943,0.4212766107010562,False
7066,-0.00019387491683378505,0.45958452861780946,0.4597784035346432,False
7067,-0.00011275171280658843,0.4859742972959402,0.48608704900874683,False
7068,-0.00026550428848135015,0.26707850803044403,0.2673440123189254,False
7069,-8.365937305317778e-05,0.4749161139424276,0.47499977331548077,False
7070,-0.0001090680603170004,0.46430310960877086,0.4644121776690879,False
7071,-0.00012156004505183193,0.5336135826067333,0.5337351426517851,False
7072,-4.707673193293605e-05,0.49164993125772644,0.4916970079896594,False
7073,-0.0001194165192784388,0.47955012045391243,0.47966953697319087,False
7074,-0.00018773579437111922,0.5018898916360628,0.5020776274304339,False
7075,-7.174278965210308e-05,0.4798443918211987,0.4799161346108508,False
7076,-0.00026623010946486047,0.31749553989549706,0.3177617700049619,False
7077,-6.046434808251341e-05,0.4665593571310036,0.4666198214790861,False
7078,-4.748918825589973e-05,0.4650967639233014,0.4651442531115573,False
7079,-8.334142392911072e-05,0.7636399768582026,0.7637233182821317,False
7080,-0.00012696536409241322,0.40098284261187817,0.40110980797597057,False
7081,-3.2020225440206245e-05,0.47493219861236546,0.47496421883780565,False
7082,-6.121287314512697e-05,0.4409065779808846,0.44096779085402976,False
7083,-0.00012658304336450048,0.515797488470287,0.5159240715136515,False
7084,-0.0007358268744514196,0.5077522750519856,0.508488101926437,False
7085,-0.00010546099349692811,0.4649174756379833,0.46502293663148025,False
7086,-9.902446640798266e-05,0.47623843327600796,0.4763374577424159,False
7087,-0.00014910384121540808,0.3943954934938553,0.3945445973350707,False
7088,-0.00018551030940420476,0.4852460882174941,0.4854315985268983,False
7089,-0.00011378511843108961,0.43890797359593103,0.4390217587143621,False
7090,-0.000143556441435273,0.579282320518881,0.5794258769603162,False
7091,-0.0003146062294743054,0.3902162718420113,0.3905308780714856,False
7092,-0.00015446639074664426,0.47704837753694396,0.4772028439276906,False
7093,-8.050642656432406e-05,0.4690924752509808,0.4691729816775451,False
7094,-0.00014577961591510542,0.4795100490261566,0.47965582864207174,False
7095,-7.390113346970363e-05,0.48393393248047173,0.48400783361394145,False
7096,-0.00017734733286865268,0.4584666813638634,0.4586440286967321,False
7097,-0.00020159812230547945,0.7843980144876532,0.7845996126099587,False
7098,-8.621338430227775e-05,0.45709257077014326,0.4571787841544455,False
7099,-0.00044191204137434436,0.3894220172036283,0.3898639292450026,False
7100,-0.00011767370286237007,0.513997175694739,0.5141148493976014,False
7101,-0.00011556328014498461,0.8453954710551661,0.845511034335311,False
7102,-0.0001569450829864081,0.45138098743805444,0.45153793252104085,False
7103,-3.5370980229105556e-05,0.4678006504633346,0.4678360214435637,False
7104,-0.000319660688989676,0.503435728686168,0.5037553893751577,False
7105,-7.76064981957233e-05,0.49086528601325874,0.49094289251145445,False
7106,-0.0024015031695969035,0.49228993349644845,0.49469143666604537,False
7107,-5.362636236501374e-05,0.4731955180848617,0.4732491444472267,False
7108,-0.00011589879070229469,0.5274001476395659,0.5275160464302682,False
7109,-0.00015946642925749062,0.47435652770355385,0.47451599413281137,False
7110,-0.0003840680365000509,0.4138965394439915,0.41428060748049156,False
7111,-0.0001041770137702627,0.44246068137359246,0.4425648583873627,False
7112,-0.00010651543031264669,0.26785807249238197,0.2679645879226946,False
7113,-0.00012092522071334856,0.45670800413452967,0.456828929355243,False
7114,-0.00017606055070354835,0.47629860798046036,0.47647466853116394,False
7115,-0.0001934884732412034,0.4738724494182586,0.4740659378914998,False
7116,-0.00046770401204910156,0.4131098848407141,0.4135775888527632,False
7117,-6.486931886987737e-05,0.4555163504354791,0.455581219754349,False
7118,-8.320338036076923e-05,0.4666301319671378,0.4667133353474986,False
7119,-0.00012532377884914386,0.46389002281602665,0.4640153465948758,False
7120,-0.0001822849275378229,0.47613901521620866,0.47632130014374646,False
7121,-0.0002089178156206597,0.4877583222986772,0.4879672401142979,False
7122,-0.00016666081216613028,0.22828595973982407,0.2284526205519902,False
7123,-7.494630730175235e-05,0.4775040804805686,0.47757902678787034,False
7124,-0.00011354529848368445,0.5032125481931397,0.5033260934916234,False
7125,-8.578858507947043e-05,0.49235323678712706,0.4924390253722065,False
7126,-0.0002635183316952759,0.5473275795959137,0.547591097927609,False
7127,-0.00021057117158085025,0.4542563489981407,0.45446692016972157,False
7128,-0.0003376980040737327,0.4546985626082238,0.4550362606122975,False
7129,-0.00012325354685747337,0.49170354150267775,0.49182679504953525,False
7130,-4.471767968306534e-05,0.45942958159126995,0.459474299270953,False
7131,-0.00017612759452274984,0.4598658313320211,0.4600419589265438,False
7132,-8.672632143610684e-05,0.44743016923123013,0.4475168955526662,False
7133,-6.3771008217569e-05,0.331823253512441,0.3318870245206586,False
7134,-9.130293828499821e-05,0.48837012488979886,0.4884614278280839,False
7135,-0.00010147186774682985,0.4266417295295629,0.42674320139730976,False
7136,-0.00015395829076717582,0.4527596217055458,0.452913579996313,False
7137,-0.00014275375618453808,0.46024106853758123,0.4603838222937658,False
7138,-1.713004510215601e-05,0.47264607318288043,0.4726632032279826,False
7139,-1.3840344073207981e-05,0.5075618007179876,0.5075756410620609,False
7140,-0.0001912132876614315,0.5105976130289417,0.5107888263166032,False
7141,-8.92107403522139e-05,0.44936750319981955,0.4494567139401718,False
7142,-7.087349358249439e-05,0.4876124348711212,0.4876833083647037,False
7143,-0.00015442482744761635,0.4636462915892758,0.4638007164167234,False
7144,-0.00022233436299736543,0.42586470376540714,0.4260870381284045,False
7145,-0.0009843468292747405,1.0,1.0009843468292747,False
7146,-7.368432103858097e-05,0.48244667518995193,0.48252035951099054,False
7147,-7.398295636465595e-05,0.48688988125769667,0.48696386421406135,False
7148,-0.0001506531380441283,0.4547864564846089,0.45493710962265305,False
7149,-6.550989112169209e-05,0.4515009527981475,0.4515664626892692,False
7150,-9.39356617019548e-05,0.46204105035347853,0.4621349860151805,False
7151,-0.0001574637146263606,0.3030141487321153,0.3031716124467417,False
7152,-0.00021342190925620984,0.5731307183311483,0.5733441402404045,False
7153,-9.813249649362445e-05,0.4617404266259778,0.4618385591224714,False
7154,-7.038531649703531e-05,0.5101914842573074,0.5102618695738045,False
7155,-0.0002470638756475294,0.6059802969098704,0.606227360785518,False
7156,-3.885833725725553e-05,0.4573379689209036,0.45737682725816087,False
7157,-9.819122268000754e-05,0.47202686174081054,0.47212505296349055,False
7158,-0.00012515114677574682,0.45350234705302883,0.4536274981998046,False
7159,-0.0002585278289302788,0.45697356823240903,0.4572320960613393,False
7160,-0.0001694611390740272,0.45089540656974764,0.45106486770882165,False
7161,-0.00014141270306784336,0.45841604443353223,0.45855745713660007,False
7162,-0.0003099667207282057,0.2431092921995374,0.24341925892026559,False
7163,-0.00012277570477167758,0.45667006124041615,0.45679283694518785,False
7164,-4.609903815606883e-05,0.4356098309122008,0.43565592995035685,False
7165,-8.531160370162523e-05,0.48179865467517047,0.4818839662788721,False
7166,-0.0001582391627050759,0.4687583160101779,0.468916555172883,False
7167,-0.00015421464163591984,0.47507371806484955,0.47522793270648545,False
7168,-0.00015924247314319441,0.47944769159138945,0.47960693406453264,False
7169,-0.00016851745546839537,0.48527266191772517,0.4854411793731936,False
7170,-9.184544886361816e-05,0.9939464611934004,0.994038306642264,False
7171,-0.00014200396808281462,0.487820232162443,0.48796223613052586,False
7172,-0.00013857852988430705,0.5757895053607761,0.5759280838906604,False
7173,-0.0001191646461023609,0.4489155365262644,0.44903470117236677,False
7174,-7.426229610572233e-05,0.47420156764811094,0.4742758299442167,False
7175,-0.00021989777631658595,0.45372397700171996,0.45394387477803655,False
7176,-0.0001168626833262079,0.5231613552762547,0.523278217959581,False
7177,-7.782717534150955e-05,0.46639779878134424,0.46647562595668574,False
7178,-0.00042724734090724597,0.7289764688208094,0.7294037161617166,False
7179,-0.00017791714678645648,0.2711801722065524,0.2713580893533388,False
7180,-6.852472252369488e-05,0.4603012223221548,0.46036974704467853,False
7181,-0.00022692056432112735,0.48943382814224706,0.48966074870656817,False
7182,-4.269789441578638e-05,0.4776278563408421,0.4776705542352579,False
7183,-0.0007179245932307073,0.3994520951431646,0.4001700197363953,False
7184,-0.00020115212643556155,0.4977569838585217,0.49795813598495725,False
7185,-0.00016552323737987625,0.4758145156810838,0.4759800389184637,False
7186,-0.0003916250745302148,0.2659164964870752,0.26630812156160544,False
7187,-0.00026220315403343333,0.25745350226720715,0.25771570542124056,False
7188,-0.00022928224594309592,0.46802741146004234,0.46825669370598544,False
7189,-0.0002144783878952693,0.27722496851352313,0.2774394469014184,False
7190,-0.00015700055061003654,0.4582770861261388,0.45843408667674884,False
7191,-7.117627561205401e-05,0.47791653666211664,0.4779877129377287,False
7192,-8.144116896802872e-05,0.4575391522980065,0.45762059346697453,False
7193,-0.00016505842372816257,0.6805956621681453,0.6807607205918734,False
7194,-0.0002914133709896068,0.4082465216506404,0.40853793502163,False
7195,-5.2880674496238175e-05,0.47010743802740673,0.47016031870190295,False
7196,-0.00013212019339345249,0.4573888412696354,0.45752096146302884,False
7197,-0.00012368030743827735,0.44668142641607,0.44680510672350826,False
7198,-7.618630917453555e-05,0.48666262027355806,0.4867388065827326,False
7199,-0.00026076301776121704,0.36439310178970974,0.364653864807471,False
7200,-5.30009963023948e-05,0.4470266245203045,0.4470796255166069,False
7201,-6.582276666852194e-05,0.5096438221446166,0.5097096449112851,False
7202,-0.00019951684467017943,0.5258692973850618,0.5260688142297321,False
7203,-7.502828194937818e-05,0.4733447709232455,0.4734197992051949,False
7204,-0.00023627498557779935,0.39658048637707394,0.39681676136265176,False
7205,-0.0003360095964171215,0.43818089281005307,0.4385169024064702,False
7206,-8.947094772572464e-05,0.48008321684887384,0.48017268779659955,False
7207,-4.8413360829153475e-05,0.4645385049562274,0.46458691831705656,False
7208,-0.0004362474308712454,0.4665997802900374,0.46703602772090863,False
7209,-0.0002053448126095409,0.5100625367433286,0.5102678815559382,False
7210,-0.00010237193468473065,0.4933727372688753,0.49347510920356,False
7211,-1.4524145442374133e-05,0.4716820802003064,0.4716966043457488,False
7212,-0.0005268939304956728,0.38996592474864805,0.3904928186791437,False
7213,-5.190677728191733e-05,0.4482612466984816,0.4483131534757635,False
7214,-4.813660922009344e-05,0.5260204681152943,0.5260686047245144,False
7215,-0.0001996569049784157,0.4758645099859146,0.47606416689089304,False
7216,-0.00013609595944219461,0.5140071398086057,0.5141432357680479,False
7217,-0.00034164627051580564,0.4034571798704486,0.4037988261409644,False
7218,-0.00048802863160310266,0.35025549741849377,0.35074352605009684,False
7219,-0.00015694772230843512,0.4652131738924716,0.46537012161478003,False
7220,-0.0003370465186815655,1.0,1.0003370465186816,False
7221,-4.5384055216627783e-05,0.45056117064225953,0.4506065546974762,False
7222,-0.0003358229526500399,0.42515498977769933,0.4254908127303494,False
7223,-0.00010508374708504768,0.454620350003312,0.4547254337503971,False
7224,-0.00013745000074357497,0.4669369219705687,0.46707437197131224,False
7225,-0.00017821514024031452,1.0,1.0001782151402403,False
7226,-4.452559493741547e-05,0.50641104212728,0.5064555677222174,False
7227,-0.00010180111393779697,0.4657394428704535,0.4658412439843913,False
7228,-0.00017637228245903088,0.4963512329516179,0.49652760523407696,False
7229,-0.00015163465013543956,0.48537949192619917,0.4855311265763346,False
7230,-0.00030293628052638404,0.30793370642027856,0.308236642700805,False
7231,-9.768094393591306e-05,0.46035375612569057,0.4604514370696265,False
7232,-8.876170825778021e-05,0.48104622237625233,0.4811349840845101,False
7233,-8.959535823027442e-05,0.4584473708454345,0.4585369662036648,False
7234,-0.019610500321185866,0.3055963115502597,0.32520681187144557,False
7235,-3.9097407431248856e-05,0.522636333748965,0.5226754311563963,False
7236,-9.033287638019339e-05,0.4529629314239835,0.4530532643003637,False
7237,-0.0002739332811085823,0.43625123346838346,0.43652516674949204,False
7238,-0.0003238637303486347,0.501043049413774,0.5013669131441226,False
7239,-0.0002591480274452471,0.39066520148760836,0.3909243495150536,False
7240,-0.0002320063253200193,0.44163315365994826,0.44186515998526826,False
7241,-0.00012676213219761537,0.43532295311779107,0.43544971524998866,False
7242,-0.00018434092693247857,0.4852847057142083,0.48546904664114077,False
7243,-0.00019559022950149408,0.12939827563142087,0.12959386586092236,False
7244,-0.0010715092438758017,0.15709431936816334,0.15816582861203915,False
7245,-0.00010680085600163188,0.4568385810409634,0.45694538189696504,False
7246,-0.00034188406822012864,0.5400588806501158,0.5404007647183359,False
7247,-0.0002808858715064738,0.46403521827013866,0.46431610414164515,False
7248,-0.0001718276531324959,0.4547393951556995,0.454911222808832,False
7249,-0.00028109464716564254,0.45991285956984107,0.4601939542170067,False
7250,-7.418544500345274e-05,0.4533953245953806,0.45346951004038405,False
7251,-8.847325634152348e-05,0.6294929814832005,0.6295814547395421,False
7252,-5.86750867783835e-05,0.47571554168339925,0.4757742167701776,False
7253,-0.00024120906266775945,0.4709635733358457,0.4712047823985135,False
7254,-0.0002486431623184658,0.47949209301295226,0.47974073617527074,False
7255,-0.00019745484701829693,0.4558904296863809,0.45608788453339916,False
7256,-8.474840927931982e-05,0.44858069676342854,0.44866544517270784,False
7257,-0.000143010923255285,0.4564138845287652,0.4565568954520205,False
7258,-0.0001998248532316579,0.4697487347411834,0.46994855959441506,False
7259,-6.770509634704866e-05,0.4783052082907709,0.47837291338711796,False
7260,-6.599144151089502e-05,0.39734786782994536,0.3974138592714562,False
7261,-0.00015961866666537998,0.4825842240658692,0.48274384273253457,False
7262,-0.00023739056785983405,0.5063276950159554,0.5065650855838153,False
7263,-0.00010756269053880192,1.0,1.000107562690539,False
7264,-0.00015901175571044973,0.9972809449257563,0.9974399566814667,False
7265,-0.0001229745780240187,0.4644239812485285,0.46454695582655253,False
7266,-9.99243315229238e-05,0.46888001281076985,0.4689799371422928,False
7267,-5.572993980763374e-05,0.4520336730232468,0.45208940296305444,False
7268,-9.640322714964376e-05,0.4508322239998639,0.45092862722701355,False
7269,-0.00022069457737683567,0.4694594844036231,0.46968017898099995,False
7270,-0.0005087851112639412,0.3908620021531074,0.39137078726437136,False
7271,-0.00014217378386723254,0.4054365537193335,0.40557872750320073,False
7272,-0.00018253005725108495,0.46742036723482927,0.4676028972920804,False
7273,-0.00019300835459541203,0.4849843914936103,0.4851773998482057,False
7274,-0.00021949649833811515,0.4841659850458176,0.4843854815441557,False
7275,-0.00014875929235912317,0.4854313096543338,0.4855800689466929,False
7276,-0.0002105558061107735,0.4578042768842079,0.4580148326903187,False
7277,-0.0006296788627129966,0.5849778445535697,0.5856075234162827,False
7278,-0.00012308603877668415,0.4686380896944703,0.468761175733247,False
7279,-0.00043887012723093857,0.4851182232999983,0.48555709342722925,False
7280,-8.346716304642982e-05,0.469050873818302,0.46913434098134843,False
7281,-2.3964239798104757e-05,0.42233882901341924,0.42236279325321735,False
7282,-0.00046840112646044315,0.2741451232957967,0.27461352442225717,False
7283,-8.659641466661788e-05,0.44526221979002184,0.44534881620468847,False
7284,-6.0123106637553294e-05,0.4552458582392639,0.45530598134590144,False
7285,-6.224868462064292e-05,0.45809391363738117,0.4581561623220018,False
7286,-0.00023505737177908592,0.48165328159348614,0.48188833896526523,False
7287,-0.0007940189561772292,0.3879698064339905,0.38876382539016774,False
7288,-0.0006830535387855773,0.40108689929131197,0.40176995283009753,False
7289,-8.945170485314325e-05,0.4949429776185682,0.49503242932342134,False
7290,-0.00011776469056333811,0.47592117740753254,0.4760389420980959,False
7291,-7.97796303501551e-05,0.4774284194030009,0.47750819903335107,False
7292,-0.0003502636880525949,0.40597665563505714,0.4063269193231097,False
7293,-5.368951159987838e-05,0.4742455287079816,0.4742992182195815,False
7294,-0.00026781692994781595,0.36101583324119246,0.3612836501711403,False
7295,-6.11360445250943e-05,0.49003455377715577,0.49009568982168084,False
7296,-0.00015142255582160588,0.532045615752695,0.5321970383085166,False
7297,-0.00011727054136779348,0.45052554698740316,0.45064281752877094,False
7298,-0.00023031342533410008,0.4953400667136843,0.4955703801390184,False
7299,-4.719725790823527e-05,0.4820182403873126,0.48206543764522086,False
7300,-5.336487837389944e-05,0.4772258423977156,0.47727920727608947,False
7301,-0.0003894155369720356,0.4925720663674968,0.4929614819044688,False
7302,-8.637401611925975e-05,0.4580417400697014,0.45812811408582066,False
7303,-0.0001793315241945213,0.4934156178047188,0.49359494932891335,False
7304,-0.00020665951463704564,0.48381659847633984,0.4840232579909769,False
7305,-4.5574320838351886e-05,0.5163210716138754,0.5163666459347138,False
7306,-0.0002873553530025736,0.1620321853257528,0.16231954067875537,False
7307,-0.000304456457406821,0.34695510291781506,0.3472595593752219,False
7308,0.0,0.9058858798353177,0.9058858798353177,False
7309,-0.00011787178794990732,0.40532764835310253,0.40544552014105245,False
7310,-0.00035332217226371793,0.5142276171757016,0.5145809393479653,False
7311,-0.00018831247694912898,0.13374132180795256,0.13392963428490168,False
7312,-0.00017978837958422287,0.48527614396294666,0.48545593234253087,False
7313,-6.777929224405413e-05,0.45244153866475345,0.4525093179569975,False
7314,-0.000141162683846202,0.5096493243239345,0.5097904870077807,False
7315,-0.0004697453255215729,0.4398847102397908,0.4403544555653124,False
7316,-0.0001827290332461003,0.4787217906476144,0.4789045196808605,False
7317,-6.088180907924564e-05,0.48795587159344006,0.4880167534025193,False
7318,-0.0001331875182078447,0.5147189143168817,0.5148521018350896,False
7319,-0.00011012800950631957,0.4672449580118154,0.46735508602132175,False
7320,-8.33546802243614e-05,0.432579067714554,0.43266242239477837,False
7321,-6.785292429841051e-05,0.4656998774689524,0.4657677303932508,False
7322,-7.643868542717132e-05,0.46099734090653416,0.46107377959196133,False
7323,-5.992679421864867e-05,0.48803901245563835,0.488098939249857,False
7324,-0.00012567392362392008,0.46005028911004187,0.46017596303366576,False
7325,-8.865490330297443e-05,0.4719680050932133,0.47205665999651625,False
7326,-0.00019596468674953834,0.44534640018315885,0.4455423648699084,False
7327,-0.00010762788392448597,0.481087675755287,0.4811953036392115,False
7328,-9.74102627926016e-05,0.5377525509710535,0.5378499612338461,False
7329,-0.00017187739822084488,0.49864164931851046,0.4988135267167313,False
7330,-0.00019456678916877985,0.48992184537970934,0.49011641216887813,False
7331,-0.00027267513894437326,0.6537751585235835,0.6540478336625278,False
7332,-3.721484924826644e-05,0.4605640519619084,0.4606012668111567,False
7333,-0.00016106233536801332,0.9992638538565981,0.9994249161919662,False
7334,-0.00011062035534939808,0.4534741054331905,0.4535847257885399,False
7335,-0.00011265719301579303,0.45731621186280347,0.45742886905581925,False
7336,-0.0005791766718186335,0.5003759851296773,0.5009551618014959,False
7337,-0.00011794045556561358,0.4648803012604064,0.46499824171597204,False
7338,-0.00019209232835276652,0.48732903153853957,0.48752112386689234,False
7339,-0.0004788026893475242,0.6500048978828098,0.6504837005721573,False
7340,-5.205855319193069e-05,0.45739346510804846,0.4574455236612404,False
7341,-9.959179539301793e-05,0.33081492943893553,0.3309145212343286,False
7342,-0.00010744143530311607,0.4631991138736091,0.46330655530891224,False
7343,-0.0012010590732822164,1.0,1.0012010590732823,False
7344,-7.470003319900004e-05,0.5060618409947285,0.5061365410279275,False
7345,-0.0003519328329819667,0.40430371854249236,0.4046556513754743,False
7346,-8.258350109653759e-05,0.6826774491760711,0.6827600326771677,False
7347,-7.545630177060041e-05,0.49603497840289296,0.49611043470466354,False
7348,-0.00010355741934377811,0.4919394430636257,0.49204300048296945,False
7349,-9.699400822516451e-05,0.4731914109631986,0.47328840497142377,False
7350,-0.00010275467138190848,0.4698553744452126,0.4699581291165945,False
7351,0.0,1.0,1.0,False
7352,-0.00022953687208949997,0.6581878926004571,0.6584174294725466,False
7353,-0.000304611907808947,0.35467743741966684,0.3549820493274758,False
7354,-0.00013977175097355373,0.4622520568111777,0.4623918285621513,False
7355,-0.00014396367760573036,0.48908931017658536,0.4892332738541911,False
7356,-0.0001620022900379387,0.46985758094645147,0.4700195832364894,False
7357,-5.5948322215578655e-05,0.48505132587488764,0.4851072741971032,False
7358,-0.00019419081559912874,0.46424040878377815,0.4644345995993773,False
7359,-0.00022988113975435913,0.7228623682858205,0.7230922494255748,False
7360,-0.00021012039989964386,0.45221170097477026,0.4524218213746699,False
7361,-4.35636756349642e-05,0.4573138734964783,0.45735743717211325,False
7362,-0.00012412039771719904,0.47584258753364417,0.47596670793136137,False
7363,-0.00014449941570075323,0.45215063997120863,0.4522951393869094,False
7364,-0.00030904445377276764,0.8937531579652758,0.8940622024190485,False
7365,-0.00041954264070235604,0.5367999128087871,0.5372194554494895,False
7366,-0.00023885444213230582,0.2868481540091245,0.2870870084512568,False
7367,-5.7876653942109874e-05,0.45193668593598463,0.45199456258992676,False
7368,-7.114329546340397e-05,0.47061134819614586,0.4706824914916093,False
7369,-5.3284121609494976e-05,0.46212759892754,0.4621808830491495,False
7370,-0.0003452665416791318,0.6169088057309563,0.6172540722726354,False
7371,-0.00011361999733509461,0.4823459660023026,0.48245958599963773,False
7372,-0.00011198590209430124,0.47045879920511685,0.4705707851072112,False
7373,-0.00013144728558432255,0.9635876099385913,0.9637190572241756,False
7374,-0.00011188841794520974,0.4707463976536148,0.47085828607156,False
7375,-0.0003546356645757954,0.4830107206404685,0.4833653563050443,False
7376,-0.00011237223694333712,0.4008062282786637,0.400918600515607,False
7377,-0.00019195319622819913,0.4628841561542223,0.4630761093504505,False
7378,-9.594277523851097e-05,0.4333674708265408,0.4334634136017793,False
7379,-0.0001377476637784616,0.46394010995814805,0.4640778576219265,False
7380,-0.00013186801280674098,0.45146840406278194,0.45160027207558867,False
7381,-7.903555283335046e-05,0.4761969410812675,0.4762759766341008,False
7382,-0.00036992669326147787,0.3913069384003282,0.3916768650935897,False
7383,-0.00010310436025418309,0.47532262509048345,0.47542572945073763,False
7384,-5.826973113918014e-05,0.4709954633251666,0.4710537330563058,False
7385,-8.61233535324098e-05,0.4615959234341706,0.461682046787703,False
7386,-0.0001611956645030601,0.4915503259097279,0.491711521574231,False
7387,-0.00019136432145505037,0.4430648332893227,0.4432561976107778,False
7388,-7.730067460765402e-05,0.4882228423440873,0.48830014301869495,False
7389,-0.00028034219390438744,0.29473512897125403,0.2950154711651584,False
7390,-0.000655897646092111,0.40550743198383943,0.4061633296299315,False
7391,-8.325759143471928e-05,0.5237973110422052,0.5238805686336399,False
7392,-5.5363044123829595e-05,0.46746022190581293,0.4675155849499368,False
7393,-0.00028638503892075985,0.4763567117737917,0.47664309681271244,False
7394,-0.00012475312064115832,0.44744222683523643,0.4475669799558776,False
7395,-0.00010905060800524748,0.1575715338471842,0.15768058445518945,False
7396,-0.00010745653035353665,0.49204291711417675,0.4921503736445303,False
7397,-0.0002569843954173854,0.41164711300219836,0.41190409739761574,False
7398,-0.00013330216936495247,0.16668799148596478,0.16682129365532972,False
7399,-0.00019291388922579864,0.45131494096884306,0.4515078548580689,False
7400,-9.464656252199588e-05,0.5119285188386298,0.5120231654011518,False
7401,-6.671742688344395e-05,0.46697361995334286,0.4670403373802263,False
7402,-0.00020212280094214589,0.4824855924849671,0.48268771528590926,False
7403,-0.0003768978761433344,0.4754727710350608,0.4758496689112041,False
7404,-0.00025902541090804486,0.5328957059865631,0.5331547313974712,False
7405,-0.00031086810970860695,0.4154057308388941,0.4157165989486027,False
7406,-3.4503347678674836e-05,0.4672634979074018,0.4672980012550805,False
7407,-0.0003083926846099464,0.4242658601645606,0.42457425284917055,False
7408,-0.0002719767465667936,0.48153582193027994,0.48180779867684675,False
7409,-3.602429112047672e-05,0.44883949586462957,0.44887552015575005,False
7410,-7.888351925376154e-05,0.4937421478386882,0.493821031357942,False
7411,-0.00036120951729865853,0.4038993651286484,0.40426057464594706,False
7412,-0.0001467905258132361,0.4824249602328509,0.48257175075866415,False
7413,-0.0001557998414610037,0.48723559945546224,0.48739139929692327,False
7414,-6.399611561343449e-05,0.46900968089722533,0.46907367701283875,False
7415,-0.00010598836249985885,0.448987196076338,0.4490931844388379,False
7416,-0.00014136888346288188,0.37080238417211075,0.37094375305557364,False
7417,-0.00017022532221364862,0.5409036353266548,0.5410738606488684,False
7418,-7.394364181995014e-05,0.4618496104102725,0.46192355405209246,False
7419,-8.820606426276669e-05,0.4895062989200322,0.48959450498429496,False
7420,-0.00024499856161683357,0.3779026099761268,0.37814760853774365,False
7421,-8.440335180308536e-05,0.437855789958831,0.4379401933106341,False
7422,-0.0003219431763805731,0.3510706614856183,0.35139260466199884,False
7423,-0.00018841614687109824,0.47866483576823865,0.47885325191510975,False
7424,-0.00013647506252929915,0.5260708054921043,0.5262072805546336,False
7425,-3.701557611594399e-05,0.4945527466202585,0.49458976219637446,False
7426,-0.0005986511765364932,0.4968133148064417,0.4974119659829782,False
7427,-0.00023930090452544124,0.3590505010408919,0.3592898019454174,False
7428,-3.293964033984327e-05,0.47618488949013504,0.4762178291304749,False
7429,-0.0002673584176596881,0.3593191202302729,0.3595864786479326,False
7430,-0.0002242290054565065,0.6127550816596615,0.612979310665118,False
7431,-7.445317654752816e-05,0.4580848208406373,0.4581592740171848,False
7432,-0.0001484812589893903,0.4761851295314534,0.4763336107904428,False
7433,-0.00019965119312360333,0.5037985036533993,0.5039981548465229,False
7434,-0.0001934915112122579,0.46193181994265753,0.4621253114538698,False
7435,-0.00018614983028363659,0.44517698454130417,0.4453631343715878,False
7436,-0.0003593685269491547,0.4595522449258843,0.4599116134528335,False
7437,-0.00016244073344810186,0.48304217465513405,0.48320461538858217,False
7438,-0.0003786338286472654,0.3129945158622713,0.31337314969091856,False
7439,-0.0007204213682169264,0.4927816080809542,0.49350202944917115,False
7440,-0.00025303695784875414,0.43032459968257275,0.4305776366404215,False
7441,-0.00017409825443377483,0.20585301913002085,0.20602711738445462,False
7442,-7.664907853898718e-05,0.5071146915337451,0.5071913406122841,False
7443,-6.971564368451788e-05,0.4242405860775648,0.42431030172124934,False
7444,-0.00028089387266494307,0.38254800664231337,0.3828289005149783,False
7445,-0.001097988445169861,1.0,1.0010979884451698,False
7446,-0.00030764892300251534,0.704334009375972,0.7046416582989745,False
7447,-0.00010142369516905589,0.42864604974188036,0.42874747343704944,False
7448,-0.00017304438337199568,0.47215881210465255,0.47233185648802456,False
7449,-0.00010145931818705817,0.4729201889492543,0.47302164826744136,False
7450,-0.0009198025780852842,0.44418450225247974,0.445104304830565,False
7451,-0.00018712603381674823,0.45459353995926577,0.45478066599308253,False
7452,-0.0001589524175904257,0.4673345124709848,0.46749346488857524,False
7453,-0.00013961359845168677,0.4898941200198591,0.49003373361831076,False
7454,-0.00010324460151299652,0.4521733607311809,0.4522766053326939,False
7455,-0.0005250788932670765,0.6938973514030148,0.6944224302962818,False
7456,-8.736745863123045e-05,0.4455910333114829,0.44567840077011417,False
7457,-0.00011451086293211491,0.4576774346998198,0.45779194556275193,False
7458,-0.00020554777132189187,0.7531642746121531,0.7533698223834749,False
7459,-9.56301272257101e-05,0.46177797212614535,0.46187360225337104,False
7460,-0.00017632258173998406,0.5969099676450317,0.5970862902267716,False
7461,-0.00023117841335810435,0.46959932766295404,0.46983050607631216,False
7462,-0.00024267886713815316,0.46598046868006165,0.4662231475471998,False
7463,-0.0001880979766932788,0.5092798447953181,0.5094679427720114,False
7464,-0.0010040075051924247,0.2679357850678686,0.268939792573061,False
7465,-0.000149626415354165,0.682641008659208,0.6827906350745622,False
7466,-0.0002039695778837607,0.44141360087430165,0.4416175704521854,False
7467,-0.0001440282447380893,0.49967918938112554,0.4998232176258636,False
7468,-0.0002972962113321564,0.3742000251403956,0.37449732135172775,False
7469,-6.370494608279076e-05,0.47828746183776033,0.4783511667838431,False
7470,-0.0001996527820777019,0.4818081171812264,0.4820077699633041,False
7471,-0.0002493145765284336,0.44254079837608307,0.4427901129526115,False
7472,-0.00010932204423204025,0.4716281907002953,0.47173751274452735,False
7473,-0.000260402837977208,0.5030349770311302,0.5032953798691074,False
7474,-0.000222736444678804,0.4727563686342207,0.4729791050788995,False
7475,-0.0003189762260155484,0.7513558013943096,0.7516747776203251,False
7476,-7.126330773624497e-05,0.4335147864889012,0.43358604979663745,False
7477,-0.00015780294930377805,0.4484659703779209,0.4486237733272247,False
7478,-0.00013775164433887054,0.4825179854270074,0.4826557370713463,False
7479,-0.0001503797175399734,0.3500896253196262,0.3502400050371661,False
7480,-0.0007621498285973931,0.2766045206784527,0.2773666705070501,False
7481,-0.0007668422604721898,0.4085695906110073,0.40933643287147947,False
7482,-0.0001450661553011941,0.9990814872914945,0.9992265534467957,False
7483,-0.00013467700541402498,0.49089001870288973,0.49102469570830376,False
7484,-0.00021642602276422264,0.49480457831625363,0.49502100433901786,False
7485,-5.693192089373407e-05,0.4751837214376557,0.4752406533585494,False
7486,-5.145423947360097e-05,0.46483682402152143,0.46488827826099505,False
7487,-0.0001460703051975504,0.3466898362565844,0.3468359065617819,False
7488,-0.0002670166812028446,0.5944884540527839,0.5947554707339868,False
7489,-0.00022322868335307328,0.4805726153423712,0.4807958440257243,False
7490,-4.4763376929535596e-05,0.4591428808178182,0.4591876441947477,False
7491,-6.920751993590443e-05,0.5823329836794742,0.5824021911994101,False
7492,-0.0007087920460370063,0.41393410944147746,0.4146429014875145,False
7493,-0.00024753621311630804,0.9987427605230499,0.9989902967361662,False
7494,-0.00022172158293909375,0.47516223334268176,0.47538395492562086,False
7495,-0.0007590657041477413,0.38756335933860925,0.388322425042757,False
7496,-0.00033525952417981817,0.45110913943419684,0.4514443989583767,False
7497,-0.00026089431735904357,0.45083840772422157,0.4510993020415806,False
7498,-0.00027386467104855024,0.43567318675230104,0.4359470514233496,False
7499,-0.0002499176172046679,0.4769452507396365,0.47719516835684117,False
7500,-9.998921899321044e-05,0.482841863657117,0.48294185287611024,False
7501,-0.00023730729975187493,0.4737027524025526,0.47394005970230446,False
7502,-0.00020893216719806713,0.4744804714095779,0.47468940357677597,False
7503,-0.00012238984572578233,0.45143650485689657,0.45155889470262234,False
7504,-5.7717173345878995e-05,1.0,1.0000577171733458,False
7505,-0.00041834913312098227,0.10830448192007769,0.10872283105319867,False
7506,-0.00023918007938801162,0.4513460814746224,0.4515852615540104,False
7507,-2.1283219699172096e-05,0.457218883015037,0.4572401662347362,False
7508,-0.0008135878687419375,0.5993834348887993,0.6001970227575413,False
7509,-0.00011432643715116519,0.48093284652414364,0.4810471729612948,False
7510,-0.0002606340625740755,0.4620617533243247,0.4623223873868988,False
7511,-0.00014167476238598166,0.45273315417638693,0.4528748289387729,False
7512,-0.00011548094658392234,0.3163190280100239,0.3164345089566078,False
7513,-0.0004008782919500404,0.4096317330192476,0.4100326113111976,False
7514,-0.00011710996530307825,0.48134174344271835,0.4814588534080214,False
7515,-0.0001873198248387181,0.5079846185685696,0.5081719383934084,False
7516,-0.0001995067198731884,0.45212229999050774,0.4523218067103809,False
7517,-0.00019952793935617598,0.45877788184424106,0.45897740978359725,False
7518,-2.8163817036517856e-05,0.4712323254425995,0.47126048925963604,False
7519,-0.00012867199502188437,0.522176614999892,0.5223052869949139,False
7520,-0.0001135401364767536,0.46168780870987014,0.4618013488463469,False
7521,-0.00018003006811356041,0.45306418362668127,0.45324421369479484,False
7522,-0.00028857465053162823,0.4210533095081963,0.4213418841587279,False
7523,-0.0002649561317697286,0.4505921681392632,0.45085712427103297,False
7524,-5.987580909865803e-05,0.47543308292215913,0.4754929587312578,False
7525,-0.012528342973003698,0.38466772392502824,0.39719606689803194,False
7526,-0.00048656119564228226,0.9984599994183538,0.9989465606139961,False
7527,-0.00013417885696031574,0.4864012348457232,0.4865354137026835,False
7528,-0.0002082622724769915,0.6239219965088083,0.6241302587812853,False
7529,-7.324558072285917e-05,0.23802392574689268,0.23809717132761554,False
7530,-0.00011276757371445971,0.4630902095335274,0.4632029771072419,False
7531,-0.00019511806234873515,0.49809937248918623,0.49829449055153496,False
7532,-0.00023132103815411506,0.4748873062914833,0.4751186273296374,False
7533,-0.011571274455210438,0.4353354439315646,0.44690671838677504,False
7534,-9.280704528347624e-05,0.1965609381272644,0.19665374517254788,False
7535,-8.80774157042456e-05,0.4589885519256147,0.459076629341319,False
7536,-0.00012779574920046406,0.467057900937824,0.4671856966870245,False
7537,-0.00030310828237179485,0.2355460203309981,0.2358491286133699,False
7538,-0.0002138276435881781,0.4814615060059689,0.48167533364955706,False
7539,-0.00014515545287663528,0.4875107837128431,0.48765593916571975,False
7540,-7.316820437668451e-05,0.4549293311449539,0.45500249934933057,False
7541,-0.0005258263896009013,0.39762330373456506,0.398149130124166,False
7542,-0.0001993305806891696,0.47735627891682997,0.47755560949751913,False
7543,-0.0007087121380867789,0.43779269786134,0.43850140999942677,False
7544,-0.0002884580226685747,0.6056436182025412,0.6059320762252097,False
7545,-0.00012850481198620003,0.4792739859026279,0.47940249071461405,False
7546,-0.00011764366319201048,0.4759831122213396,0.4761007558845316,False
7547,-0.007551096594896426,0.25526533746229496,0.2628164340571914,False
7548,-0.00013956864322223078,0.48553712471659805,0.4856766933598203,False
7549,-0.00032152560291412555,0.46475202730547677,0.4650735529083909,False
7550,-0.0001807651034286718,0.47306851147606194,0.4732492765794906,False
7551,-0.0002303305735024995,0.47012130786547907,0.4703516384389816,False
7552,-0.00016295674677575713,0.4598576895834043,0.46002064633018,False
7553,-0.00019989759212131868,0.5340285599078248,0.5342284574999462,False
7554,-0.00020339720965022084,0.6415162628729852,0.6417196600826355,False
7555,-7.869523487410236e-05,0.6666053547968411,0.6666840500317153,False
7556,-0.0002666465850544771,0.4704140702067017,0.47068071679175616,False
7557,-0.0002658972156023974,0.2997175630263006,0.299983460241903,False
7558,-0.00011892873613423467,0.4582158647512571,0.4583347934873913,False
7559,-0.0006036234349465515,0.4612451991665391,0.4618488226014857,False
7560,-0.0001455379520869525,0.4750378781999107,0.47518341615199766,False
7561,-0.0001315720571013326,0.47896787449977446,0.4790994465568758,False
7562,-0.0001148502323380652,0.47608800363138953,0.4762028538637276,False
7563,-0.00014794333260211915,0.45193594598896186,0.45208388932156396,False
7564,-0.00024959824818396515,0.4192647656692879,0.4195143639174719,False
7565,-8.272164047039994e-05,0.4524951211238772,0.4525778427643476,False
7566,-0.00047820834435794503,0.39849697891704067,0.39897518726139863,False
7567,-0.00023398976876580458,0.5851754077579244,0.5854093975266902,False
7568,-0.0005539588246529315,0.39586783249945673,0.39642179132410965,False
7569,-0.00028681405671872995,0.41275769106360627,0.413044505120325,False
7570,-7.856334083433322e-05,0.46842446259912696,0.4685030259399613,False
7571,-0.00030198739576095567,0.4645685609723658,0.4648705483681268,False
7572,-0.00037803046620096787,0.414390545614169,0.41476857608036993,False
7573,-0.00011963847991884235,0.45897667936492254,0.4590963178448414,False
7574,-8.38459835694257e-05,0.4560318303165995,0.4561156763001689,False
7575,-0.0005401553588044813,0.39524666662170704,0.3957868219805115,False
7576,-0.0002103773552303784,0.45084568314987017,0.45105606050510055,False
7577,-0.0002578777765553531,0.4594491554024881,0.45970703317904343,False
7578,-0.0002356392487652306,0.4756649192129064,0.4759005584616716,False
7579,-9.969039604330198e-05,0.4727132900250551,0.47281298042109837,False
7580,-0.00014648665987645416,0.4613389787373258,0.46148546539720225,False
7581,-0.00024519652849128116,0.7040787433034408,0.7043239398319321,False
7582,-0.00039703169849183984,0.26823070185708897,0.2686277335555808,False
7583,-0.00023908705813454812,0.4463320209772155,0.44657110803535005,False
7584,-0.0002505083999848068,0.330004401325508,0.3302549097254928,False
7585,-0.00017265238694818007,0.994160550402545,0.9943332027894932,False
7586,-0.0007058303879407556,0.36805011683479666,0.3687559472227374,False
7587,-0.0004887886375878292,0.23192689577566655,0.2324156844132544,False
7588,-0.00014841121965136712,1.0,1.0001484112196513,False
7589,-0.00022539179426405513,0.4699393293092185,0.47016472110348256,False
7590,-3.593103328503698e-05,0.47713782399048704,0.4771737550237721,False
7591,-0.0001124063467262913,0.4805376510249148,0.48065005737164107,False
7592,-7.942734323925898e-05,0.4508658114887573,0.45094523883199655,False
7593,-0.0005328172518961212,0.4316046717464285,0.43213748899832466,False
7594,-6.392506419161483e-05,0.37137925607786737,0.371443181142059,False
7595,-0.00022144905751388355,0.46707911457321166,0.46730056363072553,False
7596,-0.00016369077046653882,0.46013668357902987,0.4603003743494964,False
7597,-0.00037498601035151994,0.497635224166538,0.4980102101768895,False
7598,-0.0002042193536849932,0.4795419767270664,0.47974619608075136,False
7599,-0.0002457364855421878,0.45628966690330847,0.4565354033888507,False
7600,-0.0010171167376550278,0.5363903781691701,0.5374074949068252,False
7601,-0.00025930562848382297,0.2900641539313128,0.2903234595597966,False
7602,-0.0008210296515577132,0.3851658985695853,0.385986928221143,False
7603,-0.00013714758011900636,0.4704135889108323,0.4705507364909513,False
7604,-0.00016355017347952428,0.46945867531634716,0.4696222254898267,False
7605,-0.0002839676222314454,0.4925479376956869,0.4928319053179183,False
7606,-0.0001540159201199317,0.46976461115151424,0.4699186270716342,False
7607,-0.00013285696193340027,0.5076933081495851,0.5078261651115186,False
7608,-9.381099425370749e-05,0.5017952764524843,0.5018890874467381,False
7609,-0.00012265400877137884,0.47112393502713235,0.4712465890359037,False
7610,-0.00014579157256169845,0.467096790999005,0.46724258257156664,False
7611,-0.0002479677429717955,0.4066151207853877,0.4068630885283595,False
7612,-0.00039363206706194924,0.6167637205088624,0.6171573525759244,False
7613,-0.0003476107761728702,0.5649923709195583,0.5653399816957312,False
7614,-0.00029265326741626234,0.5057770559171546,0.5060697091845708,False
7615,-0.00011649593911444786,0.4559160383361898,0.45603253427530427,False
7616,-0.0003352871233512975,0.5260679847993286,0.5264032719226799,False
7617,-0.00033767742730135634,0.25587935561158753,0.2562170330388889,False
7618,-0.0003640589778249201,0.4213517925823687,0.42171585156019364,False
7619,-0.0003171102919428041,0.8134295292850466,0.8137466395769895,False
7620,-0.0002533130391812693,0.46531346972929505,0.4655667827684763,False
7621,-0.00022026748067584416,0.46610201132520096,0.4663222788058768,False
7622,-0.0005485355352331631,0.3609272078204642,0.3614757433556974,False
7623,-0.00015935623798997957,0.4889821524335481,0.48914150867153805,False
7624,-0.00038464852702492334,0.5699526127476847,0.5703372612747096,False
7625,-0.00012394765013532653,0.3409972384718898,0.34112118612202513,False
7626,-0.00010169067261861304,0.5152344063867238,0.5153360970593424,False
7627,-0.00022551646758338286,0.47047061543423596,0.47069613190181936,False
7628,-0.0002951342470422817,0.44597910964255283,0.44627424388959513,False
7629,-0.00032874650178950804,0.2958304744771834,0.2961592209789729,False
7630,-0.00020404307528646218,0.9958895928246656,0.996093635899952,False
7631,-0.00031351235577681025,0.4544418589757539,0.4547553713315307,False
7632,-0.00014481369099536223,0.5132922689352353,0.5134370826262307,False
7633,-0.00013466012580159675,0.3505822502906199,0.3507169104164215,False
7634,-0.0004651257053541497,0.31431137710887735,0.31477650281423153,False
7635,-0.00016521713039476703,0.4891642299251571,0.48932944705555187,False
7636,-0.00016319836322940682,0.16853960963232947,0.16870280799555887,False
7637,-7.19147181356483e-05,0.43357491696977485,0.4336468316879105,False
7638,-0.00031223996770199375,0.15184719264389737,0.15215943261159937,False
7639,-0.0010500633489076772,0.38251399087713484,0.3835640542260425,False
7640,-0.00040254022564430473,0.5225098417585132,0.5229123819841576,False
7641,-1.3958802236199684e-05,0.36210000246876656,0.36211396127100276,False
7642,-0.00034948412287403853,0.4174056974381067,0.41775518156098074,False
7643,-9.039382633631823e-05,0.47354130150353996,0.47363169532987626,False
7644,-0.000248142990911151,0.3928740647731647,0.39312220776407586,False
7645,-0.0003572752796214228,0.48795346719840954,0.48831074247803097,False
7646,-2.6969621506279745e-05,0.4306374571162639,0.43066442673777017,False
7647,-0.010057696162961715,1.0,1.0100576961629617,False
7648,-0.00022758861729131044,0.27943124586753326,0.2796588344848246,False
7649,0.0,0.5343183419524846,0.5343183419524846,False
7650,-6.93691658334052e-05,0.46012135271276144,0.46019072187859483,False
7651,-0.0007258290770161681,0.8907727554625718,0.891498584539588,False
7652,-0.0001568757648551984,0.4524552198571744,0.4526120956220296,False
7653,-0.00038604354515121386,0.4078747773474741,0.40826082089262533,False
7654,-0.0005624449228505826,0.3964513299227306,0.39701377484558115,False
7655,-0.0005807987066496961,1.0,1.0005807987066497,False
7656,-7.803826804734352e-05,0.4930155468765998,0.4930935851446472,False
7657,-0.00039634207069768403,0.3655847018064702,0.36598104387716784,False
7658,-0.00047048824198799515,0.7689456422130752,0.7694161304550632,False
7659,-0.0002773575542838169,0.4740277573124184,0.47430511486670224,False
7660,-0.00011269859786615156,0.4380198983905932,0.43813259698845936,False
7661,-9.319822875960478e-05,0.4651608555640923,0.4652540537928519,False
7662,-0.00028873407951535954,0.2327564073585922,0.23304514143810756,False
7663,-0.0009716042047265612,0.40400867480318486,0.40498027900791145,False
7664,-0.00013975590170178914,0.37348160497297433,0.3736213608746761,False
7665,-0.00026253001836573127,0.4983983615103039,0.49866089152866966,False
7666,-0.006426136718805816,0.26565928346602724,0.27208542018483306,False
7667,-0.00022943160761541368,0.4069770549403717,0.4072064865479871,False
7668,-0.00035317507416274615,0.4402452132111301,0.44059838828529285,False
7669,-6.177868766384162e-05,0.4666233929678045,0.4666851716554683,False
7670,-0.00025537582195592093,0.4021150494974368,0.4023704253193927,False
7671,-0.0001910856642791255,0.46707309897655364,0.46726418464083275,False
7672,-0.0002225039647478545,0.6073049981937126,0.6075275021584605,False
7673,-0.00017178654372894912,0.49927868752093163,0.4994504740646606,False
7674,-0.0001811860499127571,0.49258539561712333,0.4927665816670361,False
7675,-0.000330546549163405,0.3587233821316209,0.35905392868078434,False
7676,-0.0007679117222777996,0.42356964610427295,0.42433755782655075,False
7677,-0.0002757854487704352,0.5401966520401341,0.5404724374889045,False
7678,-0.00020714172358172493,0.49627521579278977,0.4964823575163715,False
7679,-0.0003899040036487204,0.4879527369841551,0.48834264098780383,False
7680,-0.0004187521893220452,0.3813365129601952,0.38175526514951724,False
7681,-0.00023963200824167463,0.5547038734208254,0.554943505429067,False
7682,-0.00035894003614725763,0.4814506712190566,0.4818096112552039,False
7683,-0.0005495821180274971,0.23173971075122227,0.23228929286924976,False
7684,-0.00018482715685365356,0.46863854322962034,0.468823370386474,False
7685,-0.00021586861999069482,0.3997708383765834,0.39998670699657407,False
7686,-0.0002662584207699823,0.44138774691583915,0.44165400533660915,False
7687,-0.00020444947070748698,0.19485652634127018,0.19506097581197768,False
7688,-9.7165415532715e-05,0.46280920097433537,0.4629063663898681,False
7689,-0.0011072211152490866,1.0,1.0011072211152492,False
7690,-0.00014766697164272965,0.4548989356437217,0.45504660261536445,False
7691,-0.00019137640926746222,1.0,1.0001913764092674,False
7692,-0.00017588850688568167,0.40142120184803526,0.4015970903549209,False
7693,-0.00023348554449162837,0.4065034212231052,0.40673690676759683,False
7694,-0.0001011599977055847,0.46965148516751853,0.46975264516522414,False
7695,-0.00021935624392647475,0.5657048439277856,0.5659242001717121,False
7696,-0.00024269206862329894,0.5089904998474175,0.5092331919160408,False
7697,-0.00045800786568757265,0.5695336749827125,0.5699916828484001,False
7698,-0.0004067115529186884,0.19033286176307426,0.19073957331599295,False
7699,-0.00016860764770625295,0.46947883872675383,0.4696474463744601,False
7700,-0.00038200794649181306,0.30342170623613035,0.30380371418262214,False
7701,-0.0002249566533989751,0.46544840521292846,0.46567336186632746,False
7702,-4.8670019814568667e-05,0.4532861987750702,0.45333486879488477,False
7703,-0.0010550196229111922,0.35324337540076645,0.35429839502367766,False
7704,-0.00027408676469604373,0.414074773327164,0.41434886009186006,False
7705,-0.0009602286151116238,0.5518472885636769,0.5528075171787885,False
7706,-0.00023040536768207095,0.4649659778330026,0.4651963832006847,False
7707,-0.00020967294311547948,0.47093389997205326,0.47114357291516873,False
7708,-0.00033416196172601683,0.4684730060445389,0.46880716800626493,False
7709,-8.886013253779243e-05,0.4809538633724296,0.4810427235049674,False
7710,-0.000656899516225145,0.8231850634481802,0.8238419629644054,False
7711,-0.00020616681859387314,0.45161162960779616,0.45181779642639003,False
7712,-0.00030192184513090956,0.7513410997970384,0.7516430216421693,False
7713,-0.00010319620334989204,0.4894338037649925,0.4895369999683424,False
7714,-0.00015184546950946463,0.4776079242452677,0.4777597697147772,False
7715,-0.0002599885057433603,0.5162337815392067,0.5164937700449501,False
7716,0.0,0.5131633021642213,0.5131633021642213,False
7717,-0.00048512875725927604,0.525550255780544,0.5260353845378033,False
7718,-0.00037570573254812876,0.44095940849623194,0.4413351142287801,False
7719,-0.00029611824973744616,0.39884242165628125,0.3991385399060187,False
7720,-0.008407093139440422,0.18065679401019816,0.18906388714963857,False
7721,-0.0002139030719366161,0.5241750365770546,0.5243889396489911,False
7722,-0.0001759740754053717,0.5016197434903966,0.501795717565802,False
7723,-0.0005276207071632887,0.24861377076879337,0.24914139147595665,False
7724,-0.0007012318689183308,0.41658063210483115,0.4172818639737495,False
7725,-0.0006828429746218243,0.35829120548263677,0.3589740484572586,False
7726,0.0,0.5019788138766696,0.5019788138766696,False
7727,-0.00045337970980304675,0.4969835851415905,0.49743696485139355,False
7728,-0.00032088889097382924,0.6745734955663942,0.674894384457368,False
7729,-0.00021238171687944023,0.4177886813975305,0.41800106311440993,False
7730,-0.00020639677798696754,0.5760790579688612,0.5762854547468481,False
7731,0.0,0.08124982300709462,0.08124982300709462,False
7732,-0.00028411357111417874,0.5797678212173332,0.5800519347884473,False
7733,-0.0001634874458747406,0.293808831498839,0.29397231894471376,False
7734,-0.000624028601696902,0.4024719366923939,0.4030959652940908,False
7735,-0.0002335508509796111,0.44824981229362837,0.44848336314460796,False
7736,-0.00017217699901202449,0.40653889604649796,0.40671107304550996,False
7737,-0.00030983566587638263,0.3006224790201783,0.3009323146860547,False
7738,-0.0002666208104424405,0.15597283202323803,0.15623945283368046,False
7739,-0.00012425037082908387,0.4585241226485628,0.4586483730193919,False
7740,-0.0008636731284567081,0.5161510254886573,0.517014698617114,False
7741,-0.00025373450204813774,0.4554288015358792,0.45568253603792735,False
7742,-0.0002324753317134527,0.5038746346912026,0.5041071100229161,False
7743,-0.00026848165411012836,0.4658405521090122,0.46610903376312235,False
7744,-0.00030188052341398287,0.4515616526751558,0.45186353319856976,False
7745,-0.00026611299693218263,0.38686956311188336,0.38713567610881555,False
7746,-0.00031396642924698946,0.48857546425047976,0.48888943067972673,False
7747,-0.00032926049308904844,0.5191128438810833,0.5194421043741723,False
7748,-0.00032208151879917245,0.4565267823525563,0.4568488638713555,False
7749,-0.0005400193575502541,0.35985600771279896,0.36039602707034923,False
7750,-0.00033504148821339723,0.7791413528952672,0.7794763943834806,False
7751,-0.00857883353896912,0.34542430914060396,0.35400314267957306,False
7752,-7.132535627090881e-05,0.47404536078569626,0.47411668614196717,False
7753,-0.00024057807987076086,0.16837350439818558,0.16861408247805634,False
7754,0.0,0.0849542825273794,0.0849542825273794,False
7755,-0.00021799742141961572,0.511615531260163,0.5118335286815826,False
7756,-0.00032474468927991376,0.7840682625950781,0.784393007284358,False
7757,-0.0003038368329133651,0.4816228145134898,0.48192665134640317,False
7758,-0.0003296717154194936,0.9981162072682928,0.9984458789837123,False
7759,-3.597798200367128e-05,0.2952617426521342,0.29529772063413784,False
7760,-0.000179932061050905,0.37694803762954127,0.37712796969059215,False
7761,-0.0002826577164494523,0.45343138416776824,0.4537140418842177,False
7762,-0.00043227768239229416,0.4070758486080119,0.40750812629040417,False
7763,-0.00018327356469680371,0.46442665734997535,0.4646099309146722,False
7764,0.0,0.08067499054212762,0.08067499054212762,False
7765,-0.00024699577692338025,0.4378522561043168,0.43809925188124016,False
7766,-0.00012766303243642044,0.4744440339923729,0.47457169702480934,False
7767,-0.0001934535859397637,1.0,1.0001934535859398,False
7768,-0.0002443794995310448,0.6598929254382745,0.6601373049378055,False
7769,-0.0009265190725563542,0.37578754687695076,0.3767140659495071,False
7770,-0.0003228709180499013,0.4588509375715304,0.4591738084895803,False
7771,-3.629795402988636e-05,0.10816536054497437,0.10820165849900426,False
7772,-0.00026195021354387307,0.4586401321865041,0.458902082400048,False
7773,-0.0004920775067876929,0.42099499202036056,0.42148706952714826,False
7774,-7.912748402262615e-05,0.406821616959355,0.4069007444433776,False
7775,-0.00020886196485275937,0.4931071982237387,0.4933160601885915,False
7776,-0.00013081782144994675,0.4711985471551209,0.47132936497657085,False
7777,-0.00016704684267171635,0.43740300372248775,0.43757005056515946,False
7778,-0.00016175535786006607,0.33422340358110986,0.3343851589389699,False
7779,-0.00028739728082017343,0.4670044105813253,0.46729180786214547,False
7780,-0.00897693566801815,0.4526651167237656,0.46164205239178374,False
7781,-9.618563901518047e-05,0.4665650299313017,0.4666612155703169,False
7782,-0.0007761823321084508,0.19378652083650683,0.19456270316861526,False
7783,-0.0001239798642727627,0.9939410379347472,0.99406501779902,False
7784,-0.0002856669274330652,0.5081384849456153,0.5084241518730483,False
7785,-0.00021072524830928607,0.5146423472486261,0.5148530724969355,False
7786,-0.00017588956216616337,0.4462257749359698,0.446401664498136,False
7787,-0.0006062962506915212,0.3333642469745444,0.33397054322523595,False
7788,-0.0002249386316960327,0.4801740890441654,0.48039902767586146,False
7789,-0.00021039729956231592,0.38613380989566287,0.38634420719522516,False
7790,-0.00020596556546809648,0.8448778021082319,0.8450837676737001,False
7791,-0.00020416641496421111,0.4884799339361271,0.48868410035109133,False
7792,-0.00038955491976164225,0.7171534182117946,0.7175429731315562,False
7793,-2.512484038104447e-05,0.2998634112326068,0.2998885360729878,False
7794,-0.0001185685767558709,0.2919222891846075,0.29204085776136335,False
7795,-0.00023571356979348653,0.5048842082536108,0.5051199218234043,False
7796,-0.0005271369105022222,0.672859720572686,0.6733868574831882,False
7797,-0.0005861741770799482,0.27661466768669457,0.2772008418637745,False
7798,-0.00033386533810942016,0.48757658476670995,0.48791045010481937,False
7799,-0.0003257097427300483,0.40557396789168193,0.405899677634412,False
7800,-0.000517022665696288,1.0,1.0005170226656963,False
7801,-0.0002427676799868237,0.1452000999504123,0.14544286763039913,False
7802,-0.00026665415632295215,0.4574558091208046,0.4577224632771275,False
7803,-0.00046743751380791024,0.4272797344807091,0.427747171994517,False
7804,-0.0002638458296625188,0.5070507651000936,0.5073146109297562,False
7805,-0.0002719755431423484,0.6322059370206387,0.632477912563781,False
7806,-0.00020388494639126257,0.47841035103105956,0.47861423597745084,False
7807,-0.00023511237448797646,0.48397260146079774,0.4842077138352857,False
7808,-0.0004129282008998389,0.3492373596938051,0.3496502878947049,False
7809,-0.00018423340311450113,0.45720443945940353,0.45738867286251805,False
7810,-0.0004470023075355758,0.9811255608389139,0.9815725631464495,False
7811,-0.0002912143916472722,0.48348480860641474,0.483776022998062,False
7812,-0.00043831329748047544,0.45546329556954945,0.4559016088670299,False
7813,-0.0003206154741528056,0.39998042986240134,0.40030104533655414,False
7814,-0.00022212130190892994,0.4075691324855895,0.4077912537874984,False
7815,-0.00022424299483269624,0.41723524229118214,0.41745948528601484,False
7816,-0.0004179794112229347,0.4161552842346119,0.41657326364583486,False
7817,-0.00028541746077786215,0.5076471666598475,0.5079325841206254,False
7818,-0.00031902142676048324,0.48241276087034524,0.4827317822971057,False
7819,-0.0002568716565745259,0.45507898089085724,0.45533585254743175,False
7820,-0.0002707470248933818,0.43950368823325836,0.43977443525815174,False
7821,-0.0002539768186253331,0.4950664544545088,0.49532043127313413,False
7822,-0.0001756809933522572,0.46694382032024295,0.4671195013135952,False
7823,-0.0004053433486346838,0.5232710914201549,0.5236764347687897,False
7824,-0.0005568156507552704,0.5408102907804959,0.5413671064312512,False
7825,-0.00032429382895902417,0.47721064744795055,0.4775349412769096,False
7826,-0.00031188989554628197,0.32879120901868936,0.3291030989142356,False
7827,-0.018752165598263495,0.6382201266835332,0.6569722922817968,False
7828,-0.00036868317267974585,0.5271456429892838,0.5275143261619636,False
7829,-0.0020640823302862064,0.40287717816499113,0.40494126049527734,False
7830,-0.0003115488194178617,0.4899730251771101,0.490284573996528,False
7831,-0.00028529385422720156,0.5068261657227258,0.5071114595769529,False
7832,-0.00022205682343445622,0.4155627111743573,0.41578476799779174,False
7833,0.0,0.11367740579127507,0.11367740579127507,False
7834,-0.00019798529773373922,0.46551245359584814,0.4657104388935819,False
7835,-0.0004530536033677642,0.29483113384077425,0.29528418744414203,False
7836,-0.00030353290699449955,0.4644347359274795,0.464738268834474,False
7837,-0.00027394102655210246,0.402829486138355,0.4031034271649071,False
7838,-0.0005891746799296375,0.3758169091189502,0.37640608379887985,False
7839,-0.00023938732627399234,0.5002944445323974,0.5005338318586714,False
7840,-0.0004060650620851349,0.30315729442820916,0.3035633594902943,False
7841,-0.0021502212321042324,0.9952983740272523,0.9974485952593566,False
7842,-0.00023239161372538963,0.4551799878904271,0.4554123795041525,False
7843,-0.0005134816544075734,0.16124577466216378,0.16175925631657134,False
7844,-0.0003245870145178332,0.5313244572899217,0.5316490443044396,False
7845,-0.0003343203912032977,0.47803859866584386,0.47837291905704715,False
7846,-0.0002673708604403068,0.4749789275677559,0.4752462984281962,False
7847,-0.00010444074960739986,0.39913371797692154,0.39923815872652896,False
7848,-0.00021193847142275622,0.2053131096912252,0.20552504816264797,False
7849,-0.00023300410498457676,0.46290778592738097,0.4631407900323655,False
7850,-8.512462392583287e-05,0.38962095959708926,0.3897060842210151,False
7851,-0.00045721427804355677,0.8202098532982929,0.8206670675763365,False
7852,-0.0001331489519533623,0.4119003249530768,0.4120334739050302,False
7853,-0.002112175768940639,1.0,1.0021121757689406,False
7854,-0.0001778568203350919,0.2723941916594261,0.2725720484797612,False
7855,-0.0005203576839895924,0.47020598068947606,0.47072633837346567,False
7856,-0.00040260747540577706,0.3689335710277808,0.36933617850318656,False
7857,-0.0005510767489925251,0.4883562507854365,0.488907327534429,False
7858,-0.00028346944093358175,0.46633503340098365,0.46661850284191725,False
7859,-0.02066239923895595,0.48555722524599715,0.5062196244849531,False
7860,-0.00021314137827491757,0.4656440986287862,0.46585724000706114,False
7861,-0.00073417549925487,0.40203171406925253,0.4027658895685074,False
7862,-0.00037363642261203814,0.42202509459292625,0.42239873101553826,False
7863,-0.0006979717148899586,1.0,1.00069797171489,False
7864,-0.0003057820246365016,0.4529876772230971,0.45329345924773357,False
7865,-0.0004353186995900684,0.4524327090997064,0.45286802779929647,False
7866,-0.00034835243513291187,0.5137218266698118,0.5140701791049447,False
7867,-0.0002944449920569708,0.4901005795768758,0.4903950245689328,False
7868,-0.0002772979119195344,0.43470725573068275,0.4349845536426023,False
7869,-0.00016040888577287688,0.17402883634308566,0.17418924522885854,False
7870,-0.00019080719706304644,0.5093705125728669,0.5095613197699299,False
7871,-0.0004724764919678857,0.4573759513064309,0.4578484277983988,False
7872,-0.0003031083384327192,0.42240027365168514,0.42270338199011787,False
7873,-0.00012899790885286626,0.39231085828152523,0.3924398561903781,False
7874,-0.00035035472689240715,0.4438874386411563,0.44423779336804875,False
7875,-0.00035541344634468404,0.49656556989785317,0.4969209833441979,False
7876,-0.0003050282915152615,0.5019528792167804,0.5022579075082957,False
7877,-0.0010178779968997636,0.36170387194726694,0.3627217499441667,False
7878,-0.0003068899209132909,0.4281742334502234,0.42848112337113664,False
7879,-0.0015644752799222007,0.3811469688418691,0.3827114441217913,False
7880,-0.0007925333215498417,1.0,1.00079253332155,False
7881,-0.0003290390084102811,0.4482373958561942,0.4485664348646045,False
7882,-0.0004076259846276321,0.5043507698420236,0.5047583958266513,False
7883,-0.00021086009771819,0.402626211733618,0.4028370718313362,False
7884,-0.00039883453934953496,0.49016120393930446,0.490560038478654,False
7885,-0.0002866028057271998,0.9970181221291405,0.9973047249348678,False
7886,-0.0001279970124970943,0.4941774175012721,0.4943054145137692,False
7887,-0.0002247203914876351,0.28681622701476167,0.2870409474062493,False
7888,-0.0002748107612012084,0.49043932498722437,0.4907141357484256,False
7889,-0.00023847562286385542,0.4748647272421462,0.47510320286501,False
7890,-0.00024359127031443303,0.4844070094811273,0.48465060075144173,False
7891,-0.0006138755714827287,0.25624436524129046,0.2568582408127732,False
7892,-0.00027550515265874556,0.19660127290208496,0.1968767780547437,False
7893,-0.0003081970279928074,0.3580453145078565,0.35835351153584927,False
7894,-0.0004604566050304456,0.31360472051555627,0.31406517712058674,False
7895,0.0,0.060052696992755436,0.060052696992755436,False
7896,-0.0003656139527093092,0.39295647124584604,0.3933220851985553,False
7897,-0.014840354272785546,1.0,1.0148403542727855,False
7898,-0.0002598743854997846,0.5646566894069512,0.564916563792451,False
7899,-0.0003000996154796696,0.48994962224848654,0.4902497218639662,False
7900,-0.0002019115626729278,0.46740103307673175,0.46760294463940466,False
7901,-0.0003006609999022126,0.6278489009953163,0.6281495619952185,False
7902,-0.00028581161388940575,0.5602977695274557,0.5605835811413451,False
7903,-0.0004548876848416048,0.46661399064327075,0.46706887832811234,False
7904,-0.00025459361707511074,0.44817007516612,0.44842466878319515,False
7905,-0.0005074027955512899,0.41411287455260665,0.41462027734815793,False
7906,-0.0002684875007719891,0.3800490922977783,0.38031757979855024,False
7907,-0.00011345217396208276,0.4693029912744212,0.4694164434483833,False
7908,-0.0003766258349587037,0.996853459193405,0.9972300850283636,False
7909,-0.000370029785672159,0.5389162840019062,0.5392863137875783,False
7910,-0.00025880669577189023,0.48639472434561093,0.4866535310413828,False
7911,-0.00029821804273058073,0.4069842900038684,0.40728250804659893,False
7912,-0.0004819761372847129,0.39982096718332616,0.4003029433206109,False
7913,-0.0003481706357306795,0.49393131028296755,0.4942794809186982,False
7914,0.0,0.14255777315419138,0.14255777315419138,False
7915,-0.0003396116646711251,0.5810312747547164,0.5813708864193875,False
7916,-0.0002921417562508483,0.4810267167504106,0.48131885850666145,False
7917,-0.0003797419300946208,0.6669738667469802,0.6673536086770748,False
7918,-0.00032335237687996783,0.6163535438360568,0.6166768962129368,False
7919,-0.0008386110459683593,0.5592926990343864,0.5601313100803548,False
7920,-0.003418062470923475,1.0,1.0034180624709235,False
7921,-0.0002833569307758567,0.3120229324989368,0.31230628942971267,False
7922,-0.0004370758621516977,0.28363469372630246,0.28407176958845415,False
7923,-0.0005177245021171683,0.46316753613192646,0.46368526063404364,False
7924,-0.00019926184300273882,0.37383672225532394,0.37403598409832667,False
7925,-0.0006979298528404963,0.23399305721302152,0.23469098706586203,False
7926,0.0,0.16379922219515314,0.16379922219515314,False
7927,-0.000228782852679221,0.2670021302561475,0.26723091310882674,False
7928,-0.00039287710746007835,0.491081150758936,0.49147402786639605,False
7929,-0.0004873249959933153,0.4510202590669506,0.4515075840629439,False
7930,-0.0002270870716684347,0.49255112573799703,0.49277821280966544,False
7931,-0.00031170853714461303,0.578574407391595,0.5788861159287396,False
7932,-0.00019104461896482291,0.4681804370720233,0.4683714816909881,False
7933,-0.008995874584302618,0.18678586846634276,0.19578174305064538,False
7934,-0.0002459788876587795,0.48159602232135496,0.4818420012090137,False
7935,-0.0003199239358882682,0.3398073981257787,0.34012732206166696,False
7936,-0.0008396845298464223,0.6060710330661921,0.6069107175960385,False
7937,-0.0005546984870048763,0.48573050386949795,0.48628520235650285,False
7938,-0.00018110152996797654,0.49565720841566613,0.4958383099456341,False
7939,-0.0001561485876288678,0.3626343954607803,0.36279054404840916,False
7940,-0.0007850176442738697,1.0,1.0007850176442739,False
7941,-0.00016708761289211478,0.32800762928917965,0.3281747169020718,False
7942,-0.00037673316505959785,0.48263468173254886,0.48301141489760846,False
7943,-0.0002693391902281127,1.0,1.0002693391902282,False
7944,-0.0002696860001634452,0.4628486329779206,0.4631183189780841,False
7945,-0.0008877711963711046,1.0,1.000887771196371,False
7946,0.0,0.8433060371411715,0.8433060371411715,False
7947,-0.00013395113461292125,0.5019968587887726,0.5021308099233855,False
7948,-0.0003272819456065288,0.47021581838120063,0.4705431003268072,False
7949,-0.00019672652309777865,0.46428250938713334,0.4644792359102311,False
7950,-0.00027309625020883067,0.7259808220964946,0.7262539183467035,False
7951,-0.0003210847999895941,0.45603519384756963,0.45635627864755923,False
7952,-0.0006253417613491205,0.41777265545555,0.4183979972168991,False
7953,-0.000190496817406672,0.4639004841851345,0.4640909810025412,False
7954,-0.0005395168334663198,0.4656950299710134,0.46623454680447973,False
7955,-0.0003131430179756565,0.435059425578159,0.43537256859613466,False
7956,-0.0005491492332253791,0.4306679949910998,0.43121714422432517,False
7957,-0.0005036182390594325,0.38810685876433537,0.3886104770033948,False
7958,-0.0004249613355485016,0.8499189750209792,0.8503439363565277,False
7959,-0.00034142347909056105,0.46466597608040444,0.465007399559495,False
7960,-0.000565893930986389,0.6235043304008191,0.6240702243318055,False
7961,-0.0005202066349946869,0.7055830404835973,0.706103247118592,False
7962,-0.00027604952278776544,0.45484391838690946,0.4551199679096972,False
7963,-0.00029059393988464766,0.5193512442439521,0.5196418381838367,False
7964,-0.00048020614739660827,0.47026378751725256,0.4707439936646492,False
7965,-0.0003213100349869317,0.3254066694217337,0.3257279794567206,False
7966,-0.0004037013314032603,0.15781631558614334,0.1582200169175466,False
7967,-0.0003258110675060771,0.28984764419703357,0.29017345526453964,False
7968,-0.0003251977351505381,0.5466105174388436,0.5469357151739941,False
7969,-0.0005238665040449648,0.32558879168500143,0.3261126581890464,False
7970,-0.00035682975797520297,0.20501146409739587,0.2053682938553711,False
7971,-0.00047233315900596103,0.46529301372253057,0.46576534688153653,False
7972,-0.001094963574519585,0.1528393124572734,0.15393427603179297,False
7973,-0.00036893912920645113,0.4627991935675277,0.4631681326967341,False
7974,-0.0003853688656390424,0.4072071816207441,0.40759255048638315,False
7975,-0.000531072703113862,0.24947499972216908,0.25000607242528294,False
7976,-0.00032997039065981343,0.4835603543651241,0.4838903247557839,False
7977,0.0,0.6548706468494051,0.6548706468494051,False
7978,-0.0006795783067552682,0.14837563668162312,0.1490552149883784,False
7979,-0.00019340763745648044,0.5001798561769535,0.5003732638144099,False
7980,-0.00036351024026150296,0.4581957297029441,0.4585592399432056,False
7981,-0.00035168172317324184,0.9992118195458688,0.999563501269042,False
7982,-0.00047130368152471227,0.422287037047408,0.4227583407289327,False
7983,-0.0065734818014012274,0.2633491105920554,0.2699225923934566,False
7984,-0.001027089713797691,0.3106717597955161,0.31169884950931376,False
7985,-0.0004590119891086025,1.0,1.0004590119891086,False
7986,-0.0002564152234651638,0.47743149517714356,0.4776879104006087,False
7987,-6.386578690730903e-05,0.6571794566446947,0.657243322431602,False
7988,-0.008880704822003347,1.0,1.0088807048220034,False
7989,-0.00019081377203925934,0.19669946455409032,0.19689027832612957,False
7990,-0.00024425671977572545,0.3971193556561132,0.39736361237588896,False
7991,-0.0004076670741080275,0.38433455681491974,0.3847422238890278,False
7992,-0.00013619064394649032,0.5364486644941577,0.5365848551381043,False
7993,-0.00033100968311820073,0.4677093309366612,0.46804034061977945,False
7994,-0.00022143797564516953,0.4479583724513039,0.44817981042694904,False
7995,-0.0008365824608576463,0.7309262611207745,0.7317628435816321,False
7996,-0.0009783288565214235,0.3510002483991277,0.3519785772556491,False
7997,-0.0003985843089987703,0.6026918492822498,0.6030904335912486,False
7998,-0.000312995302229064,0.5180092475621285,0.5183222428643576,False
7999,-0.00044641796331720157,0.4684762005430703,0.4689226185063875,False
8000,-0.0002537494861123663,1.0,1.0002537494861123,False
8001,-0.00020726695729977675,0.319733109911847,0.3199403768691468,False
8002,-0.0003945802901151161,0.486388462720386,0.4867830430105011,False
8003,-0.0007835925854410374,0.40378017279185324,0.40456376537729427,False
8004,-0.0003616707366616863,0.5810491293941819,0.5814108001308436,False
8005,-0.00030232880817261047,0.7688211758202697,0.7691235046284423,False
8006,-0.0004865813230072407,0.3234158553575014,0.3239024366805086,False
8007,0.0,0.20908086387936706,0.20908086387936706,False
8008,-0.0006795618260895666,0.4402497974031724,0.44092935922926196,False
8009,-0.0003277928276102437,0.9972095082244261,0.9975373010520363,False
8010,-0.00021338135809154015,0.40048349843846737,0.4006968797965589,False
8011,-0.0003773922154829667,0.46110918605733353,0.4614865782728165,False
8012,-0.00016030641684001962,0.6257363120120456,0.6258966184288857,False
8013,-0.0006992561315697224,0.2856509063605954,0.28635016249216516,False
8014,-0.0007988586989826393,0.5534387719501462,0.5542376306491289,False
8015,-0.0006587763151644357,0.30903406792286575,0.3096928442380302,False
8016,-0.0003737118497104913,0.48113789738684376,0.4815116092365542,False
8017,-0.00028337623675607856,0.2170598793692762,0.2173432556060323,False
8018,-0.0004127310390109898,0.47149920821379193,0.47191193925280295,False
8019,-0.0002485552865993639,0.21946227792014678,0.21971083320674614,False
8020,-0.00020195984875480947,0.5882571316171653,0.5884590914659201,False
8021,-0.00043485668013088814,0.37721189624741996,0.37764675292755084,False
8022,-0.000271426359309996,0.4358779818989711,0.4361494082582811,False
8023,-0.0007480849018105338,0.303972110143947,0.30472019504575754,False
8024,-0.0006555044590986663,0.08190539855020713,0.0825609030093058,False
8025,-0.0005459461715793199,0.4209571857954216,0.4215031319670009,False
8026,-0.0008393622274288448,0.7567806132476219,0.7576199754750508,False
8027,-0.0005626764871521806,0.3473282526850966,0.3478909291722488,False
8028,-0.0007313857185485929,0.576284459561395,0.5770158452799435,False
8029,-0.0005165697571045526,0.5412361858649868,0.5417527556220914,False
8030,-0.0004902669453518357,0.4660352438796212,0.466525510824973,False
8031,-0.0009315579213545379,0.4093197310159466,0.4102512889373011,False
8032,-0.00040030460648644877,0.36263531319092374,0.36303561779741017,False
8033,-0.0009735305339883475,0.58631176450369,0.5872852950376783,False
8034,-0.0005143069139522405,0.2717009894917139,0.27221529640566616,False
8035,-0.0003285913470035048,0.5256689201107274,0.5259975114577309,False
8036,-0.00029919724687880593,0.4793003255169064,0.4795995227637852,False
8037,-0.00023648455274132905,0.25483804679634275,0.2550745313490841,False
8038,-0.0032953532083122078,0.3021699601125937,0.30546531332090593,False
8039,0.0,0.08537622370022878,0.08537622370022878,False
8040,-0.00026046386695487194,0.9620300567795177,0.9622905206464726,False
8041,0.0,0.20520688630010508,0.20520688630010508,False
8042,-0.00039881523827788447,0.41229647769506944,0.41269529293334734,False
8043,-0.0002694024178412871,0.4562307704083717,0.45650017282621297,False
8044,-0.000458818665119214,0.5027489361707339,0.5032077548358531,False
8045,-0.00030367369570863465,0.45969921001261277,0.46000288370832143,False
8046,-0.0004725336208937264,0.3727071271369336,0.3731796607578273,False
8047,-0.00030476048768563396,0.3843170082232063,0.38462176871089193,False
8048,-0.00036126273854861256,0.46251889886394265,0.4628801616024913,False
8049,-0.0002877642822123653,0.44656129509940284,0.44684905938161523,False
8050,-0.00032523495496843347,0.4709590226936946,0.47128425764866305,False
8051,-0.0008919166478231064,0.6473257641336565,0.6482176807814796,False
8052,-0.00023533194590674171,0.4498732280502337,0.45010855999614047,False
8053,-0.0006806458176025792,0.48724991603252865,0.48793056185013123,False
8054,-0.00028568617316431725,0.4969797902942335,0.4972654764673978,False
8055,-0.0002878463001902012,0.46251124281445494,0.4627990891146451,False
8056,-0.0005021155406931469,0.57122747710716,0.5717295926478532,False
8057,-0.0003676462318964771,0.44862991732398,0.4489975635558765,False
8058,-0.0003365265740184438,0.47894489717595223,0.4792814237499707,False
8059,-0.0024491594884588873,1.0,1.0024491594884588,False
8060,0.0,0.10306769910114935,0.10306769910114935,False
8061,-0.0003361964474299948,0.4875325791936015,0.4878687756410315,False
8062,0.0,0.07262966914591529,0.07262966914591529,False
8063,-0.000394101529874886,0.3238216140851878,0.3242157156150627,False
8064,-0.0003121615387301387,0.383885300491254,0.38419746202998417,False
8065,-6.83189936278309e-05,0.4383063934312658,0.4383747124248937,False
8066,-0.00024930585367769815,0.413395805550751,0.4136451114044287,False
8067,-0.00023628739232083506,0.39252939567247147,0.3927656830647923,False
8068,-0.0004841258883185064,0.45958871286371383,0.46007283875203236,False
8069,-0.0009770604591987117,1.0,1.0009770604591988,False
8070,-0.00012040066978281051,0.42296375687259313,0.42308415754237594,False
8071,-0.00014601685333261622,0.4644260974345961,0.4645721142879287,False
8072,-0.0006852734468384296,0.5689649810988696,0.5696502545457081,False
8073,-0.00127718656804501,0.8387516978026738,0.8400288843707188,False
8074,-0.0009164691752806761,0.3706730299135936,0.37158949908887423,False
8075,-0.00041781755647106044,0.7834169804173197,0.7838347979737907,False
8076,-0.00589453984666468,0.2558783684272533,0.26177290827391797,False
8077,-0.0001889845989472114,0.23417684153927726,0.23436582613822446,False
8078,-0.0006386156097870953,0.5016269933612738,0.5022656089710609,False
8079,-0.00015107644266447112,0.1574453154270137,0.15759639186967817,False
8080,-0.00037958784848603113,0.47300175349740525,0.47338134134589127,False
8081,-0.0002210805105612207,0.5406238717063058,0.540844952216867,False
8082,-0.0005362114827550111,0.6693011705670385,0.6698373820497935,False
8083,-0.0001957877903515642,0.3603423379712504,0.360538125761602,False
8084,-0.0003351200153488015,0.43619900099902853,0.43653412101437733,False
8085,-0.00031962851591258617,0.5029443870744419,0.5032640155903545,False
8086,-0.0006484290446015339,0.5796155380541087,0.5802639670987102,False
8087,-0.00010433320463682668,0.7054872079883565,0.7055915411929934,False
8088,-0.0010331053856264267,0.04477596351839611,0.04580906890402254,False
8089,-0.00025787517695101213,0.5780829651155959,0.5783408402925468,False
8090,-0.0001562098398887021,0.2860405547801483,0.28619676462003696,False
8091,-0.0003854554363348944,0.381707826911911,0.3820932823482459,False
8092,-0.0002231638754628626,0.35433223117958984,0.3545553950550527,False
8093,-0.0005026126020108082,0.9959681111799212,0.996470723781932,False
8094,-0.0004910786617058865,0.8457753653647659,0.8462664440264718,False
8095,-0.0005473190513156293,0.9990793321042428,0.9996266511555585,False
8096,-0.0005950183934579713,0.5458994911649924,0.5464945095584504,False
8097,-0.0005487598840146703,1.0,1.0005487598840146,False
8098,-0.00030957175370781786,0.3271861854879385,0.3274957572416463,False
8099,-0.0019741522218040077,1.0,1.001974152221804,False
8100,0.0,0.38394643726918154,0.38394643726918154,False
8101,-0.0002202083183338072,0.3634706229634455,0.3636908312817793,False
8102,-0.00029426990036668626,0.519814372470697,0.5201086423710637,False
8103,-0.0008643934592865906,0.33108957007760476,0.3319539635368913,False
8104,-0.0007934917221396515,0.48566749511155666,0.4864609868336963,False
8105,-0.000708211598373818,0.30942042571486683,0.31012863731324064,False
8106,-0.0002501797774081993,0.485742510211834,0.4859926899892422,False
8107,-0.000221159554604624,0.40865721858974463,0.40887837814434924,False
8108,-0.00032044894672677535,0.3620155690216958,0.3623360179684226,False
8109,-0.0002708391101477892,0.42403657922931065,0.42430741833945845,False
8110,-0.00039699614654228427,0.9981399698471302,0.9985369659936725,False
8111,-0.00044901701213686434,0.47198491173285084,0.4724339287449877,False
8112,-0.0005944577025680222,0.34035916369917424,0.34095362140174224,False
8113,-0.00025731080355673955,0.4907860600565927,0.49104337086014943,False
8114,-0.00038849150473876926,0.42163386542202086,0.4220223569267596,False
8115,-0.0006680197873185421,0.40277492053800906,0.4034429403253276,False
8116,-0.0006894143108338898,0.6627614895122269,0.6634509038230608,False
8117,-0.000357849914922296,0.5027181983934709,0.5030760483083931,False
8118,-0.00039193724927092825,0.25097209352886074,0.2513640307781317,False
8119,-0.0004192936661146979,0.3981334026752595,0.3985526963413742,False
8120,-0.00036749455380097584,0.17040243063002386,0.17076992518382483,False
8121,-0.0005353830316257245,0.6517371502939053,0.652272533325531,False
8122,-0.00036151182095782425,0.4878665027564807,0.48822801457743853,False
8123,-0.0018290076116607402,0.3938091049230581,0.3956381125347188,False
8124,-0.000805577400831738,1.0,1.0008055774008318,False
8125,-0.00041942054172850764,0.5520833984534885,0.552502818995217,False
8126,-0.0004494094490849308,0.4469912580806906,0.44744066752977557,False
8127,0.0,0.5876621153880336,0.5876621153880336,False
8128,-0.020912023794903,0.36436320426091257,0.38527522805581554,False
8129,-0.0005781436635414577,0.39111003571665115,0.3916881793801926,False
8130,-0.000576514169125616,1.0,1.0005765141691256,False
8131,-0.0005097681757026268,0.5019243656859819,0.5024341338616845,False
8132,-0.00041959442332084547,0.2194477587644837,0.21986735318780454,False
8133,-0.0002821984334561413,0.4530383372308029,0.453320535664259,False
8134,-0.00039858106069207844,0.5746698451363002,0.5750684261969923,False
8135,-0.00034497803446035576,0.49631010069215376,0.49665507872661413,False
8136,-0.0006304939571837534,0.8272862297058058,0.8279167236629895,False
8137,-0.00013650961504174468,0.4121961189553591,0.41233262857040087,False
8138,-0.0005378553999426528,0.9945318163493342,0.9950696717492769,False
8139,-0.0005129458573562269,0.4678693094382674,0.4683822552956236,False
8140,-0.000250508425537451,0.5507727475990405,0.5510232560245779,False
8141,-0.00028872042586707003,0.6932301796944109,0.693518900120278,False
8142,0.0,0.1456023420338628,0.1456023420338628,False
8143,0.0,0.5593899935600987,0.5593899935600987,False
8144,-0.0003139093243202412,0.5818300458780634,0.5821439552023837,False
8145,-0.0006732558329434101,0.39836738308421055,0.39904063891715397,False
8146,-0.00102445124189022,0.37439274693786084,0.37541719817975105,False
8147,-0.00018571156131381162,0.512266635400749,0.5124523469620629,False
8148,-0.0007505674617679477,0.5549024410541534,0.5556530085159214,False
8149,-0.0003705846230938915,0.6215582775101923,0.6219288621332862,False
8150,-0.00026888380277233394,0.38997911448678774,0.3902479982895601,False
8151,-0.0003839485367499007,0.47165132010126426,0.47203526863801415,False
8152,-0.00019277798594498864,0.2126124332501828,0.2128052112361278,False
8153,-0.0006531617213066278,0.3896067132515381,0.39025987497284476,False
8154,-0.0003788953669225387,0.4804826353232366,0.48086153069015913,False
8155,-0.0008467676024458426,0.818381066828068,0.8192278344305138,False
8156,-0.00017004820533638324,0.39840112889343426,0.39857117709877066,False
8157,-0.00046614792439176683,0.4817658314117856,0.48223197933617734,False
8158,-0.001511360743741962,0.3991088067992503,0.4006201675429923,False
8159,-0.0008256813061500094,1.0,1.00082568130615,False
8160,0.0,0.8762890132008466,0.8762890132008466,False
8161,-0.000521192019591657,0.43193612167062734,0.432457313690219,False
8162,-0.0001032225455957545,0.3620608138605287,0.36216403640612443,False
8163,-0.00015381834249739601,0.5038521606706899,0.5040059790131873,False
8164,-0.0007699073673411436,0.7219366746593188,0.7227065820266599,False
8165,-0.0005553453086236293,0.5442133762559914,0.5447687215646151,False
8166,-0.0005273722117973147,0.47322903959031243,0.47375641180210976,False
8167,-0.0008741613113720689,0.889107302251565,0.8899814635629371,False
8168,-0.0004233094848453228,0.6772344786591373,0.6776577881439827,False
8169,-0.00047969200895450965,0.48533517538664495,0.4858148673955995,False
8170,-0.00040320034953893424,0.3406399833256363,0.3410431836751752,False
8171,-0.0006403834521210666,0.3560475749295741,0.3566879583816952,False
8172,-0.0006347491272599288,0.3996821486886375,0.4003168978158974,False
8173,-0.00038373927159091314,0.4025369526046192,0.4029206918762101,False
8174,-0.0003914325353165397,0.4251857671432262,0.42557719967854274,False
8175,-0.0015079237187187787,0.4094614505154155,0.41096937423413427,False
8176,-0.00025782100131187545,0.47827422978942813,0.47853205079074,False
8177,-0.00044141047256514656,0.4955112361033169,0.495952646575882,False
8178,-0.0006026505185826046,0.6020060880950125,0.6026087386135952,False
8179,0.0,0.4773253946400658,0.4773253946400658,False
8180,-0.0003457884868880741,0.4957723371396844,0.4961181256265725,False
8181,-0.0006996072402183926,0.4374237138520435,0.4381233210922619,False
8182,-0.0003419550515848041,0.48136101147275073,0.48170296652433553,False
8183,-0.00043933408329802786,0.6620304047693929,0.6624697388526909,False
8184,-0.0001949712284542074,1.0,1.0001949712284541,False
8185,-0.00026285017036738564,1.0,1.0002628501703674,False
8186,-0.0005147114539263275,0.479015250301735,0.4795299617556613,False
8187,-0.00039015135005606805,0.5714264651146082,0.5718166164646642,False
8188,-0.00027284165511257146,0.45930217512688176,0.45957501678199436,False
8189,-0.0001249909226742991,0.34209908482481677,0.3422240757474911,False
8190,0.0,0.6678605565956879,0.6678605565956879,False
8191,-0.0002718666179769517,0.43065966428453883,0.4309315309025158,False
8192,-5.3977855074540337e-05,0.39352212862371155,0.3935761064787861,False
8193,0.0,0.09930410564623911,0.09930410564623911,False
8194,-0.001217869284333789,0.39712650579725295,0.3983443750815867,False
8195,-0.0003886624289666501,0.4717094512154503,0.47209811364441695,False
8196,-0.000256934177246546,0.4433692471602393,0.4436261813374858,False
8197,-0.00042012054464434726,0.3987645796301708,0.39918470017481517,False
8198,-0.00047324250819612144,0.38749885574617554,0.3879720982543717,False
8199,-0.0005736384290951896,0.5275541461937645,0.5281277846228597,False
8200,-0.00038468348716330246,0.46351004034496784,0.46389472383213115,False
8201,-0.00051440170790564,0.3545568739441213,0.3550712756520269,False
8202,-0.0004950669760873526,0.3605399808074726,0.36103504778356,False
8203,-0.0006781068454357616,0.42022141250204137,0.42089951934747716,False
8204,-0.0006774400172447001,0.4265182542197773,0.427195694237022,False
8205,0.0,0.49562963234547586,0.49562963234547586,False
8206,-0.0031148019186143256,0.3770762973485642,0.38019109926717853,False
8207,-0.0009924363107859755,0.5002338431741029,0.5012262794848888,False
8208,-0.00035305758952974635,0.46934472971326147,0.4696977873027912,False
8209,-0.00035974249514339284,0.5085520316301626,0.508911774125306,False
8210,-0.00015181490163831808,0.995206443217107,0.9953582581187453,False
8211,-0.00038683093018679685,0.40692580798355205,0.40731263891373887,False
8212,-0.000321574569005645,0.36671681517376,0.36703838974276565,False
8213,0.0,0.10059938483171728,0.10059938483171728,False
8214,-0.0005163541228511025,0.40016677739061574,0.40068313151346685,False
8215,-0.000986625401426735,1.0,1.0009866254014268,False
8216,0.0,0.07194234414832122,0.07194234414832122,False
8217,-0.0003479297987504871,0.7886303643578525,0.788978294156603,False
8218,-0.0006528804123691469,0.5049926631697308,0.5056455435820999,False
8219,-0.0002085867211884169,0.4210870186822638,0.4212956054034522,False
8220,-0.0004234953990510549,0.4353874422183182,0.4358109376173693,False
8221,-0.00037346088133551677,0.4695156548151924,0.4698891156965279,False
8222,-0.001082307130166059,0.4035329456158523,0.40461525274601834,False
8223,-0.0006920495009642314,0.4929044676212856,0.49359651712224983,False
8224,-0.00038221019457044094,0.6583666266860583,0.6587488368806287,False
8225,0.0,0.09521552570566183,0.09521552570566183,False
8226,-0.0005239727978814751,0.5478467000205195,0.548370672818401,False
8227,-0.001151476064164982,0.3536661655568067,0.3548176416209717,False
8228,-0.0003105405310371969,0.41123798583141474,0.4115485263624519,False
8229,-0.00020936341304192928,0.759543671544362,0.7597530349574039,False
8230,-0.0003286612325309309,0.44472671810300574,0.4450553793355367,False
8231,-0.00017110332392440204,0.49494432851879105,0.49511543184271545,False
8232,-0.00019324781354821384,0.4804427025616153,0.48063595037516355,False
8233,-0.0009086851948477365,0.5023689288359096,0.5032776140307573,False
8234,-0.0006071936852161201,0.4308566278277665,0.4314638215129826,False
8235,-0.0002740134829432501,0.4306552083333173,0.43092922181626053,False
8236,-0.0005812887174868797,0.4264714844303777,0.42705277314786455,False
8237,-0.00044109442187575173,0.32618149226788684,0.3266225866897626,False
8238,-0.017211414740813294,0.40712632036484003,0.4243377351056533,False
8239,-0.0005646652617683492,0.459119755177351,0.45968442043911933,False
8240,-0.00025206543909804123,0.3903074244712765,0.39055948991037454,False
8241,-0.00046731705007873757,0.4880257556222006,0.4884930726722793,False
8242,-2.2498408549389947e-05,0.34494081694768,0.34496331535622937,False
8243,-0.0001991767996284534,0.9981080313227705,0.9983072081223989,False
8244,-0.0003424899319102309,0.7739153438833695,0.7742578338152797,False
8245,0.0,0.09698802787646577,0.09698802787646577,False
8246,-0.00035929296446794213,0.40673177055960824,0.4070910635240762,False
8247,-0.000853084683153942,1.0,1.000853084683154,False
8248,-0.00020599874510734297,0.4015154999863945,0.40172149873150187,False
8249,-0.0006712484733917938,0.5105904759055574,0.5112617243789492,False
8250,-0.0007419961617412158,0.4880288934244392,0.4887708895861804,False
8251,-0.0007911006358840678,1.0,1.000791100635884,False
8252,-0.000310651167528504,0.9170606162552195,0.917371267422748,False
8253,-0.00028568621599472005,0.4073882240061272,0.4076739102221219,False
8254,-0.0008782542161330537,0.40156038117850384,0.4024386353946369,False
8255,-0.00045690136616140616,0.4940046316265698,0.4944615329927312,False
8256,-0.0007856318058191097,0.504156297554811,0.5049419293606301,False
8257,-0.0008630780883864661,0.5765120593375296,0.5773751374259161,False
8258,-0.0003875847767241058,0.18366182563262778,0.18404941040935188,False
8259,-0.00030638142739248847,0.5566896315023425,0.556996012929735,False
8260,-0.0005330258165210359,0.4557551574378177,0.45628818325433873,False
8261,-0.0005308357192661781,0.4636804028131347,0.46421123853240087,False
8262,-0.0005509033031978151,0.4875116802009801,0.4880625835041779,False
8263,-0.00016516441002653001,0.994205331677864,0.9943704960878905,False
8264,-0.0004143531570321473,0.40498652148384673,0.40540087464087887,False
8265,-0.0005644685455649107,0.48144812355906536,0.48201259210463027,False
8266,-0.0005075496935387042,0.33931488680156285,0.3398224364951016,False
8267,-0.0006547643169512624,0.46349474960630355,0.4641495139232548,False
8268,-0.00013975557942892596,0.38064624046321016,0.3807859960426391,False
8269,-0.0007370612208234568,0.41785117386543985,0.4185882350862633,False
8270,-0.00029870728125103575,0.34273154959689117,0.3430302568781422,False
8271,-0.00042554476735450576,0.4704656788166217,0.4708912235839762,False
8272,-0.00023016367553063883,0.33168889582798927,0.3319190595035199,False
8273,-0.0006702830024415602,0.49024555972624284,0.4909158427286844,False
8274,-0.0005378218739506773,0.4694773976797986,0.4700152195537493,False
8275,-0.0005529226427507195,0.3213186519078442,0.3218715745505949,False
8276,-0.0002059441158333611,0.47577609407440813,0.4759820381902415,False
8277,0.0,0.8381856255707174,0.8381856255707174,False
8278,-0.0009218630135935974,0.41225078125610043,0.413172644269694,False
8279,-0.0003697008071036491,0.3775199472723826,0.3778896480794862,False
8280,-0.000538019826619315,0.410890072957595,0.4114280927842143,False
8281,-0.0006147525019646256,0.46760468346520906,0.4682194359671737,False
8282,-0.0001962584144728385,0.3571728948662413,0.35736915328071417,False
8283,0.0,0.9641855474409194,0.9641855474409194,False
8284,-0.0002784358189566952,0.48782740805252817,0.48810584387148487,False
8285,-0.00058680654973955,0.2632061380501028,0.2637929445998423,False
8286,-0.0003916219427411355,0.4900062655190913,0.49039788746183244,False
8287,-0.00033540919935609375,0.3415259712224082,0.3418613804217643,False
8288,-0.000465447915288199,0.3561612138678359,0.3566266617831241,False
8289,-0.0006999577072580338,0.39053406111508554,0.3912340188223436,False
8290,-0.00047341804105993727,0.7273290675539048,0.7278024855949647,False
8291,-0.0005766450864014555,0.5533175617508849,0.5538942068372863,False
8292,-0.0001903234664925931,0.3947291710586335,0.3949194945251261,False
8293,-0.00047922508738192137,0.6332438005807004,0.6337230256680824,False
8294,-0.0004878158527605738,0.4986273932894846,0.49911520914224516,False
8295,-0.0006552979257952643,0.7719297111527177,0.7725850090785129,False
8296,-0.0004976590222476946,0.4610574975523159,0.4615551565745636,False
8297,-0.0001511374711712541,0.9952054565323138,0.9953565940034851,False
8298,-0.0003973630543615694,0.5183319250716639,0.5187292881260255,False
8299,-0.00022832349215511864,0.5022535397058235,0.5024818631979786,False
8300,-0.0007310620369668658,0.5527813595325906,0.5535124215695574,False
8301,-0.0008988562460897864,1.0,1.0008988562460899,False
8302,-0.0009130592884769334,0.7678996038205865,0.7688126631090635,False
8303,-0.000344482452137523,0.40534286636800443,0.40568734882014196,False
8304,-0.0007722153274134535,0.6343603656829527,0.6351325810103662,False
8305,-0.0004999077369097232,0.2434483502303972,0.24394825796730693,False
8306,-0.0009055962652958271,0.6020829030686294,0.6029884993339253,False
8307,-0.0005984498036974258,0.4608340334797204,0.46143248328341785,False
8308,-0.0008821108669983127,0.27881505100330545,0.27969716187030375,False
8309,-0.0006913903689153898,0.4734278478495381,0.47411923821845353,False
8310,-0.00026908719472504766,0.486919904682712,0.4871889918774371,False
8311,-0.0004155142275185325,0.3849358356240753,0.3853513498515938,False
8312,-0.0001961649364722871,0.3548408247118863,0.3550369896483586,False
8313,-0.0009912380892198277,0.3640928971961065,0.3650841352853263,False
8314,-0.00034416989031043444,0.5096856863360538,0.5100298562263642,False
8315,-0.0005759631940599015,0.484222904302983,0.4847988674970429,False
8316,-0.0005028241454840971,0.26853534150652464,0.2690381656520087,False
8317,-0.0006774159638094214,0.45715536598912965,0.4578327819529391,False
8318,-0.0006335706450906451,0.42580088479901057,0.4264344554441012,False
8319,-0.0009241586140909936,0.30231136755958027,0.3032355261736713,False
8320,-0.0006018853391596328,0.4736808559042862,0.4742827412434458,False
8321,-0.0006435948153202285,0.2641053872433982,0.26474898205871844,False
8322,-0.0004119436766957527,0.9999939406840762,1.000405884360772,False
8323,-0.0004119436766957525,0.9999939406840781,1.000405884360774,False
8324,-0.0006766944924527252,0.4283209538951655,0.4289976483876182,False
8325,-0.0003194297297656511,0.40416882089212763,0.4044882506218933,False
8326,-0.0005112618108449272,0.5105136441643153,0.5110249059751603,False
8327,-0.0007071012477071618,0.5563963100905339,0.557103411338241,False
8328,-0.000567426285608441,0.39221603070902655,0.392783456994635,False
8329,-0.0007270244956914495,0.3624345627883575,0.36316158728404896,False
8330,-0.005435160954214816,0.40591861406204904,0.41135377501626386,False
8331,-0.0011339662576467927,0.7291720246376685,0.7303059908953153,False
8332,-0.0006802522704486422,0.5606249476994588,0.5613051999699075,False
8333,-0.0007964844826626609,0.3304582282833744,0.3312547127660371,False
8334,-0.0012260849866616512,0.12390227913894468,0.12512836412560632,False
8335,-0.0011859356697969685,0.392213743347085,0.39339967901688194,False
8336,-0.0004639709885992569,0.5043220459479799,0.5047860169365792,False
8337,-0.0006179025446365474,0.6716388790629526,0.6722567816075892,False
8338,-0.0004400600547358722,0.7521368453763367,0.7525769054310726,False
8339,-0.0005289427729272536,0.5309501618541741,0.5314791046271014,False
8340,-0.0005602784262436626,0.45998945973276734,0.460549738159011,False
8341,-5.237996853438623e-05,0.14829746710579403,0.1483498470743284,False
8342,-0.0003728471544100387,0.502960505678033,0.503333352832443,False
8343,-0.00027626890964701356,0.4310967138551747,0.43137298276482167,False
8344,-0.0002701732237910722,0.41916091408057565,0.41943108730436673,False
8345,-0.0005111390442083389,0.4594336481571268,0.45994478720133514,False
8346,-0.0014176884281434997,0.5123718867373721,0.5137895751655156,False
8347,0.0,1.0,1.0,False
8348,-0.0010069237081419848,0.7721916542397488,0.7731985779478908,False
8349,-0.000749501079705562,0.4287409345109135,0.42949043559061906,False
8350,-0.0005717500673634365,0.4888774894833524,0.48944923955071584,False
8351,-0.0003037168328696448,0.3817637169495601,0.38206743378242974,False
8352,-0.0010506851612920758,0.2667848431062604,0.26783552826755247,False
8353,-0.00030253692737166086,0.7314199323529095,0.7317224692802812,False
8354,-0.0004112545381559104,0.3894999522974787,0.3899112068356346,False
8355,-0.0005860897670567587,0.17965866299425176,0.18024475276130852,False
8356,-0.0005762446592947821,0.8004271276240339,0.8010033722833286,False
8357,-0.0008720590242011623,0.3341299934147972,0.3350020524389984,False
8358,-0.0002907397626807609,0.3038023484098637,0.30409308817254443,False
8359,-0.0006978348169455274,0.45604406259029434,0.45674189740723986,False
8360,-0.0005197079450801112,0.3015595060376903,0.3020792139827704,False
8361,-0.0008648347340785544,0.3789814855349301,0.37984632026900866,False
8362,-0.0020903355481660425,1.0,1.002090335548166,False
8363,-0.001801993889408406,0.9999992382998742,1.0018012321892826,False
8364,-0.0018019938894083985,0.9999992382998741,1.0018012321892826,False
8365,-0.00035219560539043616,0.49526943712405924,0.4956216327294497,False
8366,-0.000913561274764374,0.49892858290819997,0.49984214418296435,False
8367,-0.00018970837015754732,0.5144529378347057,0.5146426462048632,False
8368,-0.0005235469060614101,0.44477392655660736,0.4452974734626688,False
8369,-0.0004571568824777777,0.45947830785471483,0.4599354647371926,False
8370,-9.65085573259998e-05,0.40238258147331146,0.4024790900306375,False
8371,-0.00056865712347141,0.14081072583173407,0.14137938295520547,False
8372,-0.0002558996027848463,0.43027679528800034,0.43053269489078516,False
8373,-0.00047463562881549273,0.49427118815880994,0.49474582378762544,False
8374,-0.0010678112214383166,0.385580535920466,0.3866483471419043,False
8375,-0.0005329626212768537,0.4593119497977747,0.4598449124190515,False
8376,0.0,1.0,1.0,False
8377,-0.0008020293844957721,0.4216103205453194,0.42241234992981513,False
8378,-0.00022193302498816042,0.49256034956936545,0.49278228259435364,False
8379,-0.00034948910675340785,0.5509556315021872,0.5513051206089405,False
8380,-0.0007095252713548317,0.28228156567970963,0.28299109095106445,False
8381,-0.0006056795383353081,0.5109943057337537,0.511599985272089,False
8382,-0.00035516102274506695,0.433483382183446,0.4338385432061911,False
8383,-0.0005960745601229411,0.4376911924645855,0.43828726702470844,False
8384,-0.0011423871592481176,1.0,1.0011423871592482,False
8385,0.0,0.13903048447711397,0.13903048447711397,False
8386,-0.0005186367996708234,0.8271393440587687,0.8276579808584394,False
8387,-0.00031412964786458665,0.5154773599889098,0.5157914896367743,False
8388,-0.00035144526378066455,0.9973536274841737,0.9977050727479543,False
8389,-0.0005478010317335214,0.5005568697940833,0.5011046708258169,False
8390,-0.0007910312593704361,0.3309863542905608,0.3317773855499312,False
8391,-0.0005542496006487252,0.9965053270050462,0.997059576605695,False
8392,-0.0004754139564857544,1.0,1.0004754139564858,False
8393,-0.0010901857185833818,0.3354846661038724,0.3365748518224558,False
8394,-0.0005734419888469478,0.8052160393548894,0.8057894813437363,False
8395,-0.0003963144886396798,0.45211448909839635,0.45251080358703605,False
8396,-0.001470291528190509,0.44064506868934916,0.44211536021753967,False
8397,-0.0010515483999232352,0.37595251986790285,0.37700406826782606,False
8398,-0.00034909965441787407,0.9995875693127183,0.9999366689671362,False
8399,-0.0013103244943540619,0.31407303120757024,0.31538335570192433,False
8400,-0.0006771353231305674,0.38523958992110635,0.3859167252442369,False
8401,-0.002330767168367361,1.0,1.0023307671683674,False
8402,-0.0007852699289752454,0.2673338930230271,0.2681191629520024,False
8403,-0.000890955131447463,0.5946672166722701,0.5955581718037175,False
8404,-0.0003909109146701154,0.19618291780654787,0.19657382872121798,False
8405,-0.000517277769502589,0.48397144656832813,0.48448872433783075,False
8406,-0.0008679748684598509,0.29360023873800006,0.2944682136064599,False
8407,-0.00039749680426061,0.3462426185316814,0.346640115335942,False
8408,-0.0004734014699686805,0.998369689415728,0.9988430908856967,False
8409,-0.010030320499432348,0.20916249415464486,0.2191928146540772,False
8410,-0.0007559709696021362,0.4702497859515967,0.47100575692119884,False
8411,-0.000312247081286737,0.5029186279451647,0.5032308750264515,False
8412,-0.0006195248349924444,0.48400294314009557,0.484622467975088,False
8413,-0.0032406880581629573,0.3028574405253993,0.3060981285835623,False
8414,-0.0011816766711956544,0.5404371945948719,0.5416188712660676,False
8415,-0.00047547643948246926,0.3842902019316894,0.38476567837117187,False
8416,-0.0003820584384995626,0.378793784010328,0.37917584244882757,False
8417,-0.0007653874081891636,1.0,1.0007653874081892,False
8418,-0.004301889216693634,0.9999946123659732,1.0042965015826668,False
8419,-0.004301889216693652,0.9999946123659726,1.0042965015826664,False
8420,-0.0004156575850612743,0.43617354905703887,0.43658920664210016,False
8421,-0.00038537002867584583,0.2598707333124179,0.2602561033410937,False
8422,0.0,0.8949545589316757,0.8949545589316757,False
8423,-0.0003236176218686727,0.4005554515483036,0.40087906917017224,False
8424,-6.990470454868402e-05,0.47836149724159027,0.478431401946139,False
8425,-0.0008296621468631631,0.09015946149416147,0.09098912364102464,False
8426,-0.0005325866697337635,0.5582270840259985,0.5587596706957323,False
8427,-0.0009313709810212526,0.48673213197951404,0.4876635029605353,False
8428,-0.0004353077104917805,0.4053726774949676,0.40580798520545935,False
8429,-0.002329388100686071,1.0,1.002329388100686,False
8430,-0.001926816540300767,0.22910897813205985,0.23103579467236063,False
8431,-0.0001650434818815287,0.4292150095729082,0.4293800530547897,False
8432,-0.0005886156868759265,0.36166666564148037,0.36225528132835627,False
8433,-0.0006351119608736495,0.5233717235298094,0.524006835490683,False
8434,-0.0009804427386669134,0.23653618753046382,0.23751663026913072,False
8435,-0.0007395622037746374,0.4164212712161355,0.4171608334199101,False
8436,-0.0005638724035292623,0.3601011132022262,0.3606649856057555,False
8437,-0.000971477680777928,1.0,1.0009714776807779,False
8438,0.0,0.9569637508934677,0.9569637508934677,False
8439,-0.0006062295983971467,0.4822748032686866,0.4828810328670837,False
8440,-0.0017434628119528419,1.0,1.0017434628119528,False
8441,-0.000385143850241401,0.5709915215832744,0.5713766654335157,False
8442,-0.0005678373584331851,0.8706682569455225,0.8712360943039557,False
8443,-0.001049698589381605,0.2756743879639658,0.2767240865533474,False
8444,-0.0004941147028112812,0.440073693571892,0.4405678082747033,False
8445,0.0,0.11625513809791095,0.11625513809791095,False
8446,-0.0004216793196801094,0.4133728546966007,0.4137945340162808,False
8447,-0.00025917189833529877,0.5077049227460089,0.5079640946443442,False
8448,-0.003197201831951542,0.9999911094262005,1.003188311258152,False
8449,-0.0031972018319515356,0.9999911094261993,1.0031883112581508,False
8450,-0.00043540418831174176,0.5868527614335729,0.5872881656218847,False
8451,-0.00045059239042855546,0.4303174150830755,0.4307680074735041,False
8452,-0.0005234891674400743,0.5279094493676262,0.5284329385350662,False
8453,-0.00029438941676917304,0.6583010317437579,0.658595421160527,False
8454,-0.0005394897699412567,0.4482404214582883,0.4487799112282296,False
8455,-0.0012855089835221891,0.379141341589441,0.3804268505729632,False
8456,-0.0008895881037005472,0.2913228148278536,0.29221240293155415,False
8457,-0.0008172192470140492,0.8136293384468246,0.8144465576938387,False
8458,-0.0004894109120243672,0.40190060899854635,0.4023900199105707,False
8459,-0.0018844643437095814,1.0,1.0018844643437095,False
8460,-0.0005525896769709461,0.46105732948162775,0.4616099191585987,False
8461,-0.0006558930804916496,0.5070191532167189,0.5076750462972105,False
8462,-0.00013251925329444756,0.3985840940395299,0.3987166132928243,False
8463,-0.0005581982585277195,0.4839528230707387,0.48451102132926643,False
8464,-0.0006821634076596866,0.5850110474610277,0.5856932108686874,False
8465,-0.0010084662892524804,0.4001731134239453,0.4011815797131978,False
8466,-0.0006986668994254548,0.456734131976532,0.45743279887595745,False
8467,-0.0005843686660367707,0.5542051221321762,0.5547894907982129,False
8468,-0.0010479751377919103,0.2852715543332756,0.28631952947106754,False
8469,-0.0011592784139978281,0.9932702052233379,0.9944294836373357,False
8470,-0.001384508183588787,0.37399591583859176,0.3753804240221805,False
8471,-0.00045904839298973585,0.41960040950727034,0.42005945790026006,False
8472,-0.0005148722019357167,0.4894980759442337,0.4900129481461694,False
8473,-0.00011967871171443806,0.33701474176514046,0.3371344204768549,False
8474,-0.0004494508971792546,0.36428174154835447,0.3647311924455337,False
8475,-0.0005295386832239036,0.4799744935865132,0.4805040322697371,False
8476,-0.0019918989656657815,1.0,1.0019918989656658,False
8477,-0.0004777557948625831,0.4093178630141139,0.40979561880897647,False
8478,-0.0091658978685628,0.16549788109974772,0.17466377896831053,False
8479,-0.0004380930162091326,0.41341553413386,0.4138536271500691,False
8480,-0.0007939328593542383,0.3862021166402456,0.38699604949959987,False
8481,-0.0011207062295900691,0.3617045525991465,0.3628252588287366,False
8482,0.0,0.7074231057550352,0.7074231057550352,False
8483,-0.0007725461846306321,0.21737912034224524,0.21815166652687587,False
8484,-0.00014142275582631773,0.4070257823245635,0.4071672050803898,False
8485,0.0,0.16371136874899464,0.16371136874899464,False
8486,-0.0004968383729400076,0.29522323140170864,0.29572006977464865,False
8487,-0.0002662910801998529,0.8397873951215041,0.840053686201704,False
8488,-0.00023654406948231076,0.3092324698819121,0.3094690139513944,False
8489,0.0,0.7032305017867213,0.7032305017867213,False
8490,0.0,0.5943822621597781,0.5943822621597781,False
8491,-0.000762898029798375,0.4543447167598861,0.4551076147896845,False
8492,-0.00046535710739561243,0.6065749951452841,0.6070403522526797,False
8493,-0.0019341645341724274,1.0,1.0019341645341724,False
8494,-0.000535498595261424,0.5115419855025441,0.5120774840978056,False
8495,-0.0002860074123835246,1.0,1.0002860074123836,False
8496,-0.0004861788637652614,0.48097106941227574,0.481457248276041,False
8497,-0.0002986790632268803,0.45735241265009474,0.45765109171332163,False
8498,-0.0011289993612038942,0.23976196192173793,0.24089096128294182,False
8499,-0.0009572700168935414,0.32394679936726056,0.3249040693841541,False
8500,-0.0006954182769696951,0.5927299487222166,0.5934253669991864,False
8501,-0.0010561856134767293,0.5639648732262086,0.5650210588396853,False
8502,-0.0009601780369024903,0.4257775816451587,0.42673775968206124,False
8503,-0.0003439048129127904,0.40866614129214024,0.40901004610505304,False
8504,-0.0006213767818517819,0.46011727672215413,0.4607386535040059,False
8505,-0.000433705185706297,0.5758482116781053,0.5762819168638116,False
8506,-0.0005940132420630157,0.48976590792093705,0.4903599211630001,False
8507,-0.0006903920261073217,0.5750527376716987,0.575743129697806,False
8508,-0.0004957007257260402,0.3414712107572032,0.34196691148292924,False
8509,0.0,0.11105659485070575,0.11105659485070575,False
8510,-0.0005463823634084522,0.3920506307215314,0.3925970130849398,False
8511,-0.0007806415148487603,0.3992169131948784,0.39999755470972714,False
8512,-0.00031583436760948563,0.4842775030592796,0.4845933374268891,False
8513,-0.0007631594956755421,0.3337895431010329,0.3345527025967085,False
8514,-0.000715434603390804,0.36757375024743605,0.36828918485082685,False
8515,-0.000665664001588764,0.39833128509181237,0.3989969490934011,False
8516,-0.0006702211324928496,0.4568156281409746,0.45748584927346747,False
8517,-0.0021338335996198155,1.0,1.0021338335996197,False
8518,-0.0010874892529652513,0.40351108103425454,0.4045985702872198,False
8519,-0.0014483824016264717,0.30731821818664284,0.3087666005882693,False
8520,-0.001981795731411298,1.0,1.0019817957314112,False
8521,-0.0006048933370831983,0.46706008048476283,0.467664973821846,False
8522,0.0,0.6122774066940712,0.6122774066940712,False
8523,-0.0030453733451633502,1.0,1.0030453733451634,False
8524,-0.0004836435326154838,0.4789736893941465,0.47945733292676196,False
8525,-0.0002823952178041049,0.44245087415252304,0.44273326937032714,False
8526,-0.0009343019908344051,0.4683043833805044,0.4692386853713388,False
8527,-0.00029702150179525353,0.6848063411575942,0.6851033626593894,False
8528,-0.0009492867619547457,0.31852015530907585,0.3194694420710306,False
8529,-0.0005247162076362551,0.9999948220256387,1.000519538233275,False
8530,-0.0005247162076362551,0.999994822025637,1.0005195382332732,False
8531,-0.0008554841279375205,0.41316433464390573,0.41401981877184324,False
8532,-0.0005021571843610041,0.2651251294411718,0.2656272866255328,False
8533,-0.0011179006289120084,1.0,1.001117900628912,False
8534,-0.0005952981675337454,0.5230703389885517,0.5236656371560855,False
8535,-0.0005343660880497494,0.521484509189693,0.5220188752777428,False
8536,-0.0028951923738649204,1.0,1.002895192373865,False
8537,-0.0008953109333571719,0.4738095063083458,0.47470481724170294,False
8538,-0.0006021434486999663,0.5271444849940367,0.5277466284427367,False
8539,-0.00037326189354187336,0.3453492787690776,0.3457225406626195,False
8540,-0.00038218813670111196,0.4897788329039946,0.4901610210406957,False
8541,-0.0013464367467256935,0.16048648670156135,0.16183292344828704,False
8542,-0.0007842207764144221,0.7021773351822641,0.7029615559586785,False
8543,-0.0008234087098482635,0.4010496006242264,0.40187300933407466,False
8544,-0.0010924928835540665,0.2579727101299991,0.2590652030135532,False
8545,-0.0005788783128993081,0.4746661237402699,0.4752450020531692,False
8546,-0.0005695814241078043,0.4226065341727371,0.42317611559684487,False
8547,-0.0007945551095398968,0.35275017820623855,0.35354473331577846,False
8548,-0.000948746688436999,0.2815234754196339,0.2824722221080709,False
8549,-0.0007107268841158512,0.5040699698728541,0.50478069675697,False
8550,-0.0008943785552178759,0.48367441772844716,0.48456879628366506,False
8551,-0.00012315439559346737,0.4189239175703709,0.41904707196596436,False
8552,-0.0008958494286238196,0.3872601421576898,0.3881559915863136,False
8553,-0.0005263053341379915,0.4722780605163835,0.4728043658505215,False
8554,-0.00034230059498637964,0.5723214764737192,0.5726637770687056,False
8555,-0.0001133664296118613,0.4094508475248272,0.40956421395443904,False
8556,-0.0005864533512038934,0.40433427827410473,0.4049207316253086,False
8557,-0.000269803404669488,0.9511998002257058,0.9514696036303754,False
8558,-0.0011325022929398467,0.42135963882362687,0.42249214111656674,False
8559,-0.00031697155459822144,0.41974925944944036,0.42006623100403856,False
8560,-0.0008426362311634455,1.0,1.0008426362311635,False
8561,-0.0005245586035704007,0.44540818461026266,0.4459327432138331,False
8562,-0.0005603442588252823,0.4303283928904252,0.43088873714925047,False
8563,-0.0003294141474456614,0.6139948124499292,0.6143242265973748,False
8564,-0.0007748957032597457,0.5859082250568628,0.5866831207601225,False
8565,-8.232519662673542e-05,0.4996205972972952,0.4997029224939219,False
8566,-0.0005134544969279933,0.4153114465012282,0.41582490099815617,False
8567,-0.0003208569983853524,0.4004107660173165,0.40073162301570187,False
8568,0.0,0.38537626632247884,0.38537626632247884,False
8569,-0.0010968581863277243,1.0,1.0010968581863278,False
8570,-0.000741959851584189,0.5158869240419852,0.5166288838935694,False
8571,-0.00032453636962803505,0.39370250693959813,0.39402704330922617,False
8572,-0.001210619236179187,0.09023876710153443,0.09144938633771361,False
8573,-0.00035652016257225127,0.3803308877231031,0.38068740788567534,False
8574,-0.0009350769643522604,0.3764016172138569,0.37733669417820914,False
8575,-0.0009873386436150167,0.41625401329836964,0.41724135194198464,False
8576,-0.0012298683786898064,0.25534048079532384,0.25657034917401367,False
8577,-0.0003956744394407623,0.4831922083389914,0.4835878827784322,False
8578,-0.0003604165037858584,0.3799773107526811,0.380337727256467,False
8579,-0.0008582536995359412,0.42121034216382197,0.42206859586335793,False
8580,-0.0006025160927682358,0.36921680405324786,0.3698193201460161,False
8581,-0.0010232723438832131,0.27140620157091166,0.2724294739147949,False
8582,-0.0003120104628812367,0.40841932267669917,0.40873133313958043,False
8583,-0.0006853416279727751,0.46135101214813096,0.46203635377610375,False
8584,-0.0010479262751798178,0.24576776837040745,0.24681569464558728,False
8585,-0.001221235516580366,0.43074795917600345,0.4319691946925838,False
8586,-0.0005789297485796976,0.4725005089361763,0.473079438684756,False
8587,-0.0006623843799843287,0.4797799399323763,0.4804423243123606,False
8588,-0.001167982728245888,0.17684570939402944,0.17801369212227533,False
8589,-0.0008352973840926708,0.3328668311704147,0.33370212855450737,False
8590,-0.00031921675934012554,0.7396768584304148,0.7399960751897549,False
8591,-0.0011736140518648298,0.15643855879199126,0.1576121728438561,False
8592,-0.00013843196432965536,0.4021002471076958,0.4022386790720255,False
8593,-0.0007400874161596139,0.3370115996285715,0.33775168704473113,False
8594,-0.0003142219942694452,0.4583693543036707,0.45868357629794015,False
8595,-0.001936261468860169,0.16948595148968904,0.1714222129585492,False
8596,-0.00041472751698078537,0.32734747934599656,0.32776220686297736,False
8597,-0.0009118880298288402,0.33369143950986646,0.3346033275396953,False
8598,-0.00020155454712452302,0.12912822298860452,0.12932977753572905,False
8599,-0.0017119108498198886,0.28141818450704903,0.2831300953568689,False
8600,-0.0003867540039898466,0.9628870612708083,0.963273815274798,False
8601,0.0,0.845973045462835,0.845973045462835,False
8602,-0.0010185648946124312,1.0,1.0010185648946124,False
8603,-0.0008601797030242238,0.7997002727539684,0.8005604524569926,False
8604,-0.0005825278245246911,0.5181085576863154,0.5186910855108401,False
8605,-0.000535560261437421,0.5335754636303977,0.5341110238918351,False
8606,-3.928239972384198e-05,1.0,1.000039282399724,False
8607,-0.0006754848682879336,0.5074454305075311,0.508120915375819,False
8608,-0.0016504080882476632,1.0,1.0016504080882476,False
8609,-0.0005986138344189919,0.46654428597021713,0.46714289980463614,False
8610,-0.0005300282626298255,0.5429594591560126,0.5434894874186424,False
8611,-0.0003752806625387108,0.3983307458126831,0.3987060264752218,False
8612,-0.004093451481422796,0.4206301289190282,0.424723580400451,False
8613,-0.0005380016596245842,0.22137586249325567,0.22191386415288025,False
8614,-0.0004990911527450758,0.7476854007385181,0.7481844918912631,False
8615,-0.0004242455107371275,0.26548755952755,0.2659118050382871,False
8616,-0.0005463259849261126,0.41883036762456516,0.41937669360949126,False
8617,-0.0007265157625814935,0.5916852870105765,0.5924118027731581,False
8618,-0.0007182520559154585,0.47559945036627477,0.47631770242219024,False
8619,-0.0003419754715241518,0.9995337850346888,0.999875760506213,False
8620,-0.024475717429470814,0.36412975229429867,0.38860546972376947,False
8621,-0.0009071674536127989,0.3014958084180005,0.3024029758716133,False
8622,-0.0005816145136534017,0.5947915368107274,0.5953731513243807,False
8623,-0.0003350172762144068,0.25669484365631984,0.25702986093253427,False
8624,-0.000532900251913211,0.5379518114263332,0.5384847116782464,False
8625,-0.0006406498162632896,0.464349238160199,0.4649898879764623,False
8626,-0.001087358778993282,0.24489049604609026,0.24597785482508353,False
8627,-0.000604390313215966,0.4927048676980777,0.49330925801129366,False
8628,-0.0006518256900407763,0.4820938709675851,0.4827456966576259,False
8629,-0.0017118780538929173,1.0,1.001711878053893,False
8630,-0.011616263506961372,0.4362442759951299,0.44786053950209126,False
8631,0.0,0.6957556662001905,0.6957556662001905,False
8632,-0.0010917997644142544,0.6185215924376163,0.6196133922020305,False
8633,-0.0002956854633290576,0.996166152883676,0.9964618383470051,False
8634,-0.0003296762724938941,1.0,1.0003296762724938,False
8635,-0.0016408329075347458,1.0,1.0016408329075348,False
8636,-0.0008196162763681142,0.5432430035538139,0.544062619830182,False
8637,-0.0009080894768004706,0.6112964711539592,0.6122045606307597,False
8638,-0.0007891822721318126,1.0,1.0007891822721318,False
8639,-0.00047310354773108363,0.4683975272495223,0.4688706307972534,False
8640,-0.0009294880597050421,0.44271862122667843,0.4436481092863835,False
8641,-0.0016717132062514532,1.0,1.0016717132062514,False
8642,-0.0010374506668728713,0.6693551245605206,0.6703925752273935,False
8643,-0.0007156300734812195,0.7710495478578927,0.7717651779313739,False
8644,-0.00047513310188817436,0.2715621650728625,0.2720372981747507,False
8645,-0.023881800492300948,0.5556013509657625,0.5794831514580634,False
8646,-0.000949815270545808,1.0,1.0009498152705458,False
8647,-0.0005110580904312373,0.46537468801804527,0.4658857461084765,False
8648,-0.001937514215628552,0.3637752227677864,0.36571273698341494,False
8649,-0.0005234263537123877,0.7501051377729533,0.7506285641266657,False
8650,-0.0006410781990830912,0.39050414324053756,0.39114522143962066,False
8651,-0.0003013382427861509,0.5621657195641195,0.5624670578069056,False
8652,-0.0010429686359026862,0.3146940445493753,0.31573701318527797,False
8653,-0.0003354746185784247,0.4104081519707975,0.4107436265893759,False
8654,-0.0006280011933794027,0.4477632431989933,0.4483912443923727,False
8655,-0.0017881273582023753,1.0,1.0017881273582023,False
8656,-0.0006988675295740304,0.39348129820387917,0.3941801657334532,False
8657,-0.0009656828971898403,0.5918770249204052,0.592842707817595,False
8658,0.0,0.8215013860670767,0.8215013860670767,False
8659,-0.0006942217938623722,0.4435645414938497,0.4442587632877121,False
8660,0.0,0.7074675231065185,0.7074675231065185,False
8661,-0.0008269522446418655,0.45488370575119574,0.4557106579958376,False
8662,-0.0011892509559513378,0.4933071486164431,0.49449639957239444,False
8663,-0.00013443706470485546,0.4085956860073305,0.4087301230720353,False
8664,-0.00339961698540919,1.0,1.0033996169854091,False
8665,-0.0005473296563907348,0.4813519305731273,0.48189926022951807,False
8666,-0.002994862806710984,1.0,1.002994862806711,False
8667,-0.0006420785366359301,0.4017083082693734,0.4023503868060094,False
8668,-0.0007065489121022362,0.8065855921117058,0.807292141023808,False
8669,0.0,0.6472811798473871,0.6472811798473871,False
8670,-0.0006306900892254221,0.516153878992275,0.5167845690815005,False
8671,-0.000851710888231397,0.9999987145367115,1.0008504254249428,False
8672,-0.0008517108882314003,0.9999987145367113,1.0008504254249426,False
8673,-0.0007709488036582424,0.49408185889265854,0.4948528076963168,False
8674,-0.0013987535521691073,0.17656730000844886,0.17796605356061798,False
8675,-0.0008478133854960183,0.5511733951705832,0.5520212085560792,False
8676,-0.0005228131276186414,0.2845474258458095,0.28507023897342815,False
8677,0.0,0.10014525706449366,0.10014525706449366,False
8678,-0.030974980719284336,1.0,1.0309749807192843,False
8679,-0.002679323082799962,0.3904782193675366,0.3931575424503366,False
8680,-0.0006031923496369801,0.2805310557886062,0.28113424813824317,False
8681,-0.0009722793094924327,0.36181326364594324,0.3627855429554357,False
8682,-0.0005981019566078171,0.6238954689188843,0.6244935708754921,False
8683,-0.0005604639632634033,0.5865287957255093,0.5870892596887727,False
8684,-0.00011939392128219485,0.41845471246374794,0.4185741063850301,False
8685,-0.0012575573185030313,0.29020269542334126,0.2914602527418443,False
8686,-0.0006692895681670078,0.3975441163491109,0.39821340591727794,False
8687,-0.002091428181050233,0.4481860487399209,0.45027747692097114,False
8688,-0.0014094261408372783,0.38957265383161926,0.39098207997245654,False
8689,-0.000472461157307844,0.4744359763515863,0.47490843750889417,False
8690,-0.0006205285796433396,0.42947010440252265,0.430090632982166,False
8691,-0.00040004680771107417,0.2531101490532182,0.25351019586092927,False
8692,-0.0008650195978110564,0.4925756406712274,0.49344066026903843,False
8693,-0.0007241934422862559,0.32739377110986106,0.3281179645521473,False
8694,-0.0006767606010340839,0.40212790933105597,0.4028046699320901,False
8695,-0.0009171863111828315,0.7208296331100957,0.7217468194212786,False
8696,-0.0003710216418266096,0.4058458292606553,0.40621685090248194,False
8697,-0.0007649585243305764,0.25851380030433263,0.2592787588286632,False
8698,-0.0009247102123699908,0.8913166006850717,0.8922413108974416,False
8699,-0.0009697591478819684,0.4806341098877142,0.48160386903559615,False
8700,-0.0006638439973464758,0.39240448752735324,0.3930683315246997,False
8701,-0.0004525526923821968,0.42280452113031847,0.42325707382270067,False
8702,-0.00036304623853331344,0.42027658751984337,0.4206396337583767,False
8703,-0.000635814008859129,0.8047625386918595,0.8053983527007187,False
8704,-0.0010266098332999691,0.5203635395360484,0.5213901493693484,False
8705,-0.0011738530471408738,0.22496013608339366,0.22613398913053454,False
8706,-0.000543785068952066,0.4016307917367755,0.4021745768057276,False
8707,-0.0005788564278151859,0.47728727864464754,0.4778661350724627,False
8708,-0.0009315305881026878,0.42943368866169773,0.4303652192498004,False
8709,-0.0005189449193261818,0.2634563082377757,0.2639752531571019,False
8710,-0.0018452149430628502,0.9999942606518214,1.0018394755948843,False
8711,-0.001845214943062849,0.9999942606518204,1.0018394755948832,False
8712,0.0,0.4925688166269632,0.4925688166269632,False
8713,-0.0008003091425314388,0.2776058631523424,0.27840617229487385,False
8714,-0.0231098658858818,0.6906650749073461,0.7137749407932279,False
8715,-0.00047365437693336256,0.4988364827891934,0.49931013716612677,False
8716,-0.0006009916479920404,0.4193659102017131,0.41996690184970514,False
8717,-0.0006403443970027845,0.9338422002755872,0.93448254467259,False
8718,-0.0014880346840430588,0.3568505123964926,0.3583385470805357,False
8719,-0.0006994402478756389,0.35203026803165616,0.3527297082795318,False
8720,0.0,0.6393913414653768,0.6393913414653768,False
8721,-0.0010624850932057105,0.5311054918408931,0.5321679769340988,False
8722,-0.00019541389806597645,0.6188029065441336,0.6189983204421996,False
8723,-0.0012654136257222238,0.3504144747679383,0.35167988839366054,False
8724,-0.0005844726508525184,0.39742578965004943,0.398010262300902,False
8725,-0.0012174926314657427,0.4094937233055544,0.41071121593702015,False
8726,-0.00022992242995935357,0.46665543711097457,0.4668853595409339,False
8727,-0.00045803193914626826,0.8186844239195694,0.8191424558587157,False
8728,-0.0006777030862128059,0.5815857028407171,0.5822634059269299,False
8729,-0.000631405212374443,0.49016815613911535,0.4907995613514898,False
8730,-0.0001975291647634773,0.6219715422813936,0.6221690714461571,False
8731,-0.0006126985224410684,0.3975877014438197,0.3982003999662608,False
8732,-0.0026770280608067114,1.0,1.0026770280608066,False
8733,-0.0007120977185033132,1.0,1.0007120977185033,False
8734,-0.0006515842847984209,0.5452744080836052,0.5459259923684036,False
8735,-0.0009300286596704334,0.4735059428063663,0.4744359714660368,False
8736,-0.0026185408035472747,0.9994151282175102,1.0020336690210574,False
8737,-0.0026185408035472807,0.9994151282175239,1.0020336690210712,False
8738,-0.000589049924110114,0.42876155705962377,0.4293506069837339,False
8739,-0.000665232529086667,0.5325526737540933,0.53321790628318,False
8740,-0.0006046916583473385,0.3849320331721091,0.3855367248304564,False
8741,-0.0007958571388951597,0.3451800940660243,0.3459759512049195,False
8742,-0.0007425173392234884,0.43767994983753056,0.43842246717675404,False
8743,-0.0006193532648915656,0.3953882031543612,0.3960075564192527,False
8744,-0.0014465917437922063,1.0,1.0014465917437922,False
8745,-0.0007405914460629919,1.0,1.000740591446063,False
8746,-0.0011901926935021046,0.4999701398786185,0.5011603325721206,False
8747,-0.0004003600450513555,0.4077075254912273,0.40810788553627864,False
8748,-0.0007998418507806578,1.0,1.0007998418507806,False
8749,-0.0006004326283210476,0.38449497391242515,0.3850954065407462,False
8750,-0.0008918183423938265,0.33195342381196835,0.3328452421543622,False
8751,-0.00048304224542954863,0.4613896919556112,0.46187273420104075,False
8752,-0.00037086199662974623,0.9986086127903321,0.9989794747869618,False
8753,-0.0003691010446851354,0.40361558997534913,0.40398469102003426,False
8754,-0.0006134321441558576,0.4269504921476133,0.4275639242917692,False
8755,-0.000311898630431779,0.4913856347803919,0.4916975334108237,False
8756,-0.001433339347035284,0.5026243408923059,0.5040576802393412,False
8757,-0.0005976749812226637,0.5945366368690407,0.5951343118502633,False
8758,-0.0002517795778314165,0.9961300095334947,0.9963817891113261,False
8759,-0.000773015255630703,0.211838025809502,0.2126110410651327,False
8760,-0.0007397998859572552,0.5537048052992736,0.5544446051852309,False
8761,-0.0007276058684347252,0.41911001323641645,0.4198376191048512,False
8762,-0.006180175650865769,0.1662415828414877,0.17242175849235347,False
8763,-0.0008505179667183338,0.3948115316122813,0.3956620495789996,False
8764,-0.0006088519972560887,0.48148695215784315,0.48209580415509923,False
8765,-2.894870353068876e-05,0.39405736333608776,0.39408631203961847,False
8766,-0.005204710124274998,1.0,1.005204710124275,False
8767,-0.0007677581206251329,0.47135096026789425,0.4721187183885194,False
8768,-0.0007127810176630614,0.39946467054424095,0.40017745156190404,False
8769,-0.000761851608541427,0.6381535342235072,0.6389153858320487,False
8770,-0.0009521943893657707,0.40880268620796645,0.4097548805973322,False
8771,0.0,0.1239385146883006,0.1239385146883006,False
8772,-0.0005802167331938678,0.733634942689591,0.7342151594227848,False
8773,-0.0004930469031460277,0.4414949502643096,0.4419879971674557,False
8774,-0.0001722700509889248,0.41012007843423054,0.41029234848521945,False
8775,-0.0012787027975722952,0.6119193742831577,0.6131980770807299,False
8776,-0.0008114180427121712,0.6094520608572691,0.6102634788999812,False
8777,-0.001058524298804243,0.39275383998426944,0.3938123642830737,False
8778,-0.0011540268952746808,0.43444935150414515,0.4356033783994198,False
8779,-0.00023421928202714692,0.4025382647858062,0.40277248406783334,False
8780,-0.0005284556093456658,0.4312254054656928,0.4317538610750385,False
8781,-0.0003772031654438016,0.9968929667349912,0.9972701699004349,False
8782,-0.0006398795111267443,0.9993956888148056,1.0000355683259323,False
8783,-0.00155710945250193,0.10048355035885943,0.10204065981136136,False
8784,-0.000621591361650564,0.5058986595493125,0.506520250910963,False
8785,-0.013501126277733418,0.29344377719412,0.30694490347185344,False
8786,-0.0008811762874494993,0.4783188412484921,0.4792000175359416,False
8787,-0.001305768380010396,0.8367038117670279,0.8380095801470383,False
8788,-0.00040274052413312634,0.3945941966951285,0.39499693721926166,False
8789,-0.02719039684227386,0.3323137598198381,0.35950415666211194,False
8790,-0.0008247930759542271,0.6707875958523417,0.6716123889282959,False
8791,-0.0007950227217336888,0.3963601950052928,0.3971552177270265,False
8792,-0.0008255474712615953,0.8209695994138717,0.8217951468851333,False
8793,-0.0008327960929293962,0.8142015598906095,0.8150343559835389,False
8794,-0.0013776227028169993,0.6020098433983708,0.6033874661011879,False
8795,-0.014895803735596236,1.0,1.0148958037355962,False
8796,-0.0013484975585659384,0.4103993852408496,0.41174788279941554,False
8797,-0.0004277734339851207,0.4037976176859959,0.40422539111998107,False
8798,-0.0010549154758900312,1.0,1.00105491547589,False
8799,-0.015163088934263744,1.0,1.0151630889342638,False
8800,-0.018746499099132986,0.6536735364127949,0.6724200355119279,False
8801,-0.0005111151846464793,0.8294930551698556,0.8300041703545021,False
8802,-0.0017374569345163311,0.1671936442266487,0.16893110116116503,False
8803,-0.013237937961074558,1.0,1.0132379379610745,False
8804,-0.00128509645982047,0.33412200089344213,0.3354070973532626,False
8805,-0.0014147335762734541,0.3989221723584476,0.4003369059347211,False
8806,-0.0007131801139775889,0.642197150473828,0.6429103305878056,False
8807,-0.0005497946692930745,0.4672108588573045,0.46776065352659757,False
8808,-0.0008474675206793363,0.5724942197223784,0.5733416872430577,False
8809,-0.0006920448581648856,0.5076595010050259,0.5083515458631908,False
8810,-0.0010082884880228602,0.4742102150632769,0.47521850355129974,False
8811,-0.0012715883204580073,0.9999990852706904,1.0012706735911483,False
8812,-0.001271588320458006,0.9999990852706904,1.0012706735911483,False
8813,-0.000725044587807348,0.3691828370524118,0.36990788164021915,False
8814,-0.012268961488370866,0.5025129360135625,0.5147818975019334,False
8815,-0.0017195029997201861,0.42465848076490315,0.4263779837646233,False
8816,-0.0004372016310393689,0.3952143235791394,0.39565152521017877,False
8817,-0.0004961007685503183,0.860086620864311,0.8605827216328613,False
8818,-0.0006281498224216915,0.41532921256758654,0.41595736239000825,False
8819,-0.0008106314235989531,0.41274196920223044,0.4135526006258294,False
8820,-0.0006552659427191733,0.5159927489797251,0.5166480149224443,False
8821,-0.0011962055627841922,0.4793600832773133,0.4805562888400975,False
8822,-0.0003023036775970762,0.285030077608457,0.2853323812860541,False
8823,-9.778392424477362e-05,0.08781219484435528,0.08790997876860004,False
8824,-0.0008026661700057729,0.4810078689917947,0.4818105351618005,False
8825,-0.0006441632907426431,0.45654302786967504,0.45718719116041767,False
8826,-0.0008406234612626881,0.4727661014416848,0.4736067249029475,False
8827,-0.0007871975976181056,0.4402632396060543,0.4410504372036724,False
8828,-0.000433770890678416,0.9996916628567749,1.0001254337474532,False
8829,-0.0007306091567098292,0.48573491655045414,0.48646552570716395,False
8830,-0.0005905284026210457,0.48354581025457466,0.4841363386571957,False
8831,-0.0010970729248113193,0.41540226549046017,0.4164993384152715,False
8832,-0.000693587407646523,0.415451027934536,0.4161446153421825,False
8833,-0.0009439086444756339,0.40516989012832816,0.4061137987728038,False
8834,-0.0009068414907594664,0.4832388632212897,0.4841457047120492,False
8835,-0.005363177589603,0.37577105103770514,0.3811342286273081,False
8836,-0.0011674444201832741,0.42156283721597915,0.42273028163616244,False
8837,-0.0009085125518110627,0.40739391646774703,0.4083024290195581,False
8838,-0.0027601768351877914,0.14703581059387685,0.14979598742906464,False
8839,-0.001239216931541823,0.9999984642418928,1.0012376811734345,False
8840,-0.0012392169315418237,0.9999984642418928,1.0012376811734345,False
8841,-0.0008168946991713847,0.3816727157974106,0.382489610496582,False
8842,-0.0008225884811986031,0.3727370197579494,0.37355960823914797,False
8843,-0.0005650281226807247,0.6152605999725855,0.6158256280952663,False
8844,-0.0012170955474286324,1.0,1.0012170955474287,False
8845,-0.0008770691615596994,0.38763620744817207,0.3885132766097318,False
8846,-0.0010960745045197732,0.3037720617801636,0.30486813628468334,False
8847,-0.00043166874852795816,0.9974734303962026,0.9979050991447306,False
8848,-0.0006744539759913208,0.7188251560459525,0.7194996100219438,False
8849,-0.000947218080684664,0.3390928134115475,0.34004003149223216,False
8850,-0.0007957564462333491,0.44239435134869654,0.4431901077949299,False
8851,-0.0007807109543435233,0.6193924352844963,0.6201731462388398,False
8852,-0.002856133429469669,0.12784677186397328,0.13070290529344294,False
8853,-0.0005861902215993744,0.41070765649048685,0.41129384671208624,False
8854,-0.0007027578151528422,0.47258969381943927,0.4732924516345921,False
8855,0.0,0.8648976476824487,0.8648976476824487,False
8856,-0.00040159964409420315,1.0,1.0004015996440943,False
8857,-0.0016263185313691614,0.35675403165612424,0.3583803501874934,False
8858,-0.00035319510116874726,0.4862006928242151,0.48655388792538384,False
8859,-0.0006203352017693419,0.5261968295202549,0.5268171647220242,False
8860,-0.0010419264979652542,1.0,1.0010419264979653,False
8861,-0.0002453883811481464,0.4797776356063478,0.4800230239874959,False
8862,-0.0008378257325202605,0.4704452101066801,0.4712830358392004,False
8863,-0.0011492867892923073,0.5821525597957723,0.5833018465850646,False
8864,-0.0004347943389981123,0.3995603548545648,0.39999514919356294,False
8865,-0.0007407581181699802,0.48951906913052673,0.4902598272486967,False
8866,-0.0007720487084150217,0.4174526137937291,0.41822466250214413,False
8867,-0.0010163385688342407,0.6484235497474944,0.6494398883163286,False
8868,-0.0007719908163460372,0.31662170217363994,0.317393692989986,False
8869,-0.0008808387594653867,1.0,1.0008808387594654,False
8870,-0.0003152663399133424,0.4882768523900217,0.4885921187299351,False
8871,-0.0006383229793668694,0.8783084402580396,0.8789467632374064,False
8872,0.0,0.07245498470435355,0.07245498470435355,False
8873,-0.0005224323963536041,0.4143051911734172,0.41482762356977076,False
8874,-0.0005931059379410825,0.6139528298183151,0.6145459357562562,False
8875,-0.0004248902550736702,0.18156986497817534,0.181994755233249,False
8876,-0.0006349537160989973,0.16201401416742958,0.1626489678835286,False
8877,-0.0009845176628835667,0.4611532142039294,0.46213773186681295,False
8878,0.0,0.47689101859081023,0.47689101859081023,False
8879,-0.0006343823021566443,0.39248570698098517,0.3931200892831418,False
8880,-0.0004741575003835989,0.4039338756820244,0.404408033182408,False
8881,-0.0011253618136933647,0.40470563445227703,0.4058309962659704,False
8882,-0.0002778695894789729,0.516760150227116,0.5170380198165949,False
8883,-0.0016376173121391917,0.40265569335015233,0.4042933106622915,False
8884,-0.0010201899697599313,0.5279157906133916,0.5289359805831515,False
8885,-0.0006808486890965866,0.48290357992226735,0.4835844286113639,False
8886,-0.0007687433782630245,0.6410732003828404,0.6418419437611035,False
8887,-9.154760516165405e-05,0.36042423727817924,0.3605157848833409,False
8888,-0.000845286619479047,0.5236088735829573,0.5244541602024363,False
8889,-0.00077407563848669,0.8766235624296604,0.8773976380681471,False
8890,-0.0005494077130760958,1.0,1.000549407713076,False
8891,-0.0006909975479777518,0.49075361771798204,0.4914446152659598,False
8892,-0.0015718502665194444,0.419131481790832,0.42070333205735144,False
8893,-0.0006924648649924292,0.5389299016620186,0.539622366527011,False
8894,-0.0011089840693509843,1.0,1.001108984069351,False
8895,-0.00038537344847525357,0.6576263654343775,0.6580117388828527,False
8896,-0.0011902093784245341,0.30516060887534346,0.306350818253768,False
8897,-0.00131493041798168,0.3751433612597948,0.3764582916777765,False
8898,-0.004037982999812201,1.0,1.0040379829998123,False
8899,-0.0008550075305619949,0.38975392892436905,0.39060893645493105,False
8900,-0.0008860253843752328,0.5423426611068933,0.5432286864912685,False
8901,-0.0006424609625048836,0.5921730009197905,0.5928154618822954,False
8902,-0.0005623183812784458,0.6033768561774956,0.603939174558774,False
8903,-0.018825430233697624,0.5838799090544902,0.6027053392881878,False
8904,-0.0003584745503703721,0.3664018135901128,0.36676028814048317,False
8905,-0.0005900773167477627,0.38953673440896364,0.3901268117257114,False
8906,-0.0005229581995983336,0.9974553850425529,0.9979783432421513,False
8907,-0.0007638990609521001,0.6031439015310526,0.6039078005920047,False
8908,-0.0008003017421867839,0.48794178305923547,0.4887420848014222,False
8909,-0.0013140903221880854,0.43346572459368293,0.43477981491587103,False
8910,-0.0009204317237809482,0.4275940599892877,0.4285144917130686,False
8911,-0.0006420654771608214,0.38097222993087737,0.3816142954080382,False
8912,-0.0005307421271792225,0.5121312357237688,0.512661977850948,False
8913,-0.0013325721275201947,0.1778778577656011,0.1792104298931213,False
8914,-0.0006740441821751989,1.0,1.000674044182175,False
8915,-0.0008058113477314938,0.4663893612883623,0.4671951726360938,False
8916,-0.0023492277701227136,1.0,1.0023492277701227,False
8917,-0.0007410230705629342,0.4865536140539553,0.48729463712451826,False
8918,-0.000968825931799498,0.9834650150804922,0.9844338410122917,False
8919,-0.0011883872405254864,0.5203815304116327,0.5215699176521582,False
8920,-0.012176097603224106,1.0,1.0121760976032241,False
8921,-0.009262578542246491,0.3181715427414863,0.3274341212837328,False
8922,-0.00037613307702621577,0.35055090590579535,0.35092703898282157,False
8923,-0.000642530002007516,0.558678268488411,0.5593207984904185,False
8924,-0.0005775137047582298,0.5267477216073737,0.5273252353121319,False
8925,-0.0005844160345595466,0.60574757889716,0.6063319949317195,False
8926,-0.0004352236582404718,0.9995899760795297,1.0000251997377703,False
8927,-0.0018041590409806243,0.30610065688367477,0.3079048159246554,False
8928,-0.001992498686197432,0.4004882156683542,0.4024807143545516,False
8929,-0.0006057497710857762,0.5280219554686612,0.5286277052397469,False
8930,-0.0007348428381949101,0.4918058419180236,0.49254068475621854,False
8931,-0.0010334269785173677,0.31163664646365974,0.3126700734421771,False
8932,-0.0009693121051013575,0.4138031473319255,0.4147724594370269,False
8933,-0.0007408715936621415,0.4040767080233404,0.40481757961700254,False
8934,-0.001195029214186497,1.0,1.0011950292141865,False
8935,-0.0012410493042052221,0.3983463617182556,0.3995874110224608,False
8936,-0.0012505697282861484,0.21326607267933403,0.2145166424076202,False
8937,-0.0008692558996321757,0.5588854220468833,0.5597546779465155,False
8938,-0.0008420821130837771,0.7037041345132704,0.7045462166263542,False
8939,-0.0003095929983141534,0.402669523389225,0.4029791163875392,False
8940,-0.0009102710992114658,0.523899563029103,0.5248098341283145,False
8941,-0.000894187138035237,0.7278509394011398,0.728745126539175,False
8942,-0.000937779988720979,1.0,1.000937779988721,False
8943,-0.001682510948989005,0.5039285111001719,0.5056110220491609,False
8944,-0.0006077752293157833,0.45378205256012416,0.4543898277894399,False
8945,-0.0006609903350234598,0.494881825345935,0.4955428156809585,False
8946,-0.0032722193915493956,1.0,1.0032722193915493,False
8947,-0.0007926445305588432,0.5523092721486014,0.5531019166791602,False
8948,-0.010900307928716744,0.4044297967422458,0.41533010467096254,False
8949,-0.00119675169113329,0.315785145532579,0.31698189722371234,False
8950,-0.0013559464204922027,0.4244367414078432,0.4257926878283354,False
8951,-7.47400619712186e-05,0.4753630153386655,0.4754377554006367,False
8952,-0.001762369101401177,0.4279519648497342,0.42971433395113534,False
8953,-0.0007447154314644909,0.6967612645799389,0.6975059800114034,False
8954,-0.003602967077140436,1.0,1.0036029670771405,False
8955,-0.00047527825623947217,0.9976670860973679,0.9981423643536074,False
8956,-0.0007100480152122539,0.47821644683260733,0.4789264948478196,False
8957,0.0,1.0,1.0,False
8958,-0.015102321079202638,1.0,1.0151023210792027,False
8959,-0.0016532336084377054,1.0,1.0016532336084376,False
8960,-0.0007247782918230807,0.5177914880023058,0.5185162662941288,False
8961,-0.0001094384820693695,0.09271435362178378,0.09282379210385315,False
8962,-0.0007483478238469516,0.6307198036570575,0.6314681514809044,False
8963,-0.0005808889018928657,0.5259120473514521,0.526492936253345,False
8964,-0.0006239823313336072,0.3871311377354634,0.387755120066797,False
8965,-0.0009748001332536562,0.525317516602877,0.5262923167361306,False
8966,-0.000928749122981617,0.6056572521433425,0.6065860012663241,False
8967,-0.000809046544351494,0.4411805335844437,0.4419895801287952,False
8968,-0.0019124859625971166,0.2871437517395336,0.28905623770213074,False
8969,-0.0012574125249395758,1.0,1.0012574125249396,False
8970,-0.00163979986407396,0.3514066237352428,0.35304642359931676,False
8971,-0.00079530275806743,0.6008150857718361,0.6016103885299035,False
8972,-0.0011469786651714068,1.0,1.0011469786651714,False
8973,-0.0011383044692636986,0.5397994190980233,0.540937723567287,False
8974,-0.0015970737284549082,0.314899004764573,0.3164960784930279,False
8975,-0.0009128547422088672,0.48521238010166856,0.48612523484387743,False
8976,-0.010615550492857454,1.0,1.0106155504928576,False
8977,-0.0009685719094363742,0.13032936819865903,0.1312979401080954,False
8978,-0.0008170582550492655,0.4743379687354844,0.47515502699053364,False
8979,-0.0008123212556959208,0.5249906083937897,0.5258029296494857,False
8980,-0.0007938517653101799,0.5335019747809852,0.5342958265462954,False
8981,-0.002430712220655147,1.0,1.002430712220655,False
8982,-0.0038099007767974672,1.0,1.0038099007767975,False
8983,-0.001296935612905519,0.35719593681010403,0.35849287242300953,False
8984,-0.0010530473001236578,0.6651726268118183,0.666225674111942,False
8985,-0.00012080021398838116,0.43316995264636926,0.4332907528603576,False
8986,-0.0005372124736483483,0.9974905126093246,0.998027725082973,False
8987,-0.0008596822701063323,1.0,1.0008596822701064,False
8988,-0.0013756250433584155,0.7698082689976469,0.7711838940410053,False
8989,-0.0012428006906692734,0.5870336358679492,0.5882764365586185,False
8990,-0.0010560256826177231,0.9210592323433567,0.9221152580259745,False
8991,-0.0017417408177193173,0.3066474187095186,0.30838915952723794,False
8992,-0.0010382766054644668,0.4788407311545844,0.4798790077600489,False
8993,-0.0020143032472631052,0.47478019612714256,0.47679449937440566,False
8994,-0.013864425730232385,0.5277383651294567,0.5416027908596891,False
8995,-0.0006139034687556258,0.9879382367964581,0.9885521402652138,False
8996,-0.0011314741954281645,0.6644289973511601,0.6655604715465883,False
8997,-0.0017071331388088804,0.45519456366193,0.4569016968007389,False
8998,-0.03190560330752492,0.5873823407104908,0.6192879440180157,False
8999,-0.0007500715383544059,0.471234259600434,0.4719843311387884,False
9000,-0.000656861591380672,0.5622748073956199,0.5629316689870005,False
9001,-0.0009192620925518268,0.6398641891056026,0.6407834511981544,False
9002,-0.00011983446926255947,0.7147559653844813,0.7148757998537438,False
9003,-0.0014576283401376592,0.42622036615779346,0.42767799449793115,False
9004,-0.0005086474281870963,0.9994911148954038,0.9999997623235909,False
9005,-0.0009001204302936176,0.6662359753314692,0.6671360957617628,False
9006,-0.0008013088596429902,0.7751988674031876,0.7760001762628306,False
9007,-0.0008276612926346947,0.5752771600841091,0.5761048213767438,False
9008,-0.0011190860014930004,1.0,1.001119086001493,False
9009,0.0,0.3273231732011429,0.3273231732011429,False
9010,-0.0003351935063886921,0.556656401818539,0.5569915953249277,False
9011,-0.0006101886158371675,0.999164512348748,0.9997747009645852,False
9012,-0.0010319069154851354,0.45942612493813545,0.4604580318536206,False
9013,-0.0007709880748727438,0.6422978483942248,0.6430688364690975,False
9014,-0.0004382191499756807,0.2927531471108335,0.29319136626080916,False
9015,-0.000559716774358993,0.4726549493952177,0.4732146661695767,False
9016,-0.0010171884505252309,1.0,1.0010171884505252,False
9017,-0.0006224402703366243,0.9960946258272778,0.9967170660976145,False
9018,-0.0017916379680346386,1.0,1.0017916379680347,False
9019,-0.0013332884359758476,0.23563432391982722,0.23696761235580308,False
9020,-0.000913339163070174,1.0,1.0009133391630702,False
9021,-0.0006166755353444001,0.8461193803176046,0.846736055852949,False
9022,-0.0005719699862691171,0.9993400206514738,0.9999119906377428,False
9023,-0.0007200683129751617,0.48447075871941214,0.4851908270323873,False
9024,-0.0010690134511687015,0.5445165442543279,0.5455855577054967,False
9025,-0.0003921114391218975,0.999490965682816,0.9998830771219379,False
9026,-0.004764741510974173,0.2557145197962623,0.2604792613072365,False
9027,-0.000870671766326651,0.6036145902355076,0.6044852620018342,False
9028,-0.0008697077617132082,0.8155353453008478,0.8164050530625611,False
9029,-0.000782438272145978,0.42187647912595655,0.4226589173981025,False
9030,-0.0013764327761220548,1.0,1.001376432776122,False
9031,-0.0013271953238340403,0.7025942336596908,0.7039214289835248,False
9032,-0.00065429278764119,0.39401553252469473,0.3946698253123359,False
9033,-0.0010976720104647637,0.42491169236032506,0.42600936437078984,False
9034,-0.0003946596340206178,0.8703029485821686,0.8706976082161892,False
9035,-0.00090654407347401,1.0,1.000906544073474,False
9036,-0.0012547849850467682,0.39433531923607507,0.39559010422112184,False
9037,-0.0006775868999444157,0.3845451141933634,0.3852227010933078,False
9038,-0.06680586134326578,1.0,1.0668058613432658,False
9039,-0.009252375878721205,1.0,1.0092523758787213,False
9040,-0.0005054407585152318,0.9997359013223556,1.000241342080871,False
9041,-0.0013574173173239968,0.46736041121308053,0.4687178285304045,False
9042,-0.0011843465019745246,0.3737416035590782,0.3749259500610527,False
9043,-0.00040238348542078834,0.42019449957533056,0.4205968830607513,False
9044,-0.0009642255337813257,1.0,1.0009642255337814,False
9045,-0.0008022790208331191,0.6607503534870407,0.6615526325078738,False
9046,-0.0007458209842392168,0.4927713875389705,0.4935172085232097,False
9047,-0.0005031547011513577,0.6689713512033282,0.6694745059044795,False
9048,-0.0009860624599317492,0.5075056787616535,0.5084917412215852,False
9049,-0.0050327643252492775,0.9919305624134136,0.9969633267386628,False
9050,0.0,0.670882887310495,0.670882887310495,False
9051,-0.0006226931946952938,0.9986727078292585,0.9992954010239539,False
9052,-0.0006200174330474523,0.998511858718929,0.9991318761519764,False
9053,-0.004553393342233713,0.6878381135239161,0.6923915068661498,False
9054,-0.0019924879655093485,0.4159397970020632,0.4179322849675725,False
9055,-0.002158023931545119,0.08758920914856534,0.08974723308011046,False
9056,-0.0008016040852843729,0.534997434187444,0.5357990382727285,False
9057,0.0,1.0,1.0,False
9058,-0.0011641872292425606,0.37581236633655823,0.3769765535658008,False
9059,-0.0007558811428363434,1.0,1.0007558811428363,False
9060,-0.0009646406570385129,0.4415840241712641,0.4425486648283026,False
9061,-0.0009366083851825844,0.32563520918009914,0.3265718175652817,False
9062,-0.002432503550107308,1.0,1.0024325035501074,False
9063,-8.164508412712238e-05,0.4085858183557327,0.4086674634398598,False
9064,-0.0015771351882654535,0.45291957461428645,0.4544967098025519,False
9065,-0.0011255229422674322,0.6714249561372382,0.6725504790795056,False
9066,-0.0005583588153240445,0.40217914773081914,0.4027375065461432,False
9067,-0.0008329459999786646,0.7432625753809888,0.7440955213809675,False
9068,-0.0005266540787551954,1.0,1.0005266540787552,False
9069,-0.0011490785066593891,0.41716338752723464,0.41831246603389405,False
9070,-0.000974096424308609,0.44019397458658077,0.4411680710108894,False
9071,-0.0007927317432543898,0.48540543266981917,0.48619816441307356,False
9072,-0.0008393687367294017,0.4165652242742779,0.4174045930110073,False
9073,-0.0010869501563815966,0.5504608353574209,0.5515477855138025,False
9074,-0.0036329116205532272,0.9999994141208032,1.0036323257413564,False
9075,-0.0036329116205532272,0.9999994141208032,1.0036323257413564,False
9076,-0.0007675605463533882,0.514788653156955,0.5155562137033084,False
9077,-0.0012265977551773064,0.6533752986201453,0.6546018963753226,False
9078,-0.0007658662153545144,0.10234886849865815,0.10311473471401267,False
9079,-0.00086879374114393,0.5501665972224805,0.5510353909636244,False
9080,-0.0005265505766937567,0.6286244824834089,0.6291510330601026,False
9081,-0.018052922568099462,0.577992597567896,0.5960455201359954,False
9082,-0.00034899722320432084,0.3754098351185945,0.3757588323417988,False
9083,-0.008458236266832873,1.0,1.0084582362668328,False
9084,-0.000591739537488067,0.3831469808413742,0.3837387203788623,False
9085,-0.0011920223814878667,0.5667661936304843,0.5679582160119722,False
9086,-0.000985081502791298,0.736156629085975,0.7371417105887663,False
9087,-0.0012260190121182097,1.0,1.0012260190121183,False
9088,-0.0006833579596838983,0.4058351362825207,0.4065184942422046,False
9089,-0.0014478540020955702,0.4173649072491697,0.41881276125126526,False
9090,-0.0008503100760132854,1.0,1.0008503100760133,False
9091,-0.000451576501447603,0.9915765868110045,0.992028163312452,False
9092,-0.0024615745526111125,0.3978834167091261,0.40034499126173717,False
9093,-0.0013060550297990337,0.5277353197384385,0.5290413747682375,False
9094,-0.00025478615781100863,1.0,1.000254786157811,False
9095,-0.02386434461943788,1.0,1.023864344619438,False
9096,-0.0007249459336696735,0.5198549724672424,0.5205799184009121,False
9097,-0.001166556536339153,0.5458717395065077,0.5470382960428468,False
9098,-0.00047551869172201075,0.40954421172198147,0.4100197304137035,False
9099,-0.011828852972506701,1.0,1.0118288529725068,False
9100,-0.0025962599782308176,0.482168624062891,0.48476488404112184,False
9101,-0.0008936667145503954,0.5205901016609475,0.5214837683754979,False
9102,-0.0008103583961647727,1.0,1.0008103583961647,False
9103,-0.0007537583299067685,0.48681246763129066,0.4875662259611974,False
9104,-0.0048554070954947605,1.0,1.0048554070954947,False
9105,-0.0013306392126327907,0.4127081700316004,0.41403880924423314,False
9106,-0.0006549564793803467,0.3977124304612282,0.3983673869406085,False
9107,-0.0005824893827231028,0.9981350169436487,0.9987175063263718,False
9108,-0.0009779600883825874,0.5061161885839136,0.5070941486722962,False
9109,-0.005520994001628903,1.0,1.005520994001629,False
9110,-0.0015402805728852902,1.0,1.0015402805728852,False
9111,-0.0034883895691278696,0.3510051227716886,0.3544935123408165,False
9112,-0.0006566636326206976,0.6251722332558045,0.6258288968884252,False
9113,-0.0005484969763309773,0.9974864642471223,0.9980349612234533,False
9114,-0.001552987640550344,0.6468259059343108,0.6483788935748611,False
9115,-0.0008679957861811226,1.0,1.000867995786181,False
9116,-0.0028074083058539086,1.0,1.0028074083058538,False
9117,-0.0008320963463664253,0.4791490788361474,0.4799811751825138,False
9118,-0.0008545704898792126,0.5436144629497822,0.5444690334396615,False
9119,-0.006155663384885453,1.0,1.0061556633848854,False
9120,-0.004286643904287781,1.0,1.0042866439042877,False
9121,-0.025628473708840513,0.5896928603545317,0.6153213340633722,False
9122,-0.0013241034532155728,0.5688731569946425,0.570197260447858,False
9123,-0.0007321547682320882,0.6358631050124957,0.6365952597807277,False
9124,-0.0012591129651004511,0.4156038245362318,0.41686293750133224,False
9125,-0.0011059401144839544,0.5110051041165985,0.5121110442310824,False
9126,-0.0016497669180707193,0.4593097870214819,0.4609595539395526,False
9127,-0.00112853273331669,1.0,1.0011285327333166,False
9128,-0.0006991800650739025,0.9984037416005561,0.99910292166563,False
9129,-0.0007803651538933968,0.623487687967546,0.6242680531214393,False
9130,-0.0031069226225846776,1.0,1.0031069226225846,False
9131,-0.6069234085314207,0.02291395292534118,0.6298373614567618,False
9132,-0.0016443885616214261,0.6809157164646904,0.6825601050263118,False
9133,-0.0012673314804603846,0.7517290818322158,0.7529964133126762,False
9134,-0.001059579279119922,1.0,1.00105957927912,False
9135,-0.0019021321358432468,0.4063873922861183,0.40828952442196154,False
9136,-0.004938001596838288,1.0,1.0049380015968383,False
9137,-0.0322225678442965,0.8518750034452676,0.884097571289564,False
9138,-0.00010150445108135029,0.592348920265743,0.5924504247168244,False
9139,-0.0032905828526113927,0.42916520842222283,0.43245579127483424,False
9140,-0.0007380738557758325,0.40663956414120817,0.407377637996984,False
9141,-0.0002729508156332801,0.2527033694177498,0.25297632023338307,False
9142,-0.0019785626955041687,0.3851737050642129,0.38715226775971706,False
9143,-0.005026856394758415,1.0,1.0050268563947584,False
9144,-7.526504787781894e-07,0.9988453197415798,0.9988460723920586,False
9145,-0.00046787622217871417,0.986816637095596,0.9872845133177747,False
9146,-0.0007975104794455761,0.445771853689363,0.4465693641688086,False
9147,-0.00015404681891702007,0.6051723706237119,0.6053264174426289,False
9148,-0.0020641974494299588,0.5664306685611549,0.5684948660105849,False
9149,-0.004031853266929363,1.0,1.0040318532669295,False
9150,-0.0010398669461308039,0.2361842431433593,0.23722411008949013,False
9151,-0.0010414473599462209,0.42442845839890464,0.42546990575885085,False
9152,-0.0008448053950442035,1.0,1.0008448053950443,False
9153,-0.0009593757861162639,0.40619071257062,0.4071500883567363,False
9154,-0.0010937097674125367,0.6350283920003809,0.6361221017677934,False
9155,-0.0009283358527490354,0.5601666436630037,0.5610949795157527,False
9156,-0.0016099494929574809,1.0,1.0016099494929576,False
9157,-0.001272363523798504,0.8452434431427454,0.8465158066665439,False
9158,-0.0011395300409917115,0.6653964197133304,0.6665359497543222,False
9159,-0.0008144956829270119,0.890579990219431,0.891394485902358,False
9160,-0.0015774556180342665,0.4551759566894145,0.45675341230744876,False
9161,-0.0011222234519782145,0.7887047438836904,0.7898269673356686,False
9162,-0.0009302819027899906,0.4853281357616581,0.4862584176644481,False
9163,-0.0012817692216711605,0.10878746230385655,0.11006923152552771,False
9164,-0.0012336000850573408,0.32075711863688716,0.3219907187219445,False
9165,-0.002763506795537955,1.0,1.002763506795538,False
9166,-0.0004677021266559166,0.4070661495762156,0.40753385170287154,False
9167,-0.000656161211644374,0.37162817396757347,0.37228433517921783,False
9168,-0.0012497095282102868,0.4049833505079103,0.4062330600361206,False
9169,0.0,0.963325463857687,0.963325463857687,False
9170,-0.0009557953708142624,0.5972599795652611,0.5982157749360754,False
9171,-0.0018099205023766863,0.43400554257028107,0.4358154630726577,False
9172,-0.005555868020151925,1.0,1.005555868020152,False
9173,-0.0017002209819922114,0.4599957465158407,0.46169596749783287,False
9174,-0.00649037651485944,1.0,1.0064903765148594,False
9175,-0.016485096203374752,1.0,1.0164850962033747,False
9176,-0.0009559414079476792,0.5442343491615039,0.5451902905694516,False
9177,-0.000805567010166457,0.9994186526690144,1.0002242196791808,False
9178,-0.0007834046683581099,0.3843641665296024,0.38514757119796056,False
9179,-0.007009428466646914,0.39784519457960704,0.40485462304625397,False
9180,-0.0018732125015036467,1.0,1.0018732125015037,False
9181,-0.0012243891073760542,0.9193823631359865,0.9206067522433626,False
9182,-0.004631873397519246,1.0,1.0046318733975192,False
9183,-0.0010732851071138046,0.5143879632472818,0.5154612483543956,False
9184,-0.00487676799268392,1.0,1.004876767992684,False
9185,-0.0011359434394128528,0.38114367803434246,0.3822796214737553,False
9186,-0.00077839217180966,0.997754811348917,0.9985332035207266,False
9187,-0.0015149106871663865,0.4537392085008483,0.45525411918801467,False
9188,0.0,0.9758322395113141,0.9758322395113141,False
9189,-0.000989839483801414,0.7384625688556767,0.7394524083394781,False
9190,-0.0017513275394744016,1.0,1.0017513275394745,False
9191,-0.0003052810385493317,0.9929462223851324,0.9932515034236817,False
9192,0.0,1.0,1.0,False
9193,-0.0012125485570879965,1.0,1.001212548557088,False
9194,-0.00016452879421679261,0.42040304296330494,0.42056757175752174,False
9195,-0.000970626381952634,0.28360605604862826,0.2845766824305809,False
9196,-0.0018468956239900438,0.82993600893942,0.8317829045634101,False
9197,-0.0010450441860148816,1.0,1.0010450441860148,False
9198,-0.0008994413359354957,0.6037758772489592,0.6046753185848946,False
9199,-0.001043351658131345,0.8465717504184709,0.8476151020766022,False
9200,-0.000674317501603503,0.4150414919986275,0.415715809500231,False
9201,-0.002391035394744022,0.11520875895436984,0.11759979434911386,False
9202,-0.0010814844231261838,0.24117433372959832,0.2422558181527245,False
9203,-0.00044047804565496674,0.11978513231936448,0.12022561036501944,False
9204,-0.0002756461353909612,0.22135142497476606,0.22162707111015703,False
9205,-0.0009242591961765247,0.42735957186345463,0.42828383105963114,False
9206,-0.0009229550394074562,0.9930241346985633,0.9939470897379707,False
9207,-0.0010339901298664358,0.4118015517291804,0.41283554185904686,False
9208,-0.001009513630190337,0.7519615800575287,0.752971093687719,False
9209,-0.0005129423313718502,0.36956376696594057,0.3700767092973124,False
9210,-0.0011870164411897607,0.41271987800975707,0.4139068944509468,False
9211,-0.0015057272463506722,1.0,1.0015057272463506,False
9212,-0.0009932773715165529,0.40690208779007786,0.4078953651615944,False
9213,-0.005677597280982997,1.0,1.005677597280983,False
9214,0.0,1.0,1.0,False
9215,0.0,1.0,1.0,False
9216,-0.000528711658620981,0.4831677056389834,0.48369641729760443,False
9217,-0.0003420284762904079,0.9997611953179695,1.00010322379426,False
9218,-0.004805198629982224,1.0,1.0048051986299822,False
9219,-0.0004897463846521463,0.20070217940335494,0.2011919257880071,False
9220,-0.0010055586408988693,0.2675880620435727,0.26859362068447157,False
9221,-0.0007179670766516253,1.0,1.0007179670766517,False
9222,-0.0011686630022100727,0.8422666776613432,0.8434353406635533,False
9223,-0.0034215515760378807,0.2731017206549591,0.276523272230997,False
9224,0.0,0.6935325521590737,0.6935325521590737,False
9225,-0.003753770205138373,1.0,1.0037537702051385,False
9226,-0.011462514272318659,1.0,1.0114625142723186,False
9227,-0.000838872000536839,0.9974882427292944,0.9983271147298313,False
9228,-0.007621719560168136,1.0,1.0076217195601682,False
9229,-0.03307783568245363,1.0,1.0330778356824537,False
9230,-0.005842067129115911,1.0,1.005842067129116,False
9231,-0.0004393476012276842,0.3326267873798313,0.33306613498105897,False
9232,-0.000897327821037761,0.9976276076287434,0.9985249354497812,False
9233,-0.004863111866265273,1.0,1.0048631118662652,False
9234,-0.0009408698701159394,0.40459989815702013,0.40554076802713607,False
9235,-0.00046688541330370447,0.41171562026321723,0.4121825056765209,False
9236,-0.0009696240634877003,0.9994639027531429,1.0004335268166307,False
9237,-0.001305297360064881,0.6564984970632155,0.6578037944232804,False
9238,-0.0004843143031264123,0.3789722928627277,0.3794566071658541,False
9239,-0.0008809376545538964,0.997702929107271,0.9985838667618249,False
9240,-0.002159358752649197,0.3617951482724682,0.36395450702511745,False
9241,-0.0014840099367847868,0.368264518763067,0.36974852869985175,False
9242,-0.0010458450822335348,0.9998464645342284,1.000892309616462,False
9243,0.0,0.2879761501285277,0.2879761501285277,False
9244,-0.0031887336446965488,1.0,1.0031887336446965,False
9245,-0.001820375187126036,1.0,1.001820375187126,False
9246,-0.001118776217477364,0.3871047887599534,0.38822356497743077,False
9247,-0.0022698817292453577,0.4831160020192355,0.48538588374848085,False
9248,-0.0009336477612149121,0.9996098373871742,1.0005434851483892,False
9249,-0.000864761145298363,0.9971613607329654,0.9980261218782637,False
9250,-0.000838098193056254,0.9982268529430203,0.9990649511360765,False
9251,-0.00045789459256651287,0.6032240876991108,0.6036819822916774,False
9252,-0.0006237395321393699,0.5671675456169333,0.5677912851490726,False
9253,-0.0008681395870386274,0.6641883748177683,0.6650565144048068,False
9254,-0.007642395131865404,1.0,1.0076423951318654,False
9255,-0.0008092186336325409,0.4687486907275166,0.46955790936114916,False
9256,-0.0005131308938880396,0.5284945070718584,0.5290076379657465,False
9257,-9.404251760696484e-05,0.2893098459218414,0.28940388843944836,False
9258,-0.0034063602467766783,1.0,1.0034063602467767,False
9259,-0.002039489233647382,0.6045679247384543,0.6066074139721017,False
9260,-0.0009695546704826497,0.9970400453636231,0.9980096000341058,False
9261,-0.0011113538977064548,0.9992252096972347,1.0003365635949413,False
9262,-0.000986480521230388,0.998056116051825,0.9990425965730554,False
9263,-0.0004676763537021061,0.9987252344097844,0.9991929107634866,False
9264,-0.001652114034067519,1.0,1.0016521140340675,False
9265,-0.001218995280995324,0.3341010174480994,0.33532001272909473,False
9266,-0.0004657195364615426,0.45596745006777484,0.45643316960423636,False
9267,-0.019570743319155162,0.7269192455221233,0.7464899888412785,False
9268,-0.000492454883930893,0.5129473896787394,0.5134398445626703,False
9269,-0.0008848921378929208,0.7284731831075354,0.7293580752454283,False
9270,-0.003193814224946276,1.0,1.0031938142249464,False
9271,-0.00038646899886405814,0.9992178489505792,0.9996043179494433,False
9272,-0.0004319786481080857,0.48305921269630797,0.48349119134441604,False
9273,0.0,1.0,1.0,False
9274,-0.00039315218538501704,0.34580237766357674,0.34619552984896174,False
9275,-0.001143455147948696,0.40866466889642467,0.40980812404437333,False
9276,-0.005720899021334654,1.0,1.0057208990213347,False
9277,-0.003969173646317526,1.0,1.0039691736463174,False
9278,-0.0005797044951515348,0.41953615876408823,0.4201158632592398,False
9279,-0.0007560918644999164,0.6876341284235211,0.688390220288021,False
9280,-0.0002682439019657279,0.9999875287599095,1.0002557726618753,False
9281,-0.00026824390196572806,0.9999875287599113,1.000255772661877,False
9282,-0.010198880800371858,1.0,1.010198880800372,False
9283,-0.00045652251087070685,0.404742305383178,0.4051988278940487,False
9284,-0.0013649522413203769,0.5567483124512788,0.5581132646925991,False
9285,-0.0003626139742161279,0.27090623340895903,0.27126884738317514,False
9286,-0.0012913192630810996,1.0,1.001291319263081,False
9287,-0.0009264628590340606,0.9976073216215395,0.9985337844805736,False
9288,-0.0003059253629168851,0.31105232344644823,0.31135824880936513,False
9289,-0.0006781373953187208,0.39770067543352366,0.3983788128288424,False
9290,-0.0007026187439309109,0.5498393614728297,0.5505419802167607,False
9291,-0.00370925263384869,1.0,1.0037092526338487,False
9292,-0.0013435574051385041,1.0,1.0013435574051386,False
9293,-0.0016017616198821668,0.3620261148978391,0.36362787651772127,False
9294,-0.0004413108696993593,0.40447228403571683,0.4049135949054162,False
9295,-0.001521095836996421,0.8676886402528627,0.8692097360898592,False
9296,-0.000627325498608372,0.5976253590080995,0.5982526845067079,False
9297,-0.022015683492005132,0.8243672322519091,0.8463829157439142,False
9298,-0.013213165024348328,1.0,1.0132131650243483,False
9299,-0.01367924473162987,1.0,1.0136792447316298,False
9300,-0.0019376267806461627,1.0,1.0019376267806461,False
9301,-0.0011014346940631404,0.997454180485545,0.9985556151796081,False
9302,-0.000688351184214772,0.4535955784667481,0.45428392965096287,False
9303,-0.0005246164635095757,0.44229737324526514,0.44282198970877473,False
9304,-0.0006932635756462487,0.36034943404816944,0.3610426976238157,False
9305,-0.0005430061748191358,0.42899089623795394,0.42953390241277306,False
9306,-0.0130547571293145,1.0,1.0130547571293145,False
9307,-0.001118633061942366,0.33266167249802825,0.3337803055599706,False
9308,-0.010099840911870257,1.0,1.0100998409118702,False
9309,-0.0007410676684346141,0.46926471129905606,0.4700057789674907,False
9310,-0.0007008583483006936,0.999406360257783,1.0001072186060838,False
9311,-0.0024351888308962876,0.47859102539322307,0.48102621422411934,False
9312,-0.0005148484030357511,0.40712687104897083,0.40764171945200656,False
9313,-0.0012771691756630105,0.9985234497088226,0.9998006188844856,False
9314,-0.0012031734111145878,0.9985278082495149,0.9997309816606295,False
9315,-0.05650774736844988,1.0,1.0565077473684499,False
9316,-0.00044428807879555915,0.27438767003866404,0.2748319581174596,False
9317,-0.006558675859869803,1.0,1.00655867585987,False
9318,-0.0005330568667676731,0.3553506545448398,0.35588371141160746,False
9319,-0.0005731636758457235,0.4841262738186747,0.4846994374945204,False
9320,-0.0005077179488429333,0.42183406305857446,0.42234178100741737,False
9321,-0.004098014847454669,0.4292615922826632,0.43335960713011784,False
9322,-0.000685593333337394,0.43605681655502276,0.43674240988836016,False
9323,-0.0006551716697021095,0.4005644505327088,0.4012196222024109,False
9324,-0.0005706181313596968,0.506853682407327,0.5074243005386867,False
9325,-0.000608539803521997,0.40109134511832484,0.40169988492184683,False
9326,-0.000654994548075383,0.5589862114987695,0.5596412060468449,False
9327,-0.0005737602750193622,0.3809014167765837,0.38147517705160305,False
9328,-0.0005842408547097377,0.5255468751001562,0.526131115954866,False
9329,-0.0005094321531628008,0.32079641119618296,0.32130584334934575,False
9330,-0.02882515899752689,1.0,1.0288251589975268,False
9331,-0.0026218619361434246,0.4706400470721664,0.47326190900830983,False
9332,-0.005181818921832478,0.33740046750456176,0.34258228642639427,False
9333,-0.0011820545584553016,0.9994853787964708,1.0006674333549261,False
9334,-0.0005896846164079089,0.5920343995932554,0.5926240842096634,False
9335,-0.00815198977308199,1.0,1.008151989773082,False
9336,-0.0079269164206583,1.0,1.0079269164206583,False
9337,-0.0013234863308185655,0.589399108784543,0.5907225951153616,False
9338,-0.0006712318210105139,0.39970727357694197,0.4003785053979525,False
9339,-0.0005489039682769883,0.3780581388936338,0.3786070428619108,False
9340,-0.0005221695876772333,0.4291953626284165,0.42971753221609377,False
9341,-0.02107693338585669,0.30669122803590065,0.32776816142175735,False
9342,-0.0006019302629682747,0.5268318015356316,0.5274337317985999,False
9343,-0.0012291599805295918,0.9977329778095935,0.9989621377901231,False
9344,-0.006512112144251931,1.0,1.006512112144252,False
9345,-0.020071064051410636,1.0,1.0200710640514106,False
9346,-0.00030067246226777824,0.20771860287718022,0.208019275339448,False
9347,-0.020634827419429687,1.0,1.0206348274194297,False
9348,-0.0013666947097191993,0.9983799355015603,0.9997466302112795,False
9349,-0.011551073659034515,1.0,1.0115510736590345,False
9350,-0.0006135896511359575,0.5902906650552605,0.5909042547063965,False
9351,-0.025103670737549013,1.0,1.025103670737549,False
9352,-0.0038305155867478812,0.9999849352552332,1.0038154508419812,False
9353,-0.0038305155867478817,0.9999849352552364,1.0038154508419843,False
9354,-0.0010288966959512828,1.0,1.0010288966959513,False
9355,-0.0008869685132889991,0.9998012074673389,1.0006881759806279,False
9356,-0.001278179412140289,0.9981995165208393,0.9994776959329795,False
9357,-0.0011760253854794676,0.9322655400083458,0.9334415653938253,False
9358,-0.0015607817266481965,0.9982496549816084,0.9998104367082566,False
9359,-0.0006097750162256437,0.6995774708354123,0.7001872458516379,False
9360,-0.00046242976656241,0.4027077315230113,0.4031701612895737,False
9361,-0.004741073472999217,1.0,1.0047410734729991,False
9362,-0.003675534608446988,1.0,1.003675534608447,False
9363,-0.0005415872600993254,0.6420873653417268,0.6426289526018262,False
9364,-0.0011546814795011867,0.9989467128548664,1.0001013943343675,False
9365,-0.0005789610400074849,0.6203648199864441,0.6209437810264515,False
9366,-0.00011535154413669375,1.0,1.0001153515441368,False
9367,-0.047864677053472186,1.0,1.047864677053472,False
9368,-0.0005897341153564445,0.3023330523176708,0.3029227864330273,False
9369,-0.000631272661085229,0.4409150666761978,0.441546339337283,False
9370,-0.002080436577330554,0.26545977278441385,0.2675402093617444,False
9371,-0.0006219725004082372,0.551823412153897,0.5524453846543051,False
9372,-0.03454754873800078,1.0,1.0345475487380007,False
9373,-0.0016645948900884165,0.9986954764651874,1.0003600713552758,False
9374,-0.0012581116928197145,0.9980105152835417,0.9992686269763614,False
9375,-0.0005739174274574259,0.8117605906525567,0.8123345080800141,False
9376,-0.0009841886657740318,0.9993451206443648,1.0003293093101389,False
9377,-0.006955109346450034,1.0,1.00695510934645,False
9378,-0.0006136449937840705,0.8458769682481946,0.8464906132419786,False
9379,-0.00040533385070253756,0.29571189646765467,0.2961172303183572,False
9380,-0.0011721351206528993,1.0,1.0011721351206528,False
9381,-0.0005778957954818691,0.40688018506010737,0.4074580808555892,False
9382,-0.0014410603142619362,0.3904865890667655,0.3919276493810274,False
9383,-0.02665312153583385,1.0,1.0266531215358339,False
9384,-0.017133661964979834,0.999999386842696,1.0171330488076757,False
9385,-0.017133661964979827,0.9999993868426957,1.0171330488076755,False
9386,-0.0006492834702405319,0.35773530568275813,0.35838458915299864,False
9387,-0.0004516050026990229,0.22735805878075016,0.2278096637834492,False
9388,-0.004943165679431636,1.0,1.0049431656794316,False
9389,-0.0006895082359488338,0.5320491940978739,0.5327387023338227,False
9390,-0.0006914409008063115,0.42244457255217305,0.42313601345297935,False
9391,-0.0006761504524298884,0.25806674653609185,0.25874289698852176,False
9392,-0.0007054188733258427,0.6491312783880934,0.6498366972614192,False
9393,-0.005751294656550121,1.0,1.00575129465655,False
9394,-0.004416554587773398,1.0,1.0044165545877735,False
9395,-0.0013098350648356515,0.3999264205193468,0.40123625558418247,False
9396,-0.0015610883001325783,1.0,1.0015610883001327,False
9397,-0.0010023856101450057,0.7537435008887745,0.7547458864989195,False
9398,-0.0006111098357132835,0.555259989779173,0.5558710996148863,False
9399,-0.0013342778166751113,0.7430911383073288,0.7444254161240038,False
9400,-0.0016009428330378956,0.9999983008208181,1.0015992436538559,False
9401,-0.0016009428330379203,0.9999983008208189,1.0015992436538568,False
9402,0.0,1.0,1.0,False
9403,-0.003880238048769485,0.538110839514142,0.5419910775629114,False
9404,-0.003593023652285755,0.45705079156120315,0.4606438152134889,False
9405,-0.0006484277675152826,0.4508658876535713,0.45151431542108655,False
9406,-0.001609339684095742,0.38839617261264675,0.3900055122967425,False
9407,-0.0006461386299416608,0.3897798650271347,0.39042600365707636,False
9408,-0.0005976964456776365,0.7133792736421347,0.7139769700878124,False
9409,-0.009690191050332139,1.0,1.0096901910503322,False
9410,-0.0009018201035788816,0.9993954501025143,1.0002972702060933,False
9411,-0.0007022404973760583,0.4030957162253235,0.4037979567226995,False
9412,-0.007360922325536029,1.0,1.007360922325536,False
9413,-0.0014056760408406245,0.5281208988617345,0.5295265749025752,False
9414,-0.000784042586505504,0.2803655870883711,0.2811496296748766,False
9415,-0.0007455563422246964,0.4578372654311309,0.4585828217733556,False
9416,-0.0007356382023989048,0.7134462553369757,0.7141818935393746,False
9417,-0.0445278197219824,0.8792639526272517,0.923791772349234,False
9418,-0.0010572771083303708,0.5240660083242756,0.525123285432606,False
9419,0.0,1.0,1.0,False
9420,-0.001162438986580613,0.597329080270494,0.5984915192570747,False
9421,-0.0015916055246435192,0.9980507560818059,0.9996423616064495,False
9422,-0.001172270934913652,0.9999948005146863,1.0011670714496,False
9423,-0.0011722709349136532,0.9999948005146844,1.001167071449598,False
9424,-0.03343831508040649,1.0,1.0334383150804065,False
9425,-0.005765132274219074,1.0,1.0057651322742192,False
9426,-0.0007647523983728067,0.2759694370878977,0.2767341894862705,False
9427,-0.010342622238212572,1.0,1.0103426222382126,False
9428,-0.02858623876519607,1.0,1.028586238765196,False
9429,-0.0006667604045559942,0.4098008297057928,0.4104675901103488,False
9430,-0.0007855308353592402,0.9997671266742109,1.00055265750957,False
9431,-0.0007752859168855108,0.9926064597872304,0.9933817457041159,False
9432,-0.0011273548806920019,0.9529960513351484,0.9541234062158405,False
9433,-0.0019053163543224921,0.37950979869979007,0.3814151150541126,False
9434,-0.002123500570084619,0.998116411912697,1.0002399124827817,False
9435,-0.0007115195796247956,0.29280379995519035,0.29351531953481513,False
9436,-0.002000983375430441,0.5403209617329215,0.542321945108352,False
9437,-0.006525716975803199,1.0,1.0065257169758033,False
9438,-0.00079898361480679,0.3130781386183625,0.31387712223316927,False
9439,-0.0019974378296510466,0.8155143115361113,0.8175117493657623,False
9440,-0.0007676288033623372,0.5323670359186474,0.5331346647220098,False
9441,0.0,1.0,1.0,False
9442,-0.0006534954415846381,0.5713828788793436,0.5720363743209282,False
9443,-0.0006201259696325053,0.4641683542507423,0.46478848022037483,False
9444,-0.0013583078064394298,1.0,1.0013583078064394,False
9445,-0.000621988142135832,0.3624058531238708,0.3630278412660066,False
9446,-0.0016399659992913506,0.5874428428277952,0.5890828088270866,False
9447,-0.0006194658548344541,0.39902305703816293,0.3996425228929974,False
9448,-0.018943941208906717,1.0,1.0189439412089067,False
9449,-0.011202969685298353,1.0,1.0112029696852984,False
9450,0.0,1.0,1.0,False
9451,-0.007972028456289764,1.0,1.0079720284562899,False
9452,-0.004405527395563671,1.0,1.0044055273955637,False
9453,-0.0007479852104081321,0.7202286661734402,0.7209766513838483,False
9454,-0.005280375870567742,1.0,1.0052803758705677,False
9455,-0.0009611933367983084,0.6610745843907297,0.6620357777275281,False
9456,-0.0017783309780538088,1.0,1.001778330978054,False
9457,-0.0008476013442740246,0.4991456499963779,0.4999932513406519,False
9458,-0.0021907563476689347,0.3315659758119267,0.3337567321595956,False
9459,-0.001956771269156562,0.7211501018905748,0.7231068731597314,False
9460,-0.0008660022061926232,0.5059261220003605,0.5067921242065531,False
9461,-0.000528125691618015,0.47164278999599013,0.47217091568760816,False
9462,-0.0007436464241981365,0.49795825734917304,0.4987019037733712,False
9463,-0.0010032274213206513,0.9986398291545683,0.9996430565758889,False
9464,-0.0017821053401759967,0.33355194335745203,0.335334048697628,False
9465,-0.0007392095113444917,0.999274591253739,1.0000138007650834,False
9466,-0.015061954041610974,1.0,1.015061954041611,False
9467,-0.0009961042944046357,0.5600702623977561,0.5610663666921608,False
9468,0.0,1.0,1.0,False
9469,-0.002225297473619219,1.0,1.0022252974736192,False
9470,-0.002267728674032173,1.0,1.0022677286740322,False
9471,-0.0018500785324323578,0.9995208448959516,1.001370923428384,False
9472,-0.0019544779725566607,0.3356176792216142,0.33757215719417083,False
9473,-0.0009942910210053587,0.9837790099471835,0.9847733009681888,False
9474,-0.0020436346965556074,0.9976682892420382,0.9997119239385939,False
9475,-0.0006331212864336487,0.5114721456102592,0.5121052668966929,False
9476,-0.0006364565066865622,0.7425083906986473,0.7431448472053338,False
9477,-0.019853496649594425,1.0,1.0198534966495945,False
9478,-0.016908773727037824,1.0,1.016908773727038,False
9479,-0.0019418126565979305,0.9989217202839278,1.0008635329405258,False
9480,0.0,1.0,1.0,False
9481,-0.0023575435372881898,0.9999301020039661,1.0022876455412544,False
9482,-0.0007002804716752134,0.5432129337496925,0.5439132142213677,False
9483,-0.009142126873461847,1.0,1.009142126873462,False
9484,-0.015289580200122731,1.0,1.0152895802001227,False
9485,-0.0017464219402506375,0.9982332379318808,0.9999796598721314,False
9486,-0.0012966529822927427,0.9996551691041461,1.0009518220864388,False
9487,-0.0006182223937550438,0.49300118453291963,0.49361940692667466,False
9488,-0.0007090498967278675,0.7435164002948051,0.744225450191533,False
9489,-0.010531803664984945,1.0,1.0105318036649849,False
9490,-0.001224186339080717,0.9581939306939875,0.9594181170330682,False
9491,-0.0017363648042421906,1.0,1.001736364804242,False
9492,-0.012586725943846981,1.0,1.012586725943847,False
9493,-0.0008075091830947673,0.9987812411608342,0.999588750343929,False
9494,-0.0077749900231310395,1.0,1.007774990023131,False
9495,-0.000820877408858097,0.999174492496739,0.999995369905597,False
9496,-0.0010004579184719894,0.5875210521832323,0.5885215101017043,False
9497,-0.0008306380411628522,0.9996607742354396,1.0004914122766024,False
9498,-0.0006491131312208703,0.5347120650021332,0.535361178133354,False
9499,-0.004709205009601851,0.9999995908166475,1.0047087958262493,False
9500,-0.004709205009601851,0.9999995908166476,1.0047087958262495,False
9501,-0.0072890582637251495,1.0,1.007289058263725,False
9502,-0.0012587203464496967,1.0,1.0012587203464498,False
9503,-0.007352991870266577,1.0,1.0073529918702666,False
9504,-0.0007199900432477427,0.26881082251348903,0.2695308125567368,False
9505,-0.0006522751165136311,0.6817607819022677,0.6824130570187814,False
9506,-0.0010632013459756715,0.9999871947785791,1.0010503961245547,False
9507,-0.004281806431966392,1.0,1.0042818064319663,False
9508,-0.0010734924904979377,0.9999686450244272,1.0010421375149252,False
9509,-0.0019861775267096837,0.8603423388391287,0.8623285163658384,False
9510,-0.001328974633315611,0.6487807386424697,0.6501097132757853,False
9511,-0.0013224677176120272,0.9972687737623126,0.9985912414799246,False
9512,-0.031072666534841725,1.0,1.0310726665348418,False
9513,-0.0016655049205590545,0.8197637648694776,0.8214292697900366,False
9514,-0.0007361581295347804,0.8508784807043712,0.851614638833906,False
9515,-0.001045798903226827,0.8810811724198161,0.882126971323043,False
9516,-0.00440832709800406,1.0,1.004408327098004,False
9517,-0.000950294888690401,0.5773214031801295,0.5782716980688198,False
9518,-0.007671687959500571,1.0,1.0076716879595005,False
9519,-0.001093304151975918,0.9992863452769335,1.0003796494289094,False
9520,-0.004196680878381429,0.9999974067436418,1.0041940876220232,False
9521,-0.004196680878381426,0.9999974067436428,1.0041940876220241,False
9522,-0.01218192816016451,1.0,1.0121819281601645,False
9523,-0.0009250073090264308,0.999137476812428,1.0000624841214545,False
9524,-0.0007446877331457771,0.9996165650157941,1.0003612527489398,False
9525,-0.010009457674042698,1.0,1.0100094576740426,False
9526,-0.005984930566933495,1.0,1.0059849305669335,False
9527,-0.0012477661738561564,0.7296412491705621,0.7308890153444182,False
9528,-0.0009191033723476998,0.2756042683506471,0.2765233717229948,False
9529,-0.029042953734960436,1.0,1.0290429537349604,False
9530,-0.007966838880746785,1.0,1.0079668388807468,False
9531,-0.0007223278144646095,0.5971699888952074,0.597892316709672,False
9532,-0.000855332647564853,0.6677435875519311,0.668598920199496,False
9533,-0.001401389766283356,1.0,1.0014013897662835,False
9534,-0.01467867550376836,1.0,1.0146786755037684,False
9535,-0.0291451130745205,1.0,1.0291451130745206,False
9536,-0.00121879489719613,1.0,1.0012187948971962,False
9537,-0.0013137435833588688,0.6082432166315993,0.6095569602149582,False
9538,-0.012077541686137679,1.0,1.0120775416861376,False
9539,-0.0008641513167924782,0.5475902400974607,0.5484543914142532,False
9540,-0.0013729459897215198,0.9995919895576847,1.0009649355474062,False
9541,-0.01133425165941388,1.0,1.011334251659414,False
9542,-0.013993431705817275,1.0,1.0139934317058172,False
9543,-0.0240770490587126,1.0,1.0240770490587126,False
9544,-0.01704757938965394,1.0,1.0170475793896538,False
9545,-0.023144847067820367,1.0,1.0231448470678204,False
9546,-0.0012856434008646797,0.5613939940786881,0.5626796374795527,False
9547,-0.0015531951094505307,0.8955098999692973,0.8970630950787478,False
9548,-0.033526641359059764,1.0,1.0335266413590598,False
9549,-0.002666098742286454,0.997238126637893,0.9999042253801794,False
9550,-0.0008765793627418866,0.7141724989454156,0.7150490783081574,False
9551,-0.0009342313916310793,0.5862045358874224,0.5871387672790535,False
9552,-0.0011952858227730517,0.7952361224857858,0.7964314083085589,False
9553,0.0,1.0,1.0,False
9554,-0.0007687980694301972,0.5983466776847811,0.5991154757542113,False
9555,-0.0007301747536766032,0.558108321090982,0.5588384958446586,False
9556,-0.014927967572341397,1.0,1.0149279675723415,False
9557,-0.0010032352771986023,0.7180133741520788,0.7190166094292774,False
9558,-0.0010948898882582685,0.7925279493028868,0.7936228391911451,False
9559,-0.0008682319029491078,0.4783445141320639,0.479212746035013,False
9560,-0.0011702276746560773,0.7618835612500098,0.7630537889246659,False
9561,-0.0008374852572063064,0.560372659173711,0.5612101444309173,False
9562,-0.0008622256525426056,0.9989668132757451,0.9998290389282877,False
9563,-0.0008842044573122787,0.9730560428883359,0.9739402473456482,False
9564,-0.0009055752910798562,0.4998955572118634,0.5008011325029432,False
9565,-0.02759884838787182,0.9999933186696275,1.0275921670574992,False
9566,-0.027598848387871838,0.9999933186696257,1.0275921670574975,False
9567,-0.000928143028101728,0.9992951776382134,1.0002233206663151,False
9568,-0.0008864875319939227,0.4091411980846412,0.41002768561663516,False
9569,-0.009913712319214311,1.0,1.0099137123192143,False
9570,-0.0011820705028105876,0.8045673106284142,0.8057493811312249,False
9571,-0.0014407236624308837,0.9732275490214021,0.9746682726838329,False
9572,-0.009178537430768968,1.0,1.009178537430769,False
9573,-0.024437419342031173,1.0,1.0244374193420311,False
9574,-0.002255789931394726,0.9986626999243177,1.0009184898557124,False
9575,-0.0009091595752016453,0.5377965818036512,0.5387057413788529,False
9576,-0.0008633109067874184,0.5714394145752809,0.5723027254820683,False
9577,-0.0011617868815178049,0.783338836789863,0.7845006236713808,False
9578,-0.00918207195380648,1.0,1.0091820719538065,False
9579,-0.0009718274120216694,0.7752468382971549,0.7762186657091765,False
9580,-0.013675078658685596,1.0,1.0136750786586857,False
9581,-0.014686609022191119,1.0,1.014686609022191,False
9582,-0.012409544564792145,1.0,1.012409544564792,False
9583,-0.04756889420377993,1.0,1.04756889420378,False
9584,-0.012811801513582794,1.0,1.0128118015135827,False
9585,-0.0011129233752984215,0.6731481838514921,0.6742611072267906,False
9586,-0.0007375800575360529,0.5149560552562147,0.5156936353137508,False
9587,-0.014827036014171008,1.0,1.014827036014171,False
9588,-0.0079848266535395,1.0,1.0079848266535394,False
9589,-0.0008555827952655295,0.6398069377404659,0.6406625205357315,False
9590,-0.0008188288240198534,0.5637119758965583,0.5645308047205781,False
9591,-0.012315911097759534,1.0,1.0123159110977595,False
9592,-0.0011187943955728715,0.5898558760331539,0.5909746704287268,False
9593,-0.0010940836029778795,0.7871870497992836,0.7882811334022615,False
9594,-0.0009958790315099106,0.999124770187767,1.000120649219277,False
9595,-0.0011607395849637682,0.7319500108112365,0.7331107503962002,False
9596,0.0,1.0,1.0,False
9597,-0.0018048898061608573,0.9995632398059331,1.001368129612094,False
9598,-0.00095840506009759,0.9994059379772318,1.0003643430373295,False
9599,-0.0013970124292416938,0.7413684695563603,0.742765481985602,False
9600,-0.02363892990332713,1.0,1.023638929903327,False
9601,-0.01553585554333199,1.0,1.015535855543332,False
9602,-0.022801573070446498,1.0,1.0228015730704465,False
9603,-0.01603072104490267,1.0,1.0160307210449027,False
9604,-0.0010074366908100333,0.8415273151923186,0.8425347518831287,False
9605,-0.0010616173229913,0.7242992772562192,0.7253608945792105,False
9606,-0.0012960892814413518,0.6454357480578846,0.6467318373393259,False
9607,-0.001161462366489409,0.6263968698574859,0.6275583322239753,False
9608,-0.0013328770485076726,0.9030872193678616,0.9044200964163693,False
9609,-0.0010447918876884772,0.9996872907805845,1.000732082668273,False
9610,-0.001296089526356203,0.9856214888246725,0.9869175783510287,False
9611,-0.0012663064084496287,0.790441720866719,0.7917080272751686,False
9612,-0.0012914468432324458,0.7383584063058742,0.7396498531491067,False
9613,-0.005769039198620361,0.5921360757489244,0.5979051149475447,False
9614,-0.0016272726759168077,0.90233646404655,0.9039637367224668,False
9615,-0.0014057987625447346,0.7123614547552447,0.7137672535177895,False
9616,-0.013854350465869417,1.0,1.0138543504658695,False
9617,-0.019805898142747434,1.0,1.0198058981427474,False
9618,-0.0014399915238882729,0.8409763565684922,0.8424163480923805,False
9619,-0.001796893500452317,0.9997684024053319,1.0015652959057844,False
9620,-0.008146105088616715,1.0,1.0081461050886167,False
9621,-0.02077871194684061,1.0,1.0207787119468406,False
9622,-0.011830805914710443,1.0,1.0118308059147105,False
9623,-0.0014558768449314708,0.6409149029987364,0.6423707798436679,False
9624,0.0,1.0,1.0,False
9625,-0.016264859544765375,1.0,1.0162648595447654,False
9626,-0.0679760167971858,1.0,1.067976016797186,False
9627,-0.0010112103208365965,0.5804371014968607,0.5814483118176973,False
9628,0.0,1.0,1.0,False
9629,-0.01416009973485429,1.0,1.0141600997348543,False
9630,-0.01846717994166264,1.0,1.0184671799416627,False
9631,-0.0014716877981915085,0.78019967887349,0.7816713666716815,False
9632,-0.002378735119041088,1.0,1.0023787351190412,False
9633,-0.0013215542000531975,0.9843006791978046,0.9856222333978578,False
9634,0.0,1.0,1.0,False
9635,-0.017036895135797408,1.0,1.0170368951357973,False
9636,-0.0011414776002577887,0.8726566833336244,0.8737981609338822,False
9637,-0.0009743981922417321,0.9995171601419901,1.0004915583342318,False
9638,-0.0012612601973179798,0.9411451157437614,0.9424063759410793,False
9639,-0.0009159689754754318,0.7185310131801264,0.7194469821556018,False
9640,-0.0012972610473889503,0.6016165115857806,0.6029137726331695,False
9641,0.0,1.0,1.0,False
9642,0.0,1.0,1.0,False
9643,-0.005622057693139134,1.0,1.0056220576931392,False
9644,-0.0013345881853241866,0.49899159005902743,0.5003261782443517,False
9645,-0.0013781640841842295,0.9997537968361105,1.0011319609202947,False
9646,-0.001510740313083957,0.9785011332615475,0.9800118735746315,False
9647,-0.0012114273622466209,0.7695543104769929,0.7707657378392395,False
9648,-0.012354803948498099,0.9999838343027705,1.0123386382512687,False
9649,-0.012354803948498097,0.9999838343027715,1.0123386382512696,False
9650,-0.030155923746880503,1.0,1.0301559237468805,False
9651,-0.0019034004503123674,0.9506847766614087,0.9525881771117211,False
9652,0.0,1.0,1.0,False
9653,-0.0011662378471557315,0.999356083731388,1.0005223215785437,False
9654,-0.9999659406250239,0.5492001978399444,1.5491661384649684,False
9655,-0.9999659406250246,0.5492001978399427,1.5491661384649673,False
9656,-0.017743865382666254,1.0,1.0177438653826663,False
9657,0.0,1.0,1.0,False
9658,0.0,1.0,1.0,False
9659,-0.03826494327968423,1.0,1.0382649432796842,False
9660,-0.002117942811374309,1.0,1.0021179428113742,False
9661,-0.0016996401252321073,0.9027985133995489,0.904498153524781,False
9662,-0.0013646301473335255,0.9999765332285725,1.001341163375906,False
9663,-0.03525471685246326,1.0,1.0352547168524633,False
9664,-0.021017143474617975,1.0,1.021017143474618,False
9665,-0.005818634530686797,0.9999997022210466,1.0058183367517335,False
9666,-0.9958665428315614,0.7799331609798711,1.7757997038114324,False
9667,-0.9958665428315776,0.7799331609798711,1.7757997038114488,False
9668,-0.6061852431190977,0.6899772029314063,1.296162446050504,False
9669,-0.6061852431190977,0.6899772029314046,1.2961624460505023,False
