feature_group,feature_name,classifier,episode,n_train,n_test,status,error,accuracy,macro_f1,macro_precision,macro_recall
foundation_backbone,mae_flatten,svm_C1p0,1,4,138,ok,,0.18840579710144928,0.16015037593984963,0.21339887640449437,0.19073593073593073
foundation_backbone,mae_flatten,logreg_C0p1,1,4,138,ok,,0.18115942028985507,0.16550769905200285,0.21056547619047616,0.18404761904761907
foundation_backbone,mae_flatten,xgboost_depth2,1,4,138,ok,,0.2028985507246377,0.08433734939759036,0.050724637681159424,0.25
foundation_backbone,mae_flatten,svm_C1p0,2,4,138,ok,,0.2971014492753623,0.27962459916971466,0.3159452034452035,0.30663419913419915
foundation_backbone,mae_flatten,logreg_C0p1,2,4,138,ok,,0.30434782608695654,0.2828720979979029,0.3190566549200325,0.314512987012987
foundation_backbone,mae_flatten,xgboost_depth2,2,4,138,ok,,0.21739130434782608,0.08928571428571429,0.05434782608695652,0.25
foundation_backbone,mae_flatten,svm_C1p0,3,4,138,ok,,0.2318840579710145,0.22527783390583955,0.24299547283702214,0.26461038961038963
foundation_backbone,mae_flatten,logreg_C0p1,3,4,138,ok,,0.2318840579710145,0.22732041969330102,0.2547122074636306,0.26461038961038963
foundation_backbone,mae_flatten,xgboost_depth2,3,4,138,ok,,0.18115942028985507,0.07668711656441718,0.04528985507246377,0.25
foundation_backbone,mae_flatten,svm_C1p0,4,4,138,ok,,0.3115942028985507,0.2433068706477517,0.22113767352156266,0.2721861471861472
foundation_backbone,mae_flatten,logreg_C0p1,4,4,138,ok,,0.34057971014492755,0.270976353928299,0.2475090579710145,0.3029220779220779
foundation_backbone,mae_flatten,xgboost_depth2,4,4,138,ok,,0.39855072463768115,0.14248704663212436,0.09963768115942029,0.25
foundation_backbone,mae_flatten,svm_C1p0,5,4,138,ok,,0.3115942028985507,0.26562522444875386,0.3286324786324787,0.2916666666666667
foundation_backbone,mae_flatten,logreg_C0p1,5,4,138,ok,,0.32608695652173914,0.27619922095288685,0.3429888951628082,0.3007575757575758
foundation_backbone,mae_flatten,xgboost_depth2,5,4,138,ok,,0.18115942028985507,0.07668711656441718,0.04528985507246377,0.25
foundation_backbone,mae_flatten,svm_C1p0,6,4,138,ok,,0.41304347826086957,0.3669142073859055,0.3742972751258231,0.3653571428571428
foundation_backbone,mae_flatten,logreg_C0p1,6,4,138,ok,,0.38405797101449274,0.35447551879776945,0.3630952380952381,0.35534632034632035
foundation_backbone,mae_flatten,xgboost_depth2,6,4,138,ok,,0.21739130434782608,0.08928571428571429,0.05434782608695652,0.25
foundation_backbone,mae_flatten,svm_C1p0,7,4,138,ok,,0.18840579710144928,0.16510015996446775,0.223374541249331,0.2034848484848485
foundation_backbone,mae_flatten,logreg_C0p1,7,4,138,ok,,0.2246376811594203,0.20800684405335568,0.2705200894074034,0.24529220779220778
foundation_backbone,mae_flatten,xgboost_depth2,7,4,138,ok,,0.21739130434782608,0.08928571428571429,0.05434782608695652,0.25
foundation_backbone,mae_flatten,svm_C1p0,8,4,138,ok,,0.2971014492753623,0.194819225435227,0.2075892857142857,0.21847402597402596
foundation_backbone,mae_flatten,logreg_C0p1,8,4,138,ok,,0.2898550724637681,0.23718183210927998,0.2850238841618152,0.23524891774891774
foundation_backbone,mae_flatten,xgboost_depth2,8,4,138,ok,,0.2028985507246377,0.08433734939759036,0.050724637681159424,0.25
foundation_backbone,mae_flatten,svm_C1p0,9,4,138,ok,,0.2391304347826087,0.15799714469927234,0.1994001547987616,0.26542207792207795
foundation_backbone,mae_flatten,logreg_C0p1,9,4,138,ok,,0.2463768115942029,0.17481060606060608,0.19568181818181818,0.27494588744588744
foundation_backbone,mae_flatten,xgboost_depth2,9,4,138,ok,,0.39855072463768115,0.14248704663212436,0.09963768115942029,0.25
foundation_backbone,mae_flatten,svm_C1p0,10,4,138,ok,,0.2753623188405797,0.2719319359263075,0.3771484334678412,0.3118181818181818
foundation_backbone,mae_flatten,logreg_C0p1,10,4,138,ok,,0.2463768115942029,0.23965162237000923,0.3471320346320346,0.2843939393939394
foundation_backbone,mae_flatten,xgboost_depth2,10,4,138,ok,,0.39855072463768115,0.14248704663212436,0.09963768115942029,0.25
foundation_backbone,mae_flatten,svm_C1p0,11,4,138,ok,,0.2536231884057971,0.22258832577421683,0.32311037622596206,0.25123376623376625
foundation_backbone,mae_flatten,logreg_C0p1,11,4,138,ok,,0.2536231884057971,0.2334291219287267,0.24975198412698413,0.2523051948051948
foundation_backbone,mae_flatten,xgboost_depth2,11,4,138,ok,,0.2028985507246377,0.08433734939759036,0.050724637681159424,0.25
foundation_backbone,mae_flatten,svm_C1p0,12,4,138,ok,,0.26811594202898553,0.2133475050346834,0.23209876543209879,0.2654220779220779
foundation_backbone,mae_flatten,logreg_C0p1,12,4,138,ok,,0.26811594202898553,0.2133475050346834,0.23209876543209879,0.2654220779220779
foundation_backbone,mae_flatten,xgboost_depth2,12,4,138,ok,,0.21739130434782608,0.08928571428571429,0.05434782608695652,0.25
foundation_backbone,mae_flatten,svm_C1p0,13,4,138,ok,,0.21014492753623187,0.19196632351620335,0.21689439946018893,0.24193722943722942
foundation_backbone,mae_flatten,logreg_C0p1,13,4,138,ok,,0.21014492753623187,0.18819913695690094,0.2140475385989829,0.2381493506493506
foundation_backbone,mae_flatten,xgboost_depth2,13,4,138,ok,,0.2028985507246377,0.08433734939759036,0.050724637681159424,0.25
foundation_backbone,mae_flatten,svm_C1p0,14,4,138,ok,,0.2753623188405797,0.24067871242028543,0.26214031066972243,0.26994588744588743
foundation_backbone,mae_flatten,logreg_C0p1,14,4,138,ok,,0.2898550724637681,0.2519776570048309,0.2558749847281243,0.268982683982684
foundation_backbone,mae_flatten,xgboost_depth2,14,4,138,ok,,0.39855072463768115,0.14248704663212436,0.09963768115942029,0.25
foundation_backbone,mae_flatten,svm_C1p0,15,4,138,ok,,0.2028985507246377,0.20338064713064713,0.20566258275885607,0.2035714285714286
foundation_backbone,mae_flatten,logreg_C0p1,15,4,138,ok,,0.2318840579710145,0.23353012349799732,0.23917626491155902,0.2349025974025974
foundation_backbone,mae_flatten,xgboost_depth2,15,4,138,ok,,0.39855072463768115,0.14248704663212436,0.09963768115942029,0.25
foundation_backbone,mae_flatten,svm_C1p0,16,4,138,ok,,0.32608695652173914,0.2784954767155414,0.5188980089845266,0.3295887445887446
foundation_backbone,mae_flatten,logreg_C0p1,16,4,138,ok,,0.3188405797101449,0.2721950135431877,0.5125957147874955,0.32504329004329
foundation_backbone,mae_flatten,xgboost_depth2,16,4,138,ok,,0.21739130434782608,0.08928571428571429,0.05434782608695652,0.25
foundation_backbone,mae_flatten,svm_C1p0,17,4,138,ok,,0.34782608695652173,0.3190857360668682,0.3226273726273726,0.3226623376623376
foundation_backbone,mae_flatten,logreg_C0p1,17,4,138,ok,,0.38405797101449274,0.3368080643472342,0.33879598662207355,0.3399350649350649
foundation_backbone,mae_flatten,xgboost_depth2,17,4,138,ok,,0.39855072463768115,0.14248704663212436,0.09963768115942029,0.25
foundation_backbone,mae_flatten,svm_C1p0,18,4,138,ok,,0.2753623188405797,0.2244283536585366,0.3240811965811966,0.3061796536796537
foundation_backbone,mae_flatten,logreg_C0p1,18,4,138,ok,,0.2971014492753623,0.2666462189630293,0.3751638058324105,0.3342748917748918
foundation_backbone,mae_flatten,xgboost_depth2,18,4,138,ok,,0.39855072463768115,0.14248704663212436,0.09963768115942029,0.25
foundation_backbone,mae_flatten,svm_C1p0,19,4,138,ok,,0.36231884057971014,0.30455873758036234,0.3061507936507936,0.3085497835497835
foundation_backbone,mae_flatten,logreg_C0p1,19,4,138,ok,,0.37681159420289856,0.31881468767878507,0.32115975422427034,0.3214285714285714
foundation_backbone,mae_flatten,xgboost_depth2,19,4,138,ok,,0.18115942028985507,0.07668711656441718,0.04528985507246377,0.25
foundation_backbone,mae_flatten,svm_C1p0,20,4,138,ok,,0.34782608695652173,0.28070529433543134,0.2812334113973458,0.3072943722943723
foundation_backbone,mae_flatten,logreg_C0p1,20,4,138,ok,,0.34782608695652173,0.2826048598507764,0.28934648966500354,0.31167748917748916
foundation_backbone,mae_flatten,xgboost_depth2,20,4,138,ok,,0.18115942028985507,0.07668711656441718,0.04528985507246377,0.25
foundation_backbone,mae_flatten,svm_C1p0,21,4,138,ok,,0.2753623188405797,0.20959976411953812,0.22288306451612902,0.26980519480519477
foundation_backbone,mae_flatten,logreg_C0p1,21,4,138,ok,,0.26811594202898553,0.2106687792962303,0.222463768115942,0.26147186147186147
foundation_backbone,mae_flatten,xgboost_depth2,21,4,138,ok,,0.21739130434782608,0.08928571428571429,0.05434782608695652,0.25
foundation_backbone,mae_flatten,svm_C1p0,22,4,138,ok,,0.2753623188405797,0.24506393619810513,0.31918885208358894,0.31509740259740265
foundation_backbone,mae_flatten,logreg_C0p1,22,4,138,ok,,0.2536231884057971,0.22866430260047282,0.27804824561403507,0.28071428571428575
foundation_backbone,mae_flatten,xgboost_depth2,22,4,138,ok,,0.39855072463768115,0.14248704663212436,0.09963768115942029,0.25
foundation_backbone,mae_flatten,svm_C1p0,23,4,138,ok,,0.30434782608695654,0.29050364852970406,0.328417905623788,0.3049134199134199
foundation_backbone,mae_flatten,logreg_C0p1,23,4,138,ok,,0.3333333333333333,0.3108049199658789,0.3350694444444444,0.3230952380952381
foundation_backbone,mae_flatten,xgboost_depth2,23,4,138,ok,,0.21739130434782608,0.08928571428571429,0.05434782608695652,0.25
foundation_backbone,mae_flatten,svm_C1p0,24,4,138,ok,,0.34782608695652173,0.2939992873867454,0.3275412087912088,0.3143290043290043
foundation_backbone,mae_flatten,logreg_C0p1,24,4,138,ok,,0.3333333333333333,0.2823652853390343,0.32007575757575757,0.31281385281385277
foundation_backbone,mae_flatten,xgboost_depth2,24,4,138,ok,,0.39855072463768115,0.14248704663212436,0.09963768115942029,0.25
foundation_backbone,mae_flatten,svm_C1p0,25,4,138,ok,,0.2463768115942029,0.2134625981540157,0.24815028109145756,0.2723701298701299
foundation_backbone,mae_flatten,logreg_C0p1,25,4,138,ok,,0.2463768115942029,0.21592289889366295,0.24336371168185586,0.26527056277056277
foundation_backbone,mae_flatten,xgboost_depth2,25,4,138,ok,,0.39855072463768115,0.14248704663212436,0.09963768115942029,0.25
foundation_backbone,mae_flatten,svm_C1p0,26,4,138,ok,,0.2608695652173913,0.24838910618571639,0.2639336917562724,0.31216450216450214
foundation_backbone,mae_flatten,logreg_C0p1,26,4,138,ok,,0.2536231884057971,0.24589617154957302,0.2820747520976354,0.2995670995670996
foundation_backbone,mae_flatten,xgboost_depth2,26,4,138,ok,,0.2028985507246377,0.08433734939759036,0.050724637681159424,0.25
foundation_backbone,mae_flatten,svm_C1p0,27,4,138,ok,,0.3333333333333333,0.3160865679706957,0.33670343137254904,0.3203354978354978
foundation_backbone,mae_flatten,logreg_C0p1,27,4,138,ok,,0.34782608695652173,0.3347546686637837,0.35329649830333826,0.3403354978354978
foundation_backbone,mae_flatten,xgboost_depth2,27,4,138,ok,,0.39855072463768115,0.14248704663212436,0.09963768115942029,0.25
foundation_backbone,mae_flatten,svm_C1p0,28,4,138,ok,,0.391304347826087,0.3560336843918933,0.3692566173756325,0.36858225108225107
foundation_backbone,mae_flatten,logreg_C0p1,28,4,138,ok,,0.38405797101449274,0.34929653679653677,0.3577693301530511,0.35858225108225106
foundation_backbone,mae_flatten,xgboost_depth2,28,4,138,ok,,0.39855072463768115,0.14248704663212436,0.09963768115942029,0.25
foundation_backbone,mae_flatten,svm_C1p0,29,4,138,ok,,0.4057971014492754,0.3443761694272332,0.371495995423341,0.37408008658008657
foundation_backbone,mae_flatten,logreg_C0p1,29,4,138,ok,,0.42028985507246375,0.35579814528150444,0.4019266917293233,0.386504329004329
foundation_backbone,mae_flatten,xgboost_depth2,29,4,138,ok,,0.21739130434782608,0.08928571428571429,0.05434782608695652,0.25
foundation_backbone,mae_flatten,svm_C1p0,30,4,138,ok,,0.2536231884057971,0.2124992923820177,0.26395127262828366,0.2546428571428571
foundation_backbone,mae_flatten,logreg_C0p1,30,4,138,ok,,0.2463768115942029,0.21423503022208526,0.23885471901185035,0.24738095238095237
foundation_backbone,mae_flatten,xgboost_depth2,30,4,138,ok,,0.18115942028985507,0.07668711656441718,0.04528985507246377,0.25
foundation_backbone,mae_flatten,svm_C1p0,31,4,138,ok,,0.30434782608695654,0.25142674540481125,0.2574146854117507,0.2493181818181818
foundation_backbone,mae_flatten,logreg_C0p1,31,4,138,ok,,0.2971014492753623,0.24001699513024152,0.24355447860962567,0.2381277056277056
foundation_backbone,mae_flatten,xgboost_depth2,31,4,138,ok,,0.2028985507246377,0.08433734939759036,0.050724637681159424,0.25
foundation_backbone,mae_flatten,svm_C1p0,32,4,138,ok,,0.2971014492753623,0.24095117845117847,0.27074449940303597,0.30037878787878786
foundation_backbone,mae_flatten,logreg_C0p1,32,4,138,ok,,0.2826086956521739,0.22241505297771283,0.2590511860174781,0.28630952380952385
foundation_backbone,mae_flatten,xgboost_depth2,32,4,138,ok,,0.21739130434782608,0.08928571428571429,0.05434782608695652,0.25
foundation_backbone,mae_flatten,svm_C1p0,33,4,138,ok,,0.38405797101449274,0.32848041627672886,0.3628130248892961,0.3633225108225109
foundation_backbone,mae_flatten,logreg_C0p1,33,4,138,ok,,0.37681159420289856,0.3186671066805163,0.37141778626895106,0.34953463203463203
foundation_backbone,mae_flatten,xgboost_depth2,33,4,138,ok,,0.39855072463768115,0.14248704663212436,0.09963768115942029,0.25
foundation_backbone,mae_flatten,svm_C1p0,34,4,138,ok,,0.3188405797101449,0.2775425043435096,0.3085896076352068,0.32775974025974025
foundation_backbone,mae_flatten,logreg_C0p1,34,4,138,ok,,0.3188405797101449,0.2745951641526176,0.310812324929972,0.3233766233766234
foundation_backbone,mae_flatten,xgboost_depth2,34,4,138,ok,,0.2028985507246377,0.08433734939759036,0.050724637681159424,0.25
foundation_backbone,mae_flatten,svm_C1p0,35,4,138,ok,,0.3333333333333333,0.23908955627705628,0.2507240704500978,0.26156926406926406
foundation_backbone,mae_flatten,logreg_C0p1,35,4,138,ok,,0.3115942028985507,0.21779200978223515,0.24113738738738738,0.23976190476190476
foundation_backbone,mae_flatten,xgboost_depth2,35,4,138,ok,,0.21739130434782608,0.08928571428571429,0.05434782608695652,0.25
foundation_backbone,mae_flatten,svm_C1p0,36,4,138,ok,,0.2826086956521739,0.24672100471501165,0.2808999154512788,0.3048160173160174
foundation_backbone,mae_flatten,logreg_C0p1,36,4,138,ok,,0.32608695652173914,0.271363237165124,0.2702135451881902,0.3081709956709957
foundation_backbone,mae_flatten,xgboost_depth2,36,4,138,ok,,0.21739130434782608,0.08928571428571429,0.05434782608695652,0.25
foundation_backbone,mae_flatten,svm_C1p0,37,4,138,ok,,0.21014492753623187,0.19200089126559716,0.2561117679788566,0.24158008658008656
foundation_backbone,mae_flatten,logreg_C0p1,37,4,138,ok,,0.2028985507246377,0.18458458017954585,0.21818002899544803,0.2424891774891775
foundation_backbone,mae_flatten,xgboost_depth2,37,4,138,ok,,0.2028985507246377,0.08433734939759036,0.050724637681159424,0.25
foundation_backbone,mae_flatten,svm_C1p0,38,4,138,ok,,0.2246376811594203,0.2057718701515694,0.2571828358208955,0.26920995670995673
foundation_backbone,mae_flatten,logreg_C0p1,38,4,138,ok,,0.2391304347826087,0.2271350552206092,0.2553880129179331,0.28754329004329005
foundation_backbone,mae_flatten,xgboost_depth2,38,4,138,ok,,0.2028985507246377,0.08433734939759036,0.050724637681159424,0.25
foundation_backbone,mae_flatten,svm_C1p0,39,4,138,ok,,0.2318840579710145,0.2146231188400484,0.24681658920789357,0.2348268398268398
foundation_backbone,mae_flatten,logreg_C0p1,39,4,138,ok,,0.2391304347826087,0.2237538197097021,0.25585470085470086,0.24754329004329
foundation_backbone,mae_flatten,xgboost_depth2,39,4,138,ok,,0.18115942028985507,0.07668711656441718,0.04528985507246377,0.25
foundation_backbone,mae_flatten,svm_C1p0,40,4,138,ok,,0.2463768115942029,0.20223091976516633,0.21507936507936506,0.2621753246753247
foundation_backbone,mae_flatten,logreg_C0p1,40,4,138,ok,,0.2463768115942029,0.20223091976516633,0.21507936507936506,0.2621753246753247
foundation_backbone,mae_flatten,xgboost_depth2,40,4,138,ok,,0.39855072463768115,0.14248704663212436,0.09963768115942029,0.25
foundation_backbone,mae_flatten,svm_C1p0,41,4,138,ok,,0.2608695652173913,0.2319209796502822,0.3431587426473343,0.27494588744588744
foundation_backbone,mae_flatten,logreg_C0p1,41,4,138,ok,,0.2608695652173913,0.22157853040205977,0.306563585677041,0.2766125541125541
foundation_backbone,mae_flatten,xgboost_depth2,41,4,138,ok,,0.21739130434782608,0.08928571428571429,0.05434782608695652,0.25
foundation_backbone,mae_flatten,svm_C1p0,42,4,138,ok,,0.37681159420289856,0.282481610530391,0.26402159244264506,0.3367857142857143
foundation_backbone,mae_flatten,logreg_C0p1,42,4,138,ok,,0.38405797101449274,0.2853327228327229,0.2709769044514807,0.3358766233766234
foundation_backbone,mae_flatten,xgboost_depth2,42,4,138,ok,,0.2028985507246377,0.08433734939759036,0.050724637681159424,0.25
foundation_backbone,mae_flatten,svm_C1p0,43,4,138,ok,,0.3188405797101449,0.2539044289044289,0.2660119047619047,0.2576948051948052
foundation_backbone,mae_flatten,logreg_C0p1,43,4,138,ok,,0.3115942028985507,0.23302925749734263,0.24271189336978813,0.2433116883116883
foundation_backbone,mae_flatten,xgboost_depth2,43,4,138,ok,,0.18115942028985507,0.07668711656441718,0.04528985507246377,0.25
foundation_backbone,mae_flatten,svm_C1p0,44,4,138,ok,,0.18840579710144928,0.17755909991432856,0.22975399837354296,0.20908008658008656
foundation_backbone,mae_flatten,logreg_C0p1,44,4,138,ok,,0.21739130434782608,0.1982142857142857,0.2544188861985472,0.2359090909090909
foundation_backbone,mae_flatten,xgboost_depth2,44,4,138,ok,,0.2028985507246377,0.08433734939759036,0.050724637681159424,0.25
foundation_backbone,mae_flatten,svm_C1p0,45,4,138,ok,,0.2463768115942029,0.2290046731223202,0.25529036181210096,0.27830086580086577
foundation_backbone,mae_flatten,logreg_C0p1,45,4,138,ok,,0.2463768115942029,0.22796608562682436,0.2625955566172958,0.27830086580086577
foundation_backbone,mae_flatten,xgboost_depth2,45,4,138,ok,,0.18115942028985507,0.07668711656441718,0.04528985507246377,0.25
foundation_backbone,mae_flatten,svm_C1p0,46,4,138,ok,,0.2536231884057971,0.19562406015037595,0.2381578947368421,0.2696753246753247
foundation_backbone,mae_flatten,logreg_C0p1,46,4,138,ok,,0.2753623188405797,0.22936648822406186,0.2756583694083694,0.28829004329004326
foundation_backbone,mae_flatten,xgboost_depth2,46,4,138,ok,,0.18115942028985507,0.07668711656441718,0.04528985507246377,0.25
foundation_backbone,mae_flatten,svm_C1p0,47,4,138,ok,,0.32608695652173914,0.269281957650085,0.27062908496732024,0.2822294372294372
foundation_backbone,mae_flatten,logreg_C0p1,47,4,138,ok,,0.3333333333333333,0.2672423578480545,0.2661000326904217,0.2781277056277056
foundation_backbone,mae_flatten,xgboost_depth2,47,4,138,ok,,0.39855072463768115,0.14248704663212436,0.09963768115942029,0.25
foundation_backbone,mae_flatten,svm_C1p0,48,4,138,ok,,0.26811594202898553,0.2631996696876907,0.29398618622756556,0.27292207792207795
foundation_backbone,mae_flatten,logreg_C0p1,48,4,138,ok,,0.26811594202898553,0.2673794911136683,0.30625,0.2783766233766234
foundation_backbone,mae_flatten,xgboost_depth2,48,4,138,ok,,0.18115942028985507,0.07668711656441718,0.04528985507246377,0.25
foundation_backbone,mae_flatten,svm_C1p0,49,4,138,ok,,0.2463768115942029,0.20980339360958375,0.2689814814814815,0.28920995670995675
foundation_backbone,mae_flatten,logreg_C0p1,49,4,138,ok,,0.2391304347826087,0.20641679748822606,0.18333333333333335,0.28857142857142853
foundation_backbone,mae_flatten,xgboost_depth2,49,4,138,ok,,0.39855072463768115,0.14248704663212436,0.09963768115942029,0.25
foundation_backbone,mae_flatten,svm_C1p0,50,4,138,ok,,0.21014492753623187,0.19228960081362825,0.20476190476190476,0.2366341991341991
foundation_backbone,mae_flatten,logreg_C0p1,50,4,138,ok,,0.21739130434782608,0.20145161775405696,0.21685841040679749,0.24994588744588747
foundation_backbone,mae_flatten,xgboost_depth2,50,4,138,ok,,0.18115942028985507,0.07668711656441718,0.04528985507246377,0.25
foundation_backbone,mae_flatten,svm_C1p0,51,4,138,ok,,0.2826086956521739,0.2562973909396184,0.30551201671891326,0.278008658008658
foundation_backbone,mae_flatten,logreg_C0p1,51,4,138,ok,,0.32608695652173914,0.2764250739006956,0.30889166827550096,0.29937229437229435
foundation_backbone,mae_flatten,xgboost_depth2,51,4,138,ok,,0.21739130434782608,0.08928571428571429,0.05434782608695652,0.25
foundation_backbone,mae_flatten,svm_C1p0,52,4,138,ok,,0.34782608695652173,0.29476895679393683,0.29586391869000567,0.3228463203463204
foundation_backbone,mae_flatten,logreg_C0p1,52,4,138,ok,,0.38405797101449274,0.3232015274698201,0.32487634316902614,0.3493614718614719
foundation_backbone,mae_flatten,xgboost_depth2,52,4,138,ok,,0.39855072463768115,0.14248704663212436,0.09963768115942029,0.25
foundation_backbone,mae_flatten,svm_C1p0,53,4,138,ok,,0.2318840579710145,0.20936346182247823,0.33740880072959417,0.2816341991341992
foundation_backbone,mae_flatten,logreg_C0p1,53,4,138,ok,,0.2246376811594203,0.21422621666441047,0.3470830057651992,0.25193722943722946
foundation_backbone,mae_flatten,xgboost_depth2,53,4,138,ok,,0.21739130434782608,0.08928571428571429,0.05434782608695652,0.25
foundation_backbone,mae_flatten,svm_C1p0,54,4,138,ok,,0.30434782608695654,0.21569417684525596,0.29042207792207797,0.23922077922077922
foundation_backbone,mae_flatten,logreg_C0p1,54,4,138,ok,,0.3115942028985507,0.2189686540303203,0.27064855875831484,0.24376623376623374
foundation_backbone,mae_flatten,xgboost_depth2,54,4,138,ok,,0.39855072463768115,0.14248704663212436,0.09963768115942029,0.25
foundation_backbone,mae_flatten,svm_C1p0,55,4,138,ok,,0.2246376811594203,0.21805254181988631,0.2914620926343626,0.25286796536796535
foundation_backbone,mae_flatten,logreg_C0p1,55,4,138,ok,,0.2246376811594203,0.2186418341405882,0.28125346068660023,0.25286796536796535
foundation_backbone,mae_flatten,xgboost_depth2,55,4,138,ok,,0.18115942028985507,0.07668711656441718,0.04528985507246377,0.25
foundation_backbone,mae_flatten,svm_C1p0,56,4,138,ok,,0.18840579710144928,0.17475910098032407,0.18501074402363685,0.23692640692640693
foundation_backbone,mae_flatten,logreg_C0p1,56,4,138,ok,,0.17391304347826086,0.15824915824915825,0.13541076041076042,0.22404761904761905
foundation_backbone,mae_flatten,xgboost_depth2,56,4,138,ok,,0.2028985507246377,0.08433734939759036,0.050724637681159424,0.25
foundation_backbone,mae_flatten,svm_C1p0,57,4,138,ok,,0.2318840579710145,0.16797542735042736,0.3507768361581921,0.27362554112554116
foundation_backbone,mae_flatten,logreg_C0p1,57,4,138,ok,,0.2536231884057971,0.2023121023121023,0.48329848117983715,0.2948376623376624
foundation_backbone,mae_flatten,xgboost_depth2,57,4,138,ok,,0.39855072463768115,0.14248704663212436,0.09963768115942029,0.25
foundation_backbone,mae_flatten,svm_C1p0,58,4,138,ok,,0.21739130434782608,0.16234955185659408,0.17338362068965515,0.17014069264069262
foundation_backbone,mae_flatten,logreg_C0p1,58,4,138,ok,,0.21739130434782608,0.16465659097238042,0.18102846907993966,0.17014069264069262
foundation_backbone,mae_flatten,xgboost_depth2,58,4,138,ok,,0.18115942028985507,0.07668711656441718,0.04528985507246377,0.25
foundation_backbone,mae_flatten,svm_C1p0,59,4,138,ok,,0.2971014492753623,0.22305630760473752,0.47852233676975947,0.29149350649350647
foundation_backbone,mae_flatten,logreg_C0p1,59,4,138,ok,,0.30434782608695654,0.23539157972011335,0.4951923076923077,0.3004220779220779
foundation_backbone,mae_flatten,xgboost_depth2,59,4,138,ok,,0.21739130434782608,0.08928571428571429,0.05434782608695652,0.25
foundation_backbone,mae_flatten,svm_C1p0,60,4,138,ok,,0.2463768115942029,0.17780315614617942,0.21955445544554453,0.23889610389610388
foundation_backbone,mae_flatten,logreg_C0p1,60,4,138,ok,,0.2536231884057971,0.1816141317559355,0.2177026035936927,0.24344155844155846
foundation_backbone,mae_flatten,xgboost_depth2,60,4,138,ok,,0.39855072463768115,0.14248704663212436,0.09963768115942029,0.25
foundation_backbone,mae_flatten,svm_C1p0,61,4,138,ok,,0.2753623188405797,0.2511766564325235,0.2895208604954368,0.29305194805194806
foundation_backbone,mae_flatten,logreg_C0p1,61,4,138,ok,,0.2463768115942029,0.23001390319938708,0.3073038073038073,0.27215367965367965
foundation_backbone,mae_flatten,xgboost_depth2,61,4,138,ok,,0.21739130434782608,0.08928571428571429,0.05434782608695652,0.25
foundation_backbone,mae_flatten,svm_C1p0,62,4,138,ok,,0.2608695652173913,0.2536090185650791,0.2588867805186591,0.27440476190476193
foundation_backbone,mae_flatten,logreg_C0p1,62,4,138,ok,,0.26811594202898553,0.250913449178047,0.25239938080495355,0.271969696969697
foundation_backbone,mae_flatten,xgboost_depth2,62,4,138,ok,,0.18115942028985507,0.07668711656441718,0.04528985507246377,0.25
foundation_backbone,mae_flatten,svm_C1p0,63,4,138,ok,,0.2826086956521739,0.25678936780637185,0.26674206492711694,0.279534632034632
foundation_backbone,mae_flatten,logreg_C0p1,63,4,138,ok,,0.26811594202898553,0.2562593434652326,0.27101247209942864,0.28028138528138524
foundation_backbone,mae_flatten,xgboost_depth2,63,4,138,ok,,0.21739130434782608,0.08928571428571429,0.05434782608695652,0.25
foundation_backbone,mae_flatten,svm_C1p0,64,4,138,ok,,0.34782608695652173,0.2354421407052986,0.21872844827586208,0.26282467532467535
foundation_backbone,mae_flatten,logreg_C0p1,64,4,138,ok,,0.34782608695652173,0.23930899608865713,0.21859913793103447,0.26720779220779217
foundation_backbone,mae_flatten,xgboost_depth2,64,4,138,ok,,0.2028985507246377,0.08433734939759036,0.050724637681159424,0.25
foundation_backbone,mae_flatten,svm_C1p0,65,4,138,ok,,0.427536231884058,0.34282842384475776,0.5716269841269841,0.3886255411255411
foundation_backbone,mae_flatten,logreg_C0p1,65,4,138,ok,,0.4492753623188406,0.35618368700265246,0.5763888888888888,0.40226190476190476
foundation_backbone,mae_flatten,xgboost_depth2,65,4,138,ok,,0.18115942028985507,0.07668711656441718,0.04528985507246377,0.25
foundation_backbone,mae_flatten,svm_C1p0,66,4,138,ok,,0.3333333333333333,0.24961484593837535,0.22683150183150186,0.2801948051948052
foundation_backbone,mae_flatten,logreg_C0p1,66,4,138,ok,,0.34782608695652173,0.25569408091105295,0.23073506095894153,0.2892857142857143
foundation_backbone,mae_flatten,xgboost_depth2,66,4,138,ok,,0.18115942028985507,0.07668711656441718,0.04528985507246377,0.25
foundation_backbone,mae_flatten,svm_C1p0,67,4,138,ok,,0.2608695652173913,0.22387084608588537,0.2580002761777006,0.2687770562770563
foundation_backbone,mae_flatten,logreg_C0p1,67,4,138,ok,,0.2536231884057971,0.2175628341082236,0.2521198830409357,0.26423160173160176
foundation_backbone,mae_flatten,xgboost_depth2,67,4,138,ok,,0.21739130434782608,0.08928571428571429,0.05434782608695652,0.25
foundation_backbone,mae_flatten,svm_C1p0,68,4,138,ok,,0.2028985507246377,0.16374866945058544,0.23150525800929325,0.25516233766233765
foundation_backbone,mae_flatten,logreg_C0p1,68,4,138,ok,,0.2028985507246377,0.16165153349475384,0.2286904761904762,0.25516233766233765
foundation_backbone,mae_flatten,xgboost_depth2,68,4,138,ok,,0.2028985507246377,0.08433734939759036,0.050724637681159424,0.25
foundation_backbone,mae_flatten,svm_C1p0,69,4,138,ok,,0.2826086956521739,0.275275193689516,0.2880274874177313,0.2873701298701299
foundation_backbone,mae_flatten,logreg_C0p1,69,4,138,ok,,0.2608695652173913,0.2552967376911039,0.26656976744186045,0.26994588744588743
foundation_backbone,mae_flatten,xgboost_depth2,69,4,138,ok,,0.39855072463768115,0.14248704663212436,0.09963768115942029,0.25
foundation_backbone,mae_flatten,svm_C1p0,70,4,138,ok,,0.32608695652173914,0.31467497556207236,0.3287316441728207,0.32160173160173156
foundation_backbone,mae_flatten,logreg_C0p1,70,4,138,ok,,0.3695652173913043,0.34975562072336264,0.3577722459301407,0.3581168831168831
foundation_backbone,mae_flatten,xgboost_depth2,70,4,138,ok,,0.2028985507246377,0.08433734939759036,0.050724637681159424,0.25
foundation_backbone,mae_flatten,svm_C1p0,71,4,138,ok,,0.2246376811594203,0.21959353656505082,0.23565379403794037,0.2229978354978355
foundation_backbone,mae_flatten,logreg_C0p1,71,4,138,ok,,0.2391304347826087,0.22602962391043746,0.24095138055222087,0.23149350649350647
foundation_backbone,mae_flatten,xgboost_depth2,71,4,138,ok,,0.39855072463768115,0.14248704663212436,0.09963768115942029,0.25
foundation_backbone,mae_flatten,svm_C1p0,72,4,138,ok,,0.3333333333333333,0.27842182327476445,0.34493839493839495,0.3251406926406927
foundation_backbone,mae_flatten,logreg_C0p1,72,4,138,ok,,0.35507246376811596,0.29536566134437214,0.4250653594771242,0.33711038961038964
foundation_backbone,mae_flatten,xgboost_depth2,72,4,138,ok,,0.39855072463768115,0.14248704663212436,0.09963768115942029,0.25
foundation_backbone,mae_flatten,svm_C1p0,73,4,138,ok,,0.3188405797101449,0.24198427325103528,0.285258104298802,0.25497835497835497
foundation_backbone,mae_flatten,logreg_C0p1,73,4,138,ok,,0.3333333333333333,0.24922416519055174,0.30819805194805194,0.26406926406926406
foundation_backbone,mae_flatten,xgboost_depth2,73,4,138,ok,,0.39855072463768115,0.14248704663212436,0.09963768115942029,0.25
foundation_backbone,mae_flatten,svm_C1p0,74,4,138,ok,,0.26811594202898553,0.234919425087108,0.272370059134765,0.2617316017316017
foundation_backbone,mae_flatten,logreg_C0p1,74,4,138,ok,,0.26811594202898553,0.23450925313945803,0.2518278497839814,0.25415584415584414
foundation_backbone,mae_flatten,xgboost_depth2,74,4,138,ok,,0.18115942028985507,0.07668711656441718,0.04528985507246377,0.25
foundation_backbone,mae_flatten,svm_C1p0,75,4,138,ok,,0.2826086956521739,0.25546042937347285,0.3014588231452455,0.26291125541125543
foundation_backbone,mae_flatten,logreg_C0p1,75,4,138,ok,,0.2971014492753623,0.276998001998002,0.3379994526546251,0.28124458874458874
foundation_backbone,mae_flatten,xgboost_depth2,75,4,138,ok,,0.21739130434782608,0.08928571428571429,0.05434782608695652,0.25
foundation_backbone,mae_flatten,svm_C1p0,76,4,138,ok,,0.21739130434782608,0.2082606479158203,0.22550338915470494,0.211017316017316
foundation_backbone,mae_flatten,logreg_C0p1,76,4,138,ok,,0.26811594202898553,0.2549748246676948,0.27955697329098866,0.2516017316017316
foundation_backbone,mae_flatten,xgboost_depth2,76,4,138,ok,,0.39855072463768115,0.14248704663212436,0.09963768115942029,0.25
foundation_backbone,mae_flatten,svm_C1p0,77,4,138,ok,,0.3115942028985507,0.17836865385884992,0.18452552120776422,0.22711038961038962
foundation_backbone,mae_flatten,logreg_C0p1,77,4,138,ok,,0.3115942028985507,0.17836865385884992,0.18452552120776422,0.22711038961038962
foundation_backbone,mae_flatten,xgboost_depth2,77,4,138,ok,,0.39855072463768115,0.14248704663212436,0.09963768115942029,0.25
foundation_backbone,mae_flatten,svm_C1p0,78,4,138,ok,,0.3333333333333333,0.29659759358288773,0.3077012383900929,0.29534632034632036
foundation_backbone,mae_flatten,logreg_C0p1,78,4,138,ok,,0.3333333333333333,0.30175558977105366,0.31497778537252225,0.303517316017316
foundation_backbone,mae_flatten,xgboost_depth2,78,4,138,ok,,0.39855072463768115,0.14248704663212436,0.09963768115942029,0.25
foundation_backbone,mae_flatten,svm_C1p0,79,4,138,ok,,0.2246376811594203,0.22312767659517424,0.25426861604857,0.2421969696969697
foundation_backbone,mae_flatten,logreg_C0p1,79,4,138,ok,,0.2318840579710145,0.23021502836180374,0.27157738095238093,0.2511255411255411
foundation_backbone,mae_flatten,xgboost_depth2,79,4,138,ok,,0.39855072463768115,0.14248704663212436,0.09963768115942029,0.25
foundation_backbone,mae_flatten,svm_C1p0,80,4,138,ok,,0.2246376811594203,0.20393523334026767,0.2895463253221874,0.27082251082251085
foundation_backbone,mae_flatten,logreg_C0p1,80,4,138,ok,,0.2391304347826087,0.22285382428403022,0.29670385395537524,0.27884199134199134
foundation_backbone,mae_flatten,xgboost_depth2,80,4,138,ok,,0.18115942028985507,0.07668711656441718,0.04528985507246377,0.25
foundation_backbone,mae_flatten,svm_C1p0,81,4,138,ok,,0.34782608695652173,0.31864101567560565,0.3336733772682134,0.32857142857142857
foundation_backbone,mae_flatten,logreg_C0p1,81,4,138,ok,,0.3695652173913043,0.33573924731182797,0.35111816101518617,0.34978354978354975
foundation_backbone,mae_flatten,xgboost_depth2,81,4,138,ok,,0.18115942028985507,0.07668711656441718,0.04528985507246377,0.25
foundation_backbone,mae_flatten,svm_C1p0,82,4,138,ok,,0.26811594202898553,0.21876381015602392,0.29093214917957183,0.2852922077922078
foundation_backbone,mae_flatten,logreg_C0p1,82,4,138,ok,,0.2608695652173913,0.2254909873553941,0.2819118381618382,0.2737662337662337
foundation_backbone,mae_flatten,xgboost_depth2,82,4,138,ok,,0.18115942028985507,0.07668711656441718,0.04528985507246377,0.25
foundation_backbone,mae_flatten,svm_C1p0,83,4,138,ok,,0.2898550724637681,0.24972655055582574,0.26600141709966935,0.28625541125541126
foundation_backbone,mae_flatten,logreg_C0p1,83,4,138,ok,,0.2898550724637681,0.24821414886193585,0.2631278538812785,0.28625541125541126
foundation_backbone,mae_flatten,xgboost_depth2,83,4,138,ok,,0.2028985507246377,0.08433734939759036,0.050724637681159424,0.25
foundation_backbone,mae_flatten,svm_C1p0,84,4,138,ok,,0.3333333333333333,0.2797357369884165,0.2815077419856831,0.28007575757575753
foundation_backbone,mae_flatten,logreg_C0p1,84,4,138,ok,,0.37681159420289856,0.31832755129676676,0.31625180375180373,0.32097402597402597
foundation_backbone,mae_flatten,xgboost_depth2,84,4,138,ok,,0.39855072463768115,0.14248704663212436,0.09963768115942029,0.25
foundation_backbone,mae_flatten,svm_C1p0,85,4,138,ok,,0.26811594202898553,0.24573272186763398,0.2837690631808279,0.2671861471861472
foundation_backbone,mae_flatten,logreg_C0p1,85,4,138,ok,,0.30434782608695654,0.28629972075023635,0.3066627285163537,0.29205627705627707
foundation_backbone,mae_flatten,xgboost_depth2,85,4,138,ok,,0.21739130434782608,0.08928571428571429,0.05434782608695652,0.25
foundation_backbone,mae_flatten,svm_C1p0,86,4,138,ok,,0.2391304347826087,0.21176046176046176,0.219669698117974,0.24242424242424243
foundation_backbone,mae_flatten,logreg_C0p1,86,4,138,ok,,0.2608695652173913,0.2352771990216505,0.252639751552795,0.26423160173160176
foundation_backbone,mae_flatten,xgboost_depth2,86,4,138,ok,,0.18115942028985507,0.07668711656441718,0.04528985507246377,0.25
foundation_backbone,mae_flatten,svm_C1p0,87,4,138,ok,,0.41304347826086957,0.34460022564350185,0.36689814814814814,0.37438311688311693
foundation_backbone,mae_flatten,logreg_C0p1,87,4,138,ok,,0.39855072463768115,0.33448695267580714,0.36832632071061244,0.35119047619047616
foundation_backbone,mae_flatten,xgboost_depth2,87,4,138,ok,,0.39855072463768115,0.14248704663212436,0.09963768115942029,0.25
foundation_backbone,mae_flatten,svm_C1p0,88,4,138,ok,,0.2391304347826087,0.20777591973244144,0.21633750274303268,0.23952380952380953
foundation_backbone,mae_flatten,logreg_C0p1,88,4,138,ok,,0.2463768115942029,0.2200704853852897,0.22954898139627206,0.24466450216450214
foundation_backbone,mae_flatten,xgboost_depth2,88,4,138,ok,,0.18115942028985507,0.07668711656441718,0.04528985507246377,0.25
foundation_backbone,mae_flatten,svm_C1p0,89,4,138,ok,,0.35507246376811596,0.25670866107338575,0.3170772014055596,0.27920995670995674
foundation_backbone,mae_flatten,logreg_C0p1,89,4,138,ok,,0.34782608695652173,0.24107142857142855,0.23379772167487686,0.2729978354978355
foundation_backbone,mae_flatten,xgboost_depth2,89,4,138,ok,,0.39855072463768115,0.14248704663212436,0.09963768115942029,0.25
foundation_backbone,mae_flatten,svm_C1p0,90,4,138,ok,,0.2463768115942029,0.23985968245510622,0.2643288084464555,0.24599567099567102
foundation_backbone,mae_flatten,logreg_C0p1,90,4,138,ok,,0.2246376811594203,0.2187421704572453,0.24991869918699186,0.220995670995671
foundation_backbone,mae_flatten,xgboost_depth2,90,4,138,ok,,0.39855072463768115,0.14248704663212436,0.09963768115942029,0.25
foundation_backbone,mae_flatten,svm_C1p0,91,4,138,ok,,0.2898550724637681,0.26460972122534016,0.29161414565826327,0.2779329004329004
foundation_backbone,mae_flatten,logreg_C0p1,91,4,138,ok,,0.2971014492753623,0.2791508164447214,0.307198551935394,0.2961038961038961
foundation_backbone,mae_flatten,xgboost_depth2,91,4,138,ok,,0.21739130434782608,0.08928571428571429,0.05434782608695652,0.25
foundation_backbone,mae_flatten,svm_C1p0,92,4,138,ok,,0.2318840579710145,0.20155154695272115,0.24704598253624932,0.26281385281385283
foundation_backbone,mae_flatten,logreg_C0p1,92,4,138,ok,,0.2391304347826087,0.21065053462313738,0.2523597175771089,0.27174242424242423
foundation_backbone,mae_flatten,xgboost_depth2,92,4,138,ok,,0.2028985507246377,0.08433734939759036,0.050724637681159424,0.25
foundation_backbone,mae_flatten,svm_C1p0,93,4,138,ok,,0.2028985507246377,0.19707312954588513,0.23128249488641994,0.2019264069264069
foundation_backbone,mae_flatten,logreg_C0p1,93,4,138,ok,,0.1956521739130435,0.19959573040171294,0.24922003284072247,0.21491341991341992
foundation_backbone,mae_flatten,xgboost_depth2,93,4,138,ok,,0.21739130434782608,0.08928571428571429,0.05434782608695652,0.25
foundation_backbone,mae_flatten,svm_C1p0,94,4,138,ok,,0.4057971014492754,0.34627987706076035,0.3482744107744108,0.35616883116883113
foundation_backbone,mae_flatten,logreg_C0p1,94,4,138,ok,,0.39855072463768115,0.3422967820480133,0.34365052615810954,0.3516233766233766
foundation_backbone,mae_flatten,xgboost_depth2,94,4,138,ok,,0.2028985507246377,0.08433734939759036,0.050724637681159424,0.25
foundation_backbone,mae_flatten,svm_C1p0,95,4,138,ok,,0.37681159420289856,0.261087897263394,0.36790293040293043,0.2858658008658009
foundation_backbone,mae_flatten,logreg_C0p1,95,4,138,ok,,0.391304347826087,0.2758750888034854,0.5090034364261169,0.29933982683982685
foundation_backbone,mae_flatten,xgboost_depth2,95,4,138,ok,,0.21739130434782608,0.08928571428571429,0.05434782608695652,0.25
foundation_backbone,mae_flatten,svm_C1p0,96,4,138,ok,,0.26811594202898553,0.2484527201193868,0.31818681318681313,0.2822077922077922
foundation_backbone,mae_flatten,logreg_C0p1,96,4,138,ok,,0.2898550724637681,0.2821531677294502,0.35208333333333336,0.3121861471861472
foundation_backbone,mae_flatten,xgboost_depth2,96,4,138,ok,,0.39855072463768115,0.14248704663212436,0.09963768115942029,0.25
foundation_backbone,mae_flatten,svm_C1p0,97,4,138,ok,,0.2608695652173913,0.22754851581071092,0.25597940720747736,0.2754329004329004
foundation_backbone,mae_flatten,logreg_C0p1,97,4,138,ok,,0.2826086956521739,0.26587725546058877,0.30883699633699635,0.29843073593073594
foundation_backbone,mae_flatten,xgboost_depth2,97,4,138,ok,,0.18115942028985507,0.07668711656441718,0.04528985507246377,0.25
foundation_backbone,mae_flatten,svm_C1p0,98,4,138,ok,,0.26811594202898553,0.23149774774774776,0.25814185814185814,0.24207792207792206
foundation_backbone,mae_flatten,logreg_C0p1,98,4,138,ok,,0.2753623188405797,0.22248028673835127,0.2579831932773109,0.23785714285714288
foundation_backbone,mae_flatten,xgboost_depth2,98,4,138,ok,,0.2028985507246377,0.08433734939759036,0.050724637681159424,0.25
foundation_backbone,mae_flatten,svm_C1p0,99,4,138,ok,,0.30434782608695654,0.2893775946919807,0.2955428192497158,0.29564935064935066
foundation_backbone,mae_flatten,logreg_C0p1,99,4,138,ok,,0.2898550724637681,0.2630996915633034,0.2677085961371345,0.27245670995670995
foundation_backbone,mae_flatten,xgboost_depth2,99,4,138,ok,,0.18115942028985507,0.07668711656441718,0.04528985507246377,0.25
foundation_backbone,mae_flatten,svm_C1p0,100,4,138,ok,,0.2608695652173913,0.2482406767387512,0.34902570480928685,0.28908008658008655
foundation_backbone,mae_flatten,logreg_C0p1,100,4,138,ok,,0.2753623188405797,0.2656631097560975,0.3866187630687144,0.308008658008658
foundation_backbone,mae_flatten,xgboost_depth2,100,4,138,ok,,0.39855072463768115,0.14248704663212436,0.09963768115942029,0.25
prototype_head,mae_embeddings,prototype_mahalanobis_support_anova,1,4,138,ok,,0.17391304347826086,0.13858258258258258,0.20820261437908497,0.19422077922077924
prototype_head,mae_embeddings,prototype_mahalanobis_support_anova,2,4,138,ok,,0.3115942028985507,0.2666170679064971,0.2727842127842128,0.29559523809523813
prototype_head,mae_embeddings,prototype_mahalanobis_support_anova,3,4,138,ok,,0.2463768115942029,0.23507912089700972,0.2669944789510007,0.2809199134199134
prototype_head,mae_embeddings,prototype_mahalanobis_support_anova,4,4,138,ok,,0.36231884057971014,0.2544557741385427,0.23756533024658882,0.2902597402597402
prototype_head,mae_embeddings,prototype_mahalanobis_support_anova,5,4,138,ok,,0.2971014492753623,0.23874458874458873,0.33337351106069196,0.274978354978355
prototype_head,mae_embeddings,prototype_mahalanobis_support_anova,6,4,138,ok,,0.3188405797101449,0.2939932259625354,0.3315958164642375,0.3118181818181818
prototype_head,mae_embeddings,prototype_mahalanobis_support_anova,7,4,138,ok,,0.1956521739130435,0.17926051743567584,0.22131544925662572,0.2271103896103896
prototype_head,mae_embeddings,prototype_mahalanobis_support_anova,8,4,138,ok,,0.2826086956521739,0.19598641782294313,0.1936728395061728,0.21753246753246752
prototype_head,mae_embeddings,prototype_mahalanobis_support_anova,9,4,138,ok,,0.2608695652173913,0.1798666243251826,0.22108395989974938,0.28344155844155844
prototype_head,mae_embeddings,prototype_mahalanobis_support_anova,10,4,138,ok,,0.18840579710144928,0.17151611346894352,0.20007507507507505,0.23287878787878788
prototype_head,mae_embeddings,prototype_mahalanobis_support_anova,11,4,138,ok,,0.2536231884057971,0.21659088038398383,0.47555297962906656,0.2617857142857143
prototype_head,mae_embeddings,prototype_mahalanobis_support_anova,12,4,138,ok,,0.2608695652173913,0.20526960784313725,0.2384368530020704,0.26147186147186147
prototype_head,mae_embeddings,prototype_mahalanobis_support_anova,13,4,138,ok,,0.2028985507246377,0.1804113886934084,0.20731552895130656,0.23905844155844155
prototype_head,mae_embeddings,prototype_mahalanobis_support_anova,14,4,138,ok,,0.26811594202898553,0.24781625024591777,0.2869301632459527,0.25987012987012986
prototype_head,mae_embeddings,prototype_mahalanobis_support_anova,15,4,138,ok,,0.2536231884057971,0.2376975610846579,0.25747647849462363,0.23431818181818181
prototype_head,mae_embeddings,prototype_mahalanobis_support_anova,16,4,138,ok,,0.2971014492753623,0.24373379429559205,0.2498618275607959,0.30833333333333335
prototype_head,mae_embeddings,prototype_mahalanobis_support_anova,17,4,138,ok,,0.3333333333333333,0.26797570185186687,0.26952441096889135,0.27436147186147186
prototype_head,mae_embeddings,prototype_mahalanobis_support_anova,18,4,138,ok,,0.2898550724637681,0.25312437829704815,0.3860294117647059,0.3198917748917749
prototype_head,mae_embeddings,prototype_mahalanobis_support_anova,19,4,138,ok,,0.37681159420289856,0.3027264812240597,0.31515372947598014,0.30887445887445886
prototype_head,mae_embeddings,prototype_mahalanobis_support_anova,20,4,138,ok,,0.32608695652173914,0.2706430243477103,0.2807742922179542,0.2765800865800866
prototype_head,mae_embeddings,prototype_mahalanobis_support_anova,21,4,138,ok,,0.2608695652173913,0.23131690284515724,0.2599789915966386,0.25706709956709956
prototype_head,mae_embeddings,prototype_mahalanobis_support_anova,22,4,138,ok,,0.2246376811594203,0.19814703235965167,0.2572860962566845,0.2626515151515152
prototype_head,mae_embeddings,prototype_mahalanobis_support_anova,23,4,138,ok,,0.2753623188405797,0.2554951690821256,0.27417896063459113,0.2726298701298701
prototype_head,mae_embeddings,prototype_mahalanobis_support_anova,24,4,138,ok,,0.2463768115942029,0.2084410998605914,0.2585227272727273,0.2500974025974026
prototype_head,mae_embeddings,prototype_mahalanobis_support_anova,25,4,138,ok,,0.2318840579710145,0.19827942289788947,0.2171042617960426,0.25072510822510824
prototype_head,mae_embeddings,prototype_mahalanobis_support_anova,26,4,138,ok,,0.2246376811594203,0.20059959412090275,0.17052313883299797,0.27142857142857146
prototype_head,mae_embeddings,prototype_mahalanobis_support_anova,27,4,138,ok,,0.30434782608695654,0.29011244469400377,0.313387203026053,0.30053030303030304
prototype_head,mae_embeddings,prototype_mahalanobis_support_anova,28,4,138,ok,,0.34782608695652173,0.303535396954633,0.3424694267085572,0.3320887445887446
prototype_head,mae_embeddings,prototype_mahalanobis_support_anova,29,4,138,ok,,0.3115942028985507,0.17391706775268417,0.14160839160839161,0.22575757575757577
prototype_head,mae_embeddings,prototype_mahalanobis_support_anova,30,4,138,ok,,0.2318840579710145,0.20601028519831133,0.25892182696530525,0.23557359307359307
prototype_head,mae_embeddings,prototype_mahalanobis_support_anova,31,4,138,ok,,0.2753623188405797,0.2244118668687634,0.22822477757260368,0.22282467532467531
prototype_head,mae_embeddings,prototype_mahalanobis_support_anova,32,4,138,ok,,0.26811594202898553,0.2004042480301473,0.3001965923984273,0.2804112554112554
prototype_head,mae_embeddings,prototype_mahalanobis_support_anova,33,4,138,ok,,0.2608695652173913,0.21264311523224938,0.2107843137254902,0.24303030303030304
prototype_head,mae_embeddings,prototype_mahalanobis_support_anova,34,4,138,ok,,0.2391304347826087,0.19687481159944537,0.214726002341235,0.25443722943722946
prototype_head,mae_embeddings,prototype_mahalanobis_support_anova,35,4,138,ok,,0.32608695652173914,0.251984126984127,0.3006968896713615,0.26128787878787874
prototype_head,mae_embeddings,prototype_mahalanobis_support_anova,36,4,138,ok,,0.3333333333333333,0.20809822273280174,0.19270833333333331,0.2477272727272727
prototype_head,mae_embeddings,prototype_mahalanobis_support_anova,37,4,138,ok,,0.1956521739130435,0.1751468119571257,0.22909765636088505,0.23356060606060608
prototype_head,mae_embeddings,prototype_mahalanobis_support_anova,38,4,138,ok,,0.2246376811594203,0.218415684350093,0.2923788740533471,0.26470779220779217
prototype_head,mae_embeddings,prototype_mahalanobis_support_anova,39,4,138,ok,,0.21014492753623187,0.1803833681501563,0.23674242424242425,0.22771645021645023
prototype_head,mae_embeddings,prototype_mahalanobis_support_anova,40,4,138,ok,,0.2536231884057971,0.21326836581709147,0.28291494866197753,0.2627164502164502
prototype_head,mae_embeddings,prototype_mahalanobis_support_anova,41,4,138,ok,,0.2318840579710145,0.20059444770404225,0.24247734520539296,0.253452380952381
prototype_head,mae_embeddings,prototype_mahalanobis_support_anova,42,4,138,ok,,0.3115942028985507,0.21965761511216056,0.1952020202020202,0.2576948051948052
prototype_head,mae_embeddings,prototype_mahalanobis_support_anova,43,4,138,ok,,0.2898550724637681,0.22356961102903306,0.22836538461538464,0.23134199134199132
prototype_head,mae_embeddings,prototype_mahalanobis_support_anova,44,4,138,ok,,0.2028985507246377,0.18745263583857558,0.27527877527877526,0.23253246753246753
prototype_head,mae_embeddings,prototype_mahalanobis_support_anova,45,4,138,ok,,0.18115942028985507,0.1881914893617021,0.23383838383838385,0.2027056277056277
prototype_head,mae_embeddings,prototype_mahalanobis_support_anova,46,4,138,ok,,0.2753623188405797,0.21545784284076866,0.27686288511030777,0.2843831168831169
prototype_head,mae_embeddings,prototype_mahalanobis_support_anova,47,4,138,ok,,0.32608695652173914,0.25104887455831226,0.2708141722408027,0.2660064935064935
prototype_head,mae_embeddings,prototype_mahalanobis_support_anova,48,4,138,ok,,0.21014492753623187,0.21106094388703087,0.27861155698234347,0.24106060606060606
prototype_head,mae_embeddings,prototype_mahalanobis_support_anova,49,4,138,ok,,0.2608695652173913,0.22746166263115414,0.20722116803710733,0.3136904761904762
prototype_head,mae_embeddings,prototype_mahalanobis_support_anova,50,4,138,ok,,0.2318840579710145,0.2157631519333647,0.25073468604170357,0.25465367965367963
prototype_head,mae_embeddings,prototype_mahalanobis_support_anova,51,4,138,ok,,0.32608695652173914,0.28100062964801775,0.29800388424081803,0.3031601731601732
prototype_head,mae_embeddings,prototype_mahalanobis_support_anova,52,4,138,ok,,0.36231884057971014,0.3122904561544113,0.31303030303030305,0.33725108225108225
prototype_head,mae_embeddings,prototype_mahalanobis_support_anova,53,4,138,ok,,0.2028985507246377,0.15269005188360027,0.2345238095238095,0.25816017316017315
prototype_head,mae_embeddings,prototype_mahalanobis_support_anova,54,4,138,ok,,0.2608695652173913,0.17679527285366703,0.1951413085559427,0.2027056277056277
prototype_head,mae_embeddings,prototype_mahalanobis_support_anova,55,4,138,ok,,0.2318840579710145,0.2207128438910435,0.2983444357366771,0.2563419913419913
prototype_head,mae_embeddings,prototype_mahalanobis_support_anova,56,4,138,ok,,0.17391304347826086,0.15025663268994432,0.1287138787138787,0.22678571428571428
prototype_head,mae_embeddings,prototype_mahalanobis_support_anova,57,4,138,ok,,0.18840579710144928,0.14270006283201006,0.1734775641025641,0.23409090909090907
prototype_head,mae_embeddings,prototype_mahalanobis_support_anova,58,4,138,ok,,0.3333333333333333,0.1922979797979798,0.20909090909090908,0.2346969696969697
prototype_head,mae_embeddings,prototype_mahalanobis_support_anova,59,4,138,ok,,0.2608695652173913,0.17948730374103508,0.21299533799533799,0.26331168831168833
prototype_head,mae_embeddings,prototype_mahalanobis_support_anova,60,4,138,ok,,0.21014492753623187,0.12819244604316546,0.13504504504504505,0.2194805194805195
prototype_head,mae_embeddings,prototype_mahalanobis_support_anova,61,4,138,ok,,0.2246376811594203,0.21754590479165525,0.2825140944326991,0.24277056277056275
prototype_head,mae_embeddings,prototype_mahalanobis_support_anova,62,4,138,ok,,0.2608695652173913,0.24827440961404734,0.26036556036556036,0.2624458874458874
prototype_head,mae_embeddings,prototype_mahalanobis_support_anova,63,4,138,ok,,0.34057971014492755,0.3049331284528519,0.33819444444444446,0.3140151515151515
prototype_head,mae_embeddings,prototype_mahalanobis_support_anova,64,4,138,ok,,0.34057971014492755,0.22544453997106909,0.3165116879762366,0.25117965367965367
prototype_head,mae_embeddings,prototype_mahalanobis_support_anova,65,4,138,ok,,0.2753623188405797,0.21176046176046176,0.236032196969697,0.2871212121212121
prototype_head,mae_embeddings,prototype_mahalanobis_support_anova,66,4,138,ok,,0.3333333333333333,0.2540223871757413,0.23701690821256038,0.288961038961039
prototype_head,mae_embeddings,prototype_mahalanobis_support_anova,67,4,138,ok,,0.26811594202898553,0.24276656314699793,0.2634686634686635,0.2613419913419913
prototype_head,mae_embeddings,prototype_mahalanobis_support_anova,68,4,138,ok,,0.13768115942028986,0.09033978174603174,0.06381578947368421,0.17392857142857143
prototype_head,mae_embeddings,prototype_mahalanobis_support_anova,69,4,138,ok,,0.2318840579710145,0.22150833849494164,0.24822040795671624,0.2613419913419913
prototype_head,mae_embeddings,prototype_mahalanobis_support_anova,70,4,138,ok,,0.36231884057971014,0.29626338497306237,0.2779017857142857,0.3234848484848485
prototype_head,mae_embeddings,prototype_mahalanobis_support_anova,71,4,138,ok,,0.1956521739130435,0.1952628766582255,0.2208152958152958,0.21050865800865798
prototype_head,mae_embeddings,prototype_mahalanobis_support_anova,72,4,138,ok,,0.30434782608695654,0.24739583333333331,0.24397360570244359,0.28500000000000003
prototype_head,mae_embeddings,prototype_mahalanobis_support_anova,73,4,138,ok,,0.3115942028985507,0.21211102987032537,0.1995608558108558,0.24166666666666667
prototype_head,mae_embeddings,prototype_mahalanobis_support_anova,74,4,138,ok,,0.2753623188405797,0.25214471802707095,0.2728458049886621,0.2691341991341991
prototype_head,mae_embeddings,prototype_mahalanobis_support_anova,75,4,138,ok,,0.21014492753623187,0.1848407784166298,0.2215163215163215,0.2169805194805195
prototype_head,mae_embeddings,prototype_mahalanobis_support_anova,76,4,138,ok,,0.2463768115942029,0.23823188543472582,0.2629224941724942,0.2573809523809524
prototype_head,mae_embeddings,prototype_mahalanobis_support_anova,77,4,138,ok,,0.3188405797101449,0.18100229863778716,0.2185662197130087,0.23165584415584414
prototype_head,mae_embeddings,prototype_mahalanobis_support_anova,78,4,138,ok,,0.32608695652173914,0.2903065000015636,0.30384805537244564,0.29504329004329005
prototype_head,mae_embeddings,prototype_mahalanobis_support_anova,79,4,138,ok,,0.2391304347826087,0.23820985097220942,0.28516483516483515,0.2671969696969697
prototype_head,mae_embeddings,prototype_mahalanobis_support_anova,80,4,138,ok,,0.21014492753623187,0.17300637958532697,0.2726122203341829,0.25677489177489177
prototype_head,mae_embeddings,prototype_mahalanobis_support_anova,81,4,138,ok,,0.32608695652173914,0.2627874325548744,0.28482142857142856,0.2789177489177489
prototype_head,mae_embeddings,prototype_mahalanobis_support_anova,82,4,138,ok,,0.2971014492753623,0.27422804188140315,0.33440973640034477,0.3020670995670996
prototype_head,mae_embeddings,prototype_mahalanobis_support_anova,83,4,138,ok,,0.2898550724637681,0.21789343729694605,0.2701417004048583,0.2820887445887446
prototype_head,mae_embeddings,prototype_mahalanobis_support_anova,84,4,138,ok,,0.3115942028985507,0.24514052126941677,0.25593803095008494,0.26820346320346317
prototype_head,mae_embeddings,prototype_mahalanobis_support_anova,85,4,138,ok,,0.30434782608695654,0.2814143554458983,0.3156459604809958,0.30827922077922076
prototype_head,mae_embeddings,prototype_mahalanobis_support_anova,86,4,138,ok,,0.2246376811594203,0.1953029509341715,0.21615412888997793,0.2131818181818182
prototype_head,mae_embeddings,prototype_mahalanobis_support_anova,87,4,138,ok,,0.3115942028985507,0.24548374563369016,0.2551593521421108,0.26786796536796537
prototype_head,mae_embeddings,prototype_mahalanobis_support_anova,88,4,138,ok,,0.26811594202898553,0.24855004117433022,0.25779149898734843,0.2719264069264069
prototype_head,mae_embeddings,prototype_mahalanobis_support_anova,89,4,138,ok,,0.30434782608695654,0.2244641537324464,0.2332604895104895,0.2722402597402597
prototype_head,mae_embeddings,prototype_mahalanobis_support_anova,90,4,138,ok,,0.15942028985507245,0.15466377674258108,0.2336321494793895,0.17129870129870128
prototype_head,mae_embeddings,prototype_mahalanobis_support_anova,91,4,138,ok,,0.18840579710144928,0.18688414179286947,0.21982714421738814,0.2082251082251082
prototype_head,mae_embeddings,prototype_mahalanobis_support_anova,92,4,138,ok,,0.2391304347826087,0.21444518952862165,0.2224646983311938,0.25976190476190475
prototype_head,mae_embeddings,prototype_mahalanobis_support_anova,93,4,138,ok,,0.18840579710144928,0.17986970735732877,0.21515625,0.23085497835497837
prototype_head,mae_embeddings,prototype_mahalanobis_support_anova,94,4,138,ok,,0.26811594202898553,0.24598903355724605,0.2615575396825397,0.2562987012987013
prototype_head,mae_embeddings,prototype_mahalanobis_support_anova,95,4,138,ok,,0.41304347826086957,0.24720208217140732,0.28879629629629633,0.2981601731601731
prototype_head,mae_embeddings,prototype_mahalanobis_support_anova,96,4,138,ok,,0.2826086956521739,0.27313759182749003,0.33958333333333335,0.3087121212121212
prototype_head,mae_embeddings,prototype_mahalanobis_support_anova,97,4,138,ok,,0.26811594202898553,0.2507979467627409,0.29256419617865403,0.2931277056277056
prototype_head,mae_embeddings,prototype_mahalanobis_support_anova,98,4,138,ok,,0.26811594202898553,0.207991518743623,0.2829396910279263,0.22892857142857145
prototype_head,mae_embeddings,prototype_mahalanobis_support_anova,99,4,138,ok,,0.2608695652173913,0.25331248778581195,0.2764542458440391,0.26623376623376627
prototype_head,mae_embeddings,prototype_mahalanobis_support_anova,100,4,138,ok,,0.26811594202898553,0.2601793896715248,0.3789762868710237,0.2839285714285714
direct_binned,bins1024_auc,svm_C1p0,1,4,138,ok,,0.2246376811594203,0.1947836618049384,0.20910138248847926,0.22456709956709958
direct_binned,bins1024_auc,logreg_C0p1,1,4,138,ok,,0.2608695652173913,0.24651873223301796,0.3276854928017719,0.25865800865800864
direct_binned,bins1024_auc,xgboost_depth2,1,4,138,ok,,0.2028985507246377,0.08433734939759036,0.050724637681159424,0.25
direct_binned,bins1024_auc,svm_C1p0,2,4,138,ok,,0.34782608695652173,0.3005172296838963,0.36507163722353597,0.356504329004329
direct_binned,bins1024_auc,logreg_C0p1,2,4,138,ok,,0.36231884057971014,0.2915059773227498,0.316149536737772,0.35363636363636364
direct_binned,bins1024_auc,xgboost_depth2,2,4,138,ok,,0.21739130434782608,0.08928571428571429,0.05434782608695652,0.25
direct_binned,bins1024_auc,svm_C1p0,3,4,138,ok,,0.2318840579710145,0.20606374274805372,0.22824840419777132,0.20162337662337665
direct_binned,bins1024_auc,logreg_C0p1,3,4,138,ok,,0.2753623188405797,0.22130006670914193,0.2507792860734037,0.2251082251082251
direct_binned,bins1024_auc,xgboost_depth2,3,4,138,ok,,0.18115942028985507,0.07668711656441718,0.04528985507246377,0.25
direct_binned,bins1024_auc,svm_C1p0,4,4,138,ok,,0.3115942028985507,0.22854198458291186,0.21742679195804196,0.26606060606060605
direct_binned,bins1024_auc,logreg_C0p1,4,4,138,ok,,0.34782608695652173,0.27570096330585425,0.28949673514890906,0.32432900432900436
direct_binned,bins1024_auc,xgboost_depth2,4,4,138,ok,,0.39855072463768115,0.14248704663212436,0.09963768115942029,0.25
direct_binned,bins1024_auc,svm_C1p0,5,4,138,ok,,0.2608695652173913,0.23115861452064107,0.28490286085222793,0.28069264069264066
direct_binned,bins1024_auc,logreg_C0p1,5,4,138,ok,,0.2608695652173913,0.23083051692461942,0.28231704074034675,0.2888636363636363
direct_binned,bins1024_auc,xgboost_depth2,5,4,138,ok,,0.18115942028985507,0.07668711656441718,0.04528985507246377,0.25
direct_binned,bins1024_auc,svm_C1p0,6,4,138,ok,,0.2318840579710145,0.18995341971366053,0.299836742949607,0.24721861471861473
direct_binned,bins1024_auc,logreg_C0p1,6,4,138,ok,,0.2318840579710145,0.19025112949598078,0.30549719887955185,0.24721861471861473
direct_binned,bins1024_auc,xgboost_depth2,6,4,138,ok,,0.21739130434782608,0.08928571428571429,0.05434782608695652,0.25
direct_binned,bins1024_auc,svm_C1p0,7,4,138,ok,,0.2971014492753623,0.2848825006130583,0.388003663003663,0.32505411255411254
direct_binned,bins1024_auc,logreg_C0p1,7,4,138,ok,,0.2971014492753623,0.2752897757570655,0.35001472179781,0.3146212121212121
direct_binned,bins1024_auc,xgboost_depth2,7,4,138,ok,,0.21739130434782608,0.08928571428571429,0.05434782608695652,0.25
direct_binned,bins1024_auc,svm_C1p0,8,4,138,ok,,0.09420289855072464,0.09166833868378813,0.08748911149825783,0.1072077922077922
direct_binned,bins1024_auc,logreg_C0p1,8,4,138,ok,,0.14492753623188406,0.1291611842105263,0.11691176470588235,0.1543181818181818
direct_binned,bins1024_auc,xgboost_depth2,8,4,138,ok,,0.2028985507246377,0.08433734939759036,0.050724637681159424,0.25
direct_binned,bins1024_auc,svm_C1p0,9,4,138,ok,,0.2246376811594203,0.19177841335333834,0.30076312576312575,0.26341991341991344
direct_binned,bins1024_auc,logreg_C0p1,9,4,138,ok,,0.2536231884057971,0.24275776246399117,0.37347568043770574,0.2883225108225108
direct_binned,bins1024_auc,xgboost_depth2,9,4,138,ok,,0.39855072463768115,0.14248704663212436,0.09963768115942029,0.25
direct_binned,bins1024_auc,svm_C1p0,10,4,138,ok,,0.4057971014492754,0.3030944643438065,0.3025568181818182,0.3316774891774892
direct_binned,bins1024_auc,logreg_C0p1,10,4,138,ok,,0.37681159420289856,0.2891916491997257,0.2955026455026455,0.3074458874458874
direct_binned,bins1024_auc,xgboost_depth2,10,4,138,ok,,0.39855072463768115,0.14248704663212436,0.09963768115942029,0.25
direct_binned,bins1024_auc,svm_C1p0,11,4,138,ok,,0.18840579710144928,0.18090349347286083,0.21316901408450703,0.1956926406926407
direct_binned,bins1024_auc,logreg_C0p1,11,4,138,ok,,0.21014492753623187,0.20288576435342415,0.26798101496896676,0.2250974025974026
direct_binned,bins1024_auc,xgboost_depth2,11,4,138,ok,,0.2028985507246377,0.08433734939759036,0.050724637681159424,0.25
direct_binned,bins1024_auc,svm_C1p0,12,4,138,ok,,0.15942028985507245,0.14008917370223442,0.12459893048128343,0.20273809523809525
direct_binned,bins1024_auc,logreg_C0p1,12,4,138,ok,,0.16666666666666666,0.14997106709802993,0.13769600070472165,0.21107142857142858
direct_binned,bins1024_auc,xgboost_depth2,12,4,138,ok,,0.21739130434782608,0.08928571428571429,0.05434782608695652,0.25
direct_binned,bins1024_auc,svm_C1p0,13,4,138,ok,,0.30434782608695654,0.30399404720195133,0.3641143822393822,0.3342857142857143
direct_binned,bins1024_auc,logreg_C0p1,13,4,138,ok,,0.26811594202898553,0.26623693929021797,0.34350649350649354,0.2891666666666667
direct_binned,bins1024_auc,xgboost_depth2,13,4,138,ok,,0.2028985507246377,0.08433734939759036,0.050724637681159424,0.25
direct_binned,bins1024_auc,svm_C1p0,14,4,138,ok,,0.36231884057971014,0.32617726638170486,0.36721982439049283,0.34845238095238096
direct_binned,bins1024_auc,logreg_C0p1,14,4,138,ok,,0.37681159420289856,0.32163916048355407,0.36509921981004073,0.34179653679653677
direct_binned,bins1024_auc,xgboost_depth2,14,4,138,ok,,0.39855072463768115,0.14248704663212436,0.09963768115942029,0.25
direct_binned,bins1024_auc,svm_C1p0,15,4,138,ok,,0.2246376811594203,0.20198204882022633,0.2638318607068607,0.1948160173160173
direct_binned,bins1024_auc,logreg_C0p1,15,4,138,ok,,0.21014492753623187,0.20761133206785382,0.2582051282051282,0.19875541125541124
direct_binned,bins1024_auc,xgboost_depth2,15,4,138,ok,,0.39855072463768115,0.14248704663212436,0.09963768115942029,0.25
direct_binned,bins1024_auc,svm_C1p0,16,4,138,ok,,0.2391304347826087,0.23827100640002935,0.25901188723850305,0.26856060606060606
direct_binned,bins1024_auc,logreg_C0p1,16,4,138,ok,,0.18840579710144928,0.18543379681071503,0.185415260908682,0.21566017316017316
direct_binned,bins1024_auc,xgboost_depth2,16,4,138,ok,,0.21739130434782608,0.08928571428571429,0.05434782608695652,0.25
direct_binned,bins1024_auc,svm_C1p0,17,4,138,ok,,0.2898550724637681,0.2699138729986258,0.29738677203299846,0.2823917748917749
direct_binned,bins1024_auc,logreg_C0p1,17,4,138,ok,,0.36231884057971014,0.3278960345546302,0.34409138655462185,0.3408766233766234
direct_binned,bins1024_auc,xgboost_depth2,17,4,138,ok,,0.39855072463768115,0.14248704663212436,0.09963768115942029,0.25
direct_binned,bins1024_auc,svm_C1p0,18,4,138,ok,,0.2608695652173913,0.21526422634693496,0.294775641025641,0.28405844155844157
direct_binned,bins1024_auc,logreg_C0p1,18,4,138,ok,,0.26811594202898553,0.2118728820290162,0.3056663199260287,0.2917965367965368
direct_binned,bins1024_auc,xgboost_depth2,18,4,138,ok,,0.39855072463768115,0.14248704663212436,0.09963768115942029,0.25
direct_binned,bins1024_auc,svm_C1p0,19,4,138,ok,,0.34782608695652173,0.26442760942760946,0.3633802816901409,0.3101082251082251
direct_binned,bins1024_auc,logreg_C0p1,19,4,138,ok,,0.4057971014492754,0.31333791891657925,0.40614269788182833,0.3563095238095238
direct_binned,bins1024_auc,xgboost_depth2,19,4,138,ok,,0.18115942028985507,0.07668711656441718,0.04528985507246377,0.25
direct_binned,bins1024_auc,svm_C1p0,20,4,138,ok,,0.41304347826086957,0.3704227401151827,0.3965038314176245,0.38314935064935063
direct_binned,bins1024_auc,logreg_C0p1,20,4,138,ok,,0.43478260869565216,0.3886555135329834,0.41523521645472866,0.4060281385281385
direct_binned,bins1024_auc,xgboost_depth2,20,4,138,ok,,0.18115942028985507,0.07668711656441718,0.04528985507246377,0.25
direct_binned,bins1024_auc,svm_C1p0,21,4,138,ok,,0.1956521739130435,0.19401321446934433,0.21856897128636257,0.20176406926406928
direct_binned,bins1024_auc,logreg_C0p1,21,4,138,ok,,0.1956521739130435,0.19837821875738249,0.22625998444899978,0.20116883116883116
direct_binned,bins1024_auc,xgboost_depth2,21,4,138,ok,,0.21739130434782608,0.08928571428571429,0.05434782608695652,0.25
direct_binned,bins1024_auc,svm_C1p0,22,4,138,ok,,0.2536231884057971,0.21328573960152908,0.3871212121212121,0.28771645021645026
direct_binned,bins1024_auc,logreg_C0p1,22,4,138,ok,,0.2971014492753623,0.25056563183858166,0.4135531135531135,0.3149891774891775
direct_binned,bins1024_auc,xgboost_depth2,22,4,138,ok,,0.39855072463768115,0.14248704663212436,0.09963768115942029,0.25
direct_binned,bins1024_auc,svm_C1p0,23,4,138,ok,,0.2536231884057971,0.2019685886402754,0.22864145658263307,0.24996753246753245
direct_binned,bins1024_auc,logreg_C0p1,23,4,138,ok,,0.34057971014492755,0.27725113568005977,0.27562111801242234,0.3011038961038961
direct_binned,bins1024_auc,xgboost_depth2,23,4,138,ok,,0.21739130434782608,0.08928571428571429,0.05434782608695652,0.25
direct_binned,bins1024_auc,svm_C1p0,24,4,138,ok,,0.35507246376811596,0.28556815342328834,0.2943466896607475,0.3155844155844156
direct_binned,bins1024_auc,logreg_C0p1,24,4,138,ok,,0.35507246376811596,0.2797804332044894,0.2695338629989086,0.30562770562770564
direct_binned,bins1024_auc,xgboost_depth2,24,4,138,ok,,0.39855072463768115,0.14248704663212436,0.09963768115942029,0.25
direct_binned,bins1024_auc,svm_C1p0,25,4,138,ok,,0.2536231884057971,0.25350092945029656,0.2794294990723562,0.26145021645021643
direct_binned,bins1024_auc,logreg_C0p1,25,4,138,ok,,0.2463768115942029,0.2484596863810347,0.26323529411764707,0.2537121212121212
direct_binned,bins1024_auc,xgboost_depth2,25,4,138,ok,,0.39855072463768115,0.14248704663212436,0.09963768115942029,0.25
direct_binned,bins1024_auc,svm_C1p0,26,4,138,ok,,0.2971014492753623,0.2755541207447268,0.2937091503267974,0.28517316017316013
direct_binned,bins1024_auc,logreg_C0p1,26,4,138,ok,,0.34782608695652173,0.24428571428571427,0.23002697033263408,0.28214285714285714
direct_binned,bins1024_auc,xgboost_depth2,26,4,138,ok,,0.2028985507246377,0.08433734939759036,0.050724637681159424,0.25
direct_binned,bins1024_auc,svm_C1p0,27,4,138,ok,,0.21014492753623187,0.19678571428571429,0.348015873015873,0.2198160173160173
direct_binned,bins1024_auc,logreg_C0p1,27,4,138,ok,,0.2318840579710145,0.21328785781124923,0.3076291079812207,0.22799783549783548
direct_binned,bins1024_auc,xgboost_depth2,27,4,138,ok,,0.39855072463768115,0.14248704663212436,0.09963768115942029,0.25
direct_binned,bins1024_auc,svm_C1p0,28,4,138,ok,,0.34782608695652173,0.2780008504872283,0.28770441545136327,0.3098160173160173
direct_binned,bins1024_auc,logreg_C0p1,28,4,138,ok,,0.43478260869565216,0.367257230367653,0.3677536231884058,0.40371212121212124
direct_binned,bins1024_auc,xgboost_depth2,28,4,138,ok,,0.39855072463768115,0.14248704663212436,0.09963768115942029,0.25
direct_binned,bins1024_auc,svm_C1p0,29,4,138,ok,,0.2898550724637681,0.26064344460570876,0.35749865807836817,0.29798701298701297
direct_binned,bins1024_auc,logreg_C0p1,29,4,138,ok,,0.3188405797101449,0.27871367410482617,0.4327687033676144,0.3172402597402598
direct_binned,bins1024_auc,xgboost_depth2,29,4,138,ok,,0.21739130434782608,0.08928571428571429,0.05434782608695652,0.25
direct_binned,bins1024_auc,svm_C1p0,30,4,138,ok,,0.21739130434782608,0.19474969474969475,0.23529797350051856,0.23796536796536796
direct_binned,bins1024_auc,logreg_C0p1,30,4,138,ok,,0.2536231884057971,0.2417430608607079,0.29558457051961823,0.27870129870129867
direct_binned,bins1024_auc,xgboost_depth2,30,4,138,ok,,0.18115942028985507,0.07668711656441718,0.04528985507246377,0.25
direct_binned,bins1024_auc,svm_C1p0,31,4,138,ok,,0.21014492753623187,0.2083453341013825,0.25893395819866405,0.25446969696969696
direct_binned,bins1024_auc,logreg_C0p1,31,4,138,ok,,0.21014492753623187,0.20489778434686012,0.28640905542544887,0.25187229437229436
direct_binned,bins1024_auc,xgboost_depth2,31,4,138,ok,,0.2028985507246377,0.08433734939759036,0.050724637681159424,0.25
direct_binned,bins1024_auc,svm_C1p0,32,4,138,ok,,0.2898550724637681,0.2677839737327689,0.3392226734618039,0.2948051948051948
direct_binned,bins1024_auc,logreg_C0p1,32,4,138,ok,,0.3188405797101449,0.30956974935633474,0.32772366093820116,0.3354978354978355
direct_binned,bins1024_auc,xgboost_depth2,32,4,138,ok,,0.21739130434782608,0.08928571428571429,0.05434782608695652,0.25
direct_binned,bins1024_auc,svm_C1p0,33,4,138,ok,,0.36231884057971014,0.33147957935925654,0.39015478473998294,0.3470887445887446
direct_binned,bins1024_auc,logreg_C0p1,33,4,138,ok,,0.3695652173913043,0.3261974781839849,0.39929157077100114,0.36528138528138526
direct_binned,bins1024_auc,xgboost_depth2,33,4,138,ok,,0.39855072463768115,0.14248704663212436,0.09963768115942029,0.25
direct_binned,bins1024_auc,svm_C1p0,34,4,138,ok,,0.2608695652173913,0.24444444444444444,0.3117857142857143,0.29853896103896105
direct_binned,bins1024_auc,logreg_C0p1,34,4,138,ok,,0.2536231884057971,0.23706348256202278,0.31068238471125886,0.28415584415584416
direct_binned,bins1024_auc,xgboost_depth2,34,4,138,ok,,0.2028985507246377,0.08433734939759036,0.050724637681159424,0.25
direct_binned,bins1024_auc,svm_C1p0,35,4,138,ok,,0.2463768115942029,0.21118140788812795,0.23834498834498835,0.2463095238095238
direct_binned,bins1024_auc,logreg_C0p1,35,4,138,ok,,0.26811594202898553,0.21669029057406092,0.23704013377926422,0.2582792207792208
direct_binned,bins1024_auc,xgboost_depth2,35,4,138,ok,,0.21739130434782608,0.08928571428571429,0.05434782608695652,0.25
direct_binned,bins1024_auc,svm_C1p0,36,4,138,ok,,0.2536231884057971,0.212476996687523,0.2401984126984127,0.24953463203463203
direct_binned,bins1024_auc,logreg_C0p1,36,4,138,ok,,0.2246376811594203,0.20034088206537537,0.20972167959665866,0.2459090909090909
direct_binned,bins1024_auc,xgboost_depth2,36,4,138,ok,,0.21739130434782608,0.08928571428571429,0.05434782608695652,0.25
direct_binned,bins1024_auc,svm_C1p0,37,4,138,ok,,0.1956521739130435,0.18890281258702307,0.279069432440219,0.23615800865800868
direct_binned,bins1024_auc,logreg_C0p1,37,4,138,ok,,0.2028985507246377,0.19646274777853723,0.26386554621848735,0.2254112554112554
direct_binned,bins1024_auc,xgboost_depth2,37,4,138,ok,,0.2028985507246377,0.08433734939759036,0.050724637681159424,0.25
direct_binned,bins1024_auc,svm_C1p0,38,4,138,ok,,0.2608695652173913,0.24790909205675907,0.30795864720652855,0.31806277056277055
direct_binned,bins1024_auc,logreg_C0p1,38,4,138,ok,,0.2608695652173913,0.25050318922749826,0.2947224730515266,0.3092965367965368
direct_binned,bins1024_auc,xgboost_depth2,38,4,138,ok,,0.2028985507246377,0.08433734939759036,0.050724637681159424,0.25
direct_binned,bins1024_auc,svm_C1p0,39,4,138,ok,,0.18840579710144928,0.12318840579710144,0.18268015170670038,0.21636363636363637
direct_binned,bins1024_auc,logreg_C0p1,39,4,138,ok,,0.2463768115942029,0.20298194525334887,0.2597672064777328,0.28136363636363637
direct_binned,bins1024_auc,xgboost_depth2,39,4,138,ok,,0.18115942028985507,0.07668711656441718,0.04528985507246377,0.25
direct_binned,bins1024_auc,svm_C1p0,40,4,138,ok,,0.2318840579710145,0.1842831545610753,0.2287660256410256,0.2649242424242424
direct_binned,bins1024_auc,logreg_C0p1,40,4,138,ok,,0.2463768115942029,0.19310181327049628,0.18342059159061277,0.28208874458874456
direct_binned,bins1024_auc,xgboost_depth2,40,4,138,ok,,0.39855072463768115,0.14248704663212436,0.09963768115942029,0.25
direct_binned,bins1024_auc,svm_C1p0,41,4,138,ok,,0.15217391304347827,0.14026052630703795,0.19497937224933115,0.1552922077922078
direct_binned,bins1024_auc,logreg_C0p1,41,4,138,ok,,0.13043478260869565,0.11461714240352011,0.15073605639643375,0.1458982683982684
direct_binned,bins1024_auc,xgboost_depth2,41,4,138,ok,,0.21739130434782608,0.08928571428571429,0.05434782608695652,0.25
direct_binned,bins1024_auc,svm_C1p0,42,4,138,ok,,0.34782608695652173,0.2650862068965517,0.2387916045702931,0.30126623376623374
direct_binned,bins1024_auc,logreg_C0p1,42,4,138,ok,,0.36231884057971014,0.2745131701574533,0.24934961255889773,0.31035714285714283
direct_binned,bins1024_auc,xgboost_depth2,42,4,138,ok,,0.2028985507246377,0.08433734939759036,0.050724637681159424,0.25
direct_binned,bins1024_auc,svm_C1p0,43,4,138,ok,,0.3115942028985507,0.15978736710444028,0.1629236748216106,0.2084848484848485
direct_binned,bins1024_auc,logreg_C0p1,43,4,138,ok,,0.3188405797101449,0.1755630172296839,0.1970293724966622,0.21741341991341992
direct_binned,bins1024_auc,xgboost_depth2,43,4,138,ok,,0.18115942028985507,0.07668711656441718,0.04528985507246377,0.25
direct_binned,bins1024_auc,svm_C1p0,44,4,138,ok,,0.36231884057971014,0.3170585449033725,0.34798387096774197,0.3429653679653679
direct_binned,bins1024_auc,logreg_C0p1,44,4,138,ok,,0.3695652173913043,0.3205512340343801,0.3594079939668175,0.34751082251082244
direct_binned,bins1024_auc,xgboost_depth2,44,4,138,ok,,0.2028985507246377,0.08433734939759036,0.050724637681159424,0.25
direct_binned,bins1024_auc,svm_C1p0,45,4,138,ok,,0.18115942028985507,0.1829558756350137,0.24790824641460235,0.19027056277056273
direct_binned,bins1024_auc,logreg_C0p1,45,4,138,ok,,0.2463768115942029,0.24198599503477553,0.2853596094308169,0.2643398268398268
direct_binned,bins1024_auc,xgboost_depth2,45,4,138,ok,,0.18115942028985507,0.07668711656441718,0.04528985507246377,0.25
direct_binned,bins1024_auc,svm_C1p0,46,4,138,ok,,0.2246376811594203,0.17750026971625849,0.21706989247311825,0.2005844155844156
direct_binned,bins1024_auc,logreg_C0p1,46,4,138,ok,,0.2246376811594203,0.1681123296776338,0.173015873015873,0.19727272727272727
direct_binned,bins1024_auc,xgboost_depth2,46,4,138,ok,,0.18115942028985507,0.07668711656441718,0.04528985507246377,0.25
direct_binned,bins1024_auc,svm_C1p0,47,4,138,ok,,0.35507246376811596,0.2761201090514497,0.3989661654135338,0.35301948051948057
direct_binned,bins1024_auc,logreg_C0p1,47,4,138,ok,,0.35507246376811596,0.2661979203014865,0.3000816993464053,0.3540909090909091
direct_binned,bins1024_auc,xgboost_depth2,47,4,138,ok,,0.39855072463768115,0.14248704663212436,0.09963768115942029,0.25
direct_binned,bins1024_auc,svm_C1p0,48,4,138,ok,,0.34057971014492755,0.29725124943207637,0.31559593677096737,0.3042965367965368
direct_binned,bins1024_auc,logreg_C0p1,48,4,138,ok,,0.36231884057971014,0.3087930105202006,0.3241967097230255,0.3212445887445887
direct_binned,bins1024_auc,xgboost_depth2,48,4,138,ok,,0.18115942028985507,0.07668711656441718,0.04528985507246377,0.25
direct_binned,bins1024_auc,svm_C1p0,49,4,138,ok,,0.2246376811594203,0.1861825828797625,0.15763746584699453,0.28285714285714286
direct_binned,bins1024_auc,logreg_C0p1,49,4,138,ok,,0.2318840579710145,0.19099413059427733,0.1607442876344086,0.29285714285714287
direct_binned,bins1024_auc,xgboost_depth2,49,4,138,ok,,0.39855072463768115,0.14248704663212436,0.09963768115942029,0.25
direct_binned,bins1024_auc,svm_C1p0,50,4,138,ok,,0.2971014492753623,0.2670324716977861,0.3063503352977037,0.28465367965367966
direct_binned,bins1024_auc,logreg_C0p1,50,4,138,ok,,0.2971014492753623,0.28441943613134113,0.3635008996851102,0.28643939393939394
direct_binned,bins1024_auc,xgboost_depth2,50,4,138,ok,,0.18115942028985507,0.07668711656441718,0.04528985507246377,0.25
direct_binned,bins1024_auc,svm_C1p0,51,4,138,ok,,0.3333333333333333,0.25852764606454576,0.31974145221698685,0.3355952380952381
direct_binned,bins1024_auc,logreg_C0p1,51,4,138,ok,,0.37681159420289856,0.27425320056899005,0.3137250830564784,0.35848484848484846
direct_binned,bins1024_auc,xgboost_depth2,51,4,138,ok,,0.21739130434782608,0.08928571428571429,0.05434782608695652,0.25
direct_binned,bins1024_auc,svm_C1p0,52,4,138,ok,,0.2753623188405797,0.2705600850762141,0.3082875878293972,0.295974025974026
direct_binned,bins1024_auc,logreg_C0p1,52,4,138,ok,,0.2898550724637681,0.2838827838827839,0.30434766383042244,0.3018506493506493
direct_binned,bins1024_auc,xgboost_depth2,52,4,138,ok,,0.39855072463768115,0.14248704663212436,0.09963768115942029,0.25
direct_binned,bins1024_auc,svm_C1p0,53,4,138,ok,,0.2608695652173913,0.22170728188352526,0.3171731411862991,0.2666558441558442
direct_binned,bins1024_auc,logreg_C0p1,53,4,138,ok,,0.26811594202898553,0.22602722523608598,0.29447115384615385,0.2657467532467533
direct_binned,bins1024_auc,xgboost_depth2,53,4,138,ok,,0.21739130434782608,0.08928571428571429,0.05434782608695652,0.25
direct_binned,bins1024_auc,svm_C1p0,54,4,138,ok,,0.2536231884057971,0.2536705326811819,0.26846675868415,0.26821428571428574
direct_binned,bins1024_auc,logreg_C0p1,54,4,138,ok,,0.2608695652173913,0.2603057401110425,0.271527199916788,0.3000324675324675
direct_binned,bins1024_auc,xgboost_depth2,54,4,138,ok,,0.39855072463768115,0.14248704663212436,0.09963768115942029,0.25
direct_binned,bins1024_auc,svm_C1p0,55,4,138,ok,,0.1956521739130435,0.1545142065142065,0.20075887743413517,0.21193722943722942
direct_binned,bins1024_auc,logreg_C0p1,55,4,138,ok,,0.21014492753623187,0.19141604010025062,0.2775587507730365,0.23134199134199132
direct_binned,bins1024_auc,xgboost_depth2,55,4,138,ok,,0.18115942028985507,0.07668711656441718,0.04528985507246377,0.25
direct_binned,bins1024_auc,svm_C1p0,56,4,138,ok,,0.17391304347826086,0.14732981044456456,0.19364436443644364,0.22585497835497836
direct_binned,bins1024_auc,logreg_C0p1,56,4,138,ok,,0.1956521739130435,0.18143877979943554,0.27824312714776633,0.2422077922077922
direct_binned,bins1024_auc,xgboost_depth2,56,4,138,ok,,0.2028985507246377,0.08433734939759036,0.050724637681159424,0.25
direct_binned,bins1024_auc,svm_C1p0,57,4,138,ok,,0.34057971014492755,0.28350441945875865,0.3743934041486878,0.33254329004329003
direct_binned,bins1024_auc,logreg_C0p1,57,4,138,ok,,0.41304347826086957,0.3447368421052632,0.446875,0.4019372294372294
direct_binned,bins1024_auc,xgboost_depth2,57,4,138,ok,,0.39855072463768115,0.14248704663212436,0.09963768115942029,0.25
direct_binned,bins1024_auc,svm_C1p0,58,4,138,ok,,0.13768115942028986,0.150094788252683,0.16152597402597405,0.1507034632034632
direct_binned,bins1024_auc,logreg_C0p1,58,4,138,ok,,0.08695652173913043,0.10400617427471648,0.10824592074592074,0.10692640692640693
direct_binned,bins1024_auc,xgboost_depth2,58,4,138,ok,,0.18115942028985507,0.07668711656441718,0.04528985507246377,0.25
direct_binned,bins1024_auc,svm_C1p0,59,4,138,ok,,0.2318840579710145,0.19214191742600834,0.22755681818181817,0.20574675324675326
direct_binned,bins1024_auc,logreg_C0p1,59,4,138,ok,,0.2463768115942029,0.19474747474747475,0.2613275613275613,0.20452380952380952
direct_binned,bins1024_auc,xgboost_depth2,59,4,138,ok,,0.21739130434782608,0.08928571428571429,0.05434782608695652,0.25
direct_binned,bins1024_auc,svm_C1p0,60,4,138,ok,,0.38405797101449274,0.3078681552365763,0.3180677816901408,0.35798701298701296
direct_binned,bins1024_auc,logreg_C0p1,60,4,138,ok,,0.38405797101449274,0.30060690943043883,0.31690809190809194,0.351461038961039
direct_binned,bins1024_auc,xgboost_depth2,60,4,138,ok,,0.39855072463768115,0.14248704663212436,0.09963768115942029,0.25
direct_binned,bins1024_auc,svm_C1p0,61,4,138,ok,,0.2391304347826087,0.2349393017155484,0.24287518037518036,0.27106060606060606
direct_binned,bins1024_auc,logreg_C0p1,61,4,138,ok,,0.2391304347826087,0.23752096636751951,0.26050685425685427,0.2541233766233766
direct_binned,bins1024_auc,xgboost_depth2,61,4,138,ok,,0.21739130434782608,0.08928571428571429,0.05434782608695652,0.25
direct_binned,bins1024_auc,svm_C1p0,62,4,138,ok,,0.2391304347826087,0.21263466925231633,0.2462912087912088,0.2719155844155844
direct_binned,bins1024_auc,logreg_C0p1,62,4,138,ok,,0.2608695652173913,0.2461458352967787,0.2696428571428572,0.2963203463203463
direct_binned,bins1024_auc,xgboost_depth2,62,4,138,ok,,0.18115942028985507,0.07668711656441718,0.04528985507246377,0.25
direct_binned,bins1024_auc,svm_C1p0,63,4,138,ok,,0.2028985507246377,0.1824067283245189,0.22582852951507262,0.23953463203463204
direct_binned,bins1024_auc,logreg_C0p1,63,4,138,ok,,0.21739130434782608,0.19379242081447964,0.2595112517580872,0.2786147186147186
direct_binned,bins1024_auc,xgboost_depth2,63,4,138,ok,,0.21739130434782608,0.08928571428571429,0.05434782608695652,0.25
direct_binned,bins1024_auc,svm_C1p0,64,4,138,ok,,0.36231884057971014,0.270980420620153,0.291331031837361,0.2877056277056277
direct_binned,bins1024_auc,logreg_C0p1,64,4,138,ok,,0.3695652173913043,0.2987928146317091,0.31056501547987614,0.3048051948051948
direct_binned,bins1024_auc,xgboost_depth2,64,4,138,ok,,0.2028985507246377,0.08433734939759036,0.050724637681159424,0.25
direct_binned,bins1024_auc,svm_C1p0,65,4,138,ok,,0.34782608695652173,0.27258512529646794,0.25615721997300944,0.30727272727272725
direct_binned,bins1024_auc,logreg_C0p1,65,4,138,ok,,0.3695652173913043,0.3066672071162655,0.3628299187892211,0.3366558441558442
direct_binned,bins1024_auc,xgboost_depth2,65,4,138,ok,,0.18115942028985507,0.07668711656441718,0.04528985507246377,0.25
direct_binned,bins1024_auc,svm_C1p0,66,4,138,ok,,0.4057971014492754,0.30098546568172874,0.28360329639102017,0.3684090909090909
direct_binned,bins1024_auc,logreg_C0p1,66,4,138,ok,,0.39855072463768115,0.29583082650647097,0.27998010798522305,0.3594805194805195
direct_binned,bins1024_auc,xgboost_depth2,66,4,138,ok,,0.18115942028985507,0.07668711656441718,0.04528985507246377,0.25
direct_binned,bins1024_auc,svm_C1p0,67,4,138,ok,,0.18840579710144928,0.1764131840972985,0.20425883605231432,0.19412337662337664
direct_binned,bins1024_auc,logreg_C0p1,67,4,138,ok,,0.2391304347826087,0.23985203151869816,0.3310961190708026,0.2553571428571429
direct_binned,bins1024_auc,xgboost_depth2,67,4,138,ok,,0.21739130434782608,0.08928571428571429,0.05434782608695652,0.25
direct_binned,bins1024_auc,svm_C1p0,68,4,138,ok,,0.17391304347826086,0.11028278217761925,0.3238911988911989,0.21311688311688312
direct_binned,bins1024_auc,logreg_C0p1,68,4,138,ok,,0.15942028985507245,0.10286796536796536,0.31705607476635517,0.19525974025974027
direct_binned,bins1024_auc,xgboost_depth2,68,4,138,ok,,0.2028985507246377,0.08433734939759036,0.050724637681159424,0.25
direct_binned,bins1024_auc,svm_C1p0,69,4,138,ok,,0.1956521739130435,0.19623088503049457,0.22445350985221674,0.19297619047619047
direct_binned,bins1024_auc,logreg_C0p1,69,4,138,ok,,0.21739130434782608,0.21670785326112668,0.2437282820578015,0.21904761904761905
direct_binned,bins1024_auc,xgboost_depth2,69,4,138,ok,,0.39855072463768115,0.14248704663212436,0.09963768115942029,0.25
direct_binned,bins1024_auc,svm_C1p0,70,4,138,ok,,0.36231884057971014,0.31522683776789906,0.35861928104575164,0.36299783549783554
direct_binned,bins1024_auc,logreg_C0p1,70,4,138,ok,,0.391304347826087,0.32070650514099563,0.3637214137214137,0.37846320346320345
direct_binned,bins1024_auc,xgboost_depth2,70,4,138,ok,,0.2028985507246377,0.08433734939759036,0.050724637681159424,0.25
direct_binned,bins1024_auc,svm_C1p0,71,4,138,ok,,0.2318840579710145,0.2073954865888344,0.24410696830051667,0.20148268398268396
direct_binned,bins1024_auc,logreg_C0p1,71,4,138,ok,,0.2536231884057971,0.20834934937003588,0.26756432246998285,0.20966450216450214
direct_binned,bins1024_auc,xgboost_depth2,71,4,138,ok,,0.39855072463768115,0.14248704663212436,0.09963768115942029,0.25
direct_binned,bins1024_auc,svm_C1p0,72,4,138,ok,,0.3695652173913043,0.31098789455970016,0.33321953781512603,0.33481601731601734
direct_binned,bins1024_auc,logreg_C0p1,72,4,138,ok,,0.37681159420289856,0.32891717514970203,0.3797796730632551,0.3540584415584415
direct_binned,bins1024_auc,xgboost_depth2,72,4,138,ok,,0.39855072463768115,0.14248704663212436,0.09963768115942029,0.25
direct_binned,bins1024_auc,svm_C1p0,73,4,138,ok,,0.34782608695652173,0.25833763759460354,0.2998301985370951,0.2722077922077922
direct_binned,bins1024_auc,logreg_C0p1,73,4,138,ok,,0.39855072463768115,0.301844070961718,0.4599489795918367,0.3138636363636364
direct_binned,bins1024_auc,xgboost_depth2,73,4,138,ok,,0.39855072463768115,0.14248704663212436,0.09963768115942029,0.25
direct_binned,bins1024_auc,svm_C1p0,74,4,138,ok,,0.18115942028985507,0.18482399019289678,0.17600223533876064,0.21173160173160174
direct_binned,bins1024_auc,logreg_C0p1,74,4,138,ok,,0.18840579710144928,0.18735061350977772,0.19100297105616254,0.207987012987013
direct_binned,bins1024_auc,xgboost_depth2,74,4,138,ok,,0.18115942028985507,0.07668711656441718,0.04528985507246377,0.25
direct_binned,bins1024_auc,svm_C1p0,75,4,138,ok,,0.2898550724637681,0.26221322537112013,0.27861111111111114,0.26866883116883117
direct_binned,bins1024_auc,logreg_C0p1,75,4,138,ok,,0.26811594202898553,0.2517316017316017,0.2775721323011964,0.26155844155844155
direct_binned,bins1024_auc,xgboost_depth2,75,4,138,ok,,0.21739130434782608,0.08928571428571429,0.05434782608695652,0.25
direct_binned,bins1024_auc,svm_C1p0,76,4,138,ok,,0.34057971014492755,0.31466192344241123,0.3693452380952381,0.3120670995670996
direct_binned,bins1024_auc,logreg_C0p1,76,4,138,ok,,0.3333333333333333,0.29675889328063243,0.34769948519948524,0.2938961038961039
direct_binned,bins1024_auc,xgboost_depth2,76,4,138,ok,,0.39855072463768115,0.14248704663212436,0.09963768115942029,0.25
direct_binned,bins1024_auc,svm_C1p0,77,4,138,ok,,0.2753623188405797,0.16398975662779344,0.16830065359477125,0.19785714285714284
direct_binned,bins1024_auc,logreg_C0p1,77,4,138,ok,,0.18840579710144928,0.1278799291094373,0.13410312805474095,0.1433116883116883
direct_binned,bins1024_auc,xgboost_depth2,77,4,138,ok,,0.39855072463768115,0.14248704663212436,0.09963768115942029,0.25
direct_binned,bins1024_auc,svm_C1p0,78,4,138,ok,,0.3333333333333333,0.2561748867041416,0.28129307968017647,0.2742207792207792
direct_binned,bins1024_auc,logreg_C0p1,78,4,138,ok,,0.3333333333333333,0.2750564719672271,0.3396312979646313,0.29754329004329005
direct_binned,bins1024_auc,xgboost_depth2,78,4,138,ok,,0.39855072463768115,0.14248704663212436,0.09963768115942029,0.25
direct_binned,bins1024_auc,svm_C1p0,79,4,138,ok,,0.2608695652173913,0.2376132625045694,0.28848088531187127,0.293008658008658
direct_binned,bins1024_auc,logreg_C0p1,79,4,138,ok,,0.26811594202898553,0.2457083457083457,0.3116929429429429,0.2975541125541125
direct_binned,bins1024_auc,xgboost_depth2,79,4,138,ok,,0.39855072463768115,0.14248704663212436,0.09963768115942029,0.25
direct_binned,bins1024_auc,svm_C1p0,80,4,138,ok,,0.26811594202898553,0.2656465718965719,0.3050607287449393,0.29474025974025975
direct_binned,bins1024_auc,logreg_C0p1,80,4,138,ok,,0.2391304347826087,0.2347266237570086,0.27517679858561134,0.25047619047619046
direct_binned,bins1024_auc,xgboost_depth2,80,4,138,ok,,0.18115942028985507,0.07668711656441718,0.04528985507246377,0.25
direct_binned,bins1024_auc,svm_C1p0,81,4,138,ok,,0.3188405797101449,0.3091069302551023,0.38709935897435893,0.3329004329004329
direct_binned,bins1024_auc,logreg_C0p1,81,4,138,ok,,0.3333333333333333,0.3218730414540245,0.40012626262626266,0.34139610389610386
direct_binned,bins1024_auc,xgboost_depth2,81,4,138,ok,,0.18115942028985507,0.07668711656441718,0.04528985507246377,0.25
direct_binned,bins1024_auc,svm_C1p0,82,4,138,ok,,0.30434782608695654,0.2614279321036985,0.2781084656084656,0.2713311688311688
direct_binned,bins1024_auc,logreg_C0p1,82,4,138,ok,,0.34057971014492755,0.2831578947368421,0.297119942853432,0.3033982683982684
direct_binned,bins1024_auc,xgboost_depth2,82,4,138,ok,,0.18115942028985507,0.07668711656441718,0.04528985507246377,0.25
direct_binned,bins1024_auc,svm_C1p0,83,4,138,ok,,0.2028985507246377,0.17394360123273694,0.17417859917859918,0.23278138528138526
direct_binned,bins1024_auc,logreg_C0p1,83,4,138,ok,,0.18840579710144928,0.16637673589176422,0.16889003558256474,0.2173051948051948
direct_binned,bins1024_auc,xgboost_depth2,83,4,138,ok,,0.2028985507246377,0.08433734939759036,0.050724637681159424,0.25
direct_binned,bins1024_auc,svm_C1p0,84,4,138,ok,,0.36231884057971014,0.3312991709465828,0.3551845760233918,0.33365800865800865
direct_binned,bins1024_auc,logreg_C0p1,84,4,138,ok,,0.34782608695652173,0.3152994640507701,0.33000972936765477,0.3108225108225108
direct_binned,bins1024_auc,xgboost_depth2,84,4,138,ok,,0.39855072463768115,0.14248704663212436,0.09963768115942029,0.25
direct_binned,bins1024_auc,svm_C1p0,85,4,138,ok,,0.2318840579710145,0.2178362573099415,0.25703549324238983,0.2638961038961039
direct_binned,bins1024_auc,logreg_C0p1,85,4,138,ok,,0.1956521739130435,0.1913609789225553,0.1893559656717551,0.21405844155844153
direct_binned,bins1024_auc,xgboost_depth2,85,4,138,ok,,0.21739130434782608,0.08928571428571429,0.05434782608695652,0.25
direct_binned,bins1024_auc,svm_C1p0,86,4,138,ok,,0.2536231884057971,0.2184055956445008,0.2574109147025813,0.2974134199134199
direct_binned,bins1024_auc,logreg_C0p1,86,4,138,ok,,0.2608695652173913,0.22855336031380907,0.2715277777777778,0.2986255411255411
direct_binned,bins1024_auc,xgboost_depth2,86,4,138,ok,,0.18115942028985507,0.07668711656441718,0.04528985507246377,0.25
direct_binned,bins1024_auc,svm_C1p0,87,4,138,ok,,0.3333333333333333,0.3012812774363477,0.3124860014253094,0.3188311688311688
direct_binned,bins1024_auc,logreg_C0p1,87,4,138,ok,,0.3695652173913043,0.33208803392894687,0.34450638845482123,0.34046536796536797
direct_binned,bins1024_auc,xgboost_depth2,87,4,138,ok,,0.39855072463768115,0.14248704663212436,0.09963768115942029,0.25
direct_binned,bins1024_auc,svm_C1p0,88,4,138,ok,,0.21739130434782608,0.22370772963107458,0.2378472222222222,0.22343073593073592
direct_binned,bins1024_auc,logreg_C0p1,88,4,138,ok,,0.2608695652173913,0.2385132382045269,0.25929633867276886,0.23235930735930735
direct_binned,bins1024_auc,xgboost_depth2,88,4,138,ok,,0.18115942028985507,0.07668711656441718,0.04528985507246377,0.25
direct_binned,bins1024_auc,svm_C1p0,89,4,138,ok,,0.26811594202898553,0.25490159875322477,0.2934768492377188,0.2910714285714286
direct_binned,bins1024_auc,logreg_C0p1,89,4,138,ok,,0.2463768115942029,0.23642676767676768,0.2805243161094225,0.2539502164502164
direct_binned,bins1024_auc,xgboost_depth2,89,4,138,ok,,0.39855072463768115,0.14248704663212436,0.09963768115942029,0.25
direct_binned,bins1024_auc,svm_C1p0,90,4,138,ok,,0.2246376811594203,0.22395807067468754,0.2361210494931425,0.22964285714285715
direct_binned,bins1024_auc,logreg_C0p1,90,4,138,ok,,0.2391304347826087,0.24298249752323442,0.2564704798747352,0.2555519480519481
direct_binned,bins1024_auc,xgboost_depth2,90,4,138,ok,,0.39855072463768115,0.14248704663212436,0.09963768115942029,0.25
direct_binned,bins1024_auc,svm_C1p0,91,4,138,ok,,0.2898550724637681,0.2620610698085591,0.2887402452619844,0.28937229437229434
direct_binned,bins1024_auc,logreg_C0p1,91,4,138,ok,,0.30434782608695654,0.2678935468132767,0.3414196454519035,0.3049891774891775
direct_binned,bins1024_auc,xgboost_depth2,91,4,138,ok,,0.21739130434782608,0.08928571428571429,0.05434782608695652,0.25
direct_binned,bins1024_auc,svm_C1p0,92,4,138,ok,,0.2246376811594203,0.2325451218403346,0.2672301826713591,0.24293290043290044
direct_binned,bins1024_auc,logreg_C0p1,92,4,138,ok,,0.21014492753623187,0.2073877012901403,0.22491496598639454,0.22936147186147182
direct_binned,bins1024_auc,xgboost_depth2,92,4,138,ok,,0.2028985507246377,0.08433734939759036,0.050724637681159424,0.25
direct_binned,bins1024_auc,svm_C1p0,93,4,138,ok,,0.2246376811594203,0.21872215451004293,0.26353584571350686,0.23269480519480518
direct_binned,bins1024_auc,logreg_C0p1,93,4,138,ok,,0.2463768115942029,0.23771384915963228,0.29781203148425783,0.2539069264069264
direct_binned,bins1024_auc,xgboost_depth2,93,4,138,ok,,0.21739130434782608,0.08928571428571429,0.05434782608695652,0.25
direct_binned,bins1024_auc,svm_C1p0,94,4,138,ok,,0.34057971014492755,0.24227686919661295,0.25085201609591856,0.25937229437229437
direct_binned,bins1024_auc,logreg_C0p1,94,4,138,ok,,0.34782608695652173,0.236657286021519,0.24945398449234765,0.25846320346320345
direct_binned,bins1024_auc,xgboost_depth2,94,4,138,ok,,0.2028985507246377,0.08433734939759036,0.050724637681159424,0.25
direct_binned,bins1024_auc,svm_C1p0,95,4,138,ok,,0.3188405797101449,0.29220646653770305,0.3214417915111923,0.319512987012987
direct_binned,bins1024_auc,logreg_C0p1,95,4,138,ok,,0.3333333333333333,0.29419815271733296,0.3104723707664884,0.31497835497835497
direct_binned,bins1024_auc,xgboost_depth2,95,4,138,ok,,0.21739130434782608,0.08928571428571429,0.05434782608695652,0.25
direct_binned,bins1024_auc,svm_C1p0,96,4,138,ok,,0.26811594202898553,0.24725441608244572,0.31162587412587417,0.3002705627705628
direct_binned,bins1024_auc,logreg_C0p1,96,4,138,ok,,0.26811594202898553,0.25319519335737206,0.29570578231292516,0.2905735930735931
direct_binned,bins1024_auc,xgboost_depth2,96,4,138,ok,,0.39855072463768115,0.14248704663212436,0.09963768115942029,0.25
direct_binned,bins1024_auc,svm_C1p0,97,4,138,ok,,0.2463768115942029,0.2149861718965624,0.2392566782810685,0.2518831168831169
direct_binned,bins1024_auc,logreg_C0p1,97,4,138,ok,,0.2826086956521739,0.2573917164301263,0.2817860300618921,0.2970021645021645
direct_binned,bins1024_auc,xgboost_depth2,97,4,138,ok,,0.18115942028985507,0.07668711656441718,0.04528985507246377,0.25
direct_binned,bins1024_auc,svm_C1p0,98,4,138,ok,,0.2826086956521739,0.24946722811595934,0.26466698552461737,0.25142857142857145
direct_binned,bins1024_auc,logreg_C0p1,98,4,138,ok,,0.30434782608695654,0.2579060068471833,0.28541666666666665,0.2612770562770563
direct_binned,bins1024_auc,xgboost_depth2,98,4,138,ok,,0.2028985507246377,0.08433734939759036,0.050724637681159424,0.25
direct_binned,bins1024_auc,svm_C1p0,99,4,138,ok,,0.2246376811594203,0.15894160583941608,0.26525229357798163,0.26066017316017315
direct_binned,bins1024_auc,logreg_C0p1,99,4,138,ok,,0.2246376811594203,0.15942410729890194,0.273543528632903,0.25687229437229436
direct_binned,bins1024_auc,xgboost_depth2,99,4,138,ok,,0.18115942028985507,0.07668711656441718,0.04528985507246377,0.25
direct_binned,bins1024_auc,svm_C1p0,100,4,138,ok,,0.15942028985507245,0.13225597931480285,0.15863303363303363,0.18801948051948053
direct_binned,bins1024_auc,logreg_C0p1,100,4,138,ok,,0.18115942028985507,0.15136844424520762,0.1994987468671679,0.21587662337662336
direct_binned,bins1024_auc,xgboost_depth2,100,4,138,ok,,0.39855072463768115,0.14248704663212436,0.09963768115942029,0.25
direct_binned,bins2048_auc,svm_C1p0,1,4,138,ok,,0.2318840579710145,0.20026665816760159,0.21411009328987302,0.2291125541125541
direct_binned,bins2048_auc,logreg_C0p1,1,4,138,ok,,0.2608695652173913,0.24699940582293523,0.348357959245056,0.25865800865800864
direct_binned,bins2048_auc,xgboost_depth2,1,4,138,ok,,0.2028985507246377,0.08433734939759036,0.050724637681159424,0.25
direct_binned,bins2048_auc,svm_C1p0,2,4,138,ok,,0.35507246376811596,0.30688475932378373,0.37286706349206344,0.36104978354978357
direct_binned,bins2048_auc,logreg_C0p1,2,4,138,ok,,0.37681159420289856,0.3021978021978022,0.3309599156118143,0.36272727272727273
direct_binned,bins2048_auc,xgboost_depth2,2,4,138,ok,,0.21739130434782608,0.08928571428571429,0.05434782608695652,0.25
direct_binned,bins2048_auc,svm_C1p0,3,4,138,ok,,0.2318840579710145,0.20606374274805372,0.22824840419777132,0.20162337662337665
direct_binned,bins2048_auc,logreg_C0p1,3,4,138,ok,,0.2898550724637681,0.22778170069313414,0.25850520252694165,0.23419913419913418
direct_binned,bins2048_auc,xgboost_depth2,3,4,138,ok,,0.18115942028985507,0.07668711656441718,0.04528985507246377,0.25
direct_binned,bins2048_auc,svm_C1p0,4,4,138,ok,,0.3115942028985507,0.22854198458291186,0.21742679195804196,0.26606060606060605
direct_binned,bins2048_auc,logreg_C0p1,4,4,138,ok,,0.34057971014492755,0.2712527485401197,0.2841362419835378,0.3197835497835498
direct_binned,bins2048_auc,xgboost_depth2,4,4,138,ok,,0.39855072463768115,0.14248704663212436,0.09963768115942029,0.25
direct_binned,bins2048_auc,svm_C1p0,5,4,138,ok,,0.2536231884057971,0.22505585762841052,0.2776429910923582,0.27614718614718614
direct_binned,bins2048_auc,logreg_C0p1,5,4,138,ok,,0.26811594202898553,0.24431984604809964,0.3127543752543752,0.29886363636363633
direct_binned,bins2048_auc,xgboost_depth2,5,4,138,ok,,0.18115942028985507,0.07668711656441718,0.04528985507246377,0.25
direct_binned,bins2048_auc,svm_C1p0,6,4,138,ok,,0.2318840579710145,0.1894862273534244,0.2892727540368775,0.24721861471861473
direct_binned,bins2048_auc,logreg_C0p1,6,4,138,ok,,0.2318840579710145,0.19025112949598078,0.30549719887955185,0.24721861471861473
direct_binned,bins2048_auc,xgboost_depth2,6,4,138,ok,,0.21739130434782608,0.08928571428571429,0.05434782608695652,0.25
direct_binned,bins2048_auc,svm_C1p0,7,4,138,ok,,0.2971014492753623,0.28585359483620476,0.3952456298975286,0.32505411255411254
direct_binned,bins2048_auc,logreg_C0p1,7,4,138,ok,,0.30434782608695654,0.28055555555555556,0.35996310674619497,0.32295454545454544
direct_binned,bins2048_auc,xgboost_depth2,7,4,138,ok,,0.21739130434782608,0.08928571428571429,0.05434782608695652,0.25
direct_binned,bins2048_auc,svm_C1p0,8,4,138,ok,,0.08695652173913043,0.08013456450956451,0.07569361532776167,0.09935064935064936
direct_binned,bins2048_auc,logreg_C0p1,8,4,138,ok,,0.18840579710144928,0.16012590177580466,0.1472203222374221,0.18159090909090908
direct_binned,bins2048_auc,xgboost_depth2,8,4,138,ok,,0.2028985507246377,0.08433734939759036,0.050724637681159424,0.25
direct_binned,bins2048_auc,svm_C1p0,9,4,138,ok,,0.2318840579710145,0.2024361336353075,0.33653261942735624,0.27175324675324675
direct_binned,bins2048_auc,logreg_C0p1,9,4,138,ok,,0.2536231884057971,0.24228030514509036,0.3723214285714285,0.2883225108225108
direct_binned,bins2048_auc,xgboost_depth2,9,4,138,ok,,0.39855072463768115,0.14248704663212436,0.09963768115942029,0.25
direct_binned,bins2048_auc,svm_C1p0,10,4,138,ok,,0.4057971014492754,0.3021364531509121,0.3017434620174346,0.3316774891774892
direct_binned,bins2048_auc,logreg_C0p1,10,4,138,ok,,0.37681159420289856,0.2946481325620889,0.3029707806672522,0.3112337662337662
direct_binned,bins2048_auc,xgboost_depth2,10,4,138,ok,,0.39855072463768115,0.14248704663212436,0.09963768115942029,0.25
direct_binned,bins2048_auc,svm_C1p0,11,4,138,ok,,0.18840579710144928,0.18090349347286083,0.21316901408450703,0.1956926406926407
direct_binned,bins2048_auc,logreg_C0p1,11,4,138,ok,,0.2028985507246377,0.19050925925925927,0.24563253012048192,0.21676406926406927
direct_binned,bins2048_auc,xgboost_depth2,11,4,138,ok,,0.2028985507246377,0.08433734939759036,0.050724637681159424,0.25
direct_binned,bins2048_auc,svm_C1p0,12,4,138,ok,,0.15217391304347827,0.13511568469195587,0.12051820728291317,0.19380952380952382
direct_binned,bins2048_auc,logreg_C0p1,12,4,138,ok,,0.16666666666666666,0.14967291109128755,0.1392612859097127,0.21107142857142858
direct_binned,bins2048_auc,xgboost_depth2,12,4,138,ok,,0.21739130434782608,0.08928571428571429,0.05434782608695652,0.25
direct_binned,bins2048_auc,svm_C1p0,13,4,138,ok,,0.2898550724637681,0.2898401517804503,0.3511674940246369,0.31974025974025977
direct_binned,bins2048_auc,logreg_C0p1,13,4,138,ok,,0.26811594202898553,0.26623693929021797,0.34350649350649354,0.2891666666666667
direct_binned,bins2048_auc,xgboost_depth2,13,4,138,ok,,0.2028985507246377,0.08433734939759036,0.050724637681159424,0.25
direct_binned,bins2048_auc,svm_C1p0,14,4,138,ok,,0.36231884057971014,0.32617726638170486,0.36721982439049283,0.34845238095238096
direct_binned,bins2048_auc,logreg_C0p1,14,4,138,ok,,0.35507246376811596,0.306190295267043,0.34560723514211883,0.3237770562770563
direct_binned,bins2048_auc,xgboost_depth2,14,4,138,ok,,0.39855072463768115,0.14248704663212436,0.09963768115942029,0.25
direct_binned,bins2048_auc,svm_C1p0,15,4,138,ok,,0.2246376811594203,0.20198204882022633,0.2638318607068607,0.1948160173160173
direct_binned,bins2048_auc,logreg_C0p1,15,4,138,ok,,0.21014492753623187,0.20761133206785382,0.2582051282051282,0.19875541125541124
direct_binned,bins2048_auc,xgboost_depth2,15,4,138,ok,,0.39855072463768115,0.14248704663212436,0.09963768115942029,0.25
direct_binned,bins2048_auc,svm_C1p0,16,4,138,ok,,0.2391304347826087,0.23897079296135426,0.25990918803418805,0.26856060606060606
direct_binned,bins2048_auc,logreg_C0p1,16,4,138,ok,,0.1956521739130435,0.19440263619051332,0.1935207960644007,0.22566017316017317
direct_binned,bins2048_auc,xgboost_depth2,16,4,138,ok,,0.21739130434782608,0.08928571428571429,0.05434782608695652,0.25
direct_binned,bins2048_auc,svm_C1p0,17,4,138,ok,,0.30434782608695654,0.28403253473874945,0.30897143340094657,0.29693722943722944
direct_binned,bins2048_auc,logreg_C0p1,17,4,138,ok,,0.37681159420289856,0.34402930402930404,0.35954184704184705,0.3543506493506493
direct_binned,bins2048_auc,xgboost_depth2,17,4,138,ok,,0.39855072463768115,0.14248704663212436,0.09963768115942029,0.25
direct_binned,bins2048_auc,svm_C1p0,18,4,138,ok,,0.2608695652173913,0.21526422634693496,0.294775641025641,0.28405844155844157
direct_binned,bins2048_auc,logreg_C0p1,18,4,138,ok,,0.2608695652173913,0.2074050362782757,0.29044117647058826,0.2834632034632035
direct_binned,bins2048_auc,xgboost_depth2,18,4,138,ok,,0.39855072463768115,0.14248704663212436,0.09963768115942029,0.25
direct_binned,bins2048_auc,svm_C1p0,19,4,138,ok,,0.35507246376811596,0.2689691145985347,0.36645962732919257,0.31465367965367963
direct_binned,bins2048_auc,logreg_C0p1,19,4,138,ok,,0.4057971014492754,0.3142480666878845,0.4125874125874126,0.3606926406926407
direct_binned,bins2048_auc,xgboost_depth2,19,4,138,ok,,0.18115942028985507,0.07668711656441718,0.04528985507246377,0.25
direct_binned,bins2048_auc,svm_C1p0,20,4,138,ok,,0.4057971014492754,0.3626060439792344,0.39025974025974025,0.3748160173160173
direct_binned,bins2048_auc,logreg_C0p1,20,4,138,ok,,0.427536231884058,0.3817388886293077,0.4118952693647816,0.39769480519480516
direct_binned,bins2048_auc,xgboost_depth2,20,4,138,ok,,0.18115942028985507,0.07668711656441718,0.04528985507246377,0.25
direct_binned,bins2048_auc,svm_C1p0,21,4,138,ok,,0.18840579710144928,0.18451795974645063,0.20841384863123996,0.19343073593073595
direct_binned,bins2048_auc,logreg_C0p1,21,4,138,ok,,0.2028985507246377,0.20777388747262976,0.23556231003039516,0.20950216450216452
direct_binned,bins2048_auc,xgboost_depth2,21,4,138,ok,,0.21739130434782608,0.08928571428571429,0.05434782608695652,0.25
direct_binned,bins2048_auc,svm_C1p0,22,4,138,ok,,0.2536231884057971,0.2007024861423632,0.33854166666666663,0.28878787878787876
direct_binned,bins2048_auc,logreg_C0p1,22,4,138,ok,,0.2971014492753623,0.23804740859783044,0.36500449236298294,0.31606060606060604
direct_binned,bins2048_auc,xgboost_depth2,22,4,138,ok,,0.39855072463768115,0.14248704663212436,0.09963768115942029,0.25
direct_binned,bins2048_auc,svm_C1p0,23,4,138,ok,,0.2608695652173913,0.20659282933590611,0.23374474789915967,0.2588961038961039
direct_binned,bins2048_auc,logreg_C0p1,23,4,138,ok,,0.34057971014492755,0.2799409370657137,0.2785823170731707,0.30655844155844153
direct_binned,bins2048_auc,xgboost_depth2,23,4,138,ok,,0.21739130434782608,0.08928571428571429,0.05434782608695652,0.25
direct_binned,bins2048_auc,svm_C1p0,24,4,138,ok,,0.35507246376811596,0.28613573926073926,0.2982843137254902,0.3155844155844156
direct_binned,bins2048_auc,logreg_C0p1,24,4,138,ok,,0.35507246376811596,0.27968600027423557,0.2698108747044917,0.30562770562770564
direct_binned,bins2048_auc,xgboost_depth2,24,4,138,ok,,0.39855072463768115,0.14248704663212436,0.09963768115942029,0.25
direct_binned,bins2048_auc,svm_C1p0,25,4,138,ok,,0.2536231884057971,0.25282712408899116,0.27503658806179815,0.26145021645021643
direct_binned,bins2048_auc,logreg_C0p1,25,4,138,ok,,0.2463768115942029,0.24801981551743502,0.2609180035650624,0.2537121212121212
direct_binned,bins2048_auc,xgboost_depth2,25,4,138,ok,,0.39855072463768115,0.14248704663212436,0.09963768115942029,0.25
direct_binned,bins2048_auc,svm_C1p0,26,4,138,ok,,0.2898550724637681,0.2714515874061905,0.2968056592006172,0.2806277056277056
direct_binned,bins2048_auc,logreg_C0p1,26,4,138,ok,,0.35507246376811596,0.25654277699859745,0.2458950046253469,0.29047619047619044
direct_binned,bins2048_auc,xgboost_depth2,26,4,138,ok,,0.2028985507246377,0.08433734939759036,0.050724637681159424,0.25
direct_binned,bins2048_auc,svm_C1p0,27,4,138,ok,,0.2028985507246377,0.19470551378446116,0.3469474969474969,0.21314935064935064
direct_binned,bins2048_auc,logreg_C0p1,27,4,138,ok,,0.21739130434782608,0.20503246753246754,0.3106222283813747,0.21133116883116881
direct_binned,bins2048_auc,xgboost_depth2,27,4,138,ok,,0.39855072463768115,0.14248704663212436,0.09963768115942029,0.25
direct_binned,bins2048_auc,svm_C1p0,28,4,138,ok,,0.34782608695652173,0.2780008504872283,0.28770441545136327,0.3098160173160173
direct_binned,bins2048_auc,logreg_C0p1,28,4,138,ok,,0.43478260869565216,0.367257230367653,0.3677536231884058,0.40371212121212124
direct_binned,bins2048_auc,xgboost_depth2,28,4,138,ok,,0.39855072463768115,0.14248704663212436,0.09963768115942029,0.25
direct_binned,bins2048_auc,svm_C1p0,29,4,138,ok,,0.2898550724637681,0.26064344460570876,0.35749865807836817,0.29798701298701297
direct_binned,bins2048_auc,logreg_C0p1,29,4,138,ok,,0.3188405797101449,0.27871367410482617,0.4327687033676144,0.3172402597402598
direct_binned,bins2048_auc,xgboost_depth2,29,4,138,ok,,0.21739130434782608,0.08928571428571429,0.05434782608695652,0.25
direct_binned,bins2048_auc,svm_C1p0,30,4,138,ok,,0.21739130434782608,0.19474969474969475,0.23529797350051856,0.23796536796536796
direct_binned,bins2048_auc,logreg_C0p1,30,4,138,ok,,0.2536231884057971,0.24095870345870346,0.2926388888888889,0.27870129870129867
direct_binned,bins2048_auc,xgboost_depth2,30,4,138,ok,,0.18115942028985507,0.07668711656441718,0.04528985507246377,0.25
direct_binned,bins2048_auc,svm_C1p0,31,4,138,ok,,0.2463768115942029,0.22953565267395057,0.2684093045112782,0.259978354978355
direct_binned,bins2048_auc,logreg_C0p1,31,4,138,ok,,0.21014492753623187,0.21013000743707194,0.2650784057760802,0.23753246753246748
direct_binned,bins2048_auc,xgboost_depth2,31,4,138,ok,,0.2028985507246377,0.08433734939759036,0.050724637681159424,0.25
direct_binned,bins2048_auc,svm_C1p0,32,4,138,ok,,0.2971014492753623,0.273582870253431,0.34459015081203986,0.2993506493506493
direct_binned,bins2048_auc,logreg_C0p1,32,4,138,ok,,0.34782608695652173,0.3425370685551918,0.36106993584187186,0.3679004329004329
direct_binned,bins2048_auc,xgboost_depth2,32,4,138,ok,,0.21739130434782608,0.08928571428571429,0.05434782608695652,0.25
direct_binned,bins2048_auc,svm_C1p0,33,4,138,ok,,0.36231884057971014,0.3298971169495466,0.3809884876610074,0.3470887445887446
direct_binned,bins2048_auc,logreg_C0p1,33,4,138,ok,,0.3695652173913043,0.3254187860068663,0.3935880296174414,0.36528138528138526
direct_binned,bins2048_auc,xgboost_depth2,33,4,138,ok,,0.39855072463768115,0.14248704663212436,0.09963768115942029,0.25
direct_binned,bins2048_auc,svm_C1p0,34,4,138,ok,,0.2608695652173913,0.2447878928402361,0.3128869969040248,0.29853896103896105
direct_binned,bins2048_auc,logreg_C0p1,34,4,138,ok,,0.2536231884057971,0.23706348256202278,0.31068238471125886,0.28415584415584416
direct_binned,bins2048_auc,xgboost_depth2,34,4,138,ok,,0.2028985507246377,0.08433734939759036,0.050724637681159424,0.25
direct_binned,bins2048_auc,svm_C1p0,35,4,138,ok,,0.2463768115942029,0.21248335080430275,0.2411236424394319,0.24252164502164503
direct_binned,bins2048_auc,logreg_C0p1,35,4,138,ok,,0.2536231884057971,0.20882865535393513,0.23197940503432493,0.2416125541125541
direct_binned,bins2048_auc,xgboost_depth2,35,4,138,ok,,0.21739130434782608,0.08928571428571429,0.05434782608695652,0.25
direct_binned,bins2048_auc,svm_C1p0,36,4,138,ok,,0.2536231884057971,0.212476996687523,0.2401984126984127,0.24953463203463203
direct_binned,bins2048_auc,logreg_C0p1,36,4,138,ok,,0.2028985507246377,0.18632756132756134,0.17884199134199136,0.23606060606060608
direct_binned,bins2048_auc,xgboost_depth2,36,4,138,ok,,0.21739130434782608,0.08928571428571429,0.05434782608695652,0.25
direct_binned,bins2048_auc,svm_C1p0,37,4,138,ok,,0.1956521739130435,0.18890281258702307,0.279069432440219,0.23615800865800868
direct_binned,bins2048_auc,logreg_C0p1,37,4,138,ok,,0.21014492753623187,0.20255224939752992,0.26754166885745834,0.22995670995670991
direct_binned,bins2048_auc,xgboost_depth2,37,4,138,ok,,0.2028985507246377,0.08433734939759036,0.050724637681159424,0.25
direct_binned,bins2048_auc,svm_C1p0,38,4,138,ok,,0.2608695652173913,0.24790909205675907,0.30795864720652855,0.31806277056277055
direct_binned,bins2048_auc,logreg_C0p1,38,4,138,ok,,0.2536231884057971,0.24371191240503218,0.2834765485141425,0.30367965367965366
direct_binned,bins2048_auc,xgboost_depth2,38,4,138,ok,,0.2028985507246377,0.08433734939759036,0.050724637681159424,0.25
direct_binned,bins2048_auc,svm_C1p0,39,4,138,ok,,0.18840579710144928,0.12318840579710144,0.18268015170670038,0.21636363636363637
direct_binned,bins2048_auc,logreg_C0p1,39,4,138,ok,,0.2463768115942029,0.20303405572755417,0.2594258639910814,0.28136363636363637
direct_binned,bins2048_auc,xgboost_depth2,39,4,138,ok,,0.18115942028985507,0.07668711656441718,0.04528985507246377,0.25
direct_binned,bins2048_auc,svm_C1p0,40,4,138,ok,,0.2318840579710145,0.1842831545610753,0.2287660256410256,0.2649242424242424
direct_binned,bins2048_auc,logreg_C0p1,40,4,138,ok,,0.2391304347826087,0.18732030935541372,0.17911140583554377,0.27375541125541125
direct_binned,bins2048_auc,xgboost_depth2,40,4,138,ok,,0.39855072463768115,0.14248704663212436,0.09963768115942029,0.25
direct_binned,bins2048_auc,svm_C1p0,41,4,138,ok,,0.15942028985507245,0.14606965339723962,0.19920325006063544,0.1652922077922078
direct_binned,bins2048_auc,logreg_C0p1,41,4,138,ok,,0.13043478260869565,0.11520845364793884,0.1531024531024531,0.1458982683982684
direct_binned,bins2048_auc,xgboost_depth2,41,4,138,ok,,0.21739130434782608,0.08928571428571429,0.05434782608695652,0.25
direct_binned,bins2048_auc,svm_C1p0,42,4,138,ok,,0.34782608695652173,0.26539196155346984,0.2397727272727273,0.30126623376623374
direct_binned,bins2048_auc,logreg_C0p1,42,4,138,ok,,0.36231884057971014,0.2745131701574533,0.24934961255889773,0.31035714285714283
direct_binned,bins2048_auc,xgboost_depth2,42,4,138,ok,,0.2028985507246377,0.08433734939759036,0.050724637681159424,0.25
direct_binned,bins2048_auc,svm_C1p0,43,4,138,ok,,0.3115942028985507,0.15894346617238184,0.1635027885027885,0.2084848484848485
direct_binned,bins2048_auc,logreg_C0p1,43,4,138,ok,,0.3188405797101449,0.17451606658923732,0.19563922316215893,0.21741341991341992
direct_binned,bins2048_auc,xgboost_depth2,43,4,138,ok,,0.18115942028985507,0.07668711656441718,0.04528985507246377,0.25
direct_binned,bins2048_auc,svm_C1p0,44,4,138,ok,,0.36231884057971014,0.3165869424692954,0.3431818181818182,0.3429653679653679
direct_binned,bins2048_auc,logreg_C0p1,44,4,138,ok,,0.37681159420289856,0.32636151628843135,0.37099622457678716,0.35751082251082245
direct_binned,bins2048_auc,xgboost_depth2,44,4,138,ok,,0.2028985507246377,0.08433734939759036,0.050724637681159424,0.25
direct_binned,bins2048_auc,svm_C1p0,45,4,138,ok,,0.18115942028985507,0.1836917090438217,0.25354166666666667,0.19027056277056273
direct_binned,bins2048_auc,logreg_C0p1,45,4,138,ok,,0.2463768115942029,0.24213191465923323,0.2875632013811814,0.2643398268398268
direct_binned,bins2048_auc,xgboost_depth2,45,4,138,ok,,0.18115942028985507,0.07668711656441718,0.04528985507246377,0.25
direct_binned,bins2048_auc,svm_C1p0,46,4,138,ok,,0.2246376811594203,0.17750026971625849,0.21706989247311825,0.2005844155844156
direct_binned,bins2048_auc,logreg_C0p1,46,4,138,ok,,0.2246376811594203,0.16825606647153243,0.1728092631826742,0.19727272727272727
direct_binned,bins2048_auc,xgboost_depth2,46,4,138,ok,,0.18115942028985507,0.07668711656441718,0.04528985507246377,0.25
direct_binned,bins2048_auc,svm_C1p0,47,4,138,ok,,0.35507246376811596,0.2761201090514497,0.3989661654135338,0.35301948051948057
direct_binned,bins2048_auc,logreg_C0p1,47,4,138,ok,,0.34782608695652173,0.26278636791672955,0.30765192687747034,0.34954545454545455
direct_binned,bins2048_auc,xgboost_depth2,47,4,138,ok,,0.39855072463768115,0.14248704663212436,0.09963768115942029,0.25
direct_binned,bins2048_auc,svm_C1p0,48,4,138,ok,,0.35507246376811596,0.3039772727272727,0.3210595299009933,0.3133874458874459
direct_binned,bins2048_auc,logreg_C0p1,48,4,138,ok,,0.3188405797101449,0.2803255587248461,0.3053101178101178,0.29397186147186144
direct_binned,bins2048_auc,xgboost_depth2,48,4,138,ok,,0.18115942028985507,0.07668711656441718,0.04528985507246377,0.25
direct_binned,bins2048_auc,svm_C1p0,49,4,138,ok,,0.2318840579710145,0.19100298656047784,0.1611842105263158,0.2895238095238095
direct_binned,bins2048_auc,logreg_C0p1,49,4,138,ok,,0.2246376811594203,0.18485517918507607,0.15645290496669195,0.28119047619047616
direct_binned,bins2048_auc,xgboost_depth2,49,4,138,ok,,0.39855072463768115,0.14248704663212436,0.09963768115942029,0.25
direct_binned,bins2048_auc,svm_C1p0,50,4,138,ok,,0.2971014492753623,0.2665961607089752,0.3018688331188331,0.28465367965367966
direct_binned,bins2048_auc,logreg_C0p1,50,4,138,ok,,0.30434782608695654,0.29207634554815615,0.4265912132291443,0.2953679653679654
direct_binned,bins2048_auc,xgboost_depth2,50,4,138,ok,,0.18115942028985507,0.07668711656441718,0.04528985507246377,0.25
direct_binned,bins2048_auc,svm_C1p0,51,4,138,ok,,0.32608695652173914,0.2461123288744337,0.3001466275659824,0.3272619047619048
direct_binned,bins2048_auc,logreg_C0p1,51,4,138,ok,,0.37681159420289856,0.27425320056899005,0.3137250830564784,0.35848484848484846
direct_binned,bins2048_auc,xgboost_depth2,51,4,138,ok,,0.21739130434782608,0.08928571428571429,0.05434782608695652,0.25
direct_binned,bins2048_auc,svm_C1p0,52,4,138,ok,,0.2753623188405797,0.2705600850762141,0.3082875878293972,0.295974025974026
direct_binned,bins2048_auc,logreg_C0p1,52,4,138,ok,,0.30434782608695654,0.29546346266592505,0.31501584811787364,0.3109415584415584
direct_binned,bins2048_auc,xgboost_depth2,52,4,138,ok,,0.39855072463768115,0.14248704663212436,0.09963768115942029,0.25
direct_binned,bins2048_auc,svm_C1p0,53,4,138,ok,,0.2753623188405797,0.2330966304650515,0.32597054886211513,0.2757467532467533
direct_binned,bins2048_auc,logreg_C0p1,53,4,138,ok,,0.26811594202898553,0.22649054246790004,0.2936126373626374,0.2657467532467533
direct_binned,bins2048_auc,xgboost_depth2,53,4,138,ok,,0.21739130434782608,0.08928571428571429,0.05434782608695652,0.25
direct_binned,bins2048_auc,svm_C1p0,54,4,138,ok,,0.2608695652173913,0.26010550072055905,0.2727056602056602,0.27714285714285714
direct_binned,bins2048_auc,logreg_C0p1,54,4,138,ok,,0.2536231884057971,0.2512743125419182,0.27323782106068106,0.29548701298701296
direct_binned,bins2048_auc,xgboost_depth2,54,4,138,ok,,0.39855072463768115,0.14248704663212436,0.09963768115942029,0.25
direct_binned,bins2048_auc,svm_C1p0,55,4,138,ok,,0.1956521739130435,0.1545142065142065,0.20075887743413517,0.21193722943722942
direct_binned,bins2048_auc,logreg_C0p1,55,4,138,ok,,0.2028985507246377,0.1782176898940264,0.2612373737373737,0.22134199134199134
direct_binned,bins2048_auc,xgboost_depth2,55,4,138,ok,,0.18115942028985507,0.07668711656441718,0.04528985507246377,0.25
direct_binned,bins2048_auc,svm_C1p0,56,4,138,ok,,0.17391304347826086,0.14732981044456456,0.19364436443644364,0.22585497835497836
direct_binned,bins2048_auc,logreg_C0p1,56,4,138,ok,,0.1956521739130435,0.18143877979943554,0.27824312714776633,0.2422077922077922
direct_binned,bins2048_auc,xgboost_depth2,56,4,138,ok,,0.2028985507246377,0.08433734939759036,0.050724637681159424,0.25
direct_binned,bins2048_auc,svm_C1p0,57,4,138,ok,,0.34057971014492755,0.28350441945875865,0.3743934041486878,0.33254329004329003
direct_binned,bins2048_auc,logreg_C0p1,57,4,138,ok,,0.4057971014492754,0.3317024074720202,0.42820767195767195,0.3936038961038961
direct_binned,bins2048_auc,xgboost_depth2,57,4,138,ok,,0.39855072463768115,0.14248704663212436,0.09963768115942029,0.25
direct_binned,bins2048_auc,svm_C1p0,58,4,138,ok,,0.13768115942028986,0.150094788252683,0.16152597402597405,0.1507034632034632
direct_binned,bins2048_auc,logreg_C0p1,58,4,138,ok,,0.07971014492753623,0.09864702724890279,0.10220125786163521,0.10238095238095238
direct_binned,bins2048_auc,xgboost_depth2,58,4,138,ok,,0.18115942028985507,0.07668711656441718,0.04528985507246377,0.25
direct_binned,bins2048_auc,svm_C1p0,59,4,138,ok,,0.2318840579710145,0.19214191742600834,0.22755681818181817,0.20574675324675326
direct_binned,bins2048_auc,logreg_C0p1,59,4,138,ok,,0.2391304347826087,0.1793186936936937,0.22003968253968254,0.1955952380952381
direct_binned,bins2048_auc,xgboost_depth2,59,4,138,ok,,0.21739130434782608,0.08928571428571429,0.05434782608695652,0.25
direct_binned,bins2048_auc,svm_C1p0,60,4,138,ok,,0.37681159420289856,0.3028176501860712,0.31454665492957745,0.34905844155844157
direct_binned,bins2048_auc,logreg_C0p1,60,4,138,ok,,0.3695652173913043,0.29443279554235346,0.30923151869443427,0.3346753246753247
direct_binned,bins2048_auc,xgboost_depth2,60,4,138,ok,,0.39855072463768115,0.14248704663212436,0.09963768115942029,0.25
direct_binned,bins2048_auc,svm_C1p0,61,4,138,ok,,0.2246376811594203,0.2217115613368635,0.23121274860405294,0.2537987012987013
direct_binned,bins2048_auc,logreg_C0p1,61,4,138,ok,,0.2391304347826087,0.23638273491214667,0.25902850010401496,0.2541233766233766
direct_binned,bins2048_auc,xgboost_depth2,61,4,138,ok,,0.21739130434782608,0.08928571428571429,0.05434782608695652,0.25
direct_binned,bins2048_auc,svm_C1p0,62,4,138,ok,,0.2391304347826087,0.21295591425517185,0.24550116550116552,0.2719155844155844
direct_binned,bins2048_auc,logreg_C0p1,62,4,138,ok,,0.2608695652173913,0.2461458352967787,0.2696428571428572,0.2963203463203463
direct_binned,bins2048_auc,xgboost_depth2,62,4,138,ok,,0.18115942028985507,0.07668711656441718,0.04528985507246377,0.25
direct_binned,bins2048_auc,svm_C1p0,63,4,138,ok,,0.2028985507246377,0.1801624215577704,0.22739926739926739,0.24498917748917748
direct_binned,bins2048_auc,logreg_C0p1,63,4,138,ok,,0.21739130434782608,0.19324823968185428,0.2489996114996115,0.2786147186147186
direct_binned,bins2048_auc,xgboost_depth2,63,4,138,ok,,0.21739130434782608,0.08928571428571429,0.05434782608695652,0.25
direct_binned,bins2048_auc,svm_C1p0,64,4,138,ok,,0.3695652173913043,0.28387743784749225,0.30987762237762234,0.29663419913419914
direct_binned,bins2048_auc,logreg_C0p1,64,4,138,ok,,0.36231884057971014,0.28850426766296094,0.29919721511793124,0.29647186147186144
direct_binned,bins2048_auc,xgboost_depth2,64,4,138,ok,,0.2028985507246377,0.08433734939759036,0.050724637681159424,0.25
direct_binned,bins2048_auc,svm_C1p0,65,4,138,ok,,0.34057971014492755,0.26600868267534933,0.24941029043196225,0.29893939393939395
direct_binned,bins2048_auc,logreg_C0p1,65,4,138,ok,,0.3695652173913043,0.30703164759973384,0.3648610161768056,0.3366558441558442
direct_binned,bins2048_auc,xgboost_depth2,65,4,138,ok,,0.18115942028985507,0.07668711656441718,0.04528985507246377,0.25
direct_binned,bins2048_auc,svm_C1p0,66,4,138,ok,,0.4057971014492754,0.3012735326688815,0.28555555555555556,0.3684090909090909
direct_binned,bins2048_auc,logreg_C0p1,66,4,138,ok,,0.4057971014492754,0.3012735326688815,0.28555555555555556,0.3684090909090909
direct_binned,bins2048_auc,xgboost_depth2,66,4,138,ok,,0.18115942028985507,0.07668711656441718,0.04528985507246377,0.25
direct_binned,bins2048_auc,svm_C1p0,67,4,138,ok,,0.1956521739130435,0.18954800101858926,0.21668676449725438,0.20245670995670995
direct_binned,bins2048_auc,logreg_C0p1,67,4,138,ok,,0.2318840579710145,0.23321995012026164,0.34459036898061285,0.24642857142857144
direct_binned,bins2048_auc,xgboost_depth2,67,4,138,ok,,0.21739130434782608,0.08928571428571429,0.05434782608695652,0.25
direct_binned,bins2048_auc,svm_C1p0,68,4,138,ok,,0.17391304347826086,0.11035714285714285,0.3246428571428572,0.21311688311688312
direct_binned,bins2048_auc,logreg_C0p1,68,4,138,ok,,0.17391304347826086,0.11023849339066731,0.32323232323232326,0.21311688311688312
direct_binned,bins2048_auc,xgboost_depth2,68,4,138,ok,,0.2028985507246377,0.08433734939759036,0.050724637681159424,0.25
direct_binned,bins2048_auc,svm_C1p0,69,4,138,ok,,0.1956521739130435,0.1961901377327174,0.22383667037449018,0.19297619047619047
direct_binned,bins2048_auc,logreg_C0p1,69,4,138,ok,,0.2246376811594203,0.22692657135655708,0.25342190016103056,0.22904761904761906
direct_binned,bins2048_auc,xgboost_depth2,69,4,138,ok,,0.39855072463768115,0.14248704663212436,0.09963768115942029,0.25
direct_binned,bins2048_auc,svm_C1p0,70,4,138,ok,,0.35507246376811596,0.3101911429767851,0.3589808558558558,0.358452380952381
direct_binned,bins2048_auc,logreg_C0p1,70,4,138,ok,,0.38405797101449274,0.3146203466735902,0.36184397342933927,0.36846320346320344
direct_binned,bins2048_auc,xgboost_depth2,70,4,138,ok,,0.2028985507246377,0.08433734939759036,0.050724637681159424,0.25
direct_binned,bins2048_auc,svm_C1p0,71,4,138,ok,,0.2246376811594203,0.20286397345823576,0.23989077769565575,0.19693722943722944
direct_binned,bins2048_auc,logreg_C0p1,71,4,138,ok,,0.2463768115942029,0.20507646559048429,0.26595441595441593,0.20511904761904762
direct_binned,bins2048_auc,xgboost_depth2,71,4,138,ok,,0.39855072463768115,0.14248704663212436,0.09963768115942029,0.25
direct_binned,bins2048_auc,svm_C1p0,72,4,138,ok,,0.3695652173913043,0.31103633563202293,0.3222232972136223,0.33481601731601734
direct_binned,bins2048_auc,logreg_C0p1,72,4,138,ok,,0.391304347826087,0.3319290952200922,0.3767090467671863,0.36967532467532466
direct_binned,bins2048_auc,xgboost_depth2,72,4,138,ok,,0.39855072463768115,0.14248704663212436,0.09963768115942029,0.25
direct_binned,bins2048_auc,svm_C1p0,73,4,138,ok,,0.34782608695652173,0.25833763759460354,0.2998301985370951,0.2722077922077922
direct_binned,bins2048_auc,logreg_C0p1,73,4,138,ok,,0.39855072463768115,0.3017899584076055,0.4372637944066516,0.3138636363636364
direct_binned,bins2048_auc,xgboost_depth2,73,4,138,ok,,0.39855072463768115,0.14248704663212436,0.09963768115942029,0.25
direct_binned,bins2048_auc,svm_C1p0,74,4,138,ok,,0.1956521739130435,0.1989466702424603,0.1891154188948307,0.2283982683982684
direct_binned,bins2048_auc,logreg_C0p1,74,4,138,ok,,0.2028985507246377,0.19948632209647157,0.20184857934857933,0.22465367965367966
direct_binned,bins2048_auc,xgboost_depth2,74,4,138,ok,,0.18115942028985507,0.07668711656441718,0.04528985507246377,0.25
direct_binned,bins2048_auc,svm_C1p0,75,4,138,ok,,0.2971014492753623,0.2687837381916329,0.28565124489037536,0.27759740259740256
direct_binned,bins2048_auc,logreg_C0p1,75,4,138,ok,,0.2608695652173913,0.24341322519288622,0.27066937119675455,0.25155844155844154
direct_binned,bins2048_auc,xgboost_depth2,75,4,138,ok,,0.21739130434782608,0.08928571428571429,0.05434782608695652,0.25
direct_binned,bins2048_auc,svm_C1p0,76,4,138,ok,,0.34057971014492755,0.31454992724851416,0.3700490669240669,0.3120670995670996
direct_binned,bins2048_auc,logreg_C0p1,76,4,138,ok,,0.34782608695652173,0.31165969289069595,0.36198623680241326,0.30737012987012985
direct_binned,bins2048_auc,xgboost_depth2,76,4,138,ok,,0.39855072463768115,0.14248704663212436,0.09963768115942029,0.25
direct_binned,bins2048_auc,svm_C1p0,77,4,138,ok,,0.2753623188405797,0.16413152282717497,0.16738058151609553,0.19785714285714284
direct_binned,bins2048_auc,logreg_C0p1,77,4,138,ok,,0.1956521739130435,0.1310327105629119,0.13663563829787234,0.14785714285714285
direct_binned,bins2048_auc,xgboost_depth2,77,4,138,ok,,0.39855072463768115,0.14248704663212436,0.09963768115942029,0.25
direct_binned,bins2048_auc,svm_C1p0,78,4,138,ok,,0.34782608695652173,0.2685364609892912,0.29492207139265963,0.29088744588744586
direct_binned,bins2048_auc,logreg_C0p1,78,4,138,ok,,0.32608695652173914,0.27045335971267376,0.3333094213295074,0.2967857142857143
direct_binned,bins2048_auc,xgboost_depth2,78,4,138,ok,,0.39855072463768115,0.14248704663212436,0.09963768115942029,0.25
direct_binned,bins2048_auc,svm_C1p0,79,4,138,ok,,0.2608695652173913,0.2376132625045694,0.28848088531187127,0.293008658008658
direct_binned,bins2048_auc,logreg_C0p1,79,4,138,ok,,0.26811594202898553,0.24511904219274655,0.3093676912796525,0.2975541125541125
direct_binned,bins2048_auc,xgboost_depth2,79,4,138,ok,,0.39855072463768115,0.14248704663212436,0.09963768115942029,0.25
direct_binned,bins2048_auc,svm_C1p0,80,4,138,ok,,0.26811594202898553,0.2657718324384991,0.30647556390977443,0.29474025974025975
direct_binned,bins2048_auc,logreg_C0p1,80,4,138,ok,,0.2463768115942029,0.24360179937479348,0.286302294197031,0.2588095238095238
direct_binned,bins2048_auc,xgboost_depth2,80,4,138,ok,,0.18115942028985507,0.07668711656441718,0.04528985507246377,0.25
direct_binned,bins2048_auc,svm_C1p0,81,4,138,ok,,0.3188405797101449,0.3092199785055716,0.38734455403087475,0.3329004329004329
direct_binned,bins2048_auc,logreg_C0p1,81,4,138,ok,,0.3333333333333333,0.3217616431723295,0.3987749169435216,0.34139610389610386
direct_binned,bins2048_auc,xgboost_depth2,81,4,138,ok,,0.18115942028985507,0.07668711656441718,0.04528985507246377,0.25
direct_binned,bins2048_auc,svm_C1p0,82,4,138,ok,,0.3188405797101449,0.2798664703096786,0.3081069393569394,0.28859307359307357
direct_binned,bins2048_auc,logreg_C0p1,82,4,138,ok,,0.3333333333333333,0.27636238779614464,0.2907806882383153,0.29506493506493503
direct_binned,bins2048_auc,xgboost_depth2,82,4,138,ok,,0.18115942028985507,0.07668711656441718,0.04528985507246377,0.25
direct_binned,bins2048_auc,svm_C1p0,83,4,138,ok,,0.2028985507246377,0.17394360123273694,0.17417859917859918,0.23278138528138526
direct_binned,bins2048_auc,logreg_C0p1,83,4,138,ok,,0.1956521739130435,0.1732706501984348,0.17367909867909867,0.22623376623376623
direct_binned,bins2048_auc,xgboost_depth2,83,4,138,ok,,0.2028985507246377,0.08433734939759036,0.050724637681159424,0.25
direct_binned,bins2048_auc,svm_C1p0,84,4,138,ok,,0.36231884057971014,0.3312991709465828,0.3551845760233918,0.33365800865800865
direct_binned,bins2048_auc,logreg_C0p1,84,4,138,ok,,0.34782608695652173,0.3149975738883124,0.32885265632610244,0.3108225108225108
direct_binned,bins2048_auc,xgboost_depth2,84,4,138,ok,,0.39855072463768115,0.14248704663212436,0.09963768115942029,0.25
direct_binned,bins2048_auc,svm_C1p0,85,4,138,ok,,0.2391304347826087,0.2259755960413855,0.26253494874184535,0.2684415584415584
direct_binned,bins2048_auc,logreg_C0p1,85,4,138,ok,,0.18840579710144928,0.18610556110556112,0.18318602693602692,0.2057251082251082
direct_binned,bins2048_auc,xgboost_depth2,85,4,138,ok,,0.21739130434782608,0.08928571428571429,0.05434782608695652,0.25
direct_binned,bins2048_auc,svm_C1p0,86,4,138,ok,,0.2536231884057971,0.21816624843639393,0.2559934017595308,0.2974134199134199
direct_binned,bins2048_auc,logreg_C0p1,86,4,138,ok,,0.2608695652173913,0.22855336031380907,0.2715277777777778,0.2986255411255411
direct_binned,bins2048_auc,xgboost_depth2,86,4,138,ok,,0.18115942028985507,0.07668711656441718,0.04528985507246377,0.25
direct_binned,bins2048_auc,svm_C1p0,87,4,138,ok,,0.3333333333333333,0.30086895399535474,0.31308384597858285,0.3188311688311688
direct_binned,bins2048_auc,logreg_C0p1,87,4,138,ok,,0.3695652173913043,0.33114469416458564,0.34570223438212494,0.33879870129870127
direct_binned,bins2048_auc,xgboost_depth2,87,4,138,ok,,0.39855072463768115,0.14248704663212436,0.09963768115942029,0.25
direct_binned,bins2048_auc,svm_C1p0,88,4,138,ok,,0.2246376811594203,0.22981898442653992,0.24288596367400717,0.23176406926406928
direct_binned,bins2048_auc,logreg_C0p1,88,4,138,ok,,0.2608695652173913,0.2385132382045269,0.25929633867276886,0.23235930735930735
direct_binned,bins2048_auc,xgboost_depth2,88,4,138,ok,,0.18115942028985507,0.07668711656441718,0.04528985507246377,0.25
direct_binned,bins2048_auc,svm_C1p0,89,4,138,ok,,0.2608695652173913,0.2482520325203252,0.28823984526112184,0.2810714285714286
direct_binned,bins2048_auc,logreg_C0p1,89,4,138,ok,,0.2536231884057971,0.241687123851758,0.28207671957671954,0.258495670995671
direct_binned,bins2048_auc,xgboost_depth2,89,4,138,ok,,0.39855072463768115,0.14248704663212436,0.09963768115942029,0.25
direct_binned,bins2048_auc,svm_C1p0,90,4,138,ok,,0.2318840579710145,0.2334013128545026,0.2447617752391314,0.23964285714285716
direct_binned,bins2048_auc,logreg_C0p1,90,4,138,ok,,0.2391304347826087,0.2425010948679187,0.25586659275683665,0.2555519480519481
direct_binned,bins2048_auc,xgboost_depth2,90,4,138,ok,,0.39855072463768115,0.14248704663212436,0.09963768115942029,0.25
direct_binned,bins2048_auc,svm_C1p0,91,4,138,ok,,0.2898550724637681,0.26141588710956076,0.2838203463203463,0.28937229437229434
direct_binned,bins2048_auc,logreg_C0p1,91,4,138,ok,,0.30434782608695654,0.26570750192619147,0.3777696318018898,0.3049891774891775
direct_binned,bins2048_auc,xgboost_depth2,91,4,138,ok,,0.21739130434782608,0.08928571428571429,0.05434782608695652,0.25
direct_binned,bins2048_auc,svm_C1p0,92,4,138,ok,,0.2246376811594203,0.23357017004359687,0.2695996458784182,0.24293290043290044
direct_binned,bins2048_auc,logreg_C0p1,92,4,138,ok,,0.21014492753623187,0.2090447154471545,0.22670857511283043,0.22936147186147182
direct_binned,bins2048_auc,xgboost_depth2,92,4,138,ok,,0.2028985507246377,0.08433734939759036,0.050724637681159424,0.25
direct_binned,bins2048_auc,svm_C1p0,93,4,138,ok,,0.2318840579710145,0.22631486160897926,0.2746212121212121,0.24269480519480519
direct_binned,bins2048_auc,logreg_C0p1,93,4,138,ok,,0.2391304347826087,0.23234873234873235,0.29408452102834265,0.24557359307359306
direct_binned,bins2048_auc,xgboost_depth2,93,4,138,ok,,0.21739130434782608,0.08928571428571429,0.05434782608695652,0.25
direct_binned,bins2048_auc,svm_C1p0,94,4,138,ok,,0.34057971014492755,0.24227686919661295,0.25085201609591856,0.25937229437229437
direct_binned,bins2048_auc,logreg_C0p1,94,4,138,ok,,0.34782608695652173,0.236657286021519,0.24945398449234765,0.25846320346320345
direct_binned,bins2048_auc,xgboost_depth2,94,4,138,ok,,0.2028985507246377,0.08433734939759036,0.050724637681159424,0.25
direct_binned,bins2048_auc,svm_C1p0,95,4,138,ok,,0.3188405797101449,0.2922999148573861,0.3226191825860212,0.319512987012987
direct_binned,bins2048_auc,logreg_C0p1,95,4,138,ok,,0.34057971014492755,0.30021300809424634,0.3162834578275755,0.3239069264069264
direct_binned,bins2048_auc,xgboost_depth2,95,4,138,ok,,0.21739130434782608,0.08928571428571429,0.05434782608695652,0.25
direct_binned,bins2048_auc,svm_C1p0,96,4,138,ok,,0.26811594202898553,0.2474439517122444,0.312041430089964,0.3002705627705628
direct_binned,bins2048_auc,logreg_C0p1,96,4,138,ok,,0.2753623188405797,0.2594059478098633,0.3006522616415763,0.2989069264069264
direct_binned,bins2048_auc,xgboost_depth2,96,4,138,ok,,0.39855072463768115,0.14248704663212436,0.09963768115942029,0.25
direct_binned,bins2048_auc,svm_C1p0,97,4,138,ok,,0.2463768115942029,0.2149861718965624,0.2392566782810685,0.2518831168831169
direct_binned,bins2048_auc,logreg_C0p1,97,4,138,ok,,0.2826086956521739,0.25803030303030305,0.29098495964783566,0.2975974025974026
direct_binned,bins2048_auc,xgboost_depth2,97,4,138,ok,,0.18115942028985507,0.07668711656441718,0.04528985507246377,0.25
direct_binned,bins2048_auc,svm_C1p0,98,4,138,ok,,0.2971014492753623,0.2614580314884575,0.275882711038961,0.26490259740259736
direct_binned,bins2048_auc,logreg_C0p1,98,4,138,ok,,0.30434782608695654,0.2579060068471833,0.28541666666666665,0.2612770562770563
direct_binned,bins2048_auc,xgboost_depth2,98,4,138,ok,,0.2028985507246377,0.08433734939759036,0.050724637681159424,0.25
direct_binned,bins2048_auc,svm_C1p0,99,4,138,ok,,0.21014492753623187,0.14195402298850573,0.1981060606060606,0.25156926406926405
direct_binned,bins2048_auc,logreg_C0p1,99,4,138,ok,,0.2246376811594203,0.15942410729890194,0.273543528632903,0.25687229437229436
direct_binned,bins2048_auc,xgboost_depth2,99,4,138,ok,,0.18115942028985507,0.07668711656441718,0.04528985507246377,0.25
direct_binned,bins2048_auc,svm_C1p0,100,4,138,ok,,0.15942028985507245,0.13225597931480285,0.15863303363303363,0.18801948051948053
direct_binned,bins2048_auc,logreg_C0p1,100,4,138,ok,,0.18115942028985507,0.15156125392721997,0.19975674480318442,0.21587662337662336
direct_binned,bins2048_auc,xgboost_depth2,100,4,138,ok,,0.39855072463768115,0.14248704663212436,0.09963768115942029,0.25
