epoch,split,lr,loss,balanced_loss,raw_loss,masked_loss,unmasked_loss,jigsaw_loss,coverage_loss,masked_loss_norm,unmasked_loss_norm,jigsaw_loss_norm,coverage_loss_norm,peak_bin_frac,masked_peak_bins_mean,jigsaw_token_accuracy,mask_ratio
1,train,2.9999999999999997e-05,1.495487630367279,1.495487630367279,5.212141371955556,0.02955037173006899,0.026560667097907175,5.179934923313866,0.0,0.47076327039683163,0.3852019973160807,0.9862041569445744,0.0,0.171875,8.792613636363637,0.024825587422271405,0.3989940465481813
1,val,2.9999999999999997e-05,1.4392982604073696,1.4392982604073696,5.009434637476186,0.005184665940640891,0.001581514225585661,5.004091817824567,0.0,0.43406933863632013,0.20631985732766447,0.9845969325206319,0.0,0.17187500024428132,8.728044509887695,0.04121273853739754,0.3957668191096822
2,train,5.9999999999999995e-05,1.9556281931144146,1.9556281931144146,4.952667679668458,0.007139586256663046,0.0033973769865899292,4.9451883686475515,0.0,0.8814758485998989,0.8107383970386726,0.9930785061899295,0.0,0.171875,8.823906681754373,0.045566106969413676,0.40078306592200413
2,val,5.9999999999999995e-05,1.6664281516778665,1.6664281516778665,4.874562583985876,0.0044060519392617415,0.000547180615449477,4.870101788004891,0.0,0.6567433324993633,0.1813310848884895,0.9915517265679407,0.0,0.17187500024428132,8.728044509887695,0.06568283331198771,0.3957668191096822
3,train,8.999999999999999e-05,2.0483891436876345,2.0483891436876345,4.8660598136176745,0.00561668172436343,0.0022572216819317565,4.860217417567229,0.0,0.9596181960145304,0.915394232539106,0.997231523852703,0.0,0.171875,8.759168388429751,0.056836593249612606,0.39850509265237605
3,val,8.999999999999999e-05,1.7070036618435969,1.7070036618435969,4.805032933344607,0.0038870314048358896,0.0003188076628501848,4.801114027617408,0.0,0.7000049440587153,0.1603784995977996,0.9909608686556581,0.0,0.17187500024428132,8.728044509887695,0.07358938748719263,0.3957668191096822
4,train,0.00011999999999999999,2.011009940923738,2.011009940923738,4.810013514904936,0.004501649794315011,0.001203889764214227,4.805391463366422,0.0,0.9297951765296874,0.8342803911236693,0.9977867278185758,0.0,0.171875,8.79782197101057,0.06112065592642166,0.4004000409329233
4,val,0.00011999999999999999,1.9268224317519391,1.9268224317519391,4.748115258138688,0.0036777919444606687,0.0001848618011849123,4.744418980645352,0.0,0.9157540851929149,0.2104890813104442,0.9900194484679425,0.0,0.17187500024428132,8.728044509887695,0.07651107037653689,0.3957668191096822
5,train,0.00015,2.040388982158062,2.040388982158062,4.756697822208247,0.0036366850499463966,0.0004357167791184577,4.753017563465213,0.0,0.9626609334522043,0.7996037737889723,0.9977676718195608,0.0,0.171875,8.771005512269076,0.06529929421164772,0.3989590731534091
5,val,0.00015,2.027830987680154,2.027830987680154,4.7115317485371575,0.003445445586637151,9.744143357775251e-05,4.708076555220807,0.0,1.0047334613370114,0.29772834748518273,0.9933246989719203,0.0,0.17187500024428132,8.728044509887695,0.08212830590420082,0.3957668191096822
6,train,0.00017999999999999998,2.0780459174439927,2.0780459174439927,4.724761667330403,0.0032632716244456075,0.00019078852662557835,4.721479311462276,0.0,0.9936294205917799,0.8540400076996196,0.9990124948753798,0.0,0.171875,8.76915461563867,0.06888574016980889,0.39908147978881175
6,val,0.00017999999999999998,1.9593138518880626,1.9593138518880626,4.6926169239106725,0.003214406632039635,5.2819339752666746e-05,4.689397264699467,0.0,0.9319813349207894,0.33114122147442865,0.9942183983130534,0.0,0.17187500024428132,8.728044509887695,0.08575539510758197,0.3957668191096822
7,train,0.00020999999999999998,2.0277386741204695,2.0277386741204695,4.704049204991868,0.0030363102151034784,0.00010654321787032214,4.701002237225367,0.0,0.9413229432726694,0.8747489678958231,0.9989408424570541,0.0,0.171875,8.827694559885451,0.07201501095959963,0.40077835801711753
7,val,0.00020999999999999998,2.215755585764275,2.215755585764275,4.664520654522005,0.003119563563635237,4.339895447807722e-05,4.66139678486058,0.0,1.1719074307895097,0.5038621777393779,0.9934619401322037,0.0,0.17187500024428132,8.728044509887695,0.08996782146516394,0.3957668191096822
8,train,0.00023999999999999998,2.077380551779566,2.077380551779566,4.681580592778103,0.0028702025777998974,7.77629935959535e-05,4.678702626346556,0.0,0.9839411385295805,0.9420350974748942,0.9992359041675063,0.0,0.171875,8.853090566051893,0.07622240138940575,0.4022980157501441
8,val,0.00023999999999999998,2.173687753130178,2.173687753130178,4.650034068060703,0.002897338657334569,2.326233976925666e-05,4.647134382216657,0.0,1.144704269092591,0.34819777651888423,0.9941637154485359,0.0,0.17187500024428132,8.728044509887695,0.0940371654072746,0.3957668191096822
9,train,0.00027,2.1179432701473395,2.1179432701473395,4.662922065120098,0.002704512715158784,5.040453868802186e-05,4.660212510873463,0.0,1.0265273331118023,0.9232370580030866,0.9990922313583784,0.0,0.171875,8.789342287158178,0.0796742505155319,0.398514844908202
9,val,0.00027,2.033953142947838,2.033953142947838,4.6253572526525275,0.0028758452724298982,3.5658910910868026e-05,4.622477797211194,0.0,0.9630150961094215,0.7760958437059746,0.993328471652797,0.0,0.17187500024428132,8.728044509887695,0.09849573354252049,0.3957668191096822
10,train,0.0003,2.056279463216293,2.056279463216293,4.642839524371565,0.00263126147478003,3.5066896893383746e-05,4.640204752772307,0.0,0.966517034517832,0.9085247105310771,0.998909949517447,0.0,0.171875,8.772382921423794,0.08417807334710743,0.4005749075373342
10,val,0.0003,1.988350811551829,1.988350811551829,4.60405047213445,0.0024210521569628207,1.9825803199219975e-05,4.601627428023542,0.0,0.9266536993081452,0.6751518645247475,0.9941819251560774,0.0,0.17187500024428132,8.728044509887695,0.1030823754482582,0.3957668191096822
11,train,0.0003,2.065146537359096,2.065146537359096,4.620533882093824,0.0023657874057977655,2.4900259128372448e-05,4.6181656132059645,0.0,0.9687845410147974,0.9722528844332892,0.9991367025808855,0.0,0.171875,8.832773760330578,0.0879454389522391,0.40168093846849173
11,val,0.0003,2.1009181171167093,2.1009181171167093,4.569199546438749,0.0024588704300036682,1.0243349740941069e-05,4.566739652977615,0.0,1.0703780196729253,0.3968340226861297,0.990856695370596,0.0,0.17187500024428132,8.728044509887695,0.10888771932633197,0.3957668191096822
12,train,0.0002999951495796209,2.1372245392523523,2.1372245392523523,4.594650883319949,0.00250086988455208,1.769059965662872e-05,4.592148252755157,0.0,1.0468062789233263,0.9164176632550137,0.9987764944714949,0.0,0.171875,8.793044078448586,0.09191633914866723,0.3999850690857438
12,val,0.0002999951495796209,1.9026667739524217,1.9026667739524217,4.54265582756918,0.0025746963544153287,9.698391772499385e-06,4.5400801486656315,0.0,0.8551575722264462,0.5647036579788708,0.9910388344624004,0.0,0.17187500024428132,8.728044509887695,0.11261986904456968,0.3957668191096822
13,train,0.0002999805986332205,2.050021998153245,2.050021998153245,4.5736993620218325,0.0022881351811099367,1.3211422265909684e-05,4.571409905252378,0.0,0.9569128748060258,0.9393565009448154,0.9991734742133085,0.0,0.171875,8.78314394005074,0.09557424501077202,0.39911678938333656
13,val,0.0002999805986332205,1.9430185595496756,1.9430185595496756,4.519184855164075,0.0022393077818035592,7.792387939426574e-06,4.5169447523648625,0.0,0.8921284226120495,0.608721523011317,0.9900179778943297,0.0,0.17187500024428132,8.728044509887695,0.11683529713114754,0.3957668191096822
14,train,0.00029995634810498883,2.043713619393751,2.043713619393751,4.5528202372149,0.0022229093741741,1.0520067695504937e-05,4.55059629432426,0.0,0.9513878837104671,0.9303073966798704,0.9992949999560995,0.0,0.171875,8.760588842975206,0.09922601368801653,0.3997180613358159
14,val,0.00029995634810498883,2.1282454533655137,2.1282454533655137,4.485946592737417,0.002185424751617381,6.033514279404132e-06,4.483760567962146,0.0,1.075985945639063,0.6609040044370245,0.9861691115332432,0.0,0.17187500024428132,8.728044509887695,0.12308189517161885,0.3957668191096822
15,train,0.0002999223995685079,2.0912088042448373,2.0912088042448373,4.534732525013695,0.002130834694108964,8.642612473605285e-06,4.532600826468349,0.0,0.9955701648203794,0.9643213157811441,0.9992065114423263,0.0,0.171875,8.795368458613876,0.10218268780668904,0.3997073003575822
15,val,0.0002999223995685079,2.0388691112643382,2.0388691112643382,4.475884859679176,0.0020359440260093475,4.511017915901306e-06,4.473848413248531,0.0,0.9925732153360961,0.5844667202136555,0.9878492365117932,0.0,0.17187500024428132,8.728044509887695,0.12401943519467214,0.3957668191096822
16,train,0.0002998787552266496,2.0787045817729854,2.0787045817729854,4.519634796568185,0.002121705800479601,8.633422379160429e-06,4.517512222952094,0.0,0.980299892258053,0.9906044455845494,0.9993442437372917,0.0,0.171875,8.822012743674033,0.10500543770834433,0.40036977556618775
16,val,0.0002998787552266496,2.131660858138663,2.131660858138663,4.45544285852401,0.0020806438673180755,4.210035882113247e-06,4.453361769191554,0.0,1.0893459960085448,0.5580365740862049,0.9865112031092409,0.0,0.17187500024428132,8.728044509887695,0.12869712954661885,0.3957668191096822
17,train,0.0002998254179114328,2.110155367161617,2.110155367161617,4.501604164927459,0.002021339279888121,7.550575345185054e-06,4.499582062082842,0.0,1.0098432477348107,1.009369270491206,0.9993751938185416,0.0,0.171875,8.787706611570249,0.10870916193181818,0.4003247138389871
17,val,0.0002998254179114328,2.0361791497371238,2.0361791497371238,4.444303192076136,0.002035762443871344,3.997547008141543e-06,4.442267027057585,0.0,1.0009978662748806,0.48091045803711063,0.9870902251024716,0.0,0.17187500024428132,8.728044509887695,0.13294057377049182,0.3957668191096822
18,train,0.0002997623910838393,2.1115716099739075,2.1115716099739075,4.486739692609172,0.0019964465875301728,5.698559299868847e-06,4.4847426749457995,0.0,1.0146450796895776,0.9771125796905233,0.9992152720936074,0.0,0.171875,8.781379132231406,0.11160328762590392,0.3992751781359192
18,val,0.0002997623910838393,2.009963143067282,2.009963143067282,4.417935410483938,0.0019442940943828616,1.25772037373266e-05,4.4159898367084445,0.0,0.8625337896776981,1.6237221096382766,0.9850571429143187,0.0,0.17187500024428132,8.728044509887695,0.13692486872438525,0.3957668191096822
19,train,0.00029968967883358983,2.1106423183906178,2.1106423183906178,4.471487874827109,0.0020172122802416034,5.257587072114539e-06,4.469470138392173,0.0,1.0189270533559736,0.9232192367068992,0.9993933461421778,0.0,0.171875,8.789256198347108,0.11537687443504649,0.4000866262873342
19,val,0.00029968967883358983,2.0735336542129517,2.0735336542129517,4.410165638220115,0.0025446083640954533,5.322211068158169e-06,4.407620492528697,0.0,0.988356564377175,0.9904088084814978,0.9861362029294498,0.0,0.17187500024428132,8.728044509887695,0.1388799948770492,0.3957668191096822
20,train,0.00029960728587887794,2.0269464416937395,2.0269464416937395,4.458951469295281,0.0019413384739771363,5.708699814397936e-06,4.4570095716429154,0.0,0.933122437478097,0.9467288410860645,0.9991511244419192,0.0,0.171875,8.799156338715356,0.11821744726462798,0.39938985020661155
20,val,0.00029960728587887794,2.816542871662828,2.816542871662828,4.405568052510747,0.0031816957625331447,6.096396683445715e-06,4.402385750754934,0.0,1.6840814420434296,1.433632321045047,0.9890982029867954,0.0,0.17187500024428132,8.728044509887695,0.14201780225409835,0.3957668191096822
21,train,0.0002995152175660644,2.06806535513933,2.06806535513933,4.4453321961331955,0.0017701975093511787,4.063482420364877e-06,4.443561607155918,0.0,0.9711975652324266,0.9757622182369232,0.9992915643148186,0.0,0.171875,8.88205923127734,0.12156673046675595,0.40306641974232416
21,val,0.0002995152175660644,2.0507599388966793,2.0507599388966793,4.381657584768827,0.0016241843094591236,3.4101798720540934e-06,4.3800330552898465,0.0,0.974384033289112,0.8885504876981016,0.9875208540040938,0.0,0.17187500024428132,8.728044509887695,0.14650238537397542,0.3957668191096822
22,train,0.00029941347986933015,2.147618168641713,2.147618168641713,4.432435140136845,0.0017403521108891322,6.045527690489996e-06,4.430694180086625,0.0,1.025629683097532,1.2268630741548932,0.9993021729563879,0.0,0.171875,8.783875690018835,0.12512803933590896,0.39901186944532
22,val,0.00029941347986933015,1.9484409758302033,1.9484409758302033,4.362468242645264,0.0016654785321720067,1.162788604218446e-05,4.360801618607318,0.0,0.8706938106505597,0.9117304799986667,0.9865741143461133,0.0,0.17187500024428132,8.728044509887695,0.15189949410860656,0.3957668191096822
23,train,0.00029930207939028844,2.065254817816837,2.065254817816837,4.423881312047154,0.00172939154580197,5.314826993082894e-06,4.422151398067632,0.0,0.9863851458326844,0.7919790521879827,0.9996717641176271,0.0,0.171875,8.77087638003767,0.12618228288228847,0.39987073333795403
23,val,0.00029930207939028844,2.012609528713539,2.012609528713539,4.353479479180008,0.0017676277441110034,2.4139163210971586e-06,4.351711601507469,0.0,0.9747397582061955,0.5176061040065327,0.9861091648946043,0.0,0.17187500024428132,8.728044509887695,0.15320024334016394,0.3957668191096822
24,train,0.0002991810233575568,2.0834303532750154,2.0834303532750154,4.407861240639174,0.001747403074727463,3.860404080648347e-06,4.406113441325417,0.0,0.991619384485828,0.923167326603054,0.9994942363628672,0.0,0.171875,8.851540979275034,0.13008617896063268,0.4004726778130886
24,val,0.0002991810233575568,1.9791123632524834,1.9791123632524834,4.3342723690095495,0.0016549617618887274,2.0354781159379646e-06,4.332617212514409,0.0,0.9326901719218395,0.6218895917056037,0.9842332376808417,0.0,0.17187500024428132,8.728044509887695,0.15455802542264344,0.3957668191096822
25,train,0.00029905031962628776,2.0914272976315713,2.0914272976315713,4.38611353724456,0.0018277631967697939,2.9339619025201746e-06,4.384285479537712,0.0,0.9939450200431603,0.9848652718480954,0.9989957496647007,0.0,0.171875,8.802298553719009,0.13393837164256198,0.39860194182592973
25,val,0.00029905031962628776,2.1477826149737247,2.1477826149737247,4.2987166232750065,0.0019462325535790964,2.531286882600159e-06,4.296770150544213,0.0,1.0851322861968493,0.8171293549850339,0.9809373929852345,0.0,0.17187500024428132,8.728044509887695,0.16216340612192623,0.3957668191096822
26,train,0.00029890997667765903,2.0945354931610676,2.0945354931610676,4.378413580665904,0.0017589099935163583,4.8870795145068e-06,4.3766541756874275,0.0,0.9911159187062712,1.0344212685734773,0.9999774475235584,0.0,0.171875,8.805871214748414,0.1345597364562602,0.3998616537279334
26,val,0.00029890997667765903,1.962430049161442,1.962430049161442,4.290143458569636,0.0016104466736041865,2.561389703528295e-06,4.288532733917236,0.0,0.9189502430743859,0.6432065050132939,0.9791591431273788,0.0,0.17187500024428132,8.728044509887695,0.1631950003201844,0.3957668191096822
27,train,0.0002987600036183235,2.0831005666866775,2.0831005666866775,4.351427629959485,0.0016288991150646354,3.100894800790537e-06,4.3497984192588115,0.0,0.9858276316942263,0.9891103999920128,0.9983618966311463,0.0,0.171875,8.827048900698827,0.13921824898108964,0.4005375802516937
27,val,0.0002987600036183235,2.519780909428831,2.519780909428831,4.253063975787554,0.0015052450337966325,2.4802670880296212e-05,4.251556271412333,0.0,0.9125101878994801,6.2867508911695635,0.978595606616286,0.0,0.17187500024428132,8.728044509887695,0.1694916271772541,0.3957668191096822
28,train,0.000298600410179818,2.0964362700123433,2.0964362700123433,4.338967892749251,0.0016518021822610701,4.204687915382448e-06,4.337315648055274,0.0,0.9981938502020087,0.9862369073570267,0.9996187273135855,0.0,0.171875,8.823906681754373,0.14220821500317124,0.39952268162049537
28,val,0.000298600410179818,1.875090229706686,1.875090229706686,4.244942414956014,0.0014127941027314204,1.933885509523131e-06,4.243529413567215,0.0,0.8459000450665833,0.5060853156887117,0.9785816464267794,0.0,0.17187500024428132,8.728044509887695,0.17221019307120902,0.3957668191096822
29,train,0.00029843120671793215,2.0856583896747307,2.0856583896747307,4.322196919070787,0.001580616963636669,2.9897845906854237e-06,4.320616004880795,0.0,0.9914191244554914,0.9459126441439322,0.9996480104351831,0.0,0.171875,8.779356061919662,0.1435614972075155,0.4004541822701446
29,val,0.00029843120671793215,1.979350136928871,1.979350136928871,4.2184128839461525,0.0015348325117078962,1.8412075465288373e-06,4.216877866963872,0.0,0.9449529330261418,0.6027641628609329,0.9741207918182748,0.0,0.17187500024428132,8.728044509887695,0.17526195088370902,0.3957668191096822
30,train,0.000298252404212036,2.103583682174525,2.103583682174525,4.308034372723792,0.001636715201287692,4.9224878100274e-06,4.306397174015518,0.0,1.0050546879118138,1.0040526334658142,0.9981237337116368,0.0,0.171875,8.81353305785124,0.1474795170928821,0.3992593729298962
30,val,0.000298252404212036,1.9951825923606998,1.9951825923606998,4.209459296992568,0.0014984326295890524,4.4632668087600545e-06,4.207960410196273,0.0,0.8887316452675178,1.2534897825757012,0.9811019672722113,0.0,0.17187500024428132,8.728044509887695,0.17973052478227458,0.3957668191096822
31,train,0.0002980640142643679,2.0902221390038482,2.0902221390038482,4.2874009865374605,0.001535314327675449,4.607894862030572e-06,4.285865224097386,0.0,1.0019852356477217,0.8852393458451121,0.9997129649662775,0.0,0.171875,8.814092632167595,0.1510151004003099,0.4000311397816524
31,val,0.0002980640142643679,2.21332124608462,2.21332124608462,4.178834110009865,0.0019982151837912615,3.1696257397537712e-06,4.176835591675805,0.0,1.1598220897502587,0.782801205994653,0.9752190191237653,0.0,0.17187500024428132,8.728044509887695,0.18433417648565573,0.3957668191096822
32,train,0.00029786604909928175,2.0907099404610876,2.0907099404610876,4.259671577737351,0.0015836505549825144,3.1916541400669075e-06,4.258087609425064,0.0,0.9953712132597757,0.9641472673859478,0.9989239984800008,0.0,0.171875,8.89286329332462,0.15580081151536673,0.4026053773223861
32,val,0.00029786604909928175,2.0706919079921287,2.0706919079921287,4.15564890376857,0.0017475552492408602,2.4624250280063935e-06,4.153901084524686,0.0,1.0249752182452405,0.7069439204012762,0.9750222876423695,0.0,0.17187500024428132,8.728044509887695,0.18774314004866804,0.3957668191096822
33,train,0.00029765852156245334,2.0481283723815413,2.0481283723815413,4.245896532515849,0.0015380233413181922,2.3348265819760312e-06,4.244358273577099,0.0,0.9615030344113831,0.8765111261409176,0.9989742282008337,0.0,0.171875,8.886751033057852,0.15747322523889462,0.40403188494118775
33,val,0.00029765852156245334,1.974169617793599,1.974169617793599,4.137857382414771,0.0013293123471962867,1.3664947955550785e-06,4.136527944783696,0.0,0.9281180628010484,0.70184546953342,0.9758670154165049,0.0,0.17187500024428132,8.728044509887695,0.19083492091444673,0.3957668191096822
34,train,0.0002974414451200471,2.1425481689862966,2.1425481689862966,4.237251833450696,0.0014547692260162305,7.484279245819973e-06,4.235796305758894,0.0,1.01876892949924,1.231884563326343,1.0005907729144925,0.0,0.171875,8.785984851112051,0.15931697460738095,0.40072455287964875
34,val,0.0002974414451200471,2.0407110452651978,2.0407110452651978,4.138936253844714,0.0016041840168983354,3.975957672649157e-06,4.13733166553935,0.0,1.0104824372979462,0.5702434441105264,0.9732042678066941,0.0,0.17187500024428132,8.728044509887695,0.18724185130635246,0.3957668191096822
35,train,0.0002972148338578423,2.08764749617616,2.08764749617616,4.231568695099885,0.0014574213284414168,6.147626147444235e-06,4.230110664998204,0.0,0.9997083335375982,0.8887832606873236,0.9990608376904953,0.0,0.171875,8.799285470946762,0.16178410635753113,0.3995257081571689
35,val,0.0002972148338578423,2.186428843951616,2.186428843951616,4.132684985145193,0.0016056284657679498,9.32151817592132e-06,4.131078426955177,0.0,1.0015932443689128,2.08592396681426,0.976243196940813,0.0,0.17187500024428132,8.728044509887695,0.19305319864241804,0.3957668191096822
36,train,0.00029697870248031897,2.0384293262623556,2.0384293262623556,4.201061656652403,0.0013989043488909975,3.140687115864397e-06,4.199662446975708,0.0,0.9588647729848042,0.8180465632972639,0.9977598998172224,0.0,0.171875,8.764634987539496,0.1679097325348657,0.39847180074896693
36,val,0.00029697870248031897,1.9831331401574808,1.9831331401574808,4.089234477183858,0.0012376577875836462,1.3763856631918376e-06,4.087996643097674,0.0,0.9398072518286158,0.6652662695431318,0.9767992691915544,0.0,0.17187500024428132,8.728044509887695,0.20121690093493852,0.3957668191096822
37,train,0.0002967330663097039,2.110326798001597,2.110326798001597,4.169656984077013,0.0013710312205674666,1.999709861912597e-06,4.168285740308525,0.0,1.0105737075825367,1.0083326002783026,0.9989198382235756,0.0,0.171875,8.803116392498174,0.1722829939782127,0.3994113722862291
37,val,0.0002967330663097039,1.9143985861637554,1.9143985861637554,4.057181166820839,0.0012284067858270079,1.4019838351382756e-06,4.055952591974227,0.0,0.8772124320757194,0.6286828596083844,0.9743178877674166,0.0,0.17187500024428132,8.728044509887695,0.20589059298155737,0.3957668191096822
38,train,0.00029647794128497614,2.082977702302381,2.082977702302381,4.174135771664706,0.0013197203770987998,2.848178977896063e-06,4.17281576621631,0.0,0.9806284062133348,1.0218902996256332,1.0001602643284917,0.0,0.171875,8.848657024793388,0.17182607099044422,0.40147816051136365
38,val,0.00029647794128497614,1.9702327485944404,1.9702327485944404,4.073235515688286,0.0012049666218474874,1.3886201178943562e-06,4.072030384032453,0.0,0.9403942315304865,0.524423503973445,0.9773961637840897,0.0,0.17187500024428132,8.728044509887695,0.2056064293032787,0.3957668191096822
39,train,0.00029621334396083294,2.0930657160183617,2.0930657160183617,4.16766912483972,0.001355437426452625,2.256389096884944e-06,4.166313463006138,0.0,0.9982582777738571,0.9447892724482481,1.0003285218368878,0.0,0.171875,8.849560950413224,0.1738058462862141,0.4009888704158058
39,val,0.00029621334396083294,2.6639817230037,2.6639817230037,4.05656774317632,0.0012013574272058294,1.6019217045901373e-05,4.05536479246421,0.0,0.9309971122468104,7.611758196940188,0.9718087647781998,0.0,0.17187500024428132,8.728044509887695,0.2089383484887295,0.3957668191096822
40,train,0.00029593929150661545,2.111559671311339,2.111559671311339,4.181694941087202,0.001363807092545831,2.6335012202523576e-05,4.18032850903913,0.0,1.0205665095285936,0.9172668689477049,0.9992664774094732,0.0,0.171875,8.765323694087257,0.172314772613285,0.39883834800936957
40,val,0.00029593929150661545,1.9302370528705786,1.9302370528705786,4.041647789908237,0.001324433232676696,1.417484151127118e-06,4.040323222269778,0.0,0.9163964947716134,0.4213136788762984,0.971709183005036,0.0,0.17187500024428132,8.728044509887695,0.20908043032786885,0.3957668191096822
41,train,0.00029565580170519477,2.069939050300062,2.069939050300062,4.1285324510464,0.0012920203506619446,2.9588425915737526e-06,4.127240138605607,0.0,0.972486743995966,0.9882679587799655,0.9986255063005716,0.0,0.171875,8.78150826446281,0.18067541201252582,0.3992321340998342
41,val,0.00029565580170519477,1.9408473147720586,1.9408473147720586,4.043890933521459,0.0011777920256269576,1.4418637585892655e-06,4.042712993309146,0.0,0.9231605505357023,0.3879258701058685,0.9788941506479607,0.0,0.17187500024428132,8.728044509887695,0.21365606589395492,0.3957668191096822
42,train,0.00029536289295181776,2.0640251104496725,2.0640251104496725,4.1257083780509385,0.0012002664712961947,2.3181214300549516e-06,4.124507874496712,0.0,0.9768689620839662,0.876077707887681,0.9995483842270434,0.0,0.171875,8.802599863572555,0.18189182754390495,0.40013639591942146
42,val,0.00029536289295181776,2.0237545322199337,2.0237545322199337,4.0146683825821174,0.0011222641676526944,1.4160049465213202e-06,4.013545986081733,0.0,0.9821143199185856,0.6764876803413766,0.9739914575561148,0.0,0.17187500024428132,8.728044509887695,0.21606845543032788,0.3957668191096822
43,train,0.0002950605842529138,2.1529523631757943,2.1529523631757943,4.120961372517357,0.0011867389175752256,1.4860290113296483e-05,4.11977315343116,0.0,1.0191051951370949,1.3274027786163751,1.0011068984004092,0.0,0.171875,8.781809574316355,0.18355667492574898,0.39979708761223093
43,val,0.0002950605842529138,2.006636553123349,2.006636553123349,4.050252617382612,0.0012788706693844106,2.9333315799957463e-06,4.048973474346224,0.0,1.012628796159244,0.16788317360838906,0.9772194418750826,0.0,0.17187500024428132,8.728044509887695,0.2110235495645492,0.3957668191096822
44,train,0.00029474889522486093,2.06578334500967,2.06578334500967,4.123207861726934,0.0011822560512025895,4.09316336279231e-06,4.122025191291304,0.0,0.9895962113437574,0.7798334236664712,0.998203790631176,0.0,0.171875,8.82915805785124,0.18351009993021153,0.4007793668626754
44,val,0.00029474889522486093,2.0400605025838634,2.0400605025838634,3.9973111973434197,0.0011373851772733643,7.978102985362057e-06,3.9961730104977966,0.0,0.9416328600195588,1.2536867876521876,0.973058961453985,0.0,0.17187500024428132,8.728044509887695,0.22005975441854508,0.3957668191096822
45,train,0.0002944278460927137,2.055585426732528,2.055585426732528,4.085154373783711,0.0011434385044046115,2.2924114288745977e-06,4.0840107133565855,0.0,0.9808776680349318,0.763139700409302,0.9983937952144086,0.0,0.171875,8.784908747870075,0.18992837536926113,0.39997128157083656
45,val,0.0002944278460927137,2.0199064602617356,2.0199064602617356,3.978157668817239,0.00108391160601521,1.267566495161951e-06,3.9770736381655833,0.0,0.9815802974779098,0.6221297573847849,0.9761131845536779,0.0,0.17187500024428132,8.728044509887695,0.22540183145491804,0.3957668191096822
46,train,0.00029409745768889015,2.1232191388272055,2.1232191388272055,4.089999808752832,0.0011104466567972429,9.644523850535607e-06,4.088888393945931,0.0,1.00493251932554,1.1636119557252107,1.00192542287929,0.0,0.171875,8.774190772663463,0.18877064098011365,0.3990545772816524
46,val,0.00029409745768889015,2.0859443633282773,2.0859443633282773,4.036933461173636,0.0011017394006885893,8.363459759583167e-06,4.0358309003173325,0.0,0.9685049770308323,1.3629077516618322,0.9811486054639347,0.0,0.17187500024428132,8.728044509887695,0.21574226754610656,0.3957668191096822
47,train,0.0002937577514518203,2.085348835168791,2.085348835168791,4.079377315261147,0.0011781892873450714,1.757480337701505e-06,4.078198943256346,0.0,1.015909630158716,0.7176209466516479,0.9976771062563273,0.0,0.171875,8.851239669421487,0.19195817263165782,0.40219982140812993
47,val,0.0002937577514518203,1.9186116847835604,1.9186116847835604,3.948017343145902,0.0011048866502681106,1.0875929709326272e-06,3.9469123551102934,0.0,0.8786040495653622,0.6941477749191347,0.9705928642241681,0.0,0.17187500024428132,8.728044509887695,0.22944716156506148,0.3957668191096822
48,train,0.0002934087494245552,2.0858715999224953,2.0858715999224953,4.063595562926994,0.00111169732259471,2.425130556140393e-06,4.062483623993298,0.0,0.9787672378800132,1.0701096508621184,1.0000933864392525,0.0,0.171875,8.880724863572555,0.19555521140660137,0.4027368635678094
48,val,0.0002934087494245552,1.9219515225926385,1.9219515225926385,3.943275819059278,0.0010356100693108422,1.04905139129992e-06,3.942240101392152,0.0,0.9084689783268287,0.4449609349497029,0.9689864526029492,0.0,0.17187500024428132,8.728044509887695,0.23018558689805327,0.3957668191096822
49,train,0.00029305047425333603,2.0674471924127626,2.0674471924127626,4.064866550697768,0.001094373767331535,2.786862240350086e-06,4.06377188725905,0.0,0.9754362789806256,0.922976460215474,0.9997132634821017,0.0,0.171875,8.78245523547338,0.195648193359375,0.3995482389591942
49,val,0.00029305047425333603,1.9962557671500034,1.9962557671500034,3.9404470920562744,0.0009654844804766175,1.3023068565983478e-06,3.939481469451404,0.0,0.9509416716020616,0.756440767499267,0.9696700318914945,0.0,0.17187500024428132,8.728044509887695,0.2332633596951844,0.3957668191096822
50,train,0.0002926829491861255,2.10618097772283,2.10618097772283,4.058238381196644,0.0011005459220075503,2.708229549086377e-06,4.057137573060911,0.0,1.0042205762025738,1.0267982985362534,0.9992805643022553,0.0,0.171875,8.844352619707092,0.1971709616790133,0.40184538029442146
50,val,0.0002926829491861255,2.0133418919610198,2.0133418919610198,3.9329735920077464,0.0010226817313032071,1.4435999904979654e-06,3.9319507606693955,0.0,0.9756766484409082,0.6641358503552733,0.9712516567746147,0.0,0.17187500024428132,8.728044509887695,0.2336826011782787,0.3957668191096822
51,train,0.0002923061980710982,2.1406056215940428,2.1406056215940428,4.042280107490288,0.0010749179230568054,4.965673126154933e-06,4.041204684036822,0.0,1.0126907994185597,1.282574108686329,0.9996574136836469,0.0,0.171875,8.759254479211224,0.20119684392755682,0.39791357295572266
51,val,0.0002923061980710982,1.8792337296439,1.8792337296439,3.945926857776329,0.0009873685914618497,3.3105960207395865e-06,3.9449391677731374,0.0,0.875749772200819,0.27385858800567564,0.9760980977386725,0.0,0.17187500024428132,8.728044509887695,0.23556468525870902,0.3957668191096822
52,train,0.0002919202453550944,2.092020505715993,2.092020505715993,4.057230710983276,0.0010352285429960394,5.400464610660538e-06,4.056194937918797,0.0,0.9902460677318337,1.0223817894897185,0.9995362509873288,0.0,0.171875,8.768293735409571,0.19918730768783033,0.39800605042414233
52,val,0.0002919202453550944,2.5322818091658297,2.5322818091658297,3.9149477833607156,0.001074792798627626,9.14088582174402e-05,3.913863862147097,0.0,0.990464913063362,5.7119861000874,0.9706182733910983,0.0,0.17187500024428132,8.728044509887695,0.2413200003201844,0.3957668191096822
53,train,0.00029152511608203255,2.0540740716555885,2.0540740716555885,4.042765660719438,0.0010590624478636,4.100003689591326e-06,4.041706190621557,0.0,0.9846425870479631,0.6978828950731222,0.9996431999462695,0.0,0.171875,8.81559917355372,0.2012573746610279,0.4007921455320248
53,val,0.00029152511608203255,2.1876625213466707,2.1876625213466707,3.9032072200149788,0.0009370703774038702,1.14465547383469e-05,3.902269003821201,0.0,0.9164255320048723,3.017979592573447,0.9694390140595983,0.0,0.17187500024428132,8.728044509887695,0.24180728099385246,0.3957668191096822
54,train,0.000291120835891285,2.115539636001114,2.115539636001114,4.031198210952696,0.001067519399831995,3.928599888950877e-06,4.030130292758469,0.0,1.009643316515221,1.059615287960561,0.9999347917797151,0.0,0.171875,8.798639809789737,0.20411366864669422,0.4000711572810638
54,val,0.000291120835891285,1.838133837355942,1.838133837355942,3.885395671500534,0.0008902063695370357,3.313309199987342e-06,3.884505139022577,0.0,0.8173834705939058,0.554235652089119,0.9653268006981396,0.0,0.17187500024428132,8.728044509887695,0.24495209240522542,0.3957668191096822
55,train,0.0002907074310160141,2.04473682573019,2.04473682573019,4.021149171285392,0.0010352418589605833,2.1969049058979112e-06,4.02011370067754,0.0,0.9735557416007539,0.7214268638082773,0.9990383928472345,0.0,0.171875,8.773329892434365,0.20624889026988635,0.3997614416948035
55,val,0.0002907074310160141,1.9179908173983213,1.9179908173983213,3.8909157065094493,0.0008598597649652816,9.102149172084879e-07,3.8900557502371367,0.0,0.8882948311625934,0.5839944125198927,0.9712965498205091,0.0,0.17187500024428132,8.728044509887695,0.2464509557505123,0.3957668191096822
56,train,0.0002902849282814695,2.113945179241748,2.113945179241748,4.007297757243322,0.0010064379621175896,1.4334167429218017e-06,4.006291174691571,0.0,1.0186432649281398,0.953180184664805,0.9999838996032053,0.0,0.171875,8.7586088180542,0.20955319579475182,0.39858983567923556
56,val,0.0002902849282814695,1.9028446263954288,1.9028446263954288,3.885826583768501,0.0008573691669821006,1.8939972189072564e-06,3.8849690234074825,0.0,0.7865579558200524,1.4619275751661083,0.970093909834252,0.0,0.17187500024428132,8.728044509887695,0.24654801165471313,0.3957668191096822
57,train,0.00028985335510324837,2.076601699364087,2.076601699364087,4.005188424725178,0.0009858866188769452,2.3444726247651655e-06,4.0042022988815935,0.0,0.9705047093885989,1.0625602838175356,0.9998409674187337,0.0,0.171875,8.841511710616183,0.20965954488959193,0.4004958812609192
57,val,0.00028985335510324837,1.90294668713554,1.90294668713554,3.879540693564493,0.0008390570845699213,1.0485907564618144e-06,3.8787015266105778,0.0,0.8812704814262078,0.5239565030473178,0.9692805575542762,0.0,0.17187500024428132,8.728044509887695,0.24828901447233606,0.3957668191096822
58,train,0.0002894127394855157,2.140667390724844,2.140667390724844,4.013532437568854,0.0010210794837104372,3.0407742928282687e-06,4.012511063213191,0.0,1.0431843009615733,0.9656593991705209,1.0009171598213764,0.0,0.171875,8.811854338842975,0.208884078978507,0.39949712415864647
58,val,0.0002894127394855157,1.8013164410825635,1.8013164410825635,3.888201705745009,0.0009245347712555381,1.3853258609906632e-06,3.8872770325082247,0.0,0.7654639643723847,0.6883074523972683,0.9670217349881032,0.0,0.17187500024428132,8.728044509887695,0.2453703333119877,0.3957668191096822
59,train,0.00028896311001918754,2.0699160813300077,2.0699160813300077,3.993225932121277,0.000931788071622487,2.2251633664318206e-06,3.9922939174431415,0.0,0.9586320028078458,1.127669708541602,0.9985171098354434,0.0,0.171875,8.866262053655198,0.21241024641458653,0.40191230042414233
59,val,0.00028896311001918754,1.8321749050109113,1.8321749050109113,3.8723621407493214,0.000816784790033841,1.8229709607500107e-06,3.8715451584487663,0.0,0.8190613574669009,0.42937888278335823,0.9701756610245001,0.0,0.17187500024428132,8.728044509887695,0.2514428310706967,0.3957668191096822
60,train,0.00028850449588007564,2.0627091443243106,2.0627091443243106,3.997375965118408,0.0009141850978191865,1.4871140119662753e-06,3.9964616407047617,0.0,0.9867041479211208,0.7619569746177058,0.9998092981409435,0.0,0.171875,8.771478995803959,0.2118631999108417,0.3989856394608159
60,val,0.00028850449588007564,2.0556052688692437,2.0556052688692437,3.872124578132004,0.000946455416613121,1.1016435067057367e-06,3.871178032921963,0.0,1.004137233143947,0.804816085295599,0.9709864463962492,0.0,0.17187500024428132,8.728044509887695,0.2504032322617828,0.3957668191096822
61,train,0.0002880369268269942,2.0975894075779875,2.0975894075779875,3.997695899206745,0.0009034125473252151,4.356248122910773e-06,3.996792045506564,0.0,0.9881114584109014,1.0803816499234724,1.0014397797505719,0.0,0.171875,8.778495181690563,0.21207564601228257,0.39879126859105324
61,val,0.0002880369268269942,1.9838917685336754,1.9838917685336754,3.8825707240182847,0.000875393448771573,1.1759421612787562e-06,3.8816952001853067,0.0,0.9770356279904725,0.4014162289314583,0.9667145287404295,0.0,0.17187500024428132,8.728044509887695,0.24847211994108606,0.3957668191096822
62,train,0.00028756043319982905,2.094363068253541,2.094363068253541,3.9866204271631793,0.0009196626028711792,2.635995760005815e-06,3.98570048119411,0.0,1.008629403331063,0.8745507677970839,0.9982785919973672,0.0,0.171875,8.758737948315202,0.2132893712067407,0.39942717749225204
62,val,0.00028756043319982905,1.8428799246178298,1.8428799246178298,3.8688852161657614,0.0007801372398045982,9.316508593372895e-07,3.868104977685897,0.0,0.8188436395320736,0.5249382462657866,0.9715424649050979,0.0,0.17187500024428132,8.728044509887695,0.25007304207223363,0.3957668191096822
63,train,0.00028707504591756876,2.116071842426111,2.116071842426111,3.975646558871939,0.0008986801807893718,1.583609473725066e-06,3.9747477198435255,0.0,1.012877756283303,1.027139581062577,1.0004801230489715,0.0,0.171875,8.800447661029406,0.2159589447142664,0.3995737964210431
63,val,0.00028707504591756876,1.9111844301223755,1.9111844301223755,3.8578199949420866,0.0008995570771999229,1.5060917954527764e-06,3.856920265760578,0.0,0.8748199162913151,0.6993485659849449,0.9664296654404186,0.0,0.17187500024428132,8.728044509887695,0.25511094390368855,0.3957668191096822
64,train,0.00028658079647629864,2.0711333195040047,2.0711333195040047,3.975797032521776,0.0008553338006440904,2.258345099011053e-06,3.9749414743470752,0.0,0.962896847035274,1.0925986923215802,0.9989765990864147,0.0,0.171875,8.81379132231405,0.21647580990121384,0.39956976103881175
64,val,0.00028658079647629864,1.925771168020905,1.925771168020905,3.834852156091909,0.0007943134892304413,1.4162156138227742e-06,3.8340577023928284,0.0,0.9218318799480063,0.38381625858486673,0.9655576651213599,0.0,0.17187500024428132,8.728044509887695,0.25851090227971313,0.3957668191096822
65,train,0.0002860777169471565,2.081523627781671,2.081523627781671,3.9732500117672376,0.0008523304801682503,1.4124606367234317e-06,3.972397542196857,0.0,1.0007702915136478,0.8064645112546023,1.0001068876301946,0.0,0.171875,8.79885502886181,0.21659048197190622,0.4005621287448347
65,val,0.0002860777169471565,1.9501388502902672,1.9501388502902672,3.83768388873241,0.0007715417743950594,1.4915442450534907e-06,3.836912205961884,0.0,0.8864029435837855,0.9797909997525762,0.9657567964225519,0.0,0.17187500024428132,8.728044509887695,0.2570840804303279,0.3957668191096822
66,train,0.0002855658399742521,2.104622568473343,2.104622568473343,3.967076405020785,0.0008517760754089556,2.7812732929955814e-06,3.9662243630275253,0.0,0.9912011664022099,1.135774949365411,0.9998439067651418,0.0,0.171875,8.80238464450048,0.21821825434107425,0.4009165698585431
66,val,0.0002855658399742521,1.9375456727919032,1.9375456727919032,3.841749046669632,0.0007859661358839939,1.1951037283294875e-06,3.8409629532548246,0.0,0.9339115844398248,0.3612359515467628,0.967510495029512,0.0,0.17187500024428132,8.728044509887695,0.2577254498591188,0.3957668191096822
67,train,0.00028504519877254865,2.119486621588715,2.119486621588715,3.9804444923873774,0.0008935471708031972,6.144017025363151e-06,3.9795503261660743,0.0,1.0206538824256786,0.9831843383856549,1.0005143038497484,0.0,0.171875,8.780905648696521,0.21615894840768546,0.399839122802758
67,val,0.00028504519877254865,2.014845021435472,2.014845021435472,3.871732711791992,0.0008783479002647896,4.30981522633195e-06,3.8708539282689327,0.0,0.9325501718482033,1.0973957356859425,0.9725552738689985,0.0,0.17187500024428132,8.728044509887695,0.2514558385630123,0.3957668191096822
68,train,0.00028451582712570766,2.0379779117166503,2.0379779117166503,3.9574466638328616,0.0008360302080073171,1.405272155258621e-06,3.956610489482722,0.0,0.964558551503607,0.7487856544985259,0.9985407933223346,0.0,0.171875,8.896177685950413,0.22062359436238108,0.4024779264591942
68,val,0.00028451582712570766,1.980787181463398,1.980787181463398,3.8145220436033656,0.0007579673136981418,7.802959189240162e-07,3.81376398586836,0.0,0.9498927925453812,0.6576334702186897,0.9651310307080628,0.0,0.17187500024428132,8.728044509887695,0.2624251568903688,0.3957668191096822
69,train,0.0002839777593838967,2.1456761852768826,2.1456761852768826,3.95831995069488,0.0008328173303310875,4.864862418332999e-06,3.957486641308493,0.0,1.013275452881805,1.32678768445145,0.9997219615731358,0.0,0.171875,8.749440429624448,0.22013976886745326,0.3990586126638838
69,val,0.0002839777593838967,1.9816190766506507,1.9816190766506507,3.842149242025907,0.0007724033694401322,8.349993378465487e-06,3.841376003671865,0.0,0.9001305782404102,1.080450574882695,0.9734434514749245,0.0,0.17187500024428132,8.728044509887695,0.25752433401639346,0.3957668191096822
70,train,0.0002834310304615603,2.0584070766267697,2.0584070766267697,3.964519337189099,0.0008906475286343912,4.856826825939493e-06,3.963628201445272,0.0,1.0010282334463656,0.5638519415616496,1.0009936490827356,0.0,0.171875,8.757446626001153,0.21879186715222587,0.4001841479835431
70,val,0.0002834310304615603,2.004221318198032,2.004221318198032,3.832493109781234,0.0008025574273635923,2.1336159713174593e-06,3.831690330974391,0.0,0.9102722899835618,1.2772525822530028,0.9662237519123515,0.0,0.17187500024428132,8.728044509887695,0.25944644115010246,0.3957668191096822
71,train,0.00028287567583515485,2.0590871050338113,2.0590871050338113,3.948291836691297,0.0007908999174737086,2.640152252500357e-06,3.9475006741925704,0.0,0.9654081875135091,0.9525810480733549,0.9984208062167995,0.0,0.171875,8.786630512269076,0.22282497941955062,0.3994127174546896
71,val,0.00028287567583515485,1.9830237490231875,1.9830237490231875,3.816995077445859,0.000697067238344643,1.1890253366815517e-06,3.816297890710049,0.0,0.9305504047479786,0.8260725590049244,0.9698660872021659,0.0,0.17187500024428132,8.728044509887695,0.26291443871670084,0.3957668191096822
72,train,0.0002823117315408462,2.1131615697844954,2.1131615697844954,3.934446536805019,0.0007786506178167318,2.2436740349266158e-06,3.933667656803919,0.0,1.0037433039550938,1.0955662407781468,0.9998616406247636,0.0,0.171875,8.782240016401307,0.2248765509729543,0.3993474786931818
72,val,0.0002823117315408462,1.9694093074954924,1.9694093074954924,3.829650597494157,0.0007396300655377448,8.95120393806792e-07,3.828910886264238,0.0,0.9625031176160593,0.3318149076133478,0.9737247023426119,0.0,0.17187500024428132,8.728044509887695,0.2599027039574795,0.3957668191096822
73,train,0.0002817392341721715,2.0879998113498215,2.0879998113498215,3.943455817285648,0.0008039034373648388,1.9521616989959887e-06,3.9426517191012045,0.0,1.0018866336789012,0.8592216913118835,1.000191004561984,0.0,0.171875,8.77199552472958,0.22375076338033045,0.3985434287835744
73,val,0.0002817392341721715,1.9418677853756263,1.9418677853756263,3.7948434196534704,0.0006965706203625248,1.3071778520960104e-06,3.7941467214803226,0.0,0.8884439781063893,0.8946192332955657,0.9639618836465429,0.0,0.17187500024428132,8.728044509887695,0.2663364097720287,0.3957668191096822
74,train,0.0002811582208776644,2.109816559090102,2.109816559090102,3.9312063110761404,0.0007589964261268889,1.8599813950990856e-06,3.9304471321342405,0.0,1.0040215824014884,1.0580970307519613,0.9999852685396337,0.0,0.171875,8.787319214876034,0.2261686299211723,0.3999729629390496
74,val,0.0002811582208776644,2.015415934265637,2.015415934265637,3.826932868019479,0.0007851729136090115,1.5701364209682472e-06,3.826147548487929,0.0,0.9696055435743488,0.7365765942901862,0.9721527275491934,0.0,0.17187500024428132,8.728044509887695,0.26249219550461067,0.3957668191096822
75,train,0.00028056872935844514,2.0821811133179784,2.0821811133179784,3.932345632679206,0.00078714947244595,2.27080387830487e-06,3.9315582582773256,0.0,0.9787545244802128,1.0437690180934165,0.9990496844792169,0.0,0.171875,8.810993458613876,0.22532027485695752,0.400662004455062
75,val,0.00028056872935844514,1.972088665258689,1.972088665258689,3.8002709560706966,0.0007032027733359547,1.613543130976022e-06,3.799567593902838,0.0,0.9490764390249722,0.5308399063641908,0.9699282245557816,0.0,0.17187500024428132,8.728044509887695,0.26550393026383196,0.3957668191096822
76,train,0.00027997079786577355,2.0870198572962737,2.0870198572962737,3.9321147587673724,0.0007878761974977298,1.7866342624781155e-06,3.931326707532583,0.0,1.0053226174401844,0.8146099720365745,1.00023624670407,0.0,0.171875,8.827694561855852,0.22551876522046477,0.4009656669679752
76,val,0.00027997079786577355,2.0103308314182717,2.0103308314182717,3.7919768153644,0.0007534782246201772,7.767091043191255e-07,3.7912232602228886,0.0,0.9829205169540937,0.6075058652729285,0.9666597256894971,0.0,0.17187500024428132,8.728044509887695,0.2670838402920082,0.3957668191096822
77,train,0.0002793644651985673,2.1002893511914023,2.1002893511914023,3.9201809029933834,0.0007521172893793545,1.4680782784625615e-06,3.919428631293872,0.0,0.9949482296370278,1.047987686331607,1.0005423599038243,0.0,0.171875,8.732997590845281,0.22774049535024266,0.39835847384673506
77,val,0.0002793644651985673,1.9246015450993523,1.9246015450993523,3.8039721387331604,0.0006798261869126229,9.922456190899358e-07,3.8032922041220742,0.0,0.9002824757919937,0.5718734992332146,0.9671317251002203,0.0,0.17187500024428132,8.728044509887695,0.2652617907914959,0.3957668191096822
78,train,0.0002787497707008843,2.088129593813715,2.088129593813715,3.924474500427561,0.0007829049381827705,1.2196917995037783e-06,3.92369146484974,0.0,1.0025594743076436,0.8577050080230414,0.9997996180510718,0.0,0.171875,8.815642218944454,0.22672761447173506,0.40035699689683835
78,val,0.0002787497707008843,1.9066371390076935,1.9066371390076935,3.7838976852229385,0.0006707961745960943,7.43853811828841e-07,3.783226806609357,0.0,0.8618379066713521,0.8182813740167462,0.9629710971331987,0.0,0.17187500024428132,8.728044509887695,0.26924208344006145,0.3957668191096822
79,train,0.00027812675425936966,2.09562510350519,2.09562510350519,3.925427354071751,0.0007445926997860632,3.0617102717585586e-06,3.9246824565997795,0.0,0.9959191473062373,0.9953223144835677,1.0001737238947026,0.0,0.171875,8.814178719008265,0.22676536206864129,0.39917765643971026
79,val,0.00027812675425936966,1.9922222993412957,1.9922222993412957,3.800806995298042,0.0007480450359089148,8.130385771116872e-07,3.800058869064831,0.0,0.9728467151766917,0.5295994697047062,0.9664156329436381,0.0,0.17187500024428132,8.728044509887695,0.26600822073514346,0.3957668191096822
80,train,0.0002774954563006674,2.1007309102815044,2.1007309102815044,3.9188914427087327,0.0007202164206243975,1.4838382993211555e-06,3.918171076735189,0.0,0.996420633448057,1.052203783319016,0.9990898927381217,0.0,0.171875,8.787319214876034,0.2280214588381042,0.39865003021295403
80,val,0.0002774954563006674,2.1629563159629948,2.1629563159629948,3.780947591437668,0.0006773514402591334,6.819964974950932e-06,3.780269564175215,0.0,0.890026854198487,3.072278536734034,0.9657016064299911,0.0,0.17187500024428132,8.728044509887695,0.26884285348360654,0.3957668191096822
81,train,0.0002768559177887973,2.086086050537992,2.086086050537992,3.9151490581922292,0.000726299103871873,1.7945483935219189e-06,3.9144225751072907,0.0,0.9860732387905279,0.9992735148830847,1.000085458528897,0.0,0.171875,8.891055442084951,0.22860532820471063,0.4031397291451446
81,val,0.0002768559177887973,1.9239683209872636,1.9239683209872636,3.7856103553146614,0.0006574696716165445,1.018280377380864e-06,3.784952781239494,0.0,0.9153250538911976,0.4216552701641302,0.9664777458691206,0.0,0.17187500024428132,8.728044509887695,0.2697783923539959,0.3957668191096822
82,train,0.000276208180222497,2.074723826952217,2.074723826952217,3.9147597945426122,0.0007727426242983846,9.196113888092366e-07,3.9139869646592573,0.0,0.9957707002143229,0.7922606914004019,0.9997270548146618,0.0,0.171875,8.818698347107437,0.22898709219841917,0.4005833145015496
82,val,0.000276208180222497,1.961156274451584,1.961156274451584,3.7842467222057405,0.0006393464117551406,1.0229095316211241e-06,3.783607267942585,0.0,0.8860840892694035,1.0764505736163406,0.9674271266968524,0.0,0.17187500024428132,8.728044509887695,0.2710901479252049,0.3957668191096822
83,train,0.00027555228563252884,2.104083362197088,2.104083362197088,3.9051163255675765,0.0007092658343026415,1.1162126204857681e-06,3.9044069386710807,0.0,1.0028377384686273,1.017494693767926,0.9994961547950083,0.0,0.171875,8.822787537062464,0.23050901977237592,0.3997661495996901
83,val,0.00027555228563252884,2.4864564235093165,2.4864564235093165,3.7878598971445054,0.0007494727324228734,5.847984334277647e-06,3.787109836203153,0.0,1.0133666352170412,5.023656039941506,0.9707241869363629,0.0,0.17187500024428132,8.728044509887695,0.2713603035348361,0.3957668191096822
84,train,0.000274888276578953,2.1023681508608103,2.1023681508608103,3.9072110613515556,0.0007123432613688922,1.5993690801199718e-06,3.906498557279918,0.0,1.002692126907593,0.9947557718423773,1.0002004546074827,0.0,0.171875,8.753873966942148,0.2309271022061671,0.3977871309380886
84,val,0.000274888276578953,2.7098918860075902,2.7098918860075902,3.804022886713997,0.0006438379450777515,1.0997005037857948e-05,3.8033779410065196,0.0,0.8489656194311673,8.870075085124032,0.9739187486836167,0.0,0.17187500024428132,8.728044509887695,0.26661757172131145,0.3957668191096822
85,train,0.0002742161961483652,2.084144108551593,2.084144108551593,3.909887298079562,0.000710235974892843,1.4121125212842937e-06,3.9091769181007194,0.0,0.9884777056776788,0.9517849563074506,1.0004879113071221,0.0,0.171875,8.74896694214876,0.2301560078770661,0.4001612808586152
85,val,0.0002742161961483652,1.975408028383724,1.975408028383724,3.7843361135388984,0.0006421836115492386,1.2541513020088862e-06,3.783693813886799,0.0,0.8895502090454102,1.1932265826913178,0.9665351539361672,0.0,0.17187500024428132,8.728044509887695,0.2703637295081967,0.3957668191096822
86,train,0.0002735360879511016,2.0862863487448573,2.0862863487448573,3.9015880350239023,0.0007355670985373214,9.439095297116821e-07,3.900852372823668,0.0,0.9939716591322718,0.9337098655129267,0.9989437027411028,0.0,0.171875,8.788610537190083,0.2320204385794884,0.39951326568757206
86,val,0.0002735360879511016,1.944722634847047,1.944722634847047,3.7691914917992766,0.0006251136262301874,8.620661032234581e-07,3.768566307474355,0.0,0.8711514414333906,1.058760430480613,0.9676951541275275,0.0,0.17187500024428132,8.728044509887695,0.2735335553278688,0.3957668191096822
87,train,0.00027284799611840846,2.0934927744313705,2.0934927744313705,3.901171470476576,0.000683272166287311,1.484285760614151e-06,3.900488049530786,0.0,0.9826747777540822,1.1064343991851018,1.0001745507244235,0.0,0.171875,8.839832989637516,0.23212317260336285,0.401780814178719
87,val,0.00027284799611840846,1.9721514924627837,1.9721514924627837,3.7719154436080182,0.0006291495312146507,8.669811724057133e-07,3.7712862218012577,0.0,0.9495021104812622,0.551008871832832,0.9675484837078657,0.0,0.17187500024428132,8.728044509887695,0.2728301501664959,0.3957668191096822
88,train,0.00027215196529957865,2.0882992350365503,2.0882992350365503,3.9058574625283233,0.0006910383686652284,1.769176932835642e-06,3.9051662328814674,0.0,0.9961500717096092,0.9193561496443985,1.0002135484179189,0.0,0.171875,8.762310607374207,0.23141798968157493,0.39837797811208675
88,val,0.00027215196529957865,2.0410379249541486,2.0410379249541486,3.786851863392064,0.0006585501725537336,7.215889337710339e-07,3.78619324574705,0.0,1.0073882170387956,0.6331235248534406,0.9703373762427784,0.0,0.17187500024428132,8.728044509887695,0.26879982870133196,0.3957668191096822
89,train,0.0002714480406590546,2.1224902671230725,2.1224902671230725,3.8968585177886585,0.0007112255529933494,9.876561545173568e-07,3.8961472018691135,0.0,1.0279071914755609,0.9511392329596291,0.9994691467482196,0.0,0.171875,8.81663223140496,0.23209719495339828,0.40162915114528874
89,val,0.0002714480406590546,1.8640741481155645,1.8640741481155645,3.7546479897420912,0.0006400056710069785,6.688640731405686e-07,3.754007906210227,0.0,0.8302512225068983,0.692184855214885,0.9646044314884749,0.0,0.17187500024428132,8.728044509887695,0.2747382492315574,0.3957668191096822
90,train,0.0002707362678734975,2.0847804034051816,2.0847804034051816,3.8911276523731955,0.0007028953099627171,1.1096944431930886e-06,3.8904246416958896,0.0,0.9761929712758577,1.087437459259979,0.9998436814004724,0.0,0.171875,8.73816288010148,0.23333420770720018,0.3976052024147727
90,val,0.0002707362678734975,1.9994785766132543,1.9994785766132543,3.768766903486408,0.0006435108108667381,1.7729871503478698e-06,3.7681232084993455,0.0,0.9213222704949926,1.091876372450688,0.9689686786933024,0.0,0.17187500024428132,8.728044509887695,0.2745251264728484,0.3957668191096822
91,train,0.0002700166931288234,2.0757669097135873,2.0757669097135873,3.896156899199998,0.0006797807054230482,1.0740337179112813e-06,3.8954770111840618,0.0,0.9898375852787791,0.8525152240902925,1.0006777981588664,0.0,0.171875,8.813016528925619,0.23284071412953464,0.4000651042077167
91,val,0.0002700166931288234,1.9578414236912962,1.9578414236912962,3.767873275475424,0.0006151986394276018,6.429291346887381e-07,3.7672580070182926,0.0,0.916164180294412,0.7617989558665479,0.9654973442437219,0.0,0.17187500024428132,8.728044509887695,0.27349753457991804,0.3957668191096822
92,train,0.0002692893631172062,2.111604358046508,2.111604358046508,3.8904660427865903,0.0006642621036999943,9.658957725472016e-07,3.889801687445522,0.0,1.0140847461529015,0.9789490167759667,0.9996247101913799,0.0,0.171875,8.790547520661157,0.2341125320550824,0.4005459872159091
92,val,0.0002692893631172062,2.0665329010760196,2.0665329010760196,3.757725098094002,0.0007424990545870492,7.316867091227978e-07,3.7569825219326334,0.0,1.011935714326921,0.8995664808593813,0.9646405304064516,0.0,0.17187500024428132,8.728044509887695,0.2756988025102459,0.3957668191096822
93,train,0.0002685543250340482,2.0839908428428586,2.0839908428428586,3.890203165613915,0.000681742687477761,1.839650928356477e-06,3.889521238232447,0.0,0.9797539012737511,1.0442215451154828,0.9998147881720677,0.0,0.171875,8.870049933756679,0.23372488314947806,0.40239688261481354
93,val,0.0002685543250340482,2.0227711904244345,2.0227711904244345,3.7537861104871406,0.000632160449625741,1.402447257167624e-06,3.753153808781358,0.0,0.9471476757135547,1.1109489959771517,0.9645286182888219,0.0,0.17187500024428132,8.728044509887695,0.27614005667264346,0.3957668191096822
94,train,0.00026781162657491713,2.0703233431193455,2.0703233431193455,3.8880565304401493,0.0006444710553363966,1.410322195879379e-06,3.8874119224627157,0.0,0.9759038472471159,0.9485888558724695,0.9995606051496237,0.0,0.171875,8.790461433820488,0.2346789147243027,0.399905034086921
94,val,0.00026781162657491713,2.086527894754879,2.086527894754879,3.752395039699117,0.0006245005132485426,8.158057697215315e-07,3.751770437740889,0.0,1.0469242813157253,0.7334683899019585,0.9662567875424369,0.0,0.17187500024428132,8.728044509887695,0.2778530433529713,0.3957668191096822
95,train,0.0002670613159324517,2.129881626810909,2.129881626810909,3.8787656726915976,0.0006661027654753382,1.1485656215867012e-06,3.8780994494099263,0.0,1.0243930227992948,1.054920009960813,0.9999966015500471,0.0,0.171875,8.834882921423794,0.23537157131128075,0.4018447077717663
95,val,0.0002670613159324517,1.9234198898565573,1.9234198898565573,3.7410177441894032,0.0005960026145225666,1.361882166442169e-06,3.7404216117546207,0.0,0.8751665974249605,0.8491274563015484,0.9633405570124016,0.0,0.17187500024428132,8.728044509887695,0.2791748046875,0.3957668191096822
96,train,0.0002663034417932343,2.0676688305602586,2.0676688305602586,3.8808757441102966,0.0006364268997120325,1.1652946114531727e-06,3.880239201971322,0.0,0.9795013838563084,0.8874504234918879,0.9994224016824045,0.0,0.171875,8.867510330578513,0.23556274754449355,0.4020982643296896
96,val,0.0002663034417932343,2.0441149805412917,2.0441149805412917,3.7540846730841966,0.0006209387704939963,7.170115340658577e-07,3.7534636669471615,0.0,1.0014513305953292,0.7321462269689216,0.969449019822918,0.0,0.17187500024428132,8.728044509887695,0.27668637134989754,0.3957668191096822
97,train,0.0002655380533346318,2.073636831330859,2.073636831330859,3.8919029462436012,0.0006800647301855305,4.6106584844120175e-06,3.8912224208027864,0.0,1.0114426990924787,0.6099344930526885,1.0012006823681603,0.0,0.171875,8.745652549522967,0.233289986602531,0.39886188778010284
97,val,0.0002655380533346318,1.9255288311692536,1.9255288311692536,3.757491475245992,0.0005983475447330838,8.897668703680285e-07,3.756893044612447,0.0,0.8975782145242222,0.6336413245709216,0.9645864895132722,0.0,0.17187500024428132,8.728044509887695,0.27668437019723363,0.3957668191096822
98,train,0.0002647652002216043,2.0927423721502634,2.0927423721502634,3.873023396681163,0.0006416164037809046,1.0546369529457246e-06,3.872381682238303,0.0,0.9946073100340268,0.9902638354577309,0.9991086805162351,0.0,0.171875,8.793560607374207,0.23703019751990137,0.40026485562817127
98,val,0.0002647652002216043,1.9725973371599541,1.9725973371599541,3.739129656650981,0.0005917180244635302,1.5535657517889898e-06,3.738537784482612,0.0,0.9008703578691013,1.0763129919278818,0.9640956775086825,0.0,0.17187500024428132,8.728044509887695,0.2804535412397541,0.3957668191096822
99,train,0.0002639849326034828,2.0776947061877604,2.0776947061877604,3.870952738218071,0.0006344530164155424,9.016715933675871e-07,3.870318192095796,0.0,0.9885029180729685,0.8995358727195046,0.9992381925425253,0.0,0.171875,8.796186297393042,0.23748602748902375,0.39914705475007206
99,val,0.0002639849326034828,1.9887306807471103,1.9887306807471103,3.7422612260599606,0.0005805692730898984,9.060863042160221e-07,3.741680583015817,0.0,0.9236057239477752,0.9659270780985473,0.9685322417587531,0.0,0.17187500024428132,8.728044509887695,0.2802644323130123,0.3957668191096822
100,train,0.000263197301110715,2.0918125194951522,2.0918125194951522,3.873049486767162,0.00062510038666862,1.1194982378617342e-06,3.872424275421899,0.0,0.9904366724254671,1.0113460364913152,1.0002412409329218,0.0,0.171875,8.804106404958677,0.23797388842775802,0.4002766254519628
100,val,0.000263197301110715,2.093583724537834,2.093583724537834,3.7346325155164375,0.0006417538689212781,7.398479918034264e-07,3.733990677067491,0.0,1.0593269892403336,0.6887721878583314,0.9653795244263821,0.0,0.17187500024428132,8.728044509887695,0.2819674132300205,0.3957668191096822
101,train,0.0002624023568515796,2.10169580554174,2.10169580554174,3.872569608294274,0.0006409211205472508,1.0182379520341226e-06,3.8719285884179357,0.0,1.0068523495896788,0.9447468027841947,1.0003687798484298,0.0,0.171875,8.738292012332884,0.2374014526236156,0.39850845551195224
101,val,0.0002624023568515796,1.9886392433135236,1.9886392433135236,3.731384973056981,0.0006012567075648818,6.829645304814683e-07,3.730783657949479,0.0,0.9485125737112077,0.77342368051654,0.9627843039934753,0.0,0.17187500024428132,8.728044509887695,0.2814511158427254,0.3957668191096822
102,train,0.00026160015140887043,2.0889452070244086,2.0889452070244086,3.8683262019118003,0.0006296313441144919,1.1371904103344222e-06,3.8676964566727317,0.0,0.9918952501756101,0.9758681292868843,0.999463142196009,0.0,0.171875,8.857825413223141,0.23810680383000493,0.4012545331204233
102,val,0.00026160015140887043,2.073486406295026,2.073486406295026,3.7556405966399145,0.000616496843219063,8.423556468016137e-07,3.7550240149263474,0.0,1.0023915376819548,0.9949536245377337,0.971599491893268,0.0,0.17187500024428132,8.728044509887695,0.27424296394723363,0.3957668191096822
103,train,0.0002607907368365491,2.092610217322988,2.092610217322988,3.8664095322947856,0.0006270877601317138,8.726621976812334e-07,3.8657823564592473,0.0,0.9939306805695384,0.9911571126585165,0.9995638319283477,0.0,0.171875,8.803546834583125,0.23890463256638897,0.39958455739927684
103,val,0.0002607907368365491,2.0065735519909467,2.0065735519909467,3.7255464460028977,0.0005801585722394043,7.102749608576665e-07,3.724966205534388,0.0,0.9596893308592624,0.8099576332530037,0.9658884464717302,0.0,0.17187500024428132,8.728044509887695,0.2825947745901639,0.3957668191096822
104,train,0.00025997416565636715,2.105758318723726,2.105758318723726,3.8663499345464154,0.0006194435092976532,8.933172956621702e-07,3.8657304018982184,0.0,1.0075883176947429,0.9728500585664402,1.0008849954802144,0.0,0.171875,8.773286847043629,0.23875061545736534,0.39932293020004084
104,val,0.00025997416565636715,2.1034621840617698,2.1034621840617698,3.7414363290442796,0.0005816849328856152,1.8161352964167146e-06,3.7408544509137265,0.0,0.9183209206237167,2.1937476933979596,0.9657664816887652,0.0,0.17187500024428132,8.728044509887695,0.28083476082223363,0.3957668191096822
105,train,0.0002591504908544583,2.0975673917896493,2.0975673917896493,3.8667875676115684,0.0006170395943567096,9.24548164102666e-07,3.866170432941973,0.0,0.9923591496776943,1.0553092732409801,0.9996773144922966,0.0,0.171875,8.73756026433519,0.23927227266071258,0.39791222778726215
105,val,0.0002591504908544583,2.08718463631927,2.08718463631927,3.7441194760994834,0.0005903449744467059,1.8752118518529986e-06,3.7435289367300566,0.0,0.9596640736353202,1.5953355363157928,0.9679870009422302,0.0,0.17187500024428132,8.728044509887695,0.2798832127305328,0.3957668191096822
106,train,0.0002583197658779003,2.095240199861448,2.095240199861448,3.8617227146448183,0.0006287905573027116,7.893785795305639e-07,3.861093846234408,0.0,1.0052004680653248,0.9017232303038116,0.999867411930699,0.0,0.171875,8.838713842975206,0.23940132078060433,0.3997614416948035
106,val,0.0002583197658779003,1.9299427544484373,1.9299427544484373,3.733256676157967,0.0005715458368077172,6.685178808780978e-07,3.732685069568822,0.0,0.8791556372994282,0.8498288182938685,0.9658042299942892,0.0,0.17187500024428132,8.728044509887695,0.28187736136014346,0.3957668191096822
107,train,0.0002574820446312461,2.0748060217573623,2.0748060217573623,3.862733320756392,0.0006137096852473991,9.921907401903358e-07,3.862119520006101,0.0,0.9766134734242415,0.9849469395708447,0.9996978591296298,0.0,0.171875,8.778968665225447,0.23942645786961247,0.3987788261214564
107,val,0.0002574820446312461,2.065301043088319,2.065301043088319,3.730857681055538,0.0005948435456480556,6.666280119245994e-07,3.730262764164659,0.0,1.0171941235417226,0.8149966485187655,0.966607261876591,0.0,0.17187500024428132,8.728044509887695,0.2809338178790984,0.3957668191096822
108,train,0.00025663738147302704,2.1012415388398917,2.1012415388398917,3.8579658792038596,0.0005952187229096043,9.822753711686278e-07,3.8573705657454562,0.0,1.0038114326798226,0.9786586931421737,0.9995642365995517,0.0,0.171875,8.824509297520661,0.23921518883675583,0.3992159925709086
108,val,0.00025663738147302704,2.028787573830026,2.028787573830026,3.726489149156164,0.0005939602090874076,5.965069973268835e-07,3.7258951234035806,0.0,0.9868896515643011,0.7435575640592419,0.9675421626841436,0.0,0.17187500024428132,8.728044509887695,0.28302001953125,0.3957668191096822
109,train,0.000255785831212225,2.1134357472096594,2.1134357472096594,3.8594791386738296,0.0006054476626175994,1.1093049375238644e-06,3.8588735751869265,0.0,1.0020423676849397,1.1080688054650283,1.0005864998525824,0.0,0.171875,8.852057508200653,0.24043563968879134,0.40149026665805787
109,val,0.000255785831212225,1.9159923186067676,1.9159923186067676,3.725112582816452,0.0005528554277395311,9.083764100113676e-07,3.724559639320999,0.0,0.8933760675250507,0.5822906694451316,0.9643871842837725,0.0,0.17187500024428132,8.728044509887695,0.2831390881147541,0.3957668191096822
110,train,0.00025492744910471604,2.073285827951983,2.073285827951983,3.8587737112991083,0.0005920889607220812,8.692970443828829e-07,3.858181528808657,0.0,0.988722171418923,0.8474091982299631,0.9998227283974325,0.0,0.171875,8.824767561983471,0.2406019311059605,0.4010863922351648
110,val,0.00025492744910471604,1.976385296368208,1.976385296368208,3.740224377053683,0.0005438262253205795,6.643644520058618e-07,3.7396804778302304,0.0,0.9224408205415382,0.8480666607129769,0.9691377995444126,0.0,0.17187500024428132,8.728044509887695,0.28173928182633196,0.3957668191096822
111,train,0.0002540622908496851,2.122570896444242,2.122570896444242,3.8603651050693735,0.0006205166491255557,8.669067326987595e-07,3.8597444916559644,0.0,1.0242284559760213,0.9818985140766979,1.0001525829646214,0.0,0.171875,8.806559917355372,0.24069407231305257,0.4013554176762084
111,val,0.0002540622908496851,1.8622055385933547,1.8622055385933547,3.7202056353209447,0.0005502110083785946,6.840887325608015e-07,3.7196553574233757,0.0,0.8115286980984641,0.8746542505553512,0.9632114074269279,0.0,0.17187500024428132,8.728044509887695,0.2841056448514344,0.3957668191096822
112,train,0.00025319041258601145,2.0826643335917763,2.0826643335917763,3.8550889600406992,0.0006087278012303667,7.926940117495027e-07,3.8544801552433614,0.0,0.9875813420892747,0.9535354326579196,0.9997294483598599,0.0,0.171875,8.781938706547761,0.24142725082222094,0.40000726368801653
112,val,0.00025319041258601145,1.9418146356207426,1.9418146356207426,3.722016002311081,0.0005439937884774304,9.145144187574469e-07,3.721471935022073,0.0,0.8399744395349846,1.368825085338999,0.9649576808585495,0.0,0.17187500024428132,8.728044509887695,0.2827818823642418,0.3957668191096822
113,train,0.00025231187088862615,2.081041484824882,2.081041484824882,3.852584222131524,0.0005690509638381537,7.637928514525788e-07,3.85201509235319,0.0,0.9761984521938749,1.0478198992565644,1.0000610435304562,0.0,0.171875,8.822486227208918,0.24163557749149228,0.4003610322790698
113,val,0.00025231187088862615,2.0328865930682323,2.0328865930682323,3.7163250329064543,0.000561821820275461,9.622991091769332e-07,3.7157631154920234,0.0,0.9660235560331188,1.0368657195177235,0.9631764732423376,0.0,0.17187500024428132,8.728044509887695,0.2853873831326844,0.3957668191096822
114,train,0.000251426722764841,2.0917876589396767,2.0917876589396767,3.855775154326573,0.0006019598559076197,6.937660776367754e-07,3.8551731267251257,0.0,1.0010050538896529,0.9098577734606326,0.9997968341200805,0.0,0.171875,8.82735020661157,0.241488286040046,0.40182184064683835
114,val,0.000251426722764841,2.0260019693218294,2.0260019693218294,3.7328489334856876,0.0005344116958201726,1.0090747045084202e-06,3.732314399031342,0.0,0.9035859860357691,1.5399050634415423,0.9684254722517045,0.0,0.17187500024428132,8.728044509887695,0.28301001376793034,0.3957668191096822
115,train,0.0002505350256506493,2.09456366448363,2.09456366448363,3.850909978890222,0.0005858494665171597,7.500574016208807e-07,3.850324053409671,0.0,0.9944432247276148,1.006076152905945,0.9995128229137294,0.0,0.171875,8.757963156897175,0.2413817687221795,0.398688702543905
115,val,0.0002505350256506493,2.012327786351814,2.012327786351814,3.7193777952037874,0.0005565775373710136,6.487417856831479e-07,3.7188211699001124,0.0,0.9567026598531692,0.8838792081739082,0.9672372116417182,0.0,0.17187500024428132,8.728044509887695,0.2844828621285861,0.3957668191096822
116,train,0.00024963683740699885,2.08251782685272,2.08251782685272,3.853089679371227,0.0005845836378044202,7.561513699847863e-07,3.8525050139624226,0.0,0.9844202696045569,0.9783936975416073,1.0002581762873437,0.0,0.171875,8.807420801525273,0.24191494359950388,0.39899202885706564
116,val,0.00024963683740699885,2.050022901081648,2.050022901081648,3.722975465117908,0.0005468172376658615,6.244249468673828e-07,3.7224285915249684,0.0,0.9956005249844223,0.8749180812327588,0.9669305779894845,0.0,0.17187500024428132,8.728044509887695,0.28384249327612704,0.3957668191096822
117,train,0.0002487322163160377,2.0989050343016946,2.0989050343016946,3.851481220938943,0.0005659116899896767,7.556628633979055e-07,3.85091523395097,0.0,1.00235483887767,0.9674454968083989,0.9998056440313986,0.0,0.171875,8.806215566051893,0.24173225844201962,0.39988653854397704
117,val,0.0002487322163160377,2.1880350914157805,2.1880350914157805,3.7198902427173053,0.0005454009527161137,1.6807860859324913e-06,3.719344682380801,0.0,0.9717666553180726,2.4922259850580186,0.967045828944347,0.0,0.17187500024428132,8.728044509887695,0.28366439068903687,0.3957668191096822
118,train,0.0002478212210773321,2.0916575163849127,2.0916575163849127,3.847294113852761,0.0005752476227969078,8.442104600101457e-07,3.8467187773097646,0.0,0.9927797316273382,0.9893084274343222,0.999946937334439,0.0,0.171875,8.788954892434365,0.24278120561079544,0.4007534732010739
118,val,0.0002478212210773321,2.0550825478600676,2.0550825478600676,3.72480324057282,0.0005231921052460971,9.302022644466187e-07,3.724279950876705,0.0,0.9539894158722925,1.3252347399953937,0.968569664681544,0.0,0.17187500024428132,8.728044509887695,0.28361336129610654,0.3957668191096822
119,train,0.0002469039108040575,2.086661321072539,2.086661321072539,3.8463540786554007,0.0005650532066058137,8.331156424275817e-07,3.845788942880867,0.0,0.9918358552554423,0.9480833608256883,1.0000171314093693,0.0,0.171875,8.80298726026677,0.2429304307034193,0.40017540469642515
119,val,0.0002469039108040575,2.1324517336048063,2.1324517336048063,3.717186028840112,0.0005052405255407737,1.3815999687110769e-06,3.7166806439884374,0.0,0.9510332265349685,2.1491950945776015,0.9664989973677963,0.0,0.17187500024428132,8.728044509887695,0.2863249231557377,0.3957668191096822
120,train,0.000245980345019163,2.093525288518795,2.093525288518795,3.843615401874889,0.0005762315554157561,1.0756907882489768e-06,3.8430390623975392,0.0,1.0025537731972607,0.9134939790757235,0.9996221200986342,0.0,0.171875,8.800964189955026,0.24326015503938533,0.4009340565559293
120,val,0.000245980345019163,2.0940574251237463,2.0940574251237463,3.7155147106921085,0.0005100521263303846,1.1024908086501903e-06,3.7150045457433483,0.0,0.9399168774729869,1.8628423233501246,0.9678563084758696,0.0,0.17187500024428132,8.728044509887695,0.2863619444800205,0.3957668191096822
121,train,0.00024505058365150887,2.114406521655311,2.114406521655311,3.8439785655864998,0.0005660413376927329,9.642974140621493e-07,3.843412430818416,0.0,1.0074249938253528,1.0711098537464772,0.9998705478246547,0.0,0.171875,8.777849520533538,0.24337953513811442,0.3987825251807851
121,val,0.00024505058365150887,1.9438144418059802,1.9438144418059802,3.7085749125871503,0.0005024122236464478,9.385966233158335e-07,3.7080724239349365,0.0,0.8839427198542923,0.932167748935887,0.9666549407067846,0.0,0.17187500024428132,8.728044509887695,0.28692727010758196,0.3957668191096822
122,train,0.00024411468703197789,2.075328053521716,2.075328053521716,3.84495132127084,0.0005537497177590185,7.756086650877193e-07,3.844397487719197,0.0,0.9811578820313304,0.9409673023076097,1.0000734477003743,0.0,0.171875,8.817363983343455,0.24241928226691634,0.39987712261105374
122,val,0.00024411468703197789,2.00928674760412,2.00928674760412,3.708631452966909,0.0005045702252021731,6.191594864645356e-07,3.708126814638982,0.0,0.9672412017329794,0.7573936474127848,0.9663061861132012,0.0,0.17187500024428132,8.728044509887695,0.2856475329789959,0.3957668191096822
123,train,0.00024317271588956046,2.107993321477874,2.107993321477874,3.842957076947551,0.0005501438335617542,8.428475378052985e-07,3.842406852186219,0.0,1.0077335409635355,0.995532462173257,1.0007065280902485,0.0,0.171875,8.885201446280991,0.24386857302228282,0.40165638997535075
123,val,0.00024317271588956046,2.0167033437822686,2.0167033437822686,3.7122920536604083,0.0005079819083683285,1.0676258767250788e-06,3.711783971942839,0.0,0.9303810586694812,1.224451690423684,0.9638771150932938,0.0,0.17187500024428132,8.728044509887695,0.286957287397541,0.3957668191096822
124,train,0.0002422247313474141,2.079932677844339,2.079932677844339,3.8407932776064913,0.0005504249481817183,6.877814869331507e-07,3.8402427848705574,0.0,0.9892584720918954,0.9117763273972125,0.9994965695645198,0.0,0.171875,8.822486227208918,0.2435861803160226,0.39942751381515473
124,val,0.0002422247313474141,2.0327897599486056,2.0327897599486056,3.7134826378744155,0.0004947637482145496,7.221851518113639e-07,3.712987790342237,0.0,0.9475005677000421,1.187106993354735,0.9665784874900443,0.0,0.17187500024428132,8.728044509887695,0.28500516297387296,0.3957668191096822
125,train,0.00024127079491889733,2.0980734716762197,2.0980734716762197,3.8377426744492587,0.0005569894883367002,6.911313713140576e-07,3.8371856114095895,0.0,1.0003544941913982,0.9781024342726085,0.9999087344516407,0.0,0.171875,8.789987950285605,0.24492954222623967,0.3981314835962185
125,val,0.00024127079491889733,1.9991006167208563,1.9991006167208563,3.7062606068908193,0.0005032988534725011,5.230050855057835e-07,3.7057572505513177,0.0,0.9461701952043127,0.8781131418024908,0.9651191117333584,0.0,0.17187500024428132,8.728044509887695,0.2869742971951844,0.3957668191096822
126,train,0.00024031096850357783,2.0911657135348674,2.0911657135348674,3.8380824475248985,0.0005444666963770085,6.522985726807882e-07,3.837537915253442,0.0,0.9932791021737185,0.9821795691882284,0.9996686597500951,0.0,0.171875,8.767260677558331,0.24423125300033033,0.3996054069562392
126,val,0.00024031096850357783,2.001213622874901,2.001213622874901,3.6972575304938142,0.0004914651315212708,5.559576871731776e-07,3.696766001279237,0.0,0.9434508363731572,0.9342003049420529,0.964342749509655,0.0,0.17187500024428132,8.728044509887695,0.28723944992315575,0.3957668191096822
127,train,0.00023934531438321628,2.101212949792216,2.101212949792216,3.837391293738499,0.0005397690120461004,6.393247962401155e-07,3.836851468756179,0.0,1.0021176671932552,0.9902204097795092,1.000073239330418,0.0,0.171875,8.81878443788891,0.2447065033080164,0.40194996403268546
127,val,0.00023934531438321628,2.017050061069551,2.017050061069551,3.715140893811085,0.0005128563588798108,5.404715237978426e-07,3.7146279929114168,0.0,0.9611819574578864,0.8722605016387877,0.9686420520798105,0.0,0.17187500024428132,8.728044509887695,0.28420470190829916,0.3957668191096822
128,train,0.00023837389521772471,2.0974515257788098,2.0974515257788098,3.8348653779542152,0.000537156629494453,6.551595836938285e-07,3.834328148975845,0.0,0.99733072026702,1.003393462866791,0.9997814585847303,0.0,0.171875,8.767820247933884,0.24433583661544422,0.39936429286791275
128,val,0.00023837389521772471,2.029793260527439,2.029793260527439,3.7072122448780496,0.000518490752390372,6.202701635376171e-07,3.706693676651501,0.0,0.9723707207890807,0.8981585742020216,0.9676066881320515,0.0,0.17187500024428132,8.728044509887695,0.2873144931480533,0.3957668191096822
129,train,0.00023739677404110068,2.1054191919397716,2.1054191919397716,3.8397161211849244,0.000549507567183738,6.559557120655039e-07,3.8391665456708797,0.0,1.0088569418457913,0.9646905435264603,1.0000931935862076,0.0,0.171875,8.764807165161637,0.24463159652534594,0.4000139894071689
129,val,0.00023739677404110068,1.9339098090031108,1.9339098090031108,3.694085723063985,0.00048306157939387946,7.429071839307325e-07,3.693602593218694,0.0,0.8526559735907883,1.1751914190464332,0.9637346951687922,0.0,0.17187500024428132,8.728044509887695,0.28835709368596313,0.3957668191096822
130,train,0.00023641401425733701,2.0783226184608523,2.0783226184608523,3.8326321731914175,0.0005412510891944317,6.866208111462637e-07,3.832090856615177,0.0,0.9807919545853434,0.9744000422560479,1.0000906586647034,0.0,0.171875,8.810864326382472,0.24581287062365162,0.40091858754965887
130,val,0.00023641401425733701,2.1482074475679243,2.1482074475679243,3.684919095430218,0.000574775487919277,5.406305059877326e-07,3.6843442565105002,0.0,1.099118648982439,0.8821182163035284,0.9608769827201719,0.0,0.17187500024428132,8.728044509887695,0.290191150102459,0.3957668191096822
131,train,0.0002354256796363078,2.0926006490534004,2.0926006490534004,3.832762576331777,0.0005283917483564828,6.950604910727168e-07,3.8322341146547934,0.0,0.991946271997838,1.0021965912550934,1.0004347217969658,0.0,0.171875,8.810390842847587,0.2451897403918022,0.3994261686466942
131,val,0.0002354256796363078,1.995222773708281,1.995222773708281,3.7001132613322776,0.0004820346125672556,5.494040943280883e-07,3.69963116723983,0.0,0.9511036271931695,0.8133685847774881,0.9627822872068061,0.0,0.17187500024428132,8.728044509887695,0.2881970014728484,0.3957668191096822
132,train,0.0002344318343096302,2.1004488975548545,2.1004488975548545,3.8330500973157644,0.0005300456974539937,6.472533867698692e-07,3.8325199854275414,0.0,1.0025576068596407,0.9832059442996979,0.9995706926200015,0.0,0.171875,8.807162537062464,0.24594755150562475,0.4006253498152268
132,val,0.0002344318343096302,2.044726354176881,2.044726354176881,3.689925393120187,0.0005073461041797228,7.370961059148643e-07,3.689417971939337,0.0,0.9737738507692931,1.0880081892990676,0.9621516798363358,0.0,0.17187500024428132,8.728044509887695,0.28925961353739754,0.3957668191096822
133,train,0.00023343254276650323,2.094260456148258,2.094260456148258,3.8319502241355328,0.0005486343761430746,6.811544930740615e-07,3.831401525450147,0.0,0.9993082677776163,0.9519346781259725,0.9997587216294501,0.0,0.171875,8.789772727272727,0.246310063383796,0.39919379796863586
133,val,0.00023343254276650323,2.0240807748231733,2.0240807748231733,3.6951983248601192,0.0004986139323531849,6.987771092688072e-07,3.6946996352711663,0.0,0.9391646883526786,1.202484839275235,0.9646676094805609,0.0,0.17187500024428132,8.728044509887695,0.28896544409579916,0.3957668191096822
134,train,0.00023242786984952314,2.094004549270819,2.094004549270819,3.8295478998136914,0.0005167959401555252,6.329998411203167e-07,3.8290310418310245,0.0,0.9963308920052426,0.9811433424388082,0.9995593243886617,0.0,0.171875,8.768681132103787,0.24608483855143065,0.39874788823206564
134,val,0.00023242786984952314,1.9988048897414912,1.9988048897414912,3.694476948409784,0.00048725098704529895,6.184266960533068e-07,3.6939896325596044,0.0,0.9254138919173694,1.0681836800497087,0.9665726237609739,0.0,0.17187500024428132,8.728044509887695,0.2883881115522541,0.3957668191096822
135,train,0.00023141788075047574,2.1016756374973897,2.1016756374973897,3.831873499657497,0.0005223253613298428,6.690556985128097e-07,3.831351100905868,0.0,1.0002388848253518,1.009620583500744,1.0004747005040981,0.0,0.171875,8.777462123839323,0.24560731834123942,0.4001437941612291
135,val,0.00023141788075047574,2.0653403567486124,2.0653403567486124,3.7067264064413603,0.00047364646900964323,1.381952352246907e-06,3.706252625731171,0.0,0.893299445754192,2.0454165056103566,0.9674992619967852,0.0,0.17187500024428132,8.728044509887695,0.2863179191214139,0.3957668191096822
136,train,0.00023040264100610626,2.0841447484394737,2.0841447484394737,3.827880218009318,0.0005163887658417186,6.80996386451685e-07,3.827363761988553,0.0,0.9872465647202878,0.9748706453102679,0.9994111174394277,0.0,0.171875,8.707042012332884,0.2458868526722774,0.3988679408534499
136,val,0.00023040264100610626,2.013540150689297,2.013540150689297,3.7009324323935586,0.0004811133050501011,6.281254855843681e-07,3.700451256798916,0.0,0.9485360691781903,0.9621707865449248,0.9687870105759042,0.0,0.17187500024428132,8.728044509887695,0.2872644643314549,0.3957668191096822
137,train,0.0002293822164938668,2.091702659760625,2.091702659760625,3.83317345233003,0.000525069872686093,7.872012562612244e-07,3.8326483078239377,0.0,1.0025209474169519,0.8881607602450473,1.0003656382895698,0.0,0.171875,8.773760330578513,0.24631426686590369,0.4010130827091942
137,val,0.0002293822164938668,1.970716531159448,1.970716531159448,3.6901947904805668,0.00047863186403849454,5.382072498418968e-07,3.6897161163267542,0.0,0.9185658883853037,0.879288272779496,0.9642218146167818,0.0,0.17187500024428132,8.728044509887695,0.2902771996670082,0.3957668191096822
138,train,0.00022835667342764173,2.086085060411248,2.086085060411248,3.8248800226479522,0.0005103566231396558,6.929869743388292e-07,3.824369597040917,0.0,0.987053190627374,0.9927561592218305,0.9997562500070934,0.0,0.171875,8.794981061919662,0.24674311033950364,0.4004514920563737
138,val,0.00022835667342764173,2.0144353518720535,2.0144353518720535,3.6890245304733025,0.0004810253480262291,5.717549051913935e-07,3.688543448682691,0.0,0.9713132523122381,0.7805489751159168,0.9650671980420097,0.0,0.17187500024428132,8.728044509887695,0.2892886302510246,0.3957668191096822
139,train,0.0002273260783534509,2.1067454342014535,2.1067454342014535,3.825491572214552,0.0005021912326833257,5.716211811255367e-07,3.8249893247588607,0.0,1.0127072304733529,0.9364327253881565,1.000394932987276,0.0,0.171875,8.88257576020296,0.2467149466522469,0.4008775612046896
139,val,0.0002273260783534509,2.0361776117418633,2.0361776117418633,3.700536168989588,0.0004911467721151402,8.82554157580343e-07,3.700044925095605,0.0,0.9198184032909206,1.5017960296302546,0.9661796180928339,0.0,0.17187500024428132,8.728044509887695,0.2875716412653688,0.3957668191096822
140,train,0.00022629049814513176,2.079543309270843,2.079543309270843,3.8241440067606525,0.0005024486884146675,6.809952392481407e-07,3.82364149133036,0.0,0.9811240794244876,0.9888249550722847,0.9995367317652899,0.0,0.171875,8.834538570120316,0.24768226144234995,0.3993753901690491
140,val,0.00022629049814513176,2.0306453196728818,2.0306453196728818,3.692511402192663,0.0004741717623756649,5.904416875860899e-07,3.692037175913326,0.0,0.9680112732238457,0.9634879192367929,0.966285264882885,0.0,0.17187500024428132,8.728044509887695,0.28823102106813525,0.3957668191096822
141,train,0.00022524999999999997,2.105658587345407,2.105658587345407,3.8230341495561206,0.0004948020627922263,6.069120038488063e-07,3.822539294061582,0.0,1.0039823643924777,1.0121355759949724,1.000462662336255,0.0,0.171875,8.776515152828752,0.24683130021430244,0.4006263586607846
141,val,0.00022524999999999997,2.0457004660465676,2.0457004660465676,3.6988503698442803,0.0004656624652972048,1.118188999375665e-06,3.6983846093787522,0.0,0.9237340718019204,1.5624101308525586,0.9657253789120033,0.0,0.17187500024428132,8.728044509887695,0.2884871686091188,0.3957668191096822
142,train,0.00022420465143448915,2.0797965856623057,2.0797965856623057,3.822525000769245,0.000494878227276004,5.690890882724225e-07,3.82203007039945,0.0,0.9872278530489315,0.9240978751793381,1.0001589515485054,0.0,0.171875,8.784564396566596,0.2476836906607486,0.39934546100206614
142,val,0.00022420465143448915,2.0091471124867923,2.0091471124867923,3.691166756583042,0.0004571169784405177,4.996079513084921e-07,3.690709587003364,0.0,0.953454781262601,0.9274021514126511,0.9629521203822777,0.0,0.17187500024428132,8.728044509887695,0.29060038582223363,0.3957668191096822
143,train,0.00022315452027976958,2.1108759730315407,2.1108759730315407,3.821313988078724,0.0005090448546919911,6.320214184881464e-07,3.8208048767294764,0.0,1.01022553862619,1.0098741135813973,0.9996630239092614,0.0,0.171875,8.83570076020296,0.2479322870408208,0.40227750251608446
143,val,0.00022315452027976958,1.9736652491522617,1.9736652491522617,3.6889283422563897,0.0004607774751436454,6.671714732151411e-07,3.6884674791429863,0.0,0.9030517720785297,1.0665332802006455,0.9639601433863405,0.0,0.17187500024428132,8.728044509887695,0.29147488953637296,0.3957668191096822
144,train,0.00022209967467734707,2.089696252641599,2.089696252641599,3.8213703927914957,0.0004934917291513767,6.934934194872737e-07,3.820876826924726,0.0,0.9899976822462949,0.9985306953841989,0.9998454971254365,0.0,0.171875,8.847623966942148,0.2476588898946431,0.4013093471034499
144,val,0.00022209967467734707,1.9516237778741805,1.9516237778741805,3.675250667040465,0.00044172944631771046,6.438177203309634e-07,3.67480887741339,0.0,0.8957908256132094,0.9472312165088341,0.9611098346163015,0.0,0.17187500024428132,8.728044509887695,0.2914979027920082,0.3957668191096822
145,train,0.00022104018307464104,2.1101687407690632,2.1101687407690632,3.8215666536457285,0.0004950164867062814,5.969552628597221e-07,3.8210715745106216,0.0,1.012365158431786,0.9778823161667044,1.0000153474571292,0.0,0.171875,8.83044938016529,0.24787890221461778,0.4002130681818182
145,val,0.00022104018307464104,1.9073440266437218,1.9073440266437218,3.683339744317727,0.00045987882865611924,5.122166549270213e-07,3.682879819244635,0.0,0.868078459481724,0.7612912908929294,0.9631364472576829,0.0,0.17187500024428132,8.728044509887695,0.29071545210040983,0.3957668191096822
146,train,0.00021997611422054335,2.065714462729525,2.065714462729525,3.8178971138867466,0.0005179516854335184,5.858435142182158e-07,3.8173791071600167,0.0,0.9725181636485186,0.936487547252789,0.999547547791615,0.0,0.171875,8.851971421359984,0.24816306046217926,0.4019590436427061
146,val,0.00021997611422054335,2.0954053050181907,2.0954053050181907,3.680892897433922,0.0004865736891439215,4.951273943848331e-07,3.680406277296973,0.0,1.038857501549799,0.9191650787337882,0.9646312897322608,0.0,0.17187500024428132,8.728044509887695,0.2923914174564549,0.3957668191096822
147,train,0.00021890753716095708,2.1234973580384056,2.1234973580384056,3.8179414636832623,0.0004973368022171395,5.566935518037242e-07,3.8174440742524203,0.0,1.0248525588473012,0.9815724244541373,1.0004875613145592,0.0,0.171875,8.787233128035364,0.2482734449392508,0.3991544529918797
147,val,0.00021890753716095708,1.9490502681888517,1.9490502681888517,3.6770775865335934,0.000480631676972004,5.127678762760968e-07,3.676596911227117,0.0,0.8934673525270869,0.9428111656767423,0.9613018016346165,0.0,0.17187500024428132,8.728044509887695,0.2914758901127049,0.3957668191096822
148,train,0.0002178345212343162,2.0814528036708673,2.0814528036708673,3.8158204565363483,0.0004734801976847239,5.776109106269051e-06,3.8153463937034293,0.0,0.9740387454998395,1.0763390684146281,0.9997801445732432,0.0,0.171875,8.867940772663463,0.2482408255584969,0.40233063500774796
148,val,0.0002178345212343162,1.9938836254057337,1.9938836254057337,3.6794845627956705,0.0004891649337788876,5.510693667798984e-07,3.678995351322362,0.0,1.0275988984303397,0.03324333440939911,0.9629603897938963,0.0,0.17187500024428132,8.728044509887695,0.29126977138831966,0.3957668191096822
149,train,0.00021675713606708657,2.0510175439937055,2.0510175439937055,3.82363389050665,0.0004981059442978537,5.542253564146058e-07,3.8231357326192303,0.0,1.0121544174665262,0.3842286787588488,1.0004402660141307,0.0,0.171875,8.830578512396695,0.24785721203512398,0.401188958159163
149,val,0.00021675713606708657,1.9007069947289639,1.9007069947289639,3.6799549079332197,0.0004478885735419472,5.178648416031286e-07,3.679506978050607,0.0,0.8782546183124917,0.6146087646484375,0.9609914969225399,0.0,0.17187500024428132,8.728044509887695,0.2919701748206967,0.3957668191096822
150,train,0.0002156754515692477,2.0857709326034737,2.0857709326034737,3.816223824319761,0.0004940984040293804,6.260356543907243e-07,3.8157296564953387,0.0,0.992306685521583,0.9418379191524726,0.9992804598709768,0.0,0.171875,8.774922520661157,0.24924849417091402,0.3990653382598861
150,val,0.0002156754515692477,2.0014385766670353,2.0014385766670353,3.6736493892357,0.0004418595905366094,1.0527682971941e-06,3.6732074159090637,0.0,0.8870773530397259,1.516133761796795,0.9627478435391286,0.0,0.17187500024428132,8.728044509887695,0.2934990554559426,0.3957668191096822
151,train,0.00021458953792975657,2.0858753963935475,2.0858753963935475,3.8138234349321727,0.0004677900603480737,5.983605417502212e-07,3.8133555867455224,0.0,0.9898796768720485,0.95903771586162,1.0000919396719656,0.0,0.171875,8.757532714812223,0.24966170041521718,0.399027674651343
151,val,0.00021458953792975657,2.0554039908237143,2.0554039908237143,3.6791185121067236,0.0004375413142251553,1.0811761391599502e-06,3.678680877216527,0.0,0.917774492599925,1.7389739439135692,0.9637320921069286,0.0,0.17187500024428132,8.728044509887695,0.29120573450307374,0.3957668191096822
152,train,0.0002134994656119931,2.10448839349195,2.10448839349195,3.81386279468694,0.0004770508423146469,9.053076538267373e-07,3.8133856570425113,0.0,1.0085380762076575,0.9595721166981154,0.9999931055652208,0.0,0.171875,8.815340909090908,0.24944488273179236,0.4012451171875
152,val,0.0002134994656119931,1.9511364268474891,1.9511364268474891,3.67102572175323,0.0004536093336236129,5.022396191902847e-07,3.6705720620077162,0.0,0.9013015715802302,0.8820691675436302,0.9616279435939477,0.0,0.17187500024428132,8.728044509887695,0.2928246670081967,0.3957668191096822
153,train,0.00021240530534918776,2.0728182989703723,2.0728182989703723,3.8118615741572106,0.0004580468369319781,5.95184126043083e-07,3.8114034676354778,0.0,0.9728685490602305,1.002906648826993,0.999659083106301,0.0,0.171875,8.76691632231405,0.2493619051846591,0.4003963418735946
153,val,0.00021240530534918776,2.0575740376456837,2.0575740376456837,3.6680142644976006,0.00045332657750581437,4.865379330604795e-07,3.6675608900726817,0.0,1.0184701871676523,0.7665783518650493,0.9624460271147431,0.0,0.17187500024428132,8.728044509887695,0.2929227234887295,0.3957668191096822
154,train,0.00021130712813983212,2.0957131538509337,2.0957131538509337,3.810889530773005,0.0004786672507179901,5.585642515714516e-07,3.8104108128665892,0.0,1.00100027110951,0.9506079441259715,0.999652087688446,0.0,0.171875,8.774750346979818,0.2502040390140754,0.39974530016587784
154,val,0.00021130712813983212,2.0752722024917603,2.0752722024917603,3.6770570434507777,0.0004617299700392502,4.963301843544599e-07,3.676595246205564,0.0,1.0180686336071765,0.9073863410558857,0.9664649484587498,0.0,0.17187500024428132,8.728044509887695,0.2915069079789959,0.3957668191096822
155,train,0.00021020500524307145,2.1152436417981613,2.1152436417981613,3.8142174502049597,0.00046978086126825874,5.427347640618768e-07,3.813747607972011,0.0,1.0163915965182722,0.9803977814341379,1.0008122630355771,0.0,0.171875,8.757618801652892,0.2489413848100615,0.39830668640038197
155,val,0.00021020500524307145,1.9508531308564983,1.9508531308564983,3.6729239479440157,0.00043784900683886755,5.85032805646301e-07,3.672486031641726,0.0,0.8824816267998492,1.0686462643693706,0.9615068767891556,0.0,0.17187500024428132,8.728044509887695,0.2929707511526639,0.3957668191096822
156,train,0.0002090990081740812,2.08332387721243,2.08332387721243,3.811431407928467,0.00046941415625162544,5.952420150167711e-07,3.8109619430274018,0.0,0.9868435349838793,0.9707061702554877,0.9994097177154762,0.0,0.171875,8.713025138397848,0.2500543095602477,0.39715424845041325
156,val,0.0002090990081740812,2.012914243291636,2.012914243291636,3.6821625389036585,0.0004510023151896512,4.471827936435684e-07,3.6817114900370114,0.0,0.9603448568797502,0.8584331826108401,0.9667260607735055,0.0,0.17187500024428132,8.728044509887695,0.2910136238473361,0.3957668191096822
157,train,0.00020798920869942618,2.0923560138576285,2.0923560138576285,3.809498954410395,0.00046899479134142986,5.439762212175023e-07,3.8090299072344442,0.0,0.9940506758029796,0.9817558393990697,1.0001297529078712,0.0,0.171875,8.785898760330578,0.2501491410426857,0.40125520564307854
157,val,0.00020798920869942618,2.021658043392369,2.021658043392369,3.6722692505258028,0.0004453348016393081,4.835333940166895e-07,3.67182388071154,0.0,0.9664916962873741,0.9166540625642557,0.9635009472487402,0.0,0.17187500024428132,8.728044509887695,0.2929407338627049,0.3957668191096822
158,train,0.00020687567883240386,2.102391095200846,2.102391095200846,3.8102782639590176,0.00045278081071489947,9.566254067975903e-07,3.8098253908236166,0.0,1.002822224266273,0.9936165892141909,1.0002072069270551,0.0,0.171875,8.790934917355372,0.2504587725790079,0.39989259161732416
158,val,0.00020687567883240386,1.9871936684749165,1.9871936684749165,3.669805956668541,0.00044155815238377356,5.267980113189208e-07,3.669364339015523,0.0,0.9393310028998578,0.860036233898069,0.9618590405729951,0.0,0.17187500024428132,8.728044509887695,0.29359511078381145,0.3957668191096822
159,train,0.00020575849082837163,2.079036543191957,2.079036543191957,3.807778334814655,0.0004621859195989495,6.054010727734185e-07,3.807316086509011,0.0,0.9837812634785313,0.9609272248488813,0.9991625599132097,0.0,0.171875,8.775740359440324,0.2502507822326392,0.3996861146008673
159,val,0.00020575849082837163,2.046471034894224,2.046471034894224,3.6725795190842425,0.0004354782360052446,4.649486441610593e-07,3.6721439908762448,0.0,0.9961779288581161,0.8372722185048901,0.9665658864818636,0.0,0.17187500024428132,8.728044509887695,0.29325791655993855,0.3957668191096822
160,train,0.00020463771718005807,2.1072793809835577,2.1072793809835577,3.8056290859033255,0.00046836210208875704,6.053315105221426e-07,3.8051606653150447,0.0,1.0091098395507199,0.9800118874173519,1.0001683582451717,0.0,0.171875,8.758178375969248,0.25098185893917874,0.3995694247159091
160,val,0.00020463771718005807,2.0335098035999986,2.0335098035999986,3.6752004037137893,0.00045389995111541853,5.64844369455759e-07,3.67474645473918,0.0,0.980411529052453,0.8666275832496706,0.9664355301466144,0.0,0.17187500024428132,8.728044509887695,0.29216728835809425,0.3957668191096822
161,train,0.00020351343061285904,2.090398063837004,2.090398063837004,3.806293378191546,0.00046273709509583297,5.021248234688455e-07,3.805830592951499,0.0,0.9971580845265349,0.9325521418378373,0.9999847641168547,0.0,0.171875,8.831568528798002,0.25085844351979325,0.40106352498708675
161,val,0.00020351343061285904,2.013496178095458,2.013496178095458,3.670693190371404,0.0004371088227165527,5.392765269677556e-07,3.670256024501363,0.0,0.9438843834595602,1.042960910523524,0.9653157044629581,0.0,0.17187500024428132,8.728044509887695,0.2949068663550205,0.3957668191096822
162,train,0.00020238570408011877,2.1042162347431024,2.1042162347431024,3.803192340638027,0.0004444191584576206,6.71692600894106e-06,3.802747243692067,0.0,1.0020407876692528,1.0213231277336512,1.000043138738506,0.0,0.171875,8.738980718880645,0.2506159002130682,0.39786077666381175
162,val,0.00020238570408011877,1.9385311173611,1.9385311173611,3.6797053032234066,0.0004566062299523228,4.941668491676968e-07,3.679248653474401,0.0,0.9671141813035871,0.03952415760789738,0.9674645251915103,0.0,0.17187500024428132,8.728044509887695,0.2916649990394467,0.3957668191096822
163,train,0.0002012546107583959,2.0103873787832653,2.0103873787832653,3.8110462968999688,0.0005288925133732124,5.142431879038262e-07,3.81051736232663,0.0,0.9681913344081768,0.42049072381139785,1.0001469771724103,0.0,0.171875,8.855156681754373,0.2502897068981297,0.4011960200780679
163,val,0.0002012546107583959,2.0620258225769295,2.0620258225769295,3.671249116053347,0.00045313702879061344,6.339843526079601e-07,3.670795925327989,0.0,1.0144474022701138,0.8304904142364127,0.9645293628583189,0.0,0.17187500024428132,8.728044509887695,0.2930718093621926,0.3957668191096822
164,train,0.00020012022404271496,2.0828210332176904,2.0828210332176904,3.8068665128108883,0.00046704103767319607,7.315404878664963e-07,3.8063994015543914,0.0,0.996351736389901,0.8670683887994979,0.9997624577569567,0.0,0.171875,8.821151859504132,0.2501294685543076,0.40086982663997933
164,val,0.00020012022404271496,2.0579167917126515,2.0579167917126515,3.658388892158133,0.00044240267397683175,5.97275313943041e-07,3.657946422451832,0.0,0.9918743948467442,1.037739945239708,0.9622684072275631,0.0,0.17187500024428132,8.728044509887695,0.2954601850665984,0.3957668191096822
165,train,0.00019898261754180456,2.1230573757620883,2.1230573757620883,3.8019738818003126,0.00045403778314405727,6.758087829368852e-07,3.801519779134388,0.0,1.021696227641145,1.0131514562555581,1.0000460002540557,0.0,0.171875,8.825499313921968,0.2512058226530217,0.40170683225324333
165,val,0.00019898261754180456,2.2110506100732774,2.2110506100732774,3.669525963361146,0.0004505955463382186,2.363021949946176e-06,3.6690751255535687,0.0,0.8954455617998467,3.5064020997188132,0.9649648216904186,0.0,0.17187500024428132,8.728044509887695,0.2930477955302254,0.3957668191096822
166,train,0.00019784186507332017,2.0859348414358028,2.0859348414358028,3.802327304832206,0.0004671884823685766,5.900246646596999e-07,3.801860058603208,0.0,0.991835197387648,0.9433994200850321,0.9997597043671884,0.0,0.171875,8.79063361144263,0.251498640076188,0.39947324818816066
166,val,0.00019784186507332017,1.9515017407839415,1.9515017407839415,3.6667458112122584,0.0004263079432259146,6.60268402371599e-07,3.666319417171791,0.0,0.8678988550530106,1.1823073708620229,0.9653721520158111,0.0,0.17187500024428132,8.728044509887695,0.29406237993084017,0.3957668191096822
167,train,0.0001966980406590546,2.0713131964699296,2.0713131964699296,3.801976613761965,0.0004426879062791632,5.393845218258103e-07,3.801533875386577,0.0,0.9736596709194262,0.9740874557948309,1.000244776818378,0.0,0.171875,8.817708334646934,0.25210125719712784,0.39958253970816116
167,val,0.0001966980406590546,2.055014272205165,2.055014272205165,3.648923107835113,0.0004399109077849807,5.130086319173851e-07,3.64848316302065,0.0,1.004969774699602,0.905416834061263,0.9595028142460057,0.0,0.17187500024428132,8.728044509887695,0.2973662829789959,0.3957668191096822
168,train,0.00019555121852013514,2.0991059384070154,2.0991059384070154,3.801244069722073,0.00045746245258151025,5.705853509857849e-07,3.800786555305985,0.0,1.002947514584242,0.9639366456299774,0.9997647527820808,0.0,0.171875,8.855285813985777,0.251724201169881,0.40147446145203486
168,val,0.00019555121852013514,1.9995432642639661,1.9995432642639661,3.6744455704923538,0.00042450047178254995,4.6475004536973087e-07,3.6740210212644984,0.0,0.9434102998405206,0.8880487680435181,0.9673280842968675,0.0,0.17187500024428132,8.728044509887695,0.2919331534964139,0.3957668191096822
169,train,0.0001944014730722068,2.1028754011658597,2.1028754011658597,3.7967575443677664,0.0004502895361169488,5.046776094991588e-07,3.796307202213067,0.0,1.0037320660165518,0.9887354079603163,1.0002697920503696,0.0,0.171875,8.830234161093216,0.25173168340005164,0.4005540579803719
169,val,0.0001944014730722068,1.9818629749485703,1.9818629749485703,3.6555669464048792,0.00043302633084898784,4.6721309353952315e-07,3.6551338805526985,0.0,0.9362758500654189,0.845253122634575,0.9610618059752417,0.0,0.17187500024428132,8.728044509887695,0.2956753089779713,0.3957668191096822
170,train,0.000193248878920604,2.0637507842591973,2.0637507842591973,3.798717494838494,0.000444707518668599,7.205129792926204e-07,3.7982727141419717,0.0,0.9735260645220102,0.9082471677833353,0.9993999955082727,0.0,0.171875,8.806129479211224,0.25234111022850697,0.4002002895124688
170,val,0.000193248878920604,2.1025252224969084,2.1025252224969084,3.6610498115664623,0.00042316541025609725,5.753263874488706e-07,3.660626579503544,0.0,1.0318537144387354,1.0532192885875702,0.9653495726038198,0.0,0.17187500024428132,8.728044509887695,0.2952480628842213,0.3957668191096822
171,train,0.00019209351085550965,2.1363087138853785,2.1363087138853785,3.7989314331496056,0.0004605942194456858,5.182816752224892e-07,3.7984707848099637,0.0,1.0342984357156044,1.0162890808395117,1.00038137317689,0.0,0.171875,8.853607094977512,0.25178229390097057,0.40244631604714826
171,val,0.00019209351085550965,1.948473506286496,1.948473506286496,3.6685285568237305,0.0004322079273196487,6.893091338378192e-07,3.668096272671809,0.0,0.8790224321552964,1.0396425020499307,0.9654868313523589,0.0,0.17187500024428132,8.728044509887695,0.29272360879866804,0.3957668191096822
172,train,0.00019093544384710166,2.064906740976759,2.064906740976759,3.7979855892086816,0.0004593883740281771,4.939087336658514e-07,3.79752615266595,0.0,0.9714734401584657,0.9378698332743212,0.999646316875111,0.0,0.171875,8.814393942021141,0.2526203923481555,0.3987643659607438
172,val,0.00019093544384710166,2.039382526131927,2.039382526131927,3.6639945272539483,0.0004166347057211259,6.524641336357893e-07,3.6635778184796943,0.0,0.9526280887791367,1.207830989458522,0.9659713350358556,0.0,0.17187500024428132,8.728044509887695,0.29603051357581966,0.3957668191096822
173,train,0.00018977475304068875,2.108253599690997,2.108253599690997,3.797360159148855,0.0004492532868373154,5.699340804918685e-07,3.796910843573326,0.0,1.0073077243960593,1.0068869071065887,1.000257180988296,0.0,0.171875,8.798898074252547,0.2522618317407025,0.4002910856126754
173,val,0.00018977475304068875,1.954853753574559,1.954853753574559,3.6589862362283174,0.0004074840651840338,6.220849637675649e-07,3.6585786967981058,0.0,0.8922438538465344,0.9919290747798857,0.9634169975265128,0.0,0.17187500024428132,8.728044509887695,0.2961205654456967,0.3957668191096822
174,train,0.00018861151375183387,2.0718862522732127,2.0718862522732127,3.7972348258515036,0.0004334849277068668,5.119164862955871e-07,3.7968012902362287,0.0,0.9769987277994471,0.9478191241991422,1.0001056068692327,0.0,0.171875,8.798381545326926,0.25260038353687475,0.40049117335603257
174,val,0.00018861151375183387,2.077721128698255,2.077721128698255,3.6683794865842727,0.0004234663956296691,4.5475079457260183e-07,3.6679559809262634,0.0,1.0276293368613134,0.8471923871118514,0.9653725457973168,0.0,0.17187500024428132,8.728044509887695,0.2933089459528688,0.3957668191096822
175,train,0.00018744580146146762,2.099931524804801,2.099931524804801,3.797996297355526,0.000435477341965422,5.173472461667775e-07,3.7975607627679495,0.0,1.0050907531553064,0.9552046748971151,0.9993203109946133,0.0,0.171875,8.840306475142802,0.2533098541754336,0.4003963418735946
175,val,0.00018744580146146762,2.0499687546589334,2.0499687546589334,3.658536438082085,0.00042329613571665935,4.4594929774433934e-07,3.658113096581131,0.0,0.9907252128984108,0.9323669882094274,0.9660068467015126,0.0,0.17187500024428132,8.728044509887695,0.2960835441214139,0.3957668191096822
176,train,0.0001862776918109899,2.1126466009242475,2.1126466009242475,3.7999506627232575,0.00043640138719939,5.289067890580818e-07,3.799514211898993,0.0,1.010751586930811,1.0145621600229877,1.0004387919075233,0.0,0.171875,8.812887396694215,0.25195018257483964,0.4017064959303407
176,val,0.0001862776918109899,1.9789880748654975,1.9789880748654975,3.6688312976086728,0.00042069937029975605,4.990528301281392e-07,3.668410547444078,0.0,0.9256570280575361,0.8671341108494117,0.9666176301534058,0.0,0.17187500024428132,8.728044509887695,0.2929297275230533,0.3957668191096822
177,train,0.00018510726059736194,2.0846140177781916,2.0846140177781916,3.797175855676005,0.00044287207237183126,5.172317540220041e-07,3.796732927156874,0.0,0.9841751065874887,0.9984889561233442,1.0005900184970258,0.0,0.171875,8.784994834710744,0.25203929730683317,0.40007889172262395
177,val,0.00018510726059736194,2.060082351575132,2.060082351575132,3.6574631675345,0.00042175963536748417,7.244177903080303e-07,3.6570413425320485,0.0,0.9856923745303857,1.135848165535536,0.9608051522833402,0.0,0.17187500024428132,8.728044509887695,0.2955042104252049,0.3957668191096822
178,train,0.000183934583768188,2.089265199239589,2.089265199239589,3.7921225453211256,0.00043415410720987614,5.374772620505361e-07,3.7916883446953515,0.0,0.9973906272452725,0.9275955495016635,0.9991150165884948,0.0,0.171875,8.7716511734261,0.2531142222487237,0.39952301782024796
178,val,0.000183934583768188,2.0495374847630985,2.0495374847630985,3.654609426123197,0.00041984668281597285,5.086296828379046e-07,3.65418954364589,0.0,0.9822501757594405,1.0303870600755098,0.9642486132559229,0.0,0.17187500024428132,8.728044509887695,0.29656181960809425,0.3957668191096822
179,train,0.000182759737416787,2.09338918008095,2.09338918008095,3.794337378060522,0.0004347197228969529,5.019261607113429e-07,3.7939026099591215,0.0,0.9955119772637187,0.9751975003106534,1.0003574576752245,0.0,0.171875,8.820377066115702,0.2528205640798758,0.39850980068041275
179,val,0.000182759737416787,2.049785201666785,2.049785201666785,3.6582148387783864,0.00040756147326214515,6.128702854065985e-07,3.657807213361146,0.0,0.9602444421072476,1.2605235498459613,0.9634884029138283,0.0,0.17187500024428132,8.728044509887695,0.2968810034579918,0.3957668191096822
180,train,0.00018158279777725497,2.0706383605633887,2.0706383605633887,3.79619321645784,0.00044750416075785775,4.530637638161574e-06,3.795745255533329,0.0,1.00953418398199,0.6120486318649463,0.9998993147010645,0.0,0.171875,8.809702136299826,0.2524807512267562,0.3996343271545142
180,val,0.00018158279777725497,1.9459605803255176,1.9459605803255176,3.6687590763217113,0.00042709198777495167,4.249524032334715e-07,3.668331959208504,0.0,0.943316003826798,0.35916170697720323,0.9667284146684115,0.0,0.17187500024428132,8.728044509887695,0.2954561827612705,0.3957668191096822
181,train,0.00018040384121951862,2.066504724754775,2.066504724754775,3.793325306955448,0.00043781558717966604,4.80801510017808e-07,3.7928874384273183,0.0,0.9858057737843064,0.8100553984976997,0.9996934107019881,0.0,0.171875,8.755810950413224,0.2526821841385739,0.3985901720021382
181,val,0.00018040384121951862,2.0307562820246963,2.0307562820246963,3.6608637981727474,0.0004172792021742426,4.468905714117279e-07,3.660446479672291,0.0,0.9767075039324213,0.8794879195142965,0.9660999911730407,0.0,0.17187500024428132,8.728044509887695,0.29590844326331966,0.3957668191096822
182,train,0.0001792229442443794,2.0896588465398995,2.0896588465398995,3.794064078449218,0.0004299961523925462,6.20072922976501e-07,3.79363402650376,0.0,0.9942356538920363,0.9528898185442302,1.0001342158672237,0.0,0.171875,8.819128789192389,0.25364058735695755,0.4006098808089564
182,val,0.0001792229442443794,2.0404781884834415,2.0404781884834415,3.656422251560649,0.0004087824365610761,4.615454079399927e-07,3.656013434050513,0.0,0.9739357667868255,1.022643716120329,0.9642780589275672,0.0,0.17187500024428132,8.728044509887695,0.2963236824410861,0.3957668191096822
183,train,0.0001780401834785497,2.0984177086964126,2.0984177086964126,3.7917824471292416,0.00043253715467314076,5.193295283325553e-07,3.7913498602622795,0.0,0.9972639487794608,1.009195290567461,1.0002342324611568,0.0,0.171875,8.711174243737844,0.2537700558496901,0.39663738332504084
183,val,0.0001780401834785497,2.0079202046159836,2.0079202046159836,3.659268918584605,0.00040102218226224307,4.59891507899392e-07,3.6588678516325404,0.0,0.9577142645101078,0.8630351380246585,0.9639024197078142,0.0,0.17187500024428132,8.728044509887695,0.2964507556352459,0.3957668191096822
184,train,0.00017685563566968075,2.0948380010187133,2.0948380010187133,3.7899490653975936,0.00042589453110579125,4.84827134046607e-07,3.789523116813218,0.0,0.9987345175309614,0.9639295615440557,0.9997105214221418,0.0,0.171875,8.762052342911398,0.25346193764327973,0.39825826181360513
184,val,0.00017685563566968075,2.0236413283426256,2.0236413283426256,3.660244191279177,0.00041125804022695015,4.3723213069057e-07,3.6598328918707175,0.0,0.9704810034056179,0.876370112915508,0.9655233250289667,0.0,0.17187500024428132,8.728044509887695,0.29779753137807374,0.3957668191096822
185,train,0.00017566937768138225,2.082525303541136,2.082525303541136,3.790469306559602,0.00042563389127108094,5.108660594353089e-07,3.790043621023824,0.0,0.9872266424835221,0.9538595872230766,0.999912709736627,0.0,0.171875,8.788094008264462,0.25373071087293386,0.3994715666967975
185,val,0.00017566937768138225,2.0986401174889235,2.0986401174889235,3.6593250915652416,0.0004153863279259626,4.6467304629958727e-07,3.6589096608709117,0.0,1.0301131972523987,1.0284240460786662,0.965684531164951,0.0,0.17187500024428132,8.728044509887695,0.2963276847464139,0.3957668191096822
186,train,0.00017448148648823515,2.097258219048997,2.097258219048997,3.786210310360617,0.0004124113165894677,5.167195494842673e-07,3.785797838337165,0.0,0.9973340059114881,1.000504863779407,0.9998737236192404,0.0,0.171875,8.818913570120316,0.25469869818569213,0.4004901645104747
186,val,0.00017448148648823515,2.141005666529546,2.141005666529546,3.6553170407404667,0.00043260786285410165,4.895783845648887e-07,3.6548843970064255,0.0,1.0790169087589765,0.9677654065069605,0.965212209302871,0.0,0.17187500024428132,8.728044509887695,0.29739029681096313,0.3957668191096822
187,train,0.0001732920391707966,2.105045791499871,2.105045791499871,3.786654712740055,0.0004239895365158604,5.122693997185902e-07,3.78623066854871,0.0,1.007276018788992,0.9780606159493943,0.9999637106233392,0.0,0.171875,8.798123280864116,0.2539529091070506,0.40045552743860513
187,val,0.0001732920391707966,2.035614984934447,2.035614984934447,3.6599505729362614,0.00041175084322171864,4.578172666179242e-07,3.6595387654226332,0.0,0.9783931579746183,0.9061953058985414,0.9666022853773149,0.0,0.17187500024428132,8.728044509887695,0.2962536420978484,0.3957668191096822
188,train,0.00017210111291059857,2.1068364041895906,2.1068364041895906,3.7906439767396156,0.0004236885219714258,4.4302916229986475e-07,3.790220245842106,0.0,1.0104863090702325,0.9622167309453665,1.00012842017757,0.0,0.171875,8.880552685950413,0.25380217080766504,0.4009303573734504
188,val,0.00017210111291059857,1.9728942347354577,1.9728942347354577,3.64901240536424,0.0004072724413327094,4.867296873450615e-07,3.6486050809015995,0.0,0.9063369465655968,1.0346780624545988,0.9630894768433492,0.0,0.17187500024428132,8.728044509887695,0.29732525934938525,0.3957668191096822
189,train,0.00017090878498513936,2.067019360124572,2.067019360124572,3.788942269057282,0.0004060082428021672,4.823037546201673e-07,3.788536214631451,0.0,0.9695753388660998,0.974670949307355,0.9999769211800631,0.0,0.171875,8.729554065988083,0.25413441731910075,0.39867390618343984
189,val,0.00017090878498513936,2.154199899220076,2.154199899220076,3.6543083933533214,0.0004260778872269496,4.4234070605293934e-07,3.6538822689994435,0.0,1.0943501953218804,0.9526807748880542,0.9645816380860376,0.0,0.17187500024428132,8.728044509887695,0.29666888127561475,0.3957668191096822
190,train,0.00016971513276286938,2.1091351188904,2.1091351188904,3.7868500100679636,0.00041854174244592796,4.317620439174105e-07,3.7864314258591203,0.0,1.0129095375045272,0.9683783766159342,0.9993877410888672,0.0,0.171875,8.822141875905439,0.2539799798372363,0.40031361653785075
190,val,0.00016971513276286938,2.028249885215134,2.028249885215134,3.6551075177114516,0.0004060209815134676,4.3329331181659474e-07,3.6547014439692265,0.0,0.9639489743553225,0.9659415527445371,0.9677067555365015,0.0,0.17187500024428132,8.728044509887695,0.29700407434682374,0.3957668191096822
191,train,0.00016852023369817075,2.088084416941178,2.088084416941178,3.7842842123725196,0.00041225689088334984,4.718996401282852e-07,3.783871914729599,0.0,0.9895488247891103,0.9812791622128368,1.0004076763125491,0.0,0.171875,8.776687330450894,0.25483917992962296,0.4001232809271694
191,val,0.00016852023369817075,2.0836465515074183,2.0836465515074183,3.643645861109749,0.00040877286939248136,4.868315239607045e-07,3.643237012331603,0.0,1.0149758306683088,1.0595174475771483,0.9627189743714254,0.0,0.17187500024428132,8.728044509887695,0.2990442494877049,0.3957668191096822
192,train,0.00016732416532633148,2.1014616464780382,2.1014616464780382,3.7886804480198,0.00040708600352460533,4.572331742536312e-07,3.7882733197251626,0.0,1.000411904178375,1.0083531743485081,1.0002144235224764,0.0,0.171875,8.794851929688257,0.25316878389721076,0.40089807431559915
192,val,0.00016732416532633148,2.128849015861261,2.128849015861261,3.645020871865945,0.00042044517660960094,7.133655109831379e-07,3.6446003483944254,0.0,1.0344974315557323,1.3230346841890304,0.9620481231173531,0.0,0.17187500024428132,8.728044509887695,0.3000028016137295,0.3957668191096822
193,train,0.00016612700525851418,2.102581077370762,2.102581077370762,3.78934236991504,0.0004109075938881575,4.611062525671604e-07,3.7889314072191222,0.0,1.006662220994303,0.9613318862008654,0.999785660712187,0.0,0.171875,8.80186811557486,0.2542011692257952,0.40074809265038197
193,val,0.00016612700525851418,2.2772202706727827,2.2772202706727827,3.652956708532865,0.00039461464334859467,1.9076326020322233e-06,3.652561899091377,0.0,0.9304543259691019,3.8160621689968424,0.9651597073820771,0.0,0.17187500024428132,8.728044509887695,0.2968729988473361,0.3957668191096822
194,train,0.00016492883117672,2.0815434716949777,2.0815434716949777,3.785356879234314,0.0004136997661341659,4.93422429820174e-07,3.7849431254646997,0.0,0.9858568267635077,0.9562790850716189,1.0000587290476177,0.0,0.171875,8.828426309853546,0.25430121303589875,0.40077499515754134
194,val,0.00016492883117672,2.0803726149387045,2.0803726149387045,3.651681079239142,0.0004070334085912184,4.280078152734233e-07,3.6512740010120828,0.0,1.0208467293958194,0.9499765683393009,0.9645282030105591,0.0,0.17187500024428132,8.728044509887695,0.29680596023309425,0.3957668191096822
195,train,0.00016372972082874808,2.1173365702313824,2.1173365702313824,3.7857209315969924,0.00042294187480651133,5.751708760547159e-07,3.785297931718432,0.0,1.0229591998186978,0.9460196146541391,0.9997754161022911,0.0,0.171875,8.793948004068422,0.2536633704319473,0.39986737047837784
195,val,0.00016372972082874808,2.0037986215997914,2.0037986215997914,3.647832839215388,0.0004117781946198923,6.056163252636549e-07,3.6474209926167473,0.0,0.9107027249258073,1.2852816190875944,0.9645677326155491,0.0,0.17187500024428132,8.728044509887695,0.2983028224257172,0.3957668191096822
196,train,0.00016252975202315053,2.0335936787699866,2.0335936787699866,3.788322049724169,0.0004087149626541737,6.5249672409415575e-06,3.7879126820682494,0.0,0.9701647784345406,0.6307925173689511,1.0003496578409652,0.0,0.171875,8.73747417355372,0.2532465491166785,0.39802622733529935
196,val,0.00016252975202315053,2.061242754342126,2.061242754342126,3.6590724382244173,0.00042430439331286326,4.2702563368053594e-07,3.658648084421627,0.0,1.0728168726944534,0.2257279953995689,0.9658530716036187,0.0,0.17187500024428132,8.728044509887695,0.2982117699795082,0.3957668191096822
197,train,0.00016132900262418346,2.0719193904853066,2.0719193904853066,3.7861051204775977,0.00041935296421572333,5.493175542939812e-07,3.7856857136261364,0.0,0.9957971114757632,0.768941992508971,0.9992280769939265,0.0,0.171875,8.825111917227753,0.2545023096248138,0.4010564630681818
197,val,0.00016132900262418346,2.0186960364951463,2.0186960364951463,3.652702941269171,0.00039310873172161947,4.432900587077159e-07,3.65230978121523,0.0,1.0003483989199653,0.5049696164052995,0.967850676325501,0.0,0.17187500024428132,8.728044509887695,0.2985509653560451,0.3957668191096822
198,train,0.00016012755054675468,2.082696698421289,2.082696698421289,3.784099626147057,0.00041358141107811816,4.536366607240321e-07,3.783685996512736,0.0,0.9946948935177701,0.8761893936917802,1.0003828583670056,0.0,0.171875,8.834839876033058,0.25516133798548013,0.3997577426354747
198,val,0.00016012755054675468,2.1951732596413036,2.1951732596413036,3.642562041517164,0.0004086363266248897,9.610187461118183e-07,3.642153302177054,0.0,1.0515799116892892,1.8026881335211582,0.9633245223858318,0.0,0.17187500024428132,8.728044509887695,0.29952852843237704,0.3957668191096822
199,train,0.00015892547375136773,2.102445086664405,2.102445086664405,3.7814847339283335,0.000411249673696839,4.7186928157331323e-07,3.781073441190168,0.0,1.0082962267901288,0.9442367935476225,0.9997251829332556,0.0,0.171875,8.84727961563867,0.2547546051257898,0.40087352582245817
199,val,0.00015892547375136773,2.0754803985845847,2.0754803985845847,3.649434847909896,0.000397104310844147,6.491182910965153e-07,3.6490376816421257,0.0,0.9652969045717208,1.437390658699098,0.9664444161243126,0.0,0.17187500024428132,8.728044509887695,0.29807068871670084,0.3957668191096822
200,train,0.0001577228502390633,2.090442842195842,2.090442842195842,3.782005903149439,0.00040755239204688323,4.533257646291216e-07,3.781598297032443,0.0,0.9926167679719688,0.9776005573755453,1.0000660168237923,0.0,0.171875,8.823691462682298,0.2553441912428407,0.39936765560433884
200,val,0.0001577228502390633,2.027227593249962,2.027227593249962,3.6482993813811757,0.0003803251665438617,5.311824446234972e-07,3.6479189982179734,0.0,0.9446805158599478,1.1672615272099855,0.9658209398144582,0.0,0.17187500024428132,8.728044509887695,0.2980696881403688,0.3957668191096822
201,train,0.00015651975804635755,2.1047260918893103,2.1047260918893103,3.7816596110005025,0.0004096753793178811,5.126033812295405e-07,3.7812498847315132,0.0,1.002370815754922,1.0216628888175507,1.000188981452264,0.0,0.171875,8.76691632231405,0.255185802490258,0.3996101148611258
201,val,0.00015651975804635755,2.1448256129124124,2.1448256129124124,3.647881969076688,0.00039670521132915173,1.2609088495067778e-06,3.6474851389400293,0.0,0.9593192001835245,2.2071408678273685,0.9647923102144336,0.0,0.17187500024428132,8.728044509887695,0.29868604316086067,0.3957668191096822
202,train,0.00015531627524017884,2.0786556966048626,2.0786556966048626,3.780728328326517,0.000398410304941618,4.640988354245294e-07,3.7803298688131917,0.0,0.9866073284267394,0.9226153001558682,0.9997868321158669,0.0,0.171875,8.834710743801653,0.2552158997571173,0.40244059917355374
202,val,0.00015531627524017884,2.0717207525597243,2.0717207525597243,3.6424885030652656,0.00039327228856921866,4.371297293681757e-07,3.642095174945769,0.0,1.0067519804493326,1.0060018139784452,0.9643685749319734,0.0,0.17187500024428132,8.728044509887695,0.2997396500384221,0.3957668191096822
203,train,0.00015411247991280178,2.0936924716657845,2.0936924716657845,3.77917303428177,0.0004013878239096481,4.4420205548739664e-07,3.778771609314217,0.0,0.9965000485093141,0.9711531948698454,1.0000770995932178,0.0,0.171875,8.823476239669422,0.25602087440076937,0.4013665149773448
203,val,0.00015411247991280178,2.0550431188989857,2.0550431188989857,3.640886842227373,0.0003814353527917267,4.5801367693762646e-07,3.6405053646838077,0.0,0.9837540524904845,1.0772046661767802,0.9635685907035577,0.0,0.17187500024428132,8.728044509887695,0.2999747854764344,0.3957668191096822
204,train,0.00015290845017678004,2.100690281588184,2.100690281588184,3.7790992013679063,0.00040337283972194724,4.3355844669417256e-07,3.778695787280059,0.0,0.9989169698116208,1.0130138244510682,1.0004719338141197,0.0,0.171875,8.81800964450048,0.2554438988531917,0.40033614733987605
204,val,0.00015290845017678004,2.066045507055814,2.066045507055814,3.6368458974556845,0.0003830433458654729,6.973848816168818e-07,3.636462782250076,0.0,0.9705364489164509,1.3526246430443936,0.9602466127911552,0.0,0.17187500024428132,8.728044509887695,0.30012587250256145,0.3957668191096822
205,train,0.0001517042641598778,2.097362313388793,2.097362313388793,3.7782335182852,0.0004029819763011553,4.76289873230963e-07,3.777830496307247,0.0,1.0010419699771345,0.9668007905571914,0.9996402610924618,0.0,0.171875,8.793646694214877,0.25507121440792874,0.4007568359375
205,val,0.0001517042641598778,2.0436248232106693,2.0436248232106693,3.6428454000441755,0.00039881674742677295,4.486959787326385e-07,3.6424465413953437,0.0,0.9888731925213923,0.9122631701289631,0.9635253020974456,0.0,0.17187500024428132,8.728044509887695,0.2990302414190574,0.3957668191096822
206,train,0.0001505,2.073355424010064,2.073355424010064,3.7794676506814877,0.0003926914531885731,4.334273699983024e-07,3.7790749181400645,0.0,0.9791697011259962,0.9425833821296692,0.9999273820849489,0.0,0.171875,8.762138429752065,0.2551888290269316,0.3996286104040698
206,val,0.0001505,2.122793453638671,2.122793453638671,3.6411383542858187,0.0003874724469391904,4.391123092389415e-07,3.640750834199249,0.0,1.0541676199827037,1.0521582663059235,0.9634100159660715,0.0,0.17187500024428132,8.728044509887695,0.3000948546362705,0.3957668191096822
207,train,0.00014929573584012223,2.114350848454089,2.114350848454089,3.7810976190015304,0.0004059930829536208,4.803506387656289e-07,3.7806915832945136,0.0,1.0081035661057007,1.0605570673942566,1.000191570559809,0.0,0.171875,8.821969698283297,0.2554477660123967,0.40198056559917356
207,val,0.00014929573584012223,2.0298023282504474,2.0298023282504474,3.636245758807073,0.000379064709824113,5.963936979096765e-07,3.6358666498152936,0.0,0.9755667384530677,0.930404394865036,0.9611951484054816,0.0,0.17187500024428132,8.728044509887695,0.3005401111039959,0.3957668191096822
208,train,0.00014809154982321995,2.0818681716918945,2.0818681716918945,3.777973490313065,0.00038737605472839986,4.217992163370401e-07,3.7775860689888314,0.0,0.9934818839484995,0.8909962065210028,0.9992866725468439,0.0,0.171875,8.75292699987238,0.2551108115960744,0.3982720493285124
208,val,0.00014809154982321995,2.083054786822835,2.083054786822835,3.6443202847340066,0.0003817216437128678,4.67100226738008e-07,3.643938533595351,0.0,1.0049624101060335,1.1137501924741464,0.9667173584953683,0.0,0.17187500024428132,8.728044509887695,0.2994574875128074,0.3957668191096822
209,train,0.00014688752008719822,2.1036225517919243,2.1036225517919243,3.7788960825313223,0.00038757159007609293,4.353967710225642e-07,3.7785084769745505,0.0,1.0052434004042758,0.9824136366282613,1.0001377874662067,0.0,0.171875,8.760631888365943,0.255440283782226,0.3979952894459086
209,val,0.00014688752008719822,2.08515965547718,2.08515965547718,3.6433683848771894,0.00040262493115971934,4.1958226218031966e-07,3.642965711531092,0.0,1.023375127159181,0.9599556473434948,0.9657889624110988,0.0,0.17187500024428132,8.728044509887695,0.2985729780353484,0.3957668191096822
210,train,0.00014568372475982114,2.0931348514950967,2.0931348514950967,3.7795327241755716,0.0003921211378341964,4.2541067733689805e-07,3.779140562065377,0.0,0.9961602738327231,0.9719044491032923,0.9997841250305334,0.0,0.171875,8.761449725174707,0.2556834996731813,0.3989691616089876
210,val,0.00014568372475982114,2.0750417416212987,2.0750417416212987,3.6387928118471238,0.0003898282282266262,4.5466052116636527e-07,3.6384029427512745,0.0,1.003883272409439,1.0556136164508882,0.9655971048308201,0.0,0.17187500024428132,8.728044509887695,0.30072521772540983,0.3957668191096822
211,train,0.00014448024195364245,2.1048066650540376,2.1048066650540376,3.7750328877740653,0.0003815934665487648,4.2077289566671704e-07,3.7746512485929755,0.0,1.0056861726459392,0.9880094323769089,1.0003195471507458,0.0,0.171875,8.728305785123966,0.25633630673747415,0.39750263649077455
211,val,0.00014448024195364245,2.009698637196275,2.009698637196275,3.6438189217301664,0.00038208079869767313,4.3991222543779454e-07,3.643436783649882,0.0,0.9487475987340583,0.9555623423857768,0.9653948154605803,0.0,0.17187500024428132,8.728044509887695,0.3005391105276639,0.3957668191096822
212,train,0.00014327714976093667,2.0930553901294044,2.0930553901294044,3.777946823884633,0.00041346765105989723,3.928245625496676e-07,3.777533317400404,0.0,0.999040341081698,0.9405826641754671,0.9999567836769356,0.0,0.171875,8.761406681754373,0.2565647262679644,0.4013423026839564
212,val,0.00014327714976093667,2.03203981039954,2.03203981039954,3.6461805515601986,0.0003913430561221846,4.380044119022282e-07,3.645789162057345,0.0,0.9537379301962305,1.1209027816037662,0.9662116130844491,0.0,0.17187500024428132,8.728044509887695,0.29925036821209017,0.3957668191096822
213,train,0.00014207452624863222,2.0860639495297897,2.0860639495297897,3.780508363542478,0.00039668214203855256,4.5114792630438236e-07,3.7801116340416523,0.0,0.9847249739672527,1.0092714553283266,1.000411828194768,0.0,0.171875,8.715866049459159,0.25590073772944694,0.39739805287566066
213,val,0.00014207452624863222,2.032679202126675,2.032679202126675,3.6468675840096396,0.000377086159385756,4.0951030119559304e-07,3.6464904527195166,0.0,0.9804752869684188,0.8778167943485448,0.9644222288835244,0.0,0.17187500024428132,8.728044509887695,0.2989391889728484,0.3957668191096822
214,train,0.00014087244945324532,2.088152672633652,2.088152672633652,3.7766543281965017,0.00038905512355845266,4.221155423290703e-07,3.776265234001412,0.0,0.9943776764899246,0.9390699245220373,0.9998679996029405,0.0,0.171875,8.80496728912858,0.2564380320389409,0.3997614416948035
214,val,0.00014087244945324532,2.1399063809973295,2.1399063809973295,3.6336232716919947,0.0004068106337980993,4.205488162593521e-07,3.6332164123410084,0.0,1.0730514282085857,1.053290044675108,0.9615259444127318,0.0,0.17187500024428132,8.728044509887695,0.30011986904456966,0.3957668191096822
215,train,0.00013967099737581653,2.104413267994715,2.104413267994715,3.7765623557666115,0.00039573529720054323,4.946922400385804e-07,3.7761665612212885,0.0,1.0089010709573414,0.9556375987027302,0.9999484301598605,0.0,0.171875,8.832128099173554,0.25639860295067146,0.40098046345159044
215,val,0.00013967099737581653,2.030791007104467,2.030791007104467,3.632417522492956,0.0003906310708681885,4.2169548989335693e-07,3.632026836520336,0.0,0.973788594124747,0.9556113286096541,0.9614412911602708,0.0,0.17187500024428132,8.728044509887695,0.30193091220543034,0.3957668191096822
216,train,0.00013847024797684952,2.0812461124964,2.0812461124964,3.770317036258288,0.0003943655823048566,4.0719189856478e-07,3.76992263380161,0.0,0.9856569286712931,0.9657707663853307,0.9990121106470912,0.0,0.171875,8.857222797456851,0.25675565028978775,0.40299849076704547
216,val,0.00013847024797684952,2.060544598297995,2.060544598297995,3.6272509215308015,0.0003772492609492534,4.3274233368280325e-07,3.6268736182666217,0.0,0.9933287989897807,1.0245474151900558,0.96476105881519,0.0,0.17187500024428132,8.728044509887695,0.3022500960553279,0.3957668191096822
217,train,0.00013727027917125192,2.087832949870874,2.087832949870874,3.7760545389711364,0.0003812436884161362,4.208293540418821e-07,3.7756732534771125,0.0,0.9908564163387314,0.9600325124569176,1.0009732901557418,0.0,0.171875,8.763085400762638,0.2563930543001033,0.40002340521694213
217,val,0.00013727027917125192,2.1064183868345667,2.1064183868345667,3.635862014332756,0.00038163027855888255,4.0040353237749454e-07,3.6354803374556246,0.0,1.0421090590172126,1.0191005287600345,0.9623992648281035,0.0,0.17187500024428132,8.728044509887695,0.3007382252177254,0.3957668191096822
218,train,0.00013607116882328001,2.106238878955526,2.106238878955526,3.7733410695367606,0.00038447042763346714,4.2819111961551783e-07,3.77295655356951,0.0,1.0095584201664964,0.9712283675335656,0.9995576185135802,0.0,0.171875,8.804536847043629,0.25652311138870304,0.39996993640237605
218,val,0.00013607116882328001,2.032497998143806,2.032497998143806,3.6537966181020267,0.0003715641114318774,4.0917864197819924e-07,3.653425013432737,0.0,0.9572528341754538,1.0599239473460151,0.969252770064307,0.0,0.17187500024428132,8.728044509887695,0.2961455798539959,0.3957668191096822
219,train,0.0001348729947414858,2.1055941566948064,2.1055941566948064,3.7745991708818547,0.0003844308463639141,4.084224849450512e-07,3.7742146972782358,0.0,1.002932254194228,1.0202007494435823,1.0006418297113466,0.0,0.171875,8.789213156897175,0.2565069698597774,0.40115869279242744
219,val,0.0001348729947414858,2.053385154145663,2.053385154145663,3.6393332559554303,0.00038878377262201375,5.641119180083597e-07,3.638944410886921,0.0,0.9757952206447477,1.1524625068805257,0.9623436810540371,0.0,0.17187500024428132,8.728044509887695,0.29988273245389346,0.3957668191096822
220,train,0.0001336758346736685,2.0936280050553564,2.0936280050553564,3.769340298392556,0.00037569126324951343,4.2346200519314e-07,3.7689645743567097,0.0,0.9995031117900344,0.9511062706058676,0.9990142596162055,0.0,0.171875,8.816890495867769,0.2569614547835894,0.4002507317903613
220,val,0.0001336758346736685,1.991986448647546,1.991986448647546,3.6368022863982152,0.0003734521394152744,4.157450641965535e-07,3.6364287939227995,0.0,0.9297952671520046,0.9583136986513607,0.9663598107509925,0.0,0.17187500024428132,8.728044509887695,0.30094434394211067,0.3957668191096822
221,train,0.0001324797663018292,2.070537893240117,2.070537893240117,3.776448028146728,0.00037832202246481907,4.1313982420623394e-07,3.776069664758099,0.0,0.9734171637572533,0.9629604674814162,1.0008246795205045,0.0,0.171875,8.767389809789737,0.25603802477525284,0.3981479613248967
221,val,0.0001324797663018292,2.114164258612961,2.114164258612961,3.636870642177394,0.00037100875714877774,4.5801470035213077e-07,3.636499580789785,0.0,1.040038367275332,1.1168654966549796,0.9624393396690244,0.0,0.17187500024428132,8.728044509887695,0.30069119813012296,0.3957668191096822
222,train,0.00013128486723713062,2.0970987047045684,2.0970987047045684,3.769616177259398,0.0003756297980642046,3.998213872670728e-07,3.7692405103651945,0.0,1.0019635703445466,0.9531551392610408,0.9998196151630938,0.0,0.171875,8.716856061919662,0.25696708742252067,0.3982928988854747
222,val,0.00013128486723713062,2.084935842967424,2.084935842967424,3.635093638154327,0.0003696321590887535,4.0266872631155955e-07,3.634723948650673,0.0,1.013206493170535,1.089141333689455,0.9628152133988552,0.0,0.17187500024428132,8.728044509887695,0.3008512903432377,0.3957668191096822
223,train,0.00013009121501486064,2.1065299717847967,2.1065299717847967,3.7740488909492806,0.0003777873401808137,3.8859016344834023e-07,3.773671065480256,0.0,1.0082133301526062,0.983442890126843,0.9999723476319273,0.0,0.171875,8.874096074380166,0.2563416031766529,0.4021557685264871
223,val,0.00013009121501486064,2.0474042169383315,2.0474042169383315,3.633198628660108,0.00037672126271616913,4.1428785776089006e-07,3.6328218608606058,0.0,0.9788035051744493,1.0616899206012975,0.9624317200457464,0.0,0.17187500024428132,8.728044509887695,0.301300549116291,0.3957668191096822
224,train,0.00012889888708940143,2.1065450404301163,2.1065450404301163,3.771012172226078,0.00038582083706846,3.9384018638080036e-07,3.770626308504215,0.0,1.007948794148185,0.9894287149029329,0.9996533686957083,0.0,0.171875,8.792957991607919,0.25715893630153874,0.3993542044123342
224,val,0.00012889888708940143,1.9543551382471303,1.9543551382471303,3.6318774262412648,0.00036076622736949443,4.3123553648941e-07,3.631516628578061,0.0,0.8888593936552767,1.0177248227791709,0.9637232628024992,0.0,0.17187500024428132,8.728044509887695,0.2998176949923156,0.3957668191096822
225,train,0.00012770796082920335,2.0913853182280358,2.0913853182280358,3.7727197073707894,0.0003924650407212494,4.4655213506737046e-07,3.7723272024107373,0.0,0.9993981340946245,0.9147863965635458,1.0005085483070248,0.0,0.171875,8.74246728912858,0.2562150771706557,0.39715155823664233
225,val,0.00012770796082920335,1.9529520077783553,1.9529520077783553,3.634633122897539,0.00036362722276549663,4.187832277533535e-07,3.6342694446688792,0.0,0.8837802263556934,1.0714922732994205,0.9620225458848671,0.0,0.17187500024428132,8.728044509887695,0.2997766713627049,0.3957668191096822
226,train,0.00012651851351176485,2.0745831087601085,2.0745831087601085,3.771106144613471,0.00037380440876442047,4.10386234042269e-07,3.7707322983702354,0.0,0.9758722628197394,0.9927240629826696,0.9994384375485507,0.0,0.171875,8.756155305657504,0.25658061558550055,0.3976089015972516
226,val,0.00012651851351176485,2.0734105501018587,2.0734105501018587,3.6296234287199427,0.00035887954519970005,5.894663169530132e-07,3.629264491503356,0.0,0.9727982145841004,1.3725879006698483,0.96335355766484,0.0,0.17187500024428132,8.728044509887695,0.3012124983990779,0.3957668191096822
227,train,0.00012533062231861772,2.0991587895007173,2.0991587895007173,3.7692458540940086,0.0003703182739612631,4.324418523913867e-07,3.768875487579787,0.0,1.0002932679062047,0.9850252865513495,1.0003629868680781,0.0,0.171875,8.792226239669422,0.2570617508050824,0.3991228424566836
227,val,0.00012533062231861772,2.032941702936516,2.032941702936516,3.636178493499756,0.0003645806630584793,4.016539538706191e-07,3.63581386159678,0.0,0.9808201125410737,0.8876900428631267,0.9633525824937664,0.0,0.17187500024428132,8.728044509887695,0.3009453445184426,0.3957668191096822
228,train,0.00012414436433031927,2.0952928879044275,2.0952928879044275,3.771255559172512,0.00036577675855970626,3.8933375881176915e-07,3.770889747241312,0.0,0.9983798019156969,0.9712696128393993,0.9997861284362383,0.0,0.171875,8.852186640432059,0.25709016658057854,0.4015719831482438
228,val,0.00012414436433031927,2.0419638958133635,2.0419638958133635,3.6268012523651123,0.0003629666468038865,4.7467589780115034e-07,3.6264382424901744,0.0,0.9745077266067755,1.0558352519254215,0.9618726421575077,0.0,0.17187500024428132,8.728044509887695,0.3015466908939549,0.3957668191096822
229,train,0.00012295981652145032,2.0940600338060995,2.0940600338060995,3.7698132144518137,0.00037469787675644897,3.9782654746225243e-07,3.7694384775871086,0.0,0.9992402528435731,0.9473832816131844,1.0000814586138922,0.0,0.171875,8.784908747870075,0.25728722778726215,0.4006714203879853
229,val,0.00012295981652145032,2.083820294161312,2.083820294161312,3.6298044626830053,0.00038162324270786963,4.194719961981823e-07,3.629422797531378,0.0,1.0151122349207518,1.064440852305928,0.9622639788955939,0.0,0.17187500024428132,8.728044509887695,0.30193391393442626,0.3957668191096822
230,train,0.00012177705575562059,2.0870274531939796,2.0870274531939796,3.769521503409078,0.00037622252348829677,4.717497176076062e-07,3.7691452394832266,0.0,0.9884068850150778,0.9859498369176526,1.000025580244616,0.0,0.171875,8.747976929688257,0.2576984164020247,0.39895604661673556
230,val,0.00012177705575562059,2.0763924649504366,2.0763924649504366,3.6327766160495947,0.0003735862361490497,3.9309456108408905e-07,3.6324029906851347,0.0,1.0345426924893113,0.7892891764640808,0.9629208709372848,0.0,0.17187500024428132,8.728044509887695,0.3002229284067623,0.3957668191096822
231,train,0.00012059615878048135,2.1036509157212313,2.1036509157212313,3.768685771414071,0.0003750746608384662,3.5846749269205987e-07,3.7683106591878843,0.0,1.013726686889475,0.901691063869098,0.9997551172725425,0.0,0.171875,8.823605371900827,0.2577336419466113,0.4005221112454233
231,val,0.00012059615878048135,2.047924702284766,2.047924702284766,3.6308639557635196,0.00037825505295005003,4.1292168862314536e-07,3.630485655831509,0.0,0.9664588697621079,1.1789985753473688,0.9635659856874434,0.0,0.17187500024428132,8.728044509887695,0.30129254450563525,0.3957668191096822
232,train,0.00011941720222274498,2.0960864168553313,2.0960864168553313,3.7669216906728824,0.00038077441218053185,3.807417299492781e-07,3.7665408741344106,0.0,0.9970001308632291,0.9926891777633635,0.999817365703504,0.0,0.171875,8.841813016528926,0.25800182676512345,0.4001972629757952
232,val,0.00011941720222274498,2.020058862498549,2.020058862498549,3.6373870216432165,0.00036119878042554176,4.88719860238577e-07,3.6370257745023635,0.0,0.9280369477193864,1.258597226905041,0.9661621871541758,0.0,0.17187500024428132,8.728044509887695,0.30022192783043034,0.3957668191096822
233,train,0.00011824026258321299,2.0898820836681966,2.0898820836681966,3.7654943150922286,0.00036843991003765084,5.311965971734687e-07,3.765125820459413,0.0,0.9945371979770582,0.9573330422940333,0.9996115747562124,0.0,0.171875,8.762310607374207,0.2572229979944623,0.3990710550103306
233,val,0.00011824026258321299,2.05769368468738,2.05769368468738,3.632047692283255,0.0003782900002094169,4.3339527283545766e-07,3.63166934935773,0.0,0.9901862725859782,1.0092895754048081,0.9665784503592819,0.0,0.17187500024428132,8.728044509887695,0.30144763383709017,0.3957668191096822
234,train,0.00011706541623181195,2.0794282575284155,2.0794282575284155,3.7641908925426892,0.00036897840462278667,3.633432427583771e-07,3.7638218806794854,0.0,0.9859344522076204,0.931482299669715,1.0003455685189933,0.0,0.171875,8.81990358258082,0.2573160639971741,0.4006135798682851
234,val,0.00011706541623181195,2.069150404851945,2.069150404851945,3.628872621254843,0.00035766020288870317,3.992070874380156e-07,3.6285149269416683,0.0,0.9913095597360955,1.1375940271088334,0.9640814359070825,0.0,0.17187500024428132,8.728044509887695,0.3019629306480533,0.3957668191096822
235,train,0.00011589273940263804,2.0965557142722706,2.0965557142722706,3.765826682413905,0.00036190287318284633,4.5014741665679987e-07,3.765464731484405,0.0,0.9933421966458155,1.0320700806034497,1.0000065131620928,0.0,0.171875,8.776945594913704,0.25775323032347625,0.39992050297004134
235,val,0.00011589273940263804,2.0988309774242464,2.0988309774242464,3.6400874950846687,0.00036845323877775525,3.926009395906819e-07,3.6397190015824115,0.0,1.0478851155179445,0.8393219191519941,0.9670136580701734,0.0,0.17187500024428132,8.728044509887695,0.2997786725153688,0.3957668191096822
236,train,0.00011472230818901012,2.1032552182181807,2.1032552182181807,3.7645252213990394,0.00036214444086856155,3.85069191005442e-07,3.7641630438733693,0.0,1.007390041981847,0.9571586647802148,1.000149303970258,0.0,0.171875,8.861268942021141,0.25813423774459143,0.4016274696539256
236,val,0.00011472230818901012,2.0245587004989876,2.0245587004989876,3.626485906663488,0.00035575604184099366,4.143217774403414e-07,3.6261301236074477,0.0,0.9661401563980541,0.9573642074084673,0.9626821064558185,0.0,0.17187500024428132,8.728044509887695,0.30250624359631145,0.3957668191096822
237,train,0.00011355419853853242,2.0869949627513726,2.0869949627513726,3.7682752944221183,0.00036782007770274174,3.5832532935677785e-07,3.767907439184583,0.0,0.9931180411872785,0.9409557837100069,0.9997813420847428,0.0,0.171875,8.86436811557486,0.2576644519143853,0.4026770053569936
237,val,0.00011355419853853242,2.0804550764990632,2.0804550764990632,3.626684501522877,0.00035691301500115574,4.648418179046575e-07,3.626327534190944,0.0,0.9916541498215472,1.25038694749113,0.9637622276290518,0.0,0.17187500024428132,8.728044509887695,0.302459216508709,0.3957668191096822
238,train,0.0001123884862481661,2.0934056841637476,2.0934056841637476,3.765209982217836,0.0003552299439291324,3.903089731966811e-07,3.764854716860558,0.0,0.992737587079529,1.0014529314415515,1.000522806871036,0.0,0.171875,8.791279272599654,0.25817913137191584,0.3996393713823035
238,val,0.0001123884862481661,2.1331215920995494,2.1331215920995494,3.6269783231078603,0.000373497312615595,4.600606110134173e-07,3.6266047759134263,0.0,1.0653244349800173,1.0645969847186667,0.9613374481435681,0.0,0.17187500024428132,8.728044509887695,0.3020369732966188,0.3957668191096822
239,train,0.00011122524695931128,2.102220221984485,2.102220221984485,3.765323922653829,0.0003607112937534713,3.721536697909403e-07,3.7649631785952353,0.0,1.0091869366809356,0.9326427092483222,0.9997690113122798,0.0,0.171875,8.812284780927927,0.25803848140495866,0.399003126158202
239,val,0.00011122524695931128,2.0797892124926456,2.0797892124926456,3.627964391083014,0.0003708069315075218,4.1219838989804215e-07,3.6275935446629757,0.0,1.0007494277641422,1.1635530346729717,0.9626844789161056,0.0,0.17187500024428132,8.728044509887695,0.30271736520235654,0.3957668191096822
240,train,0.00011006455615289832,2.0898430465666715,2.0898430465666715,3.7632565271755882,0.0003612189107379214,3.833391737079791e-07,3.76289527081261,0.0,0.9915532232069773,0.9829682668378531,0.9999929994098411,0.0,0.171875,8.770015495867769,0.25809573339036673,0.3991581520512084
240,val,0.00011006455615289832,2.0831438889268967,2.0831438889268967,3.6263835820995394,0.00036185731470573417,4.2097426478821794e-07,3.626021686147471,0.0,1.0084623005546507,1.123936079076079,0.9622879819791825,0.0,0.17187500024428132,8.728044509887695,0.3018888879994877,0.3957668191096822
241,train,0.00010890648914449034,2.0900160936284657,2.0900160936284657,3.761407164502735,0.0003551106807614161,3.860202558044417e-07,3.7610520134287433,0.0,0.9921625473282554,0.9839543861544822,0.9994580999386212,0.0,0.171875,8.776041667323467,0.2588432039603714,0.3988797106772415
241,val,0.00010890648914449034,2.1339707140062676,2.1339707140062676,3.635820580310509,0.0003703903169733793,4.060060798453423e-07,3.635450159917112,0.0,1.064431859333007,1.021754292191052,0.9673634327825953,0.0,0.17187500024428132,8.728044509887695,0.30190289606813525,0.3957668191096822
242,train,0.00010775112107939595,2.1081100436281566,2.1081100436281566,3.7633905923070987,0.0003579533201318103,3.792542069702881e-07,3.7630326068105777,0.0,1.0102797545923674,0.9704697308215228,1.0007833281824412,0.0,0.171875,8.832945937952719,0.2583578651355318,0.40040306746959686
242,val,0.00010775112107939595,2.040262065949987,2.040262065949987,3.6249573465253486,0.0003571240529589752,4.3914059466394554e-07,3.6246001759513478,0.0,0.9681755753814197,1.1134561236764564,0.9607408623226353,0.0,0.17187500024428132,8.728044509887695,0.30237616867315575,0.3957668191096822
243,train,0.00010659852692779323,2.096878138948078,2.096878138948078,3.759391195517926,0.0003709325898575312,3.570411279467355e-07,3.759020231972056,0.0,1.0031336155558421,0.9431528265564895,0.9994292402070416,0.0,0.171875,8.81559917355372,0.25870852307839826,0.3996639199985946
243,val,0.00010659852692779323,2.035461488317271,2.035461488317271,3.628627995975682,0.0003616616392763881,4.02067209952069e-07,3.6282662954486784,0.0,0.9535906510274919,1.1745474670754104,0.9644160856966113,0.0,0.17187500024428132,8.728044509887695,0.30156770299692626,0.3957668191096822
244,train,0.00010544878147986485,2.0778952300055953,2.0778952300055953,3.767435393057579,0.0003524932728080687,4.099351096959419e-07,3.7670828557211506,0.0,0.9793416214875938,0.9859975375666106,0.9999538554140359,0.0,0.171875,8.869748623903133,0.2579414641315287,0.4032241359722516
244,val,0.00010544878147986485,2.159777879714966,2.159777879714966,3.635709258376575,0.00037522677911376796,4.0732201221387975e-07,3.6353339836245677,0.0,1.0850003855150254,1.0827658997207392,0.9665008881052987,0.0,0.17187500024428132,8.728044509887695,0.30084728803790983,0.3957668191096822
245,train,0.00010430195934094536,2.107163506598512,2.107163506598512,3.763489671975128,0.00034739019094017713,8.878967833440155e-07,3.7631421877332953,0.0,0.9963944139313107,1.104199863939492,1.0003491009562469,0.0,0.171875,8.761578857406112,0.2590790216095191,0.3985901720021382
245,val,0.00010430195934094536,2.0435191041133445,2.0435191041133445,3.627577609703189,0.0003662351802751025,4.0878855937445803e-07,3.6272113440466707,0.0,1.0640639692056375,0.16789063249455125,0.9626660708521233,0.0,0.17187500024428132,8.728044509887695,0.3023891761654713,0.3957668191096822
246,train,0.00010315813492667987,2.0642533947613613,2.0642533947613613,3.7649896332055084,0.00035710586018452406,3.572839243339549e-07,3.7646324989224267,0.0,1.0046368504851317,0.5988697384999804,0.9997295781600574,0.0,0.171875,8.848269628099173,0.25754700551840887,0.4020384061188737
246,val,0.00010315813492667987,2.134504470668855,2.134504470668855,3.6295692959769825,0.00037798378831271814,3.9072448871257755e-07,3.6291912774570654,0.0,1.0645103234736646,1.0552742046410921,0.9644667320564145,0.0,0.17187500024428132,8.728044509887695,0.3025162493596312,0.3957668191096822
247,train,0.00010201738245819545,2.0944038782237975,2.0944038782237975,3.762937603903211,0.0003426815050005651,3.7672117866710953e-07,3.7625948840921577,0.0,0.9962068362669512,0.9816214112210865,1.0000348975343152,0.0,0.171875,8.797606751938497,0.25840561719965344,0.3990491967309605
247,val,0.00010201738245819545,2.1043639143959423,2.1043639143959423,3.6312786868361178,0.00036044399608041114,4.3549825359038595e-07,3.6309181940360147,0.0,1.0276543864461243,1.119627738096675,0.96474674197494,0.0,0.17187500024428132,8.728044509887695,0.30207499519723363,0.3957668191096822
248,train,0.00010087977595728502,2.0898805837000696,2.0898805837000696,3.762618437286251,0.00036685148075806006,3.529746611580919e-07,3.762251548530642,0.0,0.9943588050928983,0.9559363794228262,0.9999281473396239,0.0,0.171875,8.858126723076687,0.2585521520169313,0.40145899244576444
248,val,0.00010087977595728502,2.107156743768786,2.107156743768786,3.627731491307743,0.00035502771025363233,4.26248163643188e-07,3.6273764156904376,0.0,1.0249756257065008,1.1804849627565166,0.9641326245714407,0.0,0.17187500024428132,8.728044509887695,0.30285544473616804,0.3957668191096822
249,train,9.974538924160416e-05,2.095055638266004,2.095055638266004,3.761227663883493,0.00036085558579445715,4.1214352373160655e-07,3.7608667730299894,0.0,0.9973707380127316,0.9741154484266092,1.0002733547825458,0.0,0.171875,8.809056475142802,0.2583348297875775,0.39988519337551653
249,val,9.974538924160416e-05,2.1344968608168307,2.1344968608168307,3.6218682038979453,0.0003748708255503128,3.967378743198901e-07,3.6214932887280575,0.0,1.0749934941041666,0.9824581737401056,0.9612575515371854,0.0,0.17187500024428132,8.728044509887695,0.3032876937115779,0.3957668191096822
250,train,9.861429591988125e-05,2.1093402721665124,2.1093402721665124,3.7639784251362824,0.0003537615930853019,3.643776842274995e-07,3.7636246228021037,0.0,1.0117114188749927,0.9753638796569887,1.0000924647839602,0.0,0.171875,8.790117082517009,0.25826513545572266,0.399190098786157
250,val,9.861429591988125e-05,2.025419563543601,2.025419563543601,3.619542321220773,0.00036162949970171434,4.0176150138613893e-07,3.619180640236276,0.0,0.9678982247094639,0.9732839005892394,0.9601929480912256,0.0,0.17187500024428132,8.728044509887695,0.30330870581454916,0.3957668191096822
251,train,9.748656938714096e-05,2.0885999828330744,2.0885999828330744,3.7576290970006263,0.0003605999596958618,3.4959349375326345e-07,3.7572684622993155,0.0,0.9954199255251688,0.9396474251816095,0.9992153082997346,0.0,0.171875,8.864282024793388,0.2592011759103822,0.40019154622535075
251,val,9.748656938714096e-05,2.0483879593552135,2.0483879593552135,3.623980315005193,0.0003600906756979444,3.785491998553239e-07,3.623620173970207,0.0,0.9760560691356659,1.0724101799433348,0.9650908601088602,0.0,0.17187500024428132,8.728044509887695,0.30255627241290983,0.3957668191096822
252,train,9.636228281994191e-05,2.083334488317001,2.083334488317001,3.7576394948092373,0.00035980847369050146,3.5509538934619295e-07,3.757279645312916,0.0,0.9857476491573428,0.9764930353430678,0.9999375417212809,0.0,0.171875,8.792914946217183,0.25955729839230374,0.39935454061208675
252,val,9.636228281994191e-05,2.1141224904138536,2.1141224904138536,3.6256637964092318,0.00036096200573574905,4.1223734674307797e-07,3.625302791595459,0.0,1.0349856434298343,1.1331241673133412,0.9658244203348629,0.0,0.17187500024428132,8.728044509887695,0.3027313732710041,0.3957668191096822
253,train,9.524150917162831e-05,2.090428975002825,2.090428975002825,3.7589700350091477,0.0003437424490607367,3.7698893413045714e-07,3.7586262580777,0.0,0.9926058331058045,0.9767598623086599,1.0001471476121382,0.0,0.171875,8.796831958550067,0.2588535446273394,0.3989711793001033
253,val,9.524150917162831e-05,2.1494336675425045,2.1494336675425045,3.621598243713379,0.00036189987547943737,4.418252760227706e-07,3.621236300859295,0.0,1.0669531362955686,1.1845484708176284,0.9640256850445856,0.0,0.17187500024428132,8.728044509887695,0.3028344326331967,0.3957668191096822
254,train,9.41243211675961e-05,2.0957899527116255,2.0957899527116255,3.7576326821461197,0.00034783617575308463,3.983839139201066e-07,3.757284804809192,0.0,1.0006432634247235,0.955794483300083,0.9995672316098017,0.0,0.171875,8.816244834710744,0.25950803318299537,0.4009115256307539
254,val,9.41243211675961e-05,2.1089949431966564,2.1089949431966564,3.627245879564129,0.00035370424660361664,4.102798904986245e-07,3.6268921367457656,0.0,1.0308367057901915,1.1057371438526717,0.9675845112956938,0.0,0.17187500024428132,8.728044509887695,0.3024442078637295,0.3957668191096822
255,train,9.301079130057382e-05,2.103107369635716,2.103107369635716,3.7621936719279643,0.00034246266049127027,3.403503390304725e-07,3.7618511747722785,0.0,1.006423695397771,0.9554969185640004,1.0011339860021575,0.0,0.171875,8.805871214748414,0.2589867121794007,0.399075090392562
255,val,9.301079130057382e-05,2.081496678414892,2.081496678414892,3.630097959862381,0.00035639357365205976,4.1940897991018394e-07,3.62974151236112,0.0,0.9974314853793285,1.2114126579683335,0.9629239234767977,0.0,0.17187500024428132,8.728044509887695,0.30178983094262296,0.3957668191096822
256,train,9.190099182591881e-05,2.0866934632466845,2.0866934632466845,3.760741220032873,0.0003443438833851698,3.5576915286316406e-07,3.760396844099376,0.0,0.9896487209422529,0.9756283534706132,0.9994819070682053,0.0,0.171875,8.835614669421487,0.25915552577203954,0.4000385379003099
256,val,9.190099182591881e-05,2.1066193052979765,2.1066193052979765,3.628658896586934,0.00035294052714397977,3.9053194491018195e-07,3.628305896383817,0.0,1.031712971749853,1.0990982905763094,0.9649965108418074,0.0,0.17187500024428132,8.728044509887695,0.3017728211449795,0.3957668191096822
257,train,9.079499475692851e-05,2.0967270786112007,2.0967270786112007,3.7588504276984978,0.00033460652168497656,3.7759390013979256e-07,3.7585157796371083,0.0,0.9965377949978694,1.0046003952252964,0.9997292459011078,0.0,0.171875,8.789428375969248,0.25898368564272717,0.39845935840252017
257,val,9.079499475692851e-05,2.0967306934419225,2.0967306934419225,3.6232738104022917,0.0003526383040226675,3.926213112003634e-07,3.622921138513284,0.0,1.0386260777223306,0.932647385558144,0.9648398649497111,0.0,0.17187500024428132,8.728044509887695,0.30401611328125,0.3957668191096822
258,train,8.969287186016789e-05,2.110876045443795,2.110876045443795,3.7585265626592084,0.00035650179815701835,3.5041938335423254e-07,3.758170026392976,0.0,1.0172636942429976,0.9325299713729827,1.000359360590454,0.0,0.171875,8.808582991607919,0.2592149635484396,0.39974059226099123
258,val,8.969287186016789e-05,2.021509022009177,2.021509022009177,3.6284016546655873,0.00035378230319617956,4.0227283729236066e-07,3.6280478375856995,0.0,0.9416527882462642,1.1537615871820293,0.9644800795883429,0.0,0.17187500024428132,8.728044509887695,0.30182385053790983,0.3957668191096822
259,train,8.859469465081221e-05,2.0749441306453105,2.0749441306453105,3.7607518917272897,0.0003527456711475499,4.147889944831585e-07,3.760399103164673,0.0,0.9821865883740512,0.9294753836329318,0.9998100168448835,0.0,0.171875,8.843577826318661,0.25903168985666325,0.3992687887396694
259,val,8.859469465081221e-05,2.104610863279124,2.104610863279124,3.626053864838647,0.00036215014039103673,3.803519546386642e-07,3.6256916640234773,0.0,1.0381060765414942,1.017592525384465,0.9647455371794154,0.0,0.17187500024428132,8.728044509887695,0.3025482678022541,0.3957668191096822
260,train,8.750053438800692e-05,2.08526040256516,2.08526040256516,3.7588547093809144,0.0003418907779798081,3.708727994169877e-07,3.758512775760052,0.0,0.9872799879016955,0.9790067571746416,1.0000797322958954,0.0,0.171875,8.796659780927927,0.25893862385395144,0.4009888704158058
260,val,8.750053438800692e-05,2.1309426163063674,2.1309426163063674,3.6229749507591373,0.0003527108573671583,3.8887398172995685e-07,3.6226222046086045,0.0,1.0677781813457363,0.9962720875857306,0.96353722107215,0.0,0.17187500024428132,8.728044509887695,0.30330070120389346,0.3957668191096822
261,train,8.641046207024346e-05,2.095013422414291,2.095013422414291,3.7559287636733254,0.0003464094027977875,3.5599639887580504e-07,3.755582321773876,0.0,1.001136630280944,0.943949722800373,0.9994818139667353,0.0,0.171875,8.788094008264462,0.25953115251931275,0.4007961809142562
261,val,8.641046207024346e-05,2.093231173812366,2.093231173812366,3.6185046571200012,0.0003371998889812604,4.2749941099663984e-07,3.6181674042686085,0.0,1.003220477065102,1.2520599853797036,0.9648047079805468,0.0,0.17187500024428132,8.728044509887695,0.3042412429559426,0.3957668191096822
262,train,8.532454843075228e-05,2.099064669825814,2.099064669825814,3.7584539178974374,0.00033441325745830114,3.4625992308123434e-07,3.7581194698317977,0.0,1.0008625399228954,0.9806756484360735,1.000134571524691,0.0,0.171875,8.876506545326926,0.25975982413804233,0.4011990466147415
262,val,8.532454843075228e-05,2.1430951317802807,2.1430951317802807,3.6276418263794947,0.00035979493831753823,4.3095436494434685e-07,3.6272820019331133,0.0,1.0570984634219622,1.1941755316296563,0.9665791235986303,0.0,0.17187500024428132,8.728044509887695,0.3025862897028688,0.3957668191096822
263,train,8.424286393291345e-05,2.1043839237906714,2.1043839237906714,3.7579938094478007,0.000349426958594502,3.342411708655532e-07,3.757644350863685,0.0,1.0081895885388714,0.9576248009342793,1.0004318556017127,0.0,0.171875,8.840048210679992,0.2590405172552944,0.4001585905216942
263,val,8.424286393291345e-05,2.030046576359233,2.030046576359233,3.6251608778218753,0.0003421088466163129,3.889055300603894e-07,3.6248187315268594,0.0,0.9520562852992386,1.1413930781552049,0.9638509818764983,0.0,0.17187500024428132,8.728044509887695,0.30305355884989754,0.3957668191096822
264,train,8.316547876568378e-05,2.096328815645423,2.096328815645423,3.758398865865282,0.0003419319974823301,4.0624464086550304e-07,3.758056890865988,0.0,0.990254559915913,1.06113165419949,0.9999610939301735,0.0,0.171875,8.798467632167595,0.25947776781625986,0.3998529103176653
264,val,8.316547876568378e-05,2.0215747063277196,2.0215747063277196,3.6261339695727237,0.00034374828804875954,3.7642463910213367e-07,3.6257901817071634,0.0,0.993694726072374,0.6359713341369003,0.9642828497730318,0.0,0.17187500024428132,8.728044509887695,0.3033627369364754,0.3957668191096822
265,train,8.209246283904292e-05,2.0880742289803247,2.0880742289803247,3.7560279073794027,0.00034354245306997104,3.33019267317513e-07,3.755684331428906,0.0,1.0019645033296474,0.8635806062004783,0.9997516678384513,0.0,0.171875,8.775568181818182,0.25968163860730886,0.3995092303053407
265,val,8.209246283904292e-05,2.0877532861271844,2.0877532861271844,3.6166222525424643,0.00035544778027125164,4.0262658879768064e-07,3.61626675871552,0.0,1.0085684046393535,1.1626746249003488,0.9629174216848905,0.0,0.17187500024428132,8.728044509887695,0.30436531442110654,0.3957668191096822
266,train,8.10238857794566e-05,2.0919010442150525,2.0919010442150525,3.756595155424323,0.00033484490526732334,3.43743523709529e-07,3.756260268944354,0.0,0.9948032982339544,0.9743831938455912,0.9996594239857571,0.0,0.171875,8.746642561983471,0.25919840158509816,0.3983719250387397
266,val,8.10238857794566e-05,2.0455762362871015,2.0455762362871015,3.622497152109615,0.0003361098341153339,4.063944820737546e-07,3.622160997547087,0.0,0.9647773211119605,1.147019125887605,0.9660969982381726,0.0,0.17187500024428132,8.728044509887695,0.3033477282914959,0.3957668191096822
267,train,7.995981692535893e-05,2.09747952124304,2.09747952124304,3.757342769094735,0.0003396430768867308,3.4139543576322675e-07,3.7570030856723626,0.0,1.0023248971493777,0.952407736546737,0.9999138550324873,0.0,0.171875,8.840909090909092,0.2591926007231405,0.4007060574598549
267,val,7.995981692535893e-05,2.067833445111259,2.067833445111259,3.617041298600494,0.0003509878333119798,3.8495638525322737e-07,3.6166902565565264,0.0,0.9844973336477749,1.1830076575279236,0.9650353290995614,0.0,0.17187500024428132,8.728044509887695,0.3045324106685451,0.3957668191096822
268,train,7.890032532265295e-05,2.087806128765926,2.087806128765926,3.7548955275007514,0.0003273562160907467,3.5904596544018323e-07,3.754568129531608,0.0,0.9866652650035117,1.006035309192563,1.0005373403060536,0.0,0.171875,8.805268595041323,0.2601327607946948,0.4008715081313425
268,val,7.890032532265295e-05,2.097864487132088,2.097864487132088,3.622377133760296,0.0003478474070300867,4.0235113514143924e-07,3.622029253693878,0.0,1.0318422102537312,1.0213666729262618,0.9638856160836141,0.0,0.17187500024428132,8.728044509887695,0.30341076460040983,0.3957668191096822
269,train,7.784547972023039e-05,2.0845140194104723,2.0845140194104723,3.7564884887253944,0.0003561528310832021,3.329238707893705e-07,3.7561323022054247,0.0,0.9917133688187796,0.9279603374398444,1.0000046173895687,0.0,0.171875,8.885459710743802,0.2600456637538169,0.4030785258890183
269,val,7.784547972023039e-05,2.1152259854019664,2.1152259854019664,3.620719636072878,0.0003439638103820292,3.746835153979042e-07,3.620375633239746,0.0,1.0348763763904572,1.169382785187393,0.9634113272682565,0.0,0.17187500024428132,8.728044509887695,0.3038610239497951,0.3957668191096822
270,train,7.679534856551087e-05,2.086890315713961,2.086890315713961,3.754784385034861,0.0003388524223850224,3.153808814618586e-07,3.7544454996250876,0.0,0.9916307544412691,0.9544073763218793,0.9998188240468995,0.0,0.171875,8.786200070184124,0.25966263870316103,0.3997580788352273
270,val,7.679534856551087e-05,2.126890604613257,2.126890604613257,3.6267816316886026,0.0003358344341099613,3.853452895208513e-07,3.6264457507211656,0.0,1.032662298835692,1.2834955492957694,0.9658787348231331,0.0,0.17187500024428132,8.728044509887695,0.30288846375512296,0.3957668191096822
271,train,7.575000000000003e-05,2.0928947482227294,2.0928947482227294,3.754264591153988,0.0003481903539158496,3.207640972743681e-07,3.753916374908006,0.0,0.9955042212708922,0.9771507347910857,0.9996754605908039,0.0,0.171875,8.849733128035364,0.26022994616800105,0.3996948578879853
271,val,7.575000000000003e-05,2.160737807633447,2.160737807633447,3.6221257037803776,0.0003486884508346833,3.691967572753814e-07,3.6217769872946817,0.0,1.0774320564309106,1.1713552489632466,0.9661702337812205,0.0,0.17187500024428132,8.728044509887695,0.3027473824923156,0.3957668191096822
272,train,7.470950185486827e-05,2.105138314656975,2.105138314656975,3.7532605809613693,0.00034270709622718685,3.4531282158391416e-07,3.7529178365202975,0.0,1.0063091099015937,0.9863621645476207,1.0001929833376704,0.0,0.171875,8.799242425556026,0.25964792639263407,0.4001279889552061
272,val,7.470950185486827e-05,2.0887905437438214,2.0887905437438214,3.6170295848221077,0.00034223960392409936,3.7598914116933584e-07,3.616687301729546,0.0,1.0156343447380378,1.0927487328404286,0.9638813118465611,0.0,0.17187500024428132,8.728044509887695,0.30411116803278687,0.3957668191096822
273,train,7.367392164654909e-05,2.087940711127825,2.087940711127825,3.7520952027691297,0.00033333125990365196,3.5602107690585607e-07,3.7517618374391035,0.0,0.9900197285758562,0.9771402938799425,1.000206953976765,0.0,0.171875,8.767002413095522,0.2602808088803094,0.399357903471663
273,val,7.367392164654909e-05,2.1116807617124964,2.1116807617124964,3.6188598890773584,0.00033806009503409696,3.709705342622388e-07,3.618521780264182,0.0,1.0443313014311868,1.0397695366476403,0.9633724992392493,0.0,0.17187500024428132,8.728044509887695,0.3045654296875,0.3957668191096822
274,train,7.264332657235826e-05,2.1327400867604025,2.1327400867604025,3.7546438737349077,0.0003428179613162556,3.448527833321606e-07,3.754301025847758,0.0,1.0350736241695309,0.9772420414715759,0.9999422603402256,0.0,0.171875,8.78030303095983,0.2594426263216113,0.399717052490258
274,val,7.264332657235826e-05,1.9651419491064352,1.9651419491064352,3.622597885913536,0.0003359872392392107,5.131376000832222e-07,3.6222618642400524,0.0,0.8627616108440962,1.37750337553806,0.9646299921098302,0.0,0.17187500024428132,8.728044509887695,0.3026603323514344,0.3957668191096822
275,train,7.161778350613313e-05,2.0592374323813383,2.0592374323813383,3.7555559558316696,0.00034524235783735567,3.35626872776896e-07,3.755210682380298,0.0,0.9633738803715746,0.9576387279782413,1.000099682118282,0.0,0.171875,8.79704717762214,0.25961009468421464,0.40069765037248944
275,val,7.161778350613313e-05,2.0821246651352427,2.0821246651352427,3.616984594063681,0.0003353317967638923,3.686531510807146e-07,3.616649209475908,0.0,1.0147285383255755,1.0474721393624291,0.962648913508556,0.0,0.17187500024428132,8.728044509887695,0.30445336513831966,0.3957668191096822
276,train,7.059735899389372e-05,2.1052930428962076,2.1052930428962076,3.7559933051590093,0.00034555188086257156,3.253140986711409e-07,3.755647722354605,0.0,1.0098132861793534,0.9599064114418897,0.9994891130727185,0.0,0.171875,8.842803032930233,0.25990434126420453,0.40144150587152844
276,val,7.059735899389372e-05,2.058504726065964,2.058504726065964,3.617645287122883,0.0003438054036003629,3.7713647945200467e-07,3.617301452355307,0.0,0.9817075558373185,1.1155657719393246,0.9652405957706639,0.0,0.17187500024428132,8.728044509887695,0.3041812083760246,0.3957668191096822
277,train,6.958211924952426e-05,2.0895163170562303,2.0895163170562303,3.754130100415758,0.0003433067050679733,3.3224492289422007e-07,3.753786754017034,0.0,0.9910338658931827,0.9815790283778483,1.0003245487686032,0.0,0.171875,8.7898588180542,0.25978285948599666,0.40086579125774796
277,val,6.958211924952426e-05,2.08665551513922,2.08665551513922,3.614380320564645,0.00034322754394541663,4.1517027053397794e-07,3.614037052529757,0.0,1.0091064044686615,1.147375539678042,0.9628115394076363,0.0,0.17187500024428132,8.728044509887695,0.3044713755122951,0.3957668191096822
278,train,6.857213015047686e-05,2.074441481227717,2.074441481227717,3.754609973962642,0.0003271446750794676,3.317283747089112e-07,3.7542827966784644,0.0,0.9790768487886949,0.9563136134019568,0.9997332763573354,0.0,0.171875,8.820204892434365,0.2599840400632748,0.3992240633353714
278,val,6.857213015047686e-05,2.163481137791618,2.163481137791618,3.6144019384853174,0.0003363254700012536,3.938727071853777e-07,3.6140655806807223,0.0,1.083464131980646,1.1594162480752976,0.9640753777300726,0.0,0.17187500024428132,8.728044509887695,0.30431628618084017,0.3957668191096822
279,train,6.756745723349672e-05,2.099398701644141,2.099398701644141,3.7515983325390776,0.00032526607754349723,3.1167975225892685e-07,3.751273034032711,0.0,1.0039372224945666,0.9538072289760448,1.0000807532101623,0.0,0.171875,8.783143942021141,0.2608477800222468,0.3987209856017562
279,val,6.756745723349672e-05,2.137344035945955,2.137344035945955,3.6159580887341107,0.0003379077862205793,3.7872076610651155e-07,3.61562014798649,0.0,1.054068962081534,1.191827516086766,0.9640923083805647,0.0,0.17187500024428132,8.728044509887695,0.3043933305584016,0.3957668191096822
280,train,6.656816569036981e-05,2.09427724544667,2.09427724544667,3.753235417949267,0.0003260361815539135,3.2607848040444035e-07,3.7529093460603193,0.0,0.9973299706524069,0.9692315129209156,1.000024127812425,0.0,0.171875,8.863076791290409,0.26030619811913197,0.4014573110775514
280,val,6.656816569036981e-05,2.1342375063505328,2.1342375063505328,3.617220159436836,0.0003365782842414118,3.614994853262301e-07,3.616883547579656,0.0,1.056902928430526,1.130332125014946,0.9643013692293011,0.0,0.17187500024428132,8.728044509887695,0.3048245789574795,0.3957668191096822
281,train,6.557432036369222e-05,2.11353418945281,2.11353418945281,3.7506268280596773,0.0003354773470171735,3.940696889244915e-07,3.750291309080833,0.0,1.0085426992621302,1.0516716015240377,0.9998243308264362,0.0,0.171875,8.777203859376513,0.26131109234468997,0.3983436773631198
281,val,6.557432036369222e-05,2.041871694267773,2.041871694267773,3.6114851294970904,0.00034175184913185717,3.7260241959220216e-07,3.6111433388756926,0.0,1.0153232773796457,0.6295411884784698,0.9635942998479624,0.0,0.17187500024428132,8.728044509887695,0.30519879450563525,0.3957668191096822
282,train,6.4585985742663e-05,2.062043210691657,2.062043210691657,3.7495428816346097,0.00033274039483969755,3.133453298484582e-07,3.749210116291834,0.0,0.9786447062472666,0.8335112387483771,1.000047381259193,0.0,0.171875,8.792441462682298,0.26073832034079497,0.40059441180268596
282,val,6.4585985742663e-05,2.1629431462678754,2.1629431462678754,3.615597857803595,0.00032711861839758417,3.809449710433164e-07,3.6152706967025505,0.0,1.0712965384858553,1.2718854639373842,0.9644580639776636,0.0,0.17187500024428132,8.728044509887695,0.30392606141137296,0.3957668191096822
283,train,6.360322595889932e-05,2.11540905453942,2.11540905453942,3.7516162277253207,0.0003297356104532118,3.1268794604450003e-07,3.7512864633039995,0.0,1.0171619890149959,0.9775999443343848,1.0004870729012922,0.0,0.171875,8.72615358258082,0.2608782976619468,0.39726387641646643
283,val,6.360322595889932e-05,2.057316918842128,2.057316918842128,3.6181797824922155,0.0003260431304759132,3.8392593218245046e-07,3.617853711863033,0.0,0.9732818002583551,1.2121889830612746,0.9628162129980619,0.0,0.17187500024428132,8.728044509887695,0.3046694896260246,0.3957668191096822
284,train,6.262610478227528e-05,2.078038817102259,2.078038817102259,3.750199163255613,0.000319530569860704,3.5081032572912397e-07,3.7498795996027545,0.0,0.9796107109666856,0.9956171431324699,0.9988663866500224,0.0,0.171875,8.772425966814529,0.260892589599633,0.3990539046358471
284,val,6.262610478227528e-05,2.140294758999934,2.140294758999934,3.6203855842840476,0.00032644348861229775,3.6692970498085637e-07,3.620059099353728,0.0,1.0701387734686743,1.0135581029243157,0.968800178316773,0.0,0.17187500024428132,8.728044509887695,0.3033777455814549,0.3957668191096822
285,train,6.165468561678371e-05,2.1166179515113517,2.1166179515113517,3.7513220645179435,0.0003347990800836316,3.1907880547110414e-07,3.7509872312388146,0.0,1.021584345043198,0.9444617186942377,1.0005874306209817,0.0,0.171875,8.740573347107437,0.2600659247764871,0.39842303996243755
285,val,6.165468561678371e-05,2.010202470372935,2.010202470372935,3.613588610633475,0.00032042292031157977,3.6346448730157255e-07,3.6132681565206557,0.0,0.9331702208909832,1.1286336105377948,0.9641688915549732,0.0,0.17187500024428132,8.728044509887695,0.30536689132940575,0.3957668191096822
286,train,6.068903149642213e-05,2.1046829573379076,2.1046829573379076,3.7500807135558327,0.00033563220729639613,3.294325805352269e-07,3.749745056648885,0.0,1.0055431692807142,0.9928663636534667,0.9998531504110857,0.0,0.171875,8.854080578512397,0.26091764263870304,0.4008214020532025
286,val,6.068903149642213e-05,1.9555025784695734,1.9555025784695734,3.6172519355523782,0.0003167336918060576,3.8221794353212017e-07,3.6169351593392793,0.0,0.8849976409654148,1.0466919692813372,0.9658357237206131,0.0,0.17187500024428132,8.728044509887695,0.30396908619364754,0.3957668191096822
287,train,5.972920508110267e-05,2.076821240019207,2.076821240019207,3.7518552324988623,0.00032998119067922157,3.2433395893317424e-07,3.751525216851353,0.0,0.9828697433156416,0.9451149545671526,0.9994399973676225,0.0,0.171875,8.83440943788891,0.2602622292258523,0.4023602278518283
287,val,5.972920508110267e-05,2.0335017110480638,2.0335017110480638,3.621267713484217,0.0003164696437258991,3.8042871981211707e-07,3.6209512069577077,0.0,0.9473941673020847,1.1653398236290353,0.9695735583539868,0.0,0.17187500024428132,8.728044509887695,0.30424424468493855,0.3957668191096822
288,train,5.877526865258588e-05,2.095783012465012,2.095783012465012,3.753183548115502,0.0003242562119384808,3.193833012201966e-07,3.752859266336299,0.0,0.9965629569016212,0.982333360132107,1.0009867191807298,0.0,0.171875,8.760890152828752,0.26005600442078486,0.398918719331095
288,val,5.877526865258588e-05,2.0549563521244485,2.0549563521244485,3.615897463970497,0.0003274497629733008,3.6895058007653686e-07,3.6155699706468427,0.0,0.9877495990424859,1.0379333574263776,0.963413414407949,0.0,0.17187500024428132,8.728044509887695,0.30417420434170084,0.3957668191096822
289,train,5.782728411043956e-05,2.086229768666354,2.086229768666354,3.751876492145633,0.00032573914948383283,3.109939064618757e-07,3.7515507168021083,0.0,0.9918128811130839,0.9465059439751727,0.9997662874785337,0.0,0.171875,8.815082644628099,0.2604320516024739,0.4007793668626754
289,val,5.782728411043956e-05,2.0933038582567307,2.0933038582567307,3.616473268290035,0.000325734626891122,3.757749185915898e-07,3.61614752206646,0.0,1.0112593730942148,1.173756509042177,0.9646688445669706,0.0,0.17187500024428132,8.728044509887695,0.30534187692110654,0.3957668191096822
290,train,5.68853129680221e-05,2.1007300876388864,2.1007300876388864,3.748179256423446,0.0003213203383570206,3.1476360873489474e-07,3.747857901675642,0.0,1.002462697423194,0.9825837601068591,1.0000090126163703,0.0,0.171875,8.84874311557486,0.26052225916838845,0.40083451704545453
290,val,5.68853129680221e-05,2.0543028976096482,2.0543028976096482,3.613639163189247,0.00032326383561518074,3.704689765888853e-07,3.6133158597789827,0.0,0.9836498381661587,1.0679611837277647,0.9638569296383467,0.0,0.17187500024428132,8.728044509887695,0.3043603115394467,0.3957668191096822
291,train,5.594941634849111e-05,2.0771709724891285,2.0771709724891285,3.7510466693846647,0.0003214095886205015,3.1051112708433526e-07,3.750725227939196,0.0,0.9813793033115135,0.9573862025560427,1.0000530530598537,0.0,0.171875,8.765926309853546,0.2604302020112345,0.39801075832902894
291,val,5.594941634849111e-05,2.172064974659779,2.172064974659779,3.6196674909748014,0.0003328234064402288,3.617108906602701e-07,3.619334631278867,0.0,1.0977674063111915,1.0910228114636218,0.9651952981948853,0.0,0.17187500024428132,8.728044509887695,0.30361588274846313,0.3957668191096822
292,train,5.5019654980837e-05,2.117660201285496,2.117660201285496,3.7505600176566887,0.00032336526921486545,3.105759697463372e-07,3.750236620587751,0.0,1.0196986226749813,0.9699299155680601,1.0009685838518063,0.0,0.171875,8.870394285060158,0.2604063260407487,0.40195130907799587
292,val,5.5019654980837e-05,2.048498528902648,2.048498528902648,3.6158159678099584,0.00032853643964789045,3.9217447766479946e-07,3.615487380105941,0.0,0.972532436007359,1.1640987381583354,0.9595562151220979,0.0,0.17187500024428132,8.728044509887695,0.3044283507300205,0.3957668191096822
293,train,5.409608919594252e-05,2.0924001986330207,2.0924001986330207,3.747587903472018,0.00031857187308906,3.036793741285158e-07,3.747269295463877,0.0,0.9990682769412836,0.9448378645191507,0.9988481382693141,0.0,0.171875,8.794249313921968,0.26115934513817146,0.39980078667155966
293,val,5.409608919594252e-05,2.036390957285146,2.036390957285146,3.6163870819279405,0.0003237235542342876,3.7382310685203625e-07,3.61606333685703,0.0,0.947726920979922,1.234926005367373,0.965171428977466,0.0,0.17187500024428132,8.728044509887695,0.3044213466956967,0.3957668191096822
294,train,5.317877892266788e-05,2.0920999084622407,2.0920999084622407,3.7496718956419257,0.0003198040319170826,3.474295604268891e-07,3.749352057118061,0.0,0.9932390839354066,0.984193374795362,1.0004414849537464,0.0,0.171875,8.817966599109745,0.26051864422057286,0.4001310154918797
294,val,5.317877892266788e-05,2.0764679400647275,2.0764679400647275,3.617305974491307,0.000335302608723172,3.7781190157460754e-07,3.6169706289885473,0.0,1.0059754745882066,1.0719497794987725,0.9632974814196102,0.0,0.17187500024428132,8.728044509887695,0.3051797835553279,0.3957668191096822
295,train,5.2267783683962274e-05,2.08288124277572,2.08288124277572,3.749537218700756,0.0003194144611513388,3.0426833616101144e-07,3.7492177732719862,0.0,0.9876070811975101,0.9533089760167539,0.9999432662301813,0.0,0.171875,8.759039256198347,0.26119221673031484,0.39763008735396643
295,val,5.2267783683962274e-05,2.109874813283076,2.109874813283076,3.61392107947928,0.0003274523373502383,3.8366065233336095e-07,3.613593578338623,0.0,1.030954796271246,1.1626251369226175,0.9626575024401556,0.0,0.17187500024428132,8.728044509887695,0.30478655705686475,0.3957668191096822
296,train,5.13631625930011e-05,2.10934989412954,2.10934989412954,3.7471257251156262,0.00033007796232858945,3.0596050199546355e-07,3.7467956109480425,0.0,1.0144803641009923,0.9535677910836275,0.9995127421272688,0.0,0.171875,8.798123280864116,0.2618126567483933,0.40005535207504084
296,val,5.13631625930011e-05,2.0347830936556957,2.0347830936556957,3.6171229940945984,0.0003284415999259494,3.794104545294595e-07,3.616794511920116,0.0,0.9464987076696803,1.2246512819509037,0.9658192552503992,0.0,0.17187500024428132,8.728044509887695,0.3049666607966188,0.3957668191096822
297,train,5.046497434935069e-05,2.0729318088736415,2.0729318088736415,3.749200311574069,0.0003264884417299335,3.0434578699280166e-07,3.748873791418785,0.0,0.9759282478369957,0.9719414206083156,0.9998094143946309,0.0,0.171875,8.782498280864116,0.2606833382578921,0.40072657057076444
297,val,5.046497434935069e-05,2.177104754526107,2.177104754526107,3.6132493605379197,0.0003398430329026105,3.739633043886763e-07,3.6129094733566536,0.0,1.0943037124930834,1.1712290209824923,0.9656781427195815,0.0,0.17187500024428132,8.728044509887695,0.30500868500256145,0.3957668191096822
298,train,4.957327723515897e-05,2.0885412441797495,2.0885412441797495,3.7476159757819056,0.0003072442161568733,3.1653458758790085e-07,3.7473087025082803,0.0,0.9930834294843279,0.9534270299121368,1.0001151005098643,0.0,0.171875,8.778882578384778,0.26151983932522704,0.40048041225464875
298,val,4.957327723515897e-05,2.1590214674590062,2.1590214674590062,3.616902238032857,0.00032391148673267426,3.6751911974921523e-07,3.6165782779943747,0.0,1.0694333642232614,1.2349155813944144,0.966096543874897,0.0,0.17187500024428132,8.728044509887695,0.30447237608862704,0.3957668191096822
299,train,4.868812911137383e-05,2.109922228765882,2.109922228765882,3.747417006610839,0.00032168545357691517,2.9804655622127423e-07,3.7470953001463707,0.0,1.0126314852848526,0.9683242053532404,1.0004583235121955,0.0,0.171875,8.788180099045935,0.2611822123246745,0.3990912319214876
299,val,4.868812911137383e-05,2.0970816612243652,2.0970816612243652,3.6108080715429587,0.0003307700541479223,3.752778212628982e-07,3.610477283352711,0.0,1.0105764826790231,1.2423206616620548,0.9622731199030017,0.0,0.17187500024428132,8.728044509887695,0.30562604059938525,0.3957668191096822
300,train,4.780958741398859e-05,2.102726318619468,2.102726318619468,3.7460338970846383,0.00033340889244717507,2.961291602896231e-07,3.7457004578645563,0.0,1.0049916764428792,0.9800469957846255,0.9997299456399334,0.0,0.171875,8.798898074252547,0.2616529228273502,0.3993794255512805
300,val,4.780958741398859e-05,2.0085305464072305,2.0085305464072305,3.6126232772577005,0.0003161545274884165,3.759554069298903e-07,3.612307071685791,0.0,0.9290190983991153,1.1547806492594421,0.9640333847921403,0.0,0.17187500024428132,8.728044509887695,0.3050497086321721,0.3957668191096822
301,train,4.693770915031489e-05,2.0890266304173744,2.0890266304173744,3.74680130540832,0.0003239754809298522,2.8767911401443546e-07,3.7464773004705254,0.0,0.9946828163113476,0.9405684105374597,1.0002869798624812,0.0,0.171875,8.793603652764943,0.26201501439425573,0.3990811434659091
301,val,4.693770915031489e-05,2.0653207341178517,2.0653207341178517,3.610648346728966,0.0003292217848776672,3.6328022190446063e-07,3.6103190633117177,0.0,0.9772338559393023,1.2596364255811348,0.9621232298553967,0.0,0.17187500024428132,8.728044509887695,0.30500268154456966,0.3957668191096822
302,train,4.607255089528393e-05,2.0870550304404962,2.0870550304404962,3.7465353347053214,0.0003176620255935406,2.968975197703469e-07,3.746217646874672,0.0,0.9901163570644441,0.9752046653061859,0.9994182116236568,0.0,0.171875,8.788137053655198,0.2615986973786157,0.39998069750375986
302,val,4.607255089528393e-05,2.1018436033217633,2.1018436033217633,3.6100942463171286,0.0003286899542426461,3.740319740342381e-07,3.6097655179070647,0.0,1.0140444323664806,1.230689365355695,0.96473022464846,0.0,0.17187500024428132,8.728044509887695,0.3052758388831967,0.3957668191096822
303,train,4.5214168787775014e-05,2.0957937723348947,2.0957937723348947,3.747344251506585,0.0003216583466059663,3.0293399753427664e-07,3.7470225627757303,0.0,0.9981681007491655,0.9774750617663722,0.9998781668745782,0.0,0.171875,8.854511020597348,0.26138196380670403,0.4026867574896694
303,val,4.5214168787775014e-05,2.0878883268012376,2.0878883268012376,3.615928087078157,0.000328567696565411,3.5345661983422465e-07,3.6155994993741394,0.0,1.0116619653389103,1.0936981165995363,0.9668565431579215,0.0,0.17187500024428132,8.728044509887695,0.3048335841444672,0.3957668191096822
304,train,4.4362618526972993e-05,2.0904170486552656,2.0904170486552656,3.7439295280078224,0.000325591280076976,3.0106981376641007e-07,3.743603908326015,0.0,0.9952365625495753,0.951202926310626,1.0000601905929156,0.0,0.171875,8.738808541258505,0.26139087519369836,0.3981651116993802
304,val,4.4362618526972993e-05,2.13831856407103,2.13831856407103,3.6120629232437884,0.00033945890468426934,3.5414127924535723e-07,3.6117234425466567,0.0,1.0545834346872862,1.1821205537827288,0.965523075862009,0.0,0.17187500024428132,8.728044509887695,0.3049646596439549,0.3957668191096822
305,train,4.3517955368753906e-05,2.104858555577018,2.104858555577018,3.7493585348129272,0.00033631482477153627,2.911091819686221e-07,3.749022183339458,0.0,1.0084115617777691,0.9620195411699862,1.0002450354335721,0.0,0.171875,8.760373623903133,0.2612425748966942,0.3985555349302686
305,val,4.3517955368753906e-05,2.0573052402402534,2.0573052402402534,3.6142754554748535,0.0003296952839219393,3.642347067744729e-07,3.613945722579956,0.0,0.9693971872329712,1.2297263609581306,0.96493540826391,0.0,0.17187500024428132,8.728044509887695,0.3043603115394467,0.3957668191096822
306,train,4.268023412209973e-05,2.101797612738018,2.101797612738018,3.7475967170778386,0.00032412565314722796,2.951390342552018e-07,3.747272556478327,0.0,1.0045914005888394,0.9683838560561503,1.000367829868616,0.0,0.171875,8.864669421487603,0.26105719952543904,0.40216451181360513
306,val,4.268023412209973e-05,2.028036283665016,2.028036283665016,3.6127614779550523,0.0003326284835357448,3.6640695822422803e-07,3.6124288136841822,0.0,0.9436512736023449,1.2161746108141103,0.9627675502026667,0.0,0.17187500024428132,8.728044509887695,0.3054779553022541,0.3957668191096822
307,train,4.1849509145541624e-05,2.080199601236454,2.080199601236454,3.744886852492971,0.0003134939926729368,2.9838015489062405e-07,3.7445733281206492,0.0,0.9825287383696264,0.9796159614708798,0.9997092652911982,0.0,0.171875,8.758479685822794,0.2617702852349636,0.39843312841801604
307,val,4.1849509145541624e-05,2.093709345723762,2.093709345723762,3.6111136655338476,0.0003311180648705006,3.672268106214926e-07,3.6107825060359766,0.0,1.0167525058887044,1.1325822775481178,0.9636986236103245,0.0,0.17187500024428132,8.728044509887695,0.30589119332735654,0.3957668191096822
308,train,4.1025834343632846e-05,2.073551483390745,2.073551483390745,3.7461919725433854,0.0003108839784454928,3.2313500943885155e-07,3.7458810579678246,0.0,0.9793627417284595,0.9433544354497894,0.9998532949892942,0.0,0.171875,8.803762053655198,0.2616142504963993,0.40003416631832595
308,val,4.1025834343632846e-05,2.1975438536190595,2.1975438536190595,3.614991418650893,0.0003300856891446976,3.65291784231006e-07,3.614661314448372,0.0,1.1140300426326815,1.1809369560147895,0.9654201132352235,0.0,0.17187500024428132,8.728044509887695,0.304901623335041,0.3957668191096822
309,train,4.0209263163450945e-05,2.107749305480768,2.107749305480768,3.745260378545966,0.00032460742099941825,2.906938962821585e-07,3.7449357430796977,0.0,1.0112510479925092,0.9653794000710337,0.9999603188234912,0.0,0.171875,8.839660813985777,0.2607784218901445,0.40110354260964826
309,val,4.0209263163450945e-05,2.102717794355799,2.102717794355799,3.61611982251777,0.00032597307564755595,3.5463109782085667e-07,3.615793833967115,0.0,1.022640701688704,1.1417802298655275,0.9658990570756255,0.0,0.17187500024428132,8.728044509887695,0.30502169249487704,0.3957668191096822
310,train,3.939984859112959e-05,2.0802978050610252,2.0802978050610252,3.7450171659800633,0.00032336647016879496,2.8974427253429397e-07,3.7446937649703225,0.0,0.9847418305056155,0.9550890976732428,1.0000470615615529,0.0,0.171875,8.77918388429752,0.2613476630577371,0.39975404345299587
310,val,3.939984859112959e-05,2.125108654381799,2.125108654381799,3.6149198500836484,0.0003106940525047649,3.564107802332251e-07,3.6146091085965515,0.0,1.0393873243058314,1.203747208978309,0.9653466089827115,0.0,0.17187500024428132,8.728044509887695,0.30420922451331966,0.3957668191096822
311,train,3.859764314842037e-05,2.1073468347226294,2.1073468347226294,3.746935627677224,0.0003292279104266339,3.0428933839493956e-07,3.7466063686638824,0.0,1.0098618709844005,0.9779151407155123,0.9996934506026182,0.0,0.171875,8.878486570247935,0.26203149212293386,0.40249003260588845
311,val,3.859764314842037e-05,2.100955304552297,2.100955304552297,3.6127358264610416,0.0003251579483268691,3.621352288787495e-07,3.612410611793643,0.0,1.0201483153906026,1.145986169576645,0.9662083748911248,0.0,0.17187500024428132,8.728044509887695,0.3056090308017418,0.3957668191096822
312,train,3.7802698889284995e-05,2.0844658933395195,2.0844658933395195,3.745892219307009,0.0003159720679020609,2.80972260378153e-07,3.745576213214023,0.0,0.9905977004076824,0.9388361421744685,0.9999845857955207,0.0,0.171875,8.770532024793388,0.2616905023243802,0.39980179551711753
312,val,3.7802698889284995e-05,2.1258509315428187,2.1258509315428187,3.610475700409686,0.0003178175299029538,3.474957128166919e-07,3.6101578610842346,0.0,1.0354436352604726,1.2474011402638232,0.9656671676479402,0.0,0.17187500024428132,8.728044509887695,0.3053919057377049,0.3957668191096822
313,train,3.701506739651715e-05,2.096406388873896,2.096406388873896,3.7473215160291056,0.000315674620230484,2.949867617171887e-07,3.7470058163335502,0.0,0.9966718366077124,0.9960494261881536,1.0001296078370623,0.0,0.171875,8.779614326382472,0.260995575958047,0.3973637521266937
313,val,3.701506739651715e-05,2.098332686502425,2.098332686502425,3.6067095623641716,0.00031285858071374814,3.648730830625519e-07,3.6063966751098633,0.0,1.0227680313782614,1.115347196332744,0.9640299511737511,0.0,0.17187500024428132,8.728044509887695,0.30590320024334017,0.3957668191096822
314,train,3.623479977839571e-05,2.1174978121253085,2.1174978121253085,3.74467264916286,0.00030962771115283875,2.968233844425345e-07,3.7443629877626403,0.0,1.0215472944758155,0.9559067219249473,1.0003598440777173,0.0,0.171875,8.821969698283297,0.2616294671681302,0.4006226594783058
314,val,3.623479977839571e-05,1.9761422833458322,1.9761422833458322,3.6074564847789827,0.0003101902191582533,3.537635640456204e-07,3.607146255305556,0.0,0.9002516357625117,1.1338384752390815,0.962506787698777,0.0,0.17187500024428132,8.728044509887695,0.3061703541239754,0.3957668191096822
315,train,3.546194666536823e-05,2.0809748207242036,2.0809748207242036,3.7456877556714145,0.000311012451742845,2.91482129584479e-07,3.7453767011973484,0.0,0.9859628034524681,0.95100562237511,0.9999114533593833,0.0,0.171875,8.798424586776859,0.26166553339682336,0.4005086599302686
315,val,3.546194666536823e-05,2.091598919180573,2.091598919180573,3.6089106739544476,0.00032790238622167593,3.5568802431617904e-07,3.6085827155191392,0.0,1.006012179812447,1.222874082014209,0.9632993233008463,0.0,0.17187500024428132,8.728044509887695,0.3060432809298156,0.3957668191096822
316,train,3.469655820676565e-05,2.0809834417232795,2.0809834417232795,3.743144704290658,0.00031324526309978585,3.0035380375663356e-07,3.742831425233321,0.0,0.9841039369175256,0.9705591337247328,0.9998235894628793,0.0,0.171875,8.808023417291562,0.2613981053356297,0.4006569602272727
316,val,3.469655820676565e-05,2.1294337374265075,2.1294337374265075,3.611147005049909,0.00031775877463677136,3.5454347112806957e-07,3.61082920480947,0.0,1.0458276799467743,1.1887825097216935,0.9647277974691547,0.0,0.17187500024428132,8.728044509887695,0.3057461097592213,0.3957668191096822
317,train,3.393868406754823e-05,2.0973353198737152,2.0973353198737152,3.744813786065283,0.0003100807093875675,2.904390177910267e-07,3.744503674428325,0.0,1.000192771273211,0.9711407446417927,1.0000284777199926,0.0,0.171875,8.78254132231405,0.26163341856199845,0.398211854917944
317,val,3.393868406754823e-05,2.089131425638668,2.089131425638668,3.610899350682243,0.00030901506564629525,3.681801355596094e-07,3.610590313301712,0.0,1.00534880454423,1.1926793802957065,0.9645146747104457,0.0,0.17187500024428132,8.728044509887695,0.30597624231557374,0.3957668191096822
318,train,3.318837342508284e-05,2.0873501591445986,2.0873501591445986,3.7445129372856836,0.00031778002545056666,2.8586114861454467e-07,3.7441951312309456,0.0,0.993489648069232,0.939697672882356,0.9998907363119204,0.0,0.171875,8.785511363636363,0.2617513693807539,0.40006611305327455
318,val,3.318837342508284e-05,2.14660557176246,2.14660557176246,3.609713738081885,0.0003153713376854821,3.6725489802639e-07,3.6093983298442405,0.0,1.047202611067256,1.3470048410970656,0.9647024713578771,0.0,0.17187500024428132,8.728044509887695,0.30646952644723363,0.3957668191096822
319,train,3.244567496595178e-05,2.10110290631775,2.10110290631775,3.7477857810406645,0.0002997900896731183,3.003556726895575e-07,3.7474859677070427,0.0,1.0016086483297268,0.9886583364453198,1.0006284130013678,0.0,0.171875,8.762267561983471,0.2614597289030217,0.39786212183227226
319,val,3.244567496595178e-05,2.1315958284940875,2.1315958284940875,3.6102496209691783,0.0003226141307691921,3.601156736453213e-07,3.6099269702786305,0.0,1.0533090649081058,1.1644575351574382,0.9618410243362677,0.0,0.17187500024428132,8.728044509887695,0.30593121638063525,0.3957668191096822
320,train,3.171063688279375e-05,2.1010490222410723,2.1010490222410723,3.7445429967454644,0.0003077177779916443,3.0455276157352666e-07,3.7442352574718885,0.0,1.004235228846881,0.9713050151659437,0.9996832897347853,0.0,0.171875,8.892389809789737,0.26222973027505164,0.40229398036791275
320,val,3.171063688279375e-05,2.0609663920324355,2.0609663920324355,3.606889208809274,0.0003101102866806838,3.673630139760984e-07,3.6065790731398786,0.0,0.983735666411822,1.1478808654136345,0.9624426306271162,0.0,0.17187500024428132,8.728044509887695,0.3061803598872951,0.3957668191096822
321,train,3.098330687117661e-05,2.0929649314604517,2.0929649314604517,3.745475343436249,0.0003094079460244441,4.1437667722109926e-07,3.7451658938541885,0.0,0.9980742742946326,0.9508184228431095,0.9998088158851812,0.0,0.171875,8.773545111506438,0.2610899870060692,0.3995653893336777
321,val,3.098330687117661e-05,2.054681596208791,2.054681596208791,3.6127431236329626,0.0003177205480675244,3.4435849482674787e-07,3.612425362477537,0.0,1.0112782296587208,0.7850019037723541,0.9649031728994651,0.0,0.17187500024428132,8.728044509887695,0.3052338146772541,0.3957668191096822
322,train,3.0263732126502453e-05,2.08455109054392,2.08455109054392,3.7443016038453285,0.0003143722366557018,2.9726456377435274e-07,3.743987206585151,0.0,0.9973912208287183,0.8743837095242887,0.9997214950805853,0.0,0.171875,8.788137053655198,0.26171370577221076,0.3990310375109192
322,val,3.0263732126502453e-05,2.076057152669938,2.076057152669938,3.614506182123403,0.0003078572608799613,3.567840490661899e-07,3.614198301659256,0.0,0.9801555896391634,1.292093040024648,0.96669225614579,0.0,0.17187500024428132,8.728044509887695,0.30559302158043034,0.3957668191096822
323,train,2.9551959340945366e-05,2.0921561299276745,2.0921561299276745,3.744866524846101,0.00030927162428390356,2.820085047760642e-07,3.7445572250145527,0.0,0.9950739194538968,0.9698892684022257,1.0000932854561766,0.0,0.171875,8.787577479338843,0.26108973479467973,0.398354102141601
323,val,2.9551959340945366e-05,2.114194369706951,2.114194369706951,3.610711519835425,0.0003168412759045108,3.4870659854717455e-07,3.610394642001293,0.0,1.026661916834409,1.223144781394083,0.9652179860677875,0.0,0.17187500024428132,8.728044509887695,0.30548195760758196,0.3957668191096822
324,train,2.884803470042136e-05,2.091180663956098,2.091180663956098,3.7442833943800493,0.0003111444595621029,3.177492591615094e-07,3.743972218726292,0.0,0.9933208387252713,0.9758553949515681,1.0002742776693392,0.0,0.171875,8.81861226026677,0.2616094584799995,0.3998976358451134
324,val,2.884803470042136e-05,2.142226309072776,2.142226309072776,3.611248133612461,0.00031926455088322373,3.581074365422969e-07,3.6109288364160257,0.0,1.06067385829863,1.175118525497249,0.9640406018397847,0.0,0.17187500024428132,8.728044509887695,0.30548595991290983,0.3957668191096822
325,train,2.8152003881591582e-05,2.1039942222193253,2.1039942222193253,3.74133198320373,0.00030763429148923145,2.940996904816217e-07,3.741024325701816,0.0,1.0092825707325266,0.9508172151717272,0.9996299310164019,0.0,0.171875,8.762568871837017,0.2623430573004336,0.39859925161215887
325,val,2.8152003881591582e-05,2.0702550118086767,2.0702550118086767,3.609708043395496,0.00031127848115665685,3.6077918019921037e-07,3.6093967351757112,0.0,0.9777756841456304,1.270981343066106,0.9653811992191877,0.0,0.17187500024428132,8.728044509887695,0.3058341604764344,0.3957668191096822
326,train,2.746391204889837e-05,2.0937586338066856,2.0937586338066856,3.7457042055681717,0.000308543909280965,2.836816979450207e-07,3.745395636755573,0.0,0.9965392087609315,0.9704509868848422,1.0001743199411504,0.0,0.171875,8.78762052472958,0.2619838241703254,0.39795695331471026
326,val,2.746391204889837e-05,2.0706671085514006,2.0706671085514006,3.612202441106077,0.0003106532539441403,3.614592390208525e-07,3.611891750429497,0.0,0.9824031571872899,1.2306083992856447,0.9652030868608443,0.0,0.17187500024428132,8.728044509887695,0.3054619460809426,0.3957668191096822
327,train,2.678380385163476e-05,2.0890745747187904,2.0890745747187904,3.7427103302695532,0.000313450938155865,2.8780007240558073e-07,3.742396855157269,0.0,0.9947095265812125,0.9482223667389105,0.999542806020453,0.0,0.171875,8.867209024665769,0.2623008538868802,0.4019681232527268
327,val,2.678380385163476e-05,2.070669301220628,2.070669301220628,3.6135306710102517,0.00030464507063533957,3.417347852565608e-07,3.6132259994256692,0.0,0.9770984620344444,1.2583992129466572,0.9677309257085206,0.0,0.17187500024428132,8.728044509887695,0.3053829005507172,0.3957668191096822
328,train,2.6111723421046982e-05,2.0971378043663402,2.0971378043663402,3.7448576176462094,0.00031031858954580564,2.896497931347835e-07,3.7445472685758734,0.0,0.9982640710005091,0.9842437931821366,1.000449353259457,0.0,0.171875,8.776902549522967,0.2627875378801803,0.3969692935135739
328,val,2.6111723421046982e-05,2.0564792136676977,2.0564792136676977,3.6108279697230605,0.00030354263531005957,3.5385245468910023e-07,3.6105243886103398,0.0,0.9742505731152706,1.17378595080532,0.9648500368243358,0.0,0.17187500024428132,8.728044509887695,0.3058071449154713,0.3957668191096822
329,train,2.54477143674711e-05,2.086422611366619,2.086422611366619,3.744183447735369,0.00031343584688772904,2.7734811545643003e-07,3.7438699854306936,0.0,0.9896029980222055,0.9667486888318022,1.000144736333327,0.0,0.171875,8.789127066115702,0.26120306182006175,0.39880202956928695
329,val,2.54477143674711e-05,2.1221798482488414,2.1221798482488414,3.6050506888842975,0.00031050498340637653,3.7554604369077304e-07,3.6047401389137645,0.0,1.0373161190845928,1.2226173784889158,0.9626020026988671,0.0,0.17187500024428132,8.728044509887695,0.3061343333760246,0.3957668191096822
330,train,2.4791819777502998e-05,2.1005462309545724,2.1005462309545724,3.7452174563053227,0.0003097106835276681,2.823032013480762e-07,3.7449077180594452,0.0,1.0065529638331783,0.9370713818910693,1.0002861274175407,0.0,0.171875,8.792656681754373,0.26194153676840887,0.4000523255383673
330,val,2.4791819777502998e-05,2.072028259761998,2.072028259761998,3.608905620262271,0.00030785293848402645,3.4199922445205615e-07,3.6085977397981237,0.0,0.9822568698007552,1.2751298419764785,0.962258412212622,0.0,0.17187500024428132,8.728044509887695,0.3062243852459016,0.3957668191096822
331,train,2.4144082211202704e-05,2.0928349499860084,2.0928349499860084,3.7415970987524867,0.00030608918945485925,2.902194397089554e-07,3.7412909761933255,0.0,0.9959191399172318,0.972448649238949,0.999670952065917,0.0,0.171875,8.795454545454545,0.26142273794028387,0.3999463967547929
331,val,2.4144082211202704e-05,2.0730817552472725,2.0730817552472725,3.6099598095065257,0.00030597367600182864,3.4360498755195744e-07,3.609653793397497,0.0,0.9862209465660032,1.2276805986146457,0.9640927549268379,0.0,0.17187500024428132,8.728044509887695,0.3049466492699795,0.3957668191096822
332,train,2.3504543699332627e-05,2.0849404669990226,2.0849404669990226,3.741524405715879,0.0003019952392523092,2.7959517115496695e-07,3.7412223825769977,0.0,0.9891154488995055,0.9572860535757601,1.0000964137148265,0.0,0.171875,8.782110884169901,0.261823333738264,0.3997637957088218
332,val,2.3504543699332627e-05,2.183427838028454,2.183427838028454,3.605724729475428,0.0003192290832139704,3.8405512818789263e-07,3.6054054674555043,0.0,1.079705608672783,1.4123443247842007,0.9624878001994774,0.0,0.17187500024428132,8.728044509887695,0.30651055007684425,0.3957668191096822
333,train,2.28732457406303e-05,2.098156535921018,2.098156535921018,3.7426356343198415,0.0003098631445147686,2.9120556280398257e-07,3.7423257394270464,0.0,0.9995746687670385,0.9880655781050359,0.9997753180748175,0.0,0.171875,8.824035813985777,0.26177465694009766,0.39994538790923506
333,val,2.28732457406303e-05,2.1113775538616495,2.1113775538616495,3.6109355160447416,0.0003080012790379725,3.472073498802483e-07,3.6106274753320413,0.0,1.0333263126553083,1.131108288393646,0.9649404199396978,0.0,0.17187500024428132,8.728044509887695,0.30597424116290983,0.3957668191096822
334,train,2.2250229299115623e-05,2.0895201337238976,2.0895201337238976,3.7438955720791145,0.00030424377479550065,2.769736406434716e-07,3.743591304652947,0.0,0.9955178574343359,0.9413516639677946,0.9998671055332689,0.0,0.171875,8.813619148632712,0.26196095704539746,0.3988585249205266
334,val,2.2250229299115623e-05,2.138179503503393,2.138179503503393,3.6078879286031253,0.00030750673088687856,3.4826004992759943e-07,3.6075803842700895,0.0,1.0466673872509942,1.267643804432916,0.9647477435283973,0.0,0.17187500024428132,8.728044509887695,0.30612532818903687,0.3957668191096822
335,train,2.1635534801432664e-05,2.108668304671926,2.108668304671926,3.741658978225771,0.00030182588670868427,2.7914150735239123e-07,3.7413571245414166,0.0,1.0105769858379994,0.9809072863710814,1.0000005847166393,0.0,0.171875,8.840823004068422,0.2623223759664977,0.3999776709670863
335,val,2.1635534801432664e-05,2.061687956090833,2.061687956090833,3.607107678397757,0.0003063030065978175,3.492240896172066e-07,3.606801341791622,0.0,0.9811908153236889,1.1597199229920496,0.9645251446082944,0.0,0.17187500024428132,8.728044509887695,0.30619736968493855,0.3957668191096822
336,train,2.1029202134226442e-05,2.080204837085787,2.080204837085787,3.7429756290656475,0.00031444296786323005,2.8263369400611017e-07,3.7426611510190098,0.0,0.9853315059064833,0.9475242001704933,1.0001209112238292,0.0,0.171875,8.82786673553719,0.26214431472553695,0.4015766911762805
336,val,2.1029202134226442e-05,2.144668047545386,2.144668047545386,3.606027837659492,0.00031105105106272264,3.3881429631298383e-07,3.605716763949785,0.0,1.059015876445614,1.2200546147393398,0.9636466981934719,0.0,0.17187500024428132,8.728044509887695,0.3063134365394467,0.3957668191096822
337,train,2.043127064155484e-05,2.1042151687559016,2.1042151687559016,3.740037009735738,0.0003024615465364157,2.8180516227253103e-07,3.739734513700501,0.0,1.0066564918056993,0.9774607065295385,0.9998126064450288,0.0,0.171875,8.804364669421487,0.2625571006585744,0.4000055823198035
337,val,2.043127064155484e-05,2.0965320380007633,2.0965320380007633,3.6114333535804124,0.00031094130815186185,3.392315605543579e-07,3.6111223658577343,0.0,1.0168335540372817,1.137266713087676,0.9659717913533821,0.0,0.17187500024428132,8.728044509887695,0.3058411645107582,0.3957668191096822
338,train,1.984177912233557e-05,2.0916105873328594,2.0916105873328594,3.741897003709777,0.0002948073801956878,2.840818994257908e-07,3.741602169580696,0.0,0.9963974545070947,0.9513526560107538,1.000077873222099,0.0,0.171875,8.861225896630405,0.26187074947948297,0.40105780823664233
338,val,1.984177912233557e-05,2.106114110008615,2.106114110008615,3.6120805193166263,0.00030736362437057293,3.491268589492452e-07,3.6117731156896373,0.0,1.0156282118109405,1.2472394440994887,0.9657619517357623,0.0,0.17187500024428132,8.728044509887695,0.3057070872822746,0.3957668191096822
339,train,1.926076582782854e-05,2.0869749198275165,2.0869749198275165,3.7408753298530892,0.0003044824077447584,2.864338782982418e-07,3.740570824993543,0.0,0.9897761725443454,0.9717421211487005,1.0000245349466308,0.0,0.171875,8.883479685822794,0.2615416976045971,0.4027247574211152
339,val,1.926076582782854e-05,2.1184929316161107,2.1184929316161107,3.610815556322942,0.0003027527668937033,3.416264916711684e-07,3.610512764727483,0.0,1.0361230896144618,1.1707190079767196,0.9652979344618126,0.0,0.17187500024428132,8.728044509887695,0.3057280993852459,0.3957668191096822
340,train,1.8688268459153756e-05,2.1070203928908042,2.1070203928908042,3.742567384538572,0.000301821474471776,2.7698228360309784e-07,3.742265539721024,0.0,1.0113913629912148,0.9555470516120107,1.0000743198493296,0.0,0.171875,8.802944214876034,0.2621108547222516,0.39866785311009273
340,val,1.8688268459153756e-05,2.069690403391103,2.069690403391103,3.6098835038357096,0.0003067614075529282,3.416623546267609e-07,3.6095767138434236,0.0,0.983805632493535,1.212052125422681,0.9646795782886568,0.0,0.17187500024428132,8.728044509887695,0.30587618468237704,0.3957668191096822
341,train,1.8124324164845165e-05,2.108586072921753,2.108586072921753,3.7410882770522567,0.00030129241752524836,2.891028945862969e-07,3.740786957346703,0.0,1.0109911743274405,0.9762770606220261,0.9999671923227547,0.0,0.171875,8.772081611570249,0.2615670869665698,0.39815031533891504
341,val,1.8124324164845165e-05,2.0097027821619005,2.0097027821619005,3.6090774731557875,0.00030957821295711166,3.424741209312101e-07,3.6087678455915606,0.0,0.9311000250402044,1.1399533714427323,0.9646074146520897,0.0,0.17187500024428132,8.728044509887695,0.30603527631915983,0.3957668191096822
342,train,1.756896953843971e-05,2.071705059079099,2.071705059079099,3.7407914892701077,0.00030038695857467605,2.8128601860967024e-07,3.7404910729936334,0.0,0.9765587341933211,0.950667964279159,1.0000795244185392,0.0,0.171875,8.820420111506438,0.2616809182915806,0.3999837240404334
342,val,1.756896953843971e-05,2.083503973288614,2.083503973288614,3.6096519720358926,0.0002985729520556471,3.4400244174537605e-07,3.60935335862832,0.0,0.997077502676698,1.2205372276853343,0.9643727433486063,0.0,0.17187500024428132,8.728044509887695,0.30636046362704916,0.3957668191096822
343,train,1.702224061610332e-05,2.089800354863001,2.089800354863001,3.740923775129082,0.0002954657981364626,2.767214752805009e-07,3.7406282858415083,0.0,0.9927119527720223,0.9704599040598909,1.0000424131381611,0.0,0.171875,8.806861227208918,0.26221493391458656,0.40042089036673556
343,val,1.702224061610332e-05,2.137693991426562,2.137693991426562,3.6066656347180976,0.0003079562277397614,3.416158387718407e-07,3.606357644815914,0.0,1.0577286647968605,1.166062589063019,0.9633590745144203,0.0,0.17187500024428132,8.728044509887695,0.30647352875256145,0.3957668191096822
344,train,1.6484172874292284e-05,2.0938446270532847,2.0938446270532847,3.7401494506962045,0.0003064904227989441,2.825111063874498e-07,3.7398429271603417,0.0,0.998733635653149,0.9578750755422372,0.9993234872817993,0.0,0.171875,8.790246214748414,0.2627259983011514,0.39918101917613635
344,val,1.6484172874292284e-05,2.14094410177137,2.14094410177137,3.610156289866713,0.00030802012233685733,3.399170355753652e-07,3.609848225703005,0.0,1.0541017905610506,1.1933685233358478,0.967505473582471,0.0,0.17187500024428132,8.728044509887695,0.3059021996670082,0.3957668191096822
345,train,1.5954801227451268e-05,2.056210864181361,2.056210864181361,3.740860563664397,0.0002972362225373518,7.204913692422322e-06,3.740562608419371,0.0,1.001963459140013,0.5371294904265491,1.0005344539141852,0.0,0.171875,8.810735194151066,0.2622748761137655,0.39962827408116713
345,val,1.5954801227451268e-05,1.9846682724405507,1.9846682724405507,3.6095301596844784,0.0002967623087718747,3.3405681223052477e-07,3.6092333754555126,0.0,0.9954135842987748,0.24475796923774187,0.9647788845124792,0.0,0.17187500024428132,8.728044509887695,0.30668164862961067,0.3957668191096822
346,train,1.5434160025747876e-05,2.0484087058335296,2.0484087058335296,3.7422021459942023,0.00029922838228772016,2.780712777247899e-07,3.7419028873285973,0.0,0.9825457590670625,0.6655549660694501,0.9993074538786549,0.0,0.171875,8.782412190082646,0.2624631099218179,0.3995428585316524
346,val,1.5434160025747876e-05,2.158193467093296,2.158193467093296,3.612435067286257,0.00029637857655647257,3.390588179472541e-07,3.612138650456413,0.0,1.0757748665379696,1.1356702109829324,0.968851562406196,0.0,0.17187500024428132,8.728044509887695,0.30546394723360654,0.3957668191096822
347,train,1.4922283052843463e-05,2.1085437733279773,2.1085437733279773,3.7410725158108167,0.000298874740320939,2.7962994502837125e-07,3.740773618713883,0.0,1.0121759654076632,0.9561415647179627,1.0007536435915418,0.0,0.171875,8.80083505772362,0.26270111336195767,0.3993279744278301
347,val,1.4922283052843463e-05,2.0938777689073906,2.0938777689073906,3.6110162500475274,0.00029931921852069344,3.406308836161532e-07,3.6107168862077055,0.0,1.010738801272189,1.182799718907622,0.9648590009720599,0.0,0.17187500024428132,8.728044509887695,0.3059142065829918,0.3957668191096822
348,train,1.441920352370133e-05,2.099612172970102,2.099612172970102,3.7389945510990366,0.0002977648036302383,2.714492466250136e-07,3.7386967525009283,0.0,1.0042151349388864,0.9567713196858887,0.9997199093999941,0.0,0.171875,8.833806818181818,0.262405353513631,0.4010796665160124
348,val,1.441920352370133e-05,2.0631291221399777,2.0631291221399777,3.610996922508615,0.0002983039028877698,3.3811709768628374e-07,3.610698578787632,0.0,0.9760730046717847,1.2087873420754418,0.966177372658839,0.0,0.17187500024428132,8.728044509887695,0.3056290423283812,0.3957668191096822
349,train,1.3924954082431155e-05,2.0952464987423793,2.0952464987423793,3.740500512201924,0.00030052843088142705,2.7745032541409927e-07,3.740199953071342,0.0,0.9980242930906863,0.9687414765357971,1.0003480563971623,0.0,0.171875,8.777332991607919,0.262190133086906,0.39810491728881175
349,val,1.3924954082431155e-05,2.0602931898148333,2.0602931898148333,3.60956241654568,0.00030051896166815955,3.3769486279078457e-07,3.6092618645214642,0.0,0.9792378657176847,1.1693336514175916,0.9641219719511563,0.0,0.17187500024428132,8.728044509887695,0.3059502273309426,0.3957668191096822
350,train,1.3439566800170947e-05,2.0873552856366495,2.0873552856366495,3.7405913575621677,0.0003007148270250379,2.774601331353093e-07,3.7402906260214563,0.0,0.9919980797639563,0.9546279245910566,0.9998944108643808,0.0,0.171875,8.804924243737844,0.26252473361236006,0.399247266783202
350,val,1.3439566800170947e-05,2.087570804064391,2.087570804064391,3.6068639364398893,0.0002985093137869596,3.385642187004496e-07,3.606565405110844,0.0,1.0015382253732839,1.221393672169232,0.9638932190957616,0.0,0.17187500024428132,8.728044509887695,0.30634245325307374,0.3957668191096822
351,train,1.2963073173005777e-05,2.1016161530471047,2.1016161530471047,3.7417899744569763,0.0003046620603384304,2.773220296415628e-07,3.741485270586881,0.0,1.0050270542625552,0.9639797044440734,1.0001911250027744,0.0,0.171875,8.826144975078993,0.26191295276988635,0.401085383389607
351,val,1.2963073173005777e-05,2.045897577629715,2.045897577629715,3.608954773574579,0.00029645759822728235,3.38501964789862e-07,3.608658286391712,0.0,0.9614075720310211,1.2096040317269623,0.9635295936318694,0.0,0.17187500024428132,8.728044509887695,0.30635846247438525,0.3957668191096822
352,train,1.249550411992436e-05,2.083165533286481,2.083165533286481,3.7421961776481187,0.0002976812345667527,2.730203436405837e-07,3.7418984726440807,0.0,0.9891080851397238,0.9431563725402533,0.9997418032697409,0.0,0.171875,8.724560950413224,0.2620810096667818,0.39840656211060926
352,val,1.249550411992436e-05,2.106353515484294,2.106353515484294,3.611401925321485,0.00029663955310901596,3.3468206199869636e-07,3.611105246622054,0.0,1.0091719915632342,1.3178173376888525,0.9653997812114778,0.0,0.17187500024428132,8.728044509887695,0.30647452932889346,0.3957668191096822
353,train,1.2036889980812436e-05,2.1026938271916604,2.1026938271916604,3.73998617436275,0.0002924523913192809,2.665418834847379e-07,3.739693694863438,0.0,1.0045863232336754,0.9786482464429761,1.0002426840057057,0.0,0.171875,8.792871900826446,0.2623129600335744,0.3990586126638838
353,val,1.2036889980812436e-05,2.0909933047216445,2.0909933047216445,3.611362609706941,0.00030452305449604164,3.3651829301293144e-07,3.611058039743392,0.0,1.0054722755658823,1.21303711709429,0.9642172993206587,0.0,0.17187500024428132,8.728044509887695,0.3054899622182377,0.3957668191096822
354,train,1.1587260514484265e-05,2.0855826858646616,2.0855826858646616,3.7402255022821347,0.00029634224733290617,2.766171971149677e-07,3.739929139121505,0.0,0.9883029570510565,0.9738077265171965,0.9998989629844004,0.0,0.171875,8.78675964450048,0.262243517913109,0.3982121912408466
354,val,1.1587260514484265e-05,2.1374516115813957,2.1374516115813957,3.611021788393865,0.000305047373003021,3.390187653521338e-07,3.610716690782641,0.0,1.0576196312904358,1.1523678933010726,0.9645951869057827,0.0,0.17187500024428132,8.728044509887695,0.3060582895747951,0.3957668191096822
355,train,1.1146644896751631e-05,2.0919457018867997,2.0919457018867997,3.7400499444362545,0.0002946995407624809,2.723449044759295e-07,3.7397552236052585,0.0,0.9978893340126542,0.9422545952737824,0.9998309055635751,0.0,0.171875,8.855888429752065,0.2624208225199014,0.4014378066890496
355,val,1.1146644896751631e-05,2.148847388439491,2.148847388439491,3.6067578948912073,0.00030434401119013363,3.3385430382339584e-07,3.6064535203527233,0.0,1.0590457290899558,1.2555138082777868,0.96425027730035,0.0,0.17187500024428132,8.728044509887695,0.3064024878329918,0.3957668191096822
356,train,1.0715071718530466e-05,2.109151860406576,2.109151860406576,3.740497369411563,0.00030747437754632473,2.751332798761103e-07,3.740189869541767,0.0,1.012376570381409,0.9667315086549964,1.0001021411793292,0.0,0.171875,8.827436297393042,0.2628879180131865,0.40090849909408033
356,val,1.0715071718530466e-05,2.040288092660122,2.040288092660122,3.609609162221189,0.0002948068543699891,3.356960288472498e-07,3.6093143166088666,0.0,0.9520872205984398,1.2368500682174182,0.9645158560549627,0.0,0.17187500024428132,8.728044509887695,0.30628842213114754,0.3957668191096822
357,train,1.0292568983985955e-05,2.06999193538319,2.06999193538319,3.7393961238467,0.00028795955321666867,2.870894774654825e-07,3.739108135877562,0.0,0.9726916499866927,0.9711027830100256,1.000190009262936,0.0,0.171875,8.780561297393042,0.2622824424554494,0.3997563974670142
357,val,1.0292568983985955e-05,2.1921573838249584,2.1921573838249584,3.60615454345453,0.00030248408760688437,3.3652071642959007e-07,3.605852017637159,0.0,1.1102598050578696,1.1922339880075612,0.9626741663354342,0.0,0.17187500024428132,8.728044509887695,0.30677270107581966,0.3957668191096822
358,train,9.879164108714937e-06,2.100253050484933,2.100253050484933,3.738063359063519,0.00029241826870163117,2.6291305050774497e-07,3.7377709179870355,0.0,1.0048853939722393,0.9591634248899035,0.9994513183093268,0.0,0.171875,8.872503446153372,0.2624877425264721,0.40251222720816116
358,val,9.879164108714937e-06,2.1552880572491007,2.1552880572491007,3.607180419515391,0.0003016595502067205,3.3479688267625234e-07,3.6068787183917936,0.0,1.0697840706246797,1.1995471774554642,0.9655492765004517,0.0,0.17187500024428132,8.728044509887695,0.30686875640368855,0.3957668191096822
359,train,9.474883917967415e-06,2.109938086556994,2.109938086556994,3.7381461878453406,0.00029892801659634865,2.778962738676541e-07,3.737847234591965,0.0,1.0132826181236378,0.9653869304528906,1.0001167728881206,0.0,0.171875,8.861957644628099,0.2626657197790698,0.4027355183993489
359,val,9.474883917967415e-06,2.0808135349242414,2.0808135349242414,3.609359049406208,0.00030313794499694477,3.3573652093052455e-07,3.6090558825946246,0.0,0.9966288834321694,1.18626489013922,0.9655581790892804,0.0,0.17187500024428132,8.728044509887695,0.30632144115010246,0.3957668191096822
360,train,9.079754644905583e-06,2.0914738035399068,2.0914738035399068,3.739246399934627,0.00029204904106238755,2.715544542949541e-07,3.738954322397216,0.0,0.9965506294542108,0.9470678926868872,1.0002163845645495,0.0,0.171875,8.809443871837017,0.2625354104790806,0.399538823149421
360,val,9.079754644905583e-06,2.100456937414701,2.100456937414701,3.609143687076256,0.00030370267548457126,3.352615684233286e-07,3.608839945714982,0.0,1.0081009654725184,1.2790027900797423,0.9644556993343791,0.0,0.17187500024428132,8.728044509887695,0.30615934778432374,0.3957668191096822
361,train,8.693801928901767e-06,2.088014929255178,2.088014929255178,3.738847650772284,0.0002942288723535651,2.642767440037956e-07,3.738553397911639,0.0,0.9908489793046447,0.9690814300263224,1.000257810777869,0.0,0.171875,8.753744834710744,0.2623399466522469,0.3986110214359504
361,val,8.693801928901767e-06,2.1368893463103498,2.1368893463103498,3.6092758960411198,0.0003053144047029133,3.334846829867259e-07,3.6089705443773115,0.0,1.051284709914786,1.2235424572327098,0.963250388864611,0.0,0.17187500024428132,8.728044509887695,0.30632144115010246,0.3957668191096822
362,train,8.317050813874547e-06,2.1098376719419623,2.1098376719419623,3.7390731139616533,0.0002950707255741908,2.7577306937939644e-07,3.7387780118579705,0.0,1.0127641759381807,0.9737517439629421,0.9996983137997714,0.0,0.171875,8.777849520533538,0.26218172606111556,0.3983873940450101
362,val,8.317050813874547e-06,2.024837245706652,2.024837245706652,3.608898495064407,0.00029532437593977683,3.329710084630442e-07,3.6086031374384144,0.0,0.9449769458809837,1.1528479632784108,0.9645755017390016,0.0,0.17187500024428132,8.728044509887695,0.30600525902920084,0.3957668191096822
363,train,7.949525746663931e-06,2.0811332296734015,2.0811332296734015,3.7390162737901544,0.0002949998360093537,2.8735296236145923e-07,3.738721243606126,0.0,0.9839947393610458,0.9747221973563028,0.9996662698993998,0.0,0.171875,8.79274276859504,0.2623937517897157,0.39935016903010284
363,val,7.949525746663931e-06,2.096691969965325,2.096691969965325,3.606748205716493,0.0002978347986411746,3.3596452209674116e-07,3.606450331015665,0.0,1.0209608703363138,1.101529024174956,0.9655781906159198,0.0,0.17187500024428132,8.728044509887695,0.3067046618852459,0.3957668191096822
364,train,7.591250575444808e-06,2.0957163537829375,2.0957163537829375,3.7408868488201423,0.00029911527349777166,2.8080646997012096e-07,3.7405877034526225,0.0,0.9995308524567234,0.9595211383478701,1.0002333883904229,0.0,0.171875,8.855457991607919,0.2627251575554698,0.4013883732567149
364,val,7.591250575444808e-06,2.0786360873550667,2.0786360873550667,3.6101054050883308,0.0002957971602703109,3.332345340869533e-07,3.609809578442183,0.0,1.0018819223661892,1.1140264131006647,0.9653515131747137,0.0,0.17187500024428132,8.728044509887695,0.30599425268954916,0.3957668191096822
365,train,7.242248548179649e-06,2.112322767411382,2.112322767411382,3.7388088821379606,0.0002966107714494059,2.6726310092129073e-07,3.7385122362247185,0.0,1.017095603972427,0.9487161494729933,1.0003555584544979,0.0,0.171875,8.739841599109745,0.2620848769491369,0.3976089015972516
365,val,7.242248548179649e-06,1.9950493671854987,1.9950493671854987,3.6069344028097685,0.00029580618150352854,3.342116639539542e-07,3.60663857616362,0.0,0.9131059983714682,1.1914383964460404,0.9627995246746501,0.0,0.17187500024428132,8.728044509887695,0.30666063652663933,0.3957668191096822
366,train,6.90254231110985e-06,2.072186058217829,2.072186058217829,3.738469327776885,0.0003012741723700142,2.777720892014307e-07,3.7381680248197444,0.0,0.9761777328065604,0.9661677780230183,0.9993915479045269,0.0,0.171875,8.796358471074381,0.26247790628228307,0.39980314068557804
366,val,6.90254231110985e-06,2.1203011684730404,2.1203011684730404,3.607768746673084,0.0003016667342010015,3.3393492549666767e-07,3.6074670494579877,0.0,1.0375407787620043,1.1685412355133744,0.9659062663062674,0.0,0.17187500024428132,8.728044509887695,0.30667264344262296,0.3957668191096822
367,train,6.572153907286278e-06,2.0918250985382016,2.0918250985382016,3.7395796155141405,0.00029325744497117373,2.63912063846282e-07,3.7392863311058235,0.0,0.9963221580775317,0.9511713662669679,1.0003858038709184,0.0,0.171875,8.756241392498174,0.2626057774567407,0.39753929125375986
367,val,6.572153907286278e-06,2.1110724367079188,2.1110724367079188,3.6064296198672934,0.0002947759616081832,3.3230393754723487e-07,3.6061348094314827,0.0,1.0248597889650064,1.2251274014105562,0.9636999026673739,0.0,0.17187500024428132,8.728044509887695,0.3064855356685451,0.3957668191096822
368,train,6.251104775139073e-06,2.0921899661544927,2.0921899661544927,3.7374791064538244,0.000289704847722728,2.701046950915418e-07,3.73718937960538,0.0,0.9957174884139999,0.9686151682591635,0.9996109649169543,0.0,0.171875,8.909951793260811,0.2621153945272619,0.4040772829912911
368,val,6.251104775139073e-06,2.124826323790628,2.124826323790628,3.607530011505377,0.0002952633972125143,3.320430587532577e-07,3.6072347085984027,0.0,1.040675516011285,1.1831668341746095,0.9658341261207081,0.0,0.17187500024428132,8.728044509887695,0.30664162557633196,0.3957668191096822
369,train,5.939415747086255e-06,2.098002284026343,2.098002284026343,3.7391694459048184,0.0002983080028134883,2.742153064029334e-07,3.7388711143131097,0.0,1.0016880370368642,0.965011928815487,0.9998130554502661,0.0,0.171875,8.810261710616183,0.26299409900815035,0.40052379261363635
369,val,5.939415747086255e-06,2.109789690033334,2.109789690033334,3.608576301668511,0.00029604337128073924,3.331611202290825e-07,3.6082802326952823,0.0,1.025640873146839,1.171554862475786,0.9669933426575582,0.0,0.17187500024428132,8.728044509887695,0.3062964267418033,0.3957668191096822
370,train,5.637107048182225e-06,2.0995406941934065,2.0995406941934065,3.7374805852401356,0.0003023996070608947,2.8339405541814363e-07,3.7371781493021436,0.0,1.0022690244450057,0.9721853660404189,1.000053129166611,0.0,0.171875,8.769800276795694,0.26290237805074895,0.4002567848637084
370,val,5.637107048182225e-06,2.0863076526610578,2.0863076526610578,3.609095084862631,0.0002969561052149864,3.321194368556432e-07,3.6087981013000987,0.0,1.0078836264180355,1.1156212223357842,0.9668619134387032,0.0,0.17187500024428132,8.728044509887695,0.3061313316470287,0.3957668191096822
371,train,5.344198294805224e-06,2.0968115196740333,2.0968115196740333,3.738574877258175,0.0002924702569822134,2.6648665047281805e-07,3.7382823819956505,0.0,1.0016237609396297,0.9489037578017259,1.0002973853063977,0.0,0.171875,8.80221246687834,0.26335089401272704,0.399665265043905
371,val,5.344198294805224e-06,2.0711631090914615,2.0711631090914615,3.608664153052158,0.0002953657991592543,3.310151369618563e-07,3.608368764158155,0.0,0.9871701549311154,1.186795527817773,0.9653133906301905,0.0,0.17187500024428132,8.728044509887695,0.3062714123335041,0.3957668191096822
372,train,5.0607084933845325e-06,2.0848134406341994,2.0848134406341994,3.7386757736363685,0.0002875156976135394,2.716110200296032e-07,3.738388238859571,0.0,0.990356417357429,0.952369133179838,0.9992201138626445,0.0,0.171875,8.781938706547761,0.2625755120900052,0.3998404679712185
372,val,5.0607084933845325e-06,2.1361979031171954,2.1361979031171954,3.6063510238147174,0.00029963139205079403,3.3166898199825767e-07,3.6060513551117945,0.0,1.04299951625652,1.2479512686612175,0.9684032651244617,0.0,0.17187500024428132,8.728044509887695,0.30636246477971313,0.3957668191096822
373,train,4.786656039167047e-06,2.09918923762219,2.09918923762219,3.7361230978295823,0.0002959017043049093,2.7934125765133733e-07,3.73582715732007,0.0,1.000161888924512,0.982649672622523,1.0007623773961027,0.0,0.171875,8.80066288010148,0.26270767085808366,0.40011016593491733
373,val,4.786656039167047e-06,2.1010149873670985,2.1010149873670985,3.608322256901225,0.0002964512555006907,3.319094366489838e-07,3.608025769718358,0.0,1.0229777141672667,1.1275796025502878,0.9652793241328881,0.0,0.17187500024428132,8.728044509887695,0.306488537397541,0.3957668191096822
374,train,4.522058715023819e-06,2.094436420882044,2.094436420882044,3.738129651250918,0.0002938679534069278,2.694517760210335e-07,3.73783575306254,0.0,0.9999795734636054,0.947530104847979,0.9997038388055218,0.0,0.171875,8.797305442084951,0.262131788267577,0.40065191599948347
374,val,4.522058715023819e-06,2.110141246045222,2.110141246045222,3.606013176871128,0.000299347476312341,3.308487931997765e-07,3.605713789580298,0.0,1.0231588692938696,1.2092026227810344,0.9660621060699713,0.0,0.17187500024428132,8.728044509887695,0.30664162557633196,0.3957668191096822
375,train,4.26693369029605e-06,2.095221029332847,2.095221029332847,3.738673150046798,0.00029123715654906453,2.675520091537981e-07,3.7383818852999977,0.0,0.9974708433978814,0.9727066281166944,1.0004795171505163,0.0,0.171875,8.781293045390736,0.2626471401246126,0.39898160407858446
375,val,4.26693369029605e-06,2.0951903980286395,2.0951903980286395,3.6068628068830146,0.0002963881316779899,3.3164476903147126e-07,3.606566378327667,0.0,1.0167547415514462,1.1444242137377378,0.9639932327583188,0.0,0.17187500024428132,8.728044509887695,0.3064144947489754,0.3957668191096822
376,train,4.021297519680982e-06,2.087564193020182,2.087564193020182,3.7367744958105167,0.0002840104655262606,2.6614559683019043e-07,3.736490461451948,0.0,0.9925960297426901,0.9512239370710593,0.9998457638685369,0.0,0.171875,8.849474863572555,0.2634704422113324,0.40234879422778924
376,val,4.021297519680982e-06,2.134806119027685,2.134806119027685,3.6069273714159356,0.00029690612701996854,3.309233715323571e-07,3.6066304386639203,0.0,1.0498873591423035,1.2018474506550147,0.9647340227345951,0.0,0.17187500024428132,8.728044509887695,0.30675569127817626,0.3957668191096822
377,train,3.7851661421576917e-06,2.096999068398121,2.096999068398121,3.738325209657023,0.00029906007444533165,2.696172620407787e-07,3.7380261263571497,0.0,1.001878153563531,0.951438114847526,0.9999770945753933,0.0,0.171875,8.797348487475686,0.2625425565094987,0.4001205907133985
377,val,3.7851661421576917e-06,2.122747622552465,2.122747622552465,3.6068402040200156,0.00029845395186041927,3.302624831537257e-07,3.606541711775983,0.0,1.031749710684917,1.2619199435241888,0.9648059098446955,0.0,0.17187500024428132,8.728044509887695,0.3066276175076844,0.3957668191096822
378,train,3.558554879952883e-06,2.0825549940432397,2.0825549940432397,3.737617263124009,0.0002873806434530526,2.7072422810779846e-07,3.7373298554381065,0.0,0.9859386548276775,0.9668639922930189,0.9999299413901716,0.0,0.171875,8.70605199987238,0.26343681398502067,0.39896479002700364
378,val,3.558554879952883e-06,2.183771780279816,2.183771780279816,3.6070845869720958,0.00029860227476122226,3.3090451559186866e-07,3.6067859501135153,0.0,1.0956067589462781,1.2297397040929952,0.9651910545396023,0.0,0.17187500024428132,8.728044509887695,0.30664862961065575,0.3957668191096822
379,train,3.341478437546654e-06,2.110192855527578,2.110192855527578,3.740379753191609,0.0002880270569056103,2.7596544427410663e-07,3.7400916903472146,0.0,1.0132747675515403,0.9703208614479412,0.9998860039001654,0.0,0.171875,8.878658747870075,0.2622235091018283,0.40172330998192146
379,val,3.341478437546654e-06,2.079380076439654,2.079380076439654,3.6067022730092533,0.00029228027474868004,3.313603967825895e-07,3.6064099522887685,0.0,0.9954241211297082,1.1833464083124379,0.965621317019228,0.0,0.17187500024428132,8.728044509887695,0.30663362096567626,0.3957668191096822
