Using device: cuda:0
Loading NMR spectra...
Loading data/combined/combine_unique_MetaboLights_Workbench_Water_EDTA_Suppressed_rowMinMax_v4.npy with shape (9670, 131072)
Loaded combined spectra shape: (9670, 131072)
Validating data...
Removed 0 duplicate spectra
Final clean spectra shape: (9670, 131072)
Data range: [0.000, 1.000]
Training set: (7736, 131072)
Validation set: (1934, 131072)
Test set: (0, 131072)
Normalized data range: [0.000, 1.000]
Mask strategy: sparse_random with per-sample ratio in [0.20, 0.60]
Mask fill strategy: zero
Post-mask baseline correction: enabled [62500:68000]
Data augmentation disabled
Normalized data range: [0.000, 1.000]
Mask strategy: sparse_random with per-sample ratio in [0.20, 0.60]
Mask fill strategy: zero
Post-mask baseline correction: enabled [62500:68000]
Data augmentation disabled
Patches per spectrum: 1024
Patches to mask: 204-614 (random per sample)
Model parameters: 496,768

============================================================
Starting training with OPTIMIZED configuration for small dataset:
  - Dataset size: 7736 train, 1934 val
  - Max normalization (no clipping)
  - Sparse random masking (20%-60% per sample, randomized) - keeps context
  - Small patches (128) for fine detail
  - Small model (3 layers, d=128) to prevent overfitting
  - Larger batches (32) for stable gradients
  - Standard MSE loss
============================================================

/home/nmrbox/0012/shasharma/Desktop/NMR_Metabolomics/code/training/trainer_revised.py:565: FutureWarning: `torch.cuda.amp.GradScaler(args...)` is deprecated. Please use `torch.amp.GradScaler('cuda', args...)` instead.
  scaler = torch.cuda.amp.GradScaler()
Training with warmup (20 epochs) + cosine annealing
Initial LR: 0.0001, Min LR: 1e-06
Early stopping patience: 200 epochs
✓ New best model saved: ./models/masked_ssl/combine_unique_MetaboLights_Workbench_Water_EDTA_Suppressed_rowMinMax_v4_20260728_053503_bs32_mr0.20-0.60_ps128_best.pth
Epoch 1: Train Loss = 0.0238, Val Loss = 0.0176, LR = 0.000005, No improvement: 0/200 ✓ IMPROVED
✓ New best model saved: ./models/masked_ssl/combine_unique_MetaboLights_Workbench_Water_EDTA_Suppressed_rowMinMax_v4_20260728_053503_bs32_mr0.20-0.60_ps128_best.pth
Epoch 2: Train Loss = 0.0145, Val Loss = 0.0073, LR = 0.000010, No improvement: 0/200 ✓ IMPROVED
✓ New best model saved: ./models/masked_ssl/combine_unique_MetaboLights_Workbench_Water_EDTA_Suppressed_rowMinMax_v4_20260728_053503_bs32_mr0.20-0.60_ps128_best.pth
Epoch 3: Train Loss = 0.0080, Val Loss = 0.0047, LR = 0.000015, No improvement: 0/200 ✓ IMPROVED
✓ New best model saved: ./models/masked_ssl/combine_unique_MetaboLights_Workbench_Water_EDTA_Suppressed_rowMinMax_v4_20260728_053503_bs32_mr0.20-0.60_ps128_best.pth
Epoch 4: Train Loss = 0.0055, Val Loss = 0.0032, LR = 0.000020, No improvement: 0/200 ✓ IMPROVED
✓ New best model saved: ./models/masked_ssl/combine_unique_MetaboLights_Workbench_Water_EDTA_Suppressed_rowMinMax_v4_20260728_053503_bs32_mr0.20-0.60_ps128_best.pth
Epoch 5: Train Loss = 0.0042, Val Loss = 0.0025, LR = 0.000025, No improvement: 0/200 ✓ IMPROVED
✓ New best model saved: ./models/masked_ssl/combine_unique_MetaboLights_Workbench_Water_EDTA_Suppressed_rowMinMax_v4_20260728_053503_bs32_mr0.20-0.60_ps128_best.pth
Epoch 6: Train Loss = 0.0037, Val Loss = 0.0022, LR = 0.000030, No improvement: 0/200 ✓ IMPROVED
✓ New best model saved: ./models/masked_ssl/combine_unique_MetaboLights_Workbench_Water_EDTA_Suppressed_rowMinMax_v4_20260728_053503_bs32_mr0.20-0.60_ps128_best.pth
Epoch 7: Train Loss = 0.0031, Val Loss = 0.0021, LR = 0.000035, No improvement: 0/200 ✓ IMPROVED
✓ New best model saved: ./models/masked_ssl/combine_unique_MetaboLights_Workbench_Water_EDTA_Suppressed_rowMinMax_v4_20260728_053503_bs32_mr0.20-0.60_ps128_best.pth
Epoch 8: Train Loss = 0.0027, Val Loss = 0.0020, LR = 0.000040, No improvement: 0/200 ✓ IMPROVED
✓ New best model saved: ./models/masked_ssl/combine_unique_MetaboLights_Workbench_Water_EDTA_Suppressed_rowMinMax_v4_20260728_053503_bs32_mr0.20-0.60_ps128_best.pth
Epoch 9: Train Loss = 0.0023, Val Loss = 0.0017, LR = 0.000045, No improvement: 0/200 ✓ IMPROVED
✓ New best model saved: ./models/masked_ssl/combine_unique_MetaboLights_Workbench_Water_EDTA_Suppressed_rowMinMax_v4_20260728_053503_bs32_mr0.20-0.60_ps128_best.pth
Epoch 10: Train Loss = 0.0021, Val Loss = 0.0017, LR = 0.000050, No improvement: 0/200 ✓ IMPROVED
✓ New best model saved: ./models/masked_ssl/combine_unique_MetaboLights_Workbench_Water_EDTA_Suppressed_rowMinMax_v4_20260728_053503_bs32_mr0.20-0.60_ps128_best.pth
Epoch 11: Train Loss = 0.0018, Val Loss = 0.0015, LR = 0.000055, No improvement: 0/200 ✓ IMPROVED
Epoch 12: Train Loss = 0.0016, Val Loss = 0.0018, LR = 0.000060, No improvement: 1/200
✓ New best model saved: ./models/masked_ssl/combine_unique_MetaboLights_Workbench_Water_EDTA_Suppressed_rowMinMax_v4_20260728_053503_bs32_mr0.20-0.60_ps128_best.pth
Epoch 13: Train Loss = 0.0016, Val Loss = 0.0013, LR = 0.000065, No improvement: 0/200 ✓ IMPROVED
Epoch 14: Train Loss = 0.0015, Val Loss = 0.0015, LR = 0.000070, No improvement: 1/200
✓ New best model saved: ./models/masked_ssl/combine_unique_MetaboLights_Workbench_Water_EDTA_Suppressed_rowMinMax_v4_20260728_053503_bs32_mr0.20-0.60_ps128_best.pth
Epoch 15: Train Loss = 0.0013, Val Loss = 0.0012, LR = 0.000075, No improvement: 0/200 ✓ IMPROVED
✓ New best model saved: ./models/masked_ssl/combine_unique_MetaboLights_Workbench_Water_EDTA_Suppressed_rowMinMax_v4_20260728_053503_bs32_mr0.20-0.60_ps128_best.pth
Epoch 16: Train Loss = 0.0012, Val Loss = 0.0009, LR = 0.000080, No improvement: 0/200 ✓ IMPROVED
✓ New best model saved: ./models/masked_ssl/combine_unique_MetaboLights_Workbench_Water_EDTA_Suppressed_rowMinMax_v4_20260728_053503_bs32_mr0.20-0.60_ps128_best.pth
Epoch 17: Train Loss = 0.0009, Val Loss = 0.0008, LR = 0.000085, No improvement: 0/200 ✓ IMPROVED
Epoch 18: Train Loss = 0.0009, Val Loss = 0.0008, LR = 0.000090, No improvement: 1/200
✓ New best model saved: ./models/masked_ssl/combine_unique_MetaboLights_Workbench_Water_EDTA_Suppressed_rowMinMax_v4_20260728_053503_bs32_mr0.20-0.60_ps128_best.pth
Epoch 19: Train Loss = 0.0008, Val Loss = 0.0006, LR = 0.000095, No improvement: 0/200 ✓ IMPROVED
Epoch 20: Train Loss = 0.0007, Val Loss = 0.0007, LR = 0.000100, No improvement: 1/200
✓ New best model saved: ./models/masked_ssl/combine_unique_MetaboLights_Workbench_Water_EDTA_Suppressed_rowMinMax_v4_20260728_053503_bs32_mr0.20-0.60_ps128_best.pth
Epoch 21: Train Loss = 0.0008, Val Loss = 0.0006, LR = 0.000100, No improvement: 0/200 ✓ IMPROVED
✓ New best model saved: ./models/masked_ssl/combine_unique_MetaboLights_Workbench_Water_EDTA_Suppressed_rowMinMax_v4_20260728_053503_bs32_mr0.20-0.60_ps128_best.pth
Epoch 22: Train Loss = 0.0006, Val Loss = 0.0005, LR = 0.000100, No improvement: 0/200 ✓ IMPROVED
✓ New best model saved: ./models/masked_ssl/combine_unique_MetaboLights_Workbench_Water_EDTA_Suppressed_rowMinMax_v4_20260728_053503_bs32_mr0.20-0.60_ps128_best.pth
Epoch 23: Train Loss = 0.0006, Val Loss = 0.0005, LR = 0.000100, No improvement: 0/200 ✓ IMPROVED
✓ New best model saved: ./models/masked_ssl/combine_unique_MetaboLights_Workbench_Water_EDTA_Suppressed_rowMinMax_v4_20260728_053503_bs32_mr0.20-0.60_ps128_best.pth
Epoch 24: Train Loss = 0.0006, Val Loss = 0.0005, LR = 0.000100, No improvement: 0/200 ✓ IMPROVED
✓ New best model saved: ./models/masked_ssl/combine_unique_MetaboLights_Workbench_Water_EDTA_Suppressed_rowMinMax_v4_20260728_053503_bs32_mr0.20-0.60_ps128_best.pth
Epoch 25: Train Loss = 0.0006, Val Loss = 0.0004, LR = 0.000100, No improvement: 0/200 ✓ IMPROVED
Epoch 26: Train Loss = 0.0005, Val Loss = 0.0005, LR = 0.000100, No improvement: 1/200
Epoch 27: Train Loss = 0.0005, Val Loss = 0.0004, LR = 0.000100, No improvement: 2/200
Epoch 28: Train Loss = 0.0005, Val Loss = 0.0004, LR = 0.000100, No improvement: 3/200
Epoch 29: Train Loss = 0.0005, Val Loss = 0.0007, LR = 0.000100, No improvement: 4/200
Epoch 30: Train Loss = 0.0005, Val Loss = 0.0004, LR = 0.000100, No improvement: 5/200
Epoch 31: Train Loss = 0.0005, Val Loss = 0.0005, LR = 0.000100, No improvement: 6/200
✓ New best model saved: ./models/masked_ssl/combine_unique_MetaboLights_Workbench_Water_EDTA_Suppressed_rowMinMax_v4_20260728_053503_bs32_mr0.20-0.60_ps128_best.pth
Epoch 32: Train Loss = 0.0005, Val Loss = 0.0004, LR = 0.000100, No improvement: 0/200 ✓ IMPROVED
Epoch 33: Train Loss = 0.0005, Val Loss = 0.0007, LR = 0.000100, No improvement: 1/200
Epoch 34: Train Loss = 0.0006, Val Loss = 0.0005, LR = 0.000100, No improvement: 2/200
✓ New best model saved: ./models/masked_ssl/combine_unique_MetaboLights_Workbench_Water_EDTA_Suppressed_rowMinMax_v4_20260728_053503_bs32_mr0.20-0.60_ps128_best.pth
Epoch 35: Train Loss = 0.0005, Val Loss = 0.0004, LR = 0.000100, No improvement: 0/200 ✓ IMPROVED
Epoch 36: Train Loss = 0.0004, Val Loss = 0.0004, LR = 0.000100, No improvement: 1/200
✓ New best model saved: ./models/masked_ssl/combine_unique_MetaboLights_Workbench_Water_EDTA_Suppressed_rowMinMax_v4_20260728_053503_bs32_mr0.20-0.60_ps128_best.pth
Epoch 37: Train Loss = 0.0004, Val Loss = 0.0004, LR = 0.000100, No improvement: 0/200 ✓ IMPROVED
Epoch 38: Train Loss = 0.0005, Val Loss = 0.0004, LR = 0.000100, No improvement: 1/200
✓ New best model saved: ./models/masked_ssl/combine_unique_MetaboLights_Workbench_Water_EDTA_Suppressed_rowMinMax_v4_20260728_053503_bs32_mr0.20-0.60_ps128_best.pth
Epoch 39: Train Loss = 0.0005, Val Loss = 0.0003, LR = 0.000100, No improvement: 0/200 ✓ IMPROVED
Epoch 40: Train Loss = 0.0004, Val Loss = 0.0004, LR = 0.000100, No improvement: 1/200
Epoch 41: Train Loss = 0.0004, Val Loss = 0.0004, LR = 0.000100, No improvement: 2/200
Epoch 42: Train Loss = 0.0004, Val Loss = 0.0004, LR = 0.000100, No improvement: 3/200
Epoch 43: Train Loss = 0.0004, Val Loss = 0.0004, LR = 0.000100, No improvement: 4/200
Epoch 44: Train Loss = 0.0004, Val Loss = 0.0003, LR = 0.000100, No improvement: 5/200
Epoch 45: Train Loss = 0.0004, Val Loss = 0.0003, LR = 0.000100, No improvement: 6/200
Epoch 46: Train Loss = 0.0004, Val Loss = 0.0004, LR = 0.000100, No improvement: 7/200
✓ New best model saved: ./models/masked_ssl/combine_unique_MetaboLights_Workbench_Water_EDTA_Suppressed_rowMinMax_v4_20260728_053503_bs32_mr0.20-0.60_ps128_best.pth
Epoch 47: Train Loss = 0.0004, Val Loss = 0.0003, LR = 0.000100, No improvement: 0/200 ✓ IMPROVED
✓ New best model saved: ./models/masked_ssl/combine_unique_MetaboLights_Workbench_Water_EDTA_Suppressed_rowMinMax_v4_20260728_053503_bs32_mr0.20-0.60_ps128_best.pth
Epoch 48: Train Loss = 0.0003, Val Loss = 0.0003, LR = 0.000100, No improvement: 0/200 ✓ IMPROVED
Epoch 49: Train Loss = 0.0003, Val Loss = 0.0003, LR = 0.000100, No improvement: 1/200
✓ New best model saved: ./models/masked_ssl/combine_unique_MetaboLights_Workbench_Water_EDTA_Suppressed_rowMinMax_v4_20260728_053503_bs32_mr0.20-0.60_ps128_best.pth
Epoch 50: Train Loss = 0.0004, Val Loss = 0.0003, LR = 0.000100, No improvement: 0/200 ✓ IMPROVED
Epoch 51: Train Loss = 0.0004, Val Loss = 0.0003, LR = 0.000100, No improvement: 1/200
Epoch 52: Train Loss = 0.0003, Val Loss = 0.0004, LR = 0.000100, No improvement: 2/200
Epoch 53: Train Loss = 0.0003, Val Loss = 0.0003, LR = 0.000100, No improvement: 3/200
✓ New best model saved: ./models/masked_ssl/combine_unique_MetaboLights_Workbench_Water_EDTA_Suppressed_rowMinMax_v4_20260728_053503_bs32_mr0.20-0.60_ps128_best.pth
Epoch 54: Train Loss = 0.0003, Val Loss = 0.0003, LR = 0.000100, No improvement: 0/200 ✓ IMPROVED
Epoch 55: Train Loss = 0.0003, Val Loss = 0.0003, LR = 0.000100, No improvement: 1/200
Epoch 56: Train Loss = 0.0003, Val Loss = 0.0003, LR = 0.000100, No improvement: 2/200
✓ New best model saved: ./models/masked_ssl/combine_unique_MetaboLights_Workbench_Water_EDTA_Suppressed_rowMinMax_v4_20260728_053503_bs32_mr0.20-0.60_ps128_best.pth
Epoch 57: Train Loss = 0.0003, Val Loss = 0.0002, LR = 0.000100, No improvement: 0/200 ✓ IMPROVED
Epoch 58: Train Loss = 0.0003, Val Loss = 0.0003, LR = 0.000100, No improvement: 1/200
Epoch 59: Train Loss = 0.0003, Val Loss = 0.0003, LR = 0.000100, No improvement: 2/200
Epoch 60: Train Loss = 0.0004, Val Loss = 0.0003, LR = 0.000100, No improvement: 3/200
✓ New best model saved: ./models/masked_ssl/combine_unique_MetaboLights_Workbench_Water_EDTA_Suppressed_rowMinMax_v4_20260728_053503_bs32_mr0.20-0.60_ps128_best.pth
Epoch 61: Train Loss = 0.0003, Val Loss = 0.0002, LR = 0.000100, No improvement: 0/200 ✓ IMPROVED
Epoch 62: Train Loss = 0.0003, Val Loss = 0.0003, LR = 0.000100, No improvement: 1/200
Epoch 63: Train Loss = 0.0003, Val Loss = 0.0002, LR = 0.000100, No improvement: 2/200
✓ New best model saved: ./models/masked_ssl/combine_unique_MetaboLights_Workbench_Water_EDTA_Suppressed_rowMinMax_v4_20260728_053503_bs32_mr0.20-0.60_ps128_best.pth
Epoch 64: Train Loss = 0.0003, Val Loss = 0.0002, LR = 0.000100, No improvement: 0/200 ✓ IMPROVED
Epoch 65: Train Loss = 0.0003, Val Loss = 0.0002, LR = 0.000100, No improvement: 1/200
Epoch 66: Train Loss = 0.0003, Val Loss = 0.0002, LR = 0.000100, No improvement: 2/200
Epoch 67: Train Loss = 0.0003, Val Loss = 0.0003, LR = 0.000100, No improvement: 3/200
✓ New best model saved: ./models/masked_ssl/combine_unique_MetaboLights_Workbench_Water_EDTA_Suppressed_rowMinMax_v4_20260728_053503_bs32_mr0.20-0.60_ps128_best.pth
Epoch 68: Train Loss = 0.0003, Val Loss = 0.0002, LR = 0.000100, No improvement: 0/200 ✓ IMPROVED
Epoch 69: Train Loss = 0.0003, Val Loss = 0.0002, LR = 0.000100, No improvement: 1/200
Epoch 70: Train Loss = 0.0003, Val Loss = 0.0002, LR = 0.000100, No improvement: 2/200
✓ New best model saved: ./models/masked_ssl/combine_unique_MetaboLights_Workbench_Water_EDTA_Suppressed_rowMinMax_v4_20260728_053503_bs32_mr0.20-0.60_ps128_best.pth
Epoch 71: Train Loss = 0.0003, Val Loss = 0.0002, LR = 0.000100, No improvement: 0/200 ✓ IMPROVED
Epoch 72: Train Loss = 0.0003, Val Loss = 0.0002, LR = 0.000100, No improvement: 1/200
Epoch 73: Train Loss = 0.0003, Val Loss = 0.0002, LR = 0.000100, No improvement: 2/200
Epoch 74: Train Loss = 0.0003, Val Loss = 0.0002, LR = 0.000100, No improvement: 3/200
Epoch 75: Train Loss = 0.0003, Val Loss = 0.0004, LR = 0.000100, No improvement: 4/200
Epoch 76: Train Loss = 0.0003, Val Loss = 0.0002, LR = 0.000100, No improvement: 5/200
Epoch 77: Train Loss = 0.0003, Val Loss = 0.0002, LR = 0.000100, No improvement: 6/200
Epoch 78: Train Loss = 0.0003, Val Loss = 0.0002, LR = 0.000100, No improvement: 7/200
✓ New best model saved: ./models/masked_ssl/combine_unique_MetaboLights_Workbench_Water_EDTA_Suppressed_rowMinMax_v4_20260728_053503_bs32_mr0.20-0.60_ps128_best.pth
Epoch 79: Train Loss = 0.0002, Val Loss = 0.0002, LR = 0.000100, No improvement: 0/200 ✓ IMPROVED
Epoch 80: Train Loss = 0.0003, Val Loss = 0.0003, LR = 0.000100, No improvement: 1/200
Epoch 81: Train Loss = 0.0003, Val Loss = 0.0002, LR = 0.000100, No improvement: 2/200
Epoch 82: Train Loss = 0.0003, Val Loss = 0.0004, LR = 0.000100, No improvement: 3/200
Epoch 83: Train Loss = 0.0003, Val Loss = 0.0002, LR = 0.000100, No improvement: 4/200
Epoch 84: Train Loss = 0.0003, Val Loss = 0.0003, LR = 0.000100, No improvement: 5/200
✓ New best model saved: ./models/masked_ssl/combine_unique_MetaboLights_Workbench_Water_EDTA_Suppressed_rowMinMax_v4_20260728_053503_bs32_mr0.20-0.60_ps128_best.pth
Epoch 85: Train Loss = 0.0003, Val Loss = 0.0002, LR = 0.000100, No improvement: 0/200 ✓ IMPROVED
Epoch 86: Train Loss = 0.0002, Val Loss = 0.0002, LR = 0.000100, No improvement: 1/200
Epoch 87: Train Loss = 0.0003, Val Loss = 0.0002, LR = 0.000100, No improvement: 2/200
Epoch 88: Train Loss = 0.0002, Val Loss = 0.0002, LR = 0.000100, No improvement: 3/200
✓ New best model saved: ./models/masked_ssl/combine_unique_MetaboLights_Workbench_Water_EDTA_Suppressed_rowMinMax_v4_20260728_053503_bs32_mr0.20-0.60_ps128_best.pth
Epoch 89: Train Loss = 0.0002, Val Loss = 0.0002, LR = 0.000100, No improvement: 0/200 ✓ IMPROVED
Epoch 90: Train Loss = 0.0002, Val Loss = 0.0002, LR = 0.000100, No improvement: 1/200
Epoch 91: Train Loss = 0.0002, Val Loss = 0.0002, LR = 0.000100, No improvement: 2/200
Epoch 92: Train Loss = 0.0003, Val Loss = 0.0003, LR = 0.000100, No improvement: 3/200
Epoch 93: Train Loss = 0.0003, Val Loss = 0.0002, LR = 0.000100, No improvement: 4/200
Epoch 94: Train Loss = 0.0002, Val Loss = 0.0002, LR = 0.000100, No improvement: 5/200
Epoch 95: Train Loss = 0.0002, Val Loss = 0.0002, LR = 0.000100, No improvement: 6/200
Epoch 96: Train Loss = 0.0002, Val Loss = 0.0002, LR = 0.000100, No improvement: 7/200
✓ New best model saved: ./models/masked_ssl/combine_unique_MetaboLights_Workbench_Water_EDTA_Suppressed_rowMinMax_v4_20260728_053503_bs32_mr0.20-0.60_ps128_best.pth
Epoch 97: Train Loss = 0.0002, Val Loss = 0.0002, LR = 0.000100, No improvement: 0/200 ✓ IMPROVED
Epoch 98: Train Loss = 0.0002, Val Loss = 0.0003, LR = 0.000100, No improvement: 1/200
✓ New best model saved: ./models/masked_ssl/combine_unique_MetaboLights_Workbench_Water_EDTA_Suppressed_rowMinMax_v4_20260728_053503_bs32_mr0.20-0.60_ps128_best.pth
Epoch 99: Train Loss = 0.0003, Val Loss = 0.0002, LR = 0.000100, No improvement: 0/200 ✓ IMPROVED
Epoch 100: Train Loss = 0.0002, Val Loss = 0.0002, LR = 0.000100, No improvement: 1/200
Epoch 101: Train Loss = 0.0002, Val Loss = 0.0002, LR = 0.000100, No improvement: 2/200
Epoch 102: Train Loss = 0.0002, Val Loss = 0.0002, LR = 0.000100, No improvement: 3/200
Epoch 103: Train Loss = 0.0002, Val Loss = 0.0002, LR = 0.000100, No improvement: 4/200
Epoch 104: Train Loss = 0.0003, Val Loss = 0.0003, LR = 0.000100, No improvement: 5/200
Epoch 105: Train Loss = 0.0002, Val Loss = 0.0002, LR = 0.000100, No improvement: 6/200
Epoch 106: Train Loss = 0.0002, Val Loss = 0.0002, LR = 0.000100, No improvement: 7/200
Epoch 107: Train Loss = 0.0002, Val Loss = 0.0002, LR = 0.000100, No improvement: 8/200
Epoch 108: Train Loss = 0.0002, Val Loss = 0.0002, LR = 0.000100, No improvement: 9/200
Epoch 109: Train Loss = 0.0002, Val Loss = 0.0002, LR = 0.000100, No improvement: 10/200
Epoch 110: Train Loss = 0.0002, Val Loss = 0.0004, LR = 0.000099, No improvement: 11/200
Epoch 111: Train Loss = 0.0002, Val Loss = 0.0002, LR = 0.000099, No improvement: 12/200
✓ New best model saved: ./models/masked_ssl/combine_unique_MetaboLights_Workbench_Water_EDTA_Suppressed_rowMinMax_v4_20260728_053503_bs32_mr0.20-0.60_ps128_best.pth
Epoch 112: Train Loss = 0.0002, Val Loss = 0.0002, LR = 0.000099, No improvement: 0/200 ✓ IMPROVED
Epoch 113: Train Loss = 0.0002, Val Loss = 0.0002, LR = 0.000099, No improvement: 1/200
Epoch 114: Train Loss = 0.0002, Val Loss = 0.0002, LR = 0.000099, No improvement: 2/200
✓ New best model saved: ./models/masked_ssl/combine_unique_MetaboLights_Workbench_Water_EDTA_Suppressed_rowMinMax_v4_20260728_053503_bs32_mr0.20-0.60_ps128_best.pth
Epoch 115: Train Loss = 0.0002, Val Loss = 0.0002, LR = 0.000099, No improvement: 0/200 ✓ IMPROVED
Epoch 116: Train Loss = 0.0002, Val Loss = 0.0002, LR = 0.000099, No improvement: 1/200
Epoch 117: Train Loss = 0.0002, Val Loss = 0.0002, LR = 0.000099, No improvement: 2/200
✓ New best model saved: ./models/masked_ssl/combine_unique_MetaboLights_Workbench_Water_EDTA_Suppressed_rowMinMax_v4_20260728_053503_bs32_mr0.20-0.60_ps128_best.pth
Epoch 118: Train Loss = 0.0002, Val Loss = 0.0002, LR = 0.000099, No improvement: 0/200 ✓ IMPROVED
Epoch 119: Train Loss = 0.0002, Val Loss = 0.0002, LR = 0.000099, No improvement: 1/200
Epoch 120: Train Loss = 0.0002, Val Loss = 0.0002, LR = 0.000099, No improvement: 2/200
Epoch 121: Train Loss = 0.0002, Val Loss = 0.0002, LR = 0.000099, No improvement: 3/200
Epoch 122: Train Loss = 0.0002, Val Loss = 0.0002, LR = 0.000099, No improvement: 4/200
Epoch 123: Train Loss = 0.0002, Val Loss = 0.0002, LR = 0.000099, No improvement: 5/200
Epoch 124: Train Loss = 0.0002, Val Loss = 0.0002, LR = 0.000099, No improvement: 6/200
Epoch 125: Train Loss = 0.0002, Val Loss = 0.0002, LR = 0.000099, No improvement: 7/200
✓ New best model saved: ./models/masked_ssl/combine_unique_MetaboLights_Workbench_Water_EDTA_Suppressed_rowMinMax_v4_20260728_053503_bs32_mr0.20-0.60_ps128_best.pth
Epoch 126: Train Loss = 0.0002, Val Loss = 0.0002, LR = 0.000099, No improvement: 0/200 ✓ IMPROVED
Epoch 127: Train Loss = 0.0002, Val Loss = 0.0002, LR = 0.000099, No improvement: 1/200
Epoch 128: Train Loss = 0.0002, Val Loss = 0.0002, LR = 0.000099, No improvement: 2/200
✓ New best model saved: ./models/masked_ssl/combine_unique_MetaboLights_Workbench_Water_EDTA_Suppressed_rowMinMax_v4_20260728_053503_bs32_mr0.20-0.60_ps128_best.pth
Epoch 129: Train Loss = 0.0002, Val Loss = 0.0002, LR = 0.000099, No improvement: 0/200 ✓ IMPROVED
✓ New best model saved: ./models/masked_ssl/combine_unique_MetaboLights_Workbench_Water_EDTA_Suppressed_rowMinMax_v4_20260728_053503_bs32_mr0.20-0.60_ps128_best.pth
Epoch 130: Train Loss = 0.0002, Val Loss = 0.0001, LR = 0.000099, No improvement: 0/200 ✓ IMPROVED
Epoch 131: Train Loss = 0.0002, Val Loss = 0.0002, LR = 0.000099, No improvement: 1/200
✓ New best model saved: ./models/masked_ssl/combine_unique_MetaboLights_Workbench_Water_EDTA_Suppressed_rowMinMax_v4_20260728_053503_bs32_mr0.20-0.60_ps128_best.pth
Epoch 132: Train Loss = 0.0002, Val Loss = 0.0001, LR = 0.000099, No improvement: 0/200 ✓ IMPROVED
Epoch 133: Train Loss = 0.0002, Val Loss = 0.0002, LR = 0.000099, No improvement: 1/200
Epoch 134: Train Loss = 0.0002, Val Loss = 0.0002, LR = 0.000099, No improvement: 2/200
Epoch 135: Train Loss = 0.0003, Val Loss = 0.0003, LR = 0.000099, No improvement: 3/200
Epoch 136: Train Loss = 0.0003, Val Loss = 0.0002, LR = 0.000099, No improvement: 4/200
Epoch 137: Train Loss = 0.0002, Val Loss = 0.0002, LR = 0.000099, No improvement: 5/200
Epoch 138: Train Loss = 0.0002, Val Loss = 0.0002, LR = 0.000099, No improvement: 6/200
Epoch 139: Train Loss = 0.0002, Val Loss = 0.0002, LR = 0.000099, No improvement: 7/200
Epoch 140: Train Loss = 0.0002, Val Loss = 0.0001, LR = 0.000099, No improvement: 8/200
Epoch 141: Train Loss = 0.0002, Val Loss = 0.0001, LR = 0.000099, No improvement: 9/200
Epoch 142: Train Loss = 0.0002, Val Loss = 0.0002, LR = 0.000099, No improvement: 10/200
Epoch 143: Train Loss = 0.0002, Val Loss = 0.0001, LR = 0.000099, No improvement: 11/200
Epoch 144: Train Loss = 0.0002, Val Loss = 0.0002, LR = 0.000099, No improvement: 12/200
Epoch 145: Train Loss = 0.0002, Val Loss = 0.0001, LR = 0.000099, No improvement: 13/200
Epoch 146: Train Loss = 0.0002, Val Loss = 0.0001, LR = 0.000099, No improvement: 14/200
Epoch 147: Train Loss = 0.0002, Val Loss = 0.0002, LR = 0.000099, No improvement: 15/200
Epoch 148: Train Loss = 0.0002, Val Loss = 0.0002, LR = 0.000099, No improvement: 16/200
Epoch 149: Train Loss = 0.0002, Val Loss = 0.0002, LR = 0.000099, No improvement: 17/200
Epoch 150: Train Loss = 0.0002, Val Loss = 0.0002, LR = 0.000099, No improvement: 18/200
✓ New best model saved: ./models/masked_ssl/combine_unique_MetaboLights_Workbench_Water_EDTA_Suppressed_rowMinMax_v4_20260728_053503_bs32_mr0.20-0.60_ps128_best.pth
Epoch 151: Train Loss = 0.0002, Val Loss = 0.0001, LR = 0.000099, No improvement: 0/200 ✓ IMPROVED
Epoch 152: Train Loss = 0.0002, Val Loss = 0.0002, LR = 0.000099, No improvement: 1/200
Epoch 153: Train Loss = 0.0002, Val Loss = 0.0001, LR = 0.000099, No improvement: 2/200
Epoch 154: Train Loss = 0.0002, Val Loss = 0.0002, LR = 0.000099, No improvement: 3/200
Epoch 155: Train Loss = 0.0002, Val Loss = 0.0002, LR = 0.000099, No improvement: 4/200
Epoch 156: Train Loss = 0.0002, Val Loss = 0.0002, LR = 0.000099, No improvement: 5/200
Epoch 157: Train Loss = 0.0002, Val Loss = 0.0001, LR = 0.000099, No improvement: 6/200
Epoch 158: Train Loss = 0.0002, Val Loss = 0.0001, LR = 0.000099, No improvement: 7/200
Epoch 159: Train Loss = 0.0002, Val Loss = 0.0002, LR = 0.000099, No improvement: 8/200
Epoch 160: Train Loss = 0.0002, Val Loss = 0.0002, LR = 0.000099, No improvement: 9/200
Epoch 161: Train Loss = 0.0002, Val Loss = 0.0001, LR = 0.000099, No improvement: 10/200
Epoch 162: Train Loss = 0.0002, Val Loss = 0.0002, LR = 0.000099, No improvement: 11/200
Epoch 163: Train Loss = 0.0002, Val Loss = 0.0001, LR = 0.000099, No improvement: 12/200
✓ New best model saved: ./models/masked_ssl/combine_unique_MetaboLights_Workbench_Water_EDTA_Suppressed_rowMinMax_v4_20260728_053503_bs32_mr0.20-0.60_ps128_best.pth
Epoch 164: Train Loss = 0.0002, Val Loss = 0.0001, LR = 0.000099, No improvement: 0/200 ✓ IMPROVED
Epoch 165: Train Loss = 0.0002, Val Loss = 0.0001, LR = 0.000099, No improvement: 1/200
Epoch 166: Train Loss = 0.0002, Val Loss = 0.0001, LR = 0.000099, No improvement: 2/200
Epoch 167: Train Loss = 0.0002, Val Loss = 0.0002, LR = 0.000099, No improvement: 3/200
Epoch 168: Train Loss = 0.0002, Val Loss = 0.0002, LR = 0.000099, No improvement: 4/200
Epoch 169: Train Loss = 0.0002, Val Loss = 0.0001, LR = 0.000099, No improvement: 5/200
Epoch 170: Train Loss = 0.0002, Val Loss = 0.0002, LR = 0.000099, No improvement: 6/200
Epoch 171: Train Loss = 0.0002, Val Loss = 0.0001, LR = 0.000099, No improvement: 7/200
Epoch 172: Train Loss = 0.0002, Val Loss = 0.0002, LR = 0.000099, No improvement: 8/200
Epoch 173: Train Loss = 0.0002, Val Loss = 0.0002, LR = 0.000099, No improvement: 9/200
Epoch 174: Train Loss = 0.0002, Val Loss = 0.0002, LR = 0.000099, No improvement: 10/200
Epoch 175: Train Loss = 0.0002, Val Loss = 0.0001, LR = 0.000099, No improvement: 11/200
Epoch 176: Train Loss = 0.0002, Val Loss = 0.0001, LR = 0.000098, No improvement: 12/200
✓ New best model saved: ./models/masked_ssl/combine_unique_MetaboLights_Workbench_Water_EDTA_Suppressed_rowMinMax_v4_20260728_053503_bs32_mr0.20-0.60_ps128_best.pth
Epoch 177: Train Loss = 0.0002, Val Loss = 0.0001, LR = 0.000098, No improvement: 0/200 ✓ IMPROVED
Epoch 178: Train Loss = 0.0002, Val Loss = 0.0002, LR = 0.000098, No improvement: 1/200
Epoch 179: Train Loss = 0.0002, Val Loss = 0.0001, LR = 0.000098, No improvement: 2/200
Epoch 180: Train Loss = 0.0002, Val Loss = 0.0002, LR = 0.000098, No improvement: 3/200
Epoch 181: Train Loss = 0.0002, Val Loss = 0.0001, LR = 0.000098, No improvement: 4/200
Epoch 182: Train Loss = 0.0002, Val Loss = 0.0001, LR = 0.000098, No improvement: 5/200
Epoch 183: Train Loss = 0.0002, Val Loss = 0.0001, LR = 0.000098, No improvement: 6/200
Epoch 184: Train Loss = 0.0002, Val Loss = 0.0003, LR = 0.000098, No improvement: 7/200
Epoch 185: Train Loss = 0.0002, Val Loss = 0.0001, LR = 0.000098, No improvement: 8/200
Epoch 186: Train Loss = 0.0002, Val Loss = 0.0001, LR = 0.000098, No improvement: 9/200
Epoch 187: Train Loss = 0.0002, Val Loss = 0.0001, LR = 0.000098, No improvement: 10/200
Epoch 188: Train Loss = 0.0002, Val Loss = 0.0001, LR = 0.000098, No improvement: 11/200
Epoch 189: Train Loss = 0.0002, Val Loss = 0.0002, LR = 0.000098, No improvement: 12/200
Epoch 190: Train Loss = 0.0002, Val Loss = 0.0002, LR = 0.000098, No improvement: 13/200
Epoch 191: Train Loss = 0.0002, Val Loss = 0.0001, LR = 0.000098, No improvement: 14/200
Epoch 192: Train Loss = 0.0002, Val Loss = 0.0003, LR = 0.000098, No improvement: 15/200
Epoch 193: Train Loss = 0.0002, Val Loss = 0.0001, LR = 0.000098, No improvement: 16/200
✓ New best model saved: ./models/masked_ssl/combine_unique_MetaboLights_Workbench_Water_EDTA_Suppressed_rowMinMax_v4_20260728_053503_bs32_mr0.20-0.60_ps128_best.pth
Epoch 194: Train Loss = 0.0002, Val Loss = 0.0001, LR = 0.000098, No improvement: 0/200 ✓ IMPROVED
Epoch 195: Train Loss = 0.0002, Val Loss = 0.0001, LR = 0.000098, No improvement: 1/200
Epoch 196: Train Loss = 0.0002, Val Loss = 0.0001, LR = 0.000098, No improvement: 2/200
Epoch 197: Train Loss = 0.0002, Val Loss = 0.0001, LR = 0.000098, No improvement: 3/200
Epoch 198: Train Loss = 0.0002, Val Loss = 0.0001, LR = 0.000098, No improvement: 4/200
Epoch 199: Train Loss = 0.0002, Val Loss = 0.0001, LR = 0.000098, No improvement: 5/200
Epoch 200: Train Loss = 0.0002, Val Loss = 0.0001, LR = 0.000098, No improvement: 6/200
Epoch 201: Train Loss = 0.0002, Val Loss = 0.0002, LR = 0.000098, No improvement: 7/200
Epoch 202: Train Loss = 0.0002, Val Loss = 0.0001, LR = 0.000098, No improvement: 8/200
Epoch 203: Train Loss = 0.0002, Val Loss = 0.0001, LR = 0.000098, No improvement: 9/200
✓ New best model saved: ./models/masked_ssl/combine_unique_MetaboLights_Workbench_Water_EDTA_Suppressed_rowMinMax_v4_20260728_053503_bs32_mr0.20-0.60_ps128_best.pth
Epoch 204: Train Loss = 0.0002, Val Loss = 0.0001, LR = 0.000098, No improvement: 0/200 ✓ IMPROVED
Epoch 205: Train Loss = 0.0002, Val Loss = 0.0001, LR = 0.000098, No improvement: 1/200
Epoch 206: Train Loss = 0.0002, Val Loss = 0.0002, LR = 0.000098, No improvement: 2/200
Epoch 207: Train Loss = 0.0002, Val Loss = 0.0001, LR = 0.000098, No improvement: 3/200
Epoch 208: Train Loss = 0.0002, Val Loss = 0.0001, LR = 0.000098, No improvement: 4/200
Epoch 209: Train Loss = 0.0002, Val Loss = 0.0001, LR = 0.000098, No improvement: 5/200
Epoch 210: Train Loss = 0.0002, Val Loss = 0.0001, LR = 0.000098, No improvement: 6/200
Epoch 211: Train Loss = 0.0002, Val Loss = 0.0001, LR = 0.000098, No improvement: 7/200
Epoch 212: Train Loss = 0.0001, Val Loss = 0.0001, LR = 0.000098, No improvement: 8/200
Epoch 213: Train Loss = 0.0002, Val Loss = 0.0002, LR = 0.000098, No improvement: 9/200
Epoch 214: Train Loss = 0.0001, Val Loss = 0.0001, LR = 0.000098, No improvement: 10/200
Epoch 215: Train Loss = 0.0002, Val Loss = 0.0002, LR = 0.000098, No improvement: 11/200
Epoch 216: Train Loss = 0.0002, Val Loss = 0.0002, LR = 0.000098, No improvement: 12/200
Epoch 217: Train Loss = 0.0002, Val Loss = 0.0001, LR = 0.000098, No improvement: 13/200
Epoch 218: Train Loss = 0.0002, Val Loss = 0.0001, LR = 0.000098, No improvement: 14/200
✓ New best model saved: ./models/masked_ssl/combine_unique_MetaboLights_Workbench_Water_EDTA_Suppressed_rowMinMax_v4_20260728_053503_bs32_mr0.20-0.60_ps128_best.pth
Epoch 219: Train Loss = 0.0001, Val Loss = 0.0001, LR = 0.000098, No improvement: 0/200 ✓ IMPROVED
Epoch 220: Train Loss = 0.0002, Val Loss = 0.0001, LR = 0.000098, No improvement: 1/200
Epoch 221: Train Loss = 0.0002, Val Loss = 0.0001, LR = 0.000098, No improvement: 2/200
Epoch 222: Train Loss = 0.0002, Val Loss = 0.0001, LR = 0.000097, No improvement: 3/200
Epoch 223: Train Loss = 0.0002, Val Loss = 0.0001, LR = 0.000097, No improvement: 4/200
Epoch 224: Train Loss = 0.0001, Val Loss = 0.0001, LR = 0.000097, No improvement: 5/200
Epoch 225: Train Loss = 0.0002, Val Loss = 0.0001, LR = 0.000097, No improvement: 6/200
Epoch 226: Train Loss = 0.0002, Val Loss = 0.0001, LR = 0.000097, No improvement: 7/200
Epoch 227: Train Loss = 0.0002, Val Loss = 0.0001, LR = 0.000097, No improvement: 8/200
Epoch 228: Train Loss = 0.0001, Val Loss = 0.0001, LR = 0.000097, No improvement: 9/200
Epoch 229: Train Loss = 0.0001, Val Loss = 0.0001, LR = 0.000097, No improvement: 10/200
Epoch 230: Train Loss = 0.0002, Val Loss = 0.0001, LR = 0.000097, No improvement: 11/200
Epoch 231: Train Loss = 0.0002, Val Loss = 0.0001, LR = 0.000097, No improvement: 12/200
Epoch 232: Train Loss = 0.0002, Val Loss = 0.0001, LR = 0.000097, No improvement: 13/200
Epoch 233: Train Loss = 0.0002, Val Loss = 0.0001, LR = 0.000097, No improvement: 14/200
Epoch 234: Train Loss = 0.0002, Val Loss = 0.0001, LR = 0.000097, No improvement: 15/200
Epoch 235: Train Loss = 0.0001, Val Loss = 0.0001, LR = 0.000097, No improvement: 16/200
Epoch 236: Train Loss = 0.0001, Val Loss = 0.0001, LR = 0.000097, No improvement: 17/200
Epoch 237: Train Loss = 0.0001, Val Loss = 0.0001, LR = 0.000097, No improvement: 18/200
Epoch 238: Train Loss = 0.0001, Val Loss = 0.0001, LR = 0.000097, No improvement: 19/200
Epoch 239: Train Loss = 0.0002, Val Loss = 0.0002, LR = 0.000097, No improvement: 20/200
✓ New best model saved: ./models/masked_ssl/combine_unique_MetaboLights_Workbench_Water_EDTA_Suppressed_rowMinMax_v4_20260728_053503_bs32_mr0.20-0.60_ps128_best.pth
Epoch 240: Train Loss = 0.0001, Val Loss = 0.0001, LR = 0.000097, No improvement: 0/200 ✓ IMPROVED
Epoch 241: Train Loss = 0.0001, Val Loss = 0.0001, LR = 0.000097, No improvement: 1/200
Epoch 242: Train Loss = 0.0002, Val Loss = 0.0002, LR = 0.000097, No improvement: 2/200
Epoch 243: Train Loss = 0.0002, Val Loss = 0.0001, LR = 0.000097, No improvement: 3/200
Epoch 244: Train Loss = 0.0001, Val Loss = 0.0001, LR = 0.000097, No improvement: 4/200
Epoch 245: Train Loss = 0.0001, Val Loss = 0.0002, LR = 0.000097, No improvement: 5/200
Epoch 246: Train Loss = 0.0001, Val Loss = 0.0001, LR = 0.000097, No improvement: 6/200
Epoch 247: Train Loss = 0.0001, Val Loss = 0.0001, LR = 0.000097, No improvement: 7/200
Epoch 248: Train Loss = 0.0001, Val Loss = 0.0001, LR = 0.000097, No improvement: 8/200
✓ New best model saved: ./models/masked_ssl/combine_unique_MetaboLights_Workbench_Water_EDTA_Suppressed_rowMinMax_v4_20260728_053503_bs32_mr0.20-0.60_ps128_best.pth
Epoch 249: Train Loss = 0.0001, Val Loss = 0.0001, LR = 0.000097, No improvement: 0/200 ✓ IMPROVED
Epoch 250: Train Loss = 0.0002, Val Loss = 0.0002, LR = 0.000097, No improvement: 1/200
✓ New best model saved: ./models/masked_ssl/combine_unique_MetaboLights_Workbench_Water_EDTA_Suppressed_rowMinMax_v4_20260728_053503_bs32_mr0.20-0.60_ps128_best.pth
Epoch 251: Train Loss = 0.0001, Val Loss = 0.0001, LR = 0.000097, No improvement: 0/200 ✓ IMPROVED
Epoch 252: Train Loss = 0.0001, Val Loss = 0.0001, LR = 0.000097, No improvement: 1/200
Epoch 253: Train Loss = 0.0001, Val Loss = 0.0001, LR = 0.000097, No improvement: 2/200
Epoch 254: Train Loss = 0.0001, Val Loss = 0.0001, LR = 0.000097, No improvement: 3/200
Epoch 255: Train Loss = 0.0001, Val Loss = 0.0001, LR = 0.000097, No improvement: 4/200
Epoch 256: Train Loss = 0.0001, Val Loss = 0.0001, LR = 0.000097, No improvement: 5/200
Epoch 257: Train Loss = 0.0001, Val Loss = 0.0002, LR = 0.000097, No improvement: 6/200
Epoch 258: Train Loss = 0.0001, Val Loss = 0.0001, LR = 0.000097, No improvement: 7/200
Epoch 259: Train Loss = 0.0001, Val Loss = 0.0001, LR = 0.000096, No improvement: 8/200
✓ New best model saved: ./models/masked_ssl/combine_unique_MetaboLights_Workbench_Water_EDTA_Suppressed_rowMinMax_v4_20260728_053503_bs32_mr0.20-0.60_ps128_best.pth
Epoch 260: Train Loss = 0.0001, Val Loss = 0.0001, LR = 0.000096, No improvement: 0/200 ✓ IMPROVED
Epoch 261: Train Loss = 0.0001, Val Loss = 0.0001, LR = 0.000096, No improvement: 1/200
Epoch 262: Train Loss = 0.0002, Val Loss = 0.0001, LR = 0.000096, No improvement: 2/200
Epoch 263: Train Loss = 0.0001, Val Loss = 0.0001, LR = 0.000096, No improvement: 3/200
Epoch 264: Train Loss = 0.0001, Val Loss = 0.0001, LR = 0.000096, No improvement: 4/200
Epoch 265: Train Loss = 0.0001, Val Loss = 0.0001, LR = 0.000096, No improvement: 5/200
Epoch 266: Train Loss = 0.0001, Val Loss = 0.0001, LR = 0.000096, No improvement: 6/200
Epoch 267: Train Loss = 0.0001, Val Loss = 0.0001, LR = 0.000096, No improvement: 7/200
Epoch 268: Train Loss = 0.0001, Val Loss = 0.0001, LR = 0.000096, No improvement: 8/200
Epoch 269: Train Loss = 0.0002, Val Loss = 0.0001, LR = 0.000096, No improvement: 9/200
Epoch 270: Train Loss = 0.0001, Val Loss = 0.0001, LR = 0.000096, No improvement: 10/200
Epoch 271: Train Loss = 0.0001, Val Loss = 0.0001, LR = 0.000096, No improvement: 11/200
Epoch 272: Train Loss = 0.0001, Val Loss = 0.0001, LR = 0.000096, No improvement: 12/200
Epoch 273: Train Loss = 0.0001, Val Loss = 0.0001, LR = 0.000096, No improvement: 13/200
Epoch 274: Train Loss = 0.0001, Val Loss = 0.0001, LR = 0.000096, No improvement: 14/200
Epoch 275: Train Loss = 0.0001, Val Loss = 0.0001, LR = 0.000096, No improvement: 15/200
Epoch 276: Train Loss = 0.0001, Val Loss = 0.0001, LR = 0.000096, No improvement: 16/200
Epoch 277: Train Loss = 0.0001, Val Loss = 0.0002, LR = 0.000096, No improvement: 17/200
✓ New best model saved: ./models/masked_ssl/combine_unique_MetaboLights_Workbench_Water_EDTA_Suppressed_rowMinMax_v4_20260728_053503_bs32_mr0.20-0.60_ps128_best.pth
Epoch 278: Train Loss = 0.0001, Val Loss = 0.0001, LR = 0.000096, No improvement: 0/200 ✓ IMPROVED
Epoch 279: Train Loss = 0.0001, Val Loss = 0.0001, LR = 0.000096, No improvement: 1/200
Epoch 280: Train Loss = 0.0001, Val Loss = 0.0001, LR = 0.000096, No improvement: 2/200
Epoch 281: Train Loss = 0.0001, Val Loss = 0.0001, LR = 0.000096, No improvement: 3/200
Epoch 282: Train Loss = 0.0001, Val Loss = 0.0001, LR = 0.000096, No improvement: 4/200
Epoch 283: Train Loss = 0.0001, Val Loss = 0.0002, LR = 0.000096, No improvement: 5/200
Epoch 284: Train Loss = 0.0002, Val Loss = 0.0001, LR = 0.000096, No improvement: 6/200
Epoch 285: Train Loss = 0.0001, Val Loss = 0.0001, LR = 0.000096, No improvement: 7/200
Epoch 286: Train Loss = 0.0001, Val Loss = 0.0001, LR = 0.000096, No improvement: 8/200
Epoch 287: Train Loss = 0.0001, Val Loss = 0.0001, LR = 0.000096, No improvement: 9/200
Epoch 288: Train Loss = 0.0001, Val Loss = 0.0001, LR = 0.000096, No improvement: 10/200
Epoch 289: Train Loss = 0.0001, Val Loss = 0.0001, LR = 0.000096, No improvement: 11/200
Epoch 290: Train Loss = 0.0001, Val Loss = 0.0001, LR = 0.000096, No improvement: 12/200
Epoch 291: Train Loss = 0.0001, Val Loss = 0.0001, LR = 0.000095, No improvement: 13/200
Epoch 292: Train Loss = 0.0001, Val Loss = 0.0001, LR = 0.000095, No improvement: 14/200
Epoch 293: Train Loss = 0.0001, Val Loss = 0.0001, LR = 0.000095, No improvement: 15/200
Epoch 294: Train Loss = 0.0001, Val Loss = 0.0001, LR = 0.000095, No improvement: 16/200
Epoch 295: Train Loss = 0.0001, Val Loss = 0.0002, LR = 0.000095, No improvement: 17/200
Epoch 296: Train Loss = 0.0001, Val Loss = 0.0001, LR = 0.000095, No improvement: 18/200
Epoch 297: Train Loss = 0.0001, Val Loss = 0.0001, LR = 0.000095, No improvement: 19/200
Epoch 298: Train Loss = 0.0001, Val Loss = 0.0001, LR = 0.000095, No improvement: 20/200
Epoch 299: Train Loss = 0.0001, Val Loss = 0.0001, LR = 0.000095, No improvement: 21/200
Epoch 300: Train Loss = 0.0001, Val Loss = 0.0001, LR = 0.000095, No improvement: 22/200
Epoch 301: Train Loss = 0.0001, Val Loss = 0.0001, LR = 0.000095, No improvement: 23/200
Epoch 302: Train Loss = 0.0001, Val Loss = 0.0001, LR = 0.000095, No improvement: 24/200
Epoch 303: Train Loss = 0.0001, Val Loss = 0.0001, LR = 0.000095, No improvement: 25/200
Epoch 304: Train Loss = 0.0001, Val Loss = 0.0001, LR = 0.000095, No improvement: 26/200
Epoch 305: Train Loss = 0.0001, Val Loss = 0.0001, LR = 0.000095, No improvement: 27/200
Epoch 306: Train Loss = 0.0001, Val Loss = 0.0001, LR = 0.000095, No improvement: 28/200
Epoch 307: Train Loss = 0.0002, Val Loss = 0.0001, LR = 0.000095, No improvement: 29/200
Epoch 308: Train Loss = 0.0001, Val Loss = 0.0001, LR = 0.000095, No improvement: 30/200
Epoch 309: Train Loss = 0.0001, Val Loss = 0.0001, LR = 0.000095, No improvement: 31/200
Epoch 310: Train Loss = 0.0001, Val Loss = 0.0001, LR = 0.000095, No improvement: 32/200
Epoch 311: Train Loss = 0.0001, Val Loss = 0.0001, LR = 0.000095, No improvement: 33/200
✓ New best model saved: ./models/masked_ssl/combine_unique_MetaboLights_Workbench_Water_EDTA_Suppressed_rowMinMax_v4_20260728_053503_bs32_mr0.20-0.60_ps128_best.pth
Epoch 312: Train Loss = 0.0001, Val Loss = 0.0001, LR = 0.000095, No improvement: 0/200 ✓ IMPROVED
Epoch 313: Train Loss = 0.0001, Val Loss = 0.0001, LR = 0.000095, No improvement: 1/200
Epoch 314: Train Loss = 0.0001, Val Loss = 0.0001, LR = 0.000095, No improvement: 2/200
Epoch 315: Train Loss = 0.0001, Val Loss = 0.0001, LR = 0.000095, No improvement: 3/200
Epoch 316: Train Loss = 0.0001, Val Loss = 0.0002, LR = 0.000095, No improvement: 4/200
Epoch 317: Train Loss = 0.0001, Val Loss = 0.0001, LR = 0.000095, No improvement: 5/200
Epoch 318: Train Loss = 0.0001, Val Loss = 0.0001, LR = 0.000095, No improvement: 6/200
Epoch 319: Train Loss = 0.0001, Val Loss = 0.0001, LR = 0.000095, No improvement: 7/200
Epoch 320: Train Loss = 0.0001, Val Loss = 0.0001, LR = 0.000094, No improvement: 8/200
Epoch 321: Train Loss = 0.0001, Val Loss = 0.0001, LR = 0.000094, No improvement: 9/200
Epoch 322: Train Loss = 0.0001, Val Loss = 0.0001, LR = 0.000094, No improvement: 10/200
✓ New best model saved: ./models/masked_ssl/combine_unique_MetaboLights_Workbench_Water_EDTA_Suppressed_rowMinMax_v4_20260728_053503_bs32_mr0.20-0.60_ps128_best.pth
Epoch 323: Train Loss = 0.0001, Val Loss = 0.0001, LR = 0.000094, No improvement: 0/200 ✓ IMPROVED
Epoch 324: Train Loss = 0.0001, Val Loss = 0.0001, LR = 0.000094, No improvement: 1/200
Epoch 325: Train Loss = 0.0001, Val Loss = 0.0001, LR = 0.000094, No improvement: 2/200
Epoch 326: Train Loss = 0.0001, Val Loss = 0.0004, LR = 0.000094, No improvement: 3/200
Epoch 327: Train Loss = 0.0001, Val Loss = 0.0001, LR = 0.000094, No improvement: 4/200
Epoch 328: Train Loss = 0.0001, Val Loss = 0.0001, LR = 0.000094, No improvement: 5/200
Epoch 329: Train Loss = 0.0001, Val Loss = 0.0001, LR = 0.000094, No improvement: 6/200
Epoch 330: Train Loss = 0.0001, Val Loss = 0.0001, LR = 0.000094, No improvement: 7/200
Epoch 331: Train Loss = 0.0001, Val Loss = 0.0002, LR = 0.000094, No improvement: 8/200
Epoch 332: Train Loss = 0.0001, Val Loss = 0.0001, LR = 0.000094, No improvement: 9/200
Epoch 333: Train Loss = 0.0001, Val Loss = 0.0001, LR = 0.000094, No improvement: 10/200
Epoch 334: Train Loss = 0.0001, Val Loss = 0.0001, LR = 0.000094, No improvement: 11/200
Epoch 335: Train Loss = 0.0001, Val Loss = 0.0001, LR = 0.000094, No improvement: 12/200
Epoch 336: Train Loss = 0.0001, Val Loss = 0.0001, LR = 0.000094, No improvement: 13/200
Epoch 337: Train Loss = 0.0001, Val Loss = 0.0001, LR = 0.000094, No improvement: 14/200
Epoch 338: Train Loss = 0.0001, Val Loss = 0.0001, LR = 0.000094, No improvement: 15/200
Epoch 339: Train Loss = 0.0001, Val Loss = 0.0001, LR = 0.000094, No improvement: 16/200
Epoch 340: Train Loss = 0.0001, Val Loss = 0.0001, LR = 0.000094, No improvement: 17/200
Epoch 341: Train Loss = 0.0001, Val Loss = 0.0001, LR = 0.000094, No improvement: 18/200
Epoch 342: Train Loss = 0.0001, Val Loss = 0.0001, LR = 0.000094, No improvement: 19/200
Epoch 343: Train Loss = 0.0001, Val Loss = 0.0001, LR = 0.000094, No improvement: 20/200
Epoch 344: Train Loss = 0.0001, Val Loss = 0.0001, LR = 0.000094, No improvement: 21/200
✓ New best model saved: ./models/masked_ssl/combine_unique_MetaboLights_Workbench_Water_EDTA_Suppressed_rowMinMax_v4_20260728_053503_bs32_mr0.20-0.60_ps128_best.pth
Epoch 345: Train Loss = 0.0001, Val Loss = 0.0001, LR = 0.000094, No improvement: 0/200 ✓ IMPROVED
Epoch 346: Train Loss = 0.0001, Val Loss = 0.0001, LR = 0.000094, No improvement: 1/200
Epoch 347: Train Loss = 0.0001, Val Loss = 0.0001, LR = 0.000093, No improvement: 2/200
Epoch 348: Train Loss = 0.0001, Val Loss = 0.0001, LR = 0.000093, No improvement: 3/200
Epoch 349: Train Loss = 0.0001, Val Loss = 0.0001, LR = 0.000093, No improvement: 4/200
Epoch 350: Train Loss = 0.0001, Val Loss = 0.0001, LR = 0.000093, No improvement: 5/200
Epoch 351: Train Loss = 0.0001, Val Loss = 0.0001, LR = 0.000093, No improvement: 6/200
Epoch 352: Train Loss = 0.0001, Val Loss = 0.0001, LR = 0.000093, No improvement: 7/200
Epoch 353: Train Loss = 0.0001, Val Loss = 0.0001, LR = 0.000093, No improvement: 8/200
Epoch 354: Train Loss = 0.0001, Val Loss = 0.0005, LR = 0.000093, No improvement: 9/200
Epoch 355: Train Loss = 0.0001, Val Loss = 0.0001, LR = 0.000093, No improvement: 10/200
Epoch 356: Train Loss = 0.0001, Val Loss = 0.0001, LR = 0.000093, No improvement: 11/200
Epoch 357: Train Loss = 0.0001, Val Loss = 0.0001, LR = 0.000093, No improvement: 12/200
✓ New best model saved: ./models/masked_ssl/combine_unique_MetaboLights_Workbench_Water_EDTA_Suppressed_rowMinMax_v4_20260728_053503_bs32_mr0.20-0.60_ps128_best.pth
Epoch 358: Train Loss = 0.0001, Val Loss = 0.0001, LR = 0.000093, No improvement: 0/200 ✓ IMPROVED
Epoch 359: Train Loss = 0.0001, Val Loss = 0.0001, LR = 0.000093, No improvement: 1/200
Epoch 360: Train Loss = 0.0001, Val Loss = 0.0001, LR = 0.000093, No improvement: 2/200
Epoch 361: Train Loss = 0.0001, Val Loss = 0.0001, LR = 0.000093, No improvement: 3/200
Epoch 362: Train Loss = 0.0001, Val Loss = 0.0001, LR = 0.000093, No improvement: 4/200
Epoch 363: Train Loss = 0.0001, Val Loss = 0.0001, LR = 0.000093, No improvement: 5/200
Epoch 364: Train Loss = 0.0001, Val Loss = 0.0001, LR = 0.000093, No improvement: 6/200
Epoch 365: Train Loss = 0.0001, Val Loss = 0.0001, LR = 0.000093, No improvement: 7/200
Epoch 366: Train Loss = 0.0001, Val Loss = 0.0001, LR = 0.000093, No improvement: 8/200
Epoch 367: Train Loss = 0.0001, Val Loss = 0.0001, LR = 0.000093, No improvement: 9/200
Epoch 368: Train Loss = 0.0001, Val Loss = 0.0001, LR = 0.000093, No improvement: 10/200
Epoch 369: Train Loss = 0.0001, Val Loss = 0.0001, LR = 0.000093, No improvement: 11/200
Epoch 370: Train Loss = 0.0001, Val Loss = 0.0001, LR = 0.000093, No improvement: 12/200
Epoch 371: Train Loss = 0.0001, Val Loss = 0.0002, LR = 0.000093, No improvement: 13/200
Epoch 372: Train Loss = 0.0001, Val Loss = 0.0001, LR = 0.000092, No improvement: 14/200
Epoch 373: Train Loss = 0.0001, Val Loss = 0.0001, LR = 0.000092, No improvement: 15/200
Epoch 374: Train Loss = 0.0001, Val Loss = 0.0001, LR = 0.000092, No improvement: 16/200
Epoch 375: Train Loss = 0.0001, Val Loss = 0.0001, LR = 0.000092, No improvement: 17/200
Epoch 376: Train Loss = 0.0001, Val Loss = 0.0001, LR = 0.000092, No improvement: 18/200
Epoch 377: Train Loss = 0.0001, Val Loss = 0.0001, LR = 0.000092, No improvement: 19/200
Epoch 378: Train Loss = 0.0001, Val Loss = 0.0001, LR = 0.000092, No improvement: 20/200
Epoch 379: Train Loss = 0.0001, Val Loss = 0.0001, LR = 0.000092, No improvement: 21/200
Epoch 380: Train Loss = 0.0001, Val Loss = 0.0001, LR = 0.000092, No improvement: 22/200
Epoch 381: Train Loss = 0.0001, Val Loss = 0.0001, LR = 0.000092, No improvement: 23/200
Epoch 382: Train Loss = 0.0001, Val Loss = 0.0001, LR = 0.000092, No improvement: 24/200
Epoch 383: Train Loss = 0.0001, Val Loss = 0.0001, LR = 0.000092, No improvement: 25/200
Epoch 384: Train Loss = 0.0001, Val Loss = 0.0001, LR = 0.000092, No improvement: 26/200
Epoch 385: Train Loss = 0.0001, Val Loss = 0.0001, LR = 0.000092, No improvement: 27/200
Epoch 386: Train Loss = 0.0001, Val Loss = 0.0001, LR = 0.000092, No improvement: 28/200
Epoch 387: Train Loss = 0.0001, Val Loss = 0.0001, LR = 0.000092, No improvement: 29/200
Epoch 388: Train Loss = 0.0001, Val Loss = 0.0001, LR = 0.000092, No improvement: 30/200
✓ New best model saved: ./models/masked_ssl/combine_unique_MetaboLights_Workbench_Water_EDTA_Suppressed_rowMinMax_v4_20260728_053503_bs32_mr0.20-0.60_ps128_best.pth
Epoch 389: Train Loss = 0.0001, Val Loss = 0.0001, LR = 0.000092, No improvement: 0/200 ✓ IMPROVED
Epoch 390: Train Loss = 0.0001, Val Loss = 0.0001, LR = 0.000092, No improvement: 1/200
Epoch 391: Train Loss = 0.0001, Val Loss = 0.0001, LR = 0.000092, No improvement: 2/200
Epoch 392: Train Loss = 0.0001, Val Loss = 0.0001, LR = 0.000092, No improvement: 3/200
Epoch 393: Train Loss = 0.0001, Val Loss = 0.0001, LR = 0.000092, No improvement: 4/200
Epoch 394: Train Loss = 0.0001, Val Loss = 0.0001, LR = 0.000092, No improvement: 5/200
Epoch 395: Train Loss = 0.0001, Val Loss = 0.0002, LR = 0.000091, No improvement: 6/200
Epoch 396: Train Loss = 0.0001, Val Loss = 0.0001, LR = 0.000091, No improvement: 7/200
Epoch 397: Train Loss = 0.0001, Val Loss = 0.0001, LR = 0.000091, No improvement: 8/200
Epoch 398: Train Loss = 0.0001, Val Loss = 0.0001, LR = 0.000091, No improvement: 9/200
Epoch 399: Train Loss = 0.0001, Val Loss = 0.0001, LR = 0.000091, No improvement: 10/200
Epoch 400: Train Loss = 0.0001, Val Loss = 0.0001, LR = 0.000091, No improvement: 11/200
Epoch 401: Train Loss = 0.0001, Val Loss = 0.0001, LR = 0.000091, No improvement: 12/200
Epoch 402: Train Loss = 0.0001, Val Loss = 0.0001, LR = 0.000091, No improvement: 13/200
Epoch 403: Train Loss = 0.0001, Val Loss = 0.0001, LR = 0.000091, No improvement: 14/200
Epoch 404: Train Loss = 0.0001, Val Loss = 0.0001, LR = 0.000091, No improvement: 15/200
Epoch 405: Train Loss = 0.0001, Val Loss = 0.0001, LR = 0.000091, No improvement: 16/200
Epoch 406: Train Loss = 0.0001, Val Loss = 0.0001, LR = 0.000091, No improvement: 17/200
Epoch 407: Train Loss = 0.0001, Val Loss = 0.0001, LR = 0.000091, No improvement: 18/200
Epoch 408: Train Loss = 0.0001, Val Loss = 0.0001, LR = 0.000091, No improvement: 19/200
Epoch 409: Train Loss = 0.0001, Val Loss = 0.0001, LR = 0.000091, No improvement: 20/200
Epoch 410: Train Loss = 0.0001, Val Loss = 0.0001, LR = 0.000091, No improvement: 21/200
Epoch 411: Train Loss = 0.0001, Val Loss = 0.0001, LR = 0.000091, No improvement: 22/200
Epoch 412: Train Loss = 0.0001, Val Loss = 0.0001, LR = 0.000091, No improvement: 23/200
Epoch 413: Train Loss = 0.0001, Val Loss = 0.0001, LR = 0.000091, No improvement: 24/200
Epoch 414: Train Loss = 0.0001, Val Loss = 0.0003, LR = 0.000091, No improvement: 25/200
Epoch 415: Train Loss = 0.0001, Val Loss = 0.0001, LR = 0.000091, No improvement: 26/200
Epoch 416: Train Loss = 0.0001, Val Loss = 0.0001, LR = 0.000091, No improvement: 27/200
Epoch 417: Train Loss = 0.0001, Val Loss = 0.0001, LR = 0.000091, No improvement: 28/200
Epoch 418: Train Loss = 0.0001, Val Loss = 0.0001, LR = 0.000090, No improvement: 29/200
Epoch 419: Train Loss = 0.0001, Val Loss = 0.0001, LR = 0.000090, No improvement: 30/200
Epoch 420: Train Loss = 0.0001, Val Loss = 0.0001, LR = 0.000090, No improvement: 31/200
Epoch 421: Train Loss = 0.0001, Val Loss = 0.0001, LR = 0.000090, No improvement: 32/200
Epoch 422: Train Loss = 0.0001, Val Loss = 0.0001, LR = 0.000090, No improvement: 33/200
Epoch 423: Train Loss = 0.0001, Val Loss = 0.0001, LR = 0.000090, No improvement: 34/200
Epoch 424: Train Loss = 0.0001, Val Loss = 0.0003, LR = 0.000090, No improvement: 35/200
Epoch 425: Train Loss = 0.0001, Val Loss = 0.0001, LR = 0.000090, No improvement: 36/200
Epoch 426: Train Loss = 0.0001, Val Loss = 0.0001, LR = 0.000090, No improvement: 37/200
Epoch 427: Train Loss = 0.0001, Val Loss = 0.0001, LR = 0.000090, No improvement: 38/200
Epoch 428: Train Loss = 0.0001, Val Loss = 0.0001, LR = 0.000090, No improvement: 39/200
Epoch 429: Train Loss = 0.0001, Val Loss = 0.0001, LR = 0.000090, No improvement: 40/200
Epoch 430: Train Loss = 0.0001, Val Loss = 0.0001, LR = 0.000090, No improvement: 41/200
Epoch 431: Train Loss = 0.0001, Val Loss = 0.0001, LR = 0.000090, No improvement: 42/200
Epoch 432: Train Loss = 0.0001, Val Loss = 0.0001, LR = 0.000090, No improvement: 43/200
Epoch 433: Train Loss = 0.0001, Val Loss = 0.0001, LR = 0.000090, No improvement: 44/200
Epoch 434: Train Loss = 0.0001, Val Loss = 0.0001, LR = 0.000090, No improvement: 45/200
Epoch 435: Train Loss = 0.0001, Val Loss = 0.0001, LR = 0.000090, No improvement: 46/200
Epoch 436: Train Loss = 0.0001, Val Loss = 0.0001, LR = 0.000090, No improvement: 47/200
Epoch 437: Train Loss = 0.0001, Val Loss = 0.0001, LR = 0.000090, No improvement: 48/200
Epoch 438: Train Loss = 0.0001, Val Loss = 0.0001, LR = 0.000090, No improvement: 49/200
Epoch 439: Train Loss = 0.0001, Val Loss = 0.0001, LR = 0.000089, No improvement: 50/200
Epoch 440: Train Loss = 0.0001, Val Loss = 0.0001, LR = 0.000089, No improvement: 51/200
Epoch 441: Train Loss = 0.0001, Val Loss = 0.0001, LR = 0.000089, No improvement: 52/200
Epoch 442: Train Loss = 0.0001, Val Loss = 0.0001, LR = 0.000089, No improvement: 53/200
Epoch 443: Train Loss = 0.0001, Val Loss = 0.0001, LR = 0.000089, No improvement: 54/200
✓ New best model saved: ./models/masked_ssl/combine_unique_MetaboLights_Workbench_Water_EDTA_Suppressed_rowMinMax_v4_20260728_053503_bs32_mr0.20-0.60_ps128_best.pth
Epoch 444: Train Loss = 0.0001, Val Loss = 0.0001, LR = 0.000089, No improvement: 0/200 ✓ IMPROVED
Epoch 445: Train Loss = 0.0001, Val Loss = 0.0001, LR = 0.000089, No improvement: 1/200
Epoch 446: Train Loss = 0.0001, Val Loss = 0.0001, LR = 0.000089, No improvement: 2/200
Epoch 447: Train Loss = 0.0001, Val Loss = 0.0001, LR = 0.000089, No improvement: 3/200
Epoch 448: Train Loss = 0.0001, Val Loss = 0.0001, LR = 0.000089, No improvement: 4/200
Epoch 449: Train Loss = 0.0001, Val Loss = 0.0001, LR = 0.000089, No improvement: 5/200
Epoch 450: Train Loss = 0.0001, Val Loss = 0.0001, LR = 0.000089, No improvement: 6/200
Epoch 451: Train Loss = 0.0001, Val Loss = 0.0001, LR = 0.000089, No improvement: 7/200
Epoch 452: Train Loss = 0.0001, Val Loss = 0.0001, LR = 0.000089, No improvement: 8/200
Epoch 453: Train Loss = 0.0001, Val Loss = 0.0001, LR = 0.000089, No improvement: 9/200
✓ New best model saved: ./models/masked_ssl/combine_unique_MetaboLights_Workbench_Water_EDTA_Suppressed_rowMinMax_v4_20260728_053503_bs32_mr0.20-0.60_ps128_best.pth
Epoch 454: Train Loss = 0.0001, Val Loss = 0.0001, LR = 0.000089, No improvement: 0/200 ✓ IMPROVED
Epoch 455: Train Loss = 0.0001, Val Loss = 0.0001, LR = 0.000089, No improvement: 1/200
Epoch 456: Train Loss = 0.0001, Val Loss = 0.0001, LR = 0.000089, No improvement: 2/200
Epoch 457: Train Loss = 0.0001, Val Loss = 0.0001, LR = 0.000089, No improvement: 3/200
Epoch 458: Train Loss = 0.0001, Val Loss = 0.0001, LR = 0.000089, No improvement: 4/200
Epoch 459: Train Loss = 0.0001, Val Loss = 0.0001, LR = 0.000088, No improvement: 5/200
Epoch 460: Train Loss = 0.0001, Val Loss = 0.0001, LR = 0.000088, No improvement: 6/200
Epoch 461: Train Loss = 0.0001, Val Loss = 0.0001, LR = 0.000088, No improvement: 7/200
Epoch 462: Train Loss = 0.0001, Val Loss = 0.0001, LR = 0.000088, No improvement: 8/200
Epoch 463: Train Loss = 0.0001, Val Loss = 0.0001, LR = 0.000088, No improvement: 9/200
Epoch 464: Train Loss = 0.0001, Val Loss = 0.0001, LR = 0.000088, No improvement: 10/200
Epoch 465: Train Loss = 0.0001, Val Loss = 0.0001, LR = 0.000088, No improvement: 11/200
Epoch 466: Train Loss = 0.0001, Val Loss = 0.0001, LR = 0.000088, No improvement: 12/200
Epoch 467: Train Loss = 0.0001, Val Loss = 0.0001, LR = 0.000088, No improvement: 13/200
Epoch 468: Train Loss = 0.0001, Val Loss = 0.0001, LR = 0.000088, No improvement: 14/200
Epoch 469: Train Loss = 0.0001, Val Loss = 0.0003, LR = 0.000088, No improvement: 15/200
Epoch 470: Train Loss = 0.0001, Val Loss = 0.0001, LR = 0.000088, No improvement: 16/200
Epoch 471: Train Loss = 0.0001, Val Loss = 0.0001, LR = 0.000088, No improvement: 17/200
Epoch 472: Train Loss = 0.0001, Val Loss = 0.0001, LR = 0.000088, No improvement: 18/200
Epoch 473: Train Loss = 0.0001, Val Loss = 0.0001, LR = 0.000088, No improvement: 19/200
Epoch 474: Train Loss = 0.0001, Val Loss = 0.0001, LR = 0.000088, No improvement: 20/200
Epoch 475: Train Loss = 0.0001, Val Loss = 0.0001, LR = 0.000088, No improvement: 21/200
Epoch 476: Train Loss = 0.0001, Val Loss = 0.0001, LR = 0.000088, No improvement: 22/200
✓ New best model saved: ./models/masked_ssl/combine_unique_MetaboLights_Workbench_Water_EDTA_Suppressed_rowMinMax_v4_20260728_053503_bs32_mr0.20-0.60_ps128_best.pth
Epoch 477: Train Loss = 0.0001, Val Loss = 0.0001, LR = 0.000088, No improvement: 0/200 ✓ IMPROVED
Epoch 478: Train Loss = 0.0001, Val Loss = 0.0001, LR = 0.000087, No improvement: 1/200
Epoch 479: Train Loss = 0.0001, Val Loss = 0.0001, LR = 0.000087, No improvement: 2/200
Epoch 480: Train Loss = 0.0001, Val Loss = 0.0001, LR = 0.000087, No improvement: 3/200
Epoch 481: Train Loss = 0.0001, Val Loss = 0.0001, LR = 0.000087, No improvement: 4/200
Epoch 482: Train Loss = 0.0001, Val Loss = 0.0001, LR = 0.000087, No improvement: 5/200
Epoch 483: Train Loss = 0.0001, Val Loss = 0.0001, LR = 0.000087, No improvement: 6/200
Epoch 484: Train Loss = 0.0001, Val Loss = 0.0001, LR = 0.000087, No improvement: 7/200
Epoch 485: Train Loss = 0.0001, Val Loss = 0.0001, LR = 0.000087, No improvement: 8/200
Epoch 486: Train Loss = 0.0001, Val Loss = 0.0001, LR = 0.000087, No improvement: 9/200
Epoch 487: Train Loss = 0.0001, Val Loss = 0.0001, LR = 0.000087, No improvement: 10/200
Epoch 488: Train Loss = 0.0001, Val Loss = 0.0001, LR = 0.000087, No improvement: 11/200
Epoch 489: Train Loss = 0.0001, Val Loss = 0.0001, LR = 0.000087, No improvement: 12/200
✓ New best model saved: ./models/masked_ssl/combine_unique_MetaboLights_Workbench_Water_EDTA_Suppressed_rowMinMax_v4_20260728_053503_bs32_mr0.20-0.60_ps128_best.pth
Epoch 490: Train Loss = 0.0001, Val Loss = 0.0001, LR = 0.000087, No improvement: 0/200 ✓ IMPROVED
Epoch 491: Train Loss = 0.0001, Val Loss = 0.0001, LR = 0.000087, No improvement: 1/200
Epoch 492: Train Loss = 0.0001, Val Loss = 0.0002, LR = 0.000087, No improvement: 2/200
Epoch 493: Train Loss = 0.0001, Val Loss = 0.0001, LR = 0.000087, No improvement: 3/200
Epoch 494: Train Loss = 0.0001, Val Loss = 0.0001, LR = 0.000087, No improvement: 4/200
Epoch 495: Train Loss = 0.0001, Val Loss = 0.0001, LR = 0.000087, No improvement: 5/200
Epoch 496: Train Loss = 0.0001, Val Loss = 0.0001, LR = 0.000087, No improvement: 6/200
Epoch 497: Train Loss = 0.0001, Val Loss = 0.0001, LR = 0.000086, No improvement: 7/200
Epoch 498: Train Loss = 0.0001, Val Loss = 0.0001, LR = 0.000086, No improvement: 8/200
Epoch 499: Train Loss = 0.0001, Val Loss = 0.0001, LR = 0.000086, No improvement: 9/200
Epoch 500: Train Loss = 0.0001, Val Loss = 0.0001, LR = 0.000086, No improvement: 10/200
Epoch 501: Train Loss = 0.0001, Val Loss = 0.0001, LR = 0.000086, No improvement: 11/200
Epoch 502: Train Loss = 0.0001, Val Loss = 0.0001, LR = 0.000086, No improvement: 12/200
Epoch 503: Train Loss = 0.0001, Val Loss = 0.0001, LR = 0.000086, No improvement: 13/200
Epoch 504: Train Loss = 0.0001, Val Loss = 0.0001, LR = 0.000086, No improvement: 14/200
Epoch 505: Train Loss = 0.0001, Val Loss = 0.0001, LR = 0.000086, No improvement: 15/200
Epoch 506: Train Loss = 0.0001, Val Loss = 0.0001, LR = 0.000086, No improvement: 16/200
Epoch 507: Train Loss = 0.0001, Val Loss = 0.0001, LR = 0.000086, No improvement: 17/200
Epoch 508: Train Loss = 0.0001, Val Loss = 0.0001, LR = 0.000086, No improvement: 18/200
Epoch 509: Train Loss = 0.0001, Val Loss = 0.0001, LR = 0.000086, No improvement: 19/200
Epoch 510: Train Loss = 0.0001, Val Loss = 0.0001, LR = 0.000086, No improvement: 20/200
Epoch 511: Train Loss = 0.0001, Val Loss = 0.0001, LR = 0.000086, No improvement: 21/200
Epoch 512: Train Loss = 0.0001, Val Loss = 0.0001, LR = 0.000086, No improvement: 22/200
Epoch 513: Train Loss = 0.0001, Val Loss = 0.0001, LR = 0.000086, No improvement: 23/200
Epoch 514: Train Loss = 0.0001, Val Loss = 0.0001, LR = 0.000086, No improvement: 24/200
Epoch 515: Train Loss = 0.0001, Val Loss = 0.0001, LR = 0.000086, No improvement: 25/200
Epoch 516: Train Loss = 0.0001, Val Loss = 0.0001, LR = 0.000085, No improvement: 26/200
Epoch 517: Train Loss = 0.0001, Val Loss = 0.0001, LR = 0.000085, No improvement: 27/200
Epoch 518: Train Loss = 0.0001, Val Loss = 0.0001, LR = 0.000085, No improvement: 28/200
✓ New best model saved: ./models/masked_ssl/combine_unique_MetaboLights_Workbench_Water_EDTA_Suppressed_rowMinMax_v4_20260728_053503_bs32_mr0.20-0.60_ps128_best.pth
Epoch 519: Train Loss = 0.0001, Val Loss = 0.0001, LR = 0.000085, No improvement: 0/200 ✓ IMPROVED
Epoch 520: Train Loss = 0.0001, Val Loss = 0.0001, LR = 0.000085, No improvement: 1/200
Epoch 521: Train Loss = 0.0001, Val Loss = 0.0001, LR = 0.000085, No improvement: 2/200
Epoch 522: Train Loss = 0.0001, Val Loss = 0.0001, LR = 0.000085, No improvement: 3/200
Epoch 523: Train Loss = 0.0001, Val Loss = 0.0001, LR = 0.000085, No improvement: 4/200
Epoch 524: Train Loss = 0.0001, Val Loss = 0.0001, LR = 0.000085, No improvement: 5/200
Epoch 525: Train Loss = 0.0001, Val Loss = 0.0001, LR = 0.000085, No improvement: 6/200
Epoch 526: Train Loss = 0.0001, Val Loss = 0.0001, LR = 0.000085, No improvement: 7/200
Epoch 527: Train Loss = 0.0001, Val Loss = 0.0001, LR = 0.000085, No improvement: 8/200
Epoch 528: Train Loss = 0.0001, Val Loss = 0.0001, LR = 0.000085, No improvement: 9/200
Epoch 529: Train Loss = 0.0001, Val Loss = 0.0001, LR = 0.000085, No improvement: 10/200
Epoch 530: Train Loss = 0.0001, Val Loss = 0.0001, LR = 0.000085, No improvement: 11/200
Epoch 531: Train Loss = 0.0001, Val Loss = 0.0001, LR = 0.000085, No improvement: 12/200
Epoch 532: Train Loss = 0.0001, Val Loss = 0.0001, LR = 0.000085, No improvement: 13/200
Epoch 533: Train Loss = 0.0001, Val Loss = 0.0001, LR = 0.000084, No improvement: 14/200
Epoch 534: Train Loss = 0.0001, Val Loss = 0.0001, LR = 0.000084, No improvement: 15/200
Epoch 535: Train Loss = 0.0001, Val Loss = 0.0001, LR = 0.000084, No improvement: 16/200
Epoch 536: Train Loss = 0.0001, Val Loss = 0.0001, LR = 0.000084, No improvement: 17/200
Epoch 537: Train Loss = 0.0001, Val Loss = 0.0001, LR = 0.000084, No improvement: 18/200
Epoch 538: Train Loss = 0.0001, Val Loss = 0.0001, LR = 0.000084, No improvement: 19/200
Epoch 539: Train Loss = 0.0001, Val Loss = 0.0001, LR = 0.000084, No improvement: 20/200
Epoch 540: Train Loss = 0.0001, Val Loss = 0.0001, LR = 0.000084, No improvement: 21/200
Epoch 541: Train Loss = 0.0001, Val Loss = 0.0001, LR = 0.000084, No improvement: 22/200
Epoch 542: Train Loss = 0.0001, Val Loss = 0.0001, LR = 0.000084, No improvement: 23/200
Epoch 543: Train Loss = 0.0001, Val Loss = 0.0001, LR = 0.000084, No improvement: 24/200
Epoch 544: Train Loss = 0.0001, Val Loss = 0.0001, LR = 0.000084, No improvement: 25/200
Epoch 545: Train Loss = 0.0001, Val Loss = 0.0001, LR = 0.000084, No improvement: 26/200
Epoch 546: Train Loss = 0.0001, Val Loss = 0.0001, LR = 0.000084, No improvement: 27/200
Epoch 547: Train Loss = 0.0001, Val Loss = 0.0001, LR = 0.000084, No improvement: 28/200
Epoch 548: Train Loss = 0.0001, Val Loss = 0.0001, LR = 0.000084, No improvement: 29/200
Epoch 549: Train Loss = 0.0001, Val Loss = 0.0001, LR = 0.000084, No improvement: 30/200
Epoch 550: Train Loss = 0.0001, Val Loss = 0.0001, LR = 0.000084, No improvement: 31/200
Epoch 551: Train Loss = 0.0001, Val Loss = 0.0004, LR = 0.000083, No improvement: 32/200
Epoch 552: Train Loss = 0.0001, Val Loss = 0.0001, LR = 0.000083, No improvement: 33/200
Epoch 553: Train Loss = 0.0001, Val Loss = 0.0001, LR = 0.000083, No improvement: 34/200
Epoch 554: Train Loss = 0.0001, Val Loss = 0.0001, LR = 0.000083, No improvement: 35/200
Epoch 555: Train Loss = 0.0001, Val Loss = 0.0001, LR = 0.000083, No improvement: 36/200
Epoch 556: Train Loss = 0.0001, Val Loss = 0.0001, LR = 0.000083, No improvement: 37/200
Epoch 557: Train Loss = 0.0001, Val Loss = 0.0001, LR = 0.000083, No improvement: 38/200
Epoch 558: Train Loss = 0.0001, Val Loss = 0.0001, LR = 0.000083, No improvement: 39/200
Epoch 559: Train Loss = 0.0001, Val Loss = 0.0001, LR = 0.000083, No improvement: 40/200
Epoch 560: Train Loss = 0.0001, Val Loss = 0.0001, LR = 0.000083, No improvement: 41/200
Epoch 561: Train Loss = 0.0001, Val Loss = 0.0001, LR = 0.000083, No improvement: 42/200
Epoch 562: Train Loss = 0.0001, Val Loss = 0.0001, LR = 0.000083, No improvement: 43/200
Epoch 563: Train Loss = 0.0001, Val Loss = 0.0001, LR = 0.000083, No improvement: 44/200
Epoch 564: Train Loss = 0.0001, Val Loss = 0.0001, LR = 0.000083, No improvement: 45/200
Epoch 565: Train Loss = 0.0001, Val Loss = 0.0001, LR = 0.000083, No improvement: 46/200
Epoch 566: Train Loss = 0.0001, Val Loss = 0.0001, LR = 0.000083, No improvement: 47/200
Epoch 567: Train Loss = 0.0001, Val Loss = 0.0001, LR = 0.000082, No improvement: 48/200
Epoch 568: Train Loss = 0.0001, Val Loss = 0.0001, LR = 0.000082, No improvement: 49/200
Epoch 569: Train Loss = 0.0001, Val Loss = 0.0001, LR = 0.000082, No improvement: 50/200
Epoch 570: Train Loss = 0.0001, Val Loss = 0.0001, LR = 0.000082, No improvement: 51/200
Epoch 571: Train Loss = 0.0001, Val Loss = 0.0001, LR = 0.000082, No improvement: 52/200
Epoch 572: Train Loss = 0.0001, Val Loss = 0.0001, LR = 0.000082, No improvement: 53/200
Epoch 573: Train Loss = 0.0001, Val Loss = 0.0001, LR = 0.000082, No improvement: 54/200
Epoch 574: Train Loss = 0.0001, Val Loss = 0.0001, LR = 0.000082, No improvement: 55/200
Epoch 575: Train Loss = 0.0001, Val Loss = 0.0001, LR = 0.000082, No improvement: 56/200
Epoch 576: Train Loss = 0.0001, Val Loss = 0.0001, LR = 0.000082, No improvement: 57/200
Epoch 577: Train Loss = 0.0001, Val Loss = 0.0001, LR = 0.000082, No improvement: 58/200
Epoch 578: Train Loss = 0.0001, Val Loss = 0.0001, LR = 0.000082, No improvement: 59/200
Epoch 579: Train Loss = 0.0001, Val Loss = 0.0001, LR = 0.000082, No improvement: 60/200
Epoch 580: Train Loss = 0.0001, Val Loss = 0.0001, LR = 0.000082, No improvement: 61/200
Epoch 581: Train Loss = 0.0001, Val Loss = 0.0001, LR = 0.000082, No improvement: 62/200
✓ New best model saved: ./models/masked_ssl/combine_unique_MetaboLights_Workbench_Water_EDTA_Suppressed_rowMinMax_v4_20260728_053503_bs32_mr0.20-0.60_ps128_best.pth
Epoch 582: Train Loss = 0.0001, Val Loss = 0.0001, LR = 0.000082, No improvement: 0/200 ✓ IMPROVED
Epoch 583: Train Loss = 0.0001, Val Loss = 0.0001, LR = 0.000082, No improvement: 1/200
Epoch 584: Train Loss = 0.0001, Val Loss = 0.0001, LR = 0.000081, No improvement: 2/200
Epoch 585: Train Loss = 0.0001, Val Loss = 0.0003, LR = 0.000081, No improvement: 3/200
Epoch 586: Train Loss = 0.0001, Val Loss = 0.0001, LR = 0.000081, No improvement: 4/200
Epoch 587: Train Loss = 0.0001, Val Loss = 0.0001, LR = 0.000081, No improvement: 5/200
Epoch 588: Train Loss = 0.0001, Val Loss = 0.0001, LR = 0.000081, No improvement: 6/200
Epoch 589: Train Loss = 0.0001, Val Loss = 0.0001, LR = 0.000081, No improvement: 7/200
Epoch 590: Train Loss = 0.0001, Val Loss = 0.0001, LR = 0.000081, No improvement: 8/200
Epoch 591: Train Loss = 0.0001, Val Loss = 0.0001, LR = 0.000081, No improvement: 9/200
Epoch 592: Train Loss = 0.0001, Val Loss = 0.0001, LR = 0.000081, No improvement: 10/200
Epoch 593: Train Loss = 0.0001, Val Loss = 0.0001, LR = 0.000081, No improvement: 11/200
Epoch 594: Train Loss = 0.0001, Val Loss = 0.0001, LR = 0.000081, No improvement: 12/200
Epoch 595: Train Loss = 0.0001, Val Loss = 0.0001, LR = 0.000081, No improvement: 13/200
Epoch 596: Train Loss = 0.0001, Val Loss = 0.0001, LR = 0.000081, No improvement: 14/200
Epoch 597: Train Loss = 0.0001, Val Loss = 0.0002, LR = 0.000081, No improvement: 15/200
Epoch 598: Train Loss = 0.0001, Val Loss = 0.0001, LR = 0.000081, No improvement: 16/200
Epoch 599: Train Loss = 0.0001, Val Loss = 0.0001, LR = 0.000081, No improvement: 17/200
Epoch 600: Train Loss = 0.0001, Val Loss = 0.0001, LR = 0.000080, No improvement: 18/200
Epoch 601: Train Loss = 0.0001, Val Loss = 0.0001, LR = 0.000080, No improvement: 19/200
Epoch 602: Train Loss = 0.0001, Val Loss = 0.0001, LR = 0.000080, No improvement: 20/200
Epoch 603: Train Loss = 0.0001, Val Loss = 0.0001, LR = 0.000080, No improvement: 21/200
Epoch 604: Train Loss = 0.0001, Val Loss = 0.0001, LR = 0.000080, No improvement: 22/200
Epoch 605: Train Loss = 0.0001, Val Loss = 0.0001, LR = 0.000080, No improvement: 23/200
Epoch 606: Train Loss = 0.0001, Val Loss = 0.0001, LR = 0.000080, No improvement: 24/200
Epoch 607: Train Loss = 0.0001, Val Loss = 0.0001, LR = 0.000080, No improvement: 25/200
Epoch 608: Train Loss = 0.0001, Val Loss = 0.0001, LR = 0.000080, No improvement: 26/200
Epoch 609: Train Loss = 0.0001, Val Loss = 0.0001, LR = 0.000080, No improvement: 27/200
Epoch 610: Train Loss = 0.0001, Val Loss = 0.0001, LR = 0.000080, No improvement: 28/200
Epoch 611: Train Loss = 0.0001, Val Loss = 0.0001, LR = 0.000080, No improvement: 29/200
Epoch 612: Train Loss = 0.0001, Val Loss = 0.0001, LR = 0.000080, No improvement: 30/200
Epoch 613: Train Loss = 0.0001, Val Loss = 0.0001, LR = 0.000080, No improvement: 31/200
Epoch 614: Train Loss = 0.0001, Val Loss = 0.0001, LR = 0.000080, No improvement: 32/200
Epoch 615: Train Loss = 0.0001, Val Loss = 0.0001, LR = 0.000080, No improvement: 33/200
Epoch 616: Train Loss = 0.0001, Val Loss = 0.0001, LR = 0.000079, No improvement: 34/200
Epoch 617: Train Loss = 0.0001, Val Loss = 0.0001, LR = 0.000079, No improvement: 35/200
Epoch 618: Train Loss = 0.0001, Val Loss = 0.0001, LR = 0.000079, No improvement: 36/200
Epoch 619: Train Loss = 0.0001, Val Loss = 0.0001, LR = 0.000079, No improvement: 37/200
Epoch 620: Train Loss = 0.0001, Val Loss = 0.0001, LR = 0.000079, No improvement: 38/200
Epoch 621: Train Loss = 0.0001, Val Loss = 0.0001, LR = 0.000079, No improvement: 39/200
Epoch 622: Train Loss = 0.0001, Val Loss = 0.0001, LR = 0.000079, No improvement: 40/200
Epoch 623: Train Loss = 0.0001, Val Loss = 0.0001, LR = 0.000079, No improvement: 41/200
Epoch 624: Train Loss = 0.0001, Val Loss = 0.0001, LR = 0.000079, No improvement: 42/200
Epoch 625: Train Loss = 0.0001, Val Loss = 0.0001, LR = 0.000079, No improvement: 43/200
Epoch 626: Train Loss = 0.0001, Val Loss = 0.0001, LR = 0.000079, No improvement: 44/200
Epoch 627: Train Loss = 0.0001, Val Loss = 0.0001, LR = 0.000079, No improvement: 45/200
Epoch 628: Train Loss = 0.0001, Val Loss = 0.0001, LR = 0.000079, No improvement: 46/200
Epoch 629: Train Loss = 0.0001, Val Loss = 0.0001, LR = 0.000079, No improvement: 47/200
Epoch 630: Train Loss = 0.0001, Val Loss = 0.0002, LR = 0.000079, No improvement: 48/200
Epoch 631: Train Loss = 0.0001, Val Loss = 0.0001, LR = 0.000079, No improvement: 49/200
Epoch 632: Train Loss = 0.0001, Val Loss = 0.0001, LR = 0.000078, No improvement: 50/200
Epoch 633: Train Loss = 0.0001, Val Loss = 0.0001, LR = 0.000078, No improvement: 51/200
Epoch 634: Train Loss = 0.0001, Val Loss = 0.0001, LR = 0.000078, No improvement: 52/200
Epoch 635: Train Loss = 0.0001, Val Loss = 0.0001, LR = 0.000078, No improvement: 53/200
Epoch 636: Train Loss = 0.0001, Val Loss = 0.0001, LR = 0.000078, No improvement: 54/200
Epoch 637: Train Loss = 0.0001, Val Loss = 0.0001, LR = 0.000078, No improvement: 55/200
Epoch 638: Train Loss = 0.0001, Val Loss = 0.0001, LR = 0.000078, No improvement: 56/200
Epoch 639: Train Loss = 0.0001, Val Loss = 0.0001, LR = 0.000078, No improvement: 57/200
Epoch 640: Train Loss = 0.0001, Val Loss = 0.0001, LR = 0.000078, No improvement: 58/200
Epoch 641: Train Loss = 0.0001, Val Loss = 0.0001, LR = 0.000078, No improvement: 59/200
Epoch 642: Train Loss = 0.0001, Val Loss = 0.0001, LR = 0.000078, No improvement: 60/200
Epoch 643: Train Loss = 0.0001, Val Loss = 0.0001, LR = 0.000078, No improvement: 61/200
Epoch 644: Train Loss = 0.0001, Val Loss = 0.0001, LR = 0.000078, No improvement: 62/200
Epoch 645: Train Loss = 0.0001, Val Loss = 0.0001, LR = 0.000078, No improvement: 63/200
✓ New best model saved: ./models/masked_ssl/combine_unique_MetaboLights_Workbench_Water_EDTA_Suppressed_rowMinMax_v4_20260728_053503_bs32_mr0.20-0.60_ps128_best.pth
Epoch 646: Train Loss = 0.0001, Val Loss = 0.0001, LR = 0.000078, No improvement: 0/200 ✓ IMPROVED
Epoch 647: Train Loss = 0.0001, Val Loss = 0.0001, LR = 0.000077, No improvement: 1/200
Epoch 648: Train Loss = 0.0001, Val Loss = 0.0001, LR = 0.000077, No improvement: 2/200
Epoch 649: Train Loss = 0.0001, Val Loss = 0.0001, LR = 0.000077, No improvement: 3/200
Epoch 650: Train Loss = 0.0001, Val Loss = 0.0001, LR = 0.000077, No improvement: 4/200
Epoch 651: Train Loss = 0.0001, Val Loss = 0.0001, LR = 0.000077, No improvement: 5/200
Epoch 652: Train Loss = 0.0001, Val Loss = 0.0001, LR = 0.000077, No improvement: 6/200
Epoch 653: Train Loss = 0.0001, Val Loss = 0.0001, LR = 0.000077, No improvement: 7/200
Epoch 654: Train Loss = 0.0001, Val Loss = 0.0002, LR = 0.000077, No improvement: 8/200
Epoch 655: Train Loss = 0.0001, Val Loss = 0.0001, LR = 0.000077, No improvement: 9/200
Epoch 656: Train Loss = 0.0001, Val Loss = 0.0001, LR = 0.000077, No improvement: 10/200
Epoch 657: Train Loss = 0.0001, Val Loss = 0.0001, LR = 0.000077, No improvement: 11/200
Epoch 658: Train Loss = 0.0001, Val Loss = 0.0001, LR = 0.000077, No improvement: 12/200
Epoch 659: Train Loss = 0.0001, Val Loss = 0.0001, LR = 0.000077, No improvement: 13/200
Epoch 660: Train Loss = 0.0001, Val Loss = 0.0001, LR = 0.000077, No improvement: 14/200
Epoch 661: Train Loss = 0.0001, Val Loss = 0.0001, LR = 0.000077, No improvement: 15/200
✓ New best model saved: ./models/masked_ssl/combine_unique_MetaboLights_Workbench_Water_EDTA_Suppressed_rowMinMax_v4_20260728_053503_bs32_mr0.20-0.60_ps128_best.pth
Epoch 662: Train Loss = 0.0001, Val Loss = 0.0001, LR = 0.000076, No improvement: 0/200 ✓ IMPROVED
Epoch 663: Train Loss = 0.0001, Val Loss = 0.0001, LR = 0.000076, No improvement: 1/200
Epoch 664: Train Loss = 0.0001, Val Loss = 0.0001, LR = 0.000076, No improvement: 2/200
Epoch 665: Train Loss = 0.0001, Val Loss = 0.0001, LR = 0.000076, No improvement: 3/200
Epoch 666: Train Loss = 0.0001, Val Loss = 0.0001, LR = 0.000076, No improvement: 4/200
Epoch 667: Train Loss = 0.0001, Val Loss = 0.0003, LR = 0.000076, No improvement: 5/200
Epoch 668: Train Loss = 0.0001, Val Loss = 0.0001, LR = 0.000076, No improvement: 6/200
Epoch 669: Train Loss = 0.0001, Val Loss = 0.0001, LR = 0.000076, No improvement: 7/200
Epoch 670: Train Loss = 0.0001, Val Loss = 0.0001, LR = 0.000076, No improvement: 8/200
Epoch 671: Train Loss = 0.0001, Val Loss = 0.0001, LR = 0.000076, No improvement: 9/200
Epoch 672: Train Loss = 0.0001, Val Loss = 0.0001, LR = 0.000076, No improvement: 10/200
Epoch 673: Train Loss = 0.0001, Val Loss = 0.0001, LR = 0.000076, No improvement: 11/200
Epoch 674: Train Loss = 0.0001, Val Loss = 0.0001, LR = 0.000076, No improvement: 12/200
Epoch 675: Train Loss = 0.0001, Val Loss = 0.0001, LR = 0.000076, No improvement: 13/200
Epoch 676: Train Loss = 0.0001, Val Loss = 0.0001, LR = 0.000076, No improvement: 14/200
Epoch 677: Train Loss = 0.0001, Val Loss = 0.0001, LR = 0.000075, No improvement: 15/200
Epoch 678: Train Loss = 0.0001, Val Loss = 0.0001, LR = 0.000075, No improvement: 16/200
Epoch 679: Train Loss = 0.0001, Val Loss = 0.0004, LR = 0.000075, No improvement: 17/200
Epoch 680: Train Loss = 0.0001, Val Loss = 0.0001, LR = 0.000075, No improvement: 18/200
Epoch 681: Train Loss = 0.0001, Val Loss = 0.0001, LR = 0.000075, No improvement: 19/200
Epoch 682: Train Loss = 0.0001, Val Loss = 0.0001, LR = 0.000075, No improvement: 20/200
Epoch 683: Train Loss = 0.0001, Val Loss = 0.0001, LR = 0.000075, No improvement: 21/200
Epoch 684: Train Loss = 0.0001, Val Loss = 0.0001, LR = 0.000075, No improvement: 22/200
Epoch 685: Train Loss = 0.0001, Val Loss = 0.0001, LR = 0.000075, No improvement: 23/200
Epoch 686: Train Loss = 0.0001, Val Loss = 0.0001, LR = 0.000075, No improvement: 24/200
Epoch 687: Train Loss = 0.0001, Val Loss = 0.0001, LR = 0.000075, No improvement: 25/200
✓ New best model saved: ./models/masked_ssl/combine_unique_MetaboLights_Workbench_Water_EDTA_Suppressed_rowMinMax_v4_20260728_053503_bs32_mr0.20-0.60_ps128_best.pth
Epoch 688: Train Loss = 0.0001, Val Loss = 0.0001, LR = 0.000075, No improvement: 0/200 ✓ IMPROVED
Epoch 689: Train Loss = 0.0001, Val Loss = 0.0001, LR = 0.000075, No improvement: 1/200
Epoch 690: Train Loss = 0.0001, Val Loss = 0.0001, LR = 0.000075, No improvement: 2/200
Epoch 691: Train Loss = 0.0001, Val Loss = 0.0002, LR = 0.000074, No improvement: 3/200
Epoch 692: Train Loss = 0.0001, Val Loss = 0.0001, LR = 0.000074, No improvement: 4/200
Epoch 693: Train Loss = 0.0001, Val Loss = 0.0001, LR = 0.000074, No improvement: 5/200
Epoch 694: Train Loss = 0.0001, Val Loss = 0.0001, LR = 0.000074, No improvement: 6/200
Epoch 695: Train Loss = 0.0001, Val Loss = 0.0001, LR = 0.000074, No improvement: 7/200
Epoch 696: Train Loss = 0.0001, Val Loss = 0.0001, LR = 0.000074, No improvement: 8/200
Epoch 697: Train Loss = 0.0001, Val Loss = 0.0001, LR = 0.000074, No improvement: 9/200
Epoch 698: Train Loss = 0.0001, Val Loss = 0.0001, LR = 0.000074, No improvement: 10/200
Epoch 699: Train Loss = 0.0001, Val Loss = 0.0001, LR = 0.000074, No improvement: 11/200
Epoch 700: Train Loss = 0.0001, Val Loss = 0.0001, LR = 0.000074, No improvement: 12/200
Epoch 701: Train Loss = 0.0001, Val Loss = 0.0001, LR = 0.000074, No improvement: 13/200
Epoch 702: Train Loss = 0.0001, Val Loss = 0.0001, LR = 0.000074, No improvement: 14/200
Epoch 703: Train Loss = 0.0001, Val Loss = 0.0001, LR = 0.000074, No improvement: 15/200
Epoch 704: Train Loss = 0.0001, Val Loss = 0.0001, LR = 0.000074, No improvement: 16/200
Epoch 705: Train Loss = 0.0001, Val Loss = 0.0001, LR = 0.000074, No improvement: 17/200
Epoch 706: Train Loss = 0.0001, Val Loss = 0.0001, LR = 0.000073, No improvement: 18/200
Epoch 707: Train Loss = 0.0001, Val Loss = 0.0001, LR = 0.000073, No improvement: 19/200
Epoch 708: Train Loss = 0.0001, Val Loss = 0.0001, LR = 0.000073, No improvement: 20/200
Epoch 709: Train Loss = 0.0001, Val Loss = 0.0001, LR = 0.000073, No improvement: 21/200
Epoch 710: Train Loss = 0.0001, Val Loss = 0.0001, LR = 0.000073, No improvement: 22/200
Epoch 711: Train Loss = 0.0001, Val Loss = 0.0001, LR = 0.000073, No improvement: 23/200
Epoch 712: Train Loss = 0.0001, Val Loss = 0.0001, LR = 0.000073, No improvement: 24/200
Epoch 713: Train Loss = 0.0001, Val Loss = 0.0001, LR = 0.000073, No improvement: 25/200
Epoch 714: Train Loss = 0.0001, Val Loss = 0.0001, LR = 0.000073, No improvement: 26/200
Epoch 715: Train Loss = 0.0001, Val Loss = 0.0001, LR = 0.000073, No improvement: 27/200
Epoch 716: Train Loss = 0.0001, Val Loss = 0.0001, LR = 0.000073, No improvement: 28/200
Epoch 717: Train Loss = 0.0001, Val Loss = 0.0001, LR = 0.000073, No improvement: 29/200
Epoch 718: Train Loss = 0.0001, Val Loss = 0.0001, LR = 0.000073, No improvement: 30/200
Epoch 719: Train Loss = 0.0001, Val Loss = 0.0001, LR = 0.000073, No improvement: 31/200
Epoch 720: Train Loss = 0.0001, Val Loss = 0.0001, LR = 0.000072, No improvement: 32/200
Epoch 721: Train Loss = 0.0001, Val Loss = 0.0001, LR = 0.000072, No improvement: 33/200
Epoch 722: Train Loss = 0.0001, Val Loss = 0.0001, LR = 0.000072, No improvement: 34/200
Epoch 723: Train Loss = 0.0001, Val Loss = 0.0001, LR = 0.000072, No improvement: 35/200
Epoch 724: Train Loss = 0.0001, Val Loss = 0.0001, LR = 0.000072, No improvement: 36/200
Epoch 725: Train Loss = 0.0001, Val Loss = 0.0001, LR = 0.000072, No improvement: 37/200
Epoch 726: Train Loss = 0.0001, Val Loss = 0.0001, LR = 0.000072, No improvement: 38/200
Epoch 727: Train Loss = 0.0001, Val Loss = 0.0001, LR = 0.000072, No improvement: 39/200
Epoch 728: Train Loss = 0.0001, Val Loss = 0.0001, LR = 0.000072, No improvement: 40/200
Epoch 729: Train Loss = 0.0001, Val Loss = 0.0001, LR = 0.000072, No improvement: 41/200
Epoch 730: Train Loss = 0.0001, Val Loss = 0.0001, LR = 0.000072, No improvement: 42/200
Epoch 731: Train Loss = 0.0001, Val Loss = 0.0001, LR = 0.000072, No improvement: 43/200
Epoch 732: Train Loss = 0.0001, Val Loss = 0.0001, LR = 0.000072, No improvement: 44/200
Epoch 733: Train Loss = 0.0001, Val Loss = 0.0001, LR = 0.000072, No improvement: 45/200
Epoch 734: Train Loss = 0.0001, Val Loss = 0.0001, LR = 0.000071, No improvement: 46/200
Epoch 735: Train Loss = 0.0001, Val Loss = 0.0001, LR = 0.000071, No improvement: 47/200
Epoch 736: Train Loss = 0.0001, Val Loss = 0.0002, LR = 0.000071, No improvement: 48/200
Epoch 737: Train Loss = 0.0001, Val Loss = 0.0001, LR = 0.000071, No improvement: 49/200
Epoch 738: Train Loss = 0.0001, Val Loss = 0.0001, LR = 0.000071, No improvement: 50/200
Epoch 739: Train Loss = 0.0001, Val Loss = 0.0001, LR = 0.000071, No improvement: 51/200
Epoch 740: Train Loss = 0.0001, Val Loss = 0.0001, LR = 0.000071, No improvement: 52/200
Epoch 741: Train Loss = 0.0001, Val Loss = 0.0001, LR = 0.000071, No improvement: 53/200
Epoch 742: Train Loss = 0.0001, Val Loss = 0.0001, LR = 0.000071, No improvement: 54/200
Epoch 743: Train Loss = 0.0001, Val Loss = 0.0001, LR = 0.000071, No improvement: 55/200
Epoch 744: Train Loss = 0.0001, Val Loss = 0.0001, LR = 0.000071, No improvement: 56/200
Epoch 745: Train Loss = 0.0001, Val Loss = 0.0001, LR = 0.000071, No improvement: 57/200
Epoch 746: Train Loss = 0.0001, Val Loss = 0.0001, LR = 0.000071, No improvement: 58/200
Epoch 747: Train Loss = 0.0001, Val Loss = 0.0001, LR = 0.000071, No improvement: 59/200
Epoch 748: Train Loss = 0.0001, Val Loss = 0.0001, LR = 0.000070, No improvement: 60/200
Epoch 749: Train Loss = 0.0001, Val Loss = 0.0001, LR = 0.000070, No improvement: 61/200
Epoch 750: Train Loss = 0.0001, Val Loss = 0.0001, LR = 0.000070, No improvement: 62/200
Epoch 751: Train Loss = 0.0001, Val Loss = 0.0001, LR = 0.000070, No improvement: 63/200
Epoch 752: Train Loss = 0.0001, Val Loss = 0.0001, LR = 0.000070, No improvement: 64/200
Epoch 753: Train Loss = 0.0001, Val Loss = 0.0001, LR = 0.000070, No improvement: 65/200
Epoch 754: Train Loss = 0.0001, Val Loss = 0.0001, LR = 0.000070, No improvement: 66/200
Epoch 755: Train Loss = 0.0001, Val Loss = 0.0001, LR = 0.000070, No improvement: 67/200
Epoch 756: Train Loss = 0.0001, Val Loss = 0.0001, LR = 0.000070, No improvement: 68/200
Epoch 757: Train Loss = 0.0001, Val Loss = 0.0001, LR = 0.000070, No improvement: 69/200
Epoch 758: Train Loss = 0.0001, Val Loss = 0.0001, LR = 0.000070, No improvement: 70/200
Epoch 759: Train Loss = 0.0001, Val Loss = 0.0001, LR = 0.000070, No improvement: 71/200
Epoch 760: Train Loss = 0.0001, Val Loss = 0.0001, LR = 0.000070, No improvement: 72/200
Epoch 761: Train Loss = 0.0001, Val Loss = 0.0001, LR = 0.000070, No improvement: 73/200
Epoch 762: Train Loss = 0.0001, Val Loss = 0.0001, LR = 0.000069, No improvement: 74/200
Epoch 763: Train Loss = 0.0001, Val Loss = 0.0001, LR = 0.000069, No improvement: 75/200
Epoch 764: Train Loss = 0.0001, Val Loss = 0.0001, LR = 0.000069, No improvement: 76/200
Epoch 765: Train Loss = 0.0001, Val Loss = 0.0001, LR = 0.000069, No improvement: 77/200
Epoch 766: Train Loss = 0.0001, Val Loss = 0.0001, LR = 0.000069, No improvement: 78/200
Epoch 767: Train Loss = 0.0001, Val Loss = 0.0001, LR = 0.000069, No improvement: 79/200
Epoch 768: Train Loss = 0.0001, Val Loss = 0.0001, LR = 0.000069, No improvement: 80/200
Epoch 769: Train Loss = 0.0001, Val Loss = 0.0001, LR = 0.000069, No improvement: 81/200
Epoch 770: Train Loss = 0.0001, Val Loss = 0.0001, LR = 0.000069, No improvement: 82/200
Epoch 771: Train Loss = 0.0001, Val Loss = 0.0001, LR = 0.000069, No improvement: 83/200
Epoch 772: Train Loss = 0.0001, Val Loss = 0.0001, LR = 0.000069, No improvement: 84/200
Epoch 773: Train Loss = 0.0001, Val Loss = 0.0001, LR = 0.000069, No improvement: 85/200
Epoch 774: Train Loss = 0.0001, Val Loss = 0.0001, LR = 0.000069, No improvement: 86/200
Epoch 775: Train Loss = 0.0001, Val Loss = 0.0001, LR = 0.000069, No improvement: 87/200
Epoch 776: Train Loss = 0.0001, Val Loss = 0.0001, LR = 0.000068, No improvement: 88/200
Epoch 777: Train Loss = 0.0001, Val Loss = 0.0001, LR = 0.000068, No improvement: 89/200
Epoch 778: Train Loss = 0.0001, Val Loss = 0.0001, LR = 0.000068, No improvement: 90/200
Epoch 779: Train Loss = 0.0001, Val Loss = 0.0001, LR = 0.000068, No improvement: 91/200
Epoch 780: Train Loss = 0.0001, Val Loss = 0.0001, LR = 0.000068, No improvement: 92/200
Epoch 781: Train Loss = 0.0001, Val Loss = 0.0001, LR = 0.000068, No improvement: 93/200
Epoch 782: Train Loss = 0.0001, Val Loss = 0.0001, LR = 0.000068, No improvement: 94/200
Epoch 783: Train Loss = 0.0001, Val Loss = 0.0001, LR = 0.000068, No improvement: 95/200
Epoch 784: Train Loss = 0.0001, Val Loss = 0.0001, LR = 0.000068, No improvement: 96/200
Epoch 785: Train Loss = 0.0001, Val Loss = 0.0001, LR = 0.000068, No improvement: 97/200
Epoch 786: Train Loss = 0.0001, Val Loss = 0.0001, LR = 0.000068, No improvement: 98/200
Epoch 787: Train Loss = 0.0001, Val Loss = 0.0001, LR = 0.000068, No improvement: 99/200
Epoch 788: Train Loss = 0.0001, Val Loss = 0.0001, LR = 0.000068, No improvement: 100/200
Epoch 789: Train Loss = 0.0001, Val Loss = 0.0001, LR = 0.000068, No improvement: 101/200
Epoch 790: Train Loss = 0.0001, Val Loss = 0.0001, LR = 0.000067, No improvement: 102/200
Epoch 791: Train Loss = 0.0001, Val Loss = 0.0001, LR = 0.000067, No improvement: 103/200
Epoch 792: Train Loss = 0.0001, Val Loss = 0.0001, LR = 0.000067, No improvement: 104/200
Epoch 793: Train Loss = 0.0001, Val Loss = 0.0001, LR = 0.000067, No improvement: 105/200
Epoch 794: Train Loss = 0.0001, Val Loss = 0.0001, LR = 0.000067, No improvement: 106/200
Epoch 795: Train Loss = 0.0001, Val Loss = 0.0001, LR = 0.000067, No improvement: 107/200
Epoch 796: Train Loss = 0.0001, Val Loss = 0.0006, LR = 0.000067, No improvement: 108/200
Epoch 797: Train Loss = 0.0001, Val Loss = 0.0001, LR = 0.000067, No improvement: 109/200
Epoch 798: Train Loss = 0.0001, Val Loss = 0.0001, LR = 0.000067, No improvement: 110/200
Epoch 799: Train Loss = 0.0001, Val Loss = 0.0001, LR = 0.000067, No improvement: 111/200
Epoch 800: Train Loss = 0.0001, Val Loss = 0.0001, LR = 0.000067, No improvement: 112/200
Epoch 801: Train Loss = 0.0001, Val Loss = 0.0001, LR = 0.000067, No improvement: 113/200
Epoch 802: Train Loss = 0.0001, Val Loss = 0.0001, LR = 0.000067, No improvement: 114/200
Epoch 803: Train Loss = 0.0001, Val Loss = 0.0001, LR = 0.000066, No improvement: 115/200
✓ New best model saved: ./models/masked_ssl/combine_unique_MetaboLights_Workbench_Water_EDTA_Suppressed_rowMinMax_v4_20260728_053503_bs32_mr0.20-0.60_ps128_best.pth
Epoch 804: Train Loss = 0.0001, Val Loss = 0.0001, LR = 0.000066, No improvement: 0/200 ✓ IMPROVED
Epoch 805: Train Loss = 0.0001, Val Loss = 0.0001, LR = 0.000066, No improvement: 1/200
Epoch 806: Train Loss = 0.0001, Val Loss = 0.0001, LR = 0.000066, No improvement: 2/200
Epoch 807: Train Loss = 0.0001, Val Loss = 0.0001, LR = 0.000066, No improvement: 3/200
Epoch 808: Train Loss = 0.0001, Val Loss = 0.0001, LR = 0.000066, No improvement: 4/200
Epoch 809: Train Loss = 0.0001, Val Loss = 0.0001, LR = 0.000066, No improvement: 5/200
Epoch 810: Train Loss = 0.0001, Val Loss = 0.0001, LR = 0.000066, No improvement: 6/200
Epoch 811: Train Loss = 0.0001, Val Loss = 0.0001, LR = 0.000066, No improvement: 7/200
Epoch 812: Train Loss = 0.0001, Val Loss = 0.0001, LR = 0.000066, No improvement: 8/200
Epoch 813: Train Loss = 0.0001, Val Loss = 0.0001, LR = 0.000066, No improvement: 9/200
✓ New best model saved: ./models/masked_ssl/combine_unique_MetaboLights_Workbench_Water_EDTA_Suppressed_rowMinMax_v4_20260728_053503_bs32_mr0.20-0.60_ps128_best.pth
Epoch 814: Train Loss = 0.0001, Val Loss = 0.0001, LR = 0.000066, No improvement: 0/200 ✓ IMPROVED
Epoch 815: Train Loss = 0.0001, Val Loss = 0.0001, LR = 0.000066, No improvement: 1/200
Epoch 816: Train Loss = 0.0001, Val Loss = 0.0001, LR = 0.000065, No improvement: 2/200
Epoch 817: Train Loss = 0.0001, Val Loss = 0.0001, LR = 0.000065, No improvement: 3/200
Epoch 818: Train Loss = 0.0001, Val Loss = 0.0001, LR = 0.000065, No improvement: 4/200
Epoch 819: Train Loss = 0.0001, Val Loss = 0.0001, LR = 0.000065, No improvement: 5/200
Epoch 820: Train Loss = 0.0001, Val Loss = 0.0001, LR = 0.000065, No improvement: 6/200
Epoch 821: Train Loss = 0.0001, Val Loss = 0.0001, LR = 0.000065, No improvement: 7/200
Epoch 822: Train Loss = 0.0001, Val Loss = 0.0001, LR = 0.000065, No improvement: 8/200
Epoch 823: Train Loss = 0.0001, Val Loss = 0.0001, LR = 0.000065, No improvement: 9/200
Epoch 824: Train Loss = 0.0001, Val Loss = 0.0001, LR = 0.000065, No improvement: 10/200
Epoch 825: Train Loss = 0.0001, Val Loss = 0.0001, LR = 0.000065, No improvement: 11/200
Epoch 826: Train Loss = 0.0001, Val Loss = 0.0001, LR = 0.000065, No improvement: 12/200
Epoch 827: Train Loss = 0.0001, Val Loss = 0.0001, LR = 0.000065, No improvement: 13/200
Epoch 828: Train Loss = 0.0001, Val Loss = 0.0001, LR = 0.000065, No improvement: 14/200
Epoch 829: Train Loss = 0.0001, Val Loss = 0.0001, LR = 0.000065, No improvement: 15/200
Epoch 830: Train Loss = 0.0001, Val Loss = 0.0001, LR = 0.000064, No improvement: 16/200
Epoch 831: Train Loss = 0.0001, Val Loss = 0.0001, LR = 0.000064, No improvement: 17/200
Epoch 832: Train Loss = 0.0001, Val Loss = 0.0003, LR = 0.000064, No improvement: 18/200
Epoch 833: Train Loss = 0.0001, Val Loss = 0.0001, LR = 0.000064, No improvement: 19/200
Epoch 834: Train Loss = 0.0001, Val Loss = 0.0001, LR = 0.000064, No improvement: 20/200
Epoch 835: Train Loss = 0.0001, Val Loss = 0.0001, LR = 0.000064, No improvement: 21/200
Epoch 836: Train Loss = 0.0001, Val Loss = 0.0001, LR = 0.000064, No improvement: 22/200
Epoch 837: Train Loss = 0.0001, Val Loss = 0.0001, LR = 0.000064, No improvement: 23/200
Epoch 838: Train Loss = 0.0001, Val Loss = 0.0001, LR = 0.000064, No improvement: 24/200
Epoch 839: Train Loss = 0.0001, Val Loss = 0.0001, LR = 0.000064, No improvement: 25/200
Epoch 840: Train Loss = 0.0001, Val Loss = 0.0001, LR = 0.000064, No improvement: 26/200
Epoch 841: Train Loss = 0.0001, Val Loss = 0.0001, LR = 0.000064, No improvement: 27/200
Epoch 842: Train Loss = 0.0001, Val Loss = 0.0001, LR = 0.000064, No improvement: 28/200
Epoch 843: Train Loss = 0.0001, Val Loss = 0.0001, LR = 0.000063, No improvement: 29/200
Epoch 844: Train Loss = 0.0001, Val Loss = 0.0001, LR = 0.000063, No improvement: 30/200
Epoch 845: Train Loss = 0.0001, Val Loss = 0.0001, LR = 0.000063, No improvement: 31/200
Epoch 846: Train Loss = 0.0001, Val Loss = 0.0001, LR = 0.000063, No improvement: 32/200
✓ New best model saved: ./models/masked_ssl/combine_unique_MetaboLights_Workbench_Water_EDTA_Suppressed_rowMinMax_v4_20260728_053503_bs32_mr0.20-0.60_ps128_best.pth
Epoch 847: Train Loss = 0.0001, Val Loss = 0.0001, LR = 0.000063, No improvement: 0/200 ✓ IMPROVED
Epoch 848: Train Loss = 0.0001, Val Loss = 0.0001, LR = 0.000063, No improvement: 1/200
Epoch 849: Train Loss = 0.0001, Val Loss = 0.0001, LR = 0.000063, No improvement: 2/200
Epoch 850: Train Loss = 0.0001, Val Loss = 0.0001, LR = 0.000063, No improvement: 3/200
Epoch 851: Train Loss = 0.0001, Val Loss = 0.0001, LR = 0.000063, No improvement: 4/200
Epoch 852: Train Loss = 0.0001, Val Loss = 0.0001, LR = 0.000063, No improvement: 5/200
Epoch 853: Train Loss = 0.0001, Val Loss = 0.0001, LR = 0.000063, No improvement: 6/200
Epoch 854: Train Loss = 0.0001, Val Loss = 0.0001, LR = 0.000063, No improvement: 7/200
Epoch 855: Train Loss = 0.0001, Val Loss = 0.0001, LR = 0.000063, No improvement: 8/200
Epoch 856: Train Loss = 0.0001, Val Loss = 0.0001, LR = 0.000062, No improvement: 9/200
Epoch 857: Train Loss = 0.0001, Val Loss = 0.0001, LR = 0.000062, No improvement: 10/200
Epoch 858: Train Loss = 0.0001, Val Loss = 0.0001, LR = 0.000062, No improvement: 11/200
Epoch 859: Train Loss = 0.0001, Val Loss = 0.0001, LR = 0.000062, No improvement: 12/200
Epoch 860: Train Loss = 0.0001, Val Loss = 0.0001, LR = 0.000062, No improvement: 13/200
Epoch 861: Train Loss = 0.0001, Val Loss = 0.0001, LR = 0.000062, No improvement: 14/200
Epoch 862: Train Loss = 0.0001, Val Loss = 0.0001, LR = 0.000062, No improvement: 15/200
Epoch 863: Train Loss = 0.0001, Val Loss = 0.0001, LR = 0.000062, No improvement: 16/200
Epoch 864: Train Loss = 0.0001, Val Loss = 0.0001, LR = 0.000062, No improvement: 17/200
Epoch 865: Train Loss = 0.0001, Val Loss = 0.0001, LR = 0.000062, No improvement: 18/200
Epoch 866: Train Loss = 0.0001, Val Loss = 0.0001, LR = 0.000062, No improvement: 19/200
Epoch 867: Train Loss = 0.0001, Val Loss = 0.0001, LR = 0.000062, No improvement: 20/200
Epoch 868: Train Loss = 0.0001, Val Loss = 0.0001, LR = 0.000062, No improvement: 21/200
Epoch 869: Train Loss = 0.0001, Val Loss = 0.0001, LR = 0.000061, No improvement: 22/200
Epoch 870: Train Loss = 0.0001, Val Loss = 0.0001, LR = 0.000061, No improvement: 23/200
Epoch 871: Train Loss = 0.0001, Val Loss = 0.0001, LR = 0.000061, No improvement: 24/200
Epoch 872: Train Loss = 0.0001, Val Loss = 0.0001, LR = 0.000061, No improvement: 25/200
Epoch 873: Train Loss = 0.0001, Val Loss = 0.0001, LR = 0.000061, No improvement: 26/200
Epoch 874: Train Loss = 0.0001, Val Loss = 0.0001, LR = 0.000061, No improvement: 27/200
Epoch 875: Train Loss = 0.0001, Val Loss = 0.0001, LR = 0.000061, No improvement: 28/200
Epoch 876: Train Loss = 0.0001, Val Loss = 0.0001, LR = 0.000061, No improvement: 29/200
Epoch 877: Train Loss = 0.0001, Val Loss = 0.0001, LR = 0.000061, No improvement: 30/200
Epoch 878: Train Loss = 0.0001, Val Loss = 0.0001, LR = 0.000061, No improvement: 31/200
Epoch 879: Train Loss = 0.0001, Val Loss = 0.0001, LR = 0.000061, No improvement: 32/200
Epoch 880: Train Loss = 0.0001, Val Loss = 0.0001, LR = 0.000061, No improvement: 33/200
Epoch 881: Train Loss = 0.0001, Val Loss = 0.0001, LR = 0.000061, No improvement: 34/200
Epoch 882: Train Loss = 0.0001, Val Loss = 0.0001, LR = 0.000060, No improvement: 35/200
Epoch 883: Train Loss = 0.0001, Val Loss = 0.0001, LR = 0.000060, No improvement: 36/200
Epoch 884: Train Loss = 0.0001, Val Loss = 0.0001, LR = 0.000060, No improvement: 37/200
Epoch 885: Train Loss = 0.0001, Val Loss = 0.0001, LR = 0.000060, No improvement: 38/200
Epoch 886: Train Loss = 0.0001, Val Loss = 0.0001, LR = 0.000060, No improvement: 39/200
Epoch 887: Train Loss = 0.0001, Val Loss = 0.0001, LR = 0.000060, No improvement: 40/200
Epoch 888: Train Loss = 0.0001, Val Loss = 0.0001, LR = 0.000060, No improvement: 41/200
Epoch 889: Train Loss = 0.0001, Val Loss = 0.0001, LR = 0.000060, No improvement: 42/200
Epoch 890: Train Loss = 0.0001, Val Loss = 0.0001, LR = 0.000060, No improvement: 43/200
Epoch 891: Train Loss = 0.0001, Val Loss = 0.0001, LR = 0.000060, No improvement: 44/200
Epoch 892: Train Loss = 0.0001, Val Loss = 0.0001, LR = 0.000060, No improvement: 45/200
Epoch 893: Train Loss = 0.0001, Val Loss = 0.0001, LR = 0.000060, No improvement: 46/200
Epoch 894: Train Loss = 0.0001, Val Loss = 0.0001, LR = 0.000060, No improvement: 47/200
Epoch 895: Train Loss = 0.0001, Val Loss = 0.0001, LR = 0.000059, No improvement: 48/200
Epoch 896: Train Loss = 0.0001, Val Loss = 0.0001, LR = 0.000059, No improvement: 49/200
Epoch 897: Train Loss = 0.0001, Val Loss = 0.0001, LR = 0.000059, No improvement: 50/200
Epoch 898: Train Loss = 0.0001, Val Loss = 0.0001, LR = 0.000059, No improvement: 51/200
Epoch 899: Train Loss = 0.0001, Val Loss = 0.0001, LR = 0.000059, No improvement: 52/200
Epoch 900: Train Loss = 0.0001, Val Loss = 0.0001, LR = 0.000059, No improvement: 53/200
Epoch 901: Train Loss = 0.0001, Val Loss = 0.0001, LR = 0.000059, No improvement: 54/200
Epoch 902: Train Loss = 0.0001, Val Loss = 0.0001, LR = 0.000059, No improvement: 55/200
Epoch 903: Train Loss = 0.0001, Val Loss = 0.0001, LR = 0.000059, No improvement: 56/200
Epoch 904: Train Loss = 0.0001, Val Loss = 0.0001, LR = 0.000059, No improvement: 57/200
Epoch 905: Train Loss = 0.0001, Val Loss = 0.0001, LR = 0.000059, No improvement: 58/200
Epoch 906: Train Loss = 0.0001, Val Loss = 0.0001, LR = 0.000059, No improvement: 59/200
Epoch 907: Train Loss = 0.0001, Val Loss = 0.0001, LR = 0.000059, No improvement: 60/200
Epoch 908: Train Loss = 0.0001, Val Loss = 0.0001, LR = 0.000058, No improvement: 61/200
Epoch 909: Train Loss = 0.0001, Val Loss = 0.0001, LR = 0.000058, No improvement: 62/200
Epoch 910: Train Loss = 0.0001, Val Loss = 0.0001, LR = 0.000058, No improvement: 63/200
Epoch 911: Train Loss = 0.0001, Val Loss = 0.0001, LR = 0.000058, No improvement: 64/200
Epoch 912: Train Loss = 0.0001, Val Loss = 0.0001, LR = 0.000058, No improvement: 65/200
Epoch 913: Train Loss = 0.0001, Val Loss = 0.0001, LR = 0.000058, No improvement: 66/200
Epoch 914: Train Loss = 0.0001, Val Loss = 0.0001, LR = 0.000058, No improvement: 67/200
Epoch 915: Train Loss = 0.0001, Val Loss = 0.0001, LR = 0.000058, No improvement: 68/200
Epoch 916: Train Loss = 0.0001, Val Loss = 0.0002, LR = 0.000058, No improvement: 69/200
Epoch 917: Train Loss = 0.0001, Val Loss = 0.0001, LR = 0.000058, No improvement: 70/200
Epoch 918: Train Loss = 0.0001, Val Loss = 0.0001, LR = 0.000058, No improvement: 71/200
Epoch 919: Train Loss = 0.0001, Val Loss = 0.0001, LR = 0.000058, No improvement: 72/200
Epoch 920: Train Loss = 0.0001, Val Loss = 0.0001, LR = 0.000058, No improvement: 73/200
Epoch 921: Train Loss = 0.0001, Val Loss = 0.0001, LR = 0.000057, No improvement: 74/200
Epoch 922: Train Loss = 0.0001, Val Loss = 0.0001, LR = 0.000057, No improvement: 75/200
Epoch 923: Train Loss = 0.0001, Val Loss = 0.0001, LR = 0.000057, No improvement: 76/200
Epoch 924: Train Loss = 0.0001, Val Loss = 0.0001, LR = 0.000057, No improvement: 77/200
Epoch 925: Train Loss = 0.0001, Val Loss = 0.0001, LR = 0.000057, No improvement: 78/200
Epoch 926: Train Loss = 0.0001, Val Loss = 0.0001, LR = 0.000057, No improvement: 79/200
Epoch 927: Train Loss = 0.0001, Val Loss = 0.0001, LR = 0.000057, No improvement: 80/200
Epoch 928: Train Loss = 0.0001, Val Loss = 0.0001, LR = 0.000057, No improvement: 81/200
Epoch 929: Train Loss = 0.0001, Val Loss = 0.0001, LR = 0.000057, No improvement: 82/200
Epoch 930: Train Loss = 0.0001, Val Loss = 0.0001, LR = 0.000057, No improvement: 83/200
Epoch 931: Train Loss = 0.0001, Val Loss = 0.0001, LR = 0.000057, No improvement: 84/200
Epoch 932: Train Loss = 0.0001, Val Loss = 0.0001, LR = 0.000057, No improvement: 85/200
Epoch 933: Train Loss = 0.0001, Val Loss = 0.0001, LR = 0.000057, No improvement: 86/200
Epoch 934: Train Loss = 0.0001, Val Loss = 0.0001, LR = 0.000056, No improvement: 87/200
Epoch 935: Train Loss = 0.0001, Val Loss = 0.0001, LR = 0.000056, No improvement: 88/200
Epoch 936: Train Loss = 0.0001, Val Loss = 0.0001, LR = 0.000056, No improvement: 89/200
Epoch 937: Train Loss = 0.0001, Val Loss = 0.0003, LR = 0.000056, No improvement: 90/200
Epoch 938: Train Loss = 0.0001, Val Loss = 0.0001, LR = 0.000056, No improvement: 91/200
Epoch 939: Train Loss = 0.0001, Val Loss = 0.0002, LR = 0.000056, No improvement: 92/200
Epoch 940: Train Loss = 0.0001, Val Loss = 0.0001, LR = 0.000056, No improvement: 93/200
Epoch 941: Train Loss = 0.0001, Val Loss = 0.0001, LR = 0.000056, No improvement: 94/200
Epoch 942: Train Loss = 0.0001, Val Loss = 0.0001, LR = 0.000056, No improvement: 95/200
Epoch 943: Train Loss = 0.0001, Val Loss = 0.0001, LR = 0.000056, No improvement: 96/200
Epoch 944: Train Loss = 0.0001, Val Loss = 0.0001, LR = 0.000056, No improvement: 97/200
Epoch 945: Train Loss = 0.0001, Val Loss = 0.0003, LR = 0.000056, No improvement: 98/200
Epoch 946: Train Loss = 0.0001, Val Loss = 0.0001, LR = 0.000056, No improvement: 99/200
Epoch 947: Train Loss = 0.0001, Val Loss = 0.0001, LR = 0.000055, No improvement: 100/200
Epoch 948: Train Loss = 0.0001, Val Loss = 0.0001, LR = 0.000055, No improvement: 101/200
Epoch 949: Train Loss = 0.0001, Val Loss = 0.0001, LR = 0.000055, No improvement: 102/200
Epoch 950: Train Loss = 0.0001, Val Loss = 0.0001, LR = 0.000055, No improvement: 103/200
Epoch 951: Train Loss = 0.0001, Val Loss = 0.0001, LR = 0.000055, No improvement: 104/200
Epoch 952: Train Loss = 0.0001, Val Loss = 0.0001, LR = 0.000055, No improvement: 105/200
Epoch 953: Train Loss = 0.0001, Val Loss = 0.0001, LR = 0.000055, No improvement: 106/200
Epoch 954: Train Loss = 0.0001, Val Loss = 0.0001, LR = 0.000055, No improvement: 107/200
Epoch 955: Train Loss = 0.0001, Val Loss = 0.0001, LR = 0.000055, No improvement: 108/200
Epoch 956: Train Loss = 0.0001, Val Loss = 0.0001, LR = 0.000055, No improvement: 109/200
Epoch 957: Train Loss = 0.0001, Val Loss = 0.0001, LR = 0.000055, No improvement: 110/200
Epoch 958: Train Loss = 0.0001, Val Loss = 0.0001, LR = 0.000055, No improvement: 111/200
Epoch 959: Train Loss = 0.0001, Val Loss = 0.0001, LR = 0.000055, No improvement: 112/200
Epoch 960: Train Loss = 0.0001, Val Loss = 0.0001, LR = 0.000054, No improvement: 113/200
Epoch 961: Train Loss = 0.0001, Val Loss = 0.0001, LR = 0.000054, No improvement: 114/200
Epoch 962: Train Loss = 0.0001, Val Loss = 0.0001, LR = 0.000054, No improvement: 115/200
Epoch 963: Train Loss = 0.0001, Val Loss = 0.0001, LR = 0.000054, No improvement: 116/200
Epoch 964: Train Loss = 0.0001, Val Loss = 0.0001, LR = 0.000054, No improvement: 117/200
Epoch 965: Train Loss = 0.0001, Val Loss = 0.0001, LR = 0.000054, No improvement: 118/200
Epoch 966: Train Loss = 0.0001, Val Loss = 0.0001, LR = 0.000054, No improvement: 119/200
Epoch 967: Train Loss = 0.0001, Val Loss = 0.0001, LR = 0.000054, No improvement: 120/200
Epoch 968: Train Loss = 0.0001, Val Loss = 0.0001, LR = 0.000054, No improvement: 121/200
Epoch 969: Train Loss = 0.0001, Val Loss = 0.0001, LR = 0.000054, No improvement: 122/200
Epoch 970: Train Loss = 0.0001, Val Loss = 0.0001, LR = 0.000054, No improvement: 123/200
Epoch 971: Train Loss = 0.0001, Val Loss = 0.0001, LR = 0.000054, No improvement: 124/200
Epoch 972: Train Loss = 0.0001, Val Loss = 0.0001, LR = 0.000053, No improvement: 125/200
Epoch 973: Train Loss = 0.0001, Val Loss = 0.0001, LR = 0.000053, No improvement: 126/200
Epoch 974: Train Loss = 0.0001, Val Loss = 0.0001, LR = 0.000053, No improvement: 127/200
Epoch 975: Train Loss = 0.0001, Val Loss = 0.0001, LR = 0.000053, No improvement: 128/200
Epoch 976: Train Loss = 0.0001, Val Loss = 0.0001, LR = 0.000053, No improvement: 129/200
Epoch 977: Train Loss = 0.0001, Val Loss = 0.0001, LR = 0.000053, No improvement: 130/200
Epoch 978: Train Loss = 0.0001, Val Loss = 0.0001, LR = 0.000053, No improvement: 131/200
Epoch 979: Train Loss = 0.0001, Val Loss = 0.0001, LR = 0.000053, No improvement: 132/200
Epoch 980: Train Loss = 0.0001, Val Loss = 0.0001, LR = 0.000053, No improvement: 133/200
Epoch 981: Train Loss = 0.0001, Val Loss = 0.0001, LR = 0.000053, No improvement: 134/200
Epoch 982: Train Loss = 0.0001, Val Loss = 0.0001, LR = 0.000053, No improvement: 135/200
Epoch 983: Train Loss = 0.0001, Val Loss = 0.0001, LR = 0.000053, No improvement: 136/200
Epoch 984: Train Loss = 0.0001, Val Loss = 0.0001, LR = 0.000053, No improvement: 137/200
Epoch 985: Train Loss = 0.0001, Val Loss = 0.0001, LR = 0.000052, No improvement: 138/200
Epoch 986: Train Loss = 0.0001, Val Loss = 0.0001, LR = 0.000052, No improvement: 139/200
Epoch 987: Train Loss = 0.0001, Val Loss = 0.0001, LR = 0.000052, No improvement: 140/200
Epoch 988: Train Loss = 0.0001, Val Loss = 0.0001, LR = 0.000052, No improvement: 141/200
Epoch 989: Train Loss = 0.0001, Val Loss = 0.0001, LR = 0.000052, No improvement: 142/200
Epoch 990: Train Loss = 0.0001, Val Loss = 0.0001, LR = 0.000052, No improvement: 143/200
Epoch 991: Train Loss = 0.0001, Val Loss = 0.0001, LR = 0.000052, No improvement: 144/200
Epoch 992: Train Loss = 0.0001, Val Loss = 0.0001, LR = 0.000052, No improvement: 145/200
Epoch 993: Train Loss = 0.0001, Val Loss = 0.0001, LR = 0.000052, No improvement: 146/200
Epoch 994: Train Loss = 0.0001, Val Loss = 0.0001, LR = 0.000052, No improvement: 147/200
Epoch 995: Train Loss = 0.0001, Val Loss = 0.0001, LR = 0.000052, No improvement: 148/200
Epoch 996: Train Loss = 0.0001, Val Loss = 0.0001, LR = 0.000052, No improvement: 149/200
✓ New best model saved: ./models/masked_ssl/combine_unique_MetaboLights_Workbench_Water_EDTA_Suppressed_rowMinMax_v4_20260728_053503_bs32_mr0.20-0.60_ps128_best.pth
Epoch 997: Train Loss = 0.0001, Val Loss = 0.0001, LR = 0.000052, No improvement: 0/200 ✓ IMPROVED
Epoch 998: Train Loss = 0.0001, Val Loss = 0.0001, LR = 0.000051, No improvement: 1/200
Epoch 999: Train Loss = 0.0001, Val Loss = 0.0001, LR = 0.000051, No improvement: 2/200
Epoch 1000: Train Loss = 0.0001, Val Loss = 0.0001, LR = 0.000051, No improvement: 3/200
Epoch 1001: Train Loss = 0.0001, Val Loss = 0.0001, LR = 0.000051, No improvement: 4/200
Epoch 1002: Train Loss = 0.0001, Val Loss = 0.0001, LR = 0.000051, No improvement: 5/200
Epoch 1003: Train Loss = 0.0001, Val Loss = 0.0001, LR = 0.000051, No improvement: 6/200
Epoch 1004: Train Loss = 0.0001, Val Loss = 0.0001, LR = 0.000051, No improvement: 7/200
Epoch 1005: Train Loss = 0.0001, Val Loss = 0.0001, LR = 0.000051, No improvement: 8/200
Epoch 1006: Train Loss = 0.0001, Val Loss = 0.0001, LR = 0.000051, No improvement: 9/200
Epoch 1007: Train Loss = 0.0001, Val Loss = 0.0001, LR = 0.000051, No improvement: 10/200
Epoch 1008: Train Loss = 0.0001, Val Loss = 0.0001, LR = 0.000051, No improvement: 11/200
Epoch 1009: Train Loss = 0.0001, Val Loss = 0.0001, LR = 0.000051, No improvement: 12/200
Epoch 1010: Train Loss = 0.0001, Val Loss = 0.0001, LR = 0.000051, No improvement: 13/200
Epoch 1011: Train Loss = 0.0001, Val Loss = 0.0001, LR = 0.000050, No improvement: 14/200
Epoch 1012: Train Loss = 0.0001, Val Loss = 0.0001, LR = 0.000050, No improvement: 15/200
Epoch 1013: Train Loss = 0.0001, Val Loss = 0.0001, LR = 0.000050, No improvement: 16/200
Epoch 1014: Train Loss = 0.0001, Val Loss = 0.0001, LR = 0.000050, No improvement: 17/200
Epoch 1015: Train Loss = 0.0001, Val Loss = 0.0001, LR = 0.000050, No improvement: 18/200
Epoch 1016: Train Loss = 0.0001, Val Loss = 0.0001, LR = 0.000050, No improvement: 19/200
✓ New best model saved: ./models/masked_ssl/combine_unique_MetaboLights_Workbench_Water_EDTA_Suppressed_rowMinMax_v4_20260728_053503_bs32_mr0.20-0.60_ps128_best.pth
Epoch 1017: Train Loss = 0.0001, Val Loss = 0.0001, LR = 0.000050, No improvement: 0/200 ✓ IMPROVED
Epoch 1018: Train Loss = 0.0001, Val Loss = 0.0001, LR = 0.000050, No improvement: 1/200
Epoch 1019: Train Loss = 0.0001, Val Loss = 0.0001, LR = 0.000050, No improvement: 2/200
Epoch 1020: Train Loss = 0.0001, Val Loss = 0.0001, LR = 0.000050, No improvement: 3/200
Epoch 1021: Train Loss = 0.0001, Val Loss = 0.0001, LR = 0.000050, No improvement: 4/200
Epoch 1022: Train Loss = 0.0001, Val Loss = 0.0001, LR = 0.000050, No improvement: 5/200
Epoch 1023: Train Loss = 0.0001, Val Loss = 0.0001, LR = 0.000049, No improvement: 6/200
Epoch 1024: Train Loss = 0.0001, Val Loss = 0.0001, LR = 0.000049, No improvement: 7/200
Epoch 1025: Train Loss = 0.0001, Val Loss = 0.0001, LR = 0.000049, No improvement: 8/200
Epoch 1026: Train Loss = 0.0001, Val Loss = 0.0001, LR = 0.000049, No improvement: 9/200
Epoch 1027: Train Loss = 0.0001, Val Loss = 0.0001, LR = 0.000049, No improvement: 10/200
Epoch 1028: Train Loss = 0.0001, Val Loss = 0.0001, LR = 0.000049, No improvement: 11/200
Epoch 1029: Train Loss = 0.0001, Val Loss = 0.0001, LR = 0.000049, No improvement: 12/200
Epoch 1030: Train Loss = 0.0001, Val Loss = 0.0001, LR = 0.000049, No improvement: 13/200
Epoch 1031: Train Loss = 0.0001, Val Loss = 0.0001, LR = 0.000049, No improvement: 14/200
Epoch 1032: Train Loss = 0.0001, Val Loss = 0.0001, LR = 0.000049, No improvement: 15/200
Epoch 1033: Train Loss = 0.0001, Val Loss = 0.0001, LR = 0.000049, No improvement: 16/200
Epoch 1034: Train Loss = 0.0001, Val Loss = 0.0001, LR = 0.000049, No improvement: 17/200
Epoch 1035: Train Loss = 0.0001, Val Loss = 0.0003, LR = 0.000049, No improvement: 18/200
Epoch 1036: Train Loss = 0.0001, Val Loss = 0.0001, LR = 0.000048, No improvement: 19/200
Epoch 1037: Train Loss = 0.0001, Val Loss = 0.0001, LR = 0.000048, No improvement: 20/200
Epoch 1038: Train Loss = 0.0001, Val Loss = 0.0001, LR = 0.000048, No improvement: 21/200
Epoch 1039: Train Loss = 0.0001, Val Loss = 0.0001, LR = 0.000048, No improvement: 22/200
Epoch 1040: Train Loss = 0.0001, Val Loss = 0.0001, LR = 0.000048, No improvement: 23/200
Epoch 1041: Train Loss = 0.0001, Val Loss = 0.0001, LR = 0.000048, No improvement: 24/200
Epoch 1042: Train Loss = 0.0001, Val Loss = 0.0001, LR = 0.000048, No improvement: 25/200
Epoch 1043: Train Loss = 0.0001, Val Loss = 0.0001, LR = 0.000048, No improvement: 26/200
Epoch 1044: Train Loss = 0.0001, Val Loss = 0.0001, LR = 0.000048, No improvement: 27/200
Epoch 1045: Train Loss = 0.0001, Val Loss = 0.0001, LR = 0.000048, No improvement: 28/200
Epoch 1046: Train Loss = 0.0001, Val Loss = 0.0000, LR = 0.000048, No improvement: 29/200
Epoch 1047: Train Loss = 0.0001, Val Loss = 0.0001, LR = 0.000048, No improvement: 30/200
Epoch 1048: Train Loss = 0.0001, Val Loss = 0.0001, LR = 0.000048, No improvement: 31/200
Epoch 1049: Train Loss = 0.0001, Val Loss = 0.0001, LR = 0.000047, No improvement: 32/200
Epoch 1050: Train Loss = 0.0001, Val Loss = 0.0001, LR = 0.000047, No improvement: 33/200
Epoch 1051: Train Loss = 0.0001, Val Loss = 0.0001, LR = 0.000047, No improvement: 34/200
Epoch 1052: Train Loss = 0.0001, Val Loss = 0.0001, LR = 0.000047, No improvement: 35/200
Epoch 1053: Train Loss = 0.0001, Val Loss = 0.0001, LR = 0.000047, No improvement: 36/200
Epoch 1054: Train Loss = 0.0001, Val Loss = 0.0001, LR = 0.000047, No improvement: 37/200
Epoch 1055: Train Loss = 0.0001, Val Loss = 0.0003, LR = 0.000047, No improvement: 38/200
Epoch 1056: Train Loss = 0.0001, Val Loss = 0.0001, LR = 0.000047, No improvement: 39/200
Epoch 1057: Train Loss = 0.0001, Val Loss = 0.0001, LR = 0.000047, No improvement: 40/200
Epoch 1058: Train Loss = 0.0001, Val Loss = 0.0001, LR = 0.000047, No improvement: 41/200
Epoch 1059: Train Loss = 0.0001, Val Loss = 0.0001, LR = 0.000047, No improvement: 42/200
Epoch 1060: Train Loss = 0.0001, Val Loss = 0.0001, LR = 0.000047, No improvement: 43/200
Epoch 1061: Train Loss = 0.0001, Val Loss = 0.0001, LR = 0.000046, No improvement: 44/200
Epoch 1062: Train Loss = 0.0001, Val Loss = 0.0001, LR = 0.000046, No improvement: 45/200
Epoch 1063: Train Loss = 0.0001, Val Loss = 0.0001, LR = 0.000046, No improvement: 46/200
Epoch 1064: Train Loss = 0.0001, Val Loss = 0.0002, LR = 0.000046, No improvement: 47/200
Epoch 1065: Train Loss = 0.0001, Val Loss = 0.0001, LR = 0.000046, No improvement: 48/200
Epoch 1066: Train Loss = 0.0001, Val Loss = 0.0001, LR = 0.000046, No improvement: 49/200
Epoch 1067: Train Loss = 0.0001, Val Loss = 0.0001, LR = 0.000046, No improvement: 50/200
Epoch 1068: Train Loss = 0.0001, Val Loss = 0.0001, LR = 0.000046, No improvement: 51/200
Epoch 1069: Train Loss = 0.0001, Val Loss = 0.0001, LR = 0.000046, No improvement: 52/200
Epoch 1070: Train Loss = 0.0001, Val Loss = 0.0001, LR = 0.000046, No improvement: 53/200
Epoch 1071: Train Loss = 0.0001, Val Loss = 0.0001, LR = 0.000046, No improvement: 54/200
Epoch 1072: Train Loss = 0.0001, Val Loss = 0.0001, LR = 0.000046, No improvement: 55/200
Epoch 1073: Train Loss = 0.0001, Val Loss = 0.0001, LR = 0.000046, No improvement: 56/200
Epoch 1074: Train Loss = 0.0001, Val Loss = 0.0002, LR = 0.000045, No improvement: 57/200
Epoch 1075: Train Loss = 0.0001, Val Loss = 0.0001, LR = 0.000045, No improvement: 58/200
Epoch 1076: Train Loss = 0.0001, Val Loss = 0.0001, LR = 0.000045, No improvement: 59/200
Epoch 1077: Train Loss = 0.0001, Val Loss = 0.0001, LR = 0.000045, No improvement: 60/200
Epoch 1078: Train Loss = 0.0001, Val Loss = 0.0001, LR = 0.000045, No improvement: 61/200
Epoch 1079: Train Loss = 0.0001, Val Loss = 0.0001, LR = 0.000045, No improvement: 62/200
Epoch 1080: Train Loss = 0.0001, Val Loss = 0.0001, LR = 0.000045, No improvement: 63/200
Epoch 1081: Train Loss = 0.0001, Val Loss = 0.0001, LR = 0.000045, No improvement: 64/200
Epoch 1082: Train Loss = 0.0001, Val Loss = 0.0001, LR = 0.000045, No improvement: 65/200
Epoch 1083: Train Loss = 0.0001, Val Loss = 0.0001, LR = 0.000045, No improvement: 66/200
Epoch 1084: Train Loss = 0.0001, Val Loss = 0.0001, LR = 0.000045, No improvement: 67/200
Epoch 1085: Train Loss = 0.0001, Val Loss = 0.0001, LR = 0.000045, No improvement: 68/200
Epoch 1086: Train Loss = 0.0001, Val Loss = 0.0001, LR = 0.000045, No improvement: 69/200
Epoch 1087: Train Loss = 0.0001, Val Loss = 0.0001, LR = 0.000044, No improvement: 70/200
Epoch 1088: Train Loss = 0.0001, Val Loss = 0.0001, LR = 0.000044, No improvement: 71/200
Epoch 1089: Train Loss = 0.0001, Val Loss = 0.0001, LR = 0.000044, No improvement: 72/200
Epoch 1090: Train Loss = 0.0001, Val Loss = 0.0001, LR = 0.000044, No improvement: 73/200
Epoch 1091: Train Loss = 0.0001, Val Loss = 0.0001, LR = 0.000044, No improvement: 74/200
Epoch 1092: Train Loss = 0.0001, Val Loss = 0.0001, LR = 0.000044, No improvement: 75/200
Epoch 1093: Train Loss = 0.0001, Val Loss = 0.0001, LR = 0.000044, No improvement: 76/200
Epoch 1094: Train Loss = 0.0001, Val Loss = 0.0001, LR = 0.000044, No improvement: 77/200
Epoch 1095: Train Loss = 0.0001, Val Loss = 0.0001, LR = 0.000044, No improvement: 78/200
Epoch 1096: Train Loss = 0.0001, Val Loss = 0.0001, LR = 0.000044, No improvement: 79/200
Epoch 1097: Train Loss = 0.0001, Val Loss = 0.0001, LR = 0.000044, No improvement: 80/200
Epoch 1098: Train Loss = 0.0001, Val Loss = 0.0001, LR = 0.000044, No improvement: 81/200
Epoch 1099: Train Loss = 0.0001, Val Loss = 0.0001, LR = 0.000044, No improvement: 82/200
Epoch 1100: Train Loss = 0.0001, Val Loss = 0.0001, LR = 0.000043, No improvement: 83/200
Epoch 1101: Train Loss = 0.0001, Val Loss = 0.0001, LR = 0.000043, No improvement: 84/200
Epoch 1102: Train Loss = 0.0001, Val Loss = 0.0001, LR = 0.000043, No improvement: 85/200
Epoch 1103: Train Loss = 0.0001, Val Loss = 0.0001, LR = 0.000043, No improvement: 86/200
Epoch 1104: Train Loss = 0.0001, Val Loss = 0.0001, LR = 0.000043, No improvement: 87/200
Epoch 1105: Train Loss = 0.0001, Val Loss = 0.0001, LR = 0.000043, No improvement: 88/200
Epoch 1106: Train Loss = 0.0001, Val Loss = 0.0001, LR = 0.000043, No improvement: 89/200
Epoch 1107: Train Loss = 0.0001, Val Loss = 0.0001, LR = 0.000043, No improvement: 90/200
Epoch 1108: Train Loss = 0.0001, Val Loss = 0.0001, LR = 0.000043, No improvement: 91/200
Epoch 1109: Train Loss = 0.0001, Val Loss = 0.0001, LR = 0.000043, No improvement: 92/200
Epoch 1110: Train Loss = 0.0001, Val Loss = 0.0001, LR = 0.000043, No improvement: 93/200
Epoch 1111: Train Loss = 0.0001, Val Loss = 0.0001, LR = 0.000043, No improvement: 94/200
Epoch 1112: Train Loss = 0.0001, Val Loss = 0.0001, LR = 0.000043, No improvement: 95/200
Epoch 1113: Train Loss = 0.0001, Val Loss = 0.0001, LR = 0.000042, No improvement: 96/200
Epoch 1114: Train Loss = 0.0001, Val Loss = 0.0001, LR = 0.000042, No improvement: 97/200
Epoch 1115: Train Loss = 0.0001, Val Loss = 0.0001, LR = 0.000042, No improvement: 98/200
Epoch 1116: Train Loss = 0.0001, Val Loss = 0.0001, LR = 0.000042, No improvement: 99/200
Epoch 1117: Train Loss = 0.0001, Val Loss = 0.0001, LR = 0.000042, No improvement: 100/200
Epoch 1118: Train Loss = 0.0001, Val Loss = 0.0001, LR = 0.000042, No improvement: 101/200
Epoch 1119: Train Loss = 0.0001, Val Loss = 0.0001, LR = 0.000042, No improvement: 102/200
Epoch 1120: Train Loss = 0.0001, Val Loss = 0.0001, LR = 0.000042, No improvement: 103/200
Epoch 1121: Train Loss = 0.0001, Val Loss = 0.0001, LR = 0.000042, No improvement: 104/200
Epoch 1122: Train Loss = 0.0001, Val Loss = 0.0001, LR = 0.000042, No improvement: 105/200
Epoch 1123: Train Loss = 0.0001, Val Loss = 0.0001, LR = 0.000042, No improvement: 106/200
Epoch 1124: Train Loss = 0.0001, Val Loss = 0.0001, LR = 0.000042, No improvement: 107/200
Epoch 1125: Train Loss = 0.0001, Val Loss = 0.0001, LR = 0.000042, No improvement: 108/200
Epoch 1126: Train Loss = 0.0001, Val Loss = 0.0001, LR = 0.000041, No improvement: 109/200
Epoch 1127: Train Loss = 0.0001, Val Loss = 0.0001, LR = 0.000041, No improvement: 110/200
Epoch 1128: Train Loss = 0.0001, Val Loss = 0.0001, LR = 0.000041, No improvement: 111/200
Epoch 1129: Train Loss = 0.0001, Val Loss = 0.0001, LR = 0.000041, No improvement: 112/200
Epoch 1130: Train Loss = 0.0001, Val Loss = 0.0001, LR = 0.000041, No improvement: 113/200
Epoch 1131: Train Loss = 0.0001, Val Loss = 0.0001, LR = 0.000041, No improvement: 114/200
Epoch 1132: Train Loss = 0.0001, Val Loss = 0.0001, LR = 0.000041, No improvement: 115/200
Epoch 1133: Train Loss = 0.0001, Val Loss = 0.0001, LR = 0.000041, No improvement: 116/200
Epoch 1134: Train Loss = 0.0001, Val Loss = 0.0001, LR = 0.000041, No improvement: 117/200
Epoch 1135: Train Loss = 0.0001, Val Loss = 0.0001, LR = 0.000041, No improvement: 118/200
Epoch 1136: Train Loss = 0.0001, Val Loss = 0.0001, LR = 0.000041, No improvement: 119/200
Epoch 1137: Train Loss = 0.0001, Val Loss = 0.0001, LR = 0.000041, No improvement: 120/200
Epoch 1138: Train Loss = 0.0001, Val Loss = 0.0001, LR = 0.000041, No improvement: 121/200
Epoch 1139: Train Loss = 0.0001, Val Loss = 0.0001, LR = 0.000040, No improvement: 122/200
Epoch 1140: Train Loss = 0.0001, Val Loss = 0.0001, LR = 0.000040, No improvement: 123/200
Epoch 1141: Train Loss = 0.0001, Val Loss = 0.0001, LR = 0.000040, No improvement: 124/200
Epoch 1142: Train Loss = 0.0001, Val Loss = 0.0001, LR = 0.000040, No improvement: 125/200
Epoch 1143: Train Loss = 0.0001, Val Loss = 0.0001, LR = 0.000040, No improvement: 126/200
Epoch 1144: Train Loss = 0.0001, Val Loss = 0.0001, LR = 0.000040, No improvement: 127/200
Epoch 1145: Train Loss = 0.0001, Val Loss = 0.0001, LR = 0.000040, No improvement: 128/200
Epoch 1146: Train Loss = 0.0001, Val Loss = 0.0001, LR = 0.000040, No improvement: 129/200
Epoch 1147: Train Loss = 0.0001, Val Loss = 0.0001, LR = 0.000040, No improvement: 130/200
Epoch 1148: Train Loss = 0.0001, Val Loss = 0.0001, LR = 0.000040, No improvement: 131/200
Epoch 1149: Train Loss = 0.0001, Val Loss = 0.0001, LR = 0.000040, No improvement: 132/200
Epoch 1150: Train Loss = 0.0001, Val Loss = 0.0001, LR = 0.000040, No improvement: 133/200
Epoch 1151: Train Loss = 0.0001, Val Loss = 0.0001, LR = 0.000040, No improvement: 134/200
Epoch 1152: Train Loss = 0.0001, Val Loss = 0.0001, LR = 0.000039, No improvement: 135/200
Epoch 1153: Train Loss = 0.0001, Val Loss = 0.0001, LR = 0.000039, No improvement: 136/200
Epoch 1154: Train Loss = 0.0001, Val Loss = 0.0001, LR = 0.000039, No improvement: 137/200
Epoch 1155: Train Loss = 0.0001, Val Loss = 0.0001, LR = 0.000039, No improvement: 138/200
Epoch 1156: Train Loss = 0.0001, Val Loss = 0.0001, LR = 0.000039, No improvement: 139/200
Epoch 1157: Train Loss = 0.0001, Val Loss = 0.0001, LR = 0.000039, No improvement: 140/200
Epoch 1158: Train Loss = 0.0001, Val Loss = 0.0001, LR = 0.000039, No improvement: 141/200
Epoch 1159: Train Loss = 0.0001, Val Loss = 0.0001, LR = 0.000039, No improvement: 142/200
Epoch 1160: Train Loss = 0.0001, Val Loss = 0.0001, LR = 0.000039, No improvement: 143/200
Epoch 1161: Train Loss = 0.0001, Val Loss = 0.0001, LR = 0.000039, No improvement: 144/200
Epoch 1162: Train Loss = 0.0001, Val Loss = 0.0001, LR = 0.000039, No improvement: 145/200
Epoch 1163: Train Loss = 0.0001, Val Loss = 0.0001, LR = 0.000039, No improvement: 146/200
Epoch 1164: Train Loss = 0.0001, Val Loss = 0.0001, LR = 0.000039, No improvement: 147/200
Epoch 1165: Train Loss = 0.0001, Val Loss = 0.0001, LR = 0.000038, No improvement: 148/200
Epoch 1166: Train Loss = 0.0001, Val Loss = 0.0001, LR = 0.000038, No improvement: 149/200
Epoch 1167: Train Loss = 0.0001, Val Loss = 0.0000, LR = 0.000038, No improvement: 150/200
Epoch 1168: Train Loss = 0.0001, Val Loss = 0.0001, LR = 0.000038, No improvement: 151/200
Epoch 1169: Train Loss = 0.0001, Val Loss = 0.0001, LR = 0.000038, No improvement: 152/200
Epoch 1170: Train Loss = 0.0001, Val Loss = 0.0001, LR = 0.000038, No improvement: 153/200
Epoch 1171: Train Loss = 0.0001, Val Loss = 0.0001, LR = 0.000038, No improvement: 154/200
Epoch 1172: Train Loss = 0.0001, Val Loss = 0.0001, LR = 0.000038, No improvement: 155/200
Epoch 1173: Train Loss = 0.0001, Val Loss = 0.0001, LR = 0.000038, No improvement: 156/200
Epoch 1174: Train Loss = 0.0001, Val Loss = 0.0001, LR = 0.000038, No improvement: 157/200
Epoch 1175: Train Loss = 0.0001, Val Loss = 0.0001, LR = 0.000038, No improvement: 158/200
Epoch 1176: Train Loss = 0.0001, Val Loss = 0.0001, LR = 0.000038, No improvement: 159/200
Epoch 1177: Train Loss = 0.0001, Val Loss = 0.0001, LR = 0.000038, No improvement: 160/200
Epoch 1178: Train Loss = 0.0001, Val Loss = 0.0001, LR = 0.000037, No improvement: 161/200
Epoch 1179: Train Loss = 0.0001, Val Loss = 0.0001, LR = 0.000037, No improvement: 162/200
Epoch 1180: Train Loss = 0.0001, Val Loss = 0.0001, LR = 0.000037, No improvement: 163/200
Epoch 1181: Train Loss = 0.0001, Val Loss = 0.0001, LR = 0.000037, No improvement: 164/200
Epoch 1182: Train Loss = 0.0001, Val Loss = 0.0001, LR = 0.000037, No improvement: 165/200
Epoch 1183: Train Loss = 0.0001, Val Loss = 0.0001, LR = 0.000037, No improvement: 166/200
Epoch 1184: Train Loss = 0.0001, Val Loss = 0.0001, LR = 0.000037, No improvement: 167/200
Epoch 1185: Train Loss = 0.0001, Val Loss = 0.0001, LR = 0.000037, No improvement: 168/200
Epoch 1186: Train Loss = 0.0001, Val Loss = 0.0001, LR = 0.000037, No improvement: 169/200
Epoch 1187: Train Loss = 0.0001, Val Loss = 0.0001, LR = 0.000037, No improvement: 170/200
Epoch 1188: Train Loss = 0.0001, Val Loss = 0.0001, LR = 0.000037, No improvement: 171/200
Epoch 1189: Train Loss = 0.0001, Val Loss = 0.0001, LR = 0.000037, No improvement: 172/200
Epoch 1190: Train Loss = 0.0001, Val Loss = 0.0001, LR = 0.000037, No improvement: 173/200
Epoch 1191: Train Loss = 0.0001, Val Loss = 0.0001, LR = 0.000036, No improvement: 174/200
Epoch 1192: Train Loss = 0.0001, Val Loss = 0.0002, LR = 0.000036, No improvement: 175/200
Epoch 1193: Train Loss = 0.0001, Val Loss = 0.0001, LR = 0.000036, No improvement: 176/200
Epoch 1194: Train Loss = 0.0001, Val Loss = 0.0001, LR = 0.000036, No improvement: 177/200
Epoch 1195: Train Loss = 0.0001, Val Loss = 0.0001, LR = 0.000036, No improvement: 178/200
Epoch 1196: Train Loss = 0.0001, Val Loss = 0.0001, LR = 0.000036, No improvement: 179/200
Epoch 1197: Train Loss = 0.0001, Val Loss = 0.0001, LR = 0.000036, No improvement: 180/200
Epoch 1198: Train Loss = 0.0001, Val Loss = 0.0001, LR = 0.000036, No improvement: 181/200
Epoch 1199: Train Loss = 0.0001, Val Loss = 0.0001, LR = 0.000036, No improvement: 182/200
Epoch 1200: Train Loss = 0.0001, Val Loss = 0.0001, LR = 0.000036, No improvement: 183/200
Epoch 1201: Train Loss = 0.0001, Val Loss = 0.0001, LR = 0.000036, No improvement: 184/200
Epoch 1202: Train Loss = 0.0001, Val Loss = 0.0000, LR = 0.000036, No improvement: 185/200
Epoch 1203: Train Loss = 0.0001, Val Loss = 0.0001, LR = 0.000036, No improvement: 186/200
Epoch 1204: Train Loss = 0.0001, Val Loss = 0.0001, LR = 0.000036, No improvement: 187/200
Epoch 1205: Train Loss = 0.0001, Val Loss = 0.0001, LR = 0.000035, No improvement: 188/200
Epoch 1206: Train Loss = 0.0001, Val Loss = 0.0002, LR = 0.000035, No improvement: 189/200
Epoch 1207: Train Loss = 0.0001, Val Loss = 0.0001, LR = 0.000035, No improvement: 190/200
Epoch 1208: Train Loss = 0.0001, Val Loss = 0.0001, LR = 0.000035, No improvement: 191/200
Epoch 1209: Train Loss = 0.0001, Val Loss = 0.0001, LR = 0.000035, No improvement: 192/200
Epoch 1210: Train Loss = 0.0001, Val Loss = 0.0001, LR = 0.000035, No improvement: 193/200
Epoch 1211: Train Loss = 0.0001, Val Loss = 0.0001, LR = 0.000035, No improvement: 194/200
✓ New best model saved: ./models/masked_ssl/combine_unique_MetaboLights_Workbench_Water_EDTA_Suppressed_rowMinMax_v4_20260728_053503_bs32_mr0.20-0.60_ps128_best.pth
Epoch 1212: Train Loss = 0.0001, Val Loss = 0.0000, LR = 0.000035, No improvement: 0/200 ✓ IMPROVED
Epoch 1213: Train Loss = 0.0001, Val Loss = 0.0001, LR = 0.000035, No improvement: 1/200
Epoch 1214: Train Loss = 0.0001, Val Loss = 0.0001, LR = 0.000035, No improvement: 2/200
✓ New best model saved: ./models/masked_ssl/combine_unique_MetaboLights_Workbench_Water_EDTA_Suppressed_rowMinMax_v4_20260728_053503_bs32_mr0.20-0.60_ps128_best.pth
Epoch 1215: Train Loss = 0.0001, Val Loss = 0.0000, LR = 0.000035, No improvement: 0/200 ✓ IMPROVED
Epoch 1216: Train Loss = 0.0001, Val Loss = 0.0001, LR = 0.000035, No improvement: 1/200
Epoch 1217: Train Loss = 0.0001, Val Loss = 0.0001, LR = 0.000035, No improvement: 2/200
Epoch 1218: Train Loss = 0.0001, Val Loss = 0.0001, LR = 0.000034, No improvement: 3/200
Epoch 1219: Train Loss = 0.0001, Val Loss = 0.0001, LR = 0.000034, No improvement: 4/200
Epoch 1220: Train Loss = 0.0001, Val Loss = 0.0001, LR = 0.000034, No improvement: 5/200
Epoch 1221: Train Loss = 0.0001, Val Loss = 0.0001, LR = 0.000034, No improvement: 6/200
Epoch 1222: Train Loss = 0.0001, Val Loss = 0.0001, LR = 0.000034, No improvement: 7/200
Epoch 1223: Train Loss = 0.0001, Val Loss = 0.0001, LR = 0.000034, No improvement: 8/200
Epoch 1224: Train Loss = 0.0001, Val Loss = 0.0001, LR = 0.000034, No improvement: 9/200
Epoch 1225: Train Loss = 0.0001, Val Loss = 0.0001, LR = 0.000034, No improvement: 10/200
Epoch 1226: Train Loss = 0.0001, Val Loss = 0.0001, LR = 0.000034, No improvement: 11/200
Epoch 1227: Train Loss = 0.0001, Val Loss = 0.0001, LR = 0.000034, No improvement: 12/200
Epoch 1228: Train Loss = 0.0001, Val Loss = 0.0001, LR = 0.000034, No improvement: 13/200
Epoch 1229: Train Loss = 0.0001, Val Loss = 0.0001, LR = 0.000034, No improvement: 14/200
Epoch 1230: Train Loss = 0.0001, Val Loss = 0.0001, LR = 0.000034, No improvement: 15/200
Epoch 1231: Train Loss = 0.0001, Val Loss = 0.0000, LR = 0.000033, No improvement: 16/200
Epoch 1232: Train Loss = 0.0001, Val Loss = 0.0001, LR = 0.000033, No improvement: 17/200
Epoch 1233: Train Loss = 0.0001, Val Loss = 0.0001, LR = 0.000033, No improvement: 18/200
Epoch 1234: Train Loss = 0.0001, Val Loss = 0.0001, LR = 0.000033, No improvement: 19/200
Epoch 1235: Train Loss = 0.0001, Val Loss = 0.0001, LR = 0.000033, No improvement: 20/200
Epoch 1236: Train Loss = 0.0001, Val Loss = 0.0001, LR = 0.000033, No improvement: 21/200
Epoch 1237: Train Loss = 0.0001, Val Loss = 0.0001, LR = 0.000033, No improvement: 22/200
Epoch 1238: Train Loss = 0.0001, Val Loss = 0.0001, LR = 0.000033, No improvement: 23/200
Epoch 1239: Train Loss = 0.0001, Val Loss = 0.0001, LR = 0.000033, No improvement: 24/200
Epoch 1240: Train Loss = 0.0001, Val Loss = 0.0001, LR = 0.000033, No improvement: 25/200
Epoch 1241: Train Loss = 0.0001, Val Loss = 0.0001, LR = 0.000033, No improvement: 26/200
Epoch 1242: Train Loss = 0.0001, Val Loss = 0.0001, LR = 0.000033, No improvement: 27/200
Epoch 1243: Train Loss = 0.0001, Val Loss = 0.0001, LR = 0.000033, No improvement: 28/200
Epoch 1244: Train Loss = 0.0001, Val Loss = 0.0000, LR = 0.000033, No improvement: 29/200
Epoch 1245: Train Loss = 0.0001, Val Loss = 0.0001, LR = 0.000032, No improvement: 30/200
Epoch 1246: Train Loss = 0.0001, Val Loss = 0.0000, LR = 0.000032, No improvement: 31/200
Epoch 1247: Train Loss = 0.0001, Val Loss = 0.0001, LR = 0.000032, No improvement: 32/200
Epoch 1248: Train Loss = 0.0001, Val Loss = 0.0001, LR = 0.000032, No improvement: 33/200
Epoch 1249: Train Loss = 0.0001, Val Loss = 0.0001, LR = 0.000032, No improvement: 34/200
Epoch 1250: Train Loss = 0.0001, Val Loss = 0.0001, LR = 0.000032, No improvement: 35/200
Epoch 1251: Train Loss = 0.0001, Val Loss = 0.0001, LR = 0.000032, No improvement: 36/200
Epoch 1252: Train Loss = 0.0001, Val Loss = 0.0001, LR = 0.000032, No improvement: 37/200
Epoch 1253: Train Loss = 0.0001, Val Loss = 0.0001, LR = 0.000032, No improvement: 38/200
Epoch 1254: Train Loss = 0.0001, Val Loss = 0.0001, LR = 0.000032, No improvement: 39/200
Epoch 1255: Train Loss = 0.0001, Val Loss = 0.0001, LR = 0.000032, No improvement: 40/200
Epoch 1256: Train Loss = 0.0001, Val Loss = 0.0001, LR = 0.000032, No improvement: 41/200
Epoch 1257: Train Loss = 0.0001, Val Loss = 0.0001, LR = 0.000032, No improvement: 42/200
Epoch 1258: Train Loss = 0.0001, Val Loss = 0.0001, LR = 0.000032, No improvement: 43/200
Epoch 1259: Train Loss = 0.0001, Val Loss = 0.0001, LR = 0.000031, No improvement: 44/200
Epoch 1260: Train Loss = 0.0001, Val Loss = 0.0001, LR = 0.000031, No improvement: 45/200
Epoch 1261: Train Loss = 0.0001, Val Loss = 0.0001, LR = 0.000031, No improvement: 46/200
Epoch 1262: Train Loss = 0.0001, Val Loss = 0.0001, LR = 0.000031, No improvement: 47/200
Epoch 1263: Train Loss = 0.0001, Val Loss = 0.0002, LR = 0.000031, No improvement: 48/200
Epoch 1264: Train Loss = 0.0001, Val Loss = 0.0001, LR = 0.000031, No improvement: 49/200
Epoch 1265: Train Loss = 0.0001, Val Loss = 0.0001, LR = 0.000031, No improvement: 50/200
Epoch 1266: Train Loss = 0.0001, Val Loss = 0.0001, LR = 0.000031, No improvement: 51/200
Epoch 1267: Train Loss = 0.0001, Val Loss = 0.0001, LR = 0.000031, No improvement: 52/200
Epoch 1268: Train Loss = 0.0001, Val Loss = 0.0001, LR = 0.000031, No improvement: 53/200
Epoch 1269: Train Loss = 0.0001, Val Loss = 0.0001, LR = 0.000031, No improvement: 54/200
Epoch 1270: Train Loss = 0.0001, Val Loss = 0.0001, LR = 0.000031, No improvement: 55/200
Epoch 1271: Train Loss = 0.0001, Val Loss = 0.0001, LR = 0.000031, No improvement: 56/200
Epoch 1272: Train Loss = 0.0001, Val Loss = 0.0001, LR = 0.000031, No improvement: 57/200
Epoch 1273: Train Loss = 0.0001, Val Loss = 0.0001, LR = 0.000030, No improvement: 58/200
Epoch 1274: Train Loss = 0.0001, Val Loss = 0.0001, LR = 0.000030, No improvement: 59/200
Epoch 1275: Train Loss = 0.0001, Val Loss = 0.0001, LR = 0.000030, No improvement: 60/200
Epoch 1276: Train Loss = 0.0001, Val Loss = 0.0001, LR = 0.000030, No improvement: 61/200
Epoch 1277: Train Loss = 0.0001, Val Loss = 0.0001, LR = 0.000030, No improvement: 62/200
Epoch 1278: Train Loss = 0.0001, Val Loss = 0.0001, LR = 0.000030, No improvement: 63/200
Epoch 1279: Train Loss = 0.0001, Val Loss = 0.0001, LR = 0.000030, No improvement: 64/200
Epoch 1280: Train Loss = 0.0001, Val Loss = 0.0000, LR = 0.000030, No improvement: 65/200
Epoch 1281: Train Loss = 0.0001, Val Loss = 0.0001, LR = 0.000030, No improvement: 66/200
Epoch 1282: Train Loss = 0.0001, Val Loss = 0.0001, LR = 0.000030, No improvement: 67/200
Epoch 1283: Train Loss = 0.0001, Val Loss = 0.0001, LR = 0.000030, No improvement: 68/200
Epoch 1284: Train Loss = 0.0001, Val Loss = 0.0000, LR = 0.000030, No improvement: 69/200
Epoch 1285: Train Loss = 0.0001, Val Loss = 0.0001, LR = 0.000030, No improvement: 70/200
Epoch 1286: Train Loss = 0.0001, Val Loss = 0.0001, LR = 0.000030, No improvement: 71/200
Epoch 1287: Train Loss = 0.0001, Val Loss = 0.0000, LR = 0.000029, No improvement: 72/200
Epoch 1288: Train Loss = 0.0001, Val Loss = 0.0001, LR = 0.000029, No improvement: 73/200
Epoch 1289: Train Loss = 0.0001, Val Loss = 0.0001, LR = 0.000029, No improvement: 74/200
Epoch 1290: Train Loss = 0.0001, Val Loss = 0.0001, LR = 0.000029, No improvement: 75/200
Epoch 1291: Train Loss = 0.0001, Val Loss = 0.0000, LR = 0.000029, No improvement: 76/200
Epoch 1292: Train Loss = 0.0001, Val Loss = 0.0001, LR = 0.000029, No improvement: 77/200
Epoch 1293: Train Loss = 0.0001, Val Loss = 0.0001, LR = 0.000029, No improvement: 78/200
Epoch 1294: Train Loss = 0.0001, Val Loss = 0.0004, LR = 0.000029, No improvement: 79/200
Epoch 1295: Train Loss = 0.0001, Val Loss = 0.0001, LR = 0.000029, No improvement: 80/200
Epoch 1296: Train Loss = 0.0001, Val Loss = 0.0001, LR = 0.000029, No improvement: 81/200
Epoch 1297: Train Loss = 0.0001, Val Loss = 0.0001, LR = 0.000029, No improvement: 82/200
Epoch 1298: Train Loss = 0.0001, Val Loss = 0.0001, LR = 0.000029, No improvement: 83/200
Epoch 1299: Train Loss = 0.0001, Val Loss = 0.0001, LR = 0.000029, No improvement: 84/200
Epoch 1300: Train Loss = 0.0001, Val Loss = 0.0001, LR = 0.000029, No improvement: 85/200
Epoch 1301: Train Loss = 0.0001, Val Loss = 0.0001, LR = 0.000028, No improvement: 86/200
Epoch 1302: Train Loss = 0.0001, Val Loss = 0.0001, LR = 0.000028, No improvement: 87/200
Epoch 1303: Train Loss = 0.0001, Val Loss = 0.0001, LR = 0.000028, No improvement: 88/200
Epoch 1304: Train Loss = 0.0001, Val Loss = 0.0001, LR = 0.000028, No improvement: 89/200
Epoch 1305: Train Loss = 0.0001, Val Loss = 0.0000, LR = 0.000028, No improvement: 90/200
Epoch 1306: Train Loss = 0.0001, Val Loss = 0.0001, LR = 0.000028, No improvement: 91/200
Epoch 1307: Train Loss = 0.0001, Val Loss = 0.0000, LR = 0.000028, No improvement: 92/200
Epoch 1308: Train Loss = 0.0001, Val Loss = 0.0001, LR = 0.000028, No improvement: 93/200
Epoch 1309: Train Loss = 0.0001, Val Loss = 0.0001, LR = 0.000028, No improvement: 94/200
Epoch 1310: Train Loss = 0.0001, Val Loss = 0.0001, LR = 0.000028, No improvement: 95/200
Epoch 1311: Train Loss = 0.0001, Val Loss = 0.0001, LR = 0.000028, No improvement: 96/200
Epoch 1312: Train Loss = 0.0001, Val Loss = 0.0001, LR = 0.000028, No improvement: 97/200
Epoch 1313: Train Loss = 0.0001, Val Loss = 0.0001, LR = 0.000028, No improvement: 98/200
Epoch 1314: Train Loss = 0.0001, Val Loss = 0.0001, LR = 0.000028, No improvement: 99/200
Epoch 1315: Train Loss = 0.0001, Val Loss = 0.0001, LR = 0.000027, No improvement: 100/200
Epoch 1316: Train Loss = 0.0001, Val Loss = 0.0001, LR = 0.000027, No improvement: 101/200
Epoch 1317: Train Loss = 0.0001, Val Loss = 0.0001, LR = 0.000027, No improvement: 102/200
Epoch 1318: Train Loss = 0.0001, Val Loss = 0.0001, LR = 0.000027, No improvement: 103/200
Epoch 1319: Train Loss = 0.0001, Val Loss = 0.0001, LR = 0.000027, No improvement: 104/200
Epoch 1320: Train Loss = 0.0001, Val Loss = 0.0001, LR = 0.000027, No improvement: 105/200
Epoch 1321: Train Loss = 0.0001, Val Loss = 0.0001, LR = 0.000027, No improvement: 106/200
Epoch 1322: Train Loss = 0.0001, Val Loss = 0.0001, LR = 0.000027, No improvement: 107/200
Epoch 1323: Train Loss = 0.0001, Val Loss = 0.0001, LR = 0.000027, No improvement: 108/200
Epoch 1324: Train Loss = 0.0001, Val Loss = 0.0001, LR = 0.000027, No improvement: 109/200
Epoch 1325: Train Loss = 0.0001, Val Loss = 0.0001, LR = 0.000027, No improvement: 110/200
Epoch 1326: Train Loss = 0.0001, Val Loss = 0.0001, LR = 0.000027, No improvement: 111/200
Epoch 1327: Train Loss = 0.0001, Val Loss = 0.0001, LR = 0.000027, No improvement: 112/200
Epoch 1328: Train Loss = 0.0001, Val Loss = 0.0001, LR = 0.000027, No improvement: 113/200
Epoch 1329: Train Loss = 0.0001, Val Loss = 0.0001, LR = 0.000027, No improvement: 114/200
Epoch 1330: Train Loss = 0.0001, Val Loss = 0.0001, LR = 0.000026, No improvement: 115/200
Epoch 1331: Train Loss = 0.0001, Val Loss = 0.0001, LR = 0.000026, No improvement: 116/200
Epoch 1332: Train Loss = 0.0001, Val Loss = 0.0001, LR = 0.000026, No improvement: 117/200
Epoch 1333: Train Loss = 0.0001, Val Loss = 0.0000, LR = 0.000026, No improvement: 118/200
Epoch 1334: Train Loss = 0.0001, Val Loss = 0.0001, LR = 0.000026, No improvement: 119/200
Epoch 1335: Train Loss = 0.0001, Val Loss = 0.0001, LR = 0.000026, No improvement: 120/200
Epoch 1336: Train Loss = 0.0001, Val Loss = 0.0001, LR = 0.000026, No improvement: 121/200
Epoch 1337: Train Loss = 0.0001, Val Loss = 0.0001, LR = 0.000026, No improvement: 122/200
Epoch 1338: Train Loss = 0.0001, Val Loss = 0.0001, LR = 0.000026, No improvement: 123/200
Epoch 1339: Train Loss = 0.0001, Val Loss = 0.0001, LR = 0.000026, No improvement: 124/200
Epoch 1340: Train Loss = 0.0001, Val Loss = 0.0001, LR = 0.000026, No improvement: 125/200
Epoch 1341: Train Loss = 0.0001, Val Loss = 0.0001, LR = 0.000026, No improvement: 126/200
Epoch 1342: Train Loss = 0.0001, Val Loss = 0.0001, LR = 0.000026, No improvement: 127/200
Epoch 1343: Train Loss = 0.0001, Val Loss = 0.0000, LR = 0.000026, No improvement: 128/200
Epoch 1344: Train Loss = 0.0001, Val Loss = 0.0001, LR = 0.000025, No improvement: 129/200
Epoch 1345: Train Loss = 0.0001, Val Loss = 0.0001, LR = 0.000025, No improvement: 130/200
Epoch 1346: Train Loss = 0.0001, Val Loss = 0.0001, LR = 0.000025, No improvement: 131/200
Epoch 1347: Train Loss = 0.0001, Val Loss = 0.0001, LR = 0.000025, No improvement: 132/200
Epoch 1348: Train Loss = 0.0001, Val Loss = 0.0000, LR = 0.000025, No improvement: 133/200
Epoch 1349: Train Loss = 0.0001, Val Loss = 0.0001, LR = 0.000025, No improvement: 134/200
✓ New best model saved: ./models/masked_ssl/combine_unique_MetaboLights_Workbench_Water_EDTA_Suppressed_rowMinMax_v4_20260728_053503_bs32_mr0.20-0.60_ps128_best.pth
Epoch 1350: Train Loss = 0.0001, Val Loss = 0.0000, LR = 0.000025, No improvement: 0/200 ✓ IMPROVED
Epoch 1351: Train Loss = 0.0001, Val Loss = 0.0001, LR = 0.000025, No improvement: 1/200
Epoch 1352: Train Loss = 0.0001, Val Loss = 0.0002, LR = 0.000025, No improvement: 2/200
Epoch 1353: Train Loss = 0.0001, Val Loss = 0.0001, LR = 0.000025, No improvement: 3/200
Epoch 1354: Train Loss = 0.0001, Val Loss = 0.0001, LR = 0.000025, No improvement: 4/200
Epoch 1355: Train Loss = 0.0001, Val Loss = 0.0002, LR = 0.000025, No improvement: 5/200
Epoch 1356: Train Loss = 0.0001, Val Loss = 0.0001, LR = 0.000025, No improvement: 6/200
Epoch 1357: Train Loss = 0.0001, Val Loss = 0.0001, LR = 0.000025, No improvement: 7/200
Epoch 1358: Train Loss = 0.0001, Val Loss = 0.0002, LR = 0.000025, No improvement: 8/200
Epoch 1359: Train Loss = 0.0001, Val Loss = 0.0000, LR = 0.000024, No improvement: 9/200
Epoch 1360: Train Loss = 0.0001, Val Loss = 0.0001, LR = 0.000024, No improvement: 10/200
Epoch 1361: Train Loss = 0.0001, Val Loss = 0.0001, LR = 0.000024, No improvement: 11/200
Epoch 1362: Train Loss = 0.0001, Val Loss = 0.0001, LR = 0.000024, No improvement: 12/200
Epoch 1363: Train Loss = 0.0001, Val Loss = 0.0000, LR = 0.000024, No improvement: 13/200
Epoch 1364: Train Loss = 0.0001, Val Loss = 0.0001, LR = 0.000024, No improvement: 14/200
Epoch 1365: Train Loss = 0.0001, Val Loss = 0.0001, LR = 0.000024, No improvement: 15/200
Epoch 1366: Train Loss = 0.0001, Val Loss = 0.0001, LR = 0.000024, No improvement: 16/200
Epoch 1367: Train Loss = 0.0001, Val Loss = 0.0001, LR = 0.000024, No improvement: 17/200
Epoch 1368: Train Loss = 0.0001, Val Loss = 0.0001, LR = 0.000024, No improvement: 18/200
Epoch 1369: Train Loss = 0.0001, Val Loss = 0.0001, LR = 0.000024, No improvement: 19/200
Epoch 1370: Train Loss = 0.0001, Val Loss = 0.0000, LR = 0.000024, No improvement: 20/200
Epoch 1371: Train Loss = 0.0001, Val Loss = 0.0001, LR = 0.000024, No improvement: 21/200
Epoch 1372: Train Loss = 0.0001, Val Loss = 0.0000, LR = 0.000024, No improvement: 22/200
Epoch 1373: Train Loss = 0.0001, Val Loss = 0.0001, LR = 0.000024, No improvement: 23/200
Epoch 1374: Train Loss = 0.0001, Val Loss = 0.0001, LR = 0.000023, No improvement: 24/200
Epoch 1375: Train Loss = 0.0001, Val Loss = 0.0001, LR = 0.000023, No improvement: 25/200
Epoch 1376: Train Loss = 0.0001, Val Loss = 0.0001, LR = 0.000023, No improvement: 26/200
Epoch 1377: Train Loss = 0.0001, Val Loss = 0.0000, LR = 0.000023, No improvement: 27/200
Epoch 1378: Train Loss = 0.0001, Val Loss = 0.0000, LR = 0.000023, No improvement: 28/200
Epoch 1379: Train Loss = 0.0001, Val Loss = 0.0000, LR = 0.000023, No improvement: 29/200
Epoch 1380: Train Loss = 0.0001, Val Loss = 0.0001, LR = 0.000023, No improvement: 30/200
Epoch 1381: Train Loss = 0.0001, Val Loss = 0.0001, LR = 0.000023, No improvement: 31/200
Epoch 1382: Train Loss = 0.0001, Val Loss = 0.0001, LR = 0.000023, No improvement: 32/200
Epoch 1383: Train Loss = 0.0001, Val Loss = 0.0001, LR = 0.000023, No improvement: 33/200
Epoch 1384: Train Loss = 0.0001, Val Loss = 0.0001, LR = 0.000023, No improvement: 34/200
Epoch 1385: Train Loss = 0.0001, Val Loss = 0.0001, LR = 0.000023, No improvement: 35/200
Epoch 1386: Train Loss = 0.0001, Val Loss = 0.0001, LR = 0.000023, No improvement: 36/200
Epoch 1387: Train Loss = 0.0001, Val Loss = 0.0001, LR = 0.000023, No improvement: 37/200
Epoch 1388: Train Loss = 0.0001, Val Loss = 0.0001, LR = 0.000023, No improvement: 38/200
Epoch 1389: Train Loss = 0.0001, Val Loss = 0.0001, LR = 0.000022, No improvement: 39/200
Epoch 1390: Train Loss = 0.0001, Val Loss = 0.0001, LR = 0.000022, No improvement: 40/200
Epoch 1391: Train Loss = 0.0001, Val Loss = 0.0001, LR = 0.000022, No improvement: 41/200
Epoch 1392: Train Loss = 0.0001, Val Loss = 0.0001, LR = 0.000022, No improvement: 42/200
Epoch 1393: Train Loss = 0.0001, Val Loss = 0.0001, LR = 0.000022, No improvement: 43/200
Epoch 1394: Train Loss = 0.0001, Val Loss = 0.0001, LR = 0.000022, No improvement: 44/200
Epoch 1395: Train Loss = 0.0001, Val Loss = 0.0001, LR = 0.000022, No improvement: 45/200
Epoch 1396: Train Loss = 0.0001, Val Loss = 0.0000, LR = 0.000022, No improvement: 46/200
Epoch 1397: Train Loss = 0.0001, Val Loss = 0.0000, LR = 0.000022, No improvement: 47/200
Epoch 1398: Train Loss = 0.0001, Val Loss = 0.0001, LR = 0.000022, No improvement: 48/200
Epoch 1399: Train Loss = 0.0001, Val Loss = 0.0000, LR = 0.000022, No improvement: 49/200
Epoch 1400: Train Loss = 0.0001, Val Loss = 0.0001, LR = 0.000022, No improvement: 50/200
Epoch 1401: Train Loss = 0.0001, Val Loss = 0.0001, LR = 0.000022, No improvement: 51/200
Epoch 1402: Train Loss = 0.0001, Val Loss = 0.0002, LR = 0.000022, No improvement: 52/200
Epoch 1403: Train Loss = 0.0001, Val Loss = 0.0001, LR = 0.000022, No improvement: 53/200
Epoch 1404: Train Loss = 0.0001, Val Loss = 0.0001, LR = 0.000022, No improvement: 54/200
Epoch 1405: Train Loss = 0.0001, Val Loss = 0.0001, LR = 0.000021, No improvement: 55/200
Epoch 1406: Train Loss = 0.0001, Val Loss = 0.0001, LR = 0.000021, No improvement: 56/200
Epoch 1407: Train Loss = 0.0001, Val Loss = 0.0000, LR = 0.000021, No improvement: 57/200
Epoch 1408: Train Loss = 0.0001, Val Loss = 0.0001, LR = 0.000021, No improvement: 58/200
Epoch 1409: Train Loss = 0.0001, Val Loss = 0.0001, LR = 0.000021, No improvement: 59/200
Epoch 1410: Train Loss = 0.0001, Val Loss = 0.0001, LR = 0.000021, No improvement: 60/200
Epoch 1411: Train Loss = 0.0001, Val Loss = 0.0000, LR = 0.000021, No improvement: 61/200
Epoch 1412: Train Loss = 0.0001, Val Loss = 0.0001, LR = 0.000021, No improvement: 62/200
Epoch 1413: Train Loss = 0.0001, Val Loss = 0.0001, LR = 0.000021, No improvement: 63/200
Epoch 1414: Train Loss = 0.0001, Val Loss = 0.0000, LR = 0.000021, No improvement: 64/200
Epoch 1415: Train Loss = 0.0001, Val Loss = 0.0001, LR = 0.000021, No improvement: 65/200
Epoch 1416: Train Loss = 0.0001, Val Loss = 0.0000, LR = 0.000021, No improvement: 66/200
Epoch 1417: Train Loss = 0.0001, Val Loss = 0.0001, LR = 0.000021, No improvement: 67/200
Epoch 1418: Train Loss = 0.0001, Val Loss = 0.0001, LR = 0.000021, No improvement: 68/200
Epoch 1419: Train Loss = 0.0001, Val Loss = 0.0001, LR = 0.000021, No improvement: 69/200
Epoch 1420: Train Loss = 0.0001, Val Loss = 0.0001, LR = 0.000021, No improvement: 70/200
Epoch 1421: Train Loss = 0.0001, Val Loss = 0.0000, LR = 0.000020, No improvement: 71/200
Epoch 1422: Train Loss = 0.0001, Val Loss = 0.0001, LR = 0.000020, No improvement: 72/200
Epoch 1423: Train Loss = 0.0001, Val Loss = 0.0001, LR = 0.000020, No improvement: 73/200
Epoch 1424: Train Loss = 0.0001, Val Loss = 0.0001, LR = 0.000020, No improvement: 74/200
Epoch 1425: Train Loss = 0.0001, Val Loss = 0.0000, LR = 0.000020, No improvement: 75/200
Epoch 1426: Train Loss = 0.0001, Val Loss = 0.0001, LR = 0.000020, No improvement: 76/200
Epoch 1427: Train Loss = 0.0001, Val Loss = 0.0001, LR = 0.000020, No improvement: 77/200
Epoch 1428: Train Loss = 0.0001, Val Loss = 0.0002, LR = 0.000020, No improvement: 78/200
Epoch 1429: Train Loss = 0.0001, Val Loss = 0.0000, LR = 0.000020, No improvement: 79/200
Epoch 1430: Train Loss = 0.0001, Val Loss = 0.0001, LR = 0.000020, No improvement: 80/200
Epoch 1431: Train Loss = 0.0001, Val Loss = 0.0001, LR = 0.000020, No improvement: 81/200
Epoch 1432: Train Loss = 0.0001, Val Loss = 0.0000, LR = 0.000020, No improvement: 82/200
Epoch 1433: Train Loss = 0.0001, Val Loss = 0.0001, LR = 0.000020, No improvement: 83/200
Epoch 1434: Train Loss = 0.0001, Val Loss = 0.0001, LR = 0.000020, No improvement: 84/200
Epoch 1435: Train Loss = 0.0001, Val Loss = 0.0001, LR = 0.000020, No improvement: 85/200
Epoch 1436: Train Loss = 0.0001, Val Loss = 0.0000, LR = 0.000020, No improvement: 86/200
Epoch 1437: Train Loss = 0.0001, Val Loss = 0.0001, LR = 0.000019, No improvement: 87/200
Epoch 1438: Train Loss = 0.0001, Val Loss = 0.0001, LR = 0.000019, No improvement: 88/200
Epoch 1439: Train Loss = 0.0001, Val Loss = 0.0001, LR = 0.000019, No improvement: 89/200
Epoch 1440: Train Loss = 0.0001, Val Loss = 0.0001, LR = 0.000019, No improvement: 90/200
Epoch 1441: Train Loss = 0.0001, Val Loss = 0.0001, LR = 0.000019, No improvement: 91/200
Epoch 1442: Train Loss = 0.0001, Val Loss = 0.0000, LR = 0.000019, No improvement: 92/200
Epoch 1443: Train Loss = 0.0001, Val Loss = 0.0001, LR = 0.000019, No improvement: 93/200
Epoch 1444: Train Loss = 0.0001, Val Loss = 0.0000, LR = 0.000019, No improvement: 94/200
Epoch 1445: Train Loss = 0.0001, Val Loss = 0.0001, LR = 0.000019, No improvement: 95/200
Epoch 1446: Train Loss = 0.0001, Val Loss = 0.0001, LR = 0.000019, No improvement: 96/200
Epoch 1447: Train Loss = 0.0001, Val Loss = 0.0000, LR = 0.000019, No improvement: 97/200
Epoch 1448: Train Loss = 0.0001, Val Loss = 0.0001, LR = 0.000019, No improvement: 98/200
Epoch 1449: Train Loss = 0.0001, Val Loss = 0.0001, LR = 0.000019, No improvement: 99/200
Epoch 1450: Train Loss = 0.0001, Val Loss = 0.0001, LR = 0.000019, No improvement: 100/200
Epoch 1451: Train Loss = 0.0001, Val Loss = 0.0001, LR = 0.000019, No improvement: 101/200
Epoch 1452: Train Loss = 0.0001, Val Loss = 0.0001, LR = 0.000019, No improvement: 102/200
Epoch 1453: Train Loss = 0.0001, Val Loss = 0.0001, LR = 0.000019, No improvement: 103/200
Epoch 1454: Train Loss = 0.0001, Val Loss = 0.0001, LR = 0.000018, No improvement: 104/200
Epoch 1455: Train Loss = 0.0001, Val Loss = 0.0001, LR = 0.000018, No improvement: 105/200
Epoch 1456: Train Loss = 0.0001, Val Loss = 0.0001, LR = 0.000018, No improvement: 106/200
Epoch 1457: Train Loss = 0.0001, Val Loss = 0.0000, LR = 0.000018, No improvement: 107/200
Epoch 1458: Train Loss = 0.0001, Val Loss = 0.0001, LR = 0.000018, No improvement: 108/200
Epoch 1459: Train Loss = 0.0001, Val Loss = 0.0001, LR = 0.000018, No improvement: 109/200
Epoch 1460: Train Loss = 0.0001, Val Loss = 0.0004, LR = 0.000018, No improvement: 110/200
Epoch 1461: Train Loss = 0.0001, Val Loss = 0.0001, LR = 0.000018, No improvement: 111/200
Epoch 1462: Train Loss = 0.0001, Val Loss = 0.0001, LR = 0.000018, No improvement: 112/200
Epoch 1463: Train Loss = 0.0001, Val Loss = 0.0001, LR = 0.000018, No improvement: 113/200
Epoch 1464: Train Loss = 0.0001, Val Loss = 0.0000, LR = 0.000018, No improvement: 114/200
Epoch 1465: Train Loss = 0.0001, Val Loss = 0.0001, LR = 0.000018, No improvement: 115/200
Epoch 1466: Train Loss = 0.0001, Val Loss = 0.0001, LR = 0.000018, No improvement: 116/200
Epoch 1467: Train Loss = 0.0001, Val Loss = 0.0001, LR = 0.000018, No improvement: 117/200
Epoch 1468: Train Loss = 0.0001, Val Loss = 0.0001, LR = 0.000018, No improvement: 118/200
Epoch 1469: Train Loss = 0.0001, Val Loss = 0.0000, LR = 0.000018, No improvement: 119/200
Epoch 1470: Train Loss = 0.0001, Val Loss = 0.0001, LR = 0.000017, No improvement: 120/200
Epoch 1471: Train Loss = 0.0001, Val Loss = 0.0001, LR = 0.000017, No improvement: 121/200
Epoch 1472: Train Loss = 0.0001, Val Loss = 0.0001, LR = 0.000017, No improvement: 122/200
Epoch 1473: Train Loss = 0.0001, Val Loss = 0.0000, LR = 0.000017, No improvement: 123/200
Epoch 1474: Train Loss = 0.0001, Val Loss = 0.0001, LR = 0.000017, No improvement: 124/200
Epoch 1475: Train Loss = 0.0001, Val Loss = 0.0001, LR = 0.000017, No improvement: 125/200
Epoch 1476: Train Loss = 0.0001, Val Loss = 0.0000, LR = 0.000017, No improvement: 126/200
Epoch 1477: Train Loss = 0.0001, Val Loss = 0.0001, LR = 0.000017, No improvement: 127/200
Epoch 1478: Train Loss = 0.0001, Val Loss = 0.0001, LR = 0.000017, No improvement: 128/200
Epoch 1479: Train Loss = 0.0001, Val Loss = 0.0000, LR = 0.000017, No improvement: 129/200
Epoch 1480: Train Loss = 0.0001, Val Loss = 0.0001, LR = 0.000017, No improvement: 130/200
Epoch 1481: Train Loss = 0.0001, Val Loss = 0.0001, LR = 0.000017, No improvement: 131/200
Epoch 1482: Train Loss = 0.0001, Val Loss = 0.0001, LR = 0.000017, No improvement: 132/200
Epoch 1483: Train Loss = 0.0001, Val Loss = 0.0001, LR = 0.000017, No improvement: 133/200
Epoch 1484: Train Loss = 0.0001, Val Loss = 0.0001, LR = 0.000017, No improvement: 134/200
Epoch 1485: Train Loss = 0.0001, Val Loss = 0.0001, LR = 0.000017, No improvement: 135/200
Epoch 1486: Train Loss = 0.0001, Val Loss = 0.0000, LR = 0.000017, No improvement: 136/200
✓ New best model saved: ./models/masked_ssl/combine_unique_MetaboLights_Workbench_Water_EDTA_Suppressed_rowMinMax_v4_20260728_053503_bs32_mr0.20-0.60_ps128_best.pth
Epoch 1487: Train Loss = 0.0001, Val Loss = 0.0000, LR = 0.000017, No improvement: 0/200 ✓ IMPROVED
Epoch 1488: Train Loss = 0.0001, Val Loss = 0.0000, LR = 0.000016, No improvement: 1/200
Epoch 1489: Train Loss = 0.0001, Val Loss = 0.0001, LR = 0.000016, No improvement: 2/200
Epoch 1490: Train Loss = 0.0001, Val Loss = 0.0001, LR = 0.000016, No improvement: 3/200
Epoch 1491: Train Loss = 0.0001, Val Loss = 0.0000, LR = 0.000016, No improvement: 4/200
Epoch 1492: Train Loss = 0.0001, Val Loss = 0.0001, LR = 0.000016, No improvement: 5/200
Epoch 1493: Train Loss = 0.0001, Val Loss = 0.0001, LR = 0.000016, No improvement: 6/200
Epoch 1494: Train Loss = 0.0001, Val Loss = 0.0001, LR = 0.000016, No improvement: 7/200
Epoch 1495: Train Loss = 0.0001, Val Loss = 0.0001, LR = 0.000016, No improvement: 8/200
Epoch 1496: Train Loss = 0.0001, Val Loss = 0.0001, LR = 0.000016, No improvement: 9/200
Epoch 1497: Train Loss = 0.0001, Val Loss = 0.0001, LR = 0.000016, No improvement: 10/200
Epoch 1498: Train Loss = 0.0001, Val Loss = 0.0001, LR = 0.000016, No improvement: 11/200
Epoch 1499: Train Loss = 0.0001, Val Loss = 0.0001, LR = 0.000016, No improvement: 12/200
Epoch 1500: Train Loss = 0.0001, Val Loss = 0.0000, LR = 0.000016, No improvement: 13/200
Epoch 1501: Train Loss = 0.0001, Val Loss = 0.0001, LR = 0.000016, No improvement: 14/200
Epoch 1502: Train Loss = 0.0001, Val Loss = 0.0000, LR = 0.000016, No improvement: 15/200
Epoch 1503: Train Loss = 0.0001, Val Loss = 0.0001, LR = 0.000016, No improvement: 16/200
Epoch 1504: Train Loss = 0.0001, Val Loss = 0.0001, LR = 0.000016, No improvement: 17/200
Epoch 1505: Train Loss = 0.0001, Val Loss = 0.0000, LR = 0.000015, No improvement: 18/200
Epoch 1506: Train Loss = 0.0001, Val Loss = 0.0001, LR = 0.000015, No improvement: 19/200
Epoch 1507: Train Loss = 0.0001, Val Loss = 0.0001, LR = 0.000015, No improvement: 20/200
Epoch 1508: Train Loss = 0.0001, Val Loss = 0.0000, LR = 0.000015, No improvement: 21/200
Epoch 1509: Train Loss = 0.0001, Val Loss = 0.0001, LR = 0.000015, No improvement: 22/200
Epoch 1510: Train Loss = 0.0001, Val Loss = 0.0001, LR = 0.000015, No improvement: 23/200
Epoch 1511: Train Loss = 0.0001, Val Loss = 0.0001, LR = 0.000015, No improvement: 24/200
Epoch 1512: Train Loss = 0.0001, Val Loss = 0.0000, LR = 0.000015, No improvement: 25/200
Epoch 1513: Train Loss = 0.0001, Val Loss = 0.0001, LR = 0.000015, No improvement: 26/200
Epoch 1514: Train Loss = 0.0001, Val Loss = 0.0001, LR = 0.000015, No improvement: 27/200
Epoch 1515: Train Loss = 0.0001, Val Loss = 0.0000, LR = 0.000015, No improvement: 28/200
Epoch 1516: Train Loss = 0.0001, Val Loss = 0.0001, LR = 0.000015, No improvement: 29/200
Epoch 1517: Train Loss = 0.0001, Val Loss = 0.0001, LR = 0.000015, No improvement: 30/200
Epoch 1518: Train Loss = 0.0001, Val Loss = 0.0001, LR = 0.000015, No improvement: 31/200
Epoch 1519: Train Loss = 0.0001, Val Loss = 0.0001, LR = 0.000015, No improvement: 32/200
Epoch 1520: Train Loss = 0.0001, Val Loss = 0.0000, LR = 0.000015, No improvement: 33/200
Epoch 1521: Train Loss = 0.0001, Val Loss = 0.0001, LR = 0.000015, No improvement: 34/200
Epoch 1522: Train Loss = 0.0001, Val Loss = 0.0001, LR = 0.000015, No improvement: 35/200
Epoch 1523: Train Loss = 0.0001, Val Loss = 0.0000, LR = 0.000015, No improvement: 36/200
Epoch 1524: Train Loss = 0.0001, Val Loss = 0.0000, LR = 0.000014, No improvement: 37/200
Epoch 1525: Train Loss = 0.0001, Val Loss = 0.0001, LR = 0.000014, No improvement: 38/200
Epoch 1526: Train Loss = 0.0001, Val Loss = 0.0001, LR = 0.000014, No improvement: 39/200
Epoch 1527: Train Loss = 0.0001, Val Loss = 0.0001, LR = 0.000014, No improvement: 40/200
Epoch 1528: Train Loss = 0.0001, Val Loss = 0.0001, LR = 0.000014, No improvement: 41/200
Epoch 1529: Train Loss = 0.0001, Val Loss = 0.0001, LR = 0.000014, No improvement: 42/200
Epoch 1530: Train Loss = 0.0001, Val Loss = 0.0001, LR = 0.000014, No improvement: 43/200
Epoch 1531: Train Loss = 0.0001, Val Loss = 0.0000, LR = 0.000014, No improvement: 44/200
Epoch 1532: Train Loss = 0.0001, Val Loss = 0.0001, LR = 0.000014, No improvement: 45/200
Epoch 1533: Train Loss = 0.0001, Val Loss = 0.0000, LR = 0.000014, No improvement: 46/200
Epoch 1534: Train Loss = 0.0001, Val Loss = 0.0001, LR = 0.000014, No improvement: 47/200
Epoch 1535: Train Loss = 0.0001, Val Loss = 0.0001, LR = 0.000014, No improvement: 48/200
Epoch 1536: Train Loss = 0.0001, Val Loss = 0.0001, LR = 0.000014, No improvement: 49/200
Epoch 1537: Train Loss = 0.0001, Val Loss = 0.0000, LR = 0.000014, No improvement: 50/200
Epoch 1538: Train Loss = 0.0001, Val Loss = 0.0001, LR = 0.000014, No improvement: 51/200
Epoch 1539: Train Loss = 0.0001, Val Loss = 0.0001, LR = 0.000014, No improvement: 52/200
Epoch 1540: Train Loss = 0.0001, Val Loss = 0.0001, LR = 0.000014, No improvement: 53/200
Epoch 1541: Train Loss = 0.0001, Val Loss = 0.0001, LR = 0.000014, No improvement: 54/200
Epoch 1542: Train Loss = 0.0001, Val Loss = 0.0000, LR = 0.000014, No improvement: 55/200
Epoch 1543: Train Loss = 0.0001, Val Loss = 0.0000, LR = 0.000013, No improvement: 56/200
Epoch 1544: Train Loss = 0.0001, Val Loss = 0.0000, LR = 0.000013, No improvement: 57/200
Epoch 1545: Train Loss = 0.0001, Val Loss = 0.0001, LR = 0.000013, No improvement: 58/200
Epoch 1546: Train Loss = 0.0001, Val Loss = 0.0001, LR = 0.000013, No improvement: 59/200
Epoch 1547: Train Loss = 0.0001, Val Loss = 0.0001, LR = 0.000013, No improvement: 60/200
Epoch 1548: Train Loss = 0.0001, Val Loss = 0.0001, LR = 0.000013, No improvement: 61/200
Epoch 1549: Train Loss = 0.0001, Val Loss = 0.0001, LR = 0.000013, No improvement: 62/200
Epoch 1550: Train Loss = 0.0001, Val Loss = 0.0001, LR = 0.000013, No improvement: 63/200
Epoch 1551: Train Loss = 0.0001, Val Loss = 0.0001, LR = 0.000013, No improvement: 64/200
Epoch 1552: Train Loss = 0.0001, Val Loss = 0.0001, LR = 0.000013, No improvement: 65/200
Epoch 1553: Train Loss = 0.0001, Val Loss = 0.0001, LR = 0.000013, No improvement: 66/200
Epoch 1554: Train Loss = 0.0001, Val Loss = 0.0000, LR = 0.000013, No improvement: 67/200
Epoch 1555: Train Loss = 0.0001, Val Loss = 0.0001, LR = 0.000013, No improvement: 68/200
Epoch 1556: Train Loss = 0.0001, Val Loss = 0.0000, LR = 0.000013, No improvement: 69/200
Epoch 1557: Train Loss = 0.0001, Val Loss = 0.0001, LR = 0.000013, No improvement: 70/200
Epoch 1558: Train Loss = 0.0001, Val Loss = 0.0001, LR = 0.000013, No improvement: 71/200
Epoch 1559: Train Loss = 0.0001, Val Loss = 0.0001, LR = 0.000013, No improvement: 72/200
Epoch 1560: Train Loss = 0.0001, Val Loss = 0.0001, LR = 0.000013, No improvement: 73/200
Epoch 1561: Train Loss = 0.0001, Val Loss = 0.0000, LR = 0.000013, No improvement: 74/200
Epoch 1562: Train Loss = 0.0001, Val Loss = 0.0000, LR = 0.000012, No improvement: 75/200
Epoch 1563: Train Loss = 0.0001, Val Loss = 0.0001, LR = 0.000012, No improvement: 76/200
Epoch 1564: Train Loss = 0.0001, Val Loss = 0.0001, LR = 0.000012, No improvement: 77/200
Epoch 1565: Train Loss = 0.0001, Val Loss = 0.0001, LR = 0.000012, No improvement: 78/200
Epoch 1566: Train Loss = 0.0001, Val Loss = 0.0000, LR = 0.000012, No improvement: 79/200
Epoch 1567: Train Loss = 0.0001, Val Loss = 0.0001, LR = 0.000012, No improvement: 80/200
Epoch 1568: Train Loss = 0.0001, Val Loss = 0.0000, LR = 0.000012, No improvement: 81/200
Epoch 1569: Train Loss = 0.0001, Val Loss = 0.0001, LR = 0.000012, No improvement: 82/200
Epoch 1570: Train Loss = 0.0001, Val Loss = 0.0001, LR = 0.000012, No improvement: 83/200
Epoch 1571: Train Loss = 0.0001, Val Loss = 0.0001, LR = 0.000012, No improvement: 84/200
Epoch 1572: Train Loss = 0.0001, Val Loss = 0.0001, LR = 0.000012, No improvement: 85/200
Epoch 1573: Train Loss = 0.0001, Val Loss = 0.0001, LR = 0.000012, No improvement: 86/200
Epoch 1574: Train Loss = 0.0001, Val Loss = 0.0000, LR = 0.000012, No improvement: 87/200
Epoch 1575: Train Loss = 0.0001, Val Loss = 0.0001, LR = 0.000012, No improvement: 88/200
Epoch 1576: Train Loss = 0.0001, Val Loss = 0.0001, LR = 0.000012, No improvement: 89/200
Epoch 1577: Train Loss = 0.0001, Val Loss = 0.0000, LR = 0.000012, No improvement: 90/200
Epoch 1578: Train Loss = 0.0001, Val Loss = 0.0001, LR = 0.000012, No improvement: 91/200
Epoch 1579: Train Loss = 0.0001, Val Loss = 0.0001, LR = 0.000012, No improvement: 92/200
Epoch 1580: Train Loss = 0.0001, Val Loss = 0.0001, LR = 0.000012, No improvement: 93/200
Epoch 1581: Train Loss = 0.0001, Val Loss = 0.0001, LR = 0.000012, No improvement: 94/200
Epoch 1582: Train Loss = 0.0001, Val Loss = 0.0001, LR = 0.000011, No improvement: 95/200
Epoch 1583: Train Loss = 0.0001, Val Loss = 0.0000, LR = 0.000011, No improvement: 96/200
Epoch 1584: Train Loss = 0.0001, Val Loss = 0.0001, LR = 0.000011, No improvement: 97/200
Epoch 1585: Train Loss = 0.0001, Val Loss = 0.0001, LR = 0.000011, No improvement: 98/200
Epoch 1586: Train Loss = 0.0001, Val Loss = 0.0001, LR = 0.000011, No improvement: 99/200
Epoch 1587: Train Loss = 0.0001, Val Loss = 0.0000, LR = 0.000011, No improvement: 100/200
Epoch 1588: Train Loss = 0.0001, Val Loss = 0.0000, LR = 0.000011, No improvement: 101/200
Epoch 1589: Train Loss = 0.0001, Val Loss = 0.0001, LR = 0.000011, No improvement: 102/200
Epoch 1590: Train Loss = 0.0001, Val Loss = 0.0002, LR = 0.000011, No improvement: 103/200
Epoch 1591: Train Loss = 0.0001, Val Loss = 0.0001, LR = 0.000011, No improvement: 104/200
Epoch 1592: Train Loss = 0.0001, Val Loss = 0.0001, LR = 0.000011, No improvement: 105/200
Epoch 1593: Train Loss = 0.0001, Val Loss = 0.0000, LR = 0.000011, No improvement: 106/200
Epoch 1594: Train Loss = 0.0001, Val Loss = 0.0001, LR = 0.000011, No improvement: 107/200
Epoch 1595: Train Loss = 0.0001, Val Loss = 0.0001, LR = 0.000011, No improvement: 108/200
Epoch 1596: Train Loss = 0.0001, Val Loss = 0.0000, LR = 0.000011, No improvement: 109/200
Epoch 1597: Train Loss = 0.0001, Val Loss = 0.0001, LR = 0.000011, No improvement: 110/200
Epoch 1598: Train Loss = 0.0001, Val Loss = 0.0001, LR = 0.000011, No improvement: 111/200
Epoch 1599: Train Loss = 0.0001, Val Loss = 0.0000, LR = 0.000011, No improvement: 112/200
Epoch 1600: Train Loss = 0.0001, Val Loss = 0.0001, LR = 0.000011, No improvement: 113/200
Epoch 1601: Train Loss = 0.0001, Val Loss = 0.0001, LR = 0.000011, No improvement: 114/200
Epoch 1602: Train Loss = 0.0001, Val Loss = 0.0001, LR = 0.000011, No improvement: 115/200
Epoch 1603: Train Loss = 0.0001, Val Loss = 0.0001, LR = 0.000010, No improvement: 116/200
Epoch 1604: Train Loss = 0.0001, Val Loss = 0.0001, LR = 0.000010, No improvement: 117/200
Epoch 1605: Train Loss = 0.0001, Val Loss = 0.0000, LR = 0.000010, No improvement: 118/200
Epoch 1606: Train Loss = 0.0001, Val Loss = 0.0001, LR = 0.000010, No improvement: 119/200
Epoch 1607: Train Loss = 0.0001, Val Loss = 0.0000, LR = 0.000010, No improvement: 120/200
Epoch 1608: Train Loss = 0.0001, Val Loss = 0.0001, LR = 0.000010, No improvement: 121/200
Epoch 1609: Train Loss = 0.0001, Val Loss = 0.0001, LR = 0.000010, No improvement: 122/200
Epoch 1610: Train Loss = 0.0001, Val Loss = 0.0000, LR = 0.000010, No improvement: 123/200
Epoch 1611: Train Loss = 0.0001, Val Loss = 0.0001, LR = 0.000010, No improvement: 124/200
Epoch 1612: Train Loss = 0.0001, Val Loss = 0.0001, LR = 0.000010, No improvement: 125/200
Epoch 1613: Train Loss = 0.0001, Val Loss = 0.0000, LR = 0.000010, No improvement: 126/200
Epoch 1614: Train Loss = 0.0001, Val Loss = 0.0001, LR = 0.000010, No improvement: 127/200
Epoch 1615: Train Loss = 0.0001, Val Loss = 0.0001, LR = 0.000010, No improvement: 128/200
Epoch 1616: Train Loss = 0.0001, Val Loss = 0.0001, LR = 0.000010, No improvement: 129/200
Epoch 1617: Train Loss = 0.0001, Val Loss = 0.0001, LR = 0.000010, No improvement: 130/200
Epoch 1618: Train Loss = 0.0001, Val Loss = 0.0001, LR = 0.000010, No improvement: 131/200
Epoch 1619: Train Loss = 0.0001, Val Loss = 0.0000, LR = 0.000010, No improvement: 132/200
Epoch 1620: Train Loss = 0.0001, Val Loss = 0.0001, LR = 0.000010, No improvement: 133/200
Epoch 1621: Train Loss = 0.0001, Val Loss = 0.0000, LR = 0.000010, No improvement: 134/200
Epoch 1622: Train Loss = 0.0001, Val Loss = 0.0001, LR = 0.000010, No improvement: 135/200
Epoch 1623: Train Loss = 0.0001, Val Loss = 0.0001, LR = 0.000010, No improvement: 136/200
Epoch 1624: Train Loss = 0.0001, Val Loss = 0.0000, LR = 0.000010, No improvement: 137/200
Epoch 1625: Train Loss = 0.0001, Val Loss = 0.0001, LR = 0.000010, No improvement: 138/200
Epoch 1626: Train Loss = 0.0001, Val Loss = 0.0000, LR = 0.000009, No improvement: 139/200
Epoch 1627: Train Loss = 0.0001, Val Loss = 0.0001, LR = 0.000009, No improvement: 140/200
Epoch 1628: Train Loss = 0.0001, Val Loss = 0.0001, LR = 0.000009, No improvement: 141/200
Epoch 1629: Train Loss = 0.0001, Val Loss = 0.0001, LR = 0.000009, No improvement: 142/200
Epoch 1630: Train Loss = 0.0001, Val Loss = 0.0000, LR = 0.000009, No improvement: 143/200
Epoch 1631: Train Loss = 0.0001, Val Loss = 0.0000, LR = 0.000009, No improvement: 144/200
Epoch 1632: Train Loss = 0.0001, Val Loss = 0.0001, LR = 0.000009, No improvement: 145/200
✓ New best model saved: ./models/masked_ssl/combine_unique_MetaboLights_Workbench_Water_EDTA_Suppressed_rowMinMax_v4_20260728_053503_bs32_mr0.20-0.60_ps128_best.pth
Epoch 1633: Train Loss = 0.0001, Val Loss = 0.0000, LR = 0.000009, No improvement: 0/200 ✓ IMPROVED
Epoch 1634: Train Loss = 0.0001, Val Loss = 0.0001, LR = 0.000009, No improvement: 1/200
Epoch 1635: Train Loss = 0.0001, Val Loss = 0.0000, LR = 0.000009, No improvement: 2/200
Epoch 1636: Train Loss = 0.0001, Val Loss = 0.0001, LR = 0.000009, No improvement: 3/200
Epoch 1637: Train Loss = 0.0001, Val Loss = 0.0001, LR = 0.000009, No improvement: 4/200
Epoch 1638: Train Loss = 0.0001, Val Loss = 0.0001, LR = 0.000009, No improvement: 5/200
Epoch 1639: Train Loss = 0.0001, Val Loss = 0.0001, LR = 0.000009, No improvement: 6/200
Epoch 1640: Train Loss = 0.0001, Val Loss = 0.0001, LR = 0.000009, No improvement: 7/200
Epoch 1641: Train Loss = 0.0001, Val Loss = 0.0001, LR = 0.000009, No improvement: 8/200
Epoch 1642: Train Loss = 0.0001, Val Loss = 0.0000, LR = 0.000009, No improvement: 9/200
Epoch 1643: Train Loss = 0.0001, Val Loss = 0.0001, LR = 0.000009, No improvement: 10/200
Epoch 1644: Train Loss = 0.0001, Val Loss = 0.0001, LR = 0.000009, No improvement: 11/200
Epoch 1645: Train Loss = 0.0001, Val Loss = 0.0001, LR = 0.000009, No improvement: 12/200
Epoch 1646: Train Loss = 0.0001, Val Loss = 0.0000, LR = 0.000009, No improvement: 13/200
Epoch 1647: Train Loss = 0.0001, Val Loss = 0.0001, LR = 0.000009, No improvement: 14/200
Epoch 1648: Train Loss = 0.0001, Val Loss = 0.0002, LR = 0.000009, No improvement: 15/200
Epoch 1649: Train Loss = 0.0001, Val Loss = 0.0001, LR = 0.000008, No improvement: 16/200
Epoch 1650: Train Loss = 0.0001, Val Loss = 0.0001, LR = 0.000008, No improvement: 17/200
Epoch 1651: Train Loss = 0.0001, Val Loss = 0.0001, LR = 0.000008, No improvement: 18/200
Epoch 1652: Train Loss = 0.0001, Val Loss = 0.0001, LR = 0.000008, No improvement: 19/200
Epoch 1653: Train Loss = 0.0001, Val Loss = 0.0000, LR = 0.000008, No improvement: 20/200
Epoch 1654: Train Loss = 0.0001, Val Loss = 0.0001, LR = 0.000008, No improvement: 21/200
Epoch 1655: Train Loss = 0.0001, Val Loss = 0.0000, LR = 0.000008, No improvement: 22/200
Epoch 1656: Train Loss = 0.0001, Val Loss = 0.0001, LR = 0.000008, No improvement: 23/200
Epoch 1657: Train Loss = 0.0001, Val Loss = 0.0000, LR = 0.000008, No improvement: 24/200
Epoch 1658: Train Loss = 0.0001, Val Loss = 0.0001, LR = 0.000008, No improvement: 25/200
Epoch 1659: Train Loss = 0.0001, Val Loss = 0.0001, LR = 0.000008, No improvement: 26/200
Epoch 1660: Train Loss = 0.0001, Val Loss = 0.0001, LR = 0.000008, No improvement: 27/200
Epoch 1661: Train Loss = 0.0001, Val Loss = 0.0001, LR = 0.000008, No improvement: 28/200
Epoch 1662: Train Loss = 0.0001, Val Loss = 0.0000, LR = 0.000008, No improvement: 29/200
Epoch 1663: Train Loss = 0.0001, Val Loss = 0.0001, LR = 0.000008, No improvement: 30/200
Epoch 1664: Train Loss = 0.0001, Val Loss = 0.0000, LR = 0.000008, No improvement: 31/200
Epoch 1665: Train Loss = 0.0001, Val Loss = 0.0001, LR = 0.000008, No improvement: 32/200
Epoch 1666: Train Loss = 0.0001, Val Loss = 0.0001, LR = 0.000008, No improvement: 33/200
Epoch 1667: Train Loss = 0.0001, Val Loss = 0.0000, LR = 0.000008, No improvement: 34/200
Epoch 1668: Train Loss = 0.0001, Val Loss = 0.0001, LR = 0.000008, No improvement: 35/200
Epoch 1669: Train Loss = 0.0001, Val Loss = 0.0000, LR = 0.000008, No improvement: 36/200
Epoch 1670: Train Loss = 0.0001, Val Loss = 0.0001, LR = 0.000008, No improvement: 37/200
Epoch 1671: Train Loss = 0.0001, Val Loss = 0.0000, LR = 0.000008, No improvement: 38/200
Epoch 1672: Train Loss = 0.0001, Val Loss = 0.0001, LR = 0.000008, No improvement: 39/200
Epoch 1673: Train Loss = 0.0001, Val Loss = 0.0001, LR = 0.000008, No improvement: 40/200
Epoch 1674: Train Loss = 0.0001, Val Loss = 0.0001, LR = 0.000007, No improvement: 41/200
Epoch 1675: Train Loss = 0.0001, Val Loss = 0.0001, LR = 0.000007, No improvement: 42/200
Epoch 1676: Train Loss = 0.0001, Val Loss = 0.0001, LR = 0.000007, No improvement: 43/200
Epoch 1677: Train Loss = 0.0001, Val Loss = 0.0001, LR = 0.000007, No improvement: 44/200
Epoch 1678: Train Loss = 0.0001, Val Loss = 0.0000, LR = 0.000007, No improvement: 45/200
Epoch 1679: Train Loss = 0.0001, Val Loss = 0.0001, LR = 0.000007, No improvement: 46/200
Epoch 1680: Train Loss = 0.0001, Val Loss = 0.0000, LR = 0.000007, No improvement: 47/200
Epoch 1681: Train Loss = 0.0001, Val Loss = 0.0001, LR = 0.000007, No improvement: 48/200
Epoch 1682: Train Loss = 0.0001, Val Loss = 0.0001, LR = 0.000007, No improvement: 49/200
Epoch 1683: Train Loss = 0.0001, Val Loss = 0.0000, LR = 0.000007, No improvement: 50/200
Epoch 1684: Train Loss = 0.0001, Val Loss = 0.0001, LR = 0.000007, No improvement: 51/200
Epoch 1685: Train Loss = 0.0001, Val Loss = 0.0001, LR = 0.000007, No improvement: 52/200
Epoch 1686: Train Loss = 0.0001, Val Loss = 0.0001, LR = 0.000007, No improvement: 53/200
Epoch 1687: Train Loss = 0.0001, Val Loss = 0.0001, LR = 0.000007, No improvement: 54/200
Epoch 1688: Train Loss = 0.0001, Val Loss = 0.0001, LR = 0.000007, No improvement: 55/200
Epoch 1689: Train Loss = 0.0001, Val Loss = 0.0000, LR = 0.000007, No improvement: 56/200
Epoch 1690: Train Loss = 0.0001, Val Loss = 0.0001, LR = 0.000007, No improvement: 57/200
Epoch 1691: Train Loss = 0.0001, Val Loss = 0.0000, LR = 0.000007, No improvement: 58/200
Epoch 1692: Train Loss = 0.0001, Val Loss = 0.0001, LR = 0.000007, No improvement: 59/200
Epoch 1693: Train Loss = 0.0001, Val Loss = 0.0000, LR = 0.000007, No improvement: 60/200
Epoch 1694: Train Loss = 0.0001, Val Loss = 0.0001, LR = 0.000007, No improvement: 61/200
Epoch 1695: Train Loss = 0.0001, Val Loss = 0.0000, LR = 0.000007, No improvement: 62/200
Epoch 1696: Train Loss = 0.0001, Val Loss = 0.0001, LR = 0.000007, No improvement: 63/200
Epoch 1697: Train Loss = 0.0001, Val Loss = 0.0001, LR = 0.000007, No improvement: 64/200
Epoch 1698: Train Loss = 0.0001, Val Loss = 0.0001, LR = 0.000007, No improvement: 65/200
Epoch 1699: Train Loss = 0.0001, Val Loss = 0.0000, LR = 0.000007, No improvement: 66/200
Epoch 1700: Train Loss = 0.0001, Val Loss = 0.0001, LR = 0.000007, No improvement: 67/200
Epoch 1701: Train Loss = 0.0001, Val Loss = 0.0001, LR = 0.000006, No improvement: 68/200
Epoch 1702: Train Loss = 0.0001, Val Loss = 0.0001, LR = 0.000006, No improvement: 69/200
Epoch 1703: Train Loss = 0.0001, Val Loss = 0.0001, LR = 0.000006, No improvement: 70/200
Epoch 1704: Train Loss = 0.0001, Val Loss = 0.0001, LR = 0.000006, No improvement: 71/200
Epoch 1705: Train Loss = 0.0001, Val Loss = 0.0000, LR = 0.000006, No improvement: 72/200
Epoch 1706: Train Loss = 0.0001, Val Loss = 0.0000, LR = 0.000006, No improvement: 73/200
Epoch 1707: Train Loss = 0.0001, Val Loss = 0.0001, LR = 0.000006, No improvement: 74/200
Epoch 1708: Train Loss = 0.0001, Val Loss = 0.0001, LR = 0.000006, No improvement: 75/200
Epoch 1709: Train Loss = 0.0001, Val Loss = 0.0001, LR = 0.000006, No improvement: 76/200
Epoch 1710: Train Loss = 0.0001, Val Loss = 0.0001, LR = 0.000006, No improvement: 77/200
Epoch 1711: Train Loss = 0.0001, Val Loss = 0.0000, LR = 0.000006, No improvement: 78/200
Epoch 1712: Train Loss = 0.0001, Val Loss = 0.0001, LR = 0.000006, No improvement: 79/200
Epoch 1713: Train Loss = 0.0001, Val Loss = 0.0000, LR = 0.000006, No improvement: 80/200
Epoch 1714: Train Loss = 0.0001, Val Loss = 0.0000, LR = 0.000006, No improvement: 81/200
Epoch 1715: Train Loss = 0.0001, Val Loss = 0.0000, LR = 0.000006, No improvement: 82/200
Epoch 1716: Train Loss = 0.0001, Val Loss = 0.0001, LR = 0.000006, No improvement: 83/200
Epoch 1717: Train Loss = 0.0001, Val Loss = 0.0001, LR = 0.000006, No improvement: 84/200
Epoch 1718: Train Loss = 0.0001, Val Loss = 0.0000, LR = 0.000006, No improvement: 85/200
Epoch 1719: Train Loss = 0.0001, Val Loss = 0.0001, LR = 0.000006, No improvement: 86/200
Epoch 1720: Train Loss = 0.0001, Val Loss = 0.0001, LR = 0.000006, No improvement: 87/200
Epoch 1721: Train Loss = 0.0001, Val Loss = 0.0001, LR = 0.000006, No improvement: 88/200
Epoch 1722: Train Loss = 0.0001, Val Loss = 0.0001, LR = 0.000006, No improvement: 89/200
Epoch 1723: Train Loss = 0.0001, Val Loss = 0.0001, LR = 0.000006, No improvement: 90/200
Epoch 1724: Train Loss = 0.0001, Val Loss = 0.0001, LR = 0.000006, No improvement: 91/200
Epoch 1725: Train Loss = 0.0001, Val Loss = 0.0001, LR = 0.000006, No improvement: 92/200
Epoch 1726: Train Loss = 0.0001, Val Loss = 0.0001, LR = 0.000006, No improvement: 93/200
Epoch 1727: Train Loss = 0.0001, Val Loss = 0.0001, LR = 0.000006, No improvement: 94/200
Epoch 1728: Train Loss = 0.0001, Val Loss = 0.0001, LR = 0.000006, No improvement: 95/200
Epoch 1729: Train Loss = 0.0001, Val Loss = 0.0000, LR = 0.000006, No improvement: 96/200
Epoch 1730: Train Loss = 0.0001, Val Loss = 0.0000, LR = 0.000005, No improvement: 97/200
Epoch 1731: Train Loss = 0.0001, Val Loss = 0.0001, LR = 0.000005, No improvement: 98/200
Epoch 1732: Train Loss = 0.0001, Val Loss = 0.0000, LR = 0.000005, No improvement: 99/200
Epoch 1733: Train Loss = 0.0001, Val Loss = 0.0000, LR = 0.000005, No improvement: 100/200
Epoch 1734: Train Loss = 0.0001, Val Loss = 0.0001, LR = 0.000005, No improvement: 101/200
Epoch 1735: Train Loss = 0.0001, Val Loss = 0.0000, LR = 0.000005, No improvement: 102/200
Epoch 1736: Train Loss = 0.0001, Val Loss = 0.0001, LR = 0.000005, No improvement: 103/200
Epoch 1737: Train Loss = 0.0001, Val Loss = 0.0000, LR = 0.000005, No improvement: 104/200
Epoch 1738: Train Loss = 0.0001, Val Loss = 0.0001, LR = 0.000005, No improvement: 105/200
Epoch 1739: Train Loss = 0.0001, Val Loss = 0.0001, LR = 0.000005, No improvement: 106/200
Epoch 1740: Train Loss = 0.0001, Val Loss = 0.0001, LR = 0.000005, No improvement: 107/200
Epoch 1741: Train Loss = 0.0001, Val Loss = 0.0001, LR = 0.000005, No improvement: 108/200
Epoch 1742: Train Loss = 0.0001, Val Loss = 0.0001, LR = 0.000005, No improvement: 109/200
Epoch 1743: Train Loss = 0.0001, Val Loss = 0.0001, LR = 0.000005, No improvement: 110/200
Epoch 1744: Train Loss = 0.0001, Val Loss = 0.0001, LR = 0.000005, No improvement: 111/200
Epoch 1745: Train Loss = 0.0001, Val Loss = 0.0000, LR = 0.000005, No improvement: 112/200
Epoch 1746: Train Loss = 0.0001, Val Loss = 0.0001, LR = 0.000005, No improvement: 113/200
Epoch 1747: Train Loss = 0.0001, Val Loss = 0.0000, LR = 0.000005, No improvement: 114/200
Epoch 1748: Train Loss = 0.0001, Val Loss = 0.0000, LR = 0.000005, No improvement: 115/200
Epoch 1749: Train Loss = 0.0001, Val Loss = 0.0001, LR = 0.000005, No improvement: 116/200
Epoch 1750: Train Loss = 0.0001, Val Loss = 0.0001, LR = 0.000005, No improvement: 117/200
Epoch 1751: Train Loss = 0.0001, Val Loss = 0.0000, LR = 0.000005, No improvement: 118/200
Epoch 1752: Train Loss = 0.0001, Val Loss = 0.0001, LR = 0.000005, No improvement: 119/200
Epoch 1753: Train Loss = 0.0001, Val Loss = 0.0001, LR = 0.000005, No improvement: 120/200
Epoch 1754: Train Loss = 0.0001, Val Loss = 0.0001, LR = 0.000005, No improvement: 121/200
Epoch 1755: Train Loss = 0.0001, Val Loss = 0.0001, LR = 0.000005, No improvement: 122/200
Epoch 1756: Train Loss = 0.0001, Val Loss = 0.0001, LR = 0.000005, No improvement: 123/200
Epoch 1757: Train Loss = 0.0001, Val Loss = 0.0000, LR = 0.000005, No improvement: 124/200
Epoch 1758: Train Loss = 0.0001, Val Loss = 0.0001, LR = 0.000005, No improvement: 125/200
Epoch 1759: Train Loss = 0.0001, Val Loss = 0.0001, LR = 0.000005, No improvement: 126/200
Epoch 1760: Train Loss = 0.0001, Val Loss = 0.0001, LR = 0.000005, No improvement: 127/200
Epoch 1761: Train Loss = 0.0001, Val Loss = 0.0001, LR = 0.000005, No improvement: 128/200
Epoch 1762: Train Loss = 0.0001, Val Loss = 0.0001, LR = 0.000004, No improvement: 129/200
Epoch 1763: Train Loss = 0.0001, Val Loss = 0.0000, LR = 0.000004, No improvement: 130/200
Epoch 1764: Train Loss = 0.0001, Val Loss = 0.0000, LR = 0.000004, No improvement: 131/200
Epoch 1765: Train Loss = 0.0001, Val Loss = 0.0001, LR = 0.000004, No improvement: 132/200
Epoch 1766: Train Loss = 0.0001, Val Loss = 0.0000, LR = 0.000004, No improvement: 133/200
Epoch 1767: Train Loss = 0.0001, Val Loss = 0.0001, LR = 0.000004, No improvement: 134/200
Epoch 1768: Train Loss = 0.0001, Val Loss = 0.0000, LR = 0.000004, No improvement: 135/200
Epoch 1769: Train Loss = 0.0001, Val Loss = 0.0001, LR = 0.000004, No improvement: 136/200
Epoch 1770: Train Loss = 0.0001, Val Loss = 0.0000, LR = 0.000004, No improvement: 137/200
Epoch 1771: Train Loss = 0.0001, Val Loss = 0.0000, LR = 0.000004, No improvement: 138/200
Epoch 1772: Train Loss = 0.0001, Val Loss = 0.0001, LR = 0.000004, No improvement: 139/200
Epoch 1773: Train Loss = 0.0001, Val Loss = 0.0001, LR = 0.000004, No improvement: 140/200
Epoch 1774: Train Loss = 0.0001, Val Loss = 0.0001, LR = 0.000004, No improvement: 141/200
Epoch 1775: Train Loss = 0.0001, Val Loss = 0.0001, LR = 0.000004, No improvement: 142/200
Epoch 1776: Train Loss = 0.0001, Val Loss = 0.0000, LR = 0.000004, No improvement: 143/200
Epoch 1777: Train Loss = 0.0001, Val Loss = 0.0001, LR = 0.000004, No improvement: 144/200
Epoch 1778: Train Loss = 0.0001, Val Loss = 0.0001, LR = 0.000004, No improvement: 145/200
Epoch 1779: Train Loss = 0.0001, Val Loss = 0.0000, LR = 0.000004, No improvement: 146/200
Epoch 1780: Train Loss = 0.0001, Val Loss = 0.0000, LR = 0.000004, No improvement: 147/200
Epoch 1781: Train Loss = 0.0001, Val Loss = 0.0000, LR = 0.000004, No improvement: 148/200
Epoch 1782: Train Loss = 0.0001, Val Loss = 0.0000, LR = 0.000004, No improvement: 149/200
Epoch 1783: Train Loss = 0.0001, Val Loss = 0.0001, LR = 0.000004, No improvement: 150/200
Epoch 1784: Train Loss = 0.0001, Val Loss = 0.0001, LR = 0.000004, No improvement: 151/200
Epoch 1785: Train Loss = 0.0001, Val Loss = 0.0001, LR = 0.000004, No improvement: 152/200
Epoch 1786: Train Loss = 0.0001, Val Loss = 0.0001, LR = 0.000004, No improvement: 153/200
Epoch 1787: Train Loss = 0.0001, Val Loss = 0.0001, LR = 0.000004, No improvement: 154/200
Epoch 1788: Train Loss = 0.0001, Val Loss = 0.0001, LR = 0.000004, No improvement: 155/200
Epoch 1789: Train Loss = 0.0001, Val Loss = 0.0001, LR = 0.000004, No improvement: 156/200
Epoch 1790: Train Loss = 0.0001, Val Loss = 0.0000, LR = 0.000004, No improvement: 157/200
Epoch 1791: Train Loss = 0.0001, Val Loss = 0.0001, LR = 0.000004, No improvement: 158/200
Epoch 1792: Train Loss = 0.0001, Val Loss = 0.0000, LR = 0.000004, No improvement: 159/200
Epoch 1793: Train Loss = 0.0001, Val Loss = 0.0001, LR = 0.000004, No improvement: 160/200
Epoch 1794: Train Loss = 0.0001, Val Loss = 0.0000, LR = 0.000004, No improvement: 161/200
Epoch 1795: Train Loss = 0.0001, Val Loss = 0.0001, LR = 0.000004, No improvement: 162/200
Epoch 1796: Train Loss = 0.0001, Val Loss = 0.0001, LR = 0.000004, No improvement: 163/200
Epoch 1797: Train Loss = 0.0001, Val Loss = 0.0002, LR = 0.000004, No improvement: 164/200
Epoch 1798: Train Loss = 0.0001, Val Loss = 0.0001, LR = 0.000004, No improvement: 165/200
Epoch 1799: Train Loss = 0.0001, Val Loss = 0.0000, LR = 0.000003, No improvement: 166/200
Epoch 1800: Train Loss = 0.0001, Val Loss = 0.0001, LR = 0.000003, No improvement: 167/200
Epoch 1801: Train Loss = 0.0001, Val Loss = 0.0001, LR = 0.000003, No improvement: 168/200
Epoch 1802: Train Loss = 0.0001, Val Loss = 0.0001, LR = 0.000003, No improvement: 169/200
Epoch 1803: Train Loss = 0.0001, Val Loss = 0.0000, LR = 0.000003, No improvement: 170/200
Epoch 1804: Train Loss = 0.0001, Val Loss = 0.0000, LR = 0.000003, No improvement: 171/200
Epoch 1805: Train Loss = 0.0001, Val Loss = 0.0000, LR = 0.000003, No improvement: 172/200
Epoch 1806: Train Loss = 0.0001, Val Loss = 0.0001, LR = 0.000003, No improvement: 173/200
Epoch 1807: Train Loss = 0.0001, Val Loss = 0.0001, LR = 0.000003, No improvement: 174/200
Epoch 1808: Train Loss = 0.0001, Val Loss = 0.0001, LR = 0.000003, No improvement: 175/200
Epoch 1809: Train Loss = 0.0001, Val Loss = 0.0000, LR = 0.000003, No improvement: 176/200
Epoch 1810: Train Loss = 0.0001, Val Loss = 0.0001, LR = 0.000003, No improvement: 177/200
Epoch 1811: Train Loss = 0.0001, Val Loss = 0.0000, LR = 0.000003, No improvement: 178/200
Epoch 1812: Train Loss = 0.0001, Val Loss = 0.0000, LR = 0.000003, No improvement: 179/200
Epoch 1813: Train Loss = 0.0001, Val Loss = 0.0001, LR = 0.000003, No improvement: 180/200
✓ New best model saved: ./models/masked_ssl/combine_unique_MetaboLights_Workbench_Water_EDTA_Suppressed_rowMinMax_v4_20260728_053503_bs32_mr0.20-0.60_ps128_best.pth
Epoch 1814: Train Loss = 0.0001, Val Loss = 0.0000, LR = 0.000003, No improvement: 0/200 ✓ IMPROVED
Epoch 1815: Train Loss = 0.0001, Val Loss = 0.0001, LR = 0.000003, No improvement: 1/200
Epoch 1816: Train Loss = 0.0001, Val Loss = 0.0001, LR = 0.000003, No improvement: 2/200
Epoch 1817: Train Loss = 0.0001, Val Loss = 0.0001, LR = 0.000003, No improvement: 3/200
Epoch 1818: Train Loss = 0.0001, Val Loss = 0.0000, LR = 0.000003, No improvement: 4/200
Epoch 1819: Train Loss = 0.0001, Val Loss = 0.0000, LR = 0.000003, No improvement: 5/200
Epoch 1820: Train Loss = 0.0001, Val Loss = 0.0001, LR = 0.000003, No improvement: 6/200
Epoch 1821: Train Loss = 0.0001, Val Loss = 0.0000, LR = 0.000003, No improvement: 7/200
Epoch 1822: Train Loss = 0.0001, Val Loss = 0.0000, LR = 0.000003, No improvement: 8/200
Epoch 1823: Train Loss = 0.0001, Val Loss = 0.0001, LR = 0.000003, No improvement: 9/200
Epoch 1824: Train Loss = 0.0001, Val Loss = 0.0001, LR = 0.000003, No improvement: 10/200
Epoch 1825: Train Loss = 0.0001, Val Loss = 0.0001, LR = 0.000003, No improvement: 11/200
Epoch 1826: Train Loss = 0.0001, Val Loss = 0.0000, LR = 0.000003, No improvement: 12/200
Epoch 1827: Train Loss = 0.0001, Val Loss = 0.0001, LR = 0.000003, No improvement: 13/200
Epoch 1828: Train Loss = 0.0001, Val Loss = 0.0001, LR = 0.000003, No improvement: 14/200
Epoch 1829: Train Loss = 0.0001, Val Loss = 0.0001, LR = 0.000003, No improvement: 15/200
Epoch 1830: Train Loss = 0.0001, Val Loss = 0.0000, LR = 0.000003, No improvement: 16/200
Epoch 1831: Train Loss = 0.0001, Val Loss = 0.0001, LR = 0.000003, No improvement: 17/200
Epoch 1832: Train Loss = 0.0001, Val Loss = 0.0001, LR = 0.000003, No improvement: 18/200
Epoch 1833: Train Loss = 0.0001, Val Loss = 0.0001, LR = 0.000003, No improvement: 19/200
Epoch 1834: Train Loss = 0.0001, Val Loss = 0.0001, LR = 0.000003, No improvement: 20/200
Epoch 1835: Train Loss = 0.0001, Val Loss = 0.0000, LR = 0.000003, No improvement: 21/200
Epoch 1836: Train Loss = 0.0001, Val Loss = 0.0000, LR = 0.000003, No improvement: 22/200
Epoch 1837: Train Loss = 0.0001, Val Loss = 0.0001, LR = 0.000003, No improvement: 23/200
Epoch 1838: Train Loss = 0.0001, Val Loss = 0.0001, LR = 0.000003, No improvement: 24/200
Epoch 1839: Train Loss = 0.0001, Val Loss = 0.0000, LR = 0.000003, No improvement: 25/200
Epoch 1840: Train Loss = 0.0001, Val Loss = 0.0000, LR = 0.000003, No improvement: 26/200
Epoch 1841: Train Loss = 0.0001, Val Loss = 0.0001, LR = 0.000003, No improvement: 27/200
Epoch 1842: Train Loss = 0.0001, Val Loss = 0.0000, LR = 0.000003, No improvement: 28/200
Epoch 1843: Train Loss = 0.0001, Val Loss = 0.0000, LR = 0.000003, No improvement: 29/200
Epoch 1844: Train Loss = 0.0001, Val Loss = 0.0001, LR = 0.000003, No improvement: 30/200
Epoch 1845: Train Loss = 0.0001, Val Loss = 0.0000, LR = 0.000002, No improvement: 31/200
Epoch 1846: Train Loss = 0.0001, Val Loss = 0.0000, LR = 0.000002, No improvement: 32/200
Epoch 1847: Train Loss = 0.0001, Val Loss = 0.0001, LR = 0.000002, No improvement: 33/200
Epoch 1848: Train Loss = 0.0001, Val Loss = 0.0001, LR = 0.000002, No improvement: 34/200
Epoch 1849: Train Loss = 0.0001, Val Loss = 0.0000, LR = 0.000002, No improvement: 35/200
Epoch 1850: Train Loss = 0.0001, Val Loss = 0.0001, LR = 0.000002, No improvement: 36/200
Epoch 1851: Train Loss = 0.0001, Val Loss = 0.0001, LR = 0.000002, No improvement: 37/200
Epoch 1852: Train Loss = 0.0001, Val Loss = 0.0001, LR = 0.000002, No improvement: 38/200
Epoch 1853: Train Loss = 0.0001, Val Loss = 0.0000, LR = 0.000002, No improvement: 39/200
Epoch 1854: Train Loss = 0.0001, Val Loss = 0.0001, LR = 0.000002, No improvement: 40/200
Epoch 1855: Train Loss = 0.0001, Val Loss = 0.0000, LR = 0.000002, No improvement: 41/200
Epoch 1856: Train Loss = 0.0001, Val Loss = 0.0001, LR = 0.000002, No improvement: 42/200
Epoch 1857: Train Loss = 0.0001, Val Loss = 0.0001, LR = 0.000002, No improvement: 43/200
Epoch 1858: Train Loss = 0.0001, Val Loss = 0.0000, LR = 0.000002, No improvement: 44/200
Epoch 1859: Train Loss = 0.0001, Val Loss = 0.0000, LR = 0.000002, No improvement: 45/200
Epoch 1860: Train Loss = 0.0001, Val Loss = 0.0001, LR = 0.000002, No improvement: 46/200
Epoch 1861: Train Loss = 0.0001, Val Loss = 0.0000, LR = 0.000002, No improvement: 47/200
Epoch 1862: Train Loss = 0.0001, Val Loss = 0.0001, LR = 0.000002, No improvement: 48/200
Epoch 1863: Train Loss = 0.0001, Val Loss = 0.0001, LR = 0.000002, No improvement: 49/200
Epoch 1864: Train Loss = 0.0001, Val Loss = 0.0001, LR = 0.000002, No improvement: 50/200
Epoch 1865: Train Loss = 0.0001, Val Loss = 0.0001, LR = 0.000002, No improvement: 51/200
Epoch 1866: Train Loss = 0.0001, Val Loss = 0.0001, LR = 0.000002, No improvement: 52/200
Epoch 1867: Train Loss = 0.0001, Val Loss = 0.0000, LR = 0.000002, No improvement: 53/200
Epoch 1868: Train Loss = 0.0001, Val Loss = 0.0001, LR = 0.000002, No improvement: 54/200
Epoch 1869: Train Loss = 0.0001, Val Loss = 0.0000, LR = 0.000002, No improvement: 55/200
Epoch 1870: Train Loss = 0.0001, Val Loss = 0.0001, LR = 0.000002, No improvement: 56/200
Epoch 1871: Train Loss = 0.0001, Val Loss = 0.0001, LR = 0.000002, No improvement: 57/200
Epoch 1872: Train Loss = 0.0001, Val Loss = 0.0001, LR = 0.000002, No improvement: 58/200
Epoch 1873: Train Loss = 0.0001, Val Loss = 0.0000, LR = 0.000002, No improvement: 59/200
Epoch 1874: Train Loss = 0.0001, Val Loss = 0.0001, LR = 0.000002, No improvement: 60/200
Epoch 1875: Train Loss = 0.0001, Val Loss = 0.0001, LR = 0.000002, No improvement: 61/200
Epoch 1876: Train Loss = 0.0001, Val Loss = 0.0000, LR = 0.000002, No improvement: 62/200
Epoch 1877: Train Loss = 0.0001, Val Loss = 0.0001, LR = 0.000002, No improvement: 63/200
Epoch 1878: Train Loss = 0.0001, Val Loss = 0.0001, LR = 0.000002, No improvement: 64/200
Epoch 1879: Train Loss = 0.0001, Val Loss = 0.0001, LR = 0.000002, No improvement: 65/200
Epoch 1880: Train Loss = 0.0001, Val Loss = 0.0001, LR = 0.000002, No improvement: 66/200
Epoch 1881: Train Loss = 0.0001, Val Loss = 0.0001, LR = 0.000002, No improvement: 67/200
Epoch 1882: Train Loss = 0.0001, Val Loss = 0.0001, LR = 0.000002, No improvement: 68/200
Epoch 1883: Train Loss = 0.0001, Val Loss = 0.0001, LR = 0.000002, No improvement: 69/200
Epoch 1884: Train Loss = 0.0001, Val Loss = 0.0000, LR = 0.000002, No improvement: 70/200
Epoch 1885: Train Loss = 0.0001, Val Loss = 0.0001, LR = 0.000002, No improvement: 71/200
Epoch 1886: Train Loss = 0.0001, Val Loss = 0.0001, LR = 0.000002, No improvement: 72/200
Epoch 1887: Train Loss = 0.0001, Val Loss = 0.0001, LR = 0.000002, No improvement: 73/200
Epoch 1888: Train Loss = 0.0001, Val Loss = 0.0000, LR = 0.000002, No improvement: 74/200
Epoch 1889: Train Loss = 0.0001, Val Loss = 0.0001, LR = 0.000002, No improvement: 75/200
Epoch 1890: Train Loss = 0.0001, Val Loss = 0.0000, LR = 0.000002, No improvement: 76/200
Epoch 1891: Train Loss = 0.0001, Val Loss = 0.0001, LR = 0.000002, No improvement: 77/200
Epoch 1892: Train Loss = 0.0001, Val Loss = 0.0001, LR = 0.000002, No improvement: 78/200
Epoch 1893: Train Loss = 0.0001, Val Loss = 0.0001, LR = 0.000002, No improvement: 79/200
Epoch 1894: Train Loss = 0.0001, Val Loss = 0.0001, LR = 0.000002, No improvement: 80/200
Epoch 1895: Train Loss = 0.0001, Val Loss = 0.0001, LR = 0.000002, No improvement: 81/200
Epoch 1896: Train Loss = 0.0001, Val Loss = 0.0001, LR = 0.000002, No improvement: 82/200
Epoch 1897: Train Loss = 0.0001, Val Loss = 0.0001, LR = 0.000002, No improvement: 83/200
Epoch 1898: Train Loss = 0.0001, Val Loss = 0.0001, LR = 0.000002, No improvement: 84/200
Epoch 1899: Train Loss = 0.0001, Val Loss = 0.0000, LR = 0.000002, No improvement: 85/200
Epoch 1900: Train Loss = 0.0001, Val Loss = 0.0001, LR = 0.000002, No improvement: 86/200
Epoch 1901: Train Loss = 0.0001, Val Loss = 0.0001, LR = 0.000002, No improvement: 87/200
Epoch 1902: Train Loss = 0.0001, Val Loss = 0.0001, LR = 0.000002, No improvement: 88/200
Epoch 1903: Train Loss = 0.0001, Val Loss = 0.0000, LR = 0.000002, No improvement: 89/200
Epoch 1904: Train Loss = 0.0001, Val Loss = 0.0001, LR = 0.000002, No improvement: 90/200
Epoch 1905: Train Loss = 0.0001, Val Loss = 0.0000, LR = 0.000002, No improvement: 91/200
Epoch 1906: Train Loss = 0.0001, Val Loss = 0.0000, LR = 0.000002, No improvement: 92/200
Epoch 1907: Train Loss = 0.0001, Val Loss = 0.0000, LR = 0.000002, No improvement: 93/200
Epoch 1908: Train Loss = 0.0001, Val Loss = 0.0001, LR = 0.000002, No improvement: 94/200
Epoch 1909: Train Loss = 0.0001, Val Loss = 0.0000, LR = 0.000002, No improvement: 95/200
Epoch 1910: Train Loss = 0.0001, Val Loss = 0.0001, LR = 0.000002, No improvement: 96/200
Epoch 1911: Train Loss = 0.0001, Val Loss = 0.0001, LR = 0.000001, No improvement: 97/200
Epoch 1912: Train Loss = 0.0001, Val Loss = 0.0001, LR = 0.000001, No improvement: 98/200
Epoch 1913: Train Loss = 0.0001, Val Loss = 0.0000, LR = 0.000001, No improvement: 99/200
Epoch 1914: Train Loss = 0.0001, Val Loss = 0.0000, LR = 0.000001, No improvement: 100/200
Epoch 1915: Train Loss = 0.0001, Val Loss = 0.0001, LR = 0.000001, No improvement: 101/200
Epoch 1916: Train Loss = 0.0001, Val Loss = 0.0000, LR = 0.000001, No improvement: 102/200
Epoch 1917: Train Loss = 0.0001, Val Loss = 0.0000, LR = 0.000001, No improvement: 103/200
Epoch 1918: Train Loss = 0.0001, Val Loss = 0.0001, LR = 0.000001, No improvement: 104/200
Epoch 1919: Train Loss = 0.0001, Val Loss = 0.0001, LR = 0.000001, No improvement: 105/200
Epoch 1920: Train Loss = 0.0001, Val Loss = 0.0001, LR = 0.000001, No improvement: 106/200
Epoch 1921: Train Loss = 0.0001, Val Loss = 0.0001, LR = 0.000001, No improvement: 107/200
Epoch 1922: Train Loss = 0.0001, Val Loss = 0.0000, LR = 0.000001, No improvement: 108/200
Epoch 1923: Train Loss = 0.0001, Val Loss = 0.0000, LR = 0.000001, No improvement: 109/200
Epoch 1924: Train Loss = 0.0001, Val Loss = 0.0001, LR = 0.000001, No improvement: 110/200
Epoch 1925: Train Loss = 0.0001, Val Loss = 0.0000, LR = 0.000001, No improvement: 111/200
Epoch 1926: Train Loss = 0.0001, Val Loss = 0.0000, LR = 0.000001, No improvement: 112/200
Epoch 1927: Train Loss = 0.0001, Val Loss = 0.0001, LR = 0.000001, No improvement: 113/200
Epoch 1928: Train Loss = 0.0001, Val Loss = 0.0001, LR = 0.000001, No improvement: 114/200
Epoch 1929: Train Loss = 0.0001, Val Loss = 0.0001, LR = 0.000001, No improvement: 115/200
Epoch 1930: Train Loss = 0.0001, Val Loss = 0.0001, LR = 0.000001, No improvement: 116/200
Epoch 1931: Train Loss = 0.0001, Val Loss = 0.0001, LR = 0.000001, No improvement: 117/200
Epoch 1932: Train Loss = 0.0001, Val Loss = 0.0001, LR = 0.000001, No improvement: 118/200
Epoch 1933: Train Loss = 0.0001, Val Loss = 0.0001, LR = 0.000001, No improvement: 119/200
Epoch 1934: Train Loss = 0.0001, Val Loss = 0.0000, LR = 0.000001, No improvement: 120/200
Epoch 1935: Train Loss = 0.0001, Val Loss = 0.0001, LR = 0.000001, No improvement: 121/200
Epoch 1936: Train Loss = 0.0001, Val Loss = 0.0001, LR = 0.000001, No improvement: 122/200
Epoch 1937: Train Loss = 0.0001, Val Loss = 0.0001, LR = 0.000001, No improvement: 123/200
Epoch 1938: Train Loss = 0.0001, Val Loss = 0.0000, LR = 0.000001, No improvement: 124/200
Epoch 1939: Train Loss = 0.0001, Val Loss = 0.0000, LR = 0.000001, No improvement: 125/200
Epoch 1940: Train Loss = 0.0001, Val Loss = 0.0001, LR = 0.000001, No improvement: 126/200
Epoch 1941: Train Loss = 0.0001, Val Loss = 0.0000, LR = 0.000001, No improvement: 127/200
Epoch 1942: Train Loss = 0.0001, Val Loss = 0.0000, LR = 0.000001, No improvement: 128/200
Epoch 1943: Train Loss = 0.0001, Val Loss = 0.0001, LR = 0.000001, No improvement: 129/200
Epoch 1944: Train Loss = 0.0001, Val Loss = 0.0000, LR = 0.000001, No improvement: 130/200
Epoch 1945: Train Loss = 0.0001, Val Loss = 0.0000, LR = 0.000001, No improvement: 131/200
Epoch 1946: Train Loss = 0.0001, Val Loss = 0.0001, LR = 0.000001, No improvement: 132/200
Epoch 1947: Train Loss = 0.0001, Val Loss = 0.0001, LR = 0.000001, No improvement: 133/200
Epoch 1948: Train Loss = 0.0001, Val Loss = 0.0000, LR = 0.000001, No improvement: 134/200
Epoch 1949: Train Loss = 0.0001, Val Loss = 0.0001, LR = 0.000001, No improvement: 135/200
Epoch 1950: Train Loss = 0.0001, Val Loss = 0.0001, LR = 0.000001, No improvement: 136/200
Epoch 1951: Train Loss = 0.0001, Val Loss = 0.0001, LR = 0.000001, No improvement: 137/200
Epoch 1952: Train Loss = 0.0001, Val Loss = 0.0001, LR = 0.000001, No improvement: 138/200
Epoch 1953: Train Loss = 0.0001, Val Loss = 0.0001, LR = 0.000001, No improvement: 139/200
Epoch 1954: Train Loss = 0.0001, Val Loss = 0.0000, LR = 0.000001, No improvement: 140/200
Epoch 1955: Train Loss = 0.0001, Val Loss = 0.0000, LR = 0.000001, No improvement: 141/200
Epoch 1956: Train Loss = 0.0001, Val Loss = 0.0001, LR = 0.000001, No improvement: 142/200
Epoch 1957: Train Loss = 0.0001, Val Loss = 0.0001, LR = 0.000001, No improvement: 143/200
Epoch 1958: Train Loss = 0.0001, Val Loss = 0.0001, LR = 0.000001, No improvement: 144/200
Epoch 1959: Train Loss = 0.0001, Val Loss = 0.0001, LR = 0.000001, No improvement: 145/200
Epoch 1960: Train Loss = 0.0001, Val Loss = 0.0000, LR = 0.000001, No improvement: 146/200
Epoch 1961: Train Loss = 0.0001, Val Loss = 0.0000, LR = 0.000001, No improvement: 147/200
Epoch 1962: Train Loss = 0.0001, Val Loss = 0.0001, LR = 0.000001, No improvement: 148/200
Epoch 1963: Train Loss = 0.0001, Val Loss = 0.0000, LR = 0.000001, No improvement: 149/200
Epoch 1964: Train Loss = 0.0001, Val Loss = 0.0001, LR = 0.000001, No improvement: 150/200
Epoch 1965: Train Loss = 0.0001, Val Loss = 0.0001, LR = 0.000001, No improvement: 151/200
Epoch 1966: Train Loss = 0.0001, Val Loss = 0.0000, LR = 0.000001, No improvement: 152/200
Epoch 1967: Train Loss = 0.0001, Val Loss = 0.0001, LR = 0.000001, No improvement: 153/200
Epoch 1968: Train Loss = 0.0001, Val Loss = 0.0000, LR = 0.000001, No improvement: 154/200
Epoch 1969: Train Loss = 0.0001, Val Loss = 0.0000, LR = 0.000001, No improvement: 155/200
Epoch 1970: Train Loss = 0.0001, Val Loss = 0.0001, LR = 0.000001, No improvement: 156/200
Epoch 1971: Train Loss = 0.0001, Val Loss = 0.0001, LR = 0.000001, No improvement: 157/200
Epoch 1972: Train Loss = 0.0001, Val Loss = 0.0000, LR = 0.000001, No improvement: 158/200
Epoch 1973: Train Loss = 0.0001, Val Loss = 0.0001, LR = 0.000001, No improvement: 159/200
Epoch 1974: Train Loss = 0.0001, Val Loss = 0.0001, LR = 0.000001, No improvement: 160/200
Epoch 1975: Train Loss = 0.0001, Val Loss = 0.0001, LR = 0.000001, No improvement: 161/200
Epoch 1976: Train Loss = 0.0001, Val Loss = 0.0001, LR = 0.000001, No improvement: 162/200
Epoch 1977: Train Loss = 0.0001, Val Loss = 0.0000, LR = 0.000001, No improvement: 163/200
Epoch 1978: Train Loss = 0.0001, Val Loss = 0.0002, LR = 0.000001, No improvement: 164/200
Epoch 1979: Train Loss = 0.0001, Val Loss = 0.0000, LR = 0.000001, No improvement: 165/200
Epoch 1980: Train Loss = 0.0001, Val Loss = 0.0000, LR = 0.000001, No improvement: 166/200
Epoch 1981: Train Loss = 0.0001, Val Loss = 0.0000, LR = 0.000001, No improvement: 167/200
Epoch 1982: Train Loss = 0.0001, Val Loss = 0.0001, LR = 0.000001, No improvement: 168/200
Epoch 1983: Train Loss = 0.0001, Val Loss = 0.0001, LR = 0.000001, No improvement: 169/200
Epoch 1984: Train Loss = 0.0001, Val Loss = 0.0001, LR = 0.000001, No improvement: 170/200
Epoch 1985: Train Loss = 0.0001, Val Loss = 0.0000, LR = 0.000001, No improvement: 171/200
Epoch 1986: Train Loss = 0.0001, Val Loss = 0.0001, LR = 0.000001, No improvement: 172/200
Epoch 1987: Train Loss = 0.0001, Val Loss = 0.0001, LR = 0.000001, No improvement: 173/200
Epoch 1988: Train Loss = 0.0001, Val Loss = 0.0001, LR = 0.000001, No improvement: 174/200
Epoch 1989: Train Loss = 0.0001, Val Loss = 0.0001, LR = 0.000001, No improvement: 175/200
Epoch 1990: Train Loss = 0.0001, Val Loss = 0.0001, LR = 0.000001, No improvement: 176/200
Epoch 1991: Train Loss = 0.0001, Val Loss = 0.0000, LR = 0.000001, No improvement: 177/200
Epoch 1992: Train Loss = 0.0001, Val Loss = 0.0001, LR = 0.000001, No improvement: 178/200
Epoch 1993: Train Loss = 0.0001, Val Loss = 0.0001, LR = 0.000001, No improvement: 179/200
Epoch 1994: Train Loss = 0.0001, Val Loss = 0.0001, LR = 0.000001, No improvement: 180/200
Epoch 1995: Train Loss = 0.0001, Val Loss = 0.0001, LR = 0.000001, No improvement: 181/200
Epoch 1996: Train Loss = 0.0001, Val Loss = 0.0001, LR = 0.000001, No improvement: 182/200
Epoch 1997: Train Loss = 0.0001, Val Loss = 0.0001, LR = 0.000001, No improvement: 183/200
Epoch 1998: Train Loss = 0.0001, Val Loss = 0.0000, LR = 0.000001, No improvement: 184/200
Epoch 1999: Train Loss = 0.0001, Val Loss = 0.0001, LR = 0.000001, No improvement: 185/200
Epoch 2000: Train Loss = 0.0001, Val Loss = 0.0000, LR = 0.000001, No improvement: 186/200

============================================================
Training completed after 2000 epochs
Best validation loss achieved: 0.0000
============================================================


Generating training curves...
Training curves saved to: ./models/masked_ssl/combine_unique_MetaboLights_Workbench_Water_EDTA_Suppressed_rowMinMax_v4_20260728_053503_training_curves.png

=== Training Statistics ===
Total epochs: 2000
Final training loss: 0.000065
Final validation loss: 0.000048
Best validation loss: 0.000044
Best validation achieved at epoch: 1814

Generating reconstruction examples...

Visualizing reconstruction for random samples: [657, 1057, 620, 1158, 505]
Sample 657: MSE = 0.000002, Correlation = 0.9966
Sample 1057: MSE = 0.000010, Correlation = 0.9863
Sample 620: MSE = 0.000004, Correlation = 0.9974
Sample 1158: MSE = 0.000002, Correlation = 0.9978
Sample 505: MSE = 0.000029, Correlation = 0.9632
Reconstruction examples saved to: ./models/masked_ssl/combine_unique_MetaboLights_Workbench_Water_EDTA_Suppressed_rowMinMax_v4_20260728_053503_reconstructions.png
