feature_group,feature_name,classifier,episode,n_train,n_test,status,error,accuracy,macro_f1,macro_precision,macro_recall
foundation_backbone,mae_flatten,svm_C1p0,1,4,138,ok,,0.17391304347826086,0.14227777777777778,0.2273529411764706,0.18876623376623375
foundation_backbone,mae_flatten,logreg_C0p1,1,4,138,ok,,0.17391304347826086,0.13303438421548658,0.19915597818074599,0.1843831168831169
foundation_backbone,mae_flatten,xgboost_depth2,1,4,138,ok,,0.2028985507246377,0.08433734939759036,0.050724637681159424,0.25
foundation_backbone,mae_flatten,svm_C1p0,2,4,138,ok,,0.34782608695652173,0.30954052722345404,0.36178178178178183,0.36088744588744587
foundation_backbone,mae_flatten,logreg_C0p1,2,4,138,ok,,0.391304347826087,0.3564915966386555,0.429590237348858,0.40178571428571436
foundation_backbone,mae_flatten,xgboost_depth2,2,4,138,ok,,0.21739130434782608,0.08928571428571429,0.05434782608695652,0.25
foundation_backbone,mae_flatten,svm_C1p0,3,4,138,ok,,0.2318840579710145,0.22606771744771237,0.2484054551851162,0.23464285714285715
foundation_backbone,mae_flatten,logreg_C0p1,3,4,138,ok,,0.2753623188405797,0.25845877002965023,0.27793965293965295,0.25672077922077924
foundation_backbone,mae_flatten,xgboost_depth2,3,4,138,ok,,0.18115942028985507,0.07668711656441718,0.04528985507246377,0.25
foundation_backbone,mae_flatten,svm_C1p0,4,4,138,ok,,0.2898550724637681,0.2712657729083856,0.33162011030863486,0.2751731601731602
foundation_backbone,mae_flatten,logreg_C0p1,4,4,138,ok,,0.3115942028985507,0.2868664704065129,0.34402201740911414,0.28714285714285714
foundation_backbone,mae_flatten,xgboost_depth2,4,4,138,ok,,0.39855072463768115,0.14248704663212436,0.09963768115942029,0.25
foundation_backbone,mae_flatten,svm_C1p0,5,4,138,ok,,0.2826086956521739,0.2650510542751101,0.2807129303334237,0.28487012987012983
foundation_backbone,mae_flatten,logreg_C0p1,5,4,138,ok,,0.2898550724637681,0.26863368580439106,0.281935736677116,0.28834415584415585
foundation_backbone,mae_flatten,xgboost_depth2,5,4,138,ok,,0.18115942028985507,0.07668711656441718,0.04528985507246377,0.25
foundation_backbone,mae_flatten,svm_C1p0,6,4,138,ok,,0.39855072463768115,0.3562595456281023,0.37648809523809523,0.36076839826839824
foundation_backbone,mae_flatten,logreg_C0p1,6,4,138,ok,,0.35507246376811596,0.3387342290538277,0.387374686716792,0.3427380952380953
foundation_backbone,mae_flatten,xgboost_depth2,6,4,138,ok,,0.21739130434782608,0.08928571428571429,0.05434782608695652,0.25
foundation_backbone,mae_flatten,svm_C1p0,7,4,138,ok,,0.21739130434782608,0.21477252946986625,0.2651909722222222,0.2272186147186147
foundation_backbone,mae_flatten,logreg_C0p1,7,4,138,ok,,0.2318840579710145,0.22885576171812458,0.2837301587301588,0.2406926406926407
foundation_backbone,mae_flatten,xgboost_depth2,7,4,138,ok,,0.21739130434782608,0.08928571428571429,0.05434782608695652,0.25
foundation_backbone,mae_flatten,svm_C1p0,8,4,138,ok,,0.13043478260869565,0.11987721494607088,0.13756105006105007,0.11238095238095239
foundation_backbone,mae_flatten,logreg_C0p1,8,4,138,ok,,0.11594202898550725,0.1224360347298878,0.11404110794354697,0.13656926406926406
foundation_backbone,mae_flatten,xgboost_depth2,8,4,138,ok,,0.2028985507246377,0.08433734939759036,0.050724637681159424,0.25
foundation_backbone,mae_flatten,svm_C1p0,9,4,138,ok,,0.2536231884057971,0.18151919656665638,0.28299319727891153,0.279491341991342
foundation_backbone,mae_flatten,logreg_C0p1,9,4,138,ok,,0.2463768115942029,0.17207149009474593,0.26373348873348873,0.27494588744588744
foundation_backbone,mae_flatten,xgboost_depth2,9,4,138,ok,,0.39855072463768115,0.14248704663212436,0.09963768115942029,0.25
foundation_backbone,mae_flatten,svm_C1p0,10,4,138,ok,,0.391304347826087,0.3624281598689695,0.3723397770811564,0.36703463203463205
foundation_backbone,mae_flatten,logreg_C0p1,10,4,138,ok,,0.42028985507246375,0.3853121757177447,0.3927083176741179,0.3895995670995671
foundation_backbone,mae_flatten,xgboost_depth2,10,4,138,ok,,0.39855072463768115,0.14248704663212436,0.09963768115942029,0.25
foundation_backbone,mae_flatten,svm_C1p0,11,4,138,ok,,0.2028985507246377,0.18292609351432879,0.21424242424242423,0.21664502164502164
foundation_backbone,mae_flatten,logreg_C0p1,11,4,138,ok,,0.21014492753623187,0.1885873274942891,0.2255118569656613,0.22119047619047616
foundation_backbone,mae_flatten,xgboost_depth2,11,4,138,ok,,0.2028985507246377,0.08433734939759036,0.050724637681159424,0.25
foundation_backbone,mae_flatten,svm_C1p0,12,4,138,ok,,0.2536231884057971,0.245277083566464,0.2661098161098161,0.2545887445887446
foundation_backbone,mae_flatten,logreg_C0p1,12,4,138,ok,,0.2608695652173913,0.2552783208815113,0.27264250527797323,0.2639935064935065
foundation_backbone,mae_flatten,xgboost_depth2,12,4,138,ok,,0.21739130434782608,0.08928571428571429,0.05434782608695652,0.25
foundation_backbone,mae_flatten,svm_C1p0,13,4,138,ok,,0.2318840579710145,0.22307129110534685,0.2421631335282651,0.26765151515151514
foundation_backbone,mae_flatten,logreg_C0p1,13,4,138,ok,,0.21739130434782608,0.20625318307798365,0.22358075288403156,0.2497943722943723
foundation_backbone,mae_flatten,xgboost_depth2,13,4,138,ok,,0.2028985507246377,0.08433734939759036,0.050724637681159424,0.25
foundation_backbone,mae_flatten,svm_C1p0,14,4,138,ok,,0.2826086956521739,0.2513606874659987,0.28246806381625705,0.2826623376623376
foundation_backbone,mae_flatten,logreg_C0p1,14,4,138,ok,,0.30434782608695654,0.281641604010025,0.3378021978021978,0.3072077922077922
foundation_backbone,mae_flatten,xgboost_depth2,14,4,138,ok,,0.39855072463768115,0.14248704663212436,0.09963768115942029,0.25
foundation_backbone,mae_flatten,svm_C1p0,15,4,138,ok,,0.1956521739130435,0.20555091354723706,0.2024660455198628,0.21053030303030304
foundation_backbone,mae_flatten,logreg_C0p1,15,4,138,ok,,0.2028985507246377,0.21454944749609933,0.2104698510228464,0.21945887445887446
foundation_backbone,mae_flatten,xgboost_depth2,15,4,138,ok,,0.39855072463768115,0.14248704663212436,0.09963768115942029,0.25
foundation_backbone,mae_flatten,svm_C1p0,16,4,138,ok,,0.2608695652173913,0.2654896982234373,0.29495346525707056,0.2615909090909091
foundation_backbone,mae_flatten,logreg_C0p1,16,4,138,ok,,0.26811594202898553,0.2528756232400734,0.311655623162997,0.24624458874458877
foundation_backbone,mae_flatten,xgboost_depth2,16,4,138,ok,,0.21739130434782608,0.08928571428571429,0.05434782608695652,0.25
foundation_backbone,mae_flatten,svm_C1p0,17,4,138,ok,,0.39855072463768115,0.36637799856784814,0.39070197044334976,0.37022727272727274
foundation_backbone,mae_flatten,logreg_C0p1,17,4,138,ok,,0.4057971014492754,0.37141086127476153,0.3938198842755493,0.37477272727272726
foundation_backbone,mae_flatten,xgboost_depth2,17,4,138,ok,,0.39855072463768115,0.14248704663212436,0.09963768115942029,0.25
foundation_backbone,mae_flatten,svm_C1p0,18,4,138,ok,,0.21739130434782608,0.16738309227854536,0.21634615384615383,0.23665584415584415
foundation_backbone,mae_flatten,logreg_C0p1,18,4,138,ok,,0.2318840579710145,0.19080490276504367,0.23529950441715147,0.2555844155844156
foundation_backbone,mae_flatten,xgboost_depth2,18,4,138,ok,,0.39855072463768115,0.14248704663212436,0.09963768115942029,0.25
foundation_backbone,mae_flatten,svm_C1p0,19,4,138,ok,,0.34782608695652173,0.32626466052917413,0.36247954651706404,0.33004329004329
foundation_backbone,mae_flatten,logreg_C0p1,19,4,138,ok,,0.37681159420289856,0.3443389020303568,0.37821691176470584,0.350465367965368
foundation_backbone,mae_flatten,xgboost_depth2,19,4,138,ok,,0.18115942028985507,0.07668711656441718,0.04528985507246377,0.25
foundation_backbone,mae_flatten,svm_C1p0,20,4,138,ok,,0.34782608695652173,0.3361219942534054,0.3729897623241649,0.3412662337662338
foundation_backbone,mae_flatten,logreg_C0p1,20,4,138,ok,,0.35507246376811596,0.3443725970927469,0.38309216192937123,0.34959956709956713
foundation_backbone,mae_flatten,xgboost_depth2,20,4,138,ok,,0.18115942028985507,0.07668711656441718,0.04528985507246377,0.25
foundation_backbone,mae_flatten,svm_C1p0,21,4,138,ok,,0.2463768115942029,0.19300902416261234,0.1988779858991897,0.244047619047619
foundation_backbone,mae_flatten,logreg_C0p1,21,4,138,ok,,0.2246376811594203,0.17961132177681474,0.18926371909182826,0.22662337662337662
foundation_backbone,mae_flatten,xgboost_depth2,21,4,138,ok,,0.21739130434782608,0.08928571428571429,0.05434782608695652,0.25
foundation_backbone,mae_flatten,svm_C1p0,22,4,138,ok,,0.3695652173913043,0.3167180735930736,0.3598667764160721,0.3637554112554113
foundation_backbone,mae_flatten,logreg_C0p1,22,4,138,ok,,0.34782608695652173,0.30315158978952084,0.3421717171717171,0.33375541125541125
foundation_backbone,mae_flatten,xgboost_depth2,22,4,138,ok,,0.39855072463768115,0.14248704663212436,0.09963768115942029,0.25
foundation_backbone,mae_flatten,svm_C1p0,23,4,138,ok,,0.391304347826087,0.3442324461183689,0.38602941176470584,0.38615800865800864
foundation_backbone,mae_flatten,logreg_C0p1,23,4,138,ok,,0.4057971014492754,0.36014492753623184,0.4114495798319328,0.3996320346320346
foundation_backbone,mae_flatten,xgboost_depth2,23,4,138,ok,,0.21739130434782608,0.08928571428571429,0.05434782608695652,0.25
foundation_backbone,mae_flatten,svm_C1p0,24,4,138,ok,,0.37681159420289856,0.3182594783868631,0.31628925120772944,0.32991341991341994
foundation_backbone,mae_flatten,logreg_C0p1,24,4,138,ok,,0.36231884057971014,0.3027570654884214,0.30357142857142855,0.3100541125541125
foundation_backbone,mae_flatten,xgboost_depth2,24,4,138,ok,,0.39855072463768115,0.14248704663212436,0.09963768115942029,0.25
foundation_backbone,mae_flatten,svm_C1p0,25,4,138,ok,,0.21739130434782608,0.20913739189935115,0.21197245951804156,0.24237012987012987
foundation_backbone,mae_flatten,logreg_C0p1,25,4,138,ok,,0.2463768115942029,0.2289924226060737,0.241113523573201,0.25452380952380954
foundation_backbone,mae_flatten,xgboost_depth2,25,4,138,ok,,0.39855072463768115,0.14248704663212436,0.09963768115942029,0.25
foundation_backbone,mae_flatten,svm_C1p0,26,4,138,ok,,0.2536231884057971,0.2482390148529389,0.32943630678077684,0.287965367965368
foundation_backbone,mae_flatten,logreg_C0p1,26,4,138,ok,,0.2536231884057971,0.2471169300437593,0.3289378417149353,0.287965367965368
foundation_backbone,mae_flatten,xgboost_depth2,26,4,138,ok,,0.2028985507246377,0.08433734939759036,0.050724637681159424,0.25
foundation_backbone,mae_flatten,svm_C1p0,27,4,138,ok,,0.3115942028985507,0.26820598152602504,0.31044135763136654,0.27444805194805194
foundation_backbone,mae_flatten,logreg_C0p1,27,4,138,ok,,0.3115942028985507,0.2668894538297524,0.3451923076923077,0.27444805194805194
foundation_backbone,mae_flatten,xgboost_depth2,27,4,138,ok,,0.39855072463768115,0.14248704663212436,0.09963768115942029,0.25
foundation_backbone,mae_flatten,svm_C1p0,28,4,138,ok,,0.391304347826087,0.35221419076105015,0.357717077086116,0.3506709956709957
foundation_backbone,mae_flatten,logreg_C0p1,28,4,138,ok,,0.38405797101449274,0.3305348258706468,0.33675012094823414,0.3297619047619048
foundation_backbone,mae_flatten,xgboost_depth2,28,4,138,ok,,0.39855072463768115,0.14248704663212436,0.09963768115942029,0.25
foundation_backbone,mae_flatten,svm_C1p0,29,4,138,ok,,0.4057971014492754,0.34195887445887446,0.4081439393939394,0.4092316017316017
foundation_backbone,mae_flatten,logreg_C0p1,29,4,138,ok,,0.42028985507246375,0.35089093701996926,0.4449404761904762,0.4183225108225108
foundation_backbone,mae_flatten,xgboost_depth2,29,4,138,ok,,0.21739130434782608,0.08928571428571429,0.05434782608695652,0.25
foundation_backbone,mae_flatten,svm_C1p0,30,4,138,ok,,0.2898550724637681,0.2599914359681481,0.3385657820440429,0.30414502164502166
foundation_backbone,mae_flatten,logreg_C0p1,30,4,138,ok,,0.2898550724637681,0.2596365356612591,0.3604813664596273,0.30414502164502166
foundation_backbone,mae_flatten,xgboost_depth2,30,4,138,ok,,0.18115942028985507,0.07668711656441718,0.04528985507246377,0.25
foundation_backbone,mae_flatten,svm_C1p0,31,4,138,ok,,0.32608695652173914,0.29856731125174074,0.31937441369606,0.2880844155844156
foundation_backbone,mae_flatten,logreg_C0p1,31,4,138,ok,,0.3333333333333333,0.3107549157303371,0.3441354077863029,0.29972943722943723
foundation_backbone,mae_flatten,xgboost_depth2,31,4,138,ok,,0.2028985507246377,0.08433734939759036,0.050724637681159424,0.25
foundation_backbone,mae_flatten,svm_C1p0,32,4,138,ok,,0.41304347826086957,0.33713400900900903,0.33428130723994987,0.36352813852813853
foundation_backbone,mae_flatten,logreg_C0p1,32,4,138,ok,,0.45652173913043476,0.3744187301977341,0.3672822299651568,0.40654761904761905
foundation_backbone,mae_flatten,xgboost_depth2,32,4,138,ok,,0.21739130434782608,0.08928571428571429,0.05434782608695652,0.25
foundation_backbone,mae_flatten,svm_C1p0,33,4,138,ok,,0.4057971014492754,0.3456771788082468,0.40897435897435896,0.4075649350649351
foundation_backbone,mae_flatten,logreg_C0p1,33,4,138,ok,,0.427536231884058,0.35188743994509264,0.4492679308565531,0.4136255411255411
foundation_backbone,mae_flatten,xgboost_depth2,33,4,138,ok,,0.39855072463768115,0.14248704663212436,0.09963768115942029,0.25
foundation_backbone,mae_flatten,svm_C1p0,34,4,138,ok,,0.3188405797101449,0.25420668602486785,0.32825986274262137,0.3166125541125541
foundation_backbone,mae_flatten,logreg_C0p1,34,4,138,ok,,0.3188405797101449,0.25170735251380416,0.32606790576343037,0.3166125541125541
foundation_backbone,mae_flatten,xgboost_depth2,34,4,138,ok,,0.2028985507246377,0.08433734939759036,0.050724637681159424,0.25
foundation_backbone,mae_flatten,svm_C1p0,35,4,138,ok,,0.3333333333333333,0.26767875345856995,0.2516203703703704,0.2890151515151515
foundation_backbone,mae_flatten,logreg_C0p1,35,4,138,ok,,0.35507246376811596,0.28916051268992443,0.2719753930280246,0.3108225108225108
foundation_backbone,mae_flatten,xgboost_depth2,35,4,138,ok,,0.21739130434782608,0.08928571428571429,0.05434782608695652,0.25
foundation_backbone,mae_flatten,svm_C1p0,36,4,138,ok,,0.2536231884057971,0.226094496846433,0.28900595998297146,0.30558441558441557
foundation_backbone,mae_flatten,logreg_C0p1,36,4,138,ok,,0.2753623188405797,0.21286057692307692,0.2838328408611228,0.30787878787878786
foundation_backbone,mae_flatten,xgboost_depth2,36,4,138,ok,,0.21739130434782608,0.08928571428571429,0.05434782608695652,0.25
foundation_backbone,mae_flatten,svm_C1p0,37,4,138,ok,,0.21739130434782608,0.1960465668831919,0.24133612548246697,0.24719696969696972
foundation_backbone,mae_flatten,logreg_C0p1,37,4,138,ok,,0.2246376811594203,0.20778217369751179,0.2620356564794808,0.2511471861471861
foundation_backbone,mae_flatten,xgboost_depth2,37,4,138,ok,,0.2028985507246377,0.08433734939759036,0.050724637681159424,0.25
foundation_backbone,mae_flatten,svm_C1p0,38,4,138,ok,,0.2246376811594203,0.19957306830907054,0.16647291327598235,0.2773809523809524
foundation_backbone,mae_flatten,logreg_C0p1,38,4,138,ok,,0.2463768115942029,0.21597313237221494,0.19814814814814813,0.3041666666666667
foundation_backbone,mae_flatten,xgboost_depth2,38,4,138,ok,,0.2028985507246377,0.08433734939759036,0.050724637681159424,0.25
foundation_backbone,mae_flatten,svm_C1p0,39,4,138,ok,,0.2318840579710145,0.2246886446886447,0.25067410291270137,0.23444805194805196
foundation_backbone,mae_flatten,logreg_C0p1,39,4,138,ok,,0.2463768115942029,0.24664287462272616,0.28098116582491584,0.2527813852813853
foundation_backbone,mae_flatten,xgboost_depth2,39,4,138,ok,,0.18115942028985507,0.07668711656441718,0.04528985507246377,0.25
foundation_backbone,mae_flatten,svm_C1p0,40,4,138,ok,,0.2826086956521739,0.23898993808049535,0.25403846153846155,0.2817099567099567
foundation_backbone,mae_flatten,logreg_C0p1,40,4,138,ok,,0.2971014492753623,0.24951239190374733,0.2682413928012519,0.29837662337662335
foundation_backbone,mae_flatten,xgboost_depth2,40,4,138,ok,,0.39855072463768115,0.14248704663212436,0.09963768115942029,0.25
foundation_backbone,mae_flatten,svm_C1p0,41,4,138,ok,,0.2463768115942029,0.24170180617049686,0.27157738095238093,0.24268398268398267
foundation_backbone,mae_flatten,logreg_C0p1,41,4,138,ok,,0.2536231884057971,0.25206565924354896,0.2845629777334663,0.26025974025974025
foundation_backbone,mae_flatten,xgboost_depth2,41,4,138,ok,,0.21739130434782608,0.08928571428571429,0.05434782608695652,0.25
foundation_backbone,mae_flatten,svm_C1p0,42,4,138,ok,,0.37681159420289856,0.29887652882692156,0.2903129340947677,0.34448051948051944
foundation_backbone,mae_flatten,logreg_C0p1,42,4,138,ok,,0.391304347826087,0.307963794260782,0.2959167410429682,0.35357142857142854
foundation_backbone,mae_flatten,xgboost_depth2,42,4,138,ok,,0.2028985507246377,0.08433734939759036,0.050724637681159424,0.25
foundation_backbone,mae_flatten,svm_C1p0,43,4,138,ok,,0.2971014492753623,0.21932234432234432,0.20270931142410015,0.24117965367965366
foundation_backbone,mae_flatten,logreg_C0p1,43,4,138,ok,,0.30434782608695654,0.2183449074074074,0.21317401960784313,0.2413419913419913
foundation_backbone,mae_flatten,xgboost_depth2,43,4,138,ok,,0.18115942028985507,0.07668711656441718,0.04528985507246377,0.25
foundation_backbone,mae_flatten,svm_C1p0,44,4,138,ok,,0.2463768115942029,0.24976349743051404,0.3018741110617021,0.2837229437229437
foundation_backbone,mae_flatten,logreg_C0p1,44,4,138,ok,,0.2246376811594203,0.23840569575149687,0.3213050314465409,0.2487229437229437
foundation_backbone,mae_flatten,xgboost_depth2,44,4,138,ok,,0.2028985507246377,0.08433734939759036,0.050724637681159424,0.25
foundation_backbone,mae_flatten,svm_C1p0,45,4,138,ok,,0.2391304347826087,0.2256436877076412,0.27024129544290837,0.2733008658008658
foundation_backbone,mae_flatten,logreg_C0p1,45,4,138,ok,,0.2536231884057971,0.23958333333333334,0.28183040078201366,0.2899675324675325
foundation_backbone,mae_flatten,xgboost_depth2,45,4,138,ok,,0.18115942028985507,0.07668711656441718,0.04528985507246377,0.25
foundation_backbone,mae_flatten,svm_C1p0,46,4,138,ok,,0.2608695652173913,0.24196721311475408,0.2771825396825397,0.2837662337662338
foundation_backbone,mae_flatten,logreg_C0p1,46,4,138,ok,,0.2536231884057971,0.23900076654492128,0.27047228134184653,0.2726948051948052
foundation_backbone,mae_flatten,xgboost_depth2,46,4,138,ok,,0.18115942028985507,0.07668711656441718,0.04528985507246377,0.25
foundation_backbone,mae_flatten,svm_C1p0,47,4,138,ok,,0.37681159420289856,0.34271184808819216,0.36318987054281165,0.36254329004329006
foundation_backbone,mae_flatten,logreg_C0p1,47,4,138,ok,,0.391304347826087,0.3529706826645072,0.3776208490962589,0.3720887445887446
foundation_backbone,mae_flatten,xgboost_depth2,47,4,138,ok,,0.39855072463768115,0.14248704663212436,0.09963768115942029,0.25
foundation_backbone,mae_flatten,svm_C1p0,48,4,138,ok,,0.391304347826087,0.3454498763261718,0.35306122448979593,0.3616017316017316
foundation_backbone,mae_flatten,logreg_C0p1,48,4,138,ok,,0.42028985507246375,0.36503800153884325,0.3792052245999614,0.38523809523809527
foundation_backbone,mae_flatten,xgboost_depth2,48,4,138,ok,,0.18115942028985507,0.07668711656441718,0.04528985507246377,0.25
foundation_backbone,mae_flatten,svm_C1p0,49,4,138,ok,,0.2608695652173913,0.20509468210361068,0.27428107606679036,0.3036147186147186
foundation_backbone,mae_flatten,logreg_C0p1,49,4,138,ok,,0.2608695652173913,0.20724234527512178,0.3045103092783505,0.30799783549783555
foundation_backbone,mae_flatten,xgboost_depth2,49,4,138,ok,,0.39855072463768115,0.14248704663212436,0.09963768115942029,0.25
foundation_backbone,mae_flatten,svm_C1p0,50,4,138,ok,,0.2318840579710145,0.2012048142595369,0.22657032509973685,0.2507467532467533
foundation_backbone,mae_flatten,logreg_C0p1,50,4,138,ok,,0.2463768115942029,0.21298169700405836,0.24151287309182046,0.25817099567099566
foundation_backbone,mae_flatten,xgboost_depth2,50,4,138,ok,,0.18115942028985507,0.07668711656441718,0.04528985507246377,0.25
foundation_backbone,mae_flatten,svm_C1p0,51,4,138,ok,,0.34782608695652173,0.2992239467849224,0.3779022720199191,0.36043290043290044
foundation_backbone,mae_flatten,logreg_C0p1,51,4,138,ok,,0.4057971014492754,0.34213969213969214,0.45620915032679743,0.3967965367965368
foundation_backbone,mae_flatten,xgboost_depth2,51,4,138,ok,,0.21739130434782608,0.08928571428571429,0.05434782608695652,0.25
foundation_backbone,mae_flatten,svm_C1p0,52,4,138,ok,,0.2971014492753623,0.29187920365886466,0.33535518188057656,0.3193290043290043
foundation_backbone,mae_flatten,logreg_C0p1,52,4,138,ok,,0.3115942028985507,0.30683806801609986,0.3455828277256848,0.3196320346320346
foundation_backbone,mae_flatten,xgboost_depth2,52,4,138,ok,,0.39855072463768115,0.14248704663212436,0.09963768115942029,0.25
foundation_backbone,mae_flatten,svm_C1p0,53,4,138,ok,,0.2826086956521739,0.25992521410478064,0.33666007905138334,0.28179653679653677
foundation_backbone,mae_flatten,logreg_C0p1,53,4,138,ok,,0.2463768115942029,0.2303412009294362,0.3129984051036683,0.24816017316017314
foundation_backbone,mae_flatten,xgboost_depth2,53,4,138,ok,,0.21739130434782608,0.08928571428571429,0.05434782608695652,0.25
foundation_backbone,mae_flatten,svm_C1p0,54,4,138,ok,,0.2608695652173913,0.254402543366151,0.2785845107273679,0.27359307359307355
foundation_backbone,mae_flatten,logreg_C0p1,54,4,138,ok,,0.26811594202898553,0.25773502171953117,0.27414021164021163,0.27754329004329004
foundation_backbone,mae_flatten,xgboost_depth2,54,4,138,ok,,0.39855072463768115,0.14248704663212436,0.09963768115942029,0.25
foundation_backbone,mae_flatten,svm_C1p0,55,4,138,ok,,0.2391304347826087,0.2242069821017189,0.31443798449612403,0.2510497835497836
foundation_backbone,mae_flatten,logreg_C0p1,55,4,138,ok,,0.2463768115942029,0.23400466616345297,0.37943722943722946,0.2555952380952381
foundation_backbone,mae_flatten,xgboost_depth2,55,4,138,ok,,0.18115942028985507,0.07668711656441718,0.04528985507246377,0.25
foundation_backbone,mae_flatten,svm_C1p0,56,4,138,ok,,0.17391304347826086,0.167346064639448,0.18223443223443225,0.21480519480519478
foundation_backbone,mae_flatten,logreg_C0p1,56,4,138,ok,,0.18115942028985507,0.16827549808681885,0.17366442199775534,0.23025974025974028
foundation_backbone,mae_flatten,xgboost_depth2,56,4,138,ok,,0.2028985507246377,0.08433734939759036,0.050724637681159424,0.25
foundation_backbone,mae_flatten,svm_C1p0,57,4,138,ok,,0.2826086956521739,0.21325821886093532,0.36376262626262623,0.2999891774891775
foundation_backbone,mae_flatten,logreg_C0p1,57,4,138,ok,,0.32608695652173914,0.24396732026143791,0.40249999999999997,0.3272619047619048
foundation_backbone,mae_flatten,xgboost_depth2,57,4,138,ok,,0.39855072463768115,0.14248704663212436,0.09963768115942029,0.25
foundation_backbone,mae_flatten,svm_C1p0,58,4,138,ok,,0.12318840579710146,0.14581328809439406,0.14677125506072872,0.15025974025974026
foundation_backbone,mae_flatten,logreg_C0p1,58,4,138,ok,,0.12318840579710146,0.14581328809439406,0.14677125506072872,0.15025974025974026
foundation_backbone,mae_flatten,xgboost_depth2,58,4,138,ok,,0.18115942028985507,0.07668711656441718,0.04528985507246377,0.25
foundation_backbone,mae_flatten,svm_C1p0,59,4,138,ok,,0.2826086956521739,0.26574810341492766,0.2691728718514433,0.29103896103896104
foundation_backbone,mae_flatten,logreg_C0p1,59,4,138,ok,,0.26811594202898553,0.24951923076923077,0.25673469387755105,0.2601298701298701
foundation_backbone,mae_flatten,xgboost_depth2,59,4,138,ok,,0.21739130434782608,0.08928571428571429,0.05434782608695652,0.25
foundation_backbone,mae_flatten,svm_C1p0,60,4,138,ok,,0.32608695652173914,0.2738724453840733,0.2925976921059533,0.30954545454545457
foundation_backbone,mae_flatten,logreg_C0p1,60,4,138,ok,,0.34782608695652173,0.28881118881118883,0.3018939393939394,0.32756493506493506
foundation_backbone,mae_flatten,xgboost_depth2,60,4,138,ok,,0.39855072463768115,0.14248704663212436,0.09963768115942029,0.25
foundation_backbone,mae_flatten,svm_C1p0,61,4,138,ok,,0.21014492753623187,0.21443381180223284,0.2215927750410509,0.2374891774891775
foundation_backbone,mae_flatten,logreg_C0p1,61,4,138,ok,,0.2246376811594203,0.21322177822177824,0.23880478719188397,0.2605411255411255
foundation_backbone,mae_flatten,xgboost_depth2,61,4,138,ok,,0.21739130434782608,0.08928571428571429,0.05434782608695652,0.25
foundation_backbone,mae_flatten,svm_C1p0,62,4,138,ok,,0.2971014492753623,0.2870418577124859,0.290850919569455,0.2998701298701299
foundation_backbone,mae_flatten,logreg_C0p1,62,4,138,ok,,0.2898550724637681,0.27408554064900814,0.277724358974359,0.28774891774891775
foundation_backbone,mae_flatten,xgboost_depth2,62,4,138,ok,,0.18115942028985507,0.07668711656441718,0.04528985507246377,0.25
foundation_backbone,mae_flatten,svm_C1p0,63,4,138,ok,,0.2608695652173913,0.2387734656316024,0.2598778735632184,0.30408008658008656
foundation_backbone,mae_flatten,logreg_C0p1,63,4,138,ok,,0.2608695652173913,0.238994113994114,0.2544510110020815,0.30029220779220783
foundation_backbone,mae_flatten,xgboost_depth2,63,4,138,ok,,0.21739130434782608,0.08928571428571429,0.05434782608695652,0.25
foundation_backbone,mae_flatten,svm_C1p0,64,4,138,ok,,0.3333333333333333,0.24107171183962334,0.25566608478000885,0.2626406926406926
foundation_backbone,mae_flatten,logreg_C0p1,64,4,138,ok,,0.36231884057971014,0.28839504008260036,0.300400410229554,0.3003571428571428
foundation_backbone,mae_flatten,xgboost_depth2,64,4,138,ok,,0.2028985507246377,0.08433734939759036,0.050724637681159424,0.25
foundation_backbone,mae_flatten,svm_C1p0,65,4,138,ok,,0.427536231884058,0.3330418678256482,0.3208874458874459,0.38590909090909087
foundation_backbone,mae_flatten,logreg_C0p1,65,4,138,ok,,0.43478260869565216,0.33861988339266447,0.3236406735864757,0.39045454545454544
foundation_backbone,mae_flatten,xgboost_depth2,65,4,138,ok,,0.18115942028985507,0.07668711656441718,0.04528985507246377,0.25
foundation_backbone,mae_flatten,svm_C1p0,66,4,138,ok,,0.3695652173913043,0.2964864343577215,0.28290631469979294,0.33574675324675324
foundation_backbone,mae_flatten,logreg_C0p1,66,4,138,ok,,0.3695652173913043,0.2928782833888272,0.27800218631685597,0.3346753246753247
foundation_backbone,mae_flatten,xgboost_depth2,66,4,138,ok,,0.18115942028985507,0.07668711656441718,0.04528985507246377,0.25
foundation_backbone,mae_flatten,svm_C1p0,67,4,138,ok,,0.2246376811594203,0.19225922350922353,0.26102162734422263,0.2537662337662338
foundation_backbone,mae_flatten,logreg_C0p1,67,4,138,ok,,0.2318840579710145,0.18574607203836363,0.26150777185535096,0.26483766233766237
foundation_backbone,mae_flatten,xgboost_depth2,67,4,138,ok,,0.21739130434782608,0.08928571428571429,0.05434782608695652,0.25
foundation_backbone,mae_flatten,svm_C1p0,68,4,138,ok,,0.1956521739130435,0.1491549521406544,0.18728070175438596,0.24633116883116882
foundation_backbone,mae_flatten,logreg_C0p1,68,4,138,ok,,0.2028985507246377,0.155851380712083,0.19217273954116057,0.2563311688311688
foundation_backbone,mae_flatten,xgboost_depth2,68,4,138,ok,,0.2028985507246377,0.08433734939759036,0.050724637681159424,0.25
foundation_backbone,mae_flatten,svm_C1p0,69,4,138,ok,,0.26811594202898553,0.2753395462069215,0.2993234735448826,0.2865692640692641
foundation_backbone,mae_flatten,logreg_C0p1,69,4,138,ok,,0.2318840579710145,0.22712226568158772,0.2530546450055834,0.26669913419913416
foundation_backbone,mae_flatten,xgboost_depth2,69,4,138,ok,,0.39855072463768115,0.14248704663212436,0.09963768115942029,0.25
foundation_backbone,mae_flatten,svm_C1p0,70,4,138,ok,,0.4057971014492754,0.35240620108064435,0.3723032242769085,0.39536796536796537
foundation_backbone,mae_flatten,logreg_C0p1,70,4,138,ok,,0.4057971014492754,0.3276310994201424,0.33493914807302233,0.3778354978354978
foundation_backbone,mae_flatten,xgboost_depth2,70,4,138,ok,,0.2028985507246377,0.08433734939759036,0.050724637681159424,0.25
foundation_backbone,mae_flatten,svm_C1p0,71,4,138,ok,,0.21014492753623187,0.20020188719776594,0.22757246376811596,0.21116883116883117
foundation_backbone,mae_flatten,logreg_C0p1,71,4,138,ok,,0.2391304347826087,0.21805511448765552,0.238205329153605,0.23254329004329002
foundation_backbone,mae_flatten,xgboost_depth2,71,4,138,ok,,0.39855072463768115,0.14248704663212436,0.09963768115942029,0.25
foundation_backbone,mae_flatten,svm_C1p0,72,4,138,ok,,0.41304347826086957,0.3505176252579205,0.3968278115844039,0.399534632034632
foundation_backbone,mae_flatten,logreg_C0p1,72,4,138,ok,,0.427536231884058,0.35987549518958684,0.4375800612642718,0.4086255411255411
foundation_backbone,mae_flatten,xgboost_depth2,72,4,138,ok,,0.39855072463768115,0.14248704663212436,0.09963768115942029,0.25
foundation_backbone,mae_flatten,svm_C1p0,73,4,138,ok,,0.2971014492753623,0.21195002117069975,0.22208222811671088,0.22664502164502162
foundation_backbone,mae_flatten,logreg_C0p1,73,4,138,ok,,0.3188405797101449,0.2300531914893617,0.24599581405595947,0.24573593073593072
foundation_backbone,mae_flatten,xgboost_depth2,73,4,138,ok,,0.39855072463768115,0.14248704663212436,0.09963768115942029,0.25
foundation_backbone,mae_flatten,svm_C1p0,74,4,138,ok,,0.2318840579710145,0.21606126227913253,0.24285714285714288,0.24683982683982686
foundation_backbone,mae_flatten,logreg_C0p1,74,4,138,ok,,0.21739130434782608,0.20831889466161715,0.2107545045045045,0.2127813852813853
foundation_backbone,mae_flatten,xgboost_depth2,74,4,138,ok,,0.18115942028985507,0.07668711656441718,0.04528985507246377,0.25
foundation_backbone,mae_flatten,svm_C1p0,75,4,138,ok,,0.41304347826086957,0.38171643843150194,0.3939144736842105,0.383982683982684
foundation_backbone,mae_flatten,logreg_C0p1,75,4,138,ok,,0.41304347826086957,0.37086543784656995,0.3814772808400994,0.37366883116883115
foundation_backbone,mae_flatten,xgboost_depth2,75,4,138,ok,,0.21739130434782608,0.08928571428571429,0.05434782608695652,0.25
foundation_backbone,mae_flatten,svm_C1p0,76,4,138,ok,,0.2753623188405797,0.2614629096601525,0.29745900651073065,0.27784632034632034
foundation_backbone,mae_flatten,logreg_C0p1,76,4,138,ok,,0.2898550724637681,0.2728996844464581,0.3329899267399268,0.2923917748917749
foundation_backbone,mae_flatten,xgboost_depth2,76,4,138,ok,,0.39855072463768115,0.14248704663212436,0.09963768115942029,0.25
foundation_backbone,mae_flatten,svm_C1p0,77,4,138,ok,,0.32608695652173914,0.196366332962551,0.270530303030303,0.2471103896103896
foundation_backbone,mae_flatten,logreg_C0p1,77,4,138,ok,,0.3333333333333333,0.20381811554583562,0.2763235294117647,0.2571103896103896
foundation_backbone,mae_flatten,xgboost_depth2,77,4,138,ok,,0.39855072463768115,0.14248704663212436,0.09963768115942029,0.25
foundation_backbone,mae_flatten,svm_C1p0,78,4,138,ok,,0.32608695652173914,0.29698830584110286,0.3217691622103387,0.30395021645021647
foundation_backbone,mae_flatten,logreg_C0p1,78,4,138,ok,,0.34057971014492755,0.32459916576195647,0.3510653650254669,0.327478354978355
foundation_backbone,mae_flatten,xgboost_depth2,78,4,138,ok,,0.39855072463768115,0.14248704663212436,0.09963768115942029,0.25
foundation_backbone,mae_flatten,svm_C1p0,79,4,138,ok,,0.2753623188405797,0.2717117117117117,0.32807971014492754,0.2962662337662338
foundation_backbone,mae_flatten,logreg_C0p1,79,4,138,ok,,0.2536231884057971,0.23875705947123524,0.2753934624697337,0.2679329004329004
foundation_backbone,mae_flatten,xgboost_depth2,79,4,138,ok,,0.39855072463768115,0.14248704663212436,0.09963768115942029,0.25
foundation_backbone,mae_flatten,svm_C1p0,80,4,138,ok,,0.21739130434782608,0.23004128506156904,0.3017909509844994,0.24701298701298702
foundation_backbone,mae_flatten,logreg_C0p1,80,4,138,ok,,0.18840579710144928,0.19193455464862763,0.266239887563417,0.20110389610389612
foundation_backbone,mae_flatten,xgboost_depth2,80,4,138,ok,,0.18115942028985507,0.07668711656441718,0.04528985507246377,0.25
foundation_backbone,mae_flatten,svm_C1p0,81,4,138,ok,,0.3695652173913043,0.335490616711151,0.3616896616896617,0.34091991341991346
foundation_backbone,mae_flatten,logreg_C0p1,81,4,138,ok,,0.36231884057971014,0.3406647442128547,0.3785872668732155,0.3521212121212121
foundation_backbone,mae_flatten,xgboost_depth2,81,4,138,ok,,0.18115942028985507,0.07668711656441718,0.04528985507246377,0.25
foundation_backbone,mae_flatten,svm_C1p0,82,4,138,ok,,0.2608695652173913,0.22428217406696604,0.2896435259497057,0.2726948051948052
foundation_backbone,mae_flatten,logreg_C0p1,82,4,138,ok,,0.2536231884057971,0.18863285167632995,0.18672839506172836,0.24799783549783547
foundation_backbone,mae_flatten,xgboost_depth2,82,4,138,ok,,0.18115942028985507,0.07668711656441718,0.04528985507246377,0.25
foundation_backbone,mae_flatten,svm_C1p0,83,4,138,ok,,0.26811594202898553,0.2284462269756387,0.2284090909090909,0.2592532467532468
foundation_backbone,mae_flatten,logreg_C0p1,83,4,138,ok,,0.2608695652173913,0.22274509803921566,0.227498388136686,0.2553030303030303
foundation_backbone,mae_flatten,xgboost_depth2,83,4,138,ok,,0.2028985507246377,0.08433734939759036,0.050724637681159424,0.25
foundation_backbone,mae_flatten,svm_C1p0,84,4,138,ok,,0.39855072463768115,0.3735806432435646,0.3948477992595639,0.38901515151515154
foundation_backbone,mae_flatten,logreg_C0p1,84,4,138,ok,,0.39855072463768115,0.3746009199134199,0.3950245952039352,0.38248917748917755
foundation_backbone,mae_flatten,xgboost_depth2,84,4,138,ok,,0.39855072463768115,0.14248704663212436,0.09963768115942029,0.25
foundation_backbone,mae_flatten,svm_C1p0,85,4,138,ok,,0.2318840579710145,0.2174799933149674,0.24211910970385547,0.23369047619047617
foundation_backbone,mae_flatten,logreg_C0p1,85,4,138,ok,,0.2246376811594203,0.20020532160067042,0.2424459527400704,0.20203463203463204
foundation_backbone,mae_flatten,xgboost_depth2,85,4,138,ok,,0.21739130434782608,0.08928571428571429,0.05434782608695652,0.25
foundation_backbone,mae_flatten,svm_C1p0,86,4,138,ok,,0.2898550724637681,0.2637202033942221,0.27677801724137935,0.3075649350649351
foundation_backbone,mae_flatten,logreg_C0p1,86,4,138,ok,,0.2971014492753623,0.271577380952381,0.2835215747741103,0.31044372294372297
foundation_backbone,mae_flatten,xgboost_depth2,86,4,138,ok,,0.18115942028985507,0.07668711656441718,0.04528985507246377,0.25
foundation_backbone,mae_flatten,svm_C1p0,87,4,138,ok,,0.3333333333333333,0.26003100310031,0.26694317315026694,0.2725757575757576
foundation_backbone,mae_flatten,logreg_C0p1,87,4,138,ok,,0.3115942028985507,0.250927236834234,0.2704846214272766,0.2627272727272727
foundation_backbone,mae_flatten,xgboost_depth2,87,4,138,ok,,0.39855072463768115,0.14248704663212436,0.09963768115942029,0.25
foundation_backbone,mae_flatten,svm_C1p0,88,4,138,ok,,0.18115942028985507,0.16415380603560675,0.17282135076252725,0.1717857142857143
foundation_backbone,mae_flatten,logreg_C0p1,88,4,138,ok,,0.2028985507246377,0.17512462555166816,0.1823713143428286,0.17784632034632034
foundation_backbone,mae_flatten,xgboost_depth2,88,4,138,ok,,0.18115942028985507,0.07668711656441718,0.04528985507246377,0.25
foundation_backbone,mae_flatten,svm_C1p0,89,4,138,ok,,0.39855072463768115,0.33756157635467976,0.33983445837351334,0.33978354978354974
foundation_backbone,mae_flatten,logreg_C0p1,89,4,138,ok,,0.41304347826086957,0.3547555145661921,0.3568369470980828,0.35704545454545455
foundation_backbone,mae_flatten,xgboost_depth2,89,4,138,ok,,0.39855072463768115,0.14248704663212436,0.09963768115942029,0.25
foundation_backbone,mae_flatten,svm_C1p0,90,4,138,ok,,0.2536231884057971,0.2276332763850633,0.24105979146301726,0.24816017316017314
foundation_backbone,mae_flatten,logreg_C0p1,90,4,138,ok,,0.2391304347826087,0.21039189707471845,0.22590827631150212,0.22816017316017315
foundation_backbone,mae_flatten,xgboost_depth2,90,4,138,ok,,0.39855072463768115,0.14248704663212436,0.09963768115942029,0.25
foundation_backbone,mae_flatten,svm_C1p0,91,4,138,ok,,0.4057971014492754,0.3434316987581592,0.4091455052726155,0.3671212121212121
foundation_backbone,mae_flatten,logreg_C0p1,91,4,138,ok,,0.39855072463768115,0.34214798359535203,0.4096857410881801,0.36803030303030304
foundation_backbone,mae_flatten,xgboost_depth2,91,4,138,ok,,0.21739130434782608,0.08928571428571429,0.05434782608695652,0.25
foundation_backbone,mae_flatten,svm_C1p0,92,4,138,ok,,0.2028985507246377,0.17695743989603638,0.19402472527472528,0.22448051948051947
foundation_backbone,mae_flatten,logreg_C0p1,92,4,138,ok,,0.21014492753623187,0.187746038572232,0.2036418015482055,0.2334090909090909
foundation_backbone,mae_flatten,xgboost_depth2,92,4,138,ok,,0.2028985507246377,0.08433734939759036,0.050724637681159424,0.25
foundation_backbone,mae_flatten,svm_C1p0,93,4,138,ok,,0.18115942028985507,0.1804335362021125,0.24427001569858714,0.17995670995670993
foundation_backbone,mae_flatten,logreg_C0p1,93,4,138,ok,,0.13768115942028986,0.13769959938578205,0.16407884465261513,0.16145021645021645
foundation_backbone,mae_flatten,xgboost_depth2,93,4,138,ok,,0.21739130434782608,0.08928571428571429,0.05434782608695652,0.25
foundation_backbone,mae_flatten,svm_C1p0,94,4,138,ok,,0.42028985507246375,0.35608764782508745,0.3522442469810891,0.36525974025974023
foundation_backbone,mae_flatten,logreg_C0p1,94,4,138,ok,,0.4420289855072464,0.37459163603936957,0.36877705627705626,0.3913311688311688
foundation_backbone,mae_flatten,xgboost_depth2,94,4,138,ok,,0.2028985507246377,0.08433734939759036,0.050724637681159424,0.25
foundation_backbone,mae_flatten,svm_C1p0,95,4,138,ok,,0.41304347826086957,0.3353523672967854,0.4069606319606319,0.3600974025974026
foundation_backbone,mae_flatten,logreg_C0p1,95,4,138,ok,,0.41304347826086957,0.3290351093303596,0.41253014227152157,0.3596212121212121
foundation_backbone,mae_flatten,xgboost_depth2,95,4,138,ok,,0.21739130434782608,0.08928571428571429,0.05434782608695652,0.25
foundation_backbone,mae_flatten,svm_C1p0,96,4,138,ok,,0.30434782608695654,0.30467219184324446,0.3124137931034483,0.3243073593073593
foundation_backbone,mae_flatten,logreg_C0p1,96,4,138,ok,,0.30434782608695654,0.3062204192021636,0.31000905797101447,0.3259740259740259
foundation_backbone,mae_flatten,xgboost_depth2,96,4,138,ok,,0.39855072463768115,0.14248704663212436,0.09963768115942029,0.25
foundation_backbone,mae_flatten,svm_C1p0,97,4,138,ok,,0.2536231884057971,0.24418766529367578,0.24866242097175809,0.2863203463203463
foundation_backbone,mae_flatten,logreg_C0p1,97,4,138,ok,,0.2753623188405797,0.2539786868184081,0.2713764176999471,0.30693722943722945
foundation_backbone,mae_flatten,xgboost_depth2,97,4,138,ok,,0.18115942028985507,0.07668711656441718,0.04528985507246377,0.25
foundation_backbone,mae_flatten,svm_C1p0,98,4,138,ok,,0.2536231884057971,0.237324597764677,0.2454948646125117,0.23374458874458875
foundation_backbone,mae_flatten,logreg_C0p1,98,4,138,ok,,0.2318840579710145,0.2012450963670476,0.21628151260504203,0.20255411255411254
foundation_backbone,mae_flatten,xgboost_depth2,98,4,138,ok,,0.2028985507246377,0.08433734939759036,0.050724637681159424,0.25
foundation_backbone,mae_flatten,svm_C1p0,99,4,138,ok,,0.2608695652173913,0.26087178440179665,0.27482596232596235,0.2830735930735931
foundation_backbone,mae_flatten,logreg_C0p1,99,4,138,ok,,0.26811594202898553,0.2698011758824552,0.28146497811131954,0.2897619047619048
foundation_backbone,mae_flatten,xgboost_depth2,99,4,138,ok,,0.18115942028985507,0.07668711656441718,0.04528985507246377,0.25
foundation_backbone,mae_flatten,svm_C1p0,100,4,138,ok,,0.2246376811594203,0.20855750940159995,0.28666653234472383,0.2527272727272727
foundation_backbone,mae_flatten,logreg_C0p1,100,4,138,ok,,0.2463768115942029,0.23524643673158524,0.34303652968036524,0.27241341991341994
foundation_backbone,mae_flatten,xgboost_depth2,100,4,138,ok,,0.39855072463768115,0.14248704663212436,0.09963768115942029,0.25
prototype_head,mae_embeddings,prototype_mahalanobis_support_anova,1,4,138,ok,,0.17391304347826086,0.14465852130325813,0.19670893719806762,0.20151515151515154
prototype_head,mae_embeddings,prototype_mahalanobis_support_anova,2,4,138,ok,,0.38405797101449274,0.3326401202682908,0.42380952380952386,0.39240259740259736
prototype_head,mae_embeddings,prototype_mahalanobis_support_anova,3,4,138,ok,,0.3115942028985507,0.2863247863247863,0.3084766584766585,0.28761904761904766
prototype_head,mae_embeddings,prototype_mahalanobis_support_anova,4,4,138,ok,,0.2536231884057971,0.24394257703081235,0.31388653084323714,0.2458008658008658
prototype_head,mae_embeddings,prototype_mahalanobis_support_anova,5,4,138,ok,,0.2898550724637681,0.2669645470808262,0.2799582027168234,0.2916558441558441
prototype_head,mae_embeddings,prototype_mahalanobis_support_anova,6,4,138,ok,,0.3115942028985507,0.2968067671160455,0.38291925465838517,0.31332251082251084
prototype_head,mae_embeddings,prototype_mahalanobis_support_anova,7,4,138,ok,,0.1956521739130435,0.17131039884661395,0.21668956043956042,0.2130844155844156
prototype_head,mae_embeddings,prototype_mahalanobis_support_anova,8,4,138,ok,,0.21014492753623187,0.19000185640291434,0.23856499780412824,0.21200216450216453
prototype_head,mae_embeddings,prototype_mahalanobis_support_anova,9,4,138,ok,,0.2463768115942029,0.17155388471177946,0.21367497793468668,0.27494588744588744
prototype_head,mae_embeddings,prototype_mahalanobis_support_anova,10,4,138,ok,,0.391304347826087,0.2906938221745441,0.2810828877005348,0.3345238095238095
prototype_head,mae_embeddings,prototype_mahalanobis_support_anova,11,4,138,ok,,0.21014492753623187,0.1772897897897898,0.21860465116279068,0.22997835497835495
prototype_head,mae_embeddings,prototype_mahalanobis_support_anova,12,4,138,ok,,0.2608695652173913,0.26769423558897243,0.32375541125541124,0.2848593073593073
prototype_head,mae_embeddings,prototype_mahalanobis_support_anova,13,4,138,ok,,0.2246376811594203,0.20904128322424964,0.22653987794612795,0.25541125541125537
prototype_head,mae_embeddings,prototype_mahalanobis_support_anova,14,4,138,ok,,0.2826086956521739,0.24922951604220844,0.28137318034578307,0.2826623376623376
prototype_head,mae_embeddings,prototype_mahalanobis_support_anova,15,4,138,ok,,0.1956521739130435,0.20743065669360294,0.20469790932069282,0.21053030303030304
prototype_head,mae_embeddings,prototype_mahalanobis_support_anova,16,4,138,ok,,0.2826086956521739,0.2548251114827202,0.3042452127817981,0.25593073593073595
prototype_head,mae_embeddings,prototype_mahalanobis_support_anova,17,4,138,ok,,0.38405797101449274,0.3506005127517542,0.3756868131868132,0.3556818181818182
prototype_head,mae_embeddings,prototype_mahalanobis_support_anova,18,4,138,ok,,0.26811594202898553,0.2321245431206428,0.3903363453815261,0.29808441558441556
prototype_head,mae_embeddings,prototype_mahalanobis_support_anova,19,4,138,ok,,0.3695652173913043,0.33882255051852705,0.3754936002178649,0.3459199134199134
prototype_head,mae_embeddings,prototype_mahalanobis_support_anova,20,4,138,ok,,0.37681159420289856,0.35340136054421767,0.3860242200328407,0.3636904761904762
prototype_head,mae_embeddings,prototype_mahalanobis_support_anova,21,4,138,ok,,0.2318840579710145,0.18766300443302755,0.4459916353971232,0.2441991341991342
prototype_head,mae_embeddings,prototype_mahalanobis_support_anova,22,4,138,ok,,0.37681159420289856,0.31400427095636324,0.3755935422602089,0.3808766233766234
prototype_head,mae_embeddings,prototype_mahalanobis_support_anova,23,4,138,ok,,0.391304347826087,0.3420839395094402,0.3728693181818182,0.3812987012987013
prototype_head,mae_embeddings,prototype_mahalanobis_support_anova,24,4,138,ok,,0.37681159420289856,0.310577797389816,0.30631081293157564,0.3191450216450216
prototype_head,mae_embeddings,prototype_mahalanobis_support_anova,25,4,138,ok,,0.21739130434782608,0.1942588499169655,0.19715788871733286,0.2302922077922078
prototype_head,mae_embeddings,prototype_mahalanobis_support_anova,26,4,138,ok,,0.21739130434782608,0.20557845850521295,0.25282915425355845,0.23963203463203464
prototype_head,mae_embeddings,prototype_mahalanobis_support_anova,27,4,138,ok,,0.3188405797101449,0.27495836681456637,0.33404017857142854,0.28656926406926403
prototype_head,mae_embeddings,prototype_mahalanobis_support_anova,28,4,138,ok,,0.36231884057971014,0.30774489198402244,0.3111757077745161,0.3085497835497835
prototype_head,mae_embeddings,prototype_mahalanobis_support_anova,29,4,138,ok,,0.4057971014492754,0.33206048704652613,0.4756944444444444,0.3962012987012987
prototype_head,mae_embeddings,prototype_mahalanobis_support_anova,30,4,138,ok,,0.2753623188405797,0.24720737085553235,0.395376121463078,0.28688311688311685
prototype_head,mae_embeddings,prototype_mahalanobis_support_anova,31,4,138,ok,,0.3188405797101449,0.30015184148925855,0.33659869816952565,0.29668831168831167
prototype_head,mae_embeddings,prototype_mahalanobis_support_anova,32,4,138,ok,,0.3695652173913043,0.3033382239718764,0.3001963501963502,0.34063852813852813
prototype_head,mae_embeddings,prototype_mahalanobis_support_anova,33,4,138,ok,,0.35507246376811596,0.30415115798180314,0.44860363924050634,0.37029220779220784
prototype_head,mae_embeddings,prototype_mahalanobis_support_anova,34,4,138,ok,,0.30434782608695654,0.2368745639390013,0.29359965635738833,0.30752164502164503
prototype_head,mae_embeddings,prototype_mahalanobis_support_anova,35,4,138,ok,,0.37681159420289856,0.29672456414259696,0.275518341307815,0.32445887445887445
prototype_head,mae_embeddings,prototype_mahalanobis_support_anova,36,4,138,ok,,0.2463768115942029,0.18416583416583418,0.24696969696969695,0.28045454545454546
prototype_head,mae_embeddings,prototype_mahalanobis_support_anova,37,4,138,ok,,0.2608695652173913,0.25226521986896633,0.3219879959010394,0.29128787878787876
prototype_head,mae_embeddings,prototype_mahalanobis_support_anova,38,4,138,ok,,0.2463768115942029,0.21851409460105115,0.18721804511278195,0.3052380952380952
prototype_head,mae_embeddings,prototype_mahalanobis_support_anova,39,4,138,ok,,0.2463768115942029,0.22557344386349237,0.25773837760910817,0.2598051948051948
prototype_head,mae_embeddings,prototype_mahalanobis_support_anova,40,4,138,ok,,0.2463768115942029,0.19596246138302215,0.22365894974590628,0.2753246753246753
prototype_head,mae_embeddings,prototype_mahalanobis_support_anova,41,4,138,ok,,0.21739130434782608,0.1811904311904312,0.2080332846618438,0.22424242424242424
prototype_head,mae_embeddings,prototype_mahalanobis_support_anova,42,4,138,ok,,0.3695652173913043,0.2840643585386576,0.263516576016576,0.33555194805194805
prototype_head,mae_embeddings,prototype_mahalanobis_support_anova,43,4,138,ok,,0.2608695652173913,0.14370938532012356,0.12032559638942616,0.18257575757575756
prototype_head,mae_embeddings,prototype_mahalanobis_support_anova,44,4,138,ok,,0.2246376811594203,0.1987234878240377,0.27782738095238096,0.2685822510822511
prototype_head,mae_embeddings,prototype_mahalanobis_support_anova,45,4,138,ok,,0.2463768115942029,0.23797579453067258,0.28257865066375704,0.2828246753246753
prototype_head,mae_embeddings,prototype_mahalanobis_support_anova,46,4,138,ok,,0.2753623188405797,0.22623628340250404,0.2714160839160839,0.28119047619047616
prototype_head,mae_embeddings,prototype_mahalanobis_support_anova,47,4,138,ok,,0.34782608695652173,0.2650739257281313,0.3703296703296703,0.29739177489177493
prototype_head,mae_embeddings,prototype_mahalanobis_support_anova,48,4,138,ok,,0.41304347826086957,0.35367123679906975,0.3792682413372068,0.37630952380952387
prototype_head,mae_embeddings,prototype_mahalanobis_support_anova,49,4,138,ok,,0.2608695652173913,0.20396188080495356,0.3003008895866039,0.3090692640692641
prototype_head,mae_embeddings,prototype_mahalanobis_support_anova,50,4,138,ok,,0.2536231884057971,0.18614482830169105,0.20621513318142531,0.25712121212121214
prototype_head,mae_embeddings,prototype_mahalanobis_support_anova,51,4,138,ok,,0.35507246376811596,0.276227081297408,0.3323618730407524,0.3498268398268398
prototype_head,mae_embeddings,prototype_mahalanobis_support_anova,52,4,138,ok,,0.34057971014492755,0.33176321127934716,0.36328806885072873,0.34433982683982683
prototype_head,mae_embeddings,prototype_mahalanobis_support_anova,53,4,138,ok,,0.2463768115942029,0.21533962639342152,0.36266321044546845,0.2674025974025974
prototype_head,mae_embeddings,prototype_mahalanobis_support_anova,54,4,138,ok,,0.21739130434782608,0.21244845856155709,0.21736993345432545,0.2457251082251082
prototype_head,mae_embeddings,prototype_mahalanobis_support_anova,55,4,138,ok,,0.21014492753623187,0.1958997509339975,0.2817330917874396,0.22908008658008658
prototype_head,mae_embeddings,prototype_mahalanobis_support_anova,56,4,138,ok,,0.17391304347826086,0.1594561157796452,0.17645824003582627,0.22192640692640692
prototype_head,mae_embeddings,prototype_mahalanobis_support_anova,57,4,138,ok,,0.3333333333333333,0.2582546868251767,0.5692710741254431,0.34104978354978355
prototype_head,mae_embeddings,prototype_mahalanobis_support_anova,58,4,138,ok,,0.13768115942028986,0.1521926787610211,0.1532258064516129,0.16704545454545455
prototype_head,mae_embeddings,prototype_mahalanobis_support_anova,59,4,138,ok,,0.2753623188405797,0.254473026365459,0.25885984568997716,0.28816017316017317
prototype_head,mae_embeddings,prototype_mahalanobis_support_anova,60,4,138,ok,,0.37681159420289856,0.2777634130575307,0.3091475095785441,0.3480844155844156
prototype_head,mae_embeddings,prototype_mahalanobis_support_anova,61,4,138,ok,,0.2391304347826087,0.2181228965209548,0.23179933800878283,0.2608441558441558
prototype_head,mae_embeddings,prototype_mahalanobis_support_anova,62,4,138,ok,,0.2826086956521739,0.25828240101071875,0.2591254239901326,0.2679112554112554
prototype_head,mae_embeddings,prototype_mahalanobis_support_anova,63,4,138,ok,,0.18840579710144928,0.17232142857142857,0.16818181818181818,0.2303030303030303
prototype_head,mae_embeddings,prototype_mahalanobis_support_anova,64,4,138,ok,,0.3333333333333333,0.24143511527232456,0.24987934362934364,0.26535714285714285
prototype_head,mae_embeddings,prototype_mahalanobis_support_anova,65,4,138,ok,,0.391304347826087,0.3004187515525746,0.28766271626091716,0.34257575757575753
prototype_head,mae_embeddings,prototype_mahalanobis_support_anova,66,4,138,ok,,0.35507246376811596,0.2816068861166396,0.26723073122529645,0.32120129870129865
prototype_head,mae_embeddings,prototype_mahalanobis_support_anova,67,4,138,ok,,0.21014492753623187,0.16362573633572422,0.2605820105820106,0.2578463203463204
prototype_head,mae_embeddings,prototype_mahalanobis_support_anova,68,4,138,ok,,0.18840579710144928,0.14765533160920769,0.2211436170212766,0.23301948051948052
prototype_head,mae_embeddings,prototype_mahalanobis_support_anova,69,4,138,ok,,0.2463768115942029,0.2401751713632902,0.3188736681887367,0.2986580086580087
prototype_head,mae_embeddings,prototype_mahalanobis_support_anova,70,4,138,ok,,0.3695652173913043,0.273262651634636,0.2716040284942275,0.3218073593073594
prototype_head,mae_embeddings,prototype_mahalanobis_support_anova,71,4,138,ok,,0.2536231884057971,0.25456062502370386,0.2781294088333238,0.2554004329004329
prototype_head,mae_embeddings,prototype_mahalanobis_support_anova,72,4,138,ok,,0.391304347826087,0.323030303030303,0.3240909090909091,0.38075757575757574
prototype_head,mae_embeddings,prototype_mahalanobis_support_anova,73,4,138,ok,,0.2971014492753623,0.20462126364195732,0.2181572297671369,0.22238095238095235
prototype_head,mae_embeddings,prototype_mahalanobis_support_anova,74,4,138,ok,,0.2463768115942029,0.23490544543176123,0.23197826479076478,0.24353896103896105
prototype_head,mae_embeddings,prototype_mahalanobis_support_anova,75,4,138,ok,,0.37681159420289856,0.32277711084433774,0.3313549832026875,0.3313852813852814
prototype_head,mae_embeddings,prototype_mahalanobis_support_anova,76,4,138,ok,,0.2608695652173913,0.23506514630809783,0.3237299980721033,0.28438311688311696
prototype_head,mae_embeddings,prototype_mahalanobis_support_anova,77,4,138,ok,,0.3333333333333333,0.20405551255742616,0.23559120617944146,0.2571103896103896
prototype_head,mae_embeddings,prototype_mahalanobis_support_anova,78,4,138,ok,,0.3695652173913043,0.3440005976550827,0.37359661606578115,0.35097402597402594
prototype_head,mae_embeddings,prototype_mahalanobis_support_anova,79,4,138,ok,,0.2753623188405797,0.2657757425199286,0.30561441482494117,0.29567099567099564
prototype_head,mae_embeddings,prototype_mahalanobis_support_anova,80,4,138,ok,,0.18115942028985507,0.18279417552787547,0.21825722358946315,0.2053246753246753
prototype_head,mae_embeddings,prototype_mahalanobis_support_anova,81,4,138,ok,,0.30434782608695654,0.2844274929737031,0.33973453017570665,0.293961038961039
prototype_head,mae_embeddings,prototype_mahalanobis_support_anova,82,4,138,ok,,0.2753623188405797,0.22755937087938227,0.2858720596672404,0.2763311688311688
prototype_head,mae_embeddings,prototype_mahalanobis_support_anova,83,4,138,ok,,0.2898550724637681,0.23490665960545476,0.2499637049941928,0.2882575757575757
prototype_head,mae_embeddings,prototype_mahalanobis_support_anova,84,4,138,ok,,0.37681159420289856,0.3084638441781299,0.3587159069327042,0.3402705627705628
prototype_head,mae_embeddings,prototype_mahalanobis_support_anova,85,4,138,ok,,0.2971014492753623,0.2673721401990945,0.28553976217019694,0.2827705627705628
prototype_head,mae_embeddings,prototype_mahalanobis_support_anova,86,4,138,ok,,0.2971014492753623,0.26536813590531244,0.2685295203840781,0.30272727272727273
prototype_head,mae_embeddings,prototype_mahalanobis_support_anova,87,4,138,ok,,0.3115942028985507,0.2502144818119424,0.26854066985645936,0.2627272727272727
prototype_head,mae_embeddings,prototype_mahalanobis_support_anova,88,4,138,ok,,0.21014492753623187,0.20161836637809177,0.22354020343562356,0.19768398268398268
prototype_head,mae_embeddings,prototype_mahalanobis_support_anova,89,4,138,ok,,0.34782608695652173,0.3059254555663446,0.3078761143277272,0.30477272727272725
prototype_head,mae_embeddings,prototype_mahalanobis_support_anova,90,4,138,ok,,0.21014492753623187,0.1944383607101377,0.22195767195767196,0.19861471861471858
prototype_head,mae_embeddings,prototype_mahalanobis_support_anova,91,4,138,ok,,0.35507246376811596,0.3111673414304993,0.3482638888888889,0.33091991341991345
prototype_head,mae_embeddings,prototype_mahalanobis_support_anova,92,4,138,ok,,0.2246376811594203,0.20446655394090885,0.2398160196631244,0.2571969696969697
prototype_head,mae_embeddings,prototype_mahalanobis_support_anova,93,4,138,ok,,0.14492753623188406,0.1251606256646579,0.2017378113689589,0.1696861471861472
prototype_head,mae_embeddings,prototype_mahalanobis_support_anova,94,4,138,ok,,0.36231884057971014,0.2876442056729718,0.28839869281045755,0.29633116883116883
prototype_head,mae_embeddings,prototype_mahalanobis_support_anova,95,4,138,ok,,0.38405797101449274,0.32340210355987054,0.3299238064791134,0.3343614718614719
prototype_head,mae_embeddings,prototype_mahalanobis_support_anova,96,4,138,ok,,0.2971014492753623,0.2944961240310078,0.30864244904150356,0.310995670995671
prototype_head,mae_embeddings,prototype_mahalanobis_support_anova,97,4,138,ok,,0.2536231884057971,0.24959834190966268,0.2568426724137931,0.2847727272727273
prototype_head,mae_embeddings,prototype_mahalanobis_support_anova,98,4,138,ok,,0.2391304347826087,0.19728903750044943,0.2234628259337562,0.20164502164502163
prototype_head,mae_embeddings,prototype_mahalanobis_support_anova,99,4,138,ok,,0.2536231884057971,0.253992628992629,0.2667985028553789,0.27081168831168834
prototype_head,mae_embeddings,prototype_mahalanobis_support_anova,100,4,138,ok,,0.2318840579710145,0.2272612440861589,0.38496977738463806,0.2666558441558442
direct_binned,bins1024_auc,svm_C1p0,1,4,138,ok,,0.2246376811594203,0.1947836618049384,0.20910138248847926,0.22456709956709958
direct_binned,bins1024_auc,logreg_C0p1,1,4,138,ok,,0.2608695652173913,0.24651873223301796,0.3276854928017719,0.25865800865800864
direct_binned,bins1024_auc,xgboost_depth2,1,4,138,ok,,0.2028985507246377,0.08433734939759036,0.050724637681159424,0.25
direct_binned,bins1024_auc,svm_C1p0,2,4,138,ok,,0.34782608695652173,0.3005172296838963,0.36507163722353597,0.356504329004329
direct_binned,bins1024_auc,logreg_C0p1,2,4,138,ok,,0.36231884057971014,0.2915059773227498,0.316149536737772,0.35363636363636364
direct_binned,bins1024_auc,xgboost_depth2,2,4,138,ok,,0.21739130434782608,0.08928571428571429,0.05434782608695652,0.25
direct_binned,bins1024_auc,svm_C1p0,3,4,138,ok,,0.2318840579710145,0.20606374274805372,0.22824840419777132,0.20162337662337665
direct_binned,bins1024_auc,logreg_C0p1,3,4,138,ok,,0.2753623188405797,0.22130006670914193,0.2507792860734037,0.2251082251082251
direct_binned,bins1024_auc,xgboost_depth2,3,4,138,ok,,0.18115942028985507,0.07668711656441718,0.04528985507246377,0.25
direct_binned,bins1024_auc,svm_C1p0,4,4,138,ok,,0.3115942028985507,0.22854198458291186,0.21742679195804196,0.26606060606060605
direct_binned,bins1024_auc,logreg_C0p1,4,4,138,ok,,0.34782608695652173,0.27570096330585425,0.28949673514890906,0.32432900432900436
direct_binned,bins1024_auc,xgboost_depth2,4,4,138,ok,,0.39855072463768115,0.14248704663212436,0.09963768115942029,0.25
direct_binned,bins1024_auc,svm_C1p0,5,4,138,ok,,0.2608695652173913,0.23115861452064107,0.28490286085222793,0.28069264069264066
direct_binned,bins1024_auc,logreg_C0p1,5,4,138,ok,,0.2608695652173913,0.23083051692461942,0.28231704074034675,0.2888636363636363
direct_binned,bins1024_auc,xgboost_depth2,5,4,138,ok,,0.18115942028985507,0.07668711656441718,0.04528985507246377,0.25
direct_binned,bins1024_auc,svm_C1p0,6,4,138,ok,,0.2318840579710145,0.18995341971366053,0.299836742949607,0.24721861471861473
direct_binned,bins1024_auc,logreg_C0p1,6,4,138,ok,,0.2318840579710145,0.19025112949598078,0.30549719887955185,0.24721861471861473
direct_binned,bins1024_auc,xgboost_depth2,6,4,138,ok,,0.21739130434782608,0.08928571428571429,0.05434782608695652,0.25
direct_binned,bins1024_auc,svm_C1p0,7,4,138,ok,,0.2971014492753623,0.2848825006130583,0.388003663003663,0.32505411255411254
direct_binned,bins1024_auc,logreg_C0p1,7,4,138,ok,,0.2971014492753623,0.2752897757570655,0.35001472179781,0.3146212121212121
direct_binned,bins1024_auc,xgboost_depth2,7,4,138,ok,,0.21739130434782608,0.08928571428571429,0.05434782608695652,0.25
direct_binned,bins1024_auc,svm_C1p0,8,4,138,ok,,0.09420289855072464,0.09166833868378813,0.08748911149825783,0.1072077922077922
direct_binned,bins1024_auc,logreg_C0p1,8,4,138,ok,,0.14492753623188406,0.1291611842105263,0.11691176470588235,0.1543181818181818
direct_binned,bins1024_auc,xgboost_depth2,8,4,138,ok,,0.2028985507246377,0.08433734939759036,0.050724637681159424,0.25
direct_binned,bins1024_auc,svm_C1p0,9,4,138,ok,,0.2246376811594203,0.19177841335333834,0.30076312576312575,0.26341991341991344
direct_binned,bins1024_auc,logreg_C0p1,9,4,138,ok,,0.2536231884057971,0.24275776246399117,0.37347568043770574,0.2883225108225108
direct_binned,bins1024_auc,xgboost_depth2,9,4,138,ok,,0.39855072463768115,0.14248704663212436,0.09963768115942029,0.25
direct_binned,bins1024_auc,svm_C1p0,10,4,138,ok,,0.4057971014492754,0.3030944643438065,0.3025568181818182,0.3316774891774892
direct_binned,bins1024_auc,logreg_C0p1,10,4,138,ok,,0.37681159420289856,0.2891916491997257,0.2955026455026455,0.3074458874458874
direct_binned,bins1024_auc,xgboost_depth2,10,4,138,ok,,0.39855072463768115,0.14248704663212436,0.09963768115942029,0.25
direct_binned,bins1024_auc,svm_C1p0,11,4,138,ok,,0.18840579710144928,0.18090349347286083,0.21316901408450703,0.1956926406926407
direct_binned,bins1024_auc,logreg_C0p1,11,4,138,ok,,0.21014492753623187,0.20288576435342415,0.26798101496896676,0.2250974025974026
direct_binned,bins1024_auc,xgboost_depth2,11,4,138,ok,,0.2028985507246377,0.08433734939759036,0.050724637681159424,0.25
direct_binned,bins1024_auc,svm_C1p0,12,4,138,ok,,0.15942028985507245,0.14008917370223442,0.12459893048128343,0.20273809523809525
direct_binned,bins1024_auc,logreg_C0p1,12,4,138,ok,,0.16666666666666666,0.14997106709802993,0.13769600070472165,0.21107142857142858
direct_binned,bins1024_auc,xgboost_depth2,12,4,138,ok,,0.21739130434782608,0.08928571428571429,0.05434782608695652,0.25
direct_binned,bins1024_auc,svm_C1p0,13,4,138,ok,,0.30434782608695654,0.30399404720195133,0.3641143822393822,0.3342857142857143
direct_binned,bins1024_auc,logreg_C0p1,13,4,138,ok,,0.26811594202898553,0.26623693929021797,0.34350649350649354,0.2891666666666667
direct_binned,bins1024_auc,xgboost_depth2,13,4,138,ok,,0.2028985507246377,0.08433734939759036,0.050724637681159424,0.25
direct_binned,bins1024_auc,svm_C1p0,14,4,138,ok,,0.36231884057971014,0.32617726638170486,0.36721982439049283,0.34845238095238096
direct_binned,bins1024_auc,logreg_C0p1,14,4,138,ok,,0.37681159420289856,0.32163916048355407,0.36509921981004073,0.34179653679653677
direct_binned,bins1024_auc,xgboost_depth2,14,4,138,ok,,0.39855072463768115,0.14248704663212436,0.09963768115942029,0.25
direct_binned,bins1024_auc,svm_C1p0,15,4,138,ok,,0.2246376811594203,0.20198204882022633,0.2638318607068607,0.1948160173160173
direct_binned,bins1024_auc,logreg_C0p1,15,4,138,ok,,0.21014492753623187,0.20761133206785382,0.2582051282051282,0.19875541125541124
direct_binned,bins1024_auc,xgboost_depth2,15,4,138,ok,,0.39855072463768115,0.14248704663212436,0.09963768115942029,0.25
direct_binned,bins1024_auc,svm_C1p0,16,4,138,ok,,0.2391304347826087,0.23827100640002935,0.25901188723850305,0.26856060606060606
direct_binned,bins1024_auc,logreg_C0p1,16,4,138,ok,,0.18840579710144928,0.18543379681071503,0.185415260908682,0.21566017316017316
direct_binned,bins1024_auc,xgboost_depth2,16,4,138,ok,,0.21739130434782608,0.08928571428571429,0.05434782608695652,0.25
direct_binned,bins1024_auc,svm_C1p0,17,4,138,ok,,0.2898550724637681,0.2699138729986258,0.29738677203299846,0.2823917748917749
direct_binned,bins1024_auc,logreg_C0p1,17,4,138,ok,,0.36231884057971014,0.3278960345546302,0.34409138655462185,0.3408766233766234
direct_binned,bins1024_auc,xgboost_depth2,17,4,138,ok,,0.39855072463768115,0.14248704663212436,0.09963768115942029,0.25
direct_binned,bins1024_auc,svm_C1p0,18,4,138,ok,,0.2608695652173913,0.21526422634693496,0.294775641025641,0.28405844155844157
direct_binned,bins1024_auc,logreg_C0p1,18,4,138,ok,,0.26811594202898553,0.2118728820290162,0.3056663199260287,0.2917965367965368
direct_binned,bins1024_auc,xgboost_depth2,18,4,138,ok,,0.39855072463768115,0.14248704663212436,0.09963768115942029,0.25
direct_binned,bins1024_auc,svm_C1p0,19,4,138,ok,,0.34782608695652173,0.26442760942760946,0.3633802816901409,0.3101082251082251
direct_binned,bins1024_auc,logreg_C0p1,19,4,138,ok,,0.4057971014492754,0.31333791891657925,0.40614269788182833,0.3563095238095238
direct_binned,bins1024_auc,xgboost_depth2,19,4,138,ok,,0.18115942028985507,0.07668711656441718,0.04528985507246377,0.25
direct_binned,bins1024_auc,svm_C1p0,20,4,138,ok,,0.41304347826086957,0.3704227401151827,0.3965038314176245,0.38314935064935063
direct_binned,bins1024_auc,logreg_C0p1,20,4,138,ok,,0.43478260869565216,0.3886555135329834,0.41523521645472866,0.4060281385281385
direct_binned,bins1024_auc,xgboost_depth2,20,4,138,ok,,0.18115942028985507,0.07668711656441718,0.04528985507246377,0.25
direct_binned,bins1024_auc,svm_C1p0,21,4,138,ok,,0.1956521739130435,0.19401321446934433,0.21856897128636257,0.20176406926406928
direct_binned,bins1024_auc,logreg_C0p1,21,4,138,ok,,0.1956521739130435,0.19837821875738249,0.22625998444899978,0.20116883116883116
direct_binned,bins1024_auc,xgboost_depth2,21,4,138,ok,,0.21739130434782608,0.08928571428571429,0.05434782608695652,0.25
direct_binned,bins1024_auc,svm_C1p0,22,4,138,ok,,0.2536231884057971,0.21328573960152908,0.3871212121212121,0.28771645021645026
direct_binned,bins1024_auc,logreg_C0p1,22,4,138,ok,,0.2971014492753623,0.25056563183858166,0.4135531135531135,0.3149891774891775
direct_binned,bins1024_auc,xgboost_depth2,22,4,138,ok,,0.39855072463768115,0.14248704663212436,0.09963768115942029,0.25
direct_binned,bins1024_auc,svm_C1p0,23,4,138,ok,,0.2536231884057971,0.2019685886402754,0.22864145658263307,0.24996753246753245
direct_binned,bins1024_auc,logreg_C0p1,23,4,138,ok,,0.34057971014492755,0.27725113568005977,0.27562111801242234,0.3011038961038961
direct_binned,bins1024_auc,xgboost_depth2,23,4,138,ok,,0.21739130434782608,0.08928571428571429,0.05434782608695652,0.25
direct_binned,bins1024_auc,svm_C1p0,24,4,138,ok,,0.35507246376811596,0.28556815342328834,0.2943466896607475,0.3155844155844156
direct_binned,bins1024_auc,logreg_C0p1,24,4,138,ok,,0.35507246376811596,0.2797804332044894,0.2695338629989086,0.30562770562770564
direct_binned,bins1024_auc,xgboost_depth2,24,4,138,ok,,0.39855072463768115,0.14248704663212436,0.09963768115942029,0.25
direct_binned,bins1024_auc,svm_C1p0,25,4,138,ok,,0.2536231884057971,0.25350092945029656,0.2794294990723562,0.26145021645021643
direct_binned,bins1024_auc,logreg_C0p1,25,4,138,ok,,0.2463768115942029,0.2484596863810347,0.26323529411764707,0.2537121212121212
direct_binned,bins1024_auc,xgboost_depth2,25,4,138,ok,,0.39855072463768115,0.14248704663212436,0.09963768115942029,0.25
direct_binned,bins1024_auc,svm_C1p0,26,4,138,ok,,0.2971014492753623,0.2755541207447268,0.2937091503267974,0.28517316017316013
direct_binned,bins1024_auc,logreg_C0p1,26,4,138,ok,,0.34782608695652173,0.24428571428571427,0.23002697033263408,0.28214285714285714
direct_binned,bins1024_auc,xgboost_depth2,26,4,138,ok,,0.2028985507246377,0.08433734939759036,0.050724637681159424,0.25
direct_binned,bins1024_auc,svm_C1p0,27,4,138,ok,,0.21014492753623187,0.19678571428571429,0.348015873015873,0.2198160173160173
direct_binned,bins1024_auc,logreg_C0p1,27,4,138,ok,,0.2318840579710145,0.21328785781124923,0.3076291079812207,0.22799783549783548
direct_binned,bins1024_auc,xgboost_depth2,27,4,138,ok,,0.39855072463768115,0.14248704663212436,0.09963768115942029,0.25
direct_binned,bins1024_auc,svm_C1p0,28,4,138,ok,,0.34782608695652173,0.2780008504872283,0.28770441545136327,0.3098160173160173
direct_binned,bins1024_auc,logreg_C0p1,28,4,138,ok,,0.43478260869565216,0.367257230367653,0.3677536231884058,0.40371212121212124
direct_binned,bins1024_auc,xgboost_depth2,28,4,138,ok,,0.39855072463768115,0.14248704663212436,0.09963768115942029,0.25
direct_binned,bins1024_auc,svm_C1p0,29,4,138,ok,,0.2898550724637681,0.26064344460570876,0.35749865807836817,0.29798701298701297
direct_binned,bins1024_auc,logreg_C0p1,29,4,138,ok,,0.3188405797101449,0.27871367410482617,0.4327687033676144,0.3172402597402598
direct_binned,bins1024_auc,xgboost_depth2,29,4,138,ok,,0.21739130434782608,0.08928571428571429,0.05434782608695652,0.25
direct_binned,bins1024_auc,svm_C1p0,30,4,138,ok,,0.21739130434782608,0.19474969474969475,0.23529797350051856,0.23796536796536796
direct_binned,bins1024_auc,logreg_C0p1,30,4,138,ok,,0.2536231884057971,0.2417430608607079,0.29558457051961823,0.27870129870129867
direct_binned,bins1024_auc,xgboost_depth2,30,4,138,ok,,0.18115942028985507,0.07668711656441718,0.04528985507246377,0.25
direct_binned,bins1024_auc,svm_C1p0,31,4,138,ok,,0.21014492753623187,0.2083453341013825,0.25893395819866405,0.25446969696969696
direct_binned,bins1024_auc,logreg_C0p1,31,4,138,ok,,0.21014492753623187,0.20489778434686012,0.28640905542544887,0.25187229437229436
direct_binned,bins1024_auc,xgboost_depth2,31,4,138,ok,,0.2028985507246377,0.08433734939759036,0.050724637681159424,0.25
direct_binned,bins1024_auc,svm_C1p0,32,4,138,ok,,0.2898550724637681,0.2677839737327689,0.3392226734618039,0.2948051948051948
direct_binned,bins1024_auc,logreg_C0p1,32,4,138,ok,,0.3188405797101449,0.30956974935633474,0.32772366093820116,0.3354978354978355
direct_binned,bins1024_auc,xgboost_depth2,32,4,138,ok,,0.21739130434782608,0.08928571428571429,0.05434782608695652,0.25
direct_binned,bins1024_auc,svm_C1p0,33,4,138,ok,,0.36231884057971014,0.33147957935925654,0.39015478473998294,0.3470887445887446
direct_binned,bins1024_auc,logreg_C0p1,33,4,138,ok,,0.3695652173913043,0.3261974781839849,0.39929157077100114,0.36528138528138526
direct_binned,bins1024_auc,xgboost_depth2,33,4,138,ok,,0.39855072463768115,0.14248704663212436,0.09963768115942029,0.25
direct_binned,bins1024_auc,svm_C1p0,34,4,138,ok,,0.2608695652173913,0.24444444444444444,0.3117857142857143,0.29853896103896105
direct_binned,bins1024_auc,logreg_C0p1,34,4,138,ok,,0.2536231884057971,0.23706348256202278,0.31068238471125886,0.28415584415584416
direct_binned,bins1024_auc,xgboost_depth2,34,4,138,ok,,0.2028985507246377,0.08433734939759036,0.050724637681159424,0.25
direct_binned,bins1024_auc,svm_C1p0,35,4,138,ok,,0.2463768115942029,0.21118140788812795,0.23834498834498835,0.2463095238095238
direct_binned,bins1024_auc,logreg_C0p1,35,4,138,ok,,0.26811594202898553,0.21669029057406092,0.23704013377926422,0.2582792207792208
direct_binned,bins1024_auc,xgboost_depth2,35,4,138,ok,,0.21739130434782608,0.08928571428571429,0.05434782608695652,0.25
direct_binned,bins1024_auc,svm_C1p0,36,4,138,ok,,0.2536231884057971,0.212476996687523,0.2401984126984127,0.24953463203463203
direct_binned,bins1024_auc,logreg_C0p1,36,4,138,ok,,0.2246376811594203,0.20034088206537537,0.20972167959665866,0.2459090909090909
direct_binned,bins1024_auc,xgboost_depth2,36,4,138,ok,,0.21739130434782608,0.08928571428571429,0.05434782608695652,0.25
direct_binned,bins1024_auc,svm_C1p0,37,4,138,ok,,0.1956521739130435,0.18890281258702307,0.279069432440219,0.23615800865800868
direct_binned,bins1024_auc,logreg_C0p1,37,4,138,ok,,0.2028985507246377,0.19646274777853723,0.26386554621848735,0.2254112554112554
direct_binned,bins1024_auc,xgboost_depth2,37,4,138,ok,,0.2028985507246377,0.08433734939759036,0.050724637681159424,0.25
direct_binned,bins1024_auc,svm_C1p0,38,4,138,ok,,0.2608695652173913,0.24790909205675907,0.30795864720652855,0.31806277056277055
direct_binned,bins1024_auc,logreg_C0p1,38,4,138,ok,,0.2608695652173913,0.25050318922749826,0.2947224730515266,0.3092965367965368
direct_binned,bins1024_auc,xgboost_depth2,38,4,138,ok,,0.2028985507246377,0.08433734939759036,0.050724637681159424,0.25
direct_binned,bins1024_auc,svm_C1p0,39,4,138,ok,,0.18840579710144928,0.12318840579710144,0.18268015170670038,0.21636363636363637
direct_binned,bins1024_auc,logreg_C0p1,39,4,138,ok,,0.2463768115942029,0.20298194525334887,0.2597672064777328,0.28136363636363637
direct_binned,bins1024_auc,xgboost_depth2,39,4,138,ok,,0.18115942028985507,0.07668711656441718,0.04528985507246377,0.25
direct_binned,bins1024_auc,svm_C1p0,40,4,138,ok,,0.2318840579710145,0.1842831545610753,0.2287660256410256,0.2649242424242424
direct_binned,bins1024_auc,logreg_C0p1,40,4,138,ok,,0.2463768115942029,0.19310181327049628,0.18342059159061277,0.28208874458874456
direct_binned,bins1024_auc,xgboost_depth2,40,4,138,ok,,0.39855072463768115,0.14248704663212436,0.09963768115942029,0.25
direct_binned,bins1024_auc,svm_C1p0,41,4,138,ok,,0.15217391304347827,0.14026052630703795,0.19497937224933115,0.1552922077922078
direct_binned,bins1024_auc,logreg_C0p1,41,4,138,ok,,0.13043478260869565,0.11461714240352011,0.15073605639643375,0.1458982683982684
direct_binned,bins1024_auc,xgboost_depth2,41,4,138,ok,,0.21739130434782608,0.08928571428571429,0.05434782608695652,0.25
direct_binned,bins1024_auc,svm_C1p0,42,4,138,ok,,0.34782608695652173,0.2650862068965517,0.2387916045702931,0.30126623376623374
direct_binned,bins1024_auc,logreg_C0p1,42,4,138,ok,,0.36231884057971014,0.2745131701574533,0.24934961255889773,0.31035714285714283
direct_binned,bins1024_auc,xgboost_depth2,42,4,138,ok,,0.2028985507246377,0.08433734939759036,0.050724637681159424,0.25
direct_binned,bins1024_auc,svm_C1p0,43,4,138,ok,,0.3115942028985507,0.15978736710444028,0.1629236748216106,0.2084848484848485
direct_binned,bins1024_auc,logreg_C0p1,43,4,138,ok,,0.3188405797101449,0.1755630172296839,0.1970293724966622,0.21741341991341992
direct_binned,bins1024_auc,xgboost_depth2,43,4,138,ok,,0.18115942028985507,0.07668711656441718,0.04528985507246377,0.25
direct_binned,bins1024_auc,svm_C1p0,44,4,138,ok,,0.36231884057971014,0.3170585449033725,0.34798387096774197,0.3429653679653679
direct_binned,bins1024_auc,logreg_C0p1,44,4,138,ok,,0.3695652173913043,0.3205512340343801,0.3594079939668175,0.34751082251082244
direct_binned,bins1024_auc,xgboost_depth2,44,4,138,ok,,0.2028985507246377,0.08433734939759036,0.050724637681159424,0.25
direct_binned,bins1024_auc,svm_C1p0,45,4,138,ok,,0.18115942028985507,0.1829558756350137,0.24790824641460235,0.19027056277056273
direct_binned,bins1024_auc,logreg_C0p1,45,4,138,ok,,0.2463768115942029,0.24198599503477553,0.2853596094308169,0.2643398268398268
direct_binned,bins1024_auc,xgboost_depth2,45,4,138,ok,,0.18115942028985507,0.07668711656441718,0.04528985507246377,0.25
direct_binned,bins1024_auc,svm_C1p0,46,4,138,ok,,0.2246376811594203,0.17750026971625849,0.21706989247311825,0.2005844155844156
direct_binned,bins1024_auc,logreg_C0p1,46,4,138,ok,,0.2246376811594203,0.1681123296776338,0.173015873015873,0.19727272727272727
direct_binned,bins1024_auc,xgboost_depth2,46,4,138,ok,,0.18115942028985507,0.07668711656441718,0.04528985507246377,0.25
direct_binned,bins1024_auc,svm_C1p0,47,4,138,ok,,0.35507246376811596,0.2761201090514497,0.3989661654135338,0.35301948051948057
direct_binned,bins1024_auc,logreg_C0p1,47,4,138,ok,,0.35507246376811596,0.2661979203014865,0.3000816993464053,0.3540909090909091
direct_binned,bins1024_auc,xgboost_depth2,47,4,138,ok,,0.39855072463768115,0.14248704663212436,0.09963768115942029,0.25
direct_binned,bins1024_auc,svm_C1p0,48,4,138,ok,,0.34057971014492755,0.29725124943207637,0.31559593677096737,0.3042965367965368
direct_binned,bins1024_auc,logreg_C0p1,48,4,138,ok,,0.36231884057971014,0.3087930105202006,0.3241967097230255,0.3212445887445887
direct_binned,bins1024_auc,xgboost_depth2,48,4,138,ok,,0.18115942028985507,0.07668711656441718,0.04528985507246377,0.25
direct_binned,bins1024_auc,svm_C1p0,49,4,138,ok,,0.2246376811594203,0.1861825828797625,0.15763746584699453,0.28285714285714286
direct_binned,bins1024_auc,logreg_C0p1,49,4,138,ok,,0.2318840579710145,0.19099413059427733,0.1607442876344086,0.29285714285714287
direct_binned,bins1024_auc,xgboost_depth2,49,4,138,ok,,0.39855072463768115,0.14248704663212436,0.09963768115942029,0.25
direct_binned,bins1024_auc,svm_C1p0,50,4,138,ok,,0.2971014492753623,0.2670324716977861,0.3063503352977037,0.28465367965367966
direct_binned,bins1024_auc,logreg_C0p1,50,4,138,ok,,0.2971014492753623,0.28441943613134113,0.3635008996851102,0.28643939393939394
direct_binned,bins1024_auc,xgboost_depth2,50,4,138,ok,,0.18115942028985507,0.07668711656441718,0.04528985507246377,0.25
direct_binned,bins1024_auc,svm_C1p0,51,4,138,ok,,0.3333333333333333,0.25852764606454576,0.31974145221698685,0.3355952380952381
direct_binned,bins1024_auc,logreg_C0p1,51,4,138,ok,,0.37681159420289856,0.27425320056899005,0.3137250830564784,0.35848484848484846
direct_binned,bins1024_auc,xgboost_depth2,51,4,138,ok,,0.21739130434782608,0.08928571428571429,0.05434782608695652,0.25
direct_binned,bins1024_auc,svm_C1p0,52,4,138,ok,,0.2753623188405797,0.2705600850762141,0.3082875878293972,0.295974025974026
direct_binned,bins1024_auc,logreg_C0p1,52,4,138,ok,,0.2898550724637681,0.2838827838827839,0.30434766383042244,0.3018506493506493
direct_binned,bins1024_auc,xgboost_depth2,52,4,138,ok,,0.39855072463768115,0.14248704663212436,0.09963768115942029,0.25
direct_binned,bins1024_auc,svm_C1p0,53,4,138,ok,,0.2608695652173913,0.22170728188352526,0.3171731411862991,0.2666558441558442
direct_binned,bins1024_auc,logreg_C0p1,53,4,138,ok,,0.26811594202898553,0.22602722523608598,0.29447115384615385,0.2657467532467533
direct_binned,bins1024_auc,xgboost_depth2,53,4,138,ok,,0.21739130434782608,0.08928571428571429,0.05434782608695652,0.25
direct_binned,bins1024_auc,svm_C1p0,54,4,138,ok,,0.2536231884057971,0.2536705326811819,0.26846675868415,0.26821428571428574
direct_binned,bins1024_auc,logreg_C0p1,54,4,138,ok,,0.2608695652173913,0.2603057401110425,0.271527199916788,0.3000324675324675
direct_binned,bins1024_auc,xgboost_depth2,54,4,138,ok,,0.39855072463768115,0.14248704663212436,0.09963768115942029,0.25
direct_binned,bins1024_auc,svm_C1p0,55,4,138,ok,,0.1956521739130435,0.1545142065142065,0.20075887743413517,0.21193722943722942
direct_binned,bins1024_auc,logreg_C0p1,55,4,138,ok,,0.21014492753623187,0.19141604010025062,0.2775587507730365,0.23134199134199132
direct_binned,bins1024_auc,xgboost_depth2,55,4,138,ok,,0.18115942028985507,0.07668711656441718,0.04528985507246377,0.25
direct_binned,bins1024_auc,svm_C1p0,56,4,138,ok,,0.17391304347826086,0.14732981044456456,0.19364436443644364,0.22585497835497836
direct_binned,bins1024_auc,logreg_C0p1,56,4,138,ok,,0.1956521739130435,0.18143877979943554,0.27824312714776633,0.2422077922077922
direct_binned,bins1024_auc,xgboost_depth2,56,4,138,ok,,0.2028985507246377,0.08433734939759036,0.050724637681159424,0.25
direct_binned,bins1024_auc,svm_C1p0,57,4,138,ok,,0.34057971014492755,0.28350441945875865,0.3743934041486878,0.33254329004329003
direct_binned,bins1024_auc,logreg_C0p1,57,4,138,ok,,0.41304347826086957,0.3447368421052632,0.446875,0.4019372294372294
direct_binned,bins1024_auc,xgboost_depth2,57,4,138,ok,,0.39855072463768115,0.14248704663212436,0.09963768115942029,0.25
direct_binned,bins1024_auc,svm_C1p0,58,4,138,ok,,0.13768115942028986,0.150094788252683,0.16152597402597405,0.1507034632034632
direct_binned,bins1024_auc,logreg_C0p1,58,4,138,ok,,0.08695652173913043,0.10400617427471648,0.10824592074592074,0.10692640692640693
direct_binned,bins1024_auc,xgboost_depth2,58,4,138,ok,,0.18115942028985507,0.07668711656441718,0.04528985507246377,0.25
direct_binned,bins1024_auc,svm_C1p0,59,4,138,ok,,0.2318840579710145,0.19214191742600834,0.22755681818181817,0.20574675324675326
direct_binned,bins1024_auc,logreg_C0p1,59,4,138,ok,,0.2463768115942029,0.19474747474747475,0.2613275613275613,0.20452380952380952
direct_binned,bins1024_auc,xgboost_depth2,59,4,138,ok,,0.21739130434782608,0.08928571428571429,0.05434782608695652,0.25
direct_binned,bins1024_auc,svm_C1p0,60,4,138,ok,,0.38405797101449274,0.3078681552365763,0.3180677816901408,0.35798701298701296
direct_binned,bins1024_auc,logreg_C0p1,60,4,138,ok,,0.38405797101449274,0.30060690943043883,0.31690809190809194,0.351461038961039
direct_binned,bins1024_auc,xgboost_depth2,60,4,138,ok,,0.39855072463768115,0.14248704663212436,0.09963768115942029,0.25
direct_binned,bins1024_auc,svm_C1p0,61,4,138,ok,,0.2391304347826087,0.2349393017155484,0.24287518037518036,0.27106060606060606
direct_binned,bins1024_auc,logreg_C0p1,61,4,138,ok,,0.2391304347826087,0.23752096636751951,0.26050685425685427,0.2541233766233766
direct_binned,bins1024_auc,xgboost_depth2,61,4,138,ok,,0.21739130434782608,0.08928571428571429,0.05434782608695652,0.25
direct_binned,bins1024_auc,svm_C1p0,62,4,138,ok,,0.2391304347826087,0.21263466925231633,0.2462912087912088,0.2719155844155844
direct_binned,bins1024_auc,logreg_C0p1,62,4,138,ok,,0.2608695652173913,0.2461458352967787,0.2696428571428572,0.2963203463203463
direct_binned,bins1024_auc,xgboost_depth2,62,4,138,ok,,0.18115942028985507,0.07668711656441718,0.04528985507246377,0.25
direct_binned,bins1024_auc,svm_C1p0,63,4,138,ok,,0.2028985507246377,0.1824067283245189,0.22582852951507262,0.23953463203463204
direct_binned,bins1024_auc,logreg_C0p1,63,4,138,ok,,0.21739130434782608,0.19379242081447964,0.2595112517580872,0.2786147186147186
direct_binned,bins1024_auc,xgboost_depth2,63,4,138,ok,,0.21739130434782608,0.08928571428571429,0.05434782608695652,0.25
direct_binned,bins1024_auc,svm_C1p0,64,4,138,ok,,0.36231884057971014,0.270980420620153,0.291331031837361,0.2877056277056277
direct_binned,bins1024_auc,logreg_C0p1,64,4,138,ok,,0.3695652173913043,0.2987928146317091,0.31056501547987614,0.3048051948051948
direct_binned,bins1024_auc,xgboost_depth2,64,4,138,ok,,0.2028985507246377,0.08433734939759036,0.050724637681159424,0.25
direct_binned,bins1024_auc,svm_C1p0,65,4,138,ok,,0.34782608695652173,0.27258512529646794,0.25615721997300944,0.30727272727272725
direct_binned,bins1024_auc,logreg_C0p1,65,4,138,ok,,0.3695652173913043,0.3066672071162655,0.3628299187892211,0.3366558441558442
direct_binned,bins1024_auc,xgboost_depth2,65,4,138,ok,,0.18115942028985507,0.07668711656441718,0.04528985507246377,0.25
direct_binned,bins1024_auc,svm_C1p0,66,4,138,ok,,0.4057971014492754,0.30098546568172874,0.28360329639102017,0.3684090909090909
direct_binned,bins1024_auc,logreg_C0p1,66,4,138,ok,,0.39855072463768115,0.29583082650647097,0.27998010798522305,0.3594805194805195
direct_binned,bins1024_auc,xgboost_depth2,66,4,138,ok,,0.18115942028985507,0.07668711656441718,0.04528985507246377,0.25
direct_binned,bins1024_auc,svm_C1p0,67,4,138,ok,,0.18840579710144928,0.1764131840972985,0.20425883605231432,0.19412337662337664
direct_binned,bins1024_auc,logreg_C0p1,67,4,138,ok,,0.2391304347826087,0.23985203151869816,0.3310961190708026,0.2553571428571429
direct_binned,bins1024_auc,xgboost_depth2,67,4,138,ok,,0.21739130434782608,0.08928571428571429,0.05434782608695652,0.25
direct_binned,bins1024_auc,svm_C1p0,68,4,138,ok,,0.17391304347826086,0.11028278217761925,0.3238911988911989,0.21311688311688312
direct_binned,bins1024_auc,logreg_C0p1,68,4,138,ok,,0.15942028985507245,0.10286796536796536,0.31705607476635517,0.19525974025974027
direct_binned,bins1024_auc,xgboost_depth2,68,4,138,ok,,0.2028985507246377,0.08433734939759036,0.050724637681159424,0.25
direct_binned,bins1024_auc,svm_C1p0,69,4,138,ok,,0.1956521739130435,0.19623088503049457,0.22445350985221674,0.19297619047619047
direct_binned,bins1024_auc,logreg_C0p1,69,4,138,ok,,0.21739130434782608,0.21670785326112668,0.2437282820578015,0.21904761904761905
direct_binned,bins1024_auc,xgboost_depth2,69,4,138,ok,,0.39855072463768115,0.14248704663212436,0.09963768115942029,0.25
direct_binned,bins1024_auc,svm_C1p0,70,4,138,ok,,0.36231884057971014,0.31522683776789906,0.35861928104575164,0.36299783549783554
direct_binned,bins1024_auc,logreg_C0p1,70,4,138,ok,,0.391304347826087,0.32070650514099563,0.3637214137214137,0.37846320346320345
direct_binned,bins1024_auc,xgboost_depth2,70,4,138,ok,,0.2028985507246377,0.08433734939759036,0.050724637681159424,0.25
direct_binned,bins1024_auc,svm_C1p0,71,4,138,ok,,0.2318840579710145,0.2073954865888344,0.24410696830051667,0.20148268398268396
direct_binned,bins1024_auc,logreg_C0p1,71,4,138,ok,,0.2536231884057971,0.20834934937003588,0.26756432246998285,0.20966450216450214
direct_binned,bins1024_auc,xgboost_depth2,71,4,138,ok,,0.39855072463768115,0.14248704663212436,0.09963768115942029,0.25
direct_binned,bins1024_auc,svm_C1p0,72,4,138,ok,,0.3695652173913043,0.31098789455970016,0.33321953781512603,0.33481601731601734
direct_binned,bins1024_auc,logreg_C0p1,72,4,138,ok,,0.37681159420289856,0.32891717514970203,0.3797796730632551,0.3540584415584415
direct_binned,bins1024_auc,xgboost_depth2,72,4,138,ok,,0.39855072463768115,0.14248704663212436,0.09963768115942029,0.25
direct_binned,bins1024_auc,svm_C1p0,73,4,138,ok,,0.34782608695652173,0.25833763759460354,0.2998301985370951,0.2722077922077922
direct_binned,bins1024_auc,logreg_C0p1,73,4,138,ok,,0.39855072463768115,0.301844070961718,0.4599489795918367,0.3138636363636364
direct_binned,bins1024_auc,xgboost_depth2,73,4,138,ok,,0.39855072463768115,0.14248704663212436,0.09963768115942029,0.25
direct_binned,bins1024_auc,svm_C1p0,74,4,138,ok,,0.18115942028985507,0.18482399019289678,0.17600223533876064,0.21173160173160174
direct_binned,bins1024_auc,logreg_C0p1,74,4,138,ok,,0.18840579710144928,0.18735061350977772,0.19100297105616254,0.207987012987013
direct_binned,bins1024_auc,xgboost_depth2,74,4,138,ok,,0.18115942028985507,0.07668711656441718,0.04528985507246377,0.25
direct_binned,bins1024_auc,svm_C1p0,75,4,138,ok,,0.2898550724637681,0.26221322537112013,0.27861111111111114,0.26866883116883117
direct_binned,bins1024_auc,logreg_C0p1,75,4,138,ok,,0.26811594202898553,0.2517316017316017,0.2775721323011964,0.26155844155844155
direct_binned,bins1024_auc,xgboost_depth2,75,4,138,ok,,0.21739130434782608,0.08928571428571429,0.05434782608695652,0.25
direct_binned,bins1024_auc,svm_C1p0,76,4,138,ok,,0.34057971014492755,0.31466192344241123,0.3693452380952381,0.3120670995670996
direct_binned,bins1024_auc,logreg_C0p1,76,4,138,ok,,0.3333333333333333,0.29675889328063243,0.34769948519948524,0.2938961038961039
direct_binned,bins1024_auc,xgboost_depth2,76,4,138,ok,,0.39855072463768115,0.14248704663212436,0.09963768115942029,0.25
direct_binned,bins1024_auc,svm_C1p0,77,4,138,ok,,0.2753623188405797,0.16398975662779344,0.16830065359477125,0.19785714285714284
direct_binned,bins1024_auc,logreg_C0p1,77,4,138,ok,,0.18840579710144928,0.1278799291094373,0.13410312805474095,0.1433116883116883
direct_binned,bins1024_auc,xgboost_depth2,77,4,138,ok,,0.39855072463768115,0.14248704663212436,0.09963768115942029,0.25
direct_binned,bins1024_auc,svm_C1p0,78,4,138,ok,,0.3333333333333333,0.2561748867041416,0.28129307968017647,0.2742207792207792
direct_binned,bins1024_auc,logreg_C0p1,78,4,138,ok,,0.3333333333333333,0.2750564719672271,0.3396312979646313,0.29754329004329005
direct_binned,bins1024_auc,xgboost_depth2,78,4,138,ok,,0.39855072463768115,0.14248704663212436,0.09963768115942029,0.25
direct_binned,bins1024_auc,svm_C1p0,79,4,138,ok,,0.2608695652173913,0.2376132625045694,0.28848088531187127,0.293008658008658
direct_binned,bins1024_auc,logreg_C0p1,79,4,138,ok,,0.26811594202898553,0.2457083457083457,0.3116929429429429,0.2975541125541125
direct_binned,bins1024_auc,xgboost_depth2,79,4,138,ok,,0.39855072463768115,0.14248704663212436,0.09963768115942029,0.25
direct_binned,bins1024_auc,svm_C1p0,80,4,138,ok,,0.26811594202898553,0.2656465718965719,0.3050607287449393,0.29474025974025975
direct_binned,bins1024_auc,logreg_C0p1,80,4,138,ok,,0.2391304347826087,0.2347266237570086,0.27517679858561134,0.25047619047619046
direct_binned,bins1024_auc,xgboost_depth2,80,4,138,ok,,0.18115942028985507,0.07668711656441718,0.04528985507246377,0.25
direct_binned,bins1024_auc,svm_C1p0,81,4,138,ok,,0.3188405797101449,0.3091069302551023,0.38709935897435893,0.3329004329004329
direct_binned,bins1024_auc,logreg_C0p1,81,4,138,ok,,0.3333333333333333,0.3218730414540245,0.40012626262626266,0.34139610389610386
direct_binned,bins1024_auc,xgboost_depth2,81,4,138,ok,,0.18115942028985507,0.07668711656441718,0.04528985507246377,0.25
direct_binned,bins1024_auc,svm_C1p0,82,4,138,ok,,0.30434782608695654,0.2614279321036985,0.2781084656084656,0.2713311688311688
direct_binned,bins1024_auc,logreg_C0p1,82,4,138,ok,,0.34057971014492755,0.2831578947368421,0.297119942853432,0.3033982683982684
direct_binned,bins1024_auc,xgboost_depth2,82,4,138,ok,,0.18115942028985507,0.07668711656441718,0.04528985507246377,0.25
direct_binned,bins1024_auc,svm_C1p0,83,4,138,ok,,0.2028985507246377,0.17394360123273694,0.17417859917859918,0.23278138528138526
direct_binned,bins1024_auc,logreg_C0p1,83,4,138,ok,,0.18840579710144928,0.16637673589176422,0.16889003558256474,0.2173051948051948
direct_binned,bins1024_auc,xgboost_depth2,83,4,138,ok,,0.2028985507246377,0.08433734939759036,0.050724637681159424,0.25
direct_binned,bins1024_auc,svm_C1p0,84,4,138,ok,,0.36231884057971014,0.3312991709465828,0.3551845760233918,0.33365800865800865
direct_binned,bins1024_auc,logreg_C0p1,84,4,138,ok,,0.34782608695652173,0.3152994640507701,0.33000972936765477,0.3108225108225108
direct_binned,bins1024_auc,xgboost_depth2,84,4,138,ok,,0.39855072463768115,0.14248704663212436,0.09963768115942029,0.25
direct_binned,bins1024_auc,svm_C1p0,85,4,138,ok,,0.2318840579710145,0.2178362573099415,0.25703549324238983,0.2638961038961039
direct_binned,bins1024_auc,logreg_C0p1,85,4,138,ok,,0.1956521739130435,0.1913609789225553,0.1893559656717551,0.21405844155844153
direct_binned,bins1024_auc,xgboost_depth2,85,4,138,ok,,0.21739130434782608,0.08928571428571429,0.05434782608695652,0.25
direct_binned,bins1024_auc,svm_C1p0,86,4,138,ok,,0.2536231884057971,0.2184055956445008,0.2574109147025813,0.2974134199134199
direct_binned,bins1024_auc,logreg_C0p1,86,4,138,ok,,0.2608695652173913,0.22855336031380907,0.2715277777777778,0.2986255411255411
direct_binned,bins1024_auc,xgboost_depth2,86,4,138,ok,,0.18115942028985507,0.07668711656441718,0.04528985507246377,0.25
direct_binned,bins1024_auc,svm_C1p0,87,4,138,ok,,0.3333333333333333,0.3012812774363477,0.3124860014253094,0.3188311688311688
direct_binned,bins1024_auc,logreg_C0p1,87,4,138,ok,,0.3695652173913043,0.33208803392894687,0.34450638845482123,0.34046536796536797
direct_binned,bins1024_auc,xgboost_depth2,87,4,138,ok,,0.39855072463768115,0.14248704663212436,0.09963768115942029,0.25
direct_binned,bins1024_auc,svm_C1p0,88,4,138,ok,,0.21739130434782608,0.22370772963107458,0.2378472222222222,0.22343073593073592
direct_binned,bins1024_auc,logreg_C0p1,88,4,138,ok,,0.2608695652173913,0.2385132382045269,0.25929633867276886,0.23235930735930735
direct_binned,bins1024_auc,xgboost_depth2,88,4,138,ok,,0.18115942028985507,0.07668711656441718,0.04528985507246377,0.25
direct_binned,bins1024_auc,svm_C1p0,89,4,138,ok,,0.26811594202898553,0.25490159875322477,0.2934768492377188,0.2910714285714286
direct_binned,bins1024_auc,logreg_C0p1,89,4,138,ok,,0.2463768115942029,0.23642676767676768,0.2805243161094225,0.2539502164502164
direct_binned,bins1024_auc,xgboost_depth2,89,4,138,ok,,0.39855072463768115,0.14248704663212436,0.09963768115942029,0.25
direct_binned,bins1024_auc,svm_C1p0,90,4,138,ok,,0.2246376811594203,0.22395807067468754,0.2361210494931425,0.22964285714285715
direct_binned,bins1024_auc,logreg_C0p1,90,4,138,ok,,0.2391304347826087,0.24298249752323442,0.2564704798747352,0.2555519480519481
direct_binned,bins1024_auc,xgboost_depth2,90,4,138,ok,,0.39855072463768115,0.14248704663212436,0.09963768115942029,0.25
direct_binned,bins1024_auc,svm_C1p0,91,4,138,ok,,0.2898550724637681,0.2620610698085591,0.2887402452619844,0.28937229437229434
direct_binned,bins1024_auc,logreg_C0p1,91,4,138,ok,,0.30434782608695654,0.2678935468132767,0.3414196454519035,0.3049891774891775
direct_binned,bins1024_auc,xgboost_depth2,91,4,138,ok,,0.21739130434782608,0.08928571428571429,0.05434782608695652,0.25
direct_binned,bins1024_auc,svm_C1p0,92,4,138,ok,,0.2246376811594203,0.2325451218403346,0.2672301826713591,0.24293290043290044
direct_binned,bins1024_auc,logreg_C0p1,92,4,138,ok,,0.21014492753623187,0.2073877012901403,0.22491496598639454,0.22936147186147182
direct_binned,bins1024_auc,xgboost_depth2,92,4,138,ok,,0.2028985507246377,0.08433734939759036,0.050724637681159424,0.25
direct_binned,bins1024_auc,svm_C1p0,93,4,138,ok,,0.2246376811594203,0.21872215451004293,0.26353584571350686,0.23269480519480518
direct_binned,bins1024_auc,logreg_C0p1,93,4,138,ok,,0.2463768115942029,0.23771384915963228,0.29781203148425783,0.2539069264069264
direct_binned,bins1024_auc,xgboost_depth2,93,4,138,ok,,0.21739130434782608,0.08928571428571429,0.05434782608695652,0.25
direct_binned,bins1024_auc,svm_C1p0,94,4,138,ok,,0.34057971014492755,0.24227686919661295,0.25085201609591856,0.25937229437229437
direct_binned,bins1024_auc,logreg_C0p1,94,4,138,ok,,0.34782608695652173,0.236657286021519,0.24945398449234765,0.25846320346320345
direct_binned,bins1024_auc,xgboost_depth2,94,4,138,ok,,0.2028985507246377,0.08433734939759036,0.050724637681159424,0.25
direct_binned,bins1024_auc,svm_C1p0,95,4,138,ok,,0.3188405797101449,0.29220646653770305,0.3214417915111923,0.319512987012987
direct_binned,bins1024_auc,logreg_C0p1,95,4,138,ok,,0.3333333333333333,0.29419815271733296,0.3104723707664884,0.31497835497835497
direct_binned,bins1024_auc,xgboost_depth2,95,4,138,ok,,0.21739130434782608,0.08928571428571429,0.05434782608695652,0.25
direct_binned,bins1024_auc,svm_C1p0,96,4,138,ok,,0.26811594202898553,0.24725441608244572,0.31162587412587417,0.3002705627705628
direct_binned,bins1024_auc,logreg_C0p1,96,4,138,ok,,0.26811594202898553,0.25319519335737206,0.29570578231292516,0.2905735930735931
direct_binned,bins1024_auc,xgboost_depth2,96,4,138,ok,,0.39855072463768115,0.14248704663212436,0.09963768115942029,0.25
direct_binned,bins1024_auc,svm_C1p0,97,4,138,ok,,0.2463768115942029,0.2149861718965624,0.2392566782810685,0.2518831168831169
direct_binned,bins1024_auc,logreg_C0p1,97,4,138,ok,,0.2826086956521739,0.2573917164301263,0.2817860300618921,0.2970021645021645
direct_binned,bins1024_auc,xgboost_depth2,97,4,138,ok,,0.18115942028985507,0.07668711656441718,0.04528985507246377,0.25
direct_binned,bins1024_auc,svm_C1p0,98,4,138,ok,,0.2826086956521739,0.24946722811595934,0.26466698552461737,0.25142857142857145
direct_binned,bins1024_auc,logreg_C0p1,98,4,138,ok,,0.30434782608695654,0.2579060068471833,0.28541666666666665,0.2612770562770563
direct_binned,bins1024_auc,xgboost_depth2,98,4,138,ok,,0.2028985507246377,0.08433734939759036,0.050724637681159424,0.25
direct_binned,bins1024_auc,svm_C1p0,99,4,138,ok,,0.2246376811594203,0.15894160583941608,0.26525229357798163,0.26066017316017315
direct_binned,bins1024_auc,logreg_C0p1,99,4,138,ok,,0.2246376811594203,0.15942410729890194,0.273543528632903,0.25687229437229436
direct_binned,bins1024_auc,xgboost_depth2,99,4,138,ok,,0.18115942028985507,0.07668711656441718,0.04528985507246377,0.25
direct_binned,bins1024_auc,svm_C1p0,100,4,138,ok,,0.15942028985507245,0.13225597931480285,0.15863303363303363,0.18801948051948053
direct_binned,bins1024_auc,logreg_C0p1,100,4,138,ok,,0.18115942028985507,0.15136844424520762,0.1994987468671679,0.21587662337662336
direct_binned,bins1024_auc,xgboost_depth2,100,4,138,ok,,0.39855072463768115,0.14248704663212436,0.09963768115942029,0.25
direct_binned,bins2048_auc,svm_C1p0,1,4,138,ok,,0.2318840579710145,0.20026665816760159,0.21411009328987302,0.2291125541125541
direct_binned,bins2048_auc,logreg_C0p1,1,4,138,ok,,0.2608695652173913,0.24699940582293523,0.348357959245056,0.25865800865800864
direct_binned,bins2048_auc,xgboost_depth2,1,4,138,ok,,0.2028985507246377,0.08433734939759036,0.050724637681159424,0.25
direct_binned,bins2048_auc,svm_C1p0,2,4,138,ok,,0.35507246376811596,0.30688475932378373,0.37286706349206344,0.36104978354978357
direct_binned,bins2048_auc,logreg_C0p1,2,4,138,ok,,0.37681159420289856,0.3021978021978022,0.3309599156118143,0.36272727272727273
direct_binned,bins2048_auc,xgboost_depth2,2,4,138,ok,,0.21739130434782608,0.08928571428571429,0.05434782608695652,0.25
direct_binned,bins2048_auc,svm_C1p0,3,4,138,ok,,0.2318840579710145,0.20606374274805372,0.22824840419777132,0.20162337662337665
direct_binned,bins2048_auc,logreg_C0p1,3,4,138,ok,,0.2898550724637681,0.22778170069313414,0.25850520252694165,0.23419913419913418
direct_binned,bins2048_auc,xgboost_depth2,3,4,138,ok,,0.18115942028985507,0.07668711656441718,0.04528985507246377,0.25
direct_binned,bins2048_auc,svm_C1p0,4,4,138,ok,,0.3115942028985507,0.22854198458291186,0.21742679195804196,0.26606060606060605
direct_binned,bins2048_auc,logreg_C0p1,4,4,138,ok,,0.34057971014492755,0.2712527485401197,0.2841362419835378,0.3197835497835498
direct_binned,bins2048_auc,xgboost_depth2,4,4,138,ok,,0.39855072463768115,0.14248704663212436,0.09963768115942029,0.25
direct_binned,bins2048_auc,svm_C1p0,5,4,138,ok,,0.2536231884057971,0.22505585762841052,0.2776429910923582,0.27614718614718614
direct_binned,bins2048_auc,logreg_C0p1,5,4,138,ok,,0.26811594202898553,0.24431984604809964,0.3127543752543752,0.29886363636363633
direct_binned,bins2048_auc,xgboost_depth2,5,4,138,ok,,0.18115942028985507,0.07668711656441718,0.04528985507246377,0.25
direct_binned,bins2048_auc,svm_C1p0,6,4,138,ok,,0.2318840579710145,0.1894862273534244,0.2892727540368775,0.24721861471861473
direct_binned,bins2048_auc,logreg_C0p1,6,4,138,ok,,0.2318840579710145,0.19025112949598078,0.30549719887955185,0.24721861471861473
direct_binned,bins2048_auc,xgboost_depth2,6,4,138,ok,,0.21739130434782608,0.08928571428571429,0.05434782608695652,0.25
direct_binned,bins2048_auc,svm_C1p0,7,4,138,ok,,0.2971014492753623,0.28585359483620476,0.3952456298975286,0.32505411255411254
direct_binned,bins2048_auc,logreg_C0p1,7,4,138,ok,,0.30434782608695654,0.28055555555555556,0.35996310674619497,0.32295454545454544
direct_binned,bins2048_auc,xgboost_depth2,7,4,138,ok,,0.21739130434782608,0.08928571428571429,0.05434782608695652,0.25
direct_binned,bins2048_auc,svm_C1p0,8,4,138,ok,,0.08695652173913043,0.08013456450956451,0.07569361532776167,0.09935064935064936
direct_binned,bins2048_auc,logreg_C0p1,8,4,138,ok,,0.18840579710144928,0.16012590177580466,0.1472203222374221,0.18159090909090908
direct_binned,bins2048_auc,xgboost_depth2,8,4,138,ok,,0.2028985507246377,0.08433734939759036,0.050724637681159424,0.25
direct_binned,bins2048_auc,svm_C1p0,9,4,138,ok,,0.2318840579710145,0.2024361336353075,0.33653261942735624,0.27175324675324675
direct_binned,bins2048_auc,logreg_C0p1,9,4,138,ok,,0.2536231884057971,0.24228030514509036,0.3723214285714285,0.2883225108225108
direct_binned,bins2048_auc,xgboost_depth2,9,4,138,ok,,0.39855072463768115,0.14248704663212436,0.09963768115942029,0.25
direct_binned,bins2048_auc,svm_C1p0,10,4,138,ok,,0.4057971014492754,0.3021364531509121,0.3017434620174346,0.3316774891774892
direct_binned,bins2048_auc,logreg_C0p1,10,4,138,ok,,0.37681159420289856,0.2946481325620889,0.3029707806672522,0.3112337662337662
direct_binned,bins2048_auc,xgboost_depth2,10,4,138,ok,,0.39855072463768115,0.14248704663212436,0.09963768115942029,0.25
direct_binned,bins2048_auc,svm_C1p0,11,4,138,ok,,0.18840579710144928,0.18090349347286083,0.21316901408450703,0.1956926406926407
direct_binned,bins2048_auc,logreg_C0p1,11,4,138,ok,,0.2028985507246377,0.19050925925925927,0.24563253012048192,0.21676406926406927
direct_binned,bins2048_auc,xgboost_depth2,11,4,138,ok,,0.2028985507246377,0.08433734939759036,0.050724637681159424,0.25
direct_binned,bins2048_auc,svm_C1p0,12,4,138,ok,,0.15217391304347827,0.13511568469195587,0.12051820728291317,0.19380952380952382
direct_binned,bins2048_auc,logreg_C0p1,12,4,138,ok,,0.16666666666666666,0.14967291109128755,0.1392612859097127,0.21107142857142858
direct_binned,bins2048_auc,xgboost_depth2,12,4,138,ok,,0.21739130434782608,0.08928571428571429,0.05434782608695652,0.25
direct_binned,bins2048_auc,svm_C1p0,13,4,138,ok,,0.2898550724637681,0.2898401517804503,0.3511674940246369,0.31974025974025977
direct_binned,bins2048_auc,logreg_C0p1,13,4,138,ok,,0.26811594202898553,0.26623693929021797,0.34350649350649354,0.2891666666666667
direct_binned,bins2048_auc,xgboost_depth2,13,4,138,ok,,0.2028985507246377,0.08433734939759036,0.050724637681159424,0.25
direct_binned,bins2048_auc,svm_C1p0,14,4,138,ok,,0.36231884057971014,0.32617726638170486,0.36721982439049283,0.34845238095238096
direct_binned,bins2048_auc,logreg_C0p1,14,4,138,ok,,0.35507246376811596,0.306190295267043,0.34560723514211883,0.3237770562770563
direct_binned,bins2048_auc,xgboost_depth2,14,4,138,ok,,0.39855072463768115,0.14248704663212436,0.09963768115942029,0.25
direct_binned,bins2048_auc,svm_C1p0,15,4,138,ok,,0.2246376811594203,0.20198204882022633,0.2638318607068607,0.1948160173160173
direct_binned,bins2048_auc,logreg_C0p1,15,4,138,ok,,0.21014492753623187,0.20761133206785382,0.2582051282051282,0.19875541125541124
direct_binned,bins2048_auc,xgboost_depth2,15,4,138,ok,,0.39855072463768115,0.14248704663212436,0.09963768115942029,0.25
direct_binned,bins2048_auc,svm_C1p0,16,4,138,ok,,0.2391304347826087,0.23897079296135426,0.25990918803418805,0.26856060606060606
direct_binned,bins2048_auc,logreg_C0p1,16,4,138,ok,,0.1956521739130435,0.19440263619051332,0.1935207960644007,0.22566017316017317
direct_binned,bins2048_auc,xgboost_depth2,16,4,138,ok,,0.21739130434782608,0.08928571428571429,0.05434782608695652,0.25
direct_binned,bins2048_auc,svm_C1p0,17,4,138,ok,,0.30434782608695654,0.28403253473874945,0.30897143340094657,0.29693722943722944
direct_binned,bins2048_auc,logreg_C0p1,17,4,138,ok,,0.37681159420289856,0.34402930402930404,0.35954184704184705,0.3543506493506493
direct_binned,bins2048_auc,xgboost_depth2,17,4,138,ok,,0.39855072463768115,0.14248704663212436,0.09963768115942029,0.25
direct_binned,bins2048_auc,svm_C1p0,18,4,138,ok,,0.2608695652173913,0.21526422634693496,0.294775641025641,0.28405844155844157
direct_binned,bins2048_auc,logreg_C0p1,18,4,138,ok,,0.2608695652173913,0.2074050362782757,0.29044117647058826,0.2834632034632035
direct_binned,bins2048_auc,xgboost_depth2,18,4,138,ok,,0.39855072463768115,0.14248704663212436,0.09963768115942029,0.25
direct_binned,bins2048_auc,svm_C1p0,19,4,138,ok,,0.35507246376811596,0.2689691145985347,0.36645962732919257,0.31465367965367963
direct_binned,bins2048_auc,logreg_C0p1,19,4,138,ok,,0.4057971014492754,0.3142480666878845,0.4125874125874126,0.3606926406926407
direct_binned,bins2048_auc,xgboost_depth2,19,4,138,ok,,0.18115942028985507,0.07668711656441718,0.04528985507246377,0.25
direct_binned,bins2048_auc,svm_C1p0,20,4,138,ok,,0.4057971014492754,0.3626060439792344,0.39025974025974025,0.3748160173160173
direct_binned,bins2048_auc,logreg_C0p1,20,4,138,ok,,0.427536231884058,0.3817388886293077,0.4118952693647816,0.39769480519480516
direct_binned,bins2048_auc,xgboost_depth2,20,4,138,ok,,0.18115942028985507,0.07668711656441718,0.04528985507246377,0.25
direct_binned,bins2048_auc,svm_C1p0,21,4,138,ok,,0.18840579710144928,0.18451795974645063,0.20841384863123996,0.19343073593073595
direct_binned,bins2048_auc,logreg_C0p1,21,4,138,ok,,0.2028985507246377,0.20777388747262976,0.23556231003039516,0.20950216450216452
direct_binned,bins2048_auc,xgboost_depth2,21,4,138,ok,,0.21739130434782608,0.08928571428571429,0.05434782608695652,0.25
direct_binned,bins2048_auc,svm_C1p0,22,4,138,ok,,0.2536231884057971,0.2007024861423632,0.33854166666666663,0.28878787878787876
direct_binned,bins2048_auc,logreg_C0p1,22,4,138,ok,,0.2971014492753623,0.23804740859783044,0.36500449236298294,0.31606060606060604
direct_binned,bins2048_auc,xgboost_depth2,22,4,138,ok,,0.39855072463768115,0.14248704663212436,0.09963768115942029,0.25
direct_binned,bins2048_auc,svm_C1p0,23,4,138,ok,,0.2608695652173913,0.20659282933590611,0.23374474789915967,0.2588961038961039
direct_binned,bins2048_auc,logreg_C0p1,23,4,138,ok,,0.34057971014492755,0.2799409370657137,0.2785823170731707,0.30655844155844153
direct_binned,bins2048_auc,xgboost_depth2,23,4,138,ok,,0.21739130434782608,0.08928571428571429,0.05434782608695652,0.25
direct_binned,bins2048_auc,svm_C1p0,24,4,138,ok,,0.35507246376811596,0.28613573926073926,0.2982843137254902,0.3155844155844156
direct_binned,bins2048_auc,logreg_C0p1,24,4,138,ok,,0.35507246376811596,0.27968600027423557,0.2698108747044917,0.30562770562770564
direct_binned,bins2048_auc,xgboost_depth2,24,4,138,ok,,0.39855072463768115,0.14248704663212436,0.09963768115942029,0.25
direct_binned,bins2048_auc,svm_C1p0,25,4,138,ok,,0.2536231884057971,0.25282712408899116,0.27503658806179815,0.26145021645021643
direct_binned,bins2048_auc,logreg_C0p1,25,4,138,ok,,0.2463768115942029,0.24801981551743502,0.2609180035650624,0.2537121212121212
direct_binned,bins2048_auc,xgboost_depth2,25,4,138,ok,,0.39855072463768115,0.14248704663212436,0.09963768115942029,0.25
direct_binned,bins2048_auc,svm_C1p0,26,4,138,ok,,0.2898550724637681,0.2714515874061905,0.2968056592006172,0.2806277056277056
direct_binned,bins2048_auc,logreg_C0p1,26,4,138,ok,,0.35507246376811596,0.25654277699859745,0.2458950046253469,0.29047619047619044
direct_binned,bins2048_auc,xgboost_depth2,26,4,138,ok,,0.2028985507246377,0.08433734939759036,0.050724637681159424,0.25
direct_binned,bins2048_auc,svm_C1p0,27,4,138,ok,,0.2028985507246377,0.19470551378446116,0.3469474969474969,0.21314935064935064
direct_binned,bins2048_auc,logreg_C0p1,27,4,138,ok,,0.21739130434782608,0.20503246753246754,0.3106222283813747,0.21133116883116881
direct_binned,bins2048_auc,xgboost_depth2,27,4,138,ok,,0.39855072463768115,0.14248704663212436,0.09963768115942029,0.25
direct_binned,bins2048_auc,svm_C1p0,28,4,138,ok,,0.34782608695652173,0.2780008504872283,0.28770441545136327,0.3098160173160173
direct_binned,bins2048_auc,logreg_C0p1,28,4,138,ok,,0.43478260869565216,0.367257230367653,0.3677536231884058,0.40371212121212124
direct_binned,bins2048_auc,xgboost_depth2,28,4,138,ok,,0.39855072463768115,0.14248704663212436,0.09963768115942029,0.25
direct_binned,bins2048_auc,svm_C1p0,29,4,138,ok,,0.2898550724637681,0.26064344460570876,0.35749865807836817,0.29798701298701297
direct_binned,bins2048_auc,logreg_C0p1,29,4,138,ok,,0.3188405797101449,0.27871367410482617,0.4327687033676144,0.3172402597402598
direct_binned,bins2048_auc,xgboost_depth2,29,4,138,ok,,0.21739130434782608,0.08928571428571429,0.05434782608695652,0.25
direct_binned,bins2048_auc,svm_C1p0,30,4,138,ok,,0.21739130434782608,0.19474969474969475,0.23529797350051856,0.23796536796536796
direct_binned,bins2048_auc,logreg_C0p1,30,4,138,ok,,0.2536231884057971,0.24095870345870346,0.2926388888888889,0.27870129870129867
direct_binned,bins2048_auc,xgboost_depth2,30,4,138,ok,,0.18115942028985507,0.07668711656441718,0.04528985507246377,0.25
direct_binned,bins2048_auc,svm_C1p0,31,4,138,ok,,0.2463768115942029,0.22953565267395057,0.2684093045112782,0.259978354978355
direct_binned,bins2048_auc,logreg_C0p1,31,4,138,ok,,0.21014492753623187,0.21013000743707194,0.2650784057760802,0.23753246753246748
direct_binned,bins2048_auc,xgboost_depth2,31,4,138,ok,,0.2028985507246377,0.08433734939759036,0.050724637681159424,0.25
direct_binned,bins2048_auc,svm_C1p0,32,4,138,ok,,0.2971014492753623,0.273582870253431,0.34459015081203986,0.2993506493506493
direct_binned,bins2048_auc,logreg_C0p1,32,4,138,ok,,0.34782608695652173,0.3425370685551918,0.36106993584187186,0.3679004329004329
direct_binned,bins2048_auc,xgboost_depth2,32,4,138,ok,,0.21739130434782608,0.08928571428571429,0.05434782608695652,0.25
direct_binned,bins2048_auc,svm_C1p0,33,4,138,ok,,0.36231884057971014,0.3298971169495466,0.3809884876610074,0.3470887445887446
direct_binned,bins2048_auc,logreg_C0p1,33,4,138,ok,,0.3695652173913043,0.3254187860068663,0.3935880296174414,0.36528138528138526
direct_binned,bins2048_auc,xgboost_depth2,33,4,138,ok,,0.39855072463768115,0.14248704663212436,0.09963768115942029,0.25
direct_binned,bins2048_auc,svm_C1p0,34,4,138,ok,,0.2608695652173913,0.2447878928402361,0.3128869969040248,0.29853896103896105
direct_binned,bins2048_auc,logreg_C0p1,34,4,138,ok,,0.2536231884057971,0.23706348256202278,0.31068238471125886,0.28415584415584416
direct_binned,bins2048_auc,xgboost_depth2,34,4,138,ok,,0.2028985507246377,0.08433734939759036,0.050724637681159424,0.25
direct_binned,bins2048_auc,svm_C1p0,35,4,138,ok,,0.2463768115942029,0.21248335080430275,0.2411236424394319,0.24252164502164503
direct_binned,bins2048_auc,logreg_C0p1,35,4,138,ok,,0.2536231884057971,0.20882865535393513,0.23197940503432493,0.2416125541125541
direct_binned,bins2048_auc,xgboost_depth2,35,4,138,ok,,0.21739130434782608,0.08928571428571429,0.05434782608695652,0.25
direct_binned,bins2048_auc,svm_C1p0,36,4,138,ok,,0.2536231884057971,0.212476996687523,0.2401984126984127,0.24953463203463203
direct_binned,bins2048_auc,logreg_C0p1,36,4,138,ok,,0.2028985507246377,0.18632756132756134,0.17884199134199136,0.23606060606060608
direct_binned,bins2048_auc,xgboost_depth2,36,4,138,ok,,0.21739130434782608,0.08928571428571429,0.05434782608695652,0.25
direct_binned,bins2048_auc,svm_C1p0,37,4,138,ok,,0.1956521739130435,0.18890281258702307,0.279069432440219,0.23615800865800868
direct_binned,bins2048_auc,logreg_C0p1,37,4,138,ok,,0.21014492753623187,0.20255224939752992,0.26754166885745834,0.22995670995670991
direct_binned,bins2048_auc,xgboost_depth2,37,4,138,ok,,0.2028985507246377,0.08433734939759036,0.050724637681159424,0.25
direct_binned,bins2048_auc,svm_C1p0,38,4,138,ok,,0.2608695652173913,0.24790909205675907,0.30795864720652855,0.31806277056277055
direct_binned,bins2048_auc,logreg_C0p1,38,4,138,ok,,0.2536231884057971,0.24371191240503218,0.2834765485141425,0.30367965367965366
direct_binned,bins2048_auc,xgboost_depth2,38,4,138,ok,,0.2028985507246377,0.08433734939759036,0.050724637681159424,0.25
direct_binned,bins2048_auc,svm_C1p0,39,4,138,ok,,0.18840579710144928,0.12318840579710144,0.18268015170670038,0.21636363636363637
direct_binned,bins2048_auc,logreg_C0p1,39,4,138,ok,,0.2463768115942029,0.20303405572755417,0.2594258639910814,0.28136363636363637
direct_binned,bins2048_auc,xgboost_depth2,39,4,138,ok,,0.18115942028985507,0.07668711656441718,0.04528985507246377,0.25
direct_binned,bins2048_auc,svm_C1p0,40,4,138,ok,,0.2318840579710145,0.1842831545610753,0.2287660256410256,0.2649242424242424
direct_binned,bins2048_auc,logreg_C0p1,40,4,138,ok,,0.2391304347826087,0.18732030935541372,0.17911140583554377,0.27375541125541125
direct_binned,bins2048_auc,xgboost_depth2,40,4,138,ok,,0.39855072463768115,0.14248704663212436,0.09963768115942029,0.25
direct_binned,bins2048_auc,svm_C1p0,41,4,138,ok,,0.15942028985507245,0.14606965339723962,0.19920325006063544,0.1652922077922078
direct_binned,bins2048_auc,logreg_C0p1,41,4,138,ok,,0.13043478260869565,0.11520845364793884,0.1531024531024531,0.1458982683982684
direct_binned,bins2048_auc,xgboost_depth2,41,4,138,ok,,0.21739130434782608,0.08928571428571429,0.05434782608695652,0.25
direct_binned,bins2048_auc,svm_C1p0,42,4,138,ok,,0.34782608695652173,0.26539196155346984,0.2397727272727273,0.30126623376623374
direct_binned,bins2048_auc,logreg_C0p1,42,4,138,ok,,0.36231884057971014,0.2745131701574533,0.24934961255889773,0.31035714285714283
direct_binned,bins2048_auc,xgboost_depth2,42,4,138,ok,,0.2028985507246377,0.08433734939759036,0.050724637681159424,0.25
direct_binned,bins2048_auc,svm_C1p0,43,4,138,ok,,0.3115942028985507,0.15894346617238184,0.1635027885027885,0.2084848484848485
direct_binned,bins2048_auc,logreg_C0p1,43,4,138,ok,,0.3188405797101449,0.17451606658923732,0.19563922316215893,0.21741341991341992
direct_binned,bins2048_auc,xgboost_depth2,43,4,138,ok,,0.18115942028985507,0.07668711656441718,0.04528985507246377,0.25
direct_binned,bins2048_auc,svm_C1p0,44,4,138,ok,,0.36231884057971014,0.3165869424692954,0.3431818181818182,0.3429653679653679
direct_binned,bins2048_auc,logreg_C0p1,44,4,138,ok,,0.37681159420289856,0.32636151628843135,0.37099622457678716,0.35751082251082245
direct_binned,bins2048_auc,xgboost_depth2,44,4,138,ok,,0.2028985507246377,0.08433734939759036,0.050724637681159424,0.25
direct_binned,bins2048_auc,svm_C1p0,45,4,138,ok,,0.18115942028985507,0.1836917090438217,0.25354166666666667,0.19027056277056273
direct_binned,bins2048_auc,logreg_C0p1,45,4,138,ok,,0.2463768115942029,0.24213191465923323,0.2875632013811814,0.2643398268398268
direct_binned,bins2048_auc,xgboost_depth2,45,4,138,ok,,0.18115942028985507,0.07668711656441718,0.04528985507246377,0.25
direct_binned,bins2048_auc,svm_C1p0,46,4,138,ok,,0.2246376811594203,0.17750026971625849,0.21706989247311825,0.2005844155844156
direct_binned,bins2048_auc,logreg_C0p1,46,4,138,ok,,0.2246376811594203,0.16825606647153243,0.1728092631826742,0.19727272727272727
direct_binned,bins2048_auc,xgboost_depth2,46,4,138,ok,,0.18115942028985507,0.07668711656441718,0.04528985507246377,0.25
direct_binned,bins2048_auc,svm_C1p0,47,4,138,ok,,0.35507246376811596,0.2761201090514497,0.3989661654135338,0.35301948051948057
direct_binned,bins2048_auc,logreg_C0p1,47,4,138,ok,,0.34782608695652173,0.26278636791672955,0.30765192687747034,0.34954545454545455
direct_binned,bins2048_auc,xgboost_depth2,47,4,138,ok,,0.39855072463768115,0.14248704663212436,0.09963768115942029,0.25
direct_binned,bins2048_auc,svm_C1p0,48,4,138,ok,,0.35507246376811596,0.3039772727272727,0.3210595299009933,0.3133874458874459
direct_binned,bins2048_auc,logreg_C0p1,48,4,138,ok,,0.3188405797101449,0.2803255587248461,0.3053101178101178,0.29397186147186144
direct_binned,bins2048_auc,xgboost_depth2,48,4,138,ok,,0.18115942028985507,0.07668711656441718,0.04528985507246377,0.25
direct_binned,bins2048_auc,svm_C1p0,49,4,138,ok,,0.2318840579710145,0.19100298656047784,0.1611842105263158,0.2895238095238095
direct_binned,bins2048_auc,logreg_C0p1,49,4,138,ok,,0.2246376811594203,0.18485517918507607,0.15645290496669195,0.28119047619047616
direct_binned,bins2048_auc,xgboost_depth2,49,4,138,ok,,0.39855072463768115,0.14248704663212436,0.09963768115942029,0.25
direct_binned,bins2048_auc,svm_C1p0,50,4,138,ok,,0.2971014492753623,0.2665961607089752,0.3018688331188331,0.28465367965367966
direct_binned,bins2048_auc,logreg_C0p1,50,4,138,ok,,0.30434782608695654,0.29207634554815615,0.4265912132291443,0.2953679653679654
direct_binned,bins2048_auc,xgboost_depth2,50,4,138,ok,,0.18115942028985507,0.07668711656441718,0.04528985507246377,0.25
direct_binned,bins2048_auc,svm_C1p0,51,4,138,ok,,0.32608695652173914,0.2461123288744337,0.3001466275659824,0.3272619047619048
direct_binned,bins2048_auc,logreg_C0p1,51,4,138,ok,,0.37681159420289856,0.27425320056899005,0.3137250830564784,0.35848484848484846
direct_binned,bins2048_auc,xgboost_depth2,51,4,138,ok,,0.21739130434782608,0.08928571428571429,0.05434782608695652,0.25
direct_binned,bins2048_auc,svm_C1p0,52,4,138,ok,,0.2753623188405797,0.2705600850762141,0.3082875878293972,0.295974025974026
direct_binned,bins2048_auc,logreg_C0p1,52,4,138,ok,,0.30434782608695654,0.29546346266592505,0.31501584811787364,0.3109415584415584
direct_binned,bins2048_auc,xgboost_depth2,52,4,138,ok,,0.39855072463768115,0.14248704663212436,0.09963768115942029,0.25
direct_binned,bins2048_auc,svm_C1p0,53,4,138,ok,,0.2753623188405797,0.2330966304650515,0.32597054886211513,0.2757467532467533
direct_binned,bins2048_auc,logreg_C0p1,53,4,138,ok,,0.26811594202898553,0.22649054246790004,0.2936126373626374,0.2657467532467533
direct_binned,bins2048_auc,xgboost_depth2,53,4,138,ok,,0.21739130434782608,0.08928571428571429,0.05434782608695652,0.25
direct_binned,bins2048_auc,svm_C1p0,54,4,138,ok,,0.2608695652173913,0.26010550072055905,0.2727056602056602,0.27714285714285714
direct_binned,bins2048_auc,logreg_C0p1,54,4,138,ok,,0.2536231884057971,0.2512743125419182,0.27323782106068106,0.29548701298701296
direct_binned,bins2048_auc,xgboost_depth2,54,4,138,ok,,0.39855072463768115,0.14248704663212436,0.09963768115942029,0.25
direct_binned,bins2048_auc,svm_C1p0,55,4,138,ok,,0.1956521739130435,0.1545142065142065,0.20075887743413517,0.21193722943722942
direct_binned,bins2048_auc,logreg_C0p1,55,4,138,ok,,0.2028985507246377,0.1782176898940264,0.2612373737373737,0.22134199134199134
direct_binned,bins2048_auc,xgboost_depth2,55,4,138,ok,,0.18115942028985507,0.07668711656441718,0.04528985507246377,0.25
direct_binned,bins2048_auc,svm_C1p0,56,4,138,ok,,0.17391304347826086,0.14732981044456456,0.19364436443644364,0.22585497835497836
direct_binned,bins2048_auc,logreg_C0p1,56,4,138,ok,,0.1956521739130435,0.18143877979943554,0.27824312714776633,0.2422077922077922
direct_binned,bins2048_auc,xgboost_depth2,56,4,138,ok,,0.2028985507246377,0.08433734939759036,0.050724637681159424,0.25
direct_binned,bins2048_auc,svm_C1p0,57,4,138,ok,,0.34057971014492755,0.28350441945875865,0.3743934041486878,0.33254329004329003
direct_binned,bins2048_auc,logreg_C0p1,57,4,138,ok,,0.4057971014492754,0.3317024074720202,0.42820767195767195,0.3936038961038961
direct_binned,bins2048_auc,xgboost_depth2,57,4,138,ok,,0.39855072463768115,0.14248704663212436,0.09963768115942029,0.25
direct_binned,bins2048_auc,svm_C1p0,58,4,138,ok,,0.13768115942028986,0.150094788252683,0.16152597402597405,0.1507034632034632
direct_binned,bins2048_auc,logreg_C0p1,58,4,138,ok,,0.07971014492753623,0.09864702724890279,0.10220125786163521,0.10238095238095238
direct_binned,bins2048_auc,xgboost_depth2,58,4,138,ok,,0.18115942028985507,0.07668711656441718,0.04528985507246377,0.25
direct_binned,bins2048_auc,svm_C1p0,59,4,138,ok,,0.2318840579710145,0.19214191742600834,0.22755681818181817,0.20574675324675326
direct_binned,bins2048_auc,logreg_C0p1,59,4,138,ok,,0.2391304347826087,0.1793186936936937,0.22003968253968254,0.1955952380952381
direct_binned,bins2048_auc,xgboost_depth2,59,4,138,ok,,0.21739130434782608,0.08928571428571429,0.05434782608695652,0.25
direct_binned,bins2048_auc,svm_C1p0,60,4,138,ok,,0.37681159420289856,0.3028176501860712,0.31454665492957745,0.34905844155844157
direct_binned,bins2048_auc,logreg_C0p1,60,4,138,ok,,0.3695652173913043,0.29443279554235346,0.30923151869443427,0.3346753246753247
direct_binned,bins2048_auc,xgboost_depth2,60,4,138,ok,,0.39855072463768115,0.14248704663212436,0.09963768115942029,0.25
direct_binned,bins2048_auc,svm_C1p0,61,4,138,ok,,0.2246376811594203,0.2217115613368635,0.23121274860405294,0.2537987012987013
direct_binned,bins2048_auc,logreg_C0p1,61,4,138,ok,,0.2391304347826087,0.23638273491214667,0.25902850010401496,0.2541233766233766
direct_binned,bins2048_auc,xgboost_depth2,61,4,138,ok,,0.21739130434782608,0.08928571428571429,0.05434782608695652,0.25
direct_binned,bins2048_auc,svm_C1p0,62,4,138,ok,,0.2391304347826087,0.21295591425517185,0.24550116550116552,0.2719155844155844
direct_binned,bins2048_auc,logreg_C0p1,62,4,138,ok,,0.2608695652173913,0.2461458352967787,0.2696428571428572,0.2963203463203463
direct_binned,bins2048_auc,xgboost_depth2,62,4,138,ok,,0.18115942028985507,0.07668711656441718,0.04528985507246377,0.25
direct_binned,bins2048_auc,svm_C1p0,63,4,138,ok,,0.2028985507246377,0.1801624215577704,0.22739926739926739,0.24498917748917748
direct_binned,bins2048_auc,logreg_C0p1,63,4,138,ok,,0.21739130434782608,0.19324823968185428,0.2489996114996115,0.2786147186147186
direct_binned,bins2048_auc,xgboost_depth2,63,4,138,ok,,0.21739130434782608,0.08928571428571429,0.05434782608695652,0.25
direct_binned,bins2048_auc,svm_C1p0,64,4,138,ok,,0.3695652173913043,0.28387743784749225,0.30987762237762234,0.29663419913419914
direct_binned,bins2048_auc,logreg_C0p1,64,4,138,ok,,0.36231884057971014,0.28850426766296094,0.29919721511793124,0.29647186147186144
direct_binned,bins2048_auc,xgboost_depth2,64,4,138,ok,,0.2028985507246377,0.08433734939759036,0.050724637681159424,0.25
direct_binned,bins2048_auc,svm_C1p0,65,4,138,ok,,0.34057971014492755,0.26600868267534933,0.24941029043196225,0.29893939393939395
direct_binned,bins2048_auc,logreg_C0p1,65,4,138,ok,,0.3695652173913043,0.30703164759973384,0.3648610161768056,0.3366558441558442
direct_binned,bins2048_auc,xgboost_depth2,65,4,138,ok,,0.18115942028985507,0.07668711656441718,0.04528985507246377,0.25
direct_binned,bins2048_auc,svm_C1p0,66,4,138,ok,,0.4057971014492754,0.3012735326688815,0.28555555555555556,0.3684090909090909
direct_binned,bins2048_auc,logreg_C0p1,66,4,138,ok,,0.4057971014492754,0.3012735326688815,0.28555555555555556,0.3684090909090909
direct_binned,bins2048_auc,xgboost_depth2,66,4,138,ok,,0.18115942028985507,0.07668711656441718,0.04528985507246377,0.25
direct_binned,bins2048_auc,svm_C1p0,67,4,138,ok,,0.1956521739130435,0.18954800101858926,0.21668676449725438,0.20245670995670995
direct_binned,bins2048_auc,logreg_C0p1,67,4,138,ok,,0.2318840579710145,0.23321995012026164,0.34459036898061285,0.24642857142857144
direct_binned,bins2048_auc,xgboost_depth2,67,4,138,ok,,0.21739130434782608,0.08928571428571429,0.05434782608695652,0.25
direct_binned,bins2048_auc,svm_C1p0,68,4,138,ok,,0.17391304347826086,0.11035714285714285,0.3246428571428572,0.21311688311688312
direct_binned,bins2048_auc,logreg_C0p1,68,4,138,ok,,0.17391304347826086,0.11023849339066731,0.32323232323232326,0.21311688311688312
direct_binned,bins2048_auc,xgboost_depth2,68,4,138,ok,,0.2028985507246377,0.08433734939759036,0.050724637681159424,0.25
direct_binned,bins2048_auc,svm_C1p0,69,4,138,ok,,0.1956521739130435,0.1961901377327174,0.22383667037449018,0.19297619047619047
direct_binned,bins2048_auc,logreg_C0p1,69,4,138,ok,,0.2246376811594203,0.22692657135655708,0.25342190016103056,0.22904761904761906
direct_binned,bins2048_auc,xgboost_depth2,69,4,138,ok,,0.39855072463768115,0.14248704663212436,0.09963768115942029,0.25
direct_binned,bins2048_auc,svm_C1p0,70,4,138,ok,,0.35507246376811596,0.3101911429767851,0.3589808558558558,0.358452380952381
direct_binned,bins2048_auc,logreg_C0p1,70,4,138,ok,,0.38405797101449274,0.3146203466735902,0.36184397342933927,0.36846320346320344
direct_binned,bins2048_auc,xgboost_depth2,70,4,138,ok,,0.2028985507246377,0.08433734939759036,0.050724637681159424,0.25
direct_binned,bins2048_auc,svm_C1p0,71,4,138,ok,,0.2246376811594203,0.20286397345823576,0.23989077769565575,0.19693722943722944
direct_binned,bins2048_auc,logreg_C0p1,71,4,138,ok,,0.2463768115942029,0.20507646559048429,0.26595441595441593,0.20511904761904762
direct_binned,bins2048_auc,xgboost_depth2,71,4,138,ok,,0.39855072463768115,0.14248704663212436,0.09963768115942029,0.25
direct_binned,bins2048_auc,svm_C1p0,72,4,138,ok,,0.3695652173913043,0.31103633563202293,0.3222232972136223,0.33481601731601734
direct_binned,bins2048_auc,logreg_C0p1,72,4,138,ok,,0.391304347826087,0.3319290952200922,0.3767090467671863,0.36967532467532466
direct_binned,bins2048_auc,xgboost_depth2,72,4,138,ok,,0.39855072463768115,0.14248704663212436,0.09963768115942029,0.25
direct_binned,bins2048_auc,svm_C1p0,73,4,138,ok,,0.34782608695652173,0.25833763759460354,0.2998301985370951,0.2722077922077922
direct_binned,bins2048_auc,logreg_C0p1,73,4,138,ok,,0.39855072463768115,0.3017899584076055,0.4372637944066516,0.3138636363636364
direct_binned,bins2048_auc,xgboost_depth2,73,4,138,ok,,0.39855072463768115,0.14248704663212436,0.09963768115942029,0.25
direct_binned,bins2048_auc,svm_C1p0,74,4,138,ok,,0.1956521739130435,0.1989466702424603,0.1891154188948307,0.2283982683982684
direct_binned,bins2048_auc,logreg_C0p1,74,4,138,ok,,0.2028985507246377,0.19948632209647157,0.20184857934857933,0.22465367965367966
direct_binned,bins2048_auc,xgboost_depth2,74,4,138,ok,,0.18115942028985507,0.07668711656441718,0.04528985507246377,0.25
direct_binned,bins2048_auc,svm_C1p0,75,4,138,ok,,0.2971014492753623,0.2687837381916329,0.28565124489037536,0.27759740259740256
direct_binned,bins2048_auc,logreg_C0p1,75,4,138,ok,,0.2608695652173913,0.24341322519288622,0.27066937119675455,0.25155844155844154
direct_binned,bins2048_auc,xgboost_depth2,75,4,138,ok,,0.21739130434782608,0.08928571428571429,0.05434782608695652,0.25
direct_binned,bins2048_auc,svm_C1p0,76,4,138,ok,,0.34057971014492755,0.31454992724851416,0.3700490669240669,0.3120670995670996
direct_binned,bins2048_auc,logreg_C0p1,76,4,138,ok,,0.34782608695652173,0.31165969289069595,0.36198623680241326,0.30737012987012985
direct_binned,bins2048_auc,xgboost_depth2,76,4,138,ok,,0.39855072463768115,0.14248704663212436,0.09963768115942029,0.25
direct_binned,bins2048_auc,svm_C1p0,77,4,138,ok,,0.2753623188405797,0.16413152282717497,0.16738058151609553,0.19785714285714284
direct_binned,bins2048_auc,logreg_C0p1,77,4,138,ok,,0.1956521739130435,0.1310327105629119,0.13663563829787234,0.14785714285714285
direct_binned,bins2048_auc,xgboost_depth2,77,4,138,ok,,0.39855072463768115,0.14248704663212436,0.09963768115942029,0.25
direct_binned,bins2048_auc,svm_C1p0,78,4,138,ok,,0.34782608695652173,0.2685364609892912,0.29492207139265963,0.29088744588744586
direct_binned,bins2048_auc,logreg_C0p1,78,4,138,ok,,0.32608695652173914,0.27045335971267376,0.3333094213295074,0.2967857142857143
direct_binned,bins2048_auc,xgboost_depth2,78,4,138,ok,,0.39855072463768115,0.14248704663212436,0.09963768115942029,0.25
direct_binned,bins2048_auc,svm_C1p0,79,4,138,ok,,0.2608695652173913,0.2376132625045694,0.28848088531187127,0.293008658008658
direct_binned,bins2048_auc,logreg_C0p1,79,4,138,ok,,0.26811594202898553,0.24511904219274655,0.3093676912796525,0.2975541125541125
direct_binned,bins2048_auc,xgboost_depth2,79,4,138,ok,,0.39855072463768115,0.14248704663212436,0.09963768115942029,0.25
direct_binned,bins2048_auc,svm_C1p0,80,4,138,ok,,0.26811594202898553,0.2657718324384991,0.30647556390977443,0.29474025974025975
direct_binned,bins2048_auc,logreg_C0p1,80,4,138,ok,,0.2463768115942029,0.24360179937479348,0.286302294197031,0.2588095238095238
direct_binned,bins2048_auc,xgboost_depth2,80,4,138,ok,,0.18115942028985507,0.07668711656441718,0.04528985507246377,0.25
direct_binned,bins2048_auc,svm_C1p0,81,4,138,ok,,0.3188405797101449,0.3092199785055716,0.38734455403087475,0.3329004329004329
direct_binned,bins2048_auc,logreg_C0p1,81,4,138,ok,,0.3333333333333333,0.3217616431723295,0.3987749169435216,0.34139610389610386
direct_binned,bins2048_auc,xgboost_depth2,81,4,138,ok,,0.18115942028985507,0.07668711656441718,0.04528985507246377,0.25
direct_binned,bins2048_auc,svm_C1p0,82,4,138,ok,,0.3188405797101449,0.2798664703096786,0.3081069393569394,0.28859307359307357
direct_binned,bins2048_auc,logreg_C0p1,82,4,138,ok,,0.3333333333333333,0.27636238779614464,0.2907806882383153,0.29506493506493503
direct_binned,bins2048_auc,xgboost_depth2,82,4,138,ok,,0.18115942028985507,0.07668711656441718,0.04528985507246377,0.25
direct_binned,bins2048_auc,svm_C1p0,83,4,138,ok,,0.2028985507246377,0.17394360123273694,0.17417859917859918,0.23278138528138526
direct_binned,bins2048_auc,logreg_C0p1,83,4,138,ok,,0.1956521739130435,0.1732706501984348,0.17367909867909867,0.22623376623376623
direct_binned,bins2048_auc,xgboost_depth2,83,4,138,ok,,0.2028985507246377,0.08433734939759036,0.050724637681159424,0.25
direct_binned,bins2048_auc,svm_C1p0,84,4,138,ok,,0.36231884057971014,0.3312991709465828,0.3551845760233918,0.33365800865800865
direct_binned,bins2048_auc,logreg_C0p1,84,4,138,ok,,0.34782608695652173,0.3149975738883124,0.32885265632610244,0.3108225108225108
direct_binned,bins2048_auc,xgboost_depth2,84,4,138,ok,,0.39855072463768115,0.14248704663212436,0.09963768115942029,0.25
direct_binned,bins2048_auc,svm_C1p0,85,4,138,ok,,0.2391304347826087,0.2259755960413855,0.26253494874184535,0.2684415584415584
direct_binned,bins2048_auc,logreg_C0p1,85,4,138,ok,,0.18840579710144928,0.18610556110556112,0.18318602693602692,0.2057251082251082
direct_binned,bins2048_auc,xgboost_depth2,85,4,138,ok,,0.21739130434782608,0.08928571428571429,0.05434782608695652,0.25
direct_binned,bins2048_auc,svm_C1p0,86,4,138,ok,,0.2536231884057971,0.21816624843639393,0.2559934017595308,0.2974134199134199
direct_binned,bins2048_auc,logreg_C0p1,86,4,138,ok,,0.2608695652173913,0.22855336031380907,0.2715277777777778,0.2986255411255411
direct_binned,bins2048_auc,xgboost_depth2,86,4,138,ok,,0.18115942028985507,0.07668711656441718,0.04528985507246377,0.25
direct_binned,bins2048_auc,svm_C1p0,87,4,138,ok,,0.3333333333333333,0.30086895399535474,0.31308384597858285,0.3188311688311688
direct_binned,bins2048_auc,logreg_C0p1,87,4,138,ok,,0.3695652173913043,0.33114469416458564,0.34570223438212494,0.33879870129870127
direct_binned,bins2048_auc,xgboost_depth2,87,4,138,ok,,0.39855072463768115,0.14248704663212436,0.09963768115942029,0.25
direct_binned,bins2048_auc,svm_C1p0,88,4,138,ok,,0.2246376811594203,0.22981898442653992,0.24288596367400717,0.23176406926406928
direct_binned,bins2048_auc,logreg_C0p1,88,4,138,ok,,0.2608695652173913,0.2385132382045269,0.25929633867276886,0.23235930735930735
direct_binned,bins2048_auc,xgboost_depth2,88,4,138,ok,,0.18115942028985507,0.07668711656441718,0.04528985507246377,0.25
direct_binned,bins2048_auc,svm_C1p0,89,4,138,ok,,0.2608695652173913,0.2482520325203252,0.28823984526112184,0.2810714285714286
direct_binned,bins2048_auc,logreg_C0p1,89,4,138,ok,,0.2536231884057971,0.241687123851758,0.28207671957671954,0.258495670995671
direct_binned,bins2048_auc,xgboost_depth2,89,4,138,ok,,0.39855072463768115,0.14248704663212436,0.09963768115942029,0.25
direct_binned,bins2048_auc,svm_C1p0,90,4,138,ok,,0.2318840579710145,0.2334013128545026,0.2447617752391314,0.23964285714285716
direct_binned,bins2048_auc,logreg_C0p1,90,4,138,ok,,0.2391304347826087,0.2425010948679187,0.25586659275683665,0.2555519480519481
direct_binned,bins2048_auc,xgboost_depth2,90,4,138,ok,,0.39855072463768115,0.14248704663212436,0.09963768115942029,0.25
direct_binned,bins2048_auc,svm_C1p0,91,4,138,ok,,0.2898550724637681,0.26141588710956076,0.2838203463203463,0.28937229437229434
direct_binned,bins2048_auc,logreg_C0p1,91,4,138,ok,,0.30434782608695654,0.26570750192619147,0.3777696318018898,0.3049891774891775
direct_binned,bins2048_auc,xgboost_depth2,91,4,138,ok,,0.21739130434782608,0.08928571428571429,0.05434782608695652,0.25
direct_binned,bins2048_auc,svm_C1p0,92,4,138,ok,,0.2246376811594203,0.23357017004359687,0.2695996458784182,0.24293290043290044
direct_binned,bins2048_auc,logreg_C0p1,92,4,138,ok,,0.21014492753623187,0.2090447154471545,0.22670857511283043,0.22936147186147182
direct_binned,bins2048_auc,xgboost_depth2,92,4,138,ok,,0.2028985507246377,0.08433734939759036,0.050724637681159424,0.25
direct_binned,bins2048_auc,svm_C1p0,93,4,138,ok,,0.2318840579710145,0.22631486160897926,0.2746212121212121,0.24269480519480519
direct_binned,bins2048_auc,logreg_C0p1,93,4,138,ok,,0.2391304347826087,0.23234873234873235,0.29408452102834265,0.24557359307359306
direct_binned,bins2048_auc,xgboost_depth2,93,4,138,ok,,0.21739130434782608,0.08928571428571429,0.05434782608695652,0.25
direct_binned,bins2048_auc,svm_C1p0,94,4,138,ok,,0.34057971014492755,0.24227686919661295,0.25085201609591856,0.25937229437229437
direct_binned,bins2048_auc,logreg_C0p1,94,4,138,ok,,0.34782608695652173,0.236657286021519,0.24945398449234765,0.25846320346320345
direct_binned,bins2048_auc,xgboost_depth2,94,4,138,ok,,0.2028985507246377,0.08433734939759036,0.050724637681159424,0.25
direct_binned,bins2048_auc,svm_C1p0,95,4,138,ok,,0.3188405797101449,0.2922999148573861,0.3226191825860212,0.319512987012987
direct_binned,bins2048_auc,logreg_C0p1,95,4,138,ok,,0.34057971014492755,0.30021300809424634,0.3162834578275755,0.3239069264069264
direct_binned,bins2048_auc,xgboost_depth2,95,4,138,ok,,0.21739130434782608,0.08928571428571429,0.05434782608695652,0.25
direct_binned,bins2048_auc,svm_C1p0,96,4,138,ok,,0.26811594202898553,0.2474439517122444,0.312041430089964,0.3002705627705628
direct_binned,bins2048_auc,logreg_C0p1,96,4,138,ok,,0.2753623188405797,0.2594059478098633,0.3006522616415763,0.2989069264069264
direct_binned,bins2048_auc,xgboost_depth2,96,4,138,ok,,0.39855072463768115,0.14248704663212436,0.09963768115942029,0.25
direct_binned,bins2048_auc,svm_C1p0,97,4,138,ok,,0.2463768115942029,0.2149861718965624,0.2392566782810685,0.2518831168831169
direct_binned,bins2048_auc,logreg_C0p1,97,4,138,ok,,0.2826086956521739,0.25803030303030305,0.29098495964783566,0.2975974025974026
direct_binned,bins2048_auc,xgboost_depth2,97,4,138,ok,,0.18115942028985507,0.07668711656441718,0.04528985507246377,0.25
direct_binned,bins2048_auc,svm_C1p0,98,4,138,ok,,0.2971014492753623,0.2614580314884575,0.275882711038961,0.26490259740259736
direct_binned,bins2048_auc,logreg_C0p1,98,4,138,ok,,0.30434782608695654,0.2579060068471833,0.28541666666666665,0.2612770562770563
direct_binned,bins2048_auc,xgboost_depth2,98,4,138,ok,,0.2028985507246377,0.08433734939759036,0.050724637681159424,0.25
direct_binned,bins2048_auc,svm_C1p0,99,4,138,ok,,0.21014492753623187,0.14195402298850573,0.1981060606060606,0.25156926406926405
direct_binned,bins2048_auc,logreg_C0p1,99,4,138,ok,,0.2246376811594203,0.15942410729890194,0.273543528632903,0.25687229437229436
direct_binned,bins2048_auc,xgboost_depth2,99,4,138,ok,,0.18115942028985507,0.07668711656441718,0.04528985507246377,0.25
direct_binned,bins2048_auc,svm_C1p0,100,4,138,ok,,0.15942028985507245,0.13225597931480285,0.15863303363303363,0.18801948051948053
direct_binned,bins2048_auc,logreg_C0p1,100,4,138,ok,,0.18115942028985507,0.15156125392721997,0.19975674480318442,0.21587662337662336
direct_binned,bins2048_auc,xgboost_depth2,100,4,138,ok,,0.39855072463768115,0.14248704663212436,0.09963768115942029,0.25
