feature_group,feature_name,classifier,episode,n_train,n_test,status,error,accuracy,macro_f1,macro_precision,macro_recall
foundation_backbone,mae_flatten,svm_C1p0,1,32,110,ok,,0.37272727272727274,0.3121273875874645,0.3217770034843206,0.3130715148378192
foundation_backbone,mae_flatten,logreg_C0p1,1,32,110,ok,,0.37272727272727274,0.2838069242254573,0.2843592677345538,0.28392425810904076
foundation_backbone,mae_flatten,xgboost_depth2,1,32,110,ok,,0.43636363636363634,0.33985373854250644,0.34534559643255297,0.33877889924085575
foundation_backbone,mae_flatten,svm_C1p0,2,32,110,ok,,0.39090909090909093,0.3291908610587989,0.35237989652623797,0.34236973775017254
foundation_backbone,mae_flatten,logreg_C0p1,2,32,110,ok,,0.41818181818181815,0.3560218052738337,0.38493243243243247,0.3733717218771566
foundation_backbone,mae_flatten,xgboost_depth2,2,32,110,ok,,0.38181818181818183,0.32280177002737453,0.35081464725937583,0.34282263630089715
foundation_backbone,mae_flatten,svm_C1p0,3,32,110,ok,,0.4727272727272727,0.3961072332950224,0.39794685990338163,0.3946148205659075
foundation_backbone,mae_flatten,logreg_C0p1,3,32,110,ok,,0.43636363636363634,0.34778637996426964,0.3530482456140351,0.34547532781228435
foundation_backbone,mae_flatten,xgboost_depth2,3,32,110,ok,,0.36363636363636365,0.3201377862872679,0.3253979891076665,0.32740251897860595
foundation_backbone,mae_flatten,svm_C1p0,4,32,110,ok,,0.5,0.44274981333997016,0.4515384615384616,0.43835188060731534
foundation_backbone,mae_flatten,logreg_C0p1,4,32,110,ok,,0.509090909090909,0.4443735856172995,0.4514455782312925,0.44157608695652173
foundation_backbone,mae_flatten,xgboost_depth2,4,32,110,ok,,0.4818181818181818,0.39339402427637726,0.39623015873015877,0.39718124568668045
foundation_backbone,mae_flatten,svm_C1p0,5,32,110,ok,,0.41818181818181815,0.3414282435740514,0.3490684938685672,0.33873576604554867
foundation_backbone,mae_flatten,logreg_C0p1,5,32,110,ok,,0.43636363636363634,0.3744303158501995,0.39813348416289596,0.3759381469979296
foundation_backbone,mae_flatten,xgboost_depth2,5,32,110,ok,,0.4818181818181818,0.4272970085470086,0.4341133004926108,0.4333052967563837
foundation_backbone,mae_flatten,svm_C1p0,6,32,110,ok,,0.42727272727272725,0.3778963414634146,0.37680124223602485,0.38329235679779156
foundation_backbone,mae_flatten,logreg_C0p1,6,32,110,ok,,0.35454545454545455,0.3315345528455284,0.33771538918597743,0.33699965493443756
foundation_backbone,mae_flatten,xgboost_depth2,6,32,110,ok,,0.4,0.38364668652271033,0.39508815711540957,0.39172489648033126
foundation_backbone,mae_flatten,svm_C1p0,7,32,110,ok,,0.39090909090909093,0.2880552494064363,0.2797514619883041,0.30357142857142855
foundation_backbone,mae_flatten,logreg_C0p1,7,32,110,ok,,0.39090909090909093,0.335036184745487,0.34464838567005746,0.3399003623188405
foundation_backbone,mae_flatten,xgboost_depth2,7,32,110,ok,,0.34545454545454546,0.2827404287943625,0.29973166845964966,0.2717822636300897
foundation_backbone,mae_flatten,svm_C1p0,8,32,110,ok,,0.3181818181818182,0.29223324101372883,0.30694522868435914,0.3019108005521049
foundation_backbone,mae_flatten,logreg_C0p1,8,32,110,ok,,0.3181818181818182,0.3020901721559616,0.31912280701754386,0.3055016390614217
foundation_backbone,mae_flatten,xgboost_depth2,8,32,110,ok,,0.32727272727272727,0.3149533462033462,0.3341912716912717,0.32608695652173914
foundation_backbone,mae_flatten,svm_C1p0,9,32,110,ok,,0.41818181818181815,0.3596696057565623,0.37384142231209977,0.3697808833678399
foundation_backbone,mae_flatten,logreg_C0p1,9,32,110,ok,,0.34545454545454546,0.3169746527057848,0.33597900853889945,0.3154654071773637
foundation_backbone,mae_flatten,xgboost_depth2,9,32,110,ok,,0.39090909090909093,0.351163936931659,0.36176138676138675,0.3528295376121463
foundation_backbone,mae_flatten,svm_C1p0,10,32,110,ok,,0.35454545454545455,0.32720321169688255,0.34772296015180265,0.3273701690821256
foundation_backbone,mae_flatten,logreg_C0p1,10,32,110,ok,,0.35454545454545455,0.31772083576904103,0.3292110996445362,0.31868961352657005
foundation_backbone,mae_flatten,xgboost_depth2,10,32,110,ok,,0.41818181818181815,0.3395962022420499,0.3464285714285714,0.3371290545203588
foundation_backbone,mae_flatten,svm_C1p0,11,32,110,ok,,0.4090909090909091,0.3467327994231268,0.35847587195413283,0.34381469979296064
foundation_backbone,mae_flatten,logreg_C0p1,11,32,110,ok,,0.42727272727272725,0.3763076560193157,0.38989837398373983,0.3685731538992409
foundation_backbone,mae_flatten,xgboost_depth2,11,32,110,ok,,0.43636363636363634,0.3658914958914959,0.36304909560723514,0.37473041752933056
foundation_backbone,mae_flatten,svm_C1p0,12,32,110,ok,,0.39090909090909093,0.33509033606363975,0.3572802197802198,0.35915933402346445
foundation_backbone,mae_flatten,logreg_C0p1,12,32,110,ok,,0.39090909090909093,0.3510315912772345,0.3566729323308271,0.35943969979296064
foundation_backbone,mae_flatten,xgboost_depth2,12,32,110,ok,,0.33636363636363636,0.2956543831742665,0.3062994239464828,0.31479684265010355
foundation_backbone,mae_flatten,svm_C1p0,13,32,110,ok,,0.32727272727272727,0.28494138590839735,0.28750000000000003,0.28694358178053825
foundation_backbone,mae_flatten,logreg_C0p1,13,32,110,ok,,0.3181818181818182,0.27083333333333337,0.28208786231884053,0.26540933402346445
foundation_backbone,mae_flatten,xgboost_depth2,13,32,110,ok,,0.34545454545454546,0.3136632077675086,0.3196092831962397,0.31848473084886125
foundation_backbone,mae_flatten,svm_C1p0,14,32,110,ok,,0.4,0.332641317016317,0.3451440092165899,0.328319099378882
foundation_backbone,mae_flatten,logreg_C0p1,14,32,110,ok,,0.41818181818181815,0.35410863841883355,0.36844561688311683,0.34741632160110425
foundation_backbone,mae_flatten,xgboost_depth2,14,32,110,ok,,0.45454545454545453,0.3875168690958165,0.4177345261121857,0.3832492236024845
foundation_backbone,mae_flatten,svm_C1p0,15,32,110,ok,,0.32727272727272727,0.33574203574203576,0.38423750581009847,0.3627933057280883
foundation_backbone,mae_flatten,logreg_C0p1,15,32,110,ok,,0.2727272727272727,0.27780267463366054,0.3581730769230769,0.30446644237405107
foundation_backbone,mae_flatten,xgboost_depth2,15,32,110,ok,,0.3,0.2962330813394643,0.3372675794455714,0.32773680124223603
foundation_backbone,mae_flatten,svm_C1p0,16,32,110,ok,,0.39090909090909093,0.30751594896331735,0.30931805782869615,0.31472135955831604
foundation_backbone,mae_flatten,logreg_C0p1,16,32,110,ok,,0.4090909090909091,0.3056904485025985,0.30625,0.30579278812974464
foundation_backbone,mae_flatten,xgboost_depth2,16,32,110,ok,,0.44545454545454544,0.33038179039731835,0.32989575387744724,0.3313384230503796
foundation_backbone,mae_flatten,svm_C1p0,17,32,110,ok,,0.39090909090909093,0.3031926406926407,0.3055555555555555,0.31207945134575577
foundation_backbone,mae_flatten,logreg_C0p1,17,32,110,ok,,0.37272727272727274,0.31732749635188656,0.31984126984126987,0.31769755003450656
foundation_backbone,mae_flatten,xgboost_depth2,17,32,110,ok,,0.4,0.32178762569899444,0.3269306540583136,0.31898076259489305
foundation_backbone,mae_flatten,svm_C1p0,18,32,110,ok,,0.42727272727272725,0.3726190476190476,0.3866077441077441,0.36895056935817805
foundation_backbone,mae_flatten,logreg_C0p1,18,32,110,ok,,0.4090909090909091,0.35754460372299285,0.3835294117647059,0.3549430641821947
foundation_backbone,mae_flatten,xgboost_depth2,18,32,110,ok,,0.39090909090909093,0.33566867359970814,0.349504662004662,0.33650362318840576
foundation_backbone,mae_flatten,svm_C1p0,19,32,110,ok,,0.45454545454545453,0.38474422402993835,0.39112999403697074,0.38721747757073843
foundation_backbone,mae_flatten,logreg_C0p1,19,32,110,ok,,0.42727272727272725,0.38436400201106086,0.39062276562276566,0.3930081090407177
foundation_backbone,mae_flatten,xgboost_depth2,19,32,110,ok,,0.4090909090909091,0.3509577937362515,0.36516699378341316,0.34786922015182886
foundation_backbone,mae_flatten,svm_C1p0,20,32,110,ok,,0.4636363636363636,0.35036252645588223,0.34255485893416926,0.3633648205659075
foundation_backbone,mae_flatten,logreg_C0p1,20,32,110,ok,,0.44545454545454544,0.36329341017674754,0.3657255864702673,0.36464803312629396
foundation_backbone,mae_flatten,xgboost_depth2,20,32,110,ok,,0.509090909090909,0.3868140273916502,0.38611239950525666,0.40271307798481704
foundation_backbone,mae_flatten,svm_C1p0,21,32,110,ok,,0.2909090909090909,0.24822131479233345,0.2751736111111111,0.24817762249827469
foundation_backbone,mae_flatten,logreg_C0p1,21,32,110,ok,,0.3090909090909091,0.27113922170131494,0.30208623007044866,0.2709519496204279
foundation_backbone,mae_flatten,xgboost_depth2,21,32,110,ok,,0.4,0.36826923076923074,0.4048681541582151,0.3717218771566598
foundation_backbone,mae_flatten,svm_C1p0,22,32,110,ok,,0.2818181818181818,0.24626093992291176,0.29198027036901714,0.25552104899930983
foundation_backbone,mae_flatten,logreg_C0p1,22,32,110,ok,,0.32727272727272727,0.2971467982170037,0.338846251266464,0.30363612836438925
foundation_backbone,mae_flatten,xgboost_depth2,22,32,110,ok,,0.42727272727272725,0.34972269110200144,0.36030028998778996,0.34857013457556935
foundation_backbone,mae_flatten,svm_C1p0,23,32,110,ok,,0.44545454545454544,0.3303726541876171,0.3304414335664336,0.3443646480331263
foundation_backbone,mae_flatten,logreg_C0p1,23,32,110,ok,,0.5181818181818182,0.41196171368715356,0.4164351851851852,0.4144237405106971
foundation_backbone,mae_flatten,xgboost_depth2,23,32,110,ok,,0.4818181818181818,0.36042240027338246,0.3579972658920027,0.3699102829537612
foundation_backbone,mae_flatten,svm_C1p0,24,32,110,ok,,0.3181818181818182,0.27029292157560214,0.2828033625730994,0.2715342477570738
foundation_backbone,mae_flatten,logreg_C0p1,24,32,110,ok,,0.33636363636363636,0.30427977975298065,0.32608229347359785,0.29893461007591443
foundation_backbone,mae_flatten,xgboost_depth2,24,32,110,ok,,0.35454545454545455,0.32470268542199493,0.35615079365079366,0.32624870600414074
foundation_backbone,mae_flatten,svm_C1p0,25,32,110,ok,,0.43636363636363634,0.38068033351545244,0.3859847866873317,0.38387465493443756
foundation_backbone,mae_flatten,logreg_C0p1,25,32,110,ok,,0.4636363636363636,0.3831401636252373,0.38137430619796486,0.38874870600414074
foundation_backbone,mae_flatten,xgboost_depth2,25,32,110,ok,,0.4818181818181818,0.37754188880426504,0.38156257357145257,0.37924861973775015
foundation_backbone,mae_flatten,svm_C1p0,26,32,110,ok,,0.4909090909090909,0.4037080368199428,0.4066704193639178,0.40540890269151136
foundation_backbone,mae_flatten,logreg_C0p1,26,32,110,ok,,0.509090909090909,0.4263191763191763,0.4290847310584152,0.43280926501035194
foundation_backbone,mae_flatten,xgboost_depth2,26,32,110,ok,,0.5272727272727272,0.4407610407610408,0.4416064671482628,0.44124180469289165
foundation_backbone,mae_flatten,svm_C1p0,27,32,110,ok,,0.44545454545454544,0.37892195573204573,0.38234822481103947,0.3784183057280883
foundation_backbone,mae_flatten,logreg_C0p1,27,32,110,ok,,0.4,0.33963091506194953,0.3476190476190476,0.3464242581090407
foundation_backbone,mae_flatten,xgboost_depth2,27,32,110,ok,,0.41818181818181815,0.37395308668355776,0.3884915329768271,0.37552838164251207
foundation_backbone,mae_flatten,svm_C1p0,28,32,110,ok,,0.43636363636363634,0.3659686200934407,0.37006704980842914,0.3645294168391995
foundation_backbone,mae_flatten,logreg_C0p1,28,32,110,ok,,0.34545454545454546,0.28892635761502844,0.3048552754435107,0.28735334713595584
foundation_backbone,mae_flatten,xgboost_depth2,28,32,110,ok,,0.43636363636363634,0.34108008645364796,0.3378409710856519,0.35170807453416153
foundation_backbone,mae_flatten,svm_C1p0,29,32,110,ok,,0.4090909090909091,0.33656897061652746,0.3435451088381852,0.34353433402346445
foundation_backbone,mae_flatten,logreg_C0p1,29,32,110,ok,,0.39090909090909093,0.3164641730818202,0.32226541733120684,0.3294405624568668
foundation_backbone,mae_flatten,xgboost_depth2,29,32,110,ok,,0.37272727272727274,0.3226907031254857,0.3417867172872894,0.336007591442374
foundation_backbone,mae_flatten,svm_C1p0,30,32,110,ok,,0.4,0.29359722909450764,0.27634615384615385,0.31521739130434784
foundation_backbone,mae_flatten,logreg_C0p1,30,32,110,ok,,0.39090909090909093,0.27745619524405507,0.26167929292929293,0.29566727053140096
foundation_backbone,mae_flatten,xgboost_depth2,30,32,110,ok,,0.43636363636363634,0.3195151339888182,0.3091405375139978,0.3594504830917874
foundation_backbone,mae_flatten,svm_C1p0,31,32,110,ok,,0.3181818181818182,0.2760854341736695,0.2854978354978355,0.27210576259489305
foundation_backbone,mae_flatten,logreg_C0p1,31,32,110,ok,,0.32727272727272727,0.29365486915185135,0.3099025974025974,0.2916558833678399
foundation_backbone,mae_flatten,xgboost_depth2,31,32,110,ok,,0.2727272727272727,0.24325897700510704,0.2627450980392157,0.24965493443754314
foundation_backbone,mae_flatten,svm_C1p0,32,32,110,ok,,0.45454545454545453,0.38448685817106865,0.380859553123575,0.39948887163561075
foundation_backbone,mae_flatten,logreg_C0p1,32,32,110,ok,,0.4636363636363636,0.39983633387888706,0.40489078010452845,0.39751552795031053
foundation_backbone,mae_flatten,xgboost_depth2,32,32,110,ok,,0.4727272727272727,0.40769830659536543,0.4145171957671958,0.40904287439613524
foundation_backbone,mae_flatten,svm_C1p0,33,32,110,ok,,0.32727272727272727,0.29523238791531475,0.3133549931600547,0.29995902346445824
foundation_backbone,mae_flatten,logreg_C0p1,33,32,110,ok,,0.34545454545454546,0.3096284254017825,0.3256876637294594,0.3236822808833678
foundation_backbone,mae_flatten,xgboost_depth2,33,32,110,ok,,0.4909090909090909,0.4126178416592981,0.41360096670247043,0.4127631124913733
foundation_backbone,mae_flatten,svm_C1p0,34,32,110,ok,,0.4818181818181818,0.41530642759496145,0.425531914893617,0.41057410282953766
foundation_backbone,mae_flatten,logreg_C0p1,34,32,110,ok,,0.45454545454545453,0.39770599250936334,0.41344630978777325,0.39192977915804006
foundation_backbone,mae_flatten,xgboost_depth2,34,32,110,ok,,0.45454545454545453,0.3911764705882353,0.40232683982683987,0.38523335058661146
foundation_backbone,mae_flatten,svm_C1p0,35,32,110,ok,,0.36363636363636365,0.3197402597402597,0.3282004830917874,0.32116977225672877
foundation_backbone,mae_flatten,logreg_C0p1,35,32,110,ok,,0.41818181818181815,0.3864551735760027,0.3874401913875598,0.39251207729468596
foundation_backbone,mae_flatten,xgboost_depth2,35,32,110,ok,,0.35454545454545455,0.32967071531574627,0.3368966383079286,0.3412482746721877
foundation_backbone,mae_flatten,svm_C1p0,36,32,110,ok,,0.43636363636363634,0.36114027609518257,0.3607722402096824,0.36254528985507245
foundation_backbone,mae_flatten,logreg_C0p1,36,32,110,ok,,0.35454545454545455,0.32710273466371026,0.33818669709263016,0.3320824706694272
foundation_backbone,mae_flatten,xgboost_depth2,36,32,110,ok,,0.4727272727272727,0.3909253405880287,0.3944852941176471,0.38933100414078675
foundation_backbone,mae_flatten,svm_C1p0,37,32,110,ok,,0.43636363636363634,0.3990191717328149,0.4063746115557022,0.40094461697722567
foundation_backbone,mae_flatten,logreg_C0p1,37,32,110,ok,,0.44545454545454544,0.420280756646051,0.43775946383338027,0.4292615596963423
foundation_backbone,mae_flatten,xgboost_depth2,37,32,110,ok,,0.5,0.46359532102466583,0.4685779039227315,0.47675120772946855
foundation_backbone,mae_flatten,svm_C1p0,38,32,110,ok,,0.42727272727272725,0.3703133751929433,0.38494011470985157,0.37300508971704627
foundation_backbone,mae_flatten,logreg_C0p1,38,32,110,ok,,0.45454545454545453,0.3941287878787879,0.39962044534412955,0.39834584195997236
foundation_backbone,mae_flatten,xgboost_depth2,38,32,110,ok,,0.42727272727272725,0.37684488289160084,0.3902309067847712,0.3773399758454106
foundation_backbone,mae_flatten,svm_C1p0,39,32,110,ok,,0.4,0.3479276038671891,0.35992918719211825,0.3499288302277433
foundation_backbone,mae_flatten,logreg_C0p1,39,32,110,ok,,0.4090909090909091,0.34926192903079145,0.3632383241758242,0.35315303657694963
foundation_backbone,mae_flatten,xgboost_depth2,39,32,110,ok,,0.37272727272727274,0.3145984200131665,0.3249084249084249,0.3190131124913733
foundation_backbone,mae_flatten,svm_C1p0,40,32,110,ok,,0.41818181818181815,0.36071423974462935,0.3660612535612536,0.36184437543133197
foundation_backbone,mae_flatten,logreg_C0p1,40,32,110,ok,,0.4636363636363636,0.41048776804590753,0.41853084197065554,0.41251509661835745
foundation_backbone,mae_flatten,xgboost_depth2,40,32,110,ok,,0.4727272727272727,0.4306409327448784,0.43623334873334874,0.4340493443754313
foundation_backbone,mae_flatten,svm_C1p0,41,32,110,ok,,0.39090909090909093,0.28565275802117907,0.2908816158042164,0.28764449620427884
foundation_backbone,mae_flatten,logreg_C0p1,41,32,110,ok,,0.36363636363636365,0.2745710939609433,0.2861933797909408,0.2657867494824016
foundation_backbone,mae_flatten,xgboost_depth2,41,32,110,ok,,0.36363636363636365,0.28995028665936956,0.30388471177944865,0.28277044513457555
foundation_backbone,mae_flatten,svm_C1p0,42,32,110,ok,,0.45454545454545453,0.3744462192524671,0.37761006289308174,0.3945824706694272
foundation_backbone,mae_flatten,logreg_C0p1,42,32,110,ok,,0.4909090909090909,0.4395616573143169,0.4478296566002713,0.43776958247066944
foundation_backbone,mae_flatten,xgboost_depth2,42,32,110,ok,,0.509090909090909,0.43195809445809447,0.432661701044054,0.43582858868184954
foundation_backbone,mae_flatten,svm_C1p0,43,32,110,ok,,0.4818181818181818,0.3990200906883142,0.40621069182389935,0.4048266045548654
foundation_backbone,mae_flatten,logreg_C0p1,43,32,110,ok,,0.43636363636363634,0.32694610604712154,0.32795912649735737,0.33377544858523117
foundation_backbone,mae_flatten,xgboost_depth2,43,32,110,ok,,0.4,0.30855297584620894,0.31616013071895427,0.3221941856452726
foundation_backbone,mae_flatten,svm_C1p0,44,32,110,ok,,0.2818181818181818,0.26217703450072005,0.34565027363940404,0.27288216011042093
foundation_backbone,mae_flatten,logreg_C0p1,44,32,110,ok,,0.2909090909090909,0.2685974887467425,0.3541666666666667,0.2944164078674948
foundation_backbone,mae_flatten,xgboost_depth2,44,32,110,ok,,0.32727272727272727,0.3029106913035484,0.3350680084551052,0.307032867494824
foundation_backbone,mae_flatten,svm_C1p0,45,32,110,ok,,0.4727272727272727,0.4258397932816538,0.43253043253043255,0.42942330917874394
foundation_backbone,mae_flatten,logreg_C0p1,45,32,110,ok,,0.41818181818181815,0.39056044328734874,0.401618542747575,0.4008152173913043
foundation_backbone,mae_flatten,xgboost_depth2,45,32,110,ok,,0.41818181818181815,0.35658066330216076,0.3655893473749825,0.358361369910283
foundation_backbone,mae_flatten,svm_C1p0,46,32,110,ok,,0.42727272727272725,0.3613814756671899,0.36463888009175643,0.3609277950310559
foundation_backbone,mae_flatten,logreg_C0p1,46,32,110,ok,,0.43636363636363634,0.37240763546798034,0.3755656108597285,0.3765096618357488
foundation_backbone,mae_flatten,xgboost_depth2,46,32,110,ok,,0.44545454545454544,0.3501365121981183,0.34631852741096436,0.35964458247066944
foundation_backbone,mae_flatten,svm_C1p0,47,32,110,ok,,0.36363636363636365,0.3217817414652858,0.3448588709677419,0.3318344547964113
foundation_backbone,mae_flatten,logreg_C0p1,47,32,110,ok,,0.34545454545454546,0.31075066048933647,0.33177875348040264,0.3103756901311249
foundation_backbone,mae_flatten,xgboost_depth2,47,32,110,ok,,0.42727272727272725,0.3704111901472859,0.378563947031902,0.37461180124223603
foundation_backbone,mae_flatten,svm_C1p0,48,32,110,ok,,0.42727272727272725,0.32283813529342403,0.32715813598166543,0.32489001035196685
foundation_backbone,mae_flatten,logreg_C0p1,48,32,110,ok,,0.41818181818181815,0.31970251970251967,0.3208020050125313,0.32071687370600416
foundation_backbone,mae_flatten,xgboost_depth2,48,32,110,ok,,0.42727272727272725,0.29881437133795624,0.33462643678160914,0.3068711180124224
foundation_backbone,mae_flatten,svm_C1p0,49,32,110,ok,,0.3181818181818182,0.27304553777565477,0.2971983775589089,0.2821126639061421
foundation_backbone,mae_flatten,logreg_C0p1,49,32,110,ok,,0.2818181818181818,0.2541107671138631,0.2955599547511312,0.2699598861283644
foundation_backbone,mae_flatten,xgboost_depth2,49,32,110,ok,,0.3,0.27132007777169065,0.29681367395570507,0.2791364734299517
foundation_backbone,mae_flatten,svm_C1p0,50,32,110,ok,,0.43636363636363634,0.3783366656143674,0.3831376956376956,0.37982013457556935
foundation_backbone,mae_flatten,logreg_C0p1,50,32,110,ok,,0.44545454545454544,0.3965141612200435,0.413077593722755,0.40011430296756384
foundation_backbone,mae_flatten,xgboost_depth2,50,32,110,ok,,0.4727272727272727,0.4030401376636795,0.40918311957852166,0.4027238612836439
foundation_backbone,mae_flatten,svm_C1p0,51,32,110,ok,,0.38181818181818183,0.326835858089055,0.33674571980419055,0.32629183919944793
foundation_backbone,mae_flatten,logreg_C0p1,51,32,110,ok,,0.39090909090909093,0.3387548138639281,0.35250169033130496,0.33914553140096615
foundation_backbone,mae_flatten,xgboost_depth2,51,32,110,ok,,0.36363636363636365,0.33268609683704026,0.3728494623655914,0.33361369910282956
foundation_backbone,mae_flatten,svm_C1p0,52,32,110,ok,,0.35454545454545455,0.3183614115502661,0.3284087105681533,0.32170893719806765
foundation_backbone,mae_flatten,logreg_C0p1,52,32,110,ok,,0.4,0.34288922790066956,0.3501262626262626,0.3487858005521049
foundation_backbone,mae_flatten,xgboost_depth2,52,32,110,ok,,0.45454545454545453,0.39178793468606954,0.41823671497584536,0.39135826432022086
foundation_backbone,mae_flatten,svm_C1p0,53,32,110,ok,,0.39090909090909093,0.34477716502453226,0.3495614035087719,0.3498964803312629
foundation_backbone,mae_flatten,logreg_C0p1,53,32,110,ok,,0.39090909090909093,0.3578364071882606,0.3763963232713233,0.35386473429951687
foundation_backbone,mae_flatten,xgboost_depth2,53,32,110,ok,,0.4,0.3610011182606464,0.3777427637721755,0.35341183574879226
foundation_backbone,mae_flatten,svm_C1p0,54,32,110,ok,,0.45454545454545453,0.37706921417722805,0.3786092041698449,0.3799495341614907
foundation_backbone,mae_flatten,logreg_C0p1,54,32,110,ok,,0.39090909090909093,0.3319197446420428,0.33975279106858053,0.334896911663216
foundation_backbone,mae_flatten,xgboost_depth2,54,32,110,ok,,0.4090909090909091,0.3321994134897361,0.33325123152709357,0.3366330227743271
foundation_backbone,mae_flatten,svm_C1p0,55,32,110,ok,,0.43636363636363634,0.3576554515987488,0.3566433566433566,0.36415200138026227
foundation_backbone,mae_flatten,logreg_C0p1,55,32,110,ok,,0.38181818181818183,0.31328022752441353,0.31950757575757577,0.31488310904071776
foundation_backbone,mae_flatten,xgboost_depth2,55,32,110,ok,,0.34545454545454546,0.29417762293835453,0.310284607865253,0.2930145790200138
foundation_backbone,mae_flatten,svm_C1p0,56,32,110,ok,,0.36363636363636365,0.2905810450486093,0.2982568369868902,0.29673481711525185
foundation_backbone,mae_flatten,logreg_C0p1,56,32,110,ok,,0.39090909090909093,0.32019339356295884,0.33488142292490114,0.32104037267080743
foundation_backbone,mae_flatten,xgboost_depth2,56,32,110,ok,,0.4636363636363636,0.3944017331114106,0.397906454248366,0.3974292615596963
foundation_backbone,mae_flatten,svm_C1p0,57,32,110,ok,,0.42727272727272725,0.3497183711475729,0.35956353044119,0.3565929089026915
foundation_backbone,mae_flatten,logreg_C0p1,57,32,110,ok,,0.4,0.34002145255565225,0.3489423076923077,0.34662914078674945
foundation_backbone,mae_flatten,xgboost_depth2,57,32,110,ok,,0.4818181818181818,0.39490319013345326,0.4097227019434466,0.3952833850931677
foundation_backbone,mae_flatten,svm_C1p0,58,32,110,ok,,0.39090909090909093,0.33238084166472914,0.33507173181086225,0.33179132160110425
foundation_backbone,mae_flatten,logreg_C0p1,58,32,110,ok,,0.33636363636363636,0.2936386528003663,0.3067024886877828,0.2955378709454797
foundation_backbone,mae_flatten,xgboost_depth2,58,32,110,ok,,0.3181818181818182,0.3061135486135486,0.3260281930880842,0.30748576604554867
foundation_backbone,mae_flatten,svm_C1p0,59,32,110,ok,,0.4909090909090909,0.44218037837700197,0.4425770308123249,0.44946946169772256
foundation_backbone,mae_flatten,logreg_C0p1,59,32,110,ok,,0.44545454545454544,0.41245497900765354,0.428299746848134,0.4280538302277433
foundation_backbone,mae_flatten,xgboost_depth2,59,32,110,ok,,0.5,0.4457588050894339,0.4530545112781955,0.4523162525879917
foundation_backbone,mae_flatten,svm_C1p0,60,32,110,ok,,0.4636363636363636,0.3871199722263552,0.3807471264367816,0.41271997929606624
foundation_backbone,mae_flatten,logreg_C0p1,60,32,110,ok,,0.38181818181818183,0.34314162848645613,0.3580007711586658,0.3581996204278812
foundation_backbone,mae_flatten,xgboost_depth2,60,32,110,ok,,0.45454545454545453,0.41972727075326255,0.44490384615384615,0.4369392684610076
foundation_backbone,mae_flatten,svm_C1p0,61,32,110,ok,,0.4,0.3693356083586114,0.37168115171547667,0.3747412008281574
foundation_backbone,mae_flatten,logreg_C0p1,61,32,110,ok,,0.41818181818181815,0.38665827968267075,0.39833437948350076,0.385157867494824
foundation_backbone,mae_flatten,xgboost_depth2,61,32,110,ok,,0.3090909090909091,0.29642857142857143,0.30869424692954106,0.3002933057280883
foundation_backbone,mae_flatten,svm_C1p0,62,32,110,ok,,0.3,0.2548992470376118,0.2664705086580087,0.2608264320220842
foundation_backbone,mae_flatten,logreg_C0p1,62,32,110,ok,,0.2636363636363636,0.24751061292832255,0.27106227106227104,0.2526419082125604
foundation_backbone,mae_flatten,xgboost_depth2,62,32,110,ok,,0.2818181818181818,0.2668140496787913,0.29664408866995073,0.272396911663216
foundation_backbone,mae_flatten,svm_C1p0,63,32,110,ok,,0.37272727272727274,0.33693833304231424,0.3662525879917184,0.33835835058661146
foundation_backbone,mae_flatten,logreg_C0p1,63,32,110,ok,,0.35454545454545455,0.31972348267528994,0.3458113477949319,0.31661922015182886
foundation_backbone,mae_flatten,xgboost_depth2,63,32,110,ok,,0.4636363636363636,0.42258989343815584,0.43834478592463944,0.4148766390614217
foundation_backbone,mae_flatten,svm_C1p0,64,32,110,ok,,0.32727272727272727,0.2900762130226666,0.30060823996750774,0.29693969979296064
foundation_backbone,mae_flatten,logreg_C0p1,64,32,110,ok,,0.2818181818181818,0.25698433625262895,0.28070851250199075,0.26523680124223603
foundation_backbone,mae_flatten,xgboost_depth2,64,32,110,ok,,0.32727272727272727,0.29527417027417024,0.3170645446507515,0.3082621635610766
foundation_backbone,mae_flatten,svm_C1p0,65,32,110,ok,,0.3181818181818182,0.29248242359144616,0.31475464190981434,0.29521437198067635
foundation_backbone,mae_flatten,logreg_C0p1,65,32,110,ok,,0.35454545454545455,0.3287084666745683,0.35282651072124754,0.33613699102829536
foundation_backbone,mae_flatten,xgboost_depth2,65,32,110,ok,,0.4090909090909091,0.37180229356755745,0.4075312280508463,0.3730482229123534
foundation_backbone,mae_flatten,svm_C1p0,66,32,110,ok,,0.4636363636363636,0.3454379753474954,0.3389957264957265,0.3700720324361629
foundation_backbone,mae_flatten,logreg_C0p1,66,32,110,ok,,0.4909090909090909,0.4297891118543292,0.4310367742763387,0.43210835058661146
foundation_backbone,mae_flatten,xgboost_depth2,66,32,110,ok,,0.5545454545454546,0.43872141372141377,0.44402826920241784,0.4409183057280883
foundation_backbone,mae_flatten,svm_C1p0,67,32,110,ok,,0.38181818181818183,0.3453693381229613,0.35828236279849185,0.34762120427881293
foundation_backbone,mae_flatten,logreg_C0p1,67,32,110,ok,,0.41818181818181815,0.36539295392953924,0.376824845153181,0.36684782608695654
foundation_backbone,mae_flatten,xgboost_depth2,67,32,110,ok,,0.38181818181818183,0.3511082687644171,0.37836395508809306,0.36006513112491373
foundation_backbone,mae_flatten,svm_C1p0,68,32,110,ok,,0.36363636363636365,0.3271499156654949,0.35106209150326795,0.3248468771566598
foundation_backbone,mae_flatten,logreg_C0p1,68,32,110,ok,,0.32727272727272727,0.3077258886557662,0.3388318670576735,0.30401354382332646
foundation_backbone,mae_flatten,xgboost_depth2,68,32,110,ok,,0.37272727272727274,0.34862676778028284,0.37781451574082986,0.358361369910283
foundation_backbone,mae_flatten,svm_C1p0,69,32,110,ok,,0.44545454545454544,0.3440821191877067,0.3407342657342657,0.3546519151138716
foundation_backbone,mae_flatten,logreg_C0p1,69,32,110,ok,,0.4636363636363636,0.36109674639086403,0.3630229419703104,0.37374913733609383
foundation_backbone,mae_flatten,xgboost_depth2,69,32,110,ok,,0.4,0.3202227963257375,0.31787280701754383,0.3255909247757074
foundation_backbone,mae_flatten,svm_C1p0,70,32,110,ok,,0.43636363636363634,0.3750957570365977,0.3820970695970696,0.37622929606625255
foundation_backbone,mae_flatten,logreg_C0p1,70,32,110,ok,,0.4818181818181818,0.44245664802767565,0.4651657917171445,0.46150362318840576
foundation_backbone,mae_flatten,xgboost_depth2,70,32,110,ok,,0.4909090909090909,0.42188578329882676,0.4278817587641117,0.4188017598343685
foundation_backbone,mae_flatten,svm_C1p0,71,32,110,ok,,0.4727272727272727,0.4155767374517375,0.4153601332877649,0.41603045203588684
foundation_backbone,mae_flatten,logreg_C0p1,71,32,110,ok,,0.4909090909090909,0.4125563207118085,0.4114583333333333,0.41512465493443756
foundation_backbone,mae_flatten,xgboost_depth2,71,32,110,ok,,0.4909090909090909,0.42734351550979394,0.42882795536029894,0.4310731538992409
foundation_backbone,mae_flatten,svm_C1p0,72,32,110,ok,,0.37272727272727274,0.3224350934403612,0.32716303304538596,0.3459174430641822
foundation_backbone,mae_flatten,logreg_C0p1,72,32,110,ok,,0.33636363636363636,0.30288231615347827,0.31728524743230624,0.31082858868184954
foundation_backbone,mae_flatten,xgboost_depth2,72,32,110,ok,,0.38181818181818183,0.34121680188613823,0.345,0.3408385093167702
foundation_backbone,mae_flatten,svm_C1p0,73,32,110,ok,,0.3181818181818182,0.24563195095726348,0.25025939507646827,0.26296152518978605
foundation_backbone,mae_flatten,logreg_C0p1,73,32,110,ok,,0.35454545454545455,0.29490283727571864,0.3046142488002953,0.29925810904071776
foundation_backbone,mae_flatten,xgboost_depth2,73,32,110,ok,,0.42727272727272725,0.3486653131814422,0.3735049833887043,0.3625345065562457
foundation_backbone,mae_flatten,svm_C1p0,74,32,110,ok,,0.41818181818181815,0.38198079072430985,0.38803210678210676,0.3909053657694962
foundation_backbone,mae_flatten,logreg_C0p1,74,32,110,ok,,0.42727272727272725,0.38688291628050664,0.40373511904761905,0.3910239820565907
foundation_backbone,mae_flatten,xgboost_depth2,74,32,110,ok,,0.4636363636363636,0.37420715249662617,0.3753888789558377,0.37506469979296064
foundation_backbone,mae_flatten,svm_C1p0,75,32,110,ok,,0.44545454545454544,0.3937692468291665,0.40918124006359297,0.3987987405106971
foundation_backbone,mae_flatten,logreg_C0p1,75,32,110,ok,,0.4090909090909091,0.36291840817299564,0.38459888459888464,0.36163949275362317
foundation_backbone,mae_flatten,xgboost_depth2,75,32,110,ok,,0.41818181818181815,0.3536647992530345,0.3752438143885512,0.37685472739820564
foundation_backbone,mae_flatten,svm_C1p0,76,32,110,ok,,0.35454545454545455,0.2851250336715453,0.3023026315789474,0.2942654416839199
foundation_backbone,mae_flatten,logreg_C0p1,76,32,110,ok,,0.36363636363636365,0.293697291081012,0.30727554179566563,0.2974896480331263
foundation_backbone,mae_flatten,xgboost_depth2,76,32,110,ok,,0.4,0.33899675197582746,0.35353197527110575,0.3460576259489303
foundation_backbone,mae_flatten,svm_C1p0,77,32,110,ok,,0.35454545454545455,0.3409572929721392,0.37877365304058935,0.36332168737060033
foundation_backbone,mae_flatten,logreg_C0p1,77,32,110,ok,,0.36363636363636365,0.3352913533834586,0.3624220569453835,0.3335274327122153
foundation_backbone,mae_flatten,xgboost_depth2,77,32,110,ok,,0.4090909090909091,0.3853667953667953,0.406794808337458,0.39201604554865427
foundation_backbone,mae_flatten,svm_C1p0,78,32,110,ok,,0.43636363636363634,0.3325742682394059,0.34050144648023145,0.33575957556935815
foundation_backbone,mae_flatten,logreg_C0p1,78,32,110,ok,,0.44545454545454544,0.3613080785785234,0.36780753968253965,0.36002199792960665
foundation_backbone,mae_flatten,xgboost_depth2,78,32,110,ok,,0.44545454545454544,0.3490333601140715,0.3546130952380952,0.35229037267080743
foundation_backbone,mae_flatten,svm_C1p0,79,32,110,ok,,0.41818181818181815,0.35638212023825233,0.3680521450238336,0.3504356452726018
foundation_backbone,mae_flatten,logreg_C0p1,79,32,110,ok,,0.38181818181818183,0.3247179146100979,0.3452380952380952,0.31629572118702554
foundation_backbone,mae_flatten,xgboost_depth2,79,32,110,ok,,0.32727272727272727,0.2511261787857533,0.2531771003595947,0.2506146480331263
foundation_backbone,mae_flatten,svm_C1p0,80,32,110,ok,,0.37272727272727274,0.30446864962993997,0.3149305555555556,0.312985248447205
foundation_backbone,mae_flatten,logreg_C0p1,80,32,110,ok,,0.36363636363636365,0.3301095718143773,0.36372282608695655,0.33711827122153204
foundation_backbone,mae_flatten,xgboost_depth2,80,32,110,ok,,0.36363636363636365,0.32034879744763406,0.3267784846732215,0.3191856452726018
foundation_backbone,mae_flatten,svm_C1p0,81,32,110,ok,,0.4727272727272727,0.40334483419589806,0.40307971014492755,0.40933402346445824
foundation_backbone,mae_flatten,logreg_C0p1,81,32,110,ok,,0.4818181818181818,0.4188129334437318,0.4272988505747126,0.42425810904071776
foundation_backbone,mae_flatten,xgboost_depth2,81,32,110,ok,,0.45454545454545453,0.3900691699604743,0.39027748567222253,0.3973106452726018
foundation_backbone,mae_flatten,svm_C1p0,82,32,110,ok,,0.33636363636363636,0.264263902436089,0.27425580609981953,0.260449016563147
foundation_backbone,mae_flatten,logreg_C0p1,82,32,110,ok,,0.41818181818181815,0.3489066604321098,0.35353950794409905,0.35100716011042093
foundation_backbone,mae_flatten,xgboost_depth2,82,32,110,ok,,0.41818181818181815,0.36619560994560996,0.384375,0.36676155969634233
foundation_backbone,mae_flatten,svm_C1p0,83,32,110,ok,,0.43636363636363634,0.3510647502244141,0.35502976190476193,0.3572614734299517
foundation_backbone,mae_flatten,logreg_C0p1,83,32,110,ok,,0.4636363636363636,0.38177118933697884,0.3814311594202899,0.39119651483781914
foundation_backbone,mae_flatten,xgboost_depth2,83,32,110,ok,,0.4818181818181818,0.4212934819317798,0.4257022253345783,0.42132505175983437
foundation_backbone,mae_flatten,svm_C1p0,84,32,110,ok,,0.4,0.32972222222222225,0.33680871212121216,0.34295203588681855
foundation_backbone,mae_flatten,logreg_C0p1,84,32,110,ok,,0.41818181818181815,0.38469387755102036,0.4019186458702587,0.39147688060731534
foundation_backbone,mae_flatten,xgboost_depth2,84,32,110,ok,,0.43636363636363634,0.37640524755181937,0.38424133075162825,0.37726449275362317
foundation_backbone,mae_flatten,svm_C1p0,85,32,110,ok,,0.32727272727272727,0.2986172179052591,0.3293298368298368,0.3095885093167702
foundation_backbone,mae_flatten,logreg_C0p1,85,32,110,ok,,0.35454545454545455,0.30826606869015993,0.3391530550514216,0.3069034679089027
foundation_backbone,mae_flatten,xgboost_depth2,85,32,110,ok,,0.41818181818181815,0.35215354822816686,0.3604624542124542,0.35212862318840576
foundation_backbone,mae_flatten,svm_C1p0,86,32,110,ok,,0.41818181818181815,0.358213807611398,0.36690115440115445,0.3650577984817115
foundation_backbone,mae_flatten,logreg_C0p1,86,32,110,ok,,0.44545454545454544,0.38502298071127183,0.4095503661732199,0.39597351621808147
foundation_backbone,mae_flatten,xgboost_depth2,86,32,110,ok,,0.4636363636363636,0.3869660596334024,0.40795454545454546,0.4024219289164941
foundation_backbone,mae_flatten,svm_C1p0,87,32,110,ok,,0.44545454545454544,0.33564650426095555,0.3400974025974026,0.35284032091097306
foundation_backbone,mae_flatten,logreg_C0p1,87,32,110,ok,,0.41818181818181815,0.3427290406222991,0.35002066023407485,0.35928873360938574
foundation_backbone,mae_flatten,xgboost_depth2,87,32,110,ok,,0.45454545454545453,0.3484929648927658,0.36092803114079713,0.3570134575569358
foundation_backbone,mae_flatten,svm_C1p0,88,32,110,ok,,0.4,0.3430623973727422,0.36011522017713965,0.33803485162180813
foundation_backbone,mae_flatten,logreg_C0p1,88,32,110,ok,,0.41818181818181815,0.3634796234995637,0.38820234708392604,0.36184437543133197
foundation_backbone,mae_flatten,xgboost_depth2,88,32,110,ok,,0.4,0.3603843311160384,0.38174720689191005,0.35907306763285024
foundation_backbone,mae_flatten,svm_C1p0,89,32,110,ok,,0.44545454545454544,0.375931252416943,0.37858409321175274,0.37634791235334714
foundation_backbone,mae_flatten,logreg_C0p1,89,32,110,ok,,0.34545454545454546,0.2485420892494929,0.24199862637362635,0.26424473775017254
foundation_backbone,mae_flatten,xgboost_depth2,89,32,110,ok,,0.39090909090909093,0.3455740808681985,0.3746745897000566,0.341043391994479
foundation_backbone,mae_flatten,svm_C1p0,90,32,110,ok,,0.3,0.25280998797160126,0.26884920634920634,0.24734730848861283
foundation_backbone,mae_flatten,logreg_C0p1,90,32,110,ok,,0.36363636363636365,0.3000543065059194,0.31631016042780746,0.2988052104899931
foundation_backbone,mae_flatten,xgboost_depth2,90,32,110,ok,,0.37272727272727274,0.3287921795925858,0.34901256605323927,0.32033945824706694
foundation_backbone,mae_flatten,svm_C1p0,91,32,110,ok,,0.42727272727272725,0.3761777880753784,0.3841918013424366,0.3848990683229814
foundation_backbone,mae_flatten,logreg_C0p1,91,32,110,ok,,0.4,0.35005065856129686,0.3599480021893815,0.355309696342305
foundation_backbone,mae_flatten,xgboost_depth2,91,32,110,ok,,0.4090909090909091,0.3659035409035409,0.3788992869875223,0.3758950138026225
foundation_backbone,mae_flatten,svm_C1p0,92,32,110,ok,,0.41818181818181815,0.3855133862104437,0.40480567226890757,0.38279632505175987
foundation_backbone,mae_flatten,logreg_C0p1,92,32,110,ok,,0.38181818181818183,0.34479558516196446,0.3826974295724296,0.34827898550724634
foundation_backbone,mae_flatten,xgboost_depth2,92,32,110,ok,,0.4090909090909091,0.3609295570079884,0.3817815249266862,0.35919168391994477
foundation_backbone,mae_flatten,svm_C1p0,93,32,110,ok,,0.36363636363636365,0.31102999585434027,0.31674890350877194,0.3221187025534852
foundation_backbone,mae_flatten,logreg_C0p1,93,32,110,ok,,0.34545454545454546,0.3309722222222222,0.3612148786717752,0.3441489820565907
foundation_backbone,mae_flatten,xgboost_depth2,93,32,110,ok,,0.4090909090909091,0.3620093515442353,0.38200140502772084,0.36721445824706694
foundation_backbone,mae_flatten,svm_C1p0,94,32,110,ok,,0.33636363636363636,0.3181583852109509,0.34512000810492194,0.3159183057280883
foundation_backbone,mae_flatten,logreg_C0p1,94,32,110,ok,,0.4,0.35866910866910867,0.3698583743842364,0.3580378709454797
foundation_backbone,mae_flatten,xgboost_depth2,94,32,110,ok,,0.32727272727272727,0.2681746733470871,0.2863800471559092,0.28288906142167014
foundation_backbone,mae_flatten,svm_C1p0,95,32,110,ok,,0.44545454545454544,0.38999692758555493,0.3991228070175438,0.3958656832298137
foundation_backbone,mae_flatten,logreg_C0p1,95,32,110,ok,,0.4,0.3611896438161828,0.375,0.3668046928916494
foundation_backbone,mae_flatten,xgboost_depth2,95,32,110,ok,,0.4636363636363636,0.4082790984964898,0.42755900013964526,0.4089242581090407
foundation_backbone,mae_flatten,svm_C1p0,96,32,110,ok,,0.43636363636363634,0.3748871259029928,0.37994107744107747,0.3818042615596963
foundation_backbone,mae_flatten,logreg_C0p1,96,32,110,ok,,0.4818181818181818,0.4275297619047619,0.4290021929824562,0.43198973429951687
foundation_backbone,mae_flatten,xgboost_depth2,96,32,110,ok,,0.42727272727272725,0.3470936068762156,0.3440033908300162,0.3657371463077984
foundation_backbone,mae_flatten,svm_C1p0,97,32,110,ok,,0.43636363636363634,0.32668067226890757,0.3297161172161172,0.335188060731539
foundation_backbone,mae_flatten,logreg_C0p1,97,32,110,ok,,0.43636363636363634,0.3585042735042735,0.35870726495726496,0.36292270531400966
foundation_backbone,mae_flatten,xgboost_depth2,97,32,110,ok,,0.42727272727272725,0.33288156115013745,0.3357142857142857,0.33460576259489305
foundation_backbone,mae_flatten,svm_C1p0,98,32,110,ok,,0.4090909090909091,0.2938044996868526,0.28222934472934474,0.3132440476190476
foundation_backbone,mae_flatten,logreg_C0p1,98,32,110,ok,,0.33636363636363636,0.2599368484199944,0.2659698025551684,0.25789337474120083
foundation_backbone,mae_flatten,xgboost_depth2,98,32,110,ok,,0.38181818181818183,0.3129213483146067,0.32801298041389504,0.31158341959972397
foundation_backbone,mae_flatten,svm_C1p0,99,32,110,ok,,0.37272727272727274,0.303088336783989,0.30124458874458876,0.3190238957902002
foundation_backbone,mae_flatten,logreg_C0p1,99,32,110,ok,,0.4,0.3393763365356995,0.34162087912087913,0.3439872325741891
foundation_backbone,mae_flatten,xgboost_depth2,99,32,110,ok,,0.37272727272727274,0.31903636884306985,0.33367261045832475,0.3130715148378192
foundation_backbone,mae_flatten,svm_C1p0,100,32,110,ok,,0.4090909090909091,0.2998400441257584,0.30281250000000004,0.3188190131124914
foundation_backbone,mae_flatten,logreg_C0p1,100,32,110,ok,,0.37272727272727274,0.29343975059729455,0.3041666666666667,0.29298222912353344
foundation_backbone,mae_flatten,xgboost_depth2,100,32,110,ok,,0.44545454545454544,0.352072395689417,0.35232843137254904,0.3523766390614217
prototype_head,mae_embeddings,prototype_mahalanobis_support_anova,1,32,110,ok,,0.4636363636363636,0.39928231472388004,0.41457007904376325,0.40573240165631463
prototype_head,mae_embeddings,prototype_mahalanobis_support_anova,2,32,110,ok,,0.4,0.33718681917211335,0.37788825757575756,0.36795850586611456
prototype_head,mae_embeddings,prototype_mahalanobis_support_anova,3,32,110,ok,,0.41818181818181815,0.34117416084514945,0.34705215419501134,0.33873576604554867
prototype_head,mae_embeddings,prototype_mahalanobis_support_anova,4,32,110,ok,,0.4636363636363636,0.403252754996941,0.4021528479946073,0.4102506038647343
prototype_head,mae_embeddings,prototype_mahalanobis_support_anova,5,32,110,ok,,0.4090909090909091,0.3637132448607858,0.3925,0.3726708074534162
prototype_head,mae_embeddings,prototype_mahalanobis_support_anova,6,32,110,ok,,0.4727272727272727,0.41771790943139264,0.4341224294595887,0.41611671842650105
prototype_head,mae_embeddings,prototype_mahalanobis_support_anova,7,32,110,ok,,0.38181818181818183,0.32655038759689925,0.33581339712918656,0.3249762767425811
prototype_head,mae_embeddings,prototype_mahalanobis_support_anova,8,32,110,ok,,0.3090909090909091,0.29482848375253434,0.3047912713472486,0.30500560731538995
prototype_head,mae_embeddings,prototype_mahalanobis_support_anova,9,32,110,ok,,0.4818181818181818,0.3802317474192474,0.39547803617571065,0.40913992408557626
prototype_head,mae_embeddings,prototype_mahalanobis_support_anova,10,32,110,ok,,0.44545454545454544,0.3758331997860146,0.3856847939294748,0.3717218771566598
prototype_head,mae_embeddings,prototype_mahalanobis_support_anova,11,32,110,ok,,0.42727272727272725,0.35032299741602063,0.3644871794871795,0.35196687370600416
prototype_head,mae_embeddings,prototype_mahalanobis_support_anova,12,32,110,ok,,0.45454545454545453,0.37751220706861977,0.3835890631556267,0.3881664078674949
prototype_head,mae_embeddings,prototype_mahalanobis_support_anova,13,32,110,ok,,0.38181818181818183,0.330129052149401,0.3360795454545455,0.3259252070393375
prototype_head,mae_embeddings,prototype_mahalanobis_support_anova,14,32,110,ok,,0.4636363636363636,0.3619538045629871,0.35947712418300654,0.36572636300897166
prototype_head,mae_embeddings,prototype_mahalanobis_support_anova,15,32,110,ok,,0.2818181818181818,0.2840471130060665,0.3085839598997494,0.30099422015182886
prototype_head,mae_embeddings,prototype_mahalanobis_support_anova,16,32,110,ok,,0.4909090909090909,0.40459126539753637,0.4041335133087052,0.40805081090407175
prototype_head,mae_embeddings,prototype_mahalanobis_support_anova,17,32,110,ok,,0.37272727272727274,0.2927800269905533,0.30502084554752135,0.2870298481711525
prototype_head,mae_embeddings,prototype_mahalanobis_support_anova,18,32,110,ok,,0.4909090909090909,0.3931006853961097,0.4025297619047619,0.3897407694962043
prototype_head,mae_embeddings,prototype_mahalanobis_support_anova,19,32,110,ok,,0.4727272727272727,0.3973834462038155,0.4082870320422915,0.40669211525189786
prototype_head,mae_embeddings,prototype_mahalanobis_support_anova,20,32,110,ok,,0.42727272727272725,0.38065005692635034,0.3942508710801394,0.3810170807453416
prototype_head,mae_embeddings,prototype_mahalanobis_support_anova,21,32,110,ok,,0.32727272727272727,0.3036352939467453,0.3471571906354515,0.30240683229813664
prototype_head,mae_embeddings,prototype_mahalanobis_support_anova,22,32,110,ok,,0.36363636363636365,0.3108923334729786,0.3303372352285395,0.31211180124223603
prototype_head,mae_embeddings,prototype_mahalanobis_support_anova,23,32,110,ok,,0.4818181818181818,0.3770165244679808,0.3855050505050505,0.38019755003450656
prototype_head,mae_embeddings,prototype_mahalanobis_support_anova,24,32,110,ok,,0.4,0.36235578937191837,0.3965754833401892,0.3617149758454106
prototype_head,mae_embeddings,prototype_mahalanobis_support_anova,25,32,110,ok,,0.4818181818181818,0.40371710813882333,0.410632183908046,0.40396394064872326
prototype_head,mae_embeddings,prototype_mahalanobis_support_anova,26,32,110,ok,,0.5181818181818182,0.41949305304774887,0.41722341110357186,0.42405322636300896
prototype_head,mae_embeddings,prototype_mahalanobis_support_anova,27,32,110,ok,,0.34545454545454546,0.2742272558735295,0.2811602811602812,0.2828135783298827
prototype_head,mae_embeddings,prototype_mahalanobis_support_anova,28,32,110,ok,,0.4,0.34931267474370925,0.3591666666666667,0.35332556935817805
prototype_head,mae_embeddings,prototype_mahalanobis_support_anova,29,32,110,ok,,0.41818181818181815,0.36526315716549135,0.392953667953668,0.38308747412008276
prototype_head,mae_embeddings,prototype_mahalanobis_support_anova,30,32,110,ok,,0.42727272727272725,0.30463680463680465,0.3161236424394319,0.3165868702553485
prototype_head,mae_embeddings,prototype_mahalanobis_support_anova,31,32,110,ok,,0.45454545454545453,0.40250343971274205,0.40955798587377534,0.41512465493443756
prototype_head,mae_embeddings,prototype_mahalanobis_support_anova,32,32,110,ok,,0.509090909090909,0.4379148629148629,0.4419960474308301,0.43591485507246375
prototype_head,mae_embeddings,prototype_mahalanobis_support_anova,33,32,110,ok,,0.4909090909090909,0.41272482477839617,0.414044289044289,0.4247541407867495
prototype_head,mae_embeddings,prototype_mahalanobis_support_anova,34,32,110,ok,,0.4727272727272727,0.42644790391512577,0.44673844537815127,0.4233846618357488
prototype_head,mae_embeddings,prototype_mahalanobis_support_anova,35,32,110,ok,,0.43636363636363634,0.36950287508067825,0.36822108462645975,0.3842520703933747
prototype_head,mae_embeddings,prototype_mahalanobis_support_anova,36,32,110,ok,,0.42727272727272725,0.3939578126522278,0.39304626532887404,0.4017749309868875
prototype_head,mae_embeddings,prototype_mahalanobis_support_anova,37,32,110,ok,,0.41818181818181815,0.3815971891754703,0.40764773651396047,0.3973106452726018
prototype_head,mae_embeddings,prototype_mahalanobis_support_anova,38,32,110,ok,,0.5181818181818182,0.4461124896608768,0.44734335839599,0.44716183574879226
prototype_head,mae_embeddings,prototype_mahalanobis_support_anova,39,32,110,ok,,0.37272727272727274,0.3344159449256051,0.3546415770609319,0.33844461697722567
prototype_head,mae_embeddings,prototype_mahalanobis_support_anova,40,32,110,ok,,0.4727272727272727,0.429066813702899,0.44578111946533,0.43375819530710835
prototype_head,mae_embeddings,prototype_mahalanobis_support_anova,41,32,110,ok,,0.39090909090909093,0.31949801197074573,0.3288690476190476,0.3137724292615597
prototype_head,mae_embeddings,prototype_mahalanobis_support_anova,42,32,110,ok,,0.43636363636363634,0.3604664238706792,0.37423687423687424,0.3588681849551415
prototype_head,mae_embeddings,prototype_mahalanobis_support_anova,43,32,110,ok,,0.4636363636363636,0.38054494465143174,0.3910714285714286,0.37911922015182886
prototype_head,mae_embeddings,prototype_mahalanobis_support_anova,44,32,110,ok,,0.39090909090909093,0.3775155808143206,0.417217249218528,0.39849680814354727
prototype_head,mae_embeddings,prototype_mahalanobis_support_anova,45,32,110,ok,,0.5545454545454546,0.47645900465449337,0.47800125313283204,0.47733350586611456
prototype_head,mae_embeddings,prototype_mahalanobis_support_anova,46,32,110,ok,,0.44545454545454544,0.36453628798535265,0.3778337890179996,0.3761430296756384
prototype_head,mae_embeddings,prototype_mahalanobis_support_anova,47,32,110,ok,,0.35454545454545455,0.2858416945373467,0.29164502164502165,0.2825655624568668
prototype_head,mae_embeddings,prototype_mahalanobis_support_anova,48,32,110,ok,,0.4909090909090909,0.33322209509280454,0.3422266139657444,0.3517188578329883
prototype_head,mae_embeddings,prototype_mahalanobis_support_anova,49,32,110,ok,,0.41818181818181815,0.3471173950004595,0.35948426573426573,0.3501444962042788
prototype_head,mae_embeddings,prototype_mahalanobis_support_anova,50,32,110,ok,,0.4,0.35729377958079783,0.36118742368742374,0.36067977915804006
prototype_head,mae_embeddings,prototype_mahalanobis_support_anova,51,32,110,ok,,0.42727272727272725,0.3921422030970198,0.4096320346320346,0.39271695997239475
prototype_head,mae_embeddings,prototype_mahalanobis_support_anova,52,32,110,ok,,0.45454545454545453,0.41078039366216706,0.4174477483301013,0.4213681849551415
prototype_head,mae_embeddings,prototype_mahalanobis_support_anova,53,32,110,ok,,0.4,0.3727824463118581,0.406902206320811,0.3730374396135266
prototype_head,mae_embeddings,prototype_mahalanobis_support_anova,54,32,110,ok,,0.4636363636363636,0.4025227645917301,0.4157548236495605,0.4109946514837819
prototype_head,mae_embeddings,prototype_mahalanobis_support_anova,55,32,110,ok,,0.44545454545454544,0.3837067767842686,0.38446969696969696,0.3840795376121463
prototype_head,mae_embeddings,prototype_mahalanobis_support_anova,56,32,110,ok,,0.34545454545454546,0.2795976273761005,0.2817028985507246,0.2797079882677709
prototype_head,mae_embeddings,prototype_mahalanobis_support_anova,57,32,110,ok,,0.36363636363636365,0.3163839212082656,0.3202132486388385,0.32625948930296755
prototype_head,mae_embeddings,prototype_mahalanobis_support_anova,58,32,110,ok,,0.33636363636363636,0.26316646316646314,0.2725681420355089,0.25950008626639065
prototype_head,mae_embeddings,prototype_mahalanobis_support_anova,59,32,110,ok,,0.5181818181818182,0.4575757575757576,0.46226250601250596,0.4612124741200828
prototype_head,mae_embeddings,prototype_mahalanobis_support_anova,60,32,110,ok,,0.4727272727272727,0.43416425766924105,0.4414270687237027,0.4517878709454797
prototype_head,mae_embeddings,prototype_mahalanobis_support_anova,61,32,110,ok,,0.43636363636363634,0.39717578905830525,0.403228021978022,0.41095151828847487
prototype_head,mae_embeddings,prototype_mahalanobis_support_anova,62,32,110,ok,,0.42727272727272725,0.3582043582043582,0.36417748917748916,0.36743012422360244
prototype_head,mae_embeddings,prototype_mahalanobis_support_anova,63,32,110,ok,,0.4818181818181818,0.41549486613580483,0.4233518670626145,0.41066036922015187
prototype_head,mae_embeddings,prototype_mahalanobis_support_anova,64,32,110,ok,,0.41818181818181815,0.3698216557762395,0.38639731254820764,0.37308057280883367
prototype_head,mae_embeddings,prototype_mahalanobis_support_anova,65,32,110,ok,,0.35454545454545455,0.3201491546428255,0.3676721464019851,0.3234019151138716
prototype_head,mae_embeddings,prototype_mahalanobis_support_anova,66,32,110,ok,,0.4636363636363636,0.4311786095082529,0.4525983820101467,0.43355331262939956
prototype_head,mae_embeddings,prototype_mahalanobis_support_anova,67,32,110,ok,,0.4636363636363636,0.4006821829855538,0.42010631644777985,0.4140139751552795
prototype_head,mae_embeddings,prototype_mahalanobis_support_anova,68,32,110,ok,,0.35454545454545455,0.34922342202959367,0.36719846781766285,0.3427471532091097
prototype_head,mae_embeddings,prototype_mahalanobis_support_anova,69,32,110,ok,,0.4727272727272727,0.3792172026260154,0.378475935828877,0.38366977225672877
prototype_head,mae_embeddings,prototype_mahalanobis_support_anova,70,32,110,ok,,0.509090909090909,0.45088065529242,0.47445054945054943,0.46005866114561766
prototype_head,mae_embeddings,prototype_mahalanobis_support_anova,71,32,110,ok,,0.4727272727272727,0.39941338854382336,0.3987781954887218,0.4133022774327122
prototype_head,mae_embeddings,prototype_mahalanobis_support_anova,72,32,110,ok,,0.509090909090909,0.41585306149822276,0.4227453580901857,0.41846747757073843
prototype_head,mae_embeddings,prototype_mahalanobis_support_anova,73,32,110,ok,,0.42727272727272725,0.37187438570872666,0.37500000000000006,0.37639104554865427
prototype_head,mae_embeddings,prototype_mahalanobis_support_anova,74,32,110,ok,,0.43636363636363634,0.3550991691235594,0.3607103350531055,0.3562262767425811
prototype_head,mae_embeddings,prototype_mahalanobis_support_anova,75,32,110,ok,,0.44545454545454544,0.3847830419422049,0.40085978835978836,0.38209541062801927
prototype_head,mae_embeddings,prototype_mahalanobis_support_anova,76,32,110,ok,,0.44545454545454544,0.40245695839311335,0.4170138888888889,0.4209584195997239
prototype_head,mae_embeddings,prototype_mahalanobis_support_anova,77,32,110,ok,,0.38181818181818183,0.3611961722488038,0.38275862068965516,0.3649823153899241
prototype_head,mae_embeddings,prototype_mahalanobis_support_anova,78,32,110,ok,,0.41818181818181815,0.30180897762673464,0.291638418079096,0.31695350241545894
prototype_head,mae_embeddings,prototype_mahalanobis_support_anova,79,32,110,ok,,0.39090909090909093,0.354245829627833,0.36516465560583206,0.3614238267770876
prototype_head,mae_embeddings,prototype_mahalanobis_support_anova,80,32,110,ok,,0.4090909090909091,0.37030489118724413,0.4029663147310206,0.36928485162180813
prototype_head,mae_embeddings,prototype_mahalanobis_support_anova,81,32,110,ok,,0.5727272727272728,0.48331096903202037,0.4901218062982769,0.4830378709454797
prototype_head,mae_embeddings,prototype_mahalanobis_support_anova,82,32,110,ok,,0.41818181818181815,0.356202895117372,0.37815678903140204,0.3653489475500345
prototype_head,mae_embeddings,prototype_mahalanobis_support_anova,83,32,110,ok,,0.5,0.4207892882311487,0.42647058823529416,0.4183488612836439
prototype_head,mae_embeddings,prototype_mahalanobis_support_anova,84,32,110,ok,,0.42727272727272725,0.38081030099769814,0.3852242585001206,0.38234342650103514
prototype_head,mae_embeddings,prototype_mahalanobis_support_anova,85,32,110,ok,,0.36363636363636365,0.3382772460635999,0.36073215352449217,0.33823973429951687
prototype_head,mae_embeddings,prototype_mahalanobis_support_anova,86,32,110,ok,,0.44545454545454544,0.38642719655448754,0.3886377849792484,0.38804779158040026
prototype_head,mae_embeddings,prototype_mahalanobis_support_anova,87,32,110,ok,,0.4636363636363636,0.3824831966279335,0.38953754578754574,0.3861930641821947
prototype_head,mae_embeddings,prototype_mahalanobis_support_anova,88,32,110,ok,,0.42727272727272725,0.394095294495028,0.43233928468748206,0.39168176328502413
prototype_head,mae_embeddings,prototype_mahalanobis_support_anova,89,32,110,ok,,0.42727272727272725,0.3487130187984183,0.34765601892931086,0.3505542615596963
prototype_head,mae_embeddings,prototype_mahalanobis_support_anova,90,32,110,ok,,0.39090909090909093,0.35136236312706903,0.41128003003003005,0.34018072808833677
prototype_head,mae_embeddings,prototype_mahalanobis_support_anova,91,32,110,ok,,0.43636363636363634,0.37195484254307787,0.3973557692307692,0.37283255693581774
prototype_head,mae_embeddings,prototype_mahalanobis_support_anova,92,32,110,ok,,0.38181818181818183,0.35223497432799755,0.379490337248958,0.3583721532091097
prototype_head,mae_embeddings,prototype_mahalanobis_support_anova,93,32,110,ok,,0.42727272727272725,0.3821751777634131,0.4085193192580334,0.38846834023464455
prototype_head,mae_embeddings,prototype_mahalanobis_support_anova,94,32,110,ok,,0.4,0.3339439772408988,0.35857079533941233,0.33634187370600416
prototype_head,mae_embeddings,prototype_mahalanobis_support_anova,95,32,110,ok,,0.41818181818181815,0.37418451829915783,0.3925164173271827,0.36448628364389235
prototype_head,mae_embeddings,prototype_mahalanobis_support_anova,96,32,110,ok,,0.4090909090909091,0.3620835686053077,0.3611378371818875,0.36738699102829536
prototype_head,mae_embeddings,prototype_mahalanobis_support_anova,97,32,110,ok,,0.4636363636363636,0.3971164912110676,0.4004479686611487,0.39855072463768115
prototype_head,mae_embeddings,prototype_mahalanobis_support_anova,98,32,110,ok,,0.42727272727272725,0.33419477028348,0.3457014933166249,0.3260114734299517
prototype_head,mae_embeddings,prototype_mahalanobis_support_anova,99,32,110,ok,,0.4090909090909091,0.33352388703718056,0.3328689167974882,0.33749568668046925
prototype_head,mae_embeddings,prototype_mahalanobis_support_anova,100,32,110,ok,,0.37272727272727274,0.31267342483469385,0.32388337234765535,0.31108738785369217
direct_binned,bins1024_auc,svm_C1p0,1,32,110,ok,,0.4909090909090909,0.43828227931488795,0.45917874396135266,0.44484342650103526
direct_binned,bins1024_auc,logreg_C0p1,1,32,110,ok,,0.509090909090909,0.4176979472140762,0.4378496503496504,0.42148680124223603
direct_binned,bins1024_auc,xgboost_depth2,1,32,110,ok,,0.4090909090909091,0.3090848055393775,0.3168458899590975,0.3098473084886128
direct_binned,bins1024_auc,svm_C1p0,2,32,110,ok,,0.38181818181818183,0.33281001436265273,0.3518291799478412,0.34187370600414074
direct_binned,bins1024_auc,logreg_C0p1,2,32,110,ok,,0.39090909090909093,0.3208128078817734,0.34322916666666664,0.3419923222912354
direct_binned,bins1024_auc,xgboost_depth2,2,32,110,ok,,0.41818181818181815,0.3602624369968286,0.383093763821318,0.3790329537612146
direct_binned,bins1024_auc,svm_C1p0,3,32,110,ok,,0.36363636363636365,0.29408623133047684,0.30097284961415394,0.30513500690131123
direct_binned,bins1024_auc,logreg_C0p1,3,32,110,ok,,0.43636363636363634,0.3757888575189271,0.3877027027027027,0.37415890269151136
direct_binned,bins1024_auc,xgboost_depth2,3,32,110,ok,,0.4,0.3773245614035088,0.41919681309216195,0.37973386818495514
direct_binned,bins1024_auc,svm_C1p0,4,32,110,ok,,0.4090909090909091,0.3473703158991328,0.35957756012103836,0.34617624223602483
direct_binned,bins1024_auc,logreg_C0p1,4,32,110,ok,,0.4636363636363636,0.39845940576277655,0.3996282313145223,0.41177104899930983
direct_binned,bins1024_auc,xgboost_depth2,4,32,110,ok,,0.42727272727272725,0.3597928374665425,0.3742864693446089,0.37697334368530017
direct_binned,bins1024_auc,svm_C1p0,5,32,110,ok,,0.42727272727272725,0.3412148039558149,0.34077942497753816,0.3463056418219462
direct_binned,bins1024_auc,logreg_C0p1,5,32,110,ok,,0.4909090909090909,0.3903101736972705,0.39829244031830235,0.39483048654244307
direct_binned,bins1024_auc,xgboost_depth2,5,32,110,ok,,0.35454545454545455,0.290926521523998,0.2963786213786214,0.28926199102829536
direct_binned,bins1024_auc,svm_C1p0,6,32,110,ok,,0.42727272727272725,0.3675550411034089,0.377134307340257,0.36630866114561766
direct_binned,bins1024_auc,logreg_C0p1,6,32,110,ok,,0.5454545454545454,0.5030594405594406,0.5148137480798771,0.5008087474120082
direct_binned,bins1024_auc,xgboost_depth2,6,32,110,ok,,0.4636363636363636,0.4008228840125392,0.41286245759929974,0.40573240165631463
direct_binned,bins1024_auc,svm_C1p0,7,32,110,ok,,0.4636363636363636,0.36612518404200595,0.3665552378549603,0.3658126293995859
direct_binned,bins1024_auc,logreg_C0p1,7,32,110,ok,,0.39090909090909093,0.31712076909445336,0.3284647950089127,0.3141498447204969
direct_binned,bins1024_auc,xgboost_depth2,7,32,110,ok,,0.43636363636363634,0.36233391483712407,0.3611987123781758,0.3668909592822637
direct_binned,bins1024_auc,svm_C1p0,8,32,110,ok,,0.35454545454545455,0.2924135838158973,0.29254227053140097,0.29492322291235334
direct_binned,bins1024_auc,logreg_C0p1,8,32,110,ok,,0.32727272727272727,0.3005254703367911,0.3193486590038314,0.3059976708074534
direct_binned,bins1024_auc,xgboost_depth2,8,32,110,ok,,0.2545454545454545,0.25586486155568383,0.3373505926697416,0.29905322636300896
direct_binned,bins1024_auc,svm_C1p0,9,32,110,ok,,0.4,0.3693515495768312,0.3887820512820513,0.37445005175983437
direct_binned,bins1024_auc,logreg_C0p1,9,32,110,ok,,0.4,0.38589705046778433,0.42379461623647674,0.42028985507246375
direct_binned,bins1024_auc,xgboost_depth2,9,32,110,ok,,0.33636363636363636,0.3323972323972324,0.383657495256167,0.36601751207729466
direct_binned,bins1024_auc,svm_C1p0,10,32,110,ok,,0.5,0.41836842874899466,0.4225497891464278,0.41938405797101447
direct_binned,bins1024_auc,logreg_C0p1,10,32,110,ok,,0.4636363636363636,0.37029614734104693,0.37104119425547993,0.37685472739820564
direct_binned,bins1024_auc,xgboost_depth2,10,32,110,ok,,0.36363636363636365,0.30818364856033525,0.3127444214400736,0.309933574879227
direct_binned,bins1024_auc,svm_C1p0,11,32,110,ok,,0.4818181818181818,0.38748562203612147,0.3903846153846154,0.3968038302277433
direct_binned,bins1024_auc,logreg_C0p1,11,32,110,ok,,0.45454545454545453,0.3735042735042735,0.37510610304727954,0.3811788302277433
direct_binned,bins1024_auc,xgboost_depth2,11,32,110,ok,,0.38181818181818183,0.3464686761229314,0.3634949712643678,0.34960533126293997
direct_binned,bins1024_auc,svm_C1p0,12,32,110,ok,,0.4,0.36740747154353426,0.39309523809523816,0.3813513630089717
direct_binned,bins1024_auc,logreg_C0p1,12,32,110,ok,,0.38181818181818183,0.34820156695156695,0.37260348583877995,0.3673438578329883
direct_binned,bins1024_auc,xgboost_depth2,12,32,110,ok,,0.3090909090909091,0.2800981257972721,0.29312479635060285,0.2902971877156659
direct_binned,bins1024_auc,svm_C1p0,13,32,110,ok,,0.39090909090909093,0.3266726599106462,0.33409090909090905,0.3270790200138026
direct_binned,bins1024_auc,logreg_C0p1,13,32,110,ok,,0.43636363636363634,0.39284532671629446,0.39778892803340327,0.3905710835058661
direct_binned,bins1024_auc,xgboost_depth2,13,32,110,ok,,0.4,0.3667224481878446,0.3745812807881773,0.37275707384403034
direct_binned,bins1024_auc,svm_C1p0,14,32,110,ok,,0.36363636363636365,0.27432980092554554,0.28294712533842964,0.2734321083505866
direct_binned,bins1024_auc,logreg_C0p1,14,32,110,ok,,0.42727272727272725,0.3427904972364617,0.346046511627907,0.3550724637681159
direct_binned,bins1024_auc,xgboost_depth2,14,32,110,ok,,0.33636363636363636,0.26388425815670397,0.2916885790942071,0.254787784679089
direct_binned,bins1024_auc,svm_C1p0,15,32,110,ok,,0.3181818181818182,0.31735069002478733,0.3451109076109076,0.33823973429951687
direct_binned,bins1024_auc,logreg_C0p1,15,32,110,ok,,0.35454545454545455,0.35393234375548305,0.39485837438423643,0.3687888198757764
direct_binned,bins1024_auc,xgboost_depth2,15,32,110,ok,,0.23636363636363636,0.2346270034752334,0.30685383244206776,0.27391735679779156
direct_binned,bins1024_auc,svm_C1p0,16,32,110,ok,,0.4727272727272727,0.3917239623121976,0.3961632730015083,0.4002760524499655
direct_binned,bins1024_auc,logreg_C0p1,16,32,110,ok,,0.4909090909090909,0.407548575377231,0.4121191553544495,0.4117279158040028
direct_binned,bins1024_auc,xgboost_depth2,16,32,110,ok,,0.32727272727272727,0.26524394680169955,0.2788302277432712,0.28052751897860595
direct_binned,bins1024_auc,svm_C1p0,17,32,110,ok,,0.42727272727272725,0.37996259060088844,0.3762749898000816,0.38933100414078675
direct_binned,bins1024_auc,logreg_C0p1,17,32,110,ok,,0.44545454545454544,0.40757729268367565,0.41426824466554607,0.4188017598343685
direct_binned,bins1024_auc,xgboost_depth2,17,32,110,ok,,0.43636363636363634,0.3879741024938339,0.39395532278206796,0.39160628019323673
direct_binned,bins1024_auc,svm_C1p0,18,32,110,ok,,0.45454545454545453,0.39376126126126126,0.39820172473102977,0.39636171497584544
direct_binned,bins1024_auc,logreg_C0p1,18,32,110,ok,,0.509090909090909,0.404027902790279,0.4513041065482797,0.41297877846790887
direct_binned,bins1024_auc,xgboost_depth2,18,32,110,ok,,0.3181818181818182,0.2681283422459893,0.2780632523279582,0.28313707729468596
direct_binned,bins1024_auc,svm_C1p0,19,32,110,ok,,0.43636363636363634,0.33025818514540317,0.3234229390681004,0.3480309696342305
direct_binned,bins1024_auc,logreg_C0p1,19,32,110,ok,,0.45454545454545453,0.3578880718954248,0.36447811447811446,0.36353735334713594
direct_binned,bins1024_auc,xgboost_depth2,19,32,110,ok,,0.34545454545454546,0.2807802081914023,0.28036942732064685,0.29066381987577644
direct_binned,bins1024_auc,svm_C1p0,20,32,110,ok,,0.34545454545454546,0.2848419540229885,0.2933712121212121,0.28103433402346445
direct_binned,bins1024_auc,logreg_C0p1,20,32,110,ok,,0.4,0.34496833216045036,0.35346638655462187,0.3426608868184955
direct_binned,bins1024_auc,xgboost_depth2,20,32,110,ok,,0.41818181818181815,0.38735850071253797,0.4140911687013636,0.39449620427881293
direct_binned,bins1024_auc,svm_C1p0,21,32,110,ok,,0.37272727272727274,0.32781359564679896,0.3408381140917906,0.3517619910282954
direct_binned,bins1024_auc,logreg_C0p1,21,32,110,ok,,0.38181818181818183,0.33529114563597323,0.36275062656641605,0.35498619737750176
direct_binned,bins1024_auc,xgboost_depth2,21,32,110,ok,,0.36363636363636365,0.32456766917293234,0.35531230035874,0.34051501035196685
direct_binned,bins1024_auc,svm_C1p0,22,32,110,ok,,0.34545454545454546,0.31568431568431565,0.33839627805145045,0.32471747757073843
direct_binned,bins1024_auc,logreg_C0p1,22,32,110,ok,,0.4,0.3361929533135164,0.3481060606060606,0.33398033126293997
direct_binned,bins1024_auc,xgboost_depth2,22,32,110,ok,,0.3,0.27644230769230765,0.31144077514046553,0.2623468771566598
direct_binned,bins1024_auc,svm_C1p0,23,32,110,ok,,0.43636363636363634,0.32378537778257277,0.32458592132505176,0.3351017943409248
direct_binned,bins1024_auc,logreg_C0p1,23,32,110,ok,,0.4636363636363636,0.36255271073499995,0.37298446365052773,0.3630844547964113
direct_binned,bins1024_auc,xgboost_depth2,23,32,110,ok,,0.37272727272727274,0.31988441555709807,0.32272727272727275,0.32270100069013113
direct_binned,bins1024_auc,svm_C1p0,24,32,110,ok,,0.36363636363636365,0.3007365812693682,0.3097850678733032,0.31464587646652864
direct_binned,bins1024_auc,logreg_C0p1,24,32,110,ok,,0.4727272727272727,0.4066181872468483,0.4515007796257796,0.42091528640441683
direct_binned,bins1024_auc,xgboost_depth2,24,32,110,ok,,0.4090909090909091,0.34532428355957767,0.36217948717948717,0.34833290200138023
direct_binned,bins1024_auc,svm_C1p0,25,32,110,ok,,0.5454545454545454,0.45347550843477946,0.46266294979530276,0.4526936680469289
direct_binned,bins1024_auc,logreg_C0p1,25,32,110,ok,,0.5545454545454546,0.44266055045871555,0.45660084451068056,0.44450914423740506
direct_binned,bins1024_auc,xgboost_depth2,25,32,110,ok,,0.41818181818181815,0.30930367702212364,0.31667760157462677,0.31307151483781914
direct_binned,bins1024_auc,svm_C1p0,26,32,110,ok,,0.4818181818181818,0.422475317364309,0.4287444629014396,0.4299193409247757
direct_binned,bins1024_auc,logreg_C0p1,26,32,110,ok,,0.5363636363636364,0.4890760046333422,0.4979522792022792,0.49361628709454797
direct_binned,bins1024_auc,xgboost_depth2,26,32,110,ok,,0.45454545454545453,0.4024410274410275,0.42696846282372597,0.4137228260869565
direct_binned,bins1024_auc,svm_C1p0,27,32,110,ok,,0.36363636363636365,0.3249614535353421,0.3442671809256662,0.32748878536922016
direct_binned,bins1024_auc,logreg_C0p1,27,32,110,ok,,0.44545454545454544,0.4141076142550734,0.43371340090090094,0.4225651311249138
direct_binned,bins1024_auc,xgboost_depth2,27,32,110,ok,,0.3181818181818182,0.2835632924994627,0.3197546181417149,0.277766994478951
direct_binned,bins1024_auc,svm_C1p0,28,32,110,ok,,0.5,0.42355678273763864,0.43676470588235294,0.42834497929606624
direct_binned,bins1024_auc,logreg_C0p1,28,32,110,ok,,0.5,0.4385649450886867,0.43920068027210885,0.43938707729468596
direct_binned,bins1024_auc,xgboost_depth2,28,32,110,ok,,0.37272727272727274,0.29632287790182527,0.2998538011695906,0.31543305728088333
direct_binned,bins1024_auc,svm_C1p0,29,32,110,ok,,0.37272727272727274,0.31638777888777886,0.33102363752518554,0.32270100069013113
direct_binned,bins1024_auc,logreg_C0p1,29,32,110,ok,,0.42727272727272725,0.3663003663003663,0.37922388928580886,0.37498921670117324
direct_binned,bins1024_auc,xgboost_depth2,29,32,110,ok,,0.34545454545454546,0.2662698412698413,0.280665606323501,0.28641520013802624
direct_binned,bins1024_auc,svm_C1p0,30,32,110,ok,,0.4,0.288673139158576,0.27090909090909093,0.30917874396135264
direct_binned,bins1024_auc,logreg_C0p1,30,32,110,ok,,0.509090909090909,0.36101077599181264,0.3522435897435897,0.38602053140096615
direct_binned,bins1024_auc,xgboost_depth2,30,32,110,ok,,0.44545454545454544,0.3424944636590242,0.34455128205128205,0.35059739475500346
direct_binned,bins1024_auc,svm_C1p0,31,32,110,ok,,0.5,0.41624314590701145,0.4297733516483516,0.4173999309868875
direct_binned,bins1024_auc,logreg_C0p1,31,32,110,ok,,0.4909090909090909,0.3842804280428043,0.39180054384999086,0.39218857832988263
direct_binned,bins1024_auc,xgboost_depth2,31,32,110,ok,,0.36363636363636365,0.3000303284807764,0.2975342943501511,0.304757591442374
direct_binned,bins1024_auc,svm_C1p0,32,32,110,ok,,0.38181818181818183,0.3405405405405406,0.3546875,0.3531961697722567
direct_binned,bins1024_auc,logreg_C0p1,32,32,110,ok,,0.4,0.3467300286053697,0.3625779857397504,0.3453027950310559
direct_binned,bins1024_auc,xgboost_depth2,32,32,110,ok,,0.39090909090909093,0.364462478239568,0.390476592936025,0.37783600759144237
direct_binned,bins1024_auc,svm_C1p0,33,32,110,ok,,0.42727272727272725,0.3542424636174636,0.3516666666666667,0.3596122325741891
direct_binned,bins1024_auc,logreg_C0p1,33,32,110,ok,,0.4818181818181818,0.41711734693877556,0.42516429963798386,0.41359342650103514
direct_binned,bins1024_auc,xgboost_depth2,33,32,110,ok,,0.36363636363636365,0.31892720115601175,0.34263648251062434,0.3134381469979296
direct_binned,bins1024_auc,svm_C1p0,34,32,110,ok,,0.43636363636363634,0.36462027186761226,0.3683035714285714,0.36349422015182886
direct_binned,bins1024_auc,logreg_C0p1,34,32,110,ok,,0.42727272727272725,0.3482201917994412,0.3538813483329257,0.34799861973775015
direct_binned,bins1024_auc,xgboost_depth2,34,32,110,ok,,0.35454545454545455,0.303955174686882,0.3312031965282739,0.29765139751552794
direct_binned,bins1024_auc,svm_C1p0,35,32,110,ok,,0.3,0.2611426732855304,0.26668198458125864,0.26441727053140096
direct_binned,bins1024_auc,logreg_C0p1,35,32,110,ok,,0.37272727272727274,0.31718261413383364,0.3397301228183581,0.32249611801242234
direct_binned,bins1024_auc,xgboost_depth2,35,32,110,ok,,0.2818181818181818,0.24855155007594032,0.273989898989899,0.24259187370600413
direct_binned,bins1024_auc,svm_C1p0,36,32,110,ok,,0.41818181818181815,0.356178587494377,0.3579590228526399,0.3560968771566598
direct_binned,bins1024_auc,logreg_C0p1,36,32,110,ok,,0.44545454545454544,0.39060489060489056,0.39881609618451724,0.3958656832298137
direct_binned,bins1024_auc,xgboost_depth2,36,32,110,ok,,0.4636363636363636,0.4162594354029408,0.423341947447329,0.41855374396135264
direct_binned,bins1024_auc,svm_C1p0,37,32,110,ok,,0.35454545454545455,0.33511676727807443,0.36392255892255887,0.3453027950310559
direct_binned,bins1024_auc,logreg_C0p1,37,32,110,ok,,0.4,0.3775071062250876,0.407862193678133,0.39738612836438925
direct_binned,bins1024_auc,xgboost_depth2,37,32,110,ok,,0.4090909090909091,0.38973022178086725,0.4260110294117647,0.4037159247757074
direct_binned,bins1024_auc,svm_C1p0,38,32,110,ok,,0.41818181818181815,0.35497835497835495,0.36291666666666667,0.352506038647343
direct_binned,bins1024_auc,logreg_C0p1,38,32,110,ok,,0.5,0.42448640615438415,0.4283377250768555,0.4230611628709455
direct_binned,bins1024_auc,xgboost_depth2,38,32,110,ok,,0.39090909090909093,0.33968520039801914,0.36001043609739264,0.3470820393374741
direct_binned,bins1024_auc,svm_C1p0,39,32,110,ok,,0.35454545454545455,0.31418644590634726,0.31880750828119253,0.31492624223602483
direct_binned,bins1024_auc,logreg_C0p1,39,32,110,ok,,0.4090909090909091,0.3787099467172731,0.39620535714285715,0.37089156314699795
direct_binned,bins1024_auc,xgboost_depth2,39,32,110,ok,,0.35454545454545455,0.30671635857682367,0.31583955971433286,0.30463897515527955
direct_binned,bins1024_auc,svm_C1p0,40,32,110,ok,,0.4636363636363636,0.40517487231339605,0.4038361879666227,0.41280624568668045
direct_binned,bins1024_auc,logreg_C0p1,40,32,110,ok,,0.45454545454545453,0.41083142639206716,0.4224534408357938,0.4149521221532091
direct_binned,bins1024_auc,xgboost_depth2,40,32,110,ok,,0.43636363636363634,0.3845575318401405,0.3875037707390649,0.39264147688060735
direct_binned,bins1024_auc,svm_C1p0,41,32,110,ok,,0.32727272727272727,0.2551527815839956,0.25985873131042525,0.25420548654244307
direct_binned,bins1024_auc,logreg_C0p1,41,32,110,ok,,0.45454545454545453,0.3848588808564178,0.3932172899564204,0.38259144237405107
direct_binned,bins1024_auc,xgboost_depth2,41,32,110,ok,,0.39090909090909093,0.30553419114966834,0.30664926289926286,0.3206629572118702
direct_binned,bins1024_auc,svm_C1p0,42,32,110,ok,,0.36363636363636365,0.30233674617089545,0.30959752321981426,0.30541537267080743
direct_binned,bins1024_auc,logreg_C0p1,42,32,110,ok,,0.4727272727272727,0.4018049155145929,0.4123588829471182,0.4023464458247067
direct_binned,bins1024_auc,xgboost_depth2,42,32,110,ok,,0.39090909090909093,0.29298245614035084,0.2910287164511195,0.30764751552795033
direct_binned,bins1024_auc,svm_C1p0,43,32,110,ok,,0.37272727272727274,0.3436983555744313,0.35693815987933636,0.34505477915804006
direct_binned,bins1024_auc,logreg_C0p1,43,32,110,ok,,0.4636363636363636,0.3853801169590644,0.38248620961386914,0.39316985852311936
direct_binned,bins1024_auc,xgboost_depth2,43,32,110,ok,,0.34545454545454546,0.3080104048555993,0.3197698135198135,0.31046195652173914
direct_binned,bins1024_auc,svm_C1p0,44,32,110,ok,,0.36363636363636365,0.3297569740146771,0.34683372183372185,0.3365467563837129
direct_binned,bins1024_auc,logreg_C0p1,44,32,110,ok,,0.34545454545454546,0.3320389266817838,0.3640491452991453,0.34923869910282956
direct_binned,bins1024_auc,xgboost_depth2,44,32,110,ok,,0.2818181818181818,0.28071059935814036,0.3548199112715242,0.30872584541062803
direct_binned,bins1024_auc,svm_C1p0,45,32,110,ok,,0.509090909090909,0.4623015873015873,0.46213399503722086,0.49196644237405107
direct_binned,bins1024_auc,logreg_C0p1,45,32,110,ok,,0.5454545454545454,0.4910399362839914,0.501875298614429,0.5077963250517598
direct_binned,bins1024_auc,xgboost_depth2,45,32,110,ok,,0.4090909090909091,0.3741192411924119,0.38328877005347595,0.3856970324361629
direct_binned,bins1024_auc,svm_C1p0,46,32,110,ok,,0.4909090909090909,0.39126855645125763,0.41688405797101447,0.40106323326432014
direct_binned,bins1024_auc,logreg_C0p1,46,32,110,ok,,0.4818181818181818,0.4068013068013068,0.4085132080848115,0.40755477915804006
direct_binned,bins1024_auc,xgboost_depth2,46,32,110,ok,,0.41818181818181815,0.3364971090582051,0.33820404592042763,0.33770056935817805
direct_binned,bins1024_auc,svm_C1p0,47,32,110,ok,,0.34545454545454546,0.2880316713428415,0.30606060606060603,0.33142468944099374
direct_binned,bins1024_auc,logreg_C0p1,47,32,110,ok,,0.36363636363636365,0.3286659379198834,0.34107531901649546,0.33192072118702554
direct_binned,bins1024_auc,xgboost_depth2,47,32,110,ok,,0.34545454545454546,0.31894338959212376,0.32920698924731184,0.3342391304347826
direct_binned,bins1024_auc,svm_C1p0,48,32,110,ok,,0.5,0.387980374124369,0.39023696770825567,0.39524025189786055
direct_binned,bins1024_auc,logreg_C0p1,48,32,110,ok,,0.4636363636363636,0.3704298048048048,0.3736293859649123,0.36948973429951687
direct_binned,bins1024_auc,xgboost_depth2,48,32,110,ok,,0.4090909090909091,0.29396338724168913,0.29949121759466585,0.3072054002760524
direct_binned,bins1024_auc,svm_C1p0,49,32,110,ok,,0.2727272727272727,0.27696863713812864,0.3106351981351982,0.31012767425810905
direct_binned,bins1024_auc,logreg_C0p1,49,32,110,ok,,0.34545454545454546,0.34395700903312143,0.3644907723855092,0.36886430296756384
direct_binned,bins1024_auc,xgboost_depth2,49,32,110,ok,,0.3,0.30033807221181025,0.3670634920634921,0.31678096963423047
direct_binned,bins1024_auc,svm_C1p0,50,32,110,ok,,0.4090909090909091,0.3791005504214724,0.3892424242424243,0.3862685472739821
direct_binned,bins1024_auc,logreg_C0p1,50,32,110,ok,,0.43636363636363634,0.39082462253193956,0.41089982643775214,0.3932992581090407
direct_binned,bins1024_auc,xgboost_depth2,50,32,110,ok,,0.4090909090909091,0.3592786939863401,0.36679986679986676,0.36163949275362317
direct_binned,bins1024_auc,svm_C1p0,51,32,110,ok,,0.41818181818181815,0.3771285896921699,0.39454365079365084,0.37882807108350586
direct_binned,bins1024_auc,logreg_C0p1,51,32,110,ok,,0.42727272727272725,0.3861478028144694,0.39587251828631137,0.39903597308488614
direct_binned,bins1024_auc,xgboost_depth2,51,32,110,ok,,0.34545454545454546,0.3093950599863017,0.3330228031145717,0.30980417529330573
direct_binned,bins1024_auc,svm_C1p0,52,32,110,ok,,0.3181818181818182,0.30772873698285996,0.3678571428571429,0.32691727053140096
direct_binned,bins1024_auc,logreg_C0p1,52,32,110,ok,,0.41818181818181815,0.39007518796992485,0.41153273809523805,0.42467865769496205
direct_binned,bins1024_auc,xgboost_depth2,52,32,110,ok,,0.4090909090909091,0.3861426165967722,0.40364583333333326,0.39974767080745344
direct_binned,bins1024_auc,svm_C1p0,53,32,110,ok,,0.43636363636363634,0.4015428247305729,0.4090286084529505,0.41566381987577644
direct_binned,bins1024_auc,logreg_C0p1,53,32,110,ok,,0.43636363636363634,0.3899136577708006,0.3981349206349206,0.3936766735679779
direct_binned,bins1024_auc,xgboost_depth2,53,32,110,ok,,0.35454545454545455,0.33256499221779207,0.3986624788255223,0.33981409592822637
direct_binned,bins1024_auc,svm_C1p0,54,32,110,ok,,0.3090909090909091,0.2970655695735019,0.3238927738927739,0.32150405452035885
direct_binned,bins1024_auc,logreg_C0p1,54,32,110,ok,,0.4,0.36511774600504626,0.4202799055740232,0.38189052795031053
direct_binned,bins1024_auc,xgboost_depth2,54,32,110,ok,,0.37272727272727274,0.2867018518764706,0.2831041961833797,0.29608781918564525
direct_binned,bins1024_auc,svm_C1p0,55,32,110,ok,,0.42727272727272725,0.3799232327955732,0.3949652777777778,0.3843275534851622
direct_binned,bins1024_auc,logreg_C0p1,55,32,110,ok,,0.4818181818181818,0.42486124911289236,0.43879229323308266,0.4286792615596964
direct_binned,bins1024_auc,xgboost_depth2,55,32,110,ok,,0.3181818181818182,0.2635849375211078,0.27625519904931667,0.2624762767425811
direct_binned,bins1024_auc,svm_C1p0,56,32,110,ok,,0.4909090909090909,0.36814701653486703,0.38102413306058835,0.38313060731538995
direct_binned,bins1024_auc,logreg_C0p1,56,32,110,ok,,0.4727272727272727,0.3936760505915953,0.4089285714285714,0.3967714803312629
direct_binned,bins1024_auc,xgboost_depth2,56,32,110,ok,,0.34545454545454546,0.3139344262295082,0.3597787081339713,0.3398895790200138
direct_binned,bins1024_auc,svm_C1p0,57,32,110,ok,,0.41818181818181815,0.3199443413729128,0.3207085020242915,0.32071687370600416
direct_binned,bins1024_auc,logreg_C0p1,57,32,110,ok,,0.5363636363636364,0.4779957435495342,0.4887152777777778,0.48134489302967565
direct_binned,bins1024_auc,xgboost_depth2,57,32,110,ok,,0.4727272727272727,0.41494576394157934,0.4614267676767677,0.42790286404416833
direct_binned,bins1024_auc,svm_C1p0,58,32,110,ok,,0.44545454545454544,0.37095000470765466,0.3746794871794871,0.36973775017253274
direct_binned,bins1024_auc,logreg_C0p1,58,32,110,ok,,0.509090909090909,0.4231989861765484,0.4430405390996524,0.43033988957902003
direct_binned,bins1024_auc,xgboost_depth2,58,32,110,ok,,0.41818181818181815,0.34395805975994653,0.342009371442511,0.3612728605935127
direct_binned,bins1024_auc,svm_C1p0,59,32,110,ok,,0.43636363636363634,0.4110449874528606,0.4582516339869281,0.43256124913733607
direct_binned,bins1024_auc,logreg_C0p1,59,32,110,ok,,0.42727272727272725,0.40276930894308943,0.4232970342670627,0.4269755003450656
direct_binned,bins1024_auc,xgboost_depth2,59,32,110,ok,,0.37272727272727274,0.3449344636844637,0.3562960203366059,0.35109342650103514
direct_binned,bins1024_auc,svm_C1p0,60,32,110,ok,,0.32727272727272727,0.29583333333333334,0.3079492845117845,0.30004528985507245
direct_binned,bins1024_auc,logreg_C0p1,60,32,110,ok,,0.37272727272727274,0.3333811144804274,0.3479520479520479,0.33740942028985504
direct_binned,bins1024_auc,xgboost_depth2,60,32,110,ok,,0.4,0.3740422183045134,0.391533180778032,0.3837021221532091
direct_binned,bins1024_auc,svm_C1p0,61,32,110,ok,,0.43636363636363634,0.3689937162320883,0.3677124183006536,0.38982703588681855
direct_binned,bins1024_auc,logreg_C0p1,61,32,110,ok,,0.4,0.3372113257265021,0.3552277432712215,0.3510610766045549
direct_binned,bins1024_auc,xgboost_depth2,61,32,110,ok,,0.37272727272727274,0.3111660079051383,0.31577061382553373,0.3120363181504486
direct_binned,bins1024_auc,svm_C1p0,62,32,110,ok,,0.39090909090909093,0.3246338319451527,0.3370710784313726,0.3331176673567978
direct_binned,bins1024_auc,logreg_C0p1,62,32,110,ok,,0.38181818181818183,0.31666666666666665,0.33788798920377866,0.32026397515527955
direct_binned,bins1024_auc,xgboost_depth2,62,32,110,ok,,0.33636363636363636,0.2950019791088356,0.3169034090909091,0.3135675465838509
direct_binned,bins1024_auc,svm_C1p0,63,32,110,ok,,0.35454545454545455,0.3333077656886505,0.3447526737967914,0.3334088164251207
direct_binned,bins1024_auc,logreg_C0p1,63,32,110,ok,,0.4,0.34303162103089613,0.3570297842401501,0.33803485162180813
direct_binned,bins1024_auc,xgboost_depth2,63,32,110,ok,,0.2909090909090909,0.2704927593834243,0.31947415329768275,0.2974357315389924
direct_binned,bins1024_auc,svm_C1p0,64,32,110,ok,,0.3181818181818182,0.3035338977961929,0.310562865497076,0.321450138026225
direct_binned,bins1024_auc,logreg_C0p1,64,32,110,ok,,0.36363636363636365,0.34786733175668644,0.377016317016317,0.35154632505175987
direct_binned,bins1024_auc,xgboost_depth2,64,32,110,ok,,0.2818181818181818,0.2610112738789209,0.27738095238095234,0.27768072808833677
direct_binned,bins1024_auc,svm_C1p0,65,32,110,ok,,0.36363636363636365,0.27682652576150946,0.2853023478023478,0.28389190821256033
direct_binned,bins1024_auc,logreg_C0p1,65,32,110,ok,,0.41818181818181815,0.35455827067669177,0.379508547008547,0.35212862318840576
direct_binned,bins1024_auc,xgboost_depth2,65,32,110,ok,,0.35454545454545455,0.3307704402515723,0.35860805860805856,0.3454753278122843
direct_binned,bins1024_auc,svm_C1p0,66,32,110,ok,,0.42727272727272725,0.39121596275210735,0.4030032467532467,0.3966852139406487
direct_binned,bins1024_auc,logreg_C0p1,66,32,110,ok,,0.4727272727272727,0.3997033116074514,0.40879119678293563,0.40669211525189786
direct_binned,bins1024_auc,xgboost_depth2,66,32,110,ok,,0.43636363636363634,0.35892531101509434,0.37142975583468063,0.36482056590752243
direct_binned,bins1024_auc,svm_C1p0,67,32,110,ok,,0.4090909090909091,0.3682181786216596,0.3980560886974991,0.3807798481711525
direct_binned,bins1024_auc,logreg_C0p1,67,32,110,ok,,0.43636363636363634,0.38407917383821,0.39748919810839317,0.39942417184265006
direct_binned,bins1024_auc,xgboost_depth2,67,32,110,ok,,0.32727272727272727,0.3173794280836534,0.34875236800204545,0.3334411663216011
direct_binned,bins1024_auc,svm_C1p0,68,32,110,ok,,0.4090909090909091,0.3677527110543732,0.37782229965156794,0.3653165976535542
direct_binned,bins1024_auc,logreg_C0p1,68,32,110,ok,,0.45454545454545453,0.41183673469387755,0.4201719576719577,0.41239648033126297
direct_binned,bins1024_auc,xgboost_depth2,68,32,110,ok,,0.3090909090909091,0.2914040616246499,0.33988130417651696,0.3066123188405797
direct_binned,bins1024_auc,svm_C1p0,69,32,110,ok,,0.4,0.35413943355119826,0.3585107284704059,0.35964458247066944
direct_binned,bins1024_auc,logreg_C0p1,69,32,110,ok,,0.43636363636363634,0.37288351693186456,0.3836647173489278,0.36915545203588684
direct_binned,bins1024_auc,xgboost_depth2,69,32,110,ok,,0.38181818181818183,0.34744987618317347,0.37027252502780866,0.34497929606625255
direct_binned,bins1024_auc,svm_C1p0,70,32,110,ok,,0.4818181818181818,0.4127295997440281,0.4291378432003432,0.4244306418219461
direct_binned,bins1024_auc,logreg_C0p1,70,32,110,ok,,0.4727272727272727,0.4064713730880273,0.43143720581942663,0.41318366114561766
direct_binned,bins1024_auc,xgboost_depth2,70,32,110,ok,,0.4727272727272727,0.4046601757810891,0.40922619047619047,0.40433057280883367
direct_binned,bins1024_auc,svm_C1p0,71,32,110,ok,,0.42727272727272725,0.3555441996618467,0.3587092731829574,0.35555771221532095
direct_binned,bins1024_auc,logreg_C0p1,71,32,110,ok,,0.43636363636363634,0.35270007770007766,0.36151477832512313,0.34906616632160115
direct_binned,bins1024_auc,xgboost_depth2,71,32,110,ok,,0.36363636363636365,0.3179502702255199,0.3427770146520146,0.33042184265010355
direct_binned,bins1024_auc,svm_C1p0,72,32,110,ok,,0.39090909090909093,0.34811715212572003,0.3616440294284097,0.34245600414078675
direct_binned,bins1024_auc,logreg_C0p1,72,32,110,ok,,0.42727272727272725,0.3789660613434897,0.38168859649122805,0.37866632160110425
direct_binned,bins1024_auc,xgboost_depth2,72,32,110,ok,,0.4090909090909091,0.3503206545776205,0.3603433487663776,0.34919556590752243
direct_binned,bins1024_auc,svm_C1p0,73,32,110,ok,,0.4909090909090909,0.40231263237002124,0.408234126984127,0.40842822636300896
direct_binned,bins1024_auc,logreg_C0p1,73,32,110,ok,,0.5181818181818182,0.4311971695388467,0.4453746684350133,0.44244953416149074
direct_binned,bins1024_auc,xgboost_depth2,73,32,110,ok,,0.44545454545454544,0.3491709183673469,0.34167464114832535,0.37399715320910976
direct_binned,bins1024_auc,svm_C1p0,74,32,110,ok,,0.37272727272727274,0.3164027149321267,0.33692438568599564,0.32270100069013113
direct_binned,bins1024_auc,logreg_C0p1,74,32,110,ok,,0.43636363636363634,0.3757703081232493,0.3851120430067798,0.39189742926155974
direct_binned,bins1024_auc,xgboost_depth2,74,32,110,ok,,0.38181818181818183,0.3473847517730496,0.3651041666666667,0.35064052795031053
direct_binned,bins1024_auc,svm_C1p0,75,32,110,ok,,0.41818181818181815,0.36393348235453493,0.39136904761904767,0.36486369910282956
direct_binned,bins1024_auc,logreg_C0p1,75,32,110,ok,,0.4818181818181818,0.44447821681864236,0.46469696232504576,0.449059696342305
direct_binned,bins1024_auc,xgboost_depth2,75,32,110,ok,,0.39090909090909093,0.33084975369458125,0.3516666666666667,0.35812413733609383
direct_binned,bins1024_auc,svm_C1p0,76,32,110,ok,,0.37272727272727274,0.3141821946169773,0.3247759856630824,0.32166580400276057
direct_binned,bins1024_auc,logreg_C0p1,76,32,110,ok,,0.38181818181818183,0.3167428123310476,0.3280500997892302,0.33299905106970323
direct_binned,bins1024_auc,xgboost_depth2,76,32,110,ok,,0.38181818181818183,0.33028143689908396,0.3433441558441558,0.34535671152518976
direct_binned,bins1024_auc,svm_C1p0,77,32,110,ok,,0.37272727272727274,0.35824980393420786,0.40049232736572893,0.36750560731538995
direct_binned,bins1024_auc,logreg_C0p1,77,32,110,ok,,0.3181818181818182,0.30587428174263165,0.36641712038717483,0.3162525879917184
direct_binned,bins1024_auc,xgboost_depth2,77,32,110,ok,,0.34545454545454546,0.3091914716201172,0.33824786324786327,0.3128234989648033
direct_binned,bins1024_auc,svm_C1p0,78,32,110,ok,,0.44545454545454544,0.3283172746294427,0.3334575260804769,0.34031012767425817
direct_binned,bins1024_auc,logreg_C0p1,78,32,110,ok,,0.4727272727272727,0.3528783308195073,0.3578411172161172,0.36263155624568666
direct_binned,bins1024_auc,xgboost_depth2,78,32,110,ok,,0.4636363636363636,0.3095652173913043,0.31218905472636815,0.33666537267080743
direct_binned,bins1024_auc,svm_C1p0,79,32,110,ok,,0.39090909090909093,0.3276942355889725,0.33458646616541354,0.3399866287094548
direct_binned,bins1024_auc,logreg_C0p1,79,32,110,ok,,0.45454545454545453,0.39054366685945635,0.3997367216117216,0.4038021911663216
direct_binned,bins1024_auc,xgboost_depth2,79,32,110,ok,,0.3,0.23635901113787797,0.2427034347766055,0.23300552104899933
direct_binned,bins1024_auc,svm_C1p0,80,32,110,ok,,0.35454545454545455,0.3190592775993201,0.32793040293040293,0.322657867494824
direct_binned,bins1024_auc,logreg_C0p1,80,32,110,ok,,0.43636363636363634,0.4225332270069112,0.4426085568326948,0.4333052967563837
direct_binned,bins1024_auc,xgboost_depth2,80,32,110,ok,,0.35454545454545455,0.330187074829932,0.35982804232804233,0.33398033126293997
direct_binned,bins1024_auc,svm_C1p0,81,32,110,ok,,0.45454545454545453,0.3868810051736881,0.4057393790849673,0.40694013112491373
direct_binned,bins1024_auc,logreg_C0p1,81,32,110,ok,,0.509090909090909,0.4624912464985995,0.48342189608636976,0.46658255693581785
direct_binned,bins1024_auc,xgboost_depth2,81,32,110,ok,,0.41818181818181815,0.37627689914441276,0.3990842490842491,0.4065734989648032
direct_binned,bins1024_auc,svm_C1p0,82,32,110,ok,,0.36363636363636365,0.31272893772893773,0.3211890019165561,0.3291925465838509
direct_binned,bins1024_auc,logreg_C0p1,82,32,110,ok,,0.4727272727272727,0.3959406821248927,0.40520833333333334,0.43207600069013113
direct_binned,bins1024_auc,xgboost_depth2,82,32,110,ok,,0.41818181818181815,0.34685592185592184,0.3510762199616688,0.36506858178053825
direct_binned,bins1024_auc,svm_C1p0,83,32,110,ok,,0.44545454545454544,0.35777095533193093,0.36000905797101446,0.36238354037267084
direct_binned,bins1024_auc,logreg_C0p1,83,32,110,ok,,0.43636363636363634,0.3883045624337878,0.40093824304350617,0.3925552104899931
direct_binned,bins1024_auc,xgboost_depth2,83,32,110,ok,,0.37272727272727274,0.3445769723283779,0.3729861111111111,0.3463811249137336
direct_binned,bins1024_auc,svm_C1p0,84,32,110,ok,,0.45454545454545453,0.4067868204192246,0.40479648116947886,0.41467175638371295
direct_binned,bins1024_auc,logreg_C0p1,84,32,110,ok,,0.4818181818181818,0.4303921568627451,0.446072446072446,0.4369931849551415
direct_binned,bins1024_auc,xgboost_depth2,84,32,110,ok,,0.2727272727272727,0.24786565343840888,0.27970866342959366,0.25069013112491373
direct_binned,bins1024_auc,svm_C1p0,85,32,110,ok,,0.35454545454545455,0.3288552362255502,0.3458830518758216,0.3334088164251207
direct_binned,bins1024_auc,logreg_C0p1,85,32,110,ok,,0.45454545454545453,0.4045394736842105,0.41039272030651336,0.4124827467218772
direct_binned,bins1024_auc,xgboost_depth2,85,32,110,ok,,0.32727272727272727,0.2924759349177954,0.30476190476190473,0.30918952726017945
direct_binned,bins1024_auc,svm_C1p0,86,32,110,ok,,0.42727272727272725,0.3860472377314135,0.39648723257418916,0.3880046583850931
direct_binned,bins1024_auc,logreg_C0p1,86,32,110,ok,,0.42727272727272725,0.3791257243638196,0.3948063585160359,0.38196601104209793
direct_binned,bins1024_auc,xgboost_depth2,86,32,110,ok,,0.4,0.35489002645865386,0.38121402983321584,0.35596747757073843
direct_binned,bins1024_auc,svm_C1p0,87,32,110,ok,,0.43636363636363634,0.38738470442943623,0.3952030565978737,0.4023572291235335
direct_binned,bins1024_auc,logreg_C0p1,87,32,110,ok,,0.44545454545454544,0.37344502594823514,0.3765080558125193,0.37776052449965497
direct_binned,bins1024_auc,xgboost_depth2,87,32,110,ok,,0.38181818181818183,0.3176201372997711,0.31590244793569605,0.3298934610075914
direct_binned,bins1024_auc,svm_C1p0,88,32,110,ok,,0.43636363636363634,0.3760790083823792,0.403892138468896,0.3752803657694962
direct_binned,bins1024_auc,logreg_C0p1,88,32,110,ok,,0.4090909090909091,0.3618270072772293,0.384478021978022,0.37239044168391994
direct_binned,bins1024_auc,xgboost_depth2,88,32,110,ok,,0.42727272727272725,0.36802336536649705,0.39034244264507423,0.3707298136645963
direct_binned,bins1024_auc,svm_C1p0,89,32,110,ok,,0.43636363636363634,0.3765998494259364,0.3868423243423243,0.38585878191856454
direct_binned,bins1024_auc,logreg_C0p1,89,32,110,ok,,0.4818181818181818,0.4501867413632119,0.46934340996841,0.44698930296756384
direct_binned,bins1024_auc,xgboost_depth2,89,32,110,ok,,0.34545454545454546,0.3209041446517048,0.3676406926406927,0.34142080745341613
direct_binned,bins1024_auc,svm_C1p0,90,32,110,ok,,0.33636363636363636,0.28085506225041107,0.2883116883116883,0.2815734989648033
direct_binned,bins1024_auc,logreg_C0p1,90,32,110,ok,,0.38181818181818183,0.3362702346407818,0.35642428142428145,0.33431461352657005
direct_binned,bins1024_auc,xgboost_depth2,90,32,110,ok,,0.4090909090909091,0.3723046715626275,0.40187815656565656,0.36692330917874394
direct_binned,bins1024_auc,svm_C1p0,91,32,110,ok,,0.4,0.3386623839289881,0.3406423486654552,0.3405904934437543
direct_binned,bins1024_auc,logreg_C0p1,91,32,110,ok,,0.4,0.35626628273687094,0.36262563698845557,0.3580378709454797
direct_binned,bins1024_auc,xgboost_depth2,91,32,110,ok,,0.35454545454545455,0.29153679653679654,0.2965788840788841,0.2908687025534852
direct_binned,bins1024_auc,svm_C1p0,92,32,110,ok,,0.35454545454545455,0.3311292912987828,0.3626567398119122,0.33567330917874394
direct_binned,bins1024_auc,logreg_C0p1,92,32,110,ok,,0.33636363636363636,0.2824007448605174,0.2999551971326165,0.29148335058661146
direct_binned,bins1024_auc,xgboost_depth2,92,32,110,ok,,0.3090909090909091,0.2863907121067605,0.32309233449477354,0.28954235679779156
direct_binned,bins1024_auc,svm_C1p0,93,32,110,ok,,0.39090909090909093,0.3271221995059204,0.34094427244582043,0.3331176673567978
direct_binned,bins1024_auc,logreg_C0p1,93,32,110,ok,,0.41818181818181815,0.3761140819964349,0.38955199543434843,0.38118961352657005
direct_binned,bins1024_auc,xgboost_depth2,93,32,110,ok,,0.41818181818181815,0.3939254385964912,0.4307752286699655,0.4047834713595583
direct_binned,bins1024_auc,svm_C1p0,94,32,110,ok,,0.4090909090909091,0.3906546489563567,0.4431818181818182,0.42297489648033126
direct_binned,bins1024_auc,logreg_C0p1,94,32,110,ok,,0.42727272727272725,0.3947936972059779,0.4206811706811707,0.42367581090407175
direct_binned,bins1024_auc,xgboost_depth2,94,32,110,ok,,0.3181818181818182,0.29808654876690505,0.3209046700426011,0.30710835058661146
direct_binned,bins1024_auc,svm_C1p0,95,32,110,ok,,0.42727272727272725,0.39159110284429977,0.3954858302684389,0.4017749309868875
direct_binned,bins1024_auc,logreg_C0p1,95,32,110,ok,,0.4727272727272727,0.4051837789499557,0.4105180533751962,0.4114906832298137
direct_binned,bins1024_auc,xgboost_depth2,95,32,110,ok,,0.35454545454545455,0.31468263194605905,0.32561240169935823,0.33530667701863354
direct_binned,bins1024_auc,svm_C1p0,96,32,110,ok,,0.45454545454545453,0.3465908360645203,0.3709627329192547,0.34919556590752243
direct_binned,bins1024_auc,logreg_C0p1,96,32,110,ok,,0.4818181818181818,0.3740522635259478,0.3878896719978314,0.38528726708074534
direct_binned,bins1024_auc,xgboost_depth2,96,32,110,ok,,0.4090909090909091,0.3353278173439464,0.3736336032388664,0.35626940993788814
direct_binned,bins1024_auc,svm_C1p0,97,32,110,ok,,0.35454545454545455,0.30296488124887755,0.3027597402597403,0.30463897515527955
direct_binned,bins1024_auc,logreg_C0p1,97,32,110,ok,,0.32727272727272727,0.285926969182487,0.29476072201455833,0.2866524327122153
direct_binned,bins1024_auc,xgboost_depth2,97,32,110,ok,,0.32727272727272727,0.28658029687441455,0.2959506343281349,0.2840105244996549
direct_binned,bins1024_auc,svm_C1p0,98,32,110,ok,,0.5272727272727272,0.45079739313781864,0.4543269230769231,0.45095755693581774
direct_binned,bins1024_auc,logreg_C0p1,98,32,110,ok,,0.5,0.42122197553436946,0.42553688141923435,0.4209907694962043
direct_binned,bins1024_auc,xgboost_depth2,98,32,110,ok,,0.4636363636363636,0.36657554959529026,0.3728109903381642,0.37825655624568666
direct_binned,bins1024_auc,svm_C1p0,99,32,110,ok,,0.43636363636363634,0.3812808315715292,0.3832738095238095,0.38792917529330573
direct_binned,bins1024_auc,logreg_C0p1,99,32,110,ok,,0.4636363636363636,0.3765943702237616,0.3769695280564846,0.37854770531400966
direct_binned,bins1024_auc,xgboost_depth2,99,32,110,ok,,0.41818181818181815,0.3513551665725579,0.35051406926406925,0.35647429261559693
direct_binned,bins1024_auc,svm_C1p0,100,32,110,ok,,0.42727272727272725,0.3528246891081727,0.36634199134199136,0.3499827467218772
direct_binned,bins1024_auc,logreg_C0p1,100,32,110,ok,,0.38181818181818183,0.2919891420122688,0.2914962944032712,0.3032802795031056
direct_binned,bins1024_auc,xgboost_depth2,100,32,110,ok,,0.41818181818181815,0.3382318943328761,0.34799498746867175,0.33505866114561766
direct_binned,bins2048_auc,svm_C1p0,1,32,110,ok,,0.4909090909090909,0.44147915576487007,0.4517893820219402,0.44748533471359553
direct_binned,bins2048_auc,logreg_C0p1,1,32,110,ok,,0.4909090909090909,0.4002838036584245,0.41520576610090676,0.40238957902001377
direct_binned,bins2048_auc,xgboost_depth2,1,32,110,ok,,0.41818181818181815,0.30509554793817606,0.3245887445887446,0.30835921325051757
direct_binned,bins2048_auc,svm_C1p0,2,32,110,ok,,0.39090909090909093,0.3437329199972672,0.36067804744275334,0.35576259489302964
direct_binned,bins2048_auc,logreg_C0p1,2,32,110,ok,,0.4090909090909091,0.3481185584837795,0.37426043113649227,0.36476664941338854
direct_binned,bins2048_auc,xgboost_depth2,2,32,110,ok,,0.43636363636363634,0.3855040463612182,0.4154398954703833,0.407845928226363
direct_binned,bins2048_auc,svm_C1p0,3,32,110,ok,,0.38181818181818183,0.31843365253077976,0.3262445887445888,0.32790933402346445
direct_binned,bins2048_auc,logreg_C0p1,3,32,110,ok,,0.41818181818181815,0.3650137607409779,0.3787006834420628,0.36676155969634233
direct_binned,bins2048_auc,xgboost_depth2,3,32,110,ok,,0.4,0.36437101486362566,0.39086105336105337,0.36067977915804006
direct_binned,bins2048_auc,svm_C1p0,4,32,110,ok,,0.4090909090909091,0.34456225543579694,0.34901306275908606,0.3451410455486542
direct_binned,bins2048_auc,logreg_C0p1,4,32,110,ok,,0.44545454545454544,0.37087114155512885,0.3668066534914361,0.38031616632160115
direct_binned,bins2048_auc,xgboost_depth2,4,32,110,ok,,0.4,0.3260929720778726,0.32809498930188585,0.33427148033126297
direct_binned,bins2048_auc,svm_C1p0,5,32,110,ok,,0.43636363636363634,0.3426423200859291,0.33577380952380953,0.3555684955141477
direct_binned,bins2048_auc,logreg_C0p1,5,32,110,ok,,0.45454545454545453,0.3734217039968532,0.38288347597103356,0.3770164768806073
direct_binned,bins2048_auc,xgboost_depth2,5,32,110,ok,,0.34545454545454546,0.29502319015930634,0.3054366610401093,0.28971488957902003
direct_binned,bins2048_auc,svm_C1p0,6,32,110,ok,,0.42727272727272725,0.3589407677113824,0.369322237216974,0.36064742926155974
direct_binned,bins2048_auc,logreg_C0p1,6,32,110,ok,,0.5272727272727272,0.4768290919606709,0.489187181663837,0.47605029330572807
direct_binned,bins2048_auc,xgboost_depth2,6,32,110,ok,,0.4818181818181818,0.4279043898905761,0.45739786529260207,0.43313276397515527
direct_binned,bins2048_auc,svm_C1p0,7,32,110,ok,,0.45454545454545453,0.3492464539007092,0.3482142857142857,0.3519237405106971
direct_binned,bins2048_auc,logreg_C0p1,7,32,110,ok,,0.39090909090909093,0.31171837421837423,0.325927033492823,0.3061270703933747
direct_binned,bins2048_auc,xgboost_depth2,7,32,110,ok,,0.42727272727272725,0.3490559960289095,0.3523611111111111,0.35196687370600416
direct_binned,bins2048_auc,svm_C1p0,8,32,110,ok,,0.34545454545454546,0.2722198294426738,0.2769982473302356,0.27735722912353344
direct_binned,bins2048_auc,logreg_C0p1,8,32,110,ok,,0.35454545454545455,0.31316056910569107,0.3270806100217865,0.31294211525189786
direct_binned,bins2048_auc,xgboost_depth2,8,32,110,ok,,0.32727272727272727,0.3108477252403309,0.40464015151515154,0.3479878364389234
direct_binned,bins2048_auc,svm_C1p0,9,32,110,ok,,0.37272727272727274,0.34117132867132866,0.35512952658286245,0.34543219461697716
direct_binned,bins2048_auc,logreg_C0p1,9,32,110,ok,,0.4,0.38368364030335866,0.4180778963387659,0.4068969979296066
direct_binned,bins2048_auc,xgboost_depth2,9,32,110,ok,,0.3181818181818182,0.31548789173789177,0.3709677419354839,0.3449361628709455
direct_binned,bins2048_auc,svm_C1p0,10,32,110,ok,,0.4727272727272727,0.40326328176959314,0.40561403508771926,0.4027238612836439
direct_binned,bins2048_auc,logreg_C0p1,10,32,110,ok,,0.45454545454545453,0.3823553645743235,0.38313090418353574,0.3840040545203588
direct_binned,bins2048_auc,xgboost_depth2,10,32,110,ok,,0.35454545454545455,0.30371292681832457,0.31638996138996134,0.2979425465838509
direct_binned,bins2048_auc,svm_C1p0,11,32,110,ok,,0.5,0.4135714285714286,0.41823032631856166,0.41693624913733607
direct_binned,bins2048_auc,logreg_C0p1,11,32,110,ok,,0.44545454545454544,0.36394365438483084,0.3659964470284237,0.37030926501035194
direct_binned,bins2048_auc,xgboost_depth2,11,32,110,ok,,0.39090909090909093,0.3578309692671395,0.3729638532763533,0.36245902346445824
direct_binned,bins2048_auc,svm_C1p0,12,32,110,ok,,0.38181818181818183,0.3509463970773494,0.37355320118478014,0.35158945824706694
direct_binned,bins2048_auc,logreg_C0p1,12,32,110,ok,,0.38181818181818183,0.35421516376705053,0.377706718904541,0.37300508971704627
direct_binned,bins2048_auc,xgboost_depth2,12,32,110,ok,,0.3090909090909091,0.28069615208050414,0.29972826086956517,0.2989777432712215
direct_binned,bins2048_auc,svm_C1p0,13,32,110,ok,,0.4090909090909091,0.34039714430004925,0.35036079649251006,0.34117279158040026
direct_binned,bins2048_auc,logreg_C0p1,13,32,110,ok,,0.42727272727272725,0.3788812251578209,0.38408736808066557,0.3766821946169773
direct_binned,bins2048_auc,xgboost_depth2,13,32,110,ok,,0.4090909090909091,0.3488568083932826,0.3504224608343601,0.3482466356107661
direct_binned,bins2048_auc,svm_C1p0,14,32,110,ok,,0.37272727272727274,0.2961894667777021,0.30744047619047615,0.29674560041407866
direct_binned,bins2048_auc,logreg_C0p1,14,32,110,ok,,0.4090909090909091,0.3263551961665169,0.33296130952380953,0.3359752415458937
direct_binned,bins2048_auc,xgboost_depth2,14,32,110,ok,,0.35454545454545455,0.2713465649417662,0.28541666666666665,0.26822377501725325
direct_binned,bins2048_auc,svm_C1p0,15,32,110,ok,,0.34545454545454546,0.34371397063819337,0.37286324786324787,0.36820652173913043
direct_binned,bins2048_auc,logreg_C0p1,15,32,110,ok,,0.33636363636363636,0.3407575757575757,0.3852207645311093,0.3650685817805383
direct_binned,bins2048_auc,xgboost_depth2,15,32,110,ok,,0.24545454545454545,0.23904098184593112,0.32104700854700857,0.26676802967563834
direct_binned,bins2048_auc,svm_C1p0,16,32,110,ok,,0.4727272727272727,0.3909224795822734,0.39304471788715484,0.4022601794340924
direct_binned,bins2048_auc,logreg_C0p1,16,32,110,ok,,0.5,0.4174809317666461,0.4215360983102918,0.4245816080055211
direct_binned,bins2048_auc,xgboost_depth2,16,32,110,ok,,0.33636363636363636,0.27249032361329373,0.2842650103519669,0.2913970841959973
direct_binned,bins2048_auc,svm_C1p0,17,32,110,ok,,0.4090909090909091,0.36535901681205263,0.36374223602484473,0.3712689786059351
direct_binned,bins2048_auc,logreg_C0p1,17,32,110,ok,,0.4818181818181818,0.442942244522559,0.44340022296544035,0.4519927536231884
direct_binned,bins2048_auc,xgboost_depth2,17,32,110,ok,,0.42727272727272725,0.37094285025319507,0.3795922215039862,0.3797877846790891
direct_binned,bins2048_auc,svm_C1p0,18,32,110,ok,,0.4727272727272727,0.4041648643452767,0.40898968282965364,0.4047079882677709
direct_binned,bins2048_auc,logreg_C0p1,18,32,110,ok,,0.5272727272727272,0.42999526611212546,0.4501201923076923,0.4340601276742581
direct_binned,bins2048_auc,xgboost_depth2,18,32,110,ok,,0.37272727272727274,0.30444353295050586,0.31937229437229436,0.3221187025534852
direct_binned,bins2048_auc,svm_C1p0,19,32,110,ok,,0.4,0.30302684903748733,0.3006697408871322,0.31851708074534163
direct_binned,bins2048_auc,logreg_C0p1,19,32,110,ok,,0.44545454545454544,0.3466877868405882,0.34813218390804596,0.357293823326432
direct_binned,bins2048_auc,xgboost_depth2,19,32,110,ok,,0.38181818181818183,0.31795560422750657,0.32332251082251084,0.3355546928916494
direct_binned,bins2048_auc,svm_C1p0,20,32,110,ok,,0.34545454545454546,0.2967247778994767,0.3103335633770416,0.29537612146307796
direct_binned,bins2048_auc,logreg_C0p1,20,32,110,ok,,0.39090909090909093,0.34295772362999255,0.35410251199724885,0.33943668046928915
direct_binned,bins2048_auc,xgboost_depth2,20,32,110,ok,,0.42727272727272725,0.4014148642055618,0.428393665158371,0.40640096618357485
direct_binned,bins2048_auc,svm_C1p0,21,32,110,ok,,0.36363636363636365,0.31864035087719295,0.33630514705882353,0.3348537784679089
direct_binned,bins2048_auc,logreg_C0p1,21,32,110,ok,,0.37272727272727274,0.3272265525172502,0.35466507177033496,0.3410973084886128
direct_binned,bins2048_auc,xgboost_depth2,21,32,110,ok,,0.33636363636363636,0.2986836136836137,0.3403037357640938,0.3008324706694272
direct_binned,bins2048_auc,svm_C1p0,22,32,110,ok,,0.36363636363636365,0.3339528291247603,0.35063795853269536,0.34381469979296064
direct_binned,bins2048_auc,logreg_C0p1,22,32,110,ok,,0.37272727272727274,0.3160786001147447,0.33111893406011056,0.31732013457556935
direct_binned,bins2048_auc,xgboost_depth2,22,32,110,ok,,0.33636363636363636,0.28222343553606666,0.3006952817297645,0.2688384230503796
direct_binned,bins2048_auc,svm_C1p0,23,32,110,ok,,0.45454545454545453,0.3486500554461719,0.3449134199134199,0.359860248447205
direct_binned,bins2048_auc,logreg_C0p1,23,32,110,ok,,0.4727272727272727,0.3603641456582633,0.35664335664335667,0.3702769151138716
direct_binned,bins2048_auc,xgboost_depth2,23,32,110,ok,,0.34545454545454546,0.2932004483155378,0.3004547535797536,0.29537612146307796
direct_binned,bins2048_auc,svm_C1p0,24,32,110,ok,,0.36363636363636365,0.2950898184787388,0.29754273504273504,0.31568107315389926
direct_binned,bins2048_auc,logreg_C0p1,24,32,110,ok,,0.43636363636363634,0.3632432864450128,0.40427927927927926,0.38206306073153895
direct_binned,bins2048_auc,xgboost_depth2,24,32,110,ok,,0.43636363636363634,0.3648115170067667,0.385292426069865,0.37065433057280883
direct_binned,bins2048_auc,svm_C1p0,25,32,110,ok,,0.5545454545454546,0.45971255979459424,0.4703951595630756,0.45988612836438925
direct_binned,bins2048_auc,logreg_C0p1,25,32,110,ok,,0.5545454545454546,0.44583417863234376,0.4615656713505074,0.4455443409247757
direct_binned,bins2048_auc,xgboost_depth2,25,32,110,ok,,0.42727272727272725,0.2962637871516376,0.2976566252659027,0.3059221877156659
direct_binned,bins2048_auc,svm_C1p0,26,32,110,ok,,0.4909090909090909,0.4286736344407117,0.435243846755003,0.43512767425810905
direct_binned,bins2048_auc,logreg_C0p1,26,32,110,ok,,0.5545454545454546,0.5010989010989011,0.5063366993064056,0.5040329537612146
direct_binned,bins2048_auc,xgboost_depth2,26,32,110,ok,,0.41818181818181815,0.3538222889637984,0.3693452380952381,0.3651548481711525
direct_binned,bins2048_auc,svm_C1p0,27,32,110,ok,,0.4,0.32769138150569255,0.33515937665181605,0.32926802967563834
direct_binned,bins2048_auc,logreg_C0p1,27,32,110,ok,,0.4636363636363636,0.4336537799521697,0.4510176651305683,0.445339458247067
direct_binned,bins2048_auc,xgboost_depth2,27,32,110,ok,,0.33636363636363636,0.3043234216763629,0.3389336917562724,0.3005413216011042
direct_binned,bins2048_auc,svm_C1p0,28,32,110,ok,,0.4818181818181818,0.41739058355437664,0.4409774436090226,0.42358954451345754
direct_binned,bins2048_auc,logreg_C0p1,28,32,110,ok,,0.509090909090909,0.44843862848476096,0.44884547198325975,0.4482725155279503
direct_binned,bins2048_auc,xgboost_depth2,28,32,110,ok,,0.4090909090909091,0.317800586510264,0.32175099206349206,0.331176673567978
direct_binned,bins2048_auc,svm_C1p0,29,32,110,ok,,0.36363636363636365,0.31095832730579265,0.32756892230576445,0.3174926673567978
direct_binned,bins2048_auc,logreg_C0p1,29,32,110,ok,,0.4,0.3351775159824695,0.3516023763701782,0.34597135955831604
direct_binned,bins2048_auc,xgboost_depth2,29,32,110,ok,,0.32727272727272727,0.26124023301054355,0.28090347820771444,0.272979209799862
direct_binned,bins2048_auc,svm_C1p0,30,32,110,ok,,0.4090909090909091,0.299981531073968,0.28230565730565726,0.32004830917874394
direct_binned,bins2048_auc,logreg_C0p1,30,32,110,ok,,0.509090909090909,0.3616710851733893,0.34935897435897434,0.38602053140096615
direct_binned,bins2048_auc,xgboost_depth2,30,32,110,ok,,0.43636363636363634,0.3303084057801039,0.35208333333333336,0.34038561076604557
direct_binned,bins2048_auc,svm_C1p0,31,32,110,ok,,0.4727272727272727,0.3857253857253857,0.39448529411764705,0.38639794685990336
direct_binned,bins2048_auc,logreg_C0p1,31,32,110,ok,,0.509090909090909,0.41296918767507,0.43685897435897436,0.4139277087646653
direct_binned,bins2048_auc,xgboost_depth2,31,32,110,ok,,0.36363636363636365,0.29276598026598033,0.2922505126452495,0.29343512767425817
direct_binned,bins2048_auc,svm_C1p0,32,32,110,ok,,0.37272727272727274,0.33016517357222847,0.34503359533468564,0.3393072808833678
direct_binned,bins2048_auc,logreg_C0p1,32,32,110,ok,,0.38181818181818183,0.3298294414646616,0.3474555335968379,0.32818969979296064
direct_binned,bins2048_auc,xgboost_depth2,32,32,110,ok,,0.38181818181818183,0.35082395261144017,0.3736815415821501,0.36593124568668045
direct_binned,bins2048_auc,svm_C1p0,33,32,110,ok,,0.4727272727272727,0.39222222222222225,0.3906837606837607,0.3969763630089717
direct_binned,bins2048_auc,logreg_C0p1,33,32,110,ok,,0.45454545454545453,0.3787202380952381,0.38414758615997,0.3769302104899931
direct_binned,bins2048_auc,xgboost_depth2,33,32,110,ok,,0.33636363636363636,0.3038125058635895,0.315495826709062,0.30252544858523117
direct_binned,bins2048_auc,svm_C1p0,34,32,110,ok,,0.44545454545454544,0.36999895865875243,0.3719774273345702,0.36973775017253274
direct_binned,bins2048_auc,logreg_C0p1,34,32,110,ok,,0.41818181818181815,0.34272972346833475,0.34675451927691564,0.3427902864044169
direct_binned,bins2048_auc,xgboost_depth2,34,32,110,ok,,0.4090909090909091,0.35505877948210995,0.3816098707403055,0.34484989648033126
direct_binned,bins2048_auc,svm_C1p0,35,32,110,ok,,0.37272727272727274,0.3532540077088787,0.3558963585434174,0.3625021566597654
direct_binned,bins2048_auc,logreg_C0p1,35,32,110,ok,,0.37272727272727274,0.3220618887285554,0.33918532447944216,0.33183445479641127
direct_binned,bins2048_auc,xgboost_depth2,35,32,110,ok,,0.2727272727272727,0.23226555421322861,0.24880514705882353,0.23379270186335402
direct_binned,bins2048_auc,svm_C1p0,36,32,110,ok,,0.4090909090909091,0.35068961417276023,0.3574354210606351,0.3489044168391995
direct_binned,bins2048_auc,logreg_C0p1,36,32,110,ok,,0.4727272727272727,0.4203375276408984,0.4270761018805634,0.4228131469979296
direct_binned,bins2048_auc,xgboost_depth2,36,32,110,ok,,0.4636363636363636,0.41597222222222224,0.41877622377622375,0.41958894064872326
direct_binned,bins2048_auc,svm_C1p0,37,32,110,ok,,0.38181818181818183,0.3639538978475811,0.3914661654135338,0.37894668737060033
direct_binned,bins2048_auc,logreg_C0p1,37,32,110,ok,,0.37272727272727274,0.34810849842139957,0.3773507916730423,0.35571946169772256
direct_binned,bins2048_auc,xgboost_depth2,37,32,110,ok,,0.42727272727272725,0.40840909090909094,0.4412275326797385,0.4295095755693582
direct_binned,bins2048_auc,svm_C1p0,38,32,110,ok,,0.44545454545454544,0.3848117977227203,0.3886660079051383,0.3871851276742581
direct_binned,bins2048_auc,logreg_C0p1,38,32,110,ok,,0.509090909090909,0.44657444005270086,0.447943722943723,0.45034290890269146
direct_binned,bins2048_auc,xgboost_depth2,38,32,110,ok,,0.35454545454545455,0.3044845789774796,0.3183595683595684,0.30624568668046925
direct_binned,bins2048_auc,svm_C1p0,39,32,110,ok,,0.35454545454545455,0.3080616347214737,0.31418128654970756,0.3145488267770876
direct_binned,bins2048_auc,logreg_C0p1,39,32,110,ok,,0.43636363636363634,0.3952591271231479,0.4172456575682382,0.3974616114561767
direct_binned,bins2048_auc,xgboost_depth2,39,32,110,ok,,0.39090909090909093,0.3463371008407284,0.35606022267206483,0.34509791235334714
direct_binned,bins2048_auc,svm_C1p0,40,32,110,ok,,0.45454545454545453,0.3879318255975202,0.38756493506493506,0.39023680124223603
direct_binned,bins2048_auc,logreg_C0p1,40,32,110,ok,,0.43636363636363634,0.38521616193647273,0.3947131341868184,0.3871743443754313
direct_binned,bins2048_auc,xgboost_depth2,40,32,110,ok,,0.43636363636363634,0.3847183563711846,0.38960423634336677,0.38660282953761216
direct_binned,bins2048_auc,svm_C1p0,41,32,110,ok,,0.37272727272727274,0.3017226325831539,0.30279204107830554,0.3059114044168392
direct_binned,bins2048_auc,logreg_C0p1,41,32,110,ok,,0.41818181818181815,0.3300247080584159,0.338116706872637,0.32534290890269146
direct_binned,bins2048_auc,xgboost_depth2,41,32,110,ok,,0.4090909090909091,0.35152869658501695,0.38274428274428274,0.350424861973775
direct_binned,bins2048_auc,svm_C1p0,42,32,110,ok,,0.38181818181818183,0.32065069965926757,0.32933436532507737,0.32252846790890266
direct_binned,bins2048_auc,logreg_C0p1,42,32,110,ok,,0.44545454545454544,0.37776148790299735,0.3827694235588972,0.37738310904071776
direct_binned,bins2048_auc,xgboost_depth2,42,32,110,ok,,0.41818181818181815,0.3179844468602148,0.3151268115942029,0.3402562111801242
direct_binned,bins2048_auc,svm_C1p0,43,32,110,ok,,0.35454545454545455,0.3219512195121952,0.33376906318082794,0.32595755693581785
direct_binned,bins2048_auc,logreg_C0p1,43,32,110,ok,,0.4636363636363636,0.37675971844504874,0.36902467115233073,0.39118573153899244
direct_binned,bins2048_auc,xgboost_depth2,43,32,110,ok,,0.33636363636363636,0.27522190302151156,0.2831084904255636,0.2868573153899241
direct_binned,bins2048_auc,svm_C1p0,44,32,110,ok,,0.33636363636363636,0.29752909619930895,0.3189211006056112,0.29686421670117324
direct_binned,bins2048_auc,logreg_C0p1,44,32,110,ok,,0.39090909090909093,0.3778232237125129,0.4207704884835485,0.3922640614216701
direct_binned,bins2048_auc,xgboost_depth2,44,32,110,ok,,0.3,0.29906572863432224,0.3703348507517151,0.3315001725327812
direct_binned,bins2048_auc,svm_C1p0,45,32,110,ok,,0.5454545454545454,0.5019678690874343,0.5023754152823919,0.5251574361628709
direct_binned,bins2048_auc,logreg_C0p1,45,32,110,ok,,0.5818181818181818,0.5219087635054022,0.529020979020979,0.5282522429261559
direct_binned,bins2048_auc,xgboost_depth2,45,32,110,ok,,0.41818181818181815,0.37522379106681436,0.38355218855218853,0.3801544168391995
direct_binned,bins2048_auc,svm_C1p0,46,32,110,ok,,0.4818181818181818,0.3796642187599634,0.3903985507246377,0.3891584713595583
direct_binned,bins2048_auc,logreg_C0p1,46,32,110,ok,,0.4818181818181818,0.40928577885099626,0.41231813102016923,0.4085899758454106
direct_binned,bins2048_auc,xgboost_depth2,46,32,110,ok,,0.4090909090909091,0.3222177237966712,0.322301024428684,0.32381168046928915
direct_binned,bins2048_auc,svm_C1p0,47,32,110,ok,,0.35454545454545455,0.3105248917748918,0.3295566502463054,0.34899068322981364
direct_binned,bins2048_auc,logreg_C0p1,47,32,110,ok,,0.33636363636363636,0.30512820512820515,0.3226680656382335,0.30959929261559693
direct_binned,bins2048_auc,xgboost_depth2,47,32,110,ok,,0.37272727272727274,0.34171263462043605,0.348419540229885,0.35656055900621114
direct_binned,bins2048_auc,svm_C1p0,48,32,110,ok,,0.4727272727272727,0.3786283744266938,0.37875457875457874,0.38527648378191853
direct_binned,bins2048_auc,logreg_C0p1,48,32,110,ok,,0.4636363636363636,0.3785483060780265,0.3803075855689177,0.3771350931677019
direct_binned,bins2048_auc,xgboost_depth2,48,32,110,ok,,0.4090909090909091,0.3031440781440782,0.31020388924800685,0.3078631815044858
direct_binned,bins2048_auc,svm_C1p0,49,32,110,ok,,0.2727272727272727,0.27468312937062933,0.31061695225001673,0.30343124568668045
direct_binned,bins2048_auc,logreg_C0p1,49,32,110,ok,,0.36363636363636365,0.3625024960775924,0.3752847840785489,0.38796152518978605
direct_binned,bins2048_auc,xgboost_depth2,49,32,110,ok,,0.33636363636363636,0.3327447528940066,0.422605580693816,0.34327553485162177
direct_binned,bins2048_auc,svm_C1p0,50,32,110,ok,,0.41818181818181815,0.3865146251924368,0.40212912087912084,0.39147688060731534
direct_binned,bins2048_auc,logreg_C0p1,50,32,110,ok,,0.44545454545454544,0.3996693121693121,0.42049168152109323,0.40049171842650105
direct_binned,bins2048_auc,xgboost_depth2,50,32,110,ok,,0.44545454545454544,0.393008658008658,0.40313842741247463,0.40057798481711526
direct_binned,bins2048_auc,svm_C1p0,51,32,110,ok,,0.41818181818181815,0.38260998539613,0.40190476190476193,0.38081219806763283
direct_binned,bins2048_auc,logreg_C0p1,51,32,110,ok,,0.41818181818181815,0.3695684523809524,0.39364098837209305,0.38721747757073843
direct_binned,bins2048_auc,xgboost_depth2,51,32,110,ok,,0.36363636363636365,0.3292955377756548,0.3551154332700822,0.33361369910282956
direct_binned,bins2048_auc,svm_C1p0,52,32,110,ok,,0.33636363636363636,0.3225588622759786,0.38254464198400123,0.33733393719806765
direct_binned,bins2048_auc,logreg_C0p1,52,32,110,ok,,0.39090909090909093,0.3624654664423695,0.3976270913770914,0.40339242581090407
direct_binned,bins2048_auc,xgboost_depth2,52,32,110,ok,,0.44545454545454544,0.4183069404042778,0.43323161871548965,0.4359579882677709
direct_binned,bins2048_auc,svm_C1p0,53,32,110,ok,,0.42727272727272725,0.3879908603007599,0.4059388335704125,0.3961136991028295
direct_binned,bins2048_auc,logreg_C0p1,53,32,110,ok,,0.41818181818181815,0.37853067648464067,0.38662698412698415,0.3802406832298137
direct_binned,bins2048_auc,xgboost_depth2,53,32,110,ok,,0.38181818181818183,0.33928571428571425,0.3734649122807017,0.3497778640441684
direct_binned,bins2048_auc,svm_C1p0,54,32,110,ok,,0.32727272727272727,0.3017482517482518,0.33806818181818177,0.33663302277432716
direct_binned,bins2048_auc,logreg_C0p1,54,32,110,ok,,0.36363636363636365,0.31760400616332823,0.388843201754386,0.3343577467218771
direct_binned,bins2048_auc,xgboost_depth2,54,32,110,ok,,0.38181818181818183,0.31655844155844154,0.32105263157894737,0.31629572118702554
direct_binned,bins2048_auc,svm_C1p0,55,32,110,ok,,0.37272727272727274,0.3178485380627593,0.32897954772954774,0.31666235334713594
direct_binned,bins2048_auc,logreg_C0p1,55,32,110,ok,,0.4636363636363636,0.38946368145366894,0.39980036855036855,0.3952402518978606
direct_binned,bins2048_auc,xgboost_depth2,55,32,110,ok,,0.35454545454545455,0.29067556550456686,0.3032384604559527,0.28897084195997236
direct_binned,bins2048_auc,svm_C1p0,56,32,110,ok,,0.4909090909090909,0.37616835994194486,0.39793719211822665,0.3861499309868875
direct_binned,bins2048_auc,logreg_C0p1,56,32,110,ok,,0.4909090909090909,0.40293347003873314,0.41945194651208745,0.4071881469979296
direct_binned,bins2048_auc,xgboost_depth2,56,32,110,ok,,0.35454545454545455,0.31765084269328747,0.3589743589743589,0.3327402518978606
direct_binned,bins2048_auc,svm_C1p0,57,32,110,ok,,0.43636363636363634,0.344156522258026,0.3443790849673203,0.34547532781228435
direct_binned,bins2048_auc,logreg_C0p1,57,32,110,ok,,0.5272727272727272,0.46621691748832383,0.4711529039401868,0.4694401311249138
direct_binned,bins2048_auc,xgboost_depth2,57,32,110,ok,,0.4818181818181818,0.4410597572362278,0.4725274725274725,0.44745298481711526
direct_binned,bins2048_auc,svm_C1p0,58,32,110,ok,,0.45454545454545453,0.37626714370900416,0.3826792080468551,0.3759812801932367
direct_binned,bins2048_auc,logreg_C0p1,58,32,110,ok,,0.5363636363636364,0.45192298929141034,0.4791360968451944,0.4613418737060042
direct_binned,bins2048_auc,xgboost_depth2,58,32,110,ok,,0.45454545454545453,0.37335249889429456,0.37499999999999994,0.38776742581090407
direct_binned,bins2048_auc,svm_C1p0,59,32,110,ok,,0.43636363636363634,0.4099060964336107,0.45759623259623255,0.42954192546583847
direct_binned,bins2048_auc,logreg_C0p1,59,32,110,ok,,0.45454545454545453,0.4258991008991009,0.44023267299129365,0.4512810559006211
direct_binned,bins2048_auc,xgboost_depth2,59,32,110,ok,,0.39090909090909093,0.3500734000207026,0.3576007326007326,0.35179434092477574
direct_binned,bins2048_auc,svm_C1p0,60,32,110,ok,,0.36363636363636365,0.3355812464892686,0.3515793692337892,0.3419168391994479
direct_binned,bins2048_auc,logreg_C0p1,60,32,110,ok,,0.36363636363636365,0.3156516499814609,0.32860998650472334,0.31880822981366463
direct_binned,bins2048_auc,xgboost_depth2,60,32,110,ok,,0.32727272727272727,0.30913116563801496,0.3353246753246753,0.32298136645962733
direct_binned,bins2048_auc,svm_C1p0,61,32,110,ok,,0.43636363636363634,0.3859826574905206,0.3847853535353536,0.3925552104899931
direct_binned,bins2048_auc,logreg_C0p1,61,32,110,ok,,0.4,0.34621618158734174,0.3661251791686574,0.3577575051759834
direct_binned,bins2048_auc,xgboost_depth2,61,32,110,ok,,0.36363636363636365,0.300296442687747,0.30490104860814243,0.3011667529330573
direct_binned,bins2048_auc,svm_C1p0,62,32,110,ok,,0.38181818181818183,0.3084239531607953,0.32581753631685234,0.3135675465838509
direct_binned,bins2048_auc,logreg_C0p1,62,32,110,ok,,0.39090909090909093,0.3123734166151982,0.327072192513369,0.3198110766045548
direct_binned,bins2048_auc,xgboost_depth2,62,32,110,ok,,0.36363636363636365,0.3101352139794043,0.33161797552041455,0.3302277432712215
direct_binned,bins2048_auc,svm_C1p0,63,32,110,ok,,0.38181818181818183,0.35940412367172037,0.3715503592741444,0.3583721532091097
direct_binned,bins2048_auc,logreg_C0p1,63,32,110,ok,,0.4090909090909091,0.35161813032877504,0.3725906385281385,0.34427838164251207
direct_binned,bins2048_auc,xgboost_depth2,63,32,110,ok,,0.2909090909090909,0.28122545168892377,0.3433131540753189,0.298470928226363
direct_binned,bins2048_auc,svm_C1p0,64,32,110,ok,,0.2636363636363636,0.25087670727205613,0.2595378151260504,0.26916192201518285
direct_binned,bins2048_auc,logreg_C0p1,64,32,110,ok,,0.34545454545454546,0.3241474496775455,0.34379807692307696,0.33641735679779156
direct_binned,bins2048_auc,xgboost_depth2,64,32,110,ok,,0.3181818181818182,0.30337083986136826,0.3199346405228758,0.3158751725327812
direct_binned,bins2048_auc,svm_C1p0,65,32,110,ok,,0.35454545454545455,0.2869318181818182,0.29583333333333334,0.290006038647343
direct_binned,bins2048_auc,logreg_C0p1,65,32,110,ok,,0.34545454545454546,0.2886167328122423,0.3185457516339869,0.2827273119392685
direct_binned,bins2048_auc,xgboost_depth2,65,32,110,ok,,0.35454545454545455,0.3192352092352092,0.3499931581828134,0.3300983436853002
direct_binned,bins2048_auc,svm_C1p0,66,32,110,ok,,0.45454545454545453,0.39495614035087717,0.4021825294803236,0.399575138026225
direct_binned,bins2048_auc,logreg_C0p1,66,32,110,ok,,0.4818181818181818,0.40997227410270887,0.4125497999360487,0.41454235679779156
direct_binned,bins2048_auc,xgboost_depth2,66,32,110,ok,,0.4727272727272727,0.3826992753623188,0.3932416267942584,0.40197981366459634
direct_binned,bins2048_auc,svm_C1p0,67,32,110,ok,,0.43636363636363634,0.38567276577740994,0.40144110275689227,0.39942417184265006
direct_binned,bins2048_auc,logreg_C0p1,67,32,110,ok,,0.45454545454545453,0.40749128919860633,0.42457529570532665,0.4211633022774327
direct_binned,bins2048_auc,xgboost_depth2,67,32,110,ok,,0.3181818181818182,0.31046111226180617,0.3666666666666667,0.3395552967563837
direct_binned,bins2048_auc,svm_C1p0,68,32,110,ok,,0.38181818181818183,0.35137582723789623,0.3609775641025641,0.3496915976535542
direct_binned,bins2048_auc,logreg_C0p1,68,32,110,ok,,0.44545454545454544,0.4064600810695066,0.41371021220159154,0.4071881469979296
direct_binned,bins2048_auc,xgboost_depth2,68,32,110,ok,,0.3181818181818182,0.30993842534938426,0.3675,0.3281465665976535
direct_binned,bins2048_auc,svm_C1p0,69,32,110,ok,,0.4,0.3501350187396699,0.35456860626639913,0.35398335058661146
direct_binned,bins2048_auc,logreg_C0p1,69,32,110,ok,,0.45454545454545453,0.3801515151515152,0.3837129054520359,0.3795721187025535
direct_binned,bins2048_auc,xgboost_depth2,69,32,110,ok,,0.4090909090909091,0.37239729225023344,0.39931483957219255,0.36626552795031053
direct_binned,bins2048_auc,svm_C1p0,70,32,110,ok,,0.509090909090909,0.44647884245497466,0.45911938938254726,0.4610938578329883
direct_binned,bins2048_auc,logreg_C0p1,70,32,110,ok,,0.5,0.4392953001130916,0.4650375939849624,0.4461697722567288
direct_binned,bins2048_auc,xgboost_depth2,70,32,110,ok,,0.4909090909090909,0.4360590497787856,0.4410186733556299,0.43880477915804006
direct_binned,bins2048_auc,svm_C1p0,71,32,110,ok,,0.43636363636363634,0.3678918623544871,0.36864111498257846,0.3720885093167702
direct_binned,bins2048_auc,logreg_C0p1,71,32,110,ok,,0.42727272727272725,0.3471579643093192,0.3625951735707833,0.3381966011042098
direct_binned,bins2048_auc,xgboost_depth2,71,32,110,ok,,0.37272727272727274,0.33323013415892677,0.36436250636618284,0.3393072808833678
direct_binned,bins2048_auc,svm_C1p0,72,32,110,ok,,0.39090909090909093,0.3404002035399447,0.3491169049621531,0.33679477225672877
direct_binned,bins2048_auc,logreg_C0p1,72,32,110,ok,,0.4090909090909091,0.3648461657390229,0.3753571428571429,0.359569099378882
direct_binned,bins2048_auc,xgboost_depth2,72,32,110,ok,,0.37272727272727274,0.31547939068100356,0.32842157842157843,0.31864648033126297
direct_binned,bins2048_auc,svm_C1p0,73,32,110,ok,,0.4727272727272727,0.39138382625777585,0.3975641025641026,0.39801155969634233
direct_binned,bins2048_auc,logreg_C0p1,73,32,110,ok,,0.5181818181818182,0.42933763096806576,0.43609943977591037,0.4414143374741201
direct_binned,bins2048_auc,xgboost_depth2,73,32,110,ok,,0.41818181818181815,0.33184098163578324,0.3335858585858586,0.34667227398205663
direct_binned,bins2048_auc,svm_C1p0,74,32,110,ok,,0.35454545454545455,0.30682527681576505,0.33531746031746035,0.313319530710835
direct_binned,bins2048_auc,logreg_C0p1,74,32,110,ok,,0.41818181818181815,0.3590277777777778,0.374132730015083,0.36110032781228435
direct_binned,bins2048_auc,xgboost_depth2,74,32,110,ok,,0.39090909090909093,0.3433672432420868,0.3569091149973503,0.3541558833678399
direct_binned,bins2048_auc,svm_C1p0,75,32,110,ok,,0.43636363636363634,0.3657783170167071,0.393121056278951,0.36829278812974464
direct_binned,bins2048_auc,logreg_C0p1,75,32,110,ok,,0.4818181818181818,0.4372549019607843,0.4553554568767551,0.44037914078674945
direct_binned,bins2048_auc,xgboost_depth2,75,32,110,ok,,0.43636363636363634,0.38597842991070375,0.4014800514800515,0.40020056935817805
direct_binned,bins2048_auc,svm_C1p0,76,32,110,ok,,0.34545454545454546,0.2839285714285715,0.295204678362573,0.2890571083505866
direct_binned,bins2048_auc,logreg_C0p1,76,32,110,ok,,0.35454545454545455,0.28534629396698363,0.2963871167195975,0.2933165113871635
direct_binned,bins2048_auc,xgboost_depth2,76,32,110,ok,,0.42727272727272725,0.3766791979949875,0.38979885057471264,0.3904524672187716
direct_binned,bins2048_auc,svm_C1p0,77,32,110,ok,,0.36363636363636365,0.35180041691413666,0.39642763845350054,0.36428140096618356
direct_binned,bins2048_auc,logreg_C0p1,77,32,110,ok,,0.33636363636363636,0.32840307840307836,0.3955905205905206,0.3410110420979986
direct_binned,bins2048_auc,xgboost_depth2,77,32,110,ok,,0.33636363636363636,0.29596719070403277,0.33005591798695244,0.303938060731539
direct_binned,bins2048_auc,svm_C1p0,78,32,110,ok,,0.43636363636363634,0.3192116309066468,0.3286036377415688,0.32745643547273984
direct_binned,bins2048_auc,logreg_C0p1,78,32,110,ok,,0.4636363636363636,0.3476751519321179,0.35087412587412586,0.3604425465838509
direct_binned,bins2048_auc,xgboost_depth2,78,32,110,ok,,0.4636363636363636,0.31878564749883126,0.33626312880044223,0.339684696342305
direct_binned,bins2048_auc,svm_C1p0,79,32,110,ok,,0.4090909090909091,0.35193748483997833,0.3580583692286984,0.35870643547273984
direct_binned,bins2048_auc,logreg_C0p1,79,32,110,ok,,0.42727272727272725,0.35708894328845364,0.3694669365721997,0.3738354037267081
direct_binned,bins2048_auc,xgboost_depth2,79,32,110,ok,,0.3181818181818182,0.2655689403420943,0.2765123077623078,0.2614410800552105
direct_binned,bins2048_auc,svm_C1p0,80,32,110,ok,,0.35454545454545455,0.3173736235070525,0.32397342995169087,0.31963854382332646
direct_binned,bins2048_auc,logreg_C0p1,80,32,110,ok,,0.41818181818181815,0.4024911333052375,0.4240988385725228,0.4142080745341615
direct_binned,bins2048_auc,xgboost_depth2,80,32,110,ok,,0.35454545454545455,0.3315592903828198,0.3628489193005322,0.33699965493443756
direct_binned,bins2048_auc,svm_C1p0,81,32,110,ok,,0.4636363636363636,0.4043291611548132,0.41849529780564265,0.41582556935817805
direct_binned,bins2048_auc,logreg_C0p1,81,32,110,ok,,0.509090909090909,0.46423611111111107,0.48222552910052907,0.4615791062801932
direct_binned,bins2048_auc,xgboost_depth2,81,32,110,ok,,0.44545454545454544,0.410210290314646,0.42043864610621573,0.44323671497584544
direct_binned,bins2048_auc,svm_C1p0,82,32,110,ok,,0.35454545454545455,0.31087662337662336,0.3290966987481491,0.3326647688060731
direct_binned,bins2048_auc,logreg_C0p1,82,32,110,ok,,0.4727272727272727,0.3975438975438976,0.4042763157894737,0.43311119737750176
direct_binned,bins2048_auc,xgboost_depth2,82,32,110,ok,,0.39090909090909093,0.3172891386664701,0.3240655097486493,0.32745643547273984
direct_binned,bins2048_auc,svm_C1p0,83,32,110,ok,,0.45454545454545453,0.3696204665395936,0.3729166666666666,0.37627242926155974
direct_binned,bins2048_auc,logreg_C0p1,83,32,110,ok,,0.4727272727272727,0.40914031620553354,0.4172844419008102,0.4114044168391995
direct_binned,bins2048_auc,xgboost_depth2,83,32,110,ok,,0.37272727272727274,0.338642420204712,0.3668252175182297,0.35241977225672877
direct_binned,bins2048_auc,svm_C1p0,84,32,110,ok,,0.43636363636363634,0.4144277845777234,0.42145135566188197,0.41661275017253274
direct_binned,bins2048_auc,logreg_C0p1,84,32,110,ok,,0.4636363636363636,0.4215728715728716,0.43758123596833276,0.42657651828847487
direct_binned,bins2048_auc,xgboost_depth2,84,32,110,ok,,0.3,0.27923562006753855,0.29552224736048266,0.28735334713595584
direct_binned,bins2048_auc,svm_C1p0,85,32,110,ok,,0.33636363636363636,0.3059975168069772,0.33088139265109207,0.30157651828847476
direct_binned,bins2048_auc,logreg_C0p1,85,32,110,ok,,0.45454545454545453,0.41119388038085847,0.42175324675324677,0.4134316770186336
direct_binned,bins2048_auc,xgboost_depth2,85,32,110,ok,,0.32727272727272727,0.2770950190122056,0.2906262109586918,0.2804196859903381
direct_binned,bins2048_auc,svm_C1p0,86,32,110,ok,,0.44545454545454544,0.4131260191008619,0.42781986531986527,0.41747541407867494
direct_binned,bins2048_auc,logreg_C0p1,86,32,110,ok,,0.44545454545454544,0.40167250583917247,0.4150889197578501,0.4067244651483781
direct_binned,bins2048_auc,xgboost_depth2,86,32,110,ok,,0.38181818181818183,0.33576728060007865,0.36064834465195245,0.3445156142167012
direct_binned,bins2048_auc,svm_C1p0,87,32,110,ok,,0.43636363636363634,0.38330983050561646,0.3919778892604979,0.40339242581090407
direct_binned,bins2048_auc,logreg_C0p1,87,32,110,ok,,0.43636363636363634,0.36968767048554285,0.37422563849194285,0.37255219116632166
direct_binned,bins2048_auc,xgboost_depth2,87,32,110,ok,,0.37272727272727274,0.30351448677772286,0.30506578947368423,0.307324016563147
direct_binned,bins2048_auc,svm_C1p0,88,32,110,ok,,0.4727272727272727,0.41764059695094174,0.4390846203346203,0.4171519151138717
direct_binned,bins2048_auc,logreg_C0p1,88,32,110,ok,,0.42727272727272725,0.3794642857142857,0.4084546609341411,0.38346488957902003
direct_binned,bins2048_auc,xgboost_depth2,88,32,110,ok,,0.4,0.35204248366013075,0.36772113022113023,0.35039251207729466
direct_binned,bins2048_auc,svm_C1p0,89,32,110,ok,,0.42727272727272725,0.3804584304584305,0.3986612844371465,0.3843275534851622
direct_binned,bins2048_auc,logreg_C0p1,89,32,110,ok,,0.4727272727272727,0.4280184510941707,0.43750000000000006,0.42640398550724634
direct_binned,bins2048_auc,xgboost_depth2,89,32,110,ok,,0.39090909090909093,0.370881941480533,0.41120010170353416,0.39821644237405107
direct_binned,bins2048_auc,svm_C1p0,90,32,110,ok,,0.3090909090909091,0.24857382883547902,0.25307459458284426,0.25424861973775015
direct_binned,bins2048_auc,logreg_C0p1,90,32,110,ok,,0.39090909090909093,0.34174312960115355,0.36363274406752666,0.34320005175983437
direct_binned,bins2048_auc,xgboost_depth2,90,32,110,ok,,0.37272727272727274,0.32441612214530635,0.35016844575668105,0.32042572463768115
direct_binned,bins2048_auc,svm_C1p0,91,32,110,ok,,0.4,0.33086080586080585,0.3321135992488415,0.33294513457556935
direct_binned,bins2048_auc,logreg_C0p1,91,32,110,ok,,0.38181818181818183,0.33388398602684316,0.34495962127541074,0.33224422015182886
direct_binned,bins2048_auc,xgboost_depth2,91,32,110,ok,,0.36363636363636365,0.2989863407035094,0.30644265715439495,0.3017382677708764
direct_binned,bins2048_auc,svm_C1p0,92,32,110,ok,,0.32727272727272727,0.2994100302835154,0.32702003878474467,0.30570652173913043
direct_binned,bins2048_auc,logreg_C0p1,92,32,110,ok,,0.3181818181818182,0.2732723742804388,0.2953270687645687,0.27172834713595584
direct_binned,bins2048_auc,xgboost_depth2,92,32,110,ok,,0.32727272727272727,0.2983156707557957,0.3309052059052059,0.3056202553485162
direct_binned,bins2048_auc,svm_C1p0,93,32,110,ok,,0.39090909090909093,0.3296998824382191,0.3373761655011655,0.34179822291235334
direct_binned,bins2048_auc,logreg_C0p1,93,32,110,ok,,0.39090909090909093,0.353886683052877,0.3680095409811434,0.3588681849551415
direct_binned,bins2048_auc,xgboost_depth2,93,32,110,ok,,0.36363636363636365,0.3358898101417928,0.3769380716749138,0.3457988267770876
direct_binned,bins2048_auc,svm_C1p0,94,32,110,ok,,0.39090909090909093,0.36533228676085816,0.413034188034188,0.40020056935817805
direct_binned,bins2048_auc,logreg_C0p1,94,32,110,ok,,0.44545454545454544,0.4272687591762232,0.46194743130227,0.4561658902691511
direct_binned,bins2048_auc,xgboost_depth2,94,32,110,ok,,0.3,0.277068822072595,0.3005847953216374,0.2919793823326432
direct_binned,bins2048_auc,svm_C1p0,95,32,110,ok,,0.4090909090909091,0.3760032459592254,0.37621934225195097,0.3826777087646653
direct_binned,bins2048_auc,logreg_C0p1,95,32,110,ok,,0.4818181818181818,0.4395886155683266,0.4401098901098901,0.4453825914423741
direct_binned,bins2048_auc,xgboost_depth2,95,32,110,ok,,0.36363636363636365,0.3132805427800719,0.32302631578947366,0.34249913733609383
direct_binned,bins2048_auc,svm_C1p0,96,32,110,ok,,0.41818181818181815,0.3158159779991272,0.328788748564868,0.32166580400276057
direct_binned,bins2048_auc,logreg_C0p1,96,32,110,ok,,0.4727272727272727,0.3533599250511015,0.3644400418660287,0.36470194962042785
direct_binned,bins2048_auc,xgboost_depth2,96,32,110,ok,,0.43636363636363634,0.35704563008435897,0.384500466853408,0.3805749654934437
direct_binned,bins2048_auc,svm_C1p0,97,32,110,ok,,0.34545454545454546,0.28258876429233687,0.2837301587301587,0.28206953071083507
direct_binned,bins2048_auc,logreg_C0p1,97,32,110,ok,,0.36363636363636365,0.3073827307698276,0.31384058389179237,0.30748576604554867
direct_binned,bins2048_auc,xgboost_depth2,97,32,110,ok,,0.32727272727272727,0.2707078230166612,0.2748817966903073,0.27061766735679776
direct_binned,bins2048_auc,svm_C1p0,98,32,110,ok,,0.4818181818181818,0.40661898600728386,0.4078947368421053,0.40594806763285024
direct_binned,bins2048_auc,logreg_C0p1,98,32,110,ok,,0.509090909090909,0.44239775992052044,0.45001974173169823,0.44157608695652173
direct_binned,bins2048_auc,xgboost_depth2,98,32,110,ok,,0.42727272727272725,0.3303987146698144,0.332711038961039,0.3420462387853692
direct_binned,bins2048_auc,svm_C1p0,99,32,110,ok,,0.42727272727272725,0.3710144927536232,0.37566192865105913,0.3740402864044169
direct_binned,bins2048_auc,logreg_C0p1,99,32,110,ok,,0.45454545454545453,0.35877714638121666,0.36045396419437337,0.35796238785369217
direct_binned,bins2048_auc,xgboost_depth2,99,32,110,ok,,0.39090909090909093,0.3417199449951064,0.343205574912892,0.34386861628709453
direct_binned,bins2048_auc,svm_C1p0,100,32,110,ok,,0.4090909090909091,0.33373819163292845,0.3462780514504652,0.33088552449965497
direct_binned,bins2048_auc,logreg_C0p1,100,32,110,ok,,0.4090909090909091,0.33081784729381986,0.33578811369509043,0.3369241718426501
direct_binned,bins2048_auc,xgboost_depth2,100,32,110,ok,,0.44545454545454544,0.3762624985956634,0.3806818181818182,0.37341485507246375
