row_index,shape_corr_excl_water_edta
0,0.22944028677630768
1,0.23916334920890936
2,0.21908335535520768
3,0.0795006120897826
4,0.11339822293325777
5,0.19607405062882288
6,0.046539141433127394
7,0.10078833639610102
8,0.08159027651088593
9,0.14197723664092102
10,0.2309941169924083
11,0.06715487953799289
12,0.09922686480114584
13,0.1550189346385516
14,0.15501893463855101
15,0.13139811618946146
16,0.1265928372690314
17,0.12659283726903278
18,0.23152340483500838
19,0.13606827164630014
20,0.13606827164629964
21,0.10732595052353167
22,0.12548154191423033
23,0.08961533773329534
24,0.08938663557233374
25,0.2311039007762682
26,0.07513919560508417
27,0.09753983588931586
28,0.08098892707066016
29,0.05597167111974974
30,0.04496509556170867
31,0.0574030186498457
32,0.08664006711348954
33,0.20557182401933272
34,0.11714262313683173
35,0.11714262313683231
36,0.06693549343989393
37,0.10482622661589654
38,0.36968985708270513
39,0.14827887543638504
40,0.148278875436388
41,0.15963640565360285
42,0.13344331748599148
43,0.09875529232076957
44,0.09875529232076935
45,0.054142670257014976
46,0.045759605891083625
47,0.07138561581957298
48,0.082791408847185
49,0.12892299674026678
50,0.03231323374467172
51,0.09460808850791487
52,0.09460808850791469
53,0.1358540710210151
54,0.07256652896799029
55,0.12130259326598232
56,0.12130259326598401
57,0.02669565308601602
58,0.11082357373017336
59,0.33709848011628424
60,0.3745101302415608
61,0.3867696120294128
62,0.0723002368792378
63,0.07230023687923834
64,0.08238758304202208
65,0.08174448588671714
66,0.07165488236338437
67,0.056794955020537594
68,0.04526644817072566
69,0.05153281470515971
70,0.13127609128593085
71,0.054147918914263474
72,0.06963535761943361
73,0.07148939716495609
74,0.12144540075830532
75,0.05115881038197989
76,0.3559434218385129
77,0.2853650317221293
78,0.05908744658741301
79,0.04750086673605374
80,0.07608046204089831
81,0.1208056845368492
82,0.12080568453684884
83,0.044241976061419254
84,0.3808528816606717
85,0.048076358645457035
86,0.12399507668496393
87,0.12399507668496312
88,0.045863986542403416
89,0.12822200183175778
90,0.12822200183175764
91,0.3322165078549718
92,0.08831953021032839
93,0.07887944033951247
94,0.04885828041249354
95,0.08921616187178319
96,0.3659120303244069
97,0.044409981439062676
98,0.07561316723660147
99,0.1105839302641442
100,0.11058393026414241
101,0.08996133822214027
102,0.06605548451454464
103,0.3427990762494894
104,0.3684654253301595
105,0.3645005703800285
106,0.07205694176178158
107,0.041743533621532686
108,0.3629198868690344
109,0.04346023053578683
110,0.04346023053578753
111,0.02358615472841609
112,0.06271144359118326
113,0.030779229798088774
114,0.10630411268233426
115,0.10630411268233395
116,0.3697962477739739
117,0.07690569936179953
118,0.2991184457480402
119,0.10546806369680066
120,0.10546806369679994
121,0.08886023187473292
122,0.20609411510783632
123,0.1197476266653073
124,0.11974762666530762
125,0.3679671305894827
126,0.0853330729109286
127,0.07867664185869377
128,-0.18815292746397885
129,0.1022976508190066
130,0.09150878678011778
131,0.32318647743224427
132,0.13965049680936958
133,0.13965049680937028
134,0.027504297822953543
135,0.33930220858967264
136,0.07947398820187562
137,0.12213032773340272
138,0.12213032773340202
139,0.03886012407359938
140,0.37114058245240733
141,0.09642381553062085
142,0.09642381553061964
143,0.14561896955260661
144,0.14561896955260661
145,0.10064973102502651
146,0.03018167697992823
147,0.058681088709930974
148,0.0908666272269034
149,0.36034920049621383
150,0.1384001724382489
151,0.1384001724382486
152,0.05530576207136416
153,0.10954712123346497
154,0.10954712123346455
155,0.14832229398504262
156,0.33175498797427255
157,0.07212339726431924
158,0.07573567884763263
159,0.07830481163881911
160,0.389569650520612
161,0.11095139602331161
162,0.07306408684296103
163,0.07306408684296264
164,0.042326964994344275
165,0.09072339933341135
166,0.16285504765093634
167,0.1628550476509357
168,0.07555866028909076
169,0.09002769169815353
170,0.02573762442302377
171,0.07858125051582035
172,0.21730130711197987
173,0.050029379503330584
174,0.04660300991532821
175,0.10471031234344347
176,0.10471031234344169
177,0.07813466100409104
178,0.39253375373464566
179,0.1425191935595718
180,0.14251919355957005
181,0.11242739405607219
182,0.11242739405607466
183,0.36401768987361616
184,0.07099973282164936
185,0.052647333921299666
186,0.0739603130605461
187,0.0726715243362114
188,0.09859131693963427
189,0.09859131693963231
190,0.02301949257792328
191,0.12347416234160075
192,0.1619536133476883
193,0.16496111295469587
194,0.10776834679138642
195,0.36334086116096265
196,0.06244797993965855
197,0.12602559742836655
198,0.12602559742836558
199,0.11802399081727019
200,0.10584563499239595
201,0.04898519572455491
202,0.04456966485801656
203,0.4042184251946898
204,0.3282630891870914
205,0.07474740655748165
206,0.06316697354894839
207,0.09539180743812284
208,0.0953918074381222
209,0.3447562824209179
210,0.05483041174424151
211,0.09446198227482129
212,0.09446198227482007
213,0.030165863400112118
214,0.07307944390297497
215,0.09975931982109375
216,0.37107116162273823
217,0.10251169564218082
218,0.07925759784758826
219,0.16791628615834783
220,0.09883951890418613
221,0.09883951890418602
222,0.05705118440182874
223,0.07554719431697753
224,0.11881850529562685
225,0.07757121827393976
226,0.3382986978649537
227,0.3539952442894071
228,0.13580149053621182
229,0.1358014905362117
230,0.035411710733768295
231,0.056764505796209556
232,0.2959281385988215
233,0.06569847877118504
234,0.06569847877118423
235,0.044576466089068206
236,0.14454428773412542
237,0.1445442877341233
238,0.326401477739773
239,0.06670715532155715
240,0.04201612221906482
241,0.07628629142227247
242,0.13464750350706886
243,0.1560639073634095
244,0.08419009579540272
245,0.0841900957954026
246,0.34152825001885767
247,0.04343496979367531
248,0.08698811244779041
249,0.10666535739175913
250,0.10666535739176213
251,0.08700832966950689
252,0.08700832966950596
253,0.14148996145778137
254,0.14148996145778142
255,0.1515453896626598
256,0.08326067525212968
257,0.39410131407867527
258,0.08036311376357506
259,0.11169277690857443
260,0.11169277690857299
261,0.1242166585409002
262,0.12421665854089933
263,0.09280114845622467
264,0.09280114845622542
265,0.3553658820019526
266,0.11858636886298914
267,0.11858636886299039
268,0.06880783922537462
269,0.34499176340240567
270,0.07503102891147145
271,0.12604319422296623
272,0.12604319422296667
273,0.29359626494351476
274,0.36476389659660235
275,0.3574578223114469
276,0.12297657233969235
277,0.12297657233969275
278,0.09707606011444557
279,0.0970760601144457
280,0.1258161855945617
281,0.1258161855945613
282,0.09351558567193914
283,0.37213476947943847
284,0.4013907424336578
285,0.12511768966698752
286,0.07912311493548727
287,0.35056192059922875
288,0.30495831910024235
289,0.08551487055485753
290,0.05607446542022
291,0.056074465420219856
292,0.05753859202779617
293,0.030442940682749726
294,0.07710461242146364
295,0.07710461242146356
296,0.33580412610930516
297,0.1483652327064109
298,0.03913255911629569
299,0.3508572278011594
300,0.061915365878087804
301,0.04194783198062437
302,0.08004212216415238
303,0.3799451206720676
304,0.380627841883653
305,0.372351942746437
306,0.3792231176679612
307,0.06939254294229429
308,0.3630792848604998
309,0.11595663937356131
310,0.11595663937356038
311,0.08646884378456209
312,0.05528783535697545
313,0.10570354635793089
314,0.10570354635793129
315,0.34520018747376907
316,0.1039115523327508
317,0.1039115523327504
318,0.35662720696164885
319,0.048036735569507494
320,0.13462535885448973
321,0.11518040028667602
322,0.11518040028667562
323,0.06518491699351353
324,0.0337020904712528
325,0.3706025215020846
326,0.35639386468579165
327,0.34828750862145313
328,0.07045475799227863
329,0.16168437817701675
330,0.161684378177017
331,0.038642187070775796
332,0.0342468564760115
333,0.03836205633787693
334,0.07546220244511506
335,0.07798700698392597
336,0.08629009032588858
337,0.09427968505169454
338,0.09427968505169583
339,0.09812153920938453
340,0.01584562953250063
341,0.08770938602994356
342,0.08770938602994399
343,0.0749766757515593
344,0.3276827692213378
345,0.04856110688121728
346,0.12153550995023962
347,0.12027047833396154
348,0.12027047833396007
349,0.09036807650708928
350,0.10437686364955523
351,0.07547590002472743
352,0.0321840041099633
353,0.1506977379034013
354,0.36757341346732136
355,0.1412163820864195
356,0.14121638208641976
357,0.10308380375506639
358,0.04319434687804871
359,0.08841406918486912
360,0.04040032708475309
361,0.31354286476311694
362,0.3667231760247647
363,0.34500066529851003
364,0.11116425829113213
365,0.11116425829113288
366,0.32613182689427417
367,0.13573682328836195
368,0.1357368232883613
369,0.3124595024938293
370,0.20804361962005044
371,0.049861446296354105
372,0.31600000828027486
373,0.046004208832339084
374,0.35397114793905965
375,0.11239814715353359
376,0.11239814715353588
377,0.09488018026939263
378,0.363941454143978
379,0.11874759378898365
380,0.1026256665066207
381,0.10262566650662094
382,0.36126557275149884
383,0.3517472741151945
384,0.1451362955647075
385,0.14513629556470675
386,0.2997416242078952
387,0.1190611059783681
388,0.32443672430282233
389,0.37571537138237343
390,0.3237478963877786
391,0.05517038857693029
392,0.362431667384342
393,0.34041446723381336
394,0.05752882850244765
395,0.3121488999483029
396,0.09841746300180527
397,0.12697500472704437
398,0.12697500472704396
399,0.3642595595596323
400,0.3546432175501411
401,0.36227281906392717
402,0.3764257215780708
403,0.09754388546962342
404,0.10542453008679552
405,0.10542453008679555
406,0.05945077788542972
407,0.059450777885429976
408,0.042597798186045366
409,0.1378374850158001
410,0.13783748501579918
411,0.10282585031821742
412,0.3504702256229879
413,0.05699534311079021
414,0.1011640183474198
415,0.11329387110081056
416,0.11329387110081021
417,0.3350010395616346
418,0.36287133731013316
419,0.13423920027286543
420,0.13423920027286715
421,0.0549242101458909
422,0.34496393798811764
423,0.29335455836128044
424,0.3466608818356071
425,0.1224081232968937
426,0.10349947795238519
427,0.12951628461420844
428,0.12951628461420972
429,0.09766877442136108
430,0.10836919753928254
431,0.09507859569265795
432,0.09507859569265756
433,0.09877025070281747
434,0.14229874036599752
435,0.07513050375407966
436,0.07513050375407958
437,0.034078436433951365
438,0.32611151630903346
439,0.11974724000833617
440,0.11974724000833578
441,0.329371851277253
442,0.3228211674742316
443,0.06713868604937699
444,0.06713868604937814
445,0.3484121083144255
446,0.15275298241602758
447,0.15275298241602803
448,0.08206703016328673
449,0.0820670301632867
450,0.07648552305548326
451,0.37516325023301383
452,0.3707654317717678
453,0.338174769436911
454,0.06429363272063653
455,0.10521370721251408
456,0.08984811661562159
457,0.08984811661562328
458,0.32332732515096585
459,0.028473864526925595
460,0.1140055138994488
461,0.11400551389944914
462,0.36558612886201347
463,0.048630288905549844
464,0.34920524442335815
465,0.37533728680398226
466,0.3611544290042422
467,0.3396620505427069
468,0.10968864333109687
469,0.10968864333109686
470,0.3246772094188992
471,0.32659020834234875
472,0.37884075720170796
473,0.13094740410310082
474,0.10234451224392893
475,0.10234451224392888
476,0.3721663217886922
477,0.1021590679601717
478,0.10215906796017116
479,0.04093579233448937
480,0.13876049855895645
481,0.13876049855895584
482,0.33731252355644803
483,0.3661527806697134
484,0.11630239428552094
485,0.11630239428552068
486,0.29597829526880426
487,0.35630931600958515
488,0.11376157842124028
489,0.34613187049072636
490,0.32697616097512777
491,0.10942002082405215
492,0.3228297132822381
493,0.3184101214089504
494,0.07089606209459713
495,0.09659867752884678
496,0.09659867752884953
497,0.11824003732025067
498,0.11824003732025191
499,0.29083154933781274
500,0.362289922452775
501,0.058740332485929136
502,0.34531767312228684
503,0.3422856388435613
504,0.10448346147891524
505,0.10448346147891563
506,0.08661307356409573
507,0.08661307356409528
508,0.3556320450284705
509,0.3486166186697663
510,0.08860585647496513
511,0.08860585647496613
512,0.08448416599622355
513,0.0844841659962231
514,0.3861733800934125
515,0.06879120536147575
516,0.34042290696888794
517,0.3302460376225223
518,0.3000860510802693
519,0.09136662536123784
520,0.0913666253612375
521,0.12542302437313999
522,0.12542302437313957
523,0.05297449663420873
524,0.288280232361701
525,0.30977593314654106
526,0.2768681210878407
527,0.3597437661374178
528,0.09927317567395876
529,0.083958624084202
530,0.3957914926516513
531,0.36570733998361776
532,0.2819258196742371
533,0.36657823859353894
534,0.3298524799055297
535,0.34570496725130856
536,0.06754793382860394
537,0.06754793382860438
538,0.3238583135021246
539,0.1295789590845223
540,0.12957895908452086
541,0.2940802906625861
542,0.36197500288133744
543,0.29638143402285183
544,0.09234016995604316
545,0.09234016995604255
546,0.3297124540496076
547,0.325715038182138
548,0.3455156568461806
549,0.10049915421100988
550,0.1004991542110098
551,0.3364718742716587
552,0.31422984440106805
553,0.34133047446842163
554,0.3086076616398656
555,0.34148540805194433
556,0.3132850531775122
557,0.3175916176777446
558,0.08426568586862714
559,0.16147973039872848
560,0.11337628014815507
561,0.11337628014815483
562,0.07107291839290698
563,0.07107291839290766
564,0.08877212594094139
565,0.08877212594094137
566,0.3425866724641214
567,0.09089434444492044
568,0.09089434444492024
569,0.34016360859902817
570,0.2959518094796915
571,0.32820567466400763
572,0.3880950672719322
573,0.04645230881751383
574,0.046452308817514235
575,0.13131469829691722
576,0.13131469829691603
577,0.30977699449764334
578,0.34984064183724584
579,0.04938644607422211
580,0.3152865006764787
581,0.10641528922533529
582,0.31054387379339715
583,0.3574701601031446
584,0.35173965759881737
585,0.3090173327769257
586,0.31780224395940937
587,0.059820869885445195
588,0.3136077726813775
589,0.3674389927843576
590,0.33599334434056877
591,0.3467743975164298
592,0.13659416891248197
593,0.13659416891248202
594,0.13060467572589213
595,0.13060467572589382
596,0.33022180027338804
597,0.36290923624035654
598,0.10977601235715699
599,0.12954666092745662
600,0.12954666092745654
601,0.06980302036663738
602,0.06980302036663649
603,0.3170430458439063
604,0.3459489931280589
605,0.13259859983711633
606,0.1325985998371152
607,0.08275072026281793
608,0.08275072026281839
609,0.3367120591256992
610,0.3264934195939408
611,0.28741707932114524
612,0.13429864957480356
613,0.1342986495748033
614,0.1353949590361305
615,0.13539495903613052
616,0.34173768341822647
617,0.05585330126456459
618,0.055853301264564566
619,0.33877395068857136
620,0.3450602587365237
621,0.36798018822235545
622,0.10180883320673723
623,0.10180883320673616
624,0.1106566251317402
625,0.11065662513174189
626,0.32385589975357
627,0.3096097008111346
628,0.27998626692679557
629,0.29407671822354103
630,0.36539888944852045
631,0.3581125965925103
632,0.12589455880492686
633,0.1258945588049266
634,0.08768582053029736
635,0.08768582053029757
636,0.037632348432558416
637,0.8993668919223965
638,0.32571605966501516
639,0.3578046712622839
640,0.1336968167486066
641,0.1336968167486061
642,0.31793531641859885
643,0.3489998885778186
644,0.3064977373304291
645,0.3229381209456215
646,0.33087806652348245
647,0.16698862049175536
648,0.1669886204917562
649,0.26853947835160136
650,0.3609460230050981
651,0.3712689707082264
652,0.09049237690668023
653,0.09049237690668019
654,0.34986551308408237
655,0.37327791849544156
656,0.35076889428714475
657,0.1324359741337706
658,0.35730040283354053
659,0.30698867174471334
660,0.132489649496475
661,0.13248964949647543
662,0.2836313936142449
663,0.33012554352547496
664,0.331433909277123
665,0.0971575426680387
666,0.09715754266803837
667,0.310151214899849
668,0.32688188889637343
669,0.3166658729180529
670,0.10060501103565718
671,0.10060501103564964
672,0.0859735592643252
673,0.08597355926432389
674,0.3479081822977234
675,0.09870296615096515
676,0.3334947010077611
677,0.14271847618558908
678,0.34640193781709055
679,0.316525211585197
680,0.3062149896837065
681,0.34207087056665136
682,0.3464462516402823
683,0.13757225529432365
684,0.13757225529432462
685,0.3208230403094169
686,0.30400375521621426
687,0.22700974454565054
688,0.054411040424327144
689,0.32764977853729654
690,0.3075616991202804
691,0.338135760405626
692,0.321023932808293
693,0.31035438285858435
694,0.34475417859415447
695,0.25369341715415705
696,0.32361036800417264
697,0.11346056950570386
698,0.11346056950570427
699,0.36293638506051523
700,0.33825037342258707
701,0.2691477083129823
702,0.11187453764484385
703,0.11187453764484429
704,0.3253814356570627
705,0.3759295119387674
706,0.1276633111593272
707,0.1276633111593276
708,0.32935326528329023
709,0.33649455344098594
710,0.3158801567153632
711,0.32268541489620806
712,0.30858613056673156
713,0.35204209148109245
714,0.28756161490359716
715,0.26199830490604004
716,0.12006909252870922
717,0.2889600728868658
718,0.3442036234020164
719,0.3254522221357823
720,0.3325946637022947
721,0.32144614445007663
722,0.09770805403621749
723,0.2777365501101257
724,0.33495633226997323
725,0.2665194837733083
726,0.1393560945848891
727,0.13935609458488982
728,0.3428786330392325
729,0.3533980979567689
730,0.10655976379271823
731,0.1065597637927194
732,0.08458643043277213
733,0.08458643043277263
734,0.2500424579528369
735,0.1034600180534454
736,0.10346001805344728
737,0.3377693052470769
738,0.28785362642410156
739,0.3466805298514422
740,0.3354028966636135
741,0.07772801573609402
742,0.3128717597798442
743,0.30115122732709076
744,0.3428493339390553
745,0.3243245440556353
746,0.3880263862786534
747,0.12795365368270864
748,0.1279536536827082
749,0.3223027326962407
750,0.10401691376673994
751,0.10401691376673883
752,0.3123904766083806
753,0.08435379868172335
754,0.08435379868172324
755,0.37893407841925153
756,0.30977944233133664
757,0.3845218973550441
758,0.33091437178912114
759,0.35308149621882756
760,0.3683736998579136
761,0.15338273749077225
762,0.11313340642973621
763,0.11313340642973514
764,0.3516106453930086
765,0.337145456433633
766,0.12918798740353477
767,0.12918798740353615
768,0.3635049748176563
769,0.3438974012277224
770,0.3541204508686826
771,0.32656912904507657
772,0.3579336992466022
773,0.07233271204428687
774,0.07233271204428732
775,0.35348619079163807
776,0.39062814520087397
777,0.2692053758646124
778,0.3006752655863562
779,0.29268965264654917
780,0.13769947524676046
781,0.13769947524676027
782,0.30664753250003673
783,0.3363106032301326
784,0.26390792397874063
785,0.3973346251164369
786,0.35978557036341074
787,0.38032158260323584
788,0.31679008913470674
789,0.3078236782357076
790,0.3107790570558263
791,0.39032931928404796
792,0.31912985063667904
793,0.2953878493739645
794,0.27581874078290525
795,0.3830139450981605
796,0.22235135527795374
797,0.2832778127657687
798,0.34318700783790085
799,0.2771350481487805
800,0.3669571281398894
801,0.28973662652350807
802,0.36673009790235844
803,0.1252176896118064
804,0.12521768961180618
805,0.3446327424950775
806,0.29958526170797933
807,0.32421321970950046
808,0.06451206500495982
809,0.0645120650049597
810,0.11109374927013856
811,0.11109374927013839
812,0.330177242629044
813,0.3292464367326085
814,0.307608040235861
815,0.32408533164711445
816,0.27739741065070006
817,0.2844122289621513
818,0.20745397732051277
819,0.30030810597627816
820,0.3114613090242044
821,0.3487871757338087
822,0.13337774259083338
823,0.317707725135024
824,0.3812816670903655
825,0.29384132831945614
826,0.11860745602003904
827,0.28209844874236234
828,0.31893521614887843
829,0.2818305959143735
830,0.3014943997463709
831,0.3353668560275021
832,0.3329419367925527
833,0.09281028660997004
834,0.09281028660997073
835,0.1452076757357683
836,0.14520767573576807
837,0.3674472303889339
838,0.30191744875366544
839,0.804406761075797
840,0.31618797028670026
841,0.3148514958351313
842,0.2655307078896508
843,0.36433414904787703
844,0.3599253052530049
845,0.2889535186838286
846,0.3784343280881003
847,0.38391464929929014
848,0.3904307758427321
849,0.27281171764805345
850,0.33304687287472723
851,0.3322561489794671
852,0.3367875984195522
853,0.24510762530378333
854,0.09337776804657166
855,0.09337776804657193
856,0.28718894293517333
857,0.3695067921531313
858,0.317614711836227
859,0.2734448399810824
860,0.3122850208559631
861,0.27546443674905047
862,0.36726037172225906
863,0.39830909445568907
864,0.2595850152775289
865,0.332549764329329
866,0.24924561147407273
867,0.23023834271432714
868,0.28022095541703806
869,0.29157477260452563
870,0.3385780629271522
871,0.31706059380401364
872,0.250599979402786
873,0.2578428369090872
874,0.42285903282101844
875,0.29845486371573043
876,0.2317127157111106
877,0.3053877823843384
878,0.41690483887538804
879,0.32608779664165605
880,0.3384604231820358
881,0.3089985684923006
882,0.3086106707905665
883,0.2779914265975504
884,0.3149850263326788
885,0.38591369399666203
886,0.34248570916856724
887,0.29438745777911224
888,0.34802060323096784
889,0.28179987656771716
890,0.31826463722598747
891,0.2575481376536847
892,0.33791020135834104
893,0.20695346364460418
894,0.35454200860567187
895,0.30669464496813453
896,0.1398182198234429
897,0.1398182198234416
898,0.35994625869880864
899,0.32301151496163244
900,0.3250715025508742
901,0.3929842282881781
902,0.3020937346280091
903,0.2788392616524569
904,0.33651578708246366
905,0.2850527928843209
906,0.3300912836104902
907,0.32778430630800776
908,0.27779549931826547
909,0.40730839834210825
910,0.3059186600542758
911,0.326735722236986
912,0.35594638391064704
913,0.3026657588316952
914,0.21517178823503982
915,0.3059838237973352
916,0.28203234507498204
917,0.3647321221516337
918,0.3348955807210617
919,0.29524525585552924
920,0.2745419001344293
921,0.3133994045424313
922,0.28337390721737
923,0.3346257372983647
924,0.3259481767885009
925,0.32915695472720596
926,0.3662714860107603
927,0.3187574650266378
928,0.25300746895389253
929,0.3109128270612948
930,0.29270460426973727
931,0.1356677026223427
932,0.13566770262234037
933,0.3373130322887747
934,-0.019716904979086947
935,0.27608544930887363
936,0.2953301026252432
937,0.2913215024726909
938,0.3156580798093358
939,0.23147861975216685
940,0.3500400568662992
941,0.313884073538829
942,0.32715627966321764
943,0.2990371300737881
944,0.3726554098627799
945,0.265709401608433
946,0.31068624668814504
947,0.28802546814267044
948,0.29494653810862764
949,0.34924885546250956
950,0.35243563021176566
951,0.34812315095274615
952,0.028420270477341775
953,0.321630642630147
954,0.2730429517341113
955,0.29862628206137715
956,0.3644628378791662
957,0.3304409152322413
958,0.3045017944515319
959,0.3109832187900708
960,0.3002843078076745
961,0.265408278668318
962,0.30054650201181987
963,0.31114737469993803
964,0.2890950330419565
965,0.2978545297037365
966,0.3209753332967825
967,0.3038730330540693
968,0.304198869699313
969,0.3367713618162381
970,0.3336791292626313
971,0.37189809910562327
972,0.2989800266948185
973,0.3575270279941113
974,0.2616875866419881
975,0.25316729788801734
976,0.326532386337467
977,0.3459930360968266
978,0.2622226147969102
979,0.24073252304760456
980,0.2543515065773623
981,0.33180332852803307
982,0.3084511469821349
983,0.31878413366197506
984,0.3615726387756224
985,0.29233701300891013
986,0.2549998667036478
987,0.28610088346799245
988,0.33839373315911964
989,0.35393600988789414
990,0.31171854386138564
991,0.3046478518606353
992,0.2312975402202334
993,0.33644227519439396
994,0.2640993214675126
995,0.3531356807762527
996,0.29539383688371007
997,0.3362467154039988
998,0.35637039389117214
999,0.29843743696716113
1000,0.38386539297921696
1001,0.33719091505797816
1002,0.3858119501030297
1003,0.360809350568434
1004,0.26683479927361403
1005,0.3183901768166348
1006,0.2919862803078231
1007,0.3774266990020868
1008,0.2706376839899424
1009,0.32913021570542006
1010,0.23880348899148757
1011,0.8236460865761033
1012,0.2925733200752173
1013,0.3615700999891549
1014,0.33673492470411137
1015,0.3163360269935646
1016,0.8382975809419358
1017,0.20630134426973076
1018,0.2824937848596681
1019,0.31708648390755195
1020,0.3915060688518661
1021,0.2935814262585331
1022,0.18765896383324995
1023,0.3345496547137239
1024,0.10970764705876539
1025,0.1097076470587649
1026,0.3229922689761379
1027,0.3646595552682079
1028,0.35880102219524157
1029,0.35586117573841186
1030,0.31749683496050224
1031,0.2839738609972175
1032,0.3435498749819316
1033,0.3385054706501013
1034,0.3525836381500717
1035,0.3601521336194894
1036,0.3172596527124775
1037,0.29304240433580603
1038,0.32977147510973
1039,0.3113559523337727
1040,0.27922442366350736
1041,0.3219881469649898
1042,0.29931727199829283
1043,0.34212092746653344
1044,0.31762625336586275
1045,0.3471819596839623
1046,0.31091115536073427
1047,0.3107098389230108
1048,0.7431755433839534
1049,0.3475718572591478
1050,0.3017387279109055
1051,0.36007556169595245
1052,0.2601778434040333
1053,0.295389134589404
1054,0.27255653911056943
1055,0.13537900310313972
1056,0.13537900310314024
1057,0.32588201147047413
1058,0.3448213826489836
1059,0.09643431322338528
1060,0.2818763641366119
1061,0.22890875700264204
1062,0.2707724388834367
1063,0.29133855499149364
1064,0.35686341266190436
1065,0.3023811841654165
1066,0.27003102945951385
1067,0.33942266248596553
1068,0.08839639424161927
1069,0.08839639424161987
1070,0.36475645222231795
1071,0.30973247290648687
1072,0.3308184602137641
1073,0.3336666626897129
1074,0.2955095147084423
1075,0.317865635390134
1076,0.18171172358477025
1077,0.3516410278692852
1078,0.3404749263935413
1079,0.22834392737521356
1080,0.7964517396208826
1081,0.30366199025400054
1082,0.27807788582073395
1083,0.3302515644560014
1084,0.2990251556698265
1085,0.02387407878268465
1086,0.3053873176085663
1087,0.3268636881300536
1088,0.3689809737066733
1089,0.29087543774596425
1090,0.2922684159105522
1091,0.34966576537475397
1092,0.288480265988583
1093,0.2291610997962081
1094,0.29586543119140335
1095,0.33380156745097933
1096,0.30597396932665566
1097,0.2920523229114592
1098,0.27064054113631547
1099,0.2870681776769392
1100,0.3421551392300069
1101,0.30716732152820453
1102,0.2780064740710779
1103,0.23950495888815712
1104,0.3321003071923239
1105,0.2700556800059233
1106,0.3118181184706108
1107,0.3364161692999043
1108,0.32671086584934267
1109,0.3523505594990524
1110,0.3383945184955145
1111,0.31289968371005605
1112,0.2903769943481959
1113,0.2721679016137662
1114,0.27548882522427603
1115,0.15512312280047655
1116,0.3225999398179966
1117,0.36480214091111857
1118,0.3670709683853404
1119,0.24640456203588743
1120,0.305164869635289
1121,0.267224808452881
1122,0.3368314038329886
1123,0.34563396511475963
1124,0.2192478268378517
1125,0.2628943889727649
1126,0.2817514035394698
1127,0.3284762303365469
1128,0.3733095882147934
1129,0.2703758373815972
1130,0.2837734243217018
1131,0.30840474612067903
1132,0.7701321382546238
1133,0.3386108117924539
1134,0.3167290072213685
1135,0.27639502249474834
1136,0.28709060391650754
1137,0.11087110901501358
1138,0.28838475147204884
1139,0.2830044101619373
1140,0.2886849957508161
1141,0.2883770487595673
1142,0.24747953976450943
1143,0.25195657517352693
1144,0.30911661150509767
1145,0.307943282793691
1146,0.3031075094549512
1147,0.3413906462226524
1148,0.2996557463279802
1149,0.29368484325393496
1150,0.31092784049564665
1151,0.2774771584725728
1152,0.33462644783752
1153,0.3164007656070857
1154,0.31048108498825416
1155,0.31604069433232873
1156,0.30943563590648493
1157,0.3406690153447783
1158,0.3752461062716505
1159,0.24366167503886146
1160,0.3688949072647119
1161,0.8109360960365224
1162,0.32542784012262416
1163,0.35046642105870857
1164,0.34975140042298697
1165,0.32112651306315687
1166,0.32364072115037895
1167,0.293438730978029
1168,0.35749583872021096
1169,0.13471130171864668
1170,0.3063202603280467
1171,0.3491886712258479
1172,0.3230056096149891
1173,0.33391890158013865
1174,0.2872764668064131
1175,0.29355064002396
1176,0.30494671649456384
1177,0.14240003043477822
1178,0.36224813839456416
1179,0.23228225166449148
1180,0.33825634374981517
1181,0.32885656413437714
1182,0.19867558339528477
1183,0.07444076374572214
1184,0.07444076374572346
1185,0.2989054085653193
1186,0.28113098277832216
1187,0.3008013443578181
1188,0.3080521851905838
1189,0.34365886220875747
1190,0.21320192592496412
1191,0.3077123734172052
1192,0.2721785836348595
1193,0.294240327111072
1194,0.34594226097800385
1195,0.3334424665710309
1196,0.3139825363794131
1197,0.33130898321383134
1198,0.07806221586239977
1199,0.0780622158624006
1200,0.3663535331044042
1201,0.7022552542966887
1202,0.31143200904977003
1203,0.3479521463480815
1204,0.3577730203471621
1205,0.30895741548450545
1206,0.22579613569965679
1207,0.3454713427588546
1208,0.3472688303320292
1209,0.2292667260910482
1210,0.31468384721534864
1211,0.3333103783870063
1212,0.31504940305517887
1213,0.26721583859790954
1214,0.23641090561082326
1215,0.3393508719574547
1216,0.3398629810975042
1217,0.1012897735235827
1218,0.10128977352358286
1219,0.33827740141211093
1220,0.08738049061714516
1221,0.08738049061714524
1222,0.28597691060379027
1223,0.8143591114732981
1224,0.8195262496248218
1225,0.28759767937219527
1226,0.323513880252529
1227,0.268473510765709
1228,0.3239092760447077
1229,0.3251772411617236
1230,0.41429245375620694
1231,0.31501783997881305
1232,0.31773051347159487
1233,0.30452308517234167
1234,0.24872484260362007
1235,0.33984107358383076
1236,0.3012542729623905
1237,0.2696461120754893
1238,0.2953453438893134
1239,0.7809793402490178
1240,0.3799204821680232
1241,0.8598985334519509
1242,0.29192213559383745
1243,0.2553358790382385
1244,0.2100517932948578
1245,0.21452674346263537
1246,0.3003261566776411
1247,0.3239410535745495
1248,0.37077066121872265
1249,0.35273874458103116
1250,0.30324994371756486
1251,0.30692712165787095
1252,0.30294663428937424
1253,0.2713930839355047
1254,0.30220620770396545
1255,0.2610955776541995
1256,0.34230133066538443
1257,0.27340850845539866
1258,0.27452475133590204
1259,0.37795643925898353
1260,0.3441290736464317
1261,0.3199012165888705
1262,0.33496102193927013
1263,0.33635708364565964
1264,0.253881490124055
1265,0.30229172661851106
1266,0.2974031824414048
1267,0.2898418076086673
1268,0.3066624056123242
1269,0.08846291916106261
1270,0.08846291916106175
1271,0.3064951796433471
1272,0.28278862337439487
1273,0.32768671024655843
1274,0.33746761905964695
1275,0.3417488210709585
1276,0.3383648149407431
1277,0.2754117000898461
1278,0.2529479654008881
1279,0.32430338023243405
1280,0.27509249367218774
1281,0.2955497399746488
1282,0.3463290569273456
1283,0.27774860786912253
1284,0.29970052875191794
1285,0.3006211685493797
1286,0.2757500796421453
1287,0.30441922300919205
1288,0.2913760712114216
1289,0.3184184373251761
1290,0.3680991537258623
1291,0.3241557819003167
1292,0.33925875112518317
1293,0.30680105178040085
1294,0.2523186655933382
1295,0.24147299418814164
1296,0.3751902916198029
1297,0.37158823106314787
1298,0.3589474264134195
1299,0.299381845496818
1300,0.3178351615020183
1301,0.32913068180607125
1302,0.32331205670511043
1303,0.27084872073721394
1304,0.3973949192598363
1305,0.2961725819081359
1306,0.7714051574590233
1307,0.35112726043064457
1308,0.3007364747323898
1309,0.3249382151157278
1310,0.26251009692534055
1311,0.2496544627247964
1312,0.33465653692605235
1313,0.30064709313365323
1314,0.3272469473724369
1315,0.24995329909978906
1316,0.289235065826105
1317,0.7723713866760297
1318,0.21054684801226767
1319,0.7403885975867157
1320,0.32596608013427575
1321,0.3161534103877806
1322,0.30539917639462283
1323,0.4271100431251082
1324,0.36662109138154836
1325,0.30495294983121635
1326,0.7575576052370506
1327,0.2720852907333063
1328,0.3276267368713647
1329,0.31953972028790467
1330,0.29718499689089145
1331,0.33461971035653015
1332,0.20106716388495735
1333,0.31866725207380525
1334,0.3334397358231748
1335,0.7685808804373709
1336,0.8782444831028798
1337,0.33348593164299706
1338,0.1900103990934432
1339,0.3112684499854877
1340,0.1363092919053773
1341,0.2716415159387335
1342,0.21410711179238837
1343,0.33728867360598536
1344,0.7970179696475349
1345,0.34519951866361953
1346,0.3179226434719389
1347,0.3238742470157727
1348,0.28029262880519545
1349,0.28542101075192505
1350,0.14170737229267244
1351,0.14170737229267208
1352,0.27299914914261475
1353,0.3462358458548155
1354,0.33020987544529773
1355,0.3479271735779828
1356,0.3112160214080878
1357,0.3469239754318086
1358,0.7512515902039312
1359,0.2316276933942782
1360,0.3763175915500232
1361,0.3286001885892991
1362,0.32063891651983756
1363,0.3111688981677274
1364,0.278070679515358
1365,0.28568452007402917
1366,0.35343031301619077
1367,0.3580972473118505
1368,0.27190891753926927
1369,0.22051687983069912
1370,0.09006638880584072
1371,0.18747663591096203
1372,0.35381199434717764
1373,0.30755753465509206
1374,0.24317657360029557
1375,0.7645032669343237
1376,0.4061483987362894
1377,0.28658417689344623
1378,0.7997618555006325
1379,0.32176632402840843
1380,0.2740493543833735
1381,0.3185467166761832
1382,0.8298731260873325
1383,0.2690601723675095
1384,0.3367445308494988
1385,0.323687565925473
1386,0.3212926855560786
1387,0.29757754952604726
1388,0.3803740342920218
1389,0.8180205795119406
1390,0.32279561874447443
1391,0.3413824820644593
1392,0.09695766557363977
1393,0.09695766557363773
1394,0.2848274582411682
1395,0.30502937813278247
1396,0.3344052700593504
1397,0.22882726603138717
1398,0.7969842399273234
1399,0.35600599589551046
1400,0.3210639282765228
1401,0.32212867202467893
1402,0.38969298161214927
1403,0.3510656395930441
1404,0.1687947956066879
1405,0.6932669072314793
1406,0.2995415813149475
1407,0.28919599162826465
1408,0.3285380275774796
1409,0.35643450505424107
1410,0.3280526254484114
1411,0.7149304921419464
1412,0.3599596175108754
1413,0.7123999164762924
1414,0.2880389218847888
1415,0.8270529285865577
1416,0.26972555039776525
1417,0.3102490916589494
1418,0.3050999738458021
1419,0.3461399768604679
1420,0.30723781389620575
1421,0.20251851696345027
1422,0.30047858337206507
1423,0.13042792605355305
1424,0.1304279260535526
1425,0.33252245144158427
1426,0.31880148010787546
1427,0.24947802895855567
1428,0.7053509508504197
1429,0.329264541507464
1430,0.37488392076539795
1431,0.09141156131385669
1432,0.09141156131385635
1433,0.24262537609550353
1434,0.3220267565302098
1435,0.32878891537304256
1436,0.3027804638977131
1437,0.7329778809895824
1438,0.2892761667751424
1439,0.2930233723565929
1440,0.3379451102955272
1441,0.34711997269212286
1442,0.2865911912407568
1443,0.3299897841085769
1444,0.23793347431092535
1445,0.31718348820479836
1446,0.32964770584153397
1447,0.1463570419448
1448,0.29682189638354095
1449,0.28281573615115096
1450,0.8530359841670379
1451,0.29320731128128347
1452,0.857229983045386
1453,0.805346690685938
1454,0.3043194584215158
1455,0.321155662014018
1456,0.31260688012039556
1457,0.2827424078510623
1458,0.2743935605607708
1459,0.28236218502987803
1460,0.27954002204762624
1461,0.8270004147067559
1462,0.30333270700247084
1463,0.30036408864901937
1464,0.2944924810868146
1465,0.8640226697074997
1466,0.3024802518673082
1467,0.22549983948346158
1468,0.34099045274066453
1469,0.6469589584035862
1470,0.3336270629704571
1471,0.830676981558445
1472,0.359544912772907
1473,0.886986450296006
1474,0.7640257673745581
1475,0.34046195536209195
1476,0.3676038390765743
1477,0.30536195844973807
1478,0.33048384718944407
1479,0.3289353117803854
1480,0.18741426501575803
1481,0.3017818883850409
1482,0.30500454703037044
1483,0.26879492417181716
1484,0.31036505056320635
1485,0.24754834303095255
1486,0.31727890044313595
1487,0.31179027596322084
1488,0.779523959545648
1489,0.6021047463896428
1490,0.321521439817187
1491,0.28024575892963316
1492,0.19536399738968913
1493,0.2926993921231936
1494,0.22977476836378455
1495,0.7168311282975022
1496,0.3120537581115675
1497,0.31440530362565705
1498,0.24611139861216513
1499,0.308749632486409
1500,0.31217497224705026
1501,0.2699760811742072
1502,0.7571386936411733
1503,0.3251195017755094
1504,0.2786706764875891
1505,0.7771400264619621
1506,0.30144378122009435
1507,0.2660264236278608
1508,0.7658420598037441
1509,0.35688800456703723
1510,0.6484255699166466
1511,0.2560930168100317
1512,0.2995786410346003
1513,0.30684166098427085
1514,0.2842646440403162
1515,0.27339070674457727
1516,0.8132009390128804
1517,0.3129814711358953
1518,0.8571409316200562
1519,0.2682225479374509
1520,0.8294302044080124
1521,0.8562326239901408
1522,0.372658058167771
1523,0.8144186263371507
1524,0.6392590741032471
1525,0.3473358052814779
1526,0.32805942186254494
1527,0.8084483385636368
1528,0.2934758266188013
1529,0.3032207033531192
1530,0.3690580871637945
1531,0.29474918080835655
1532,0.12919475847281758
1533,0.12919475847281933
1534,0.358016579172082
1535,0.2797077256410527
1536,0.749814509377387
1537,0.289529408407058
1538,0.34982268880287093
1539,0.32993068966431127
1540,0.7205970778428992
1541,0.33771000899171333
1542,0.3567287239378485
1543,0.3479068503017786
1544,0.7885938838411231
1545,0.3775864891615487
1546,0.35617523042774557
1547,0.10093695111396578
1548,0.10093695111396525
1549,0.2980466327610083
1550,0.2699077502354353
1551,0.343877006423412
1552,0.3455342812591663
1553,0.21854502352894617
1554,0.8387850267765518
1555,0.17638587405696032
1556,0.3162051886886971
1557,0.8396595442155015
1558,0.26305833996706174
1559,0.3352679392966732
1560,0.34374277723252955
1561,0.29701841416373337
1562,0.2804920840434331
1563,0.2740185486410306
1564,0.3264898666229909
1565,0.823997067062848
1566,0.3311656717599038
1567,0.3277808488478112
1568,0.8128530235004517
1569,0.1701643265916913
1570,0.558073734301909
1571,0.2984824511770847
1572,0.3192123741817564
1573,0.31713538301441807
1574,0.7925940677361327
1575,0.7239926503056588
1576,0.27205684082151743
1577,0.23917301799895266
1578,0.37892497123692814
1579,0.8026500224783888
1580,0.2082014325772466
1581,0.7936132669555992
1582,0.3421373056748411
1583,0.7720638905074282
1584,0.31836926140764543
1585,0.30869642100164346
1586,0.32690427394071925
1587,0.24669322347232983
1588,0.22909288599822913
1589,0.29190004775659906
1590,0.7291701262852259
1591,0.28135562229545363
1592,0.7318699120001235
1593,0.32667594802196276
1594,0.31352566494315615
1595,0.8150932246825187
1596,0.3199745605163205
1597,0.31251862682159787
1598,0.7189437243883919
1599,0.40411708888550146
1600,0.16283201090475566
1601,0.3288041681364767
1602,0.35166860013284207
1603,0.338224831556448
1604,0.29164206268355186
1605,0.7678126353096902
1606,0.7471528766980043
1607,0.22960396997177662
1608,0.29708718715193466
1609,0.3093799659632783
1610,0.3236140250984607
1611,0.31750032195162553
1612,0.22490144417074287
1613,0.18519109429013297
1614,0.328474228306971
1615,0.3354906515832616
1616,0.8043145898111788
1617,0.30027437940515567
1618,0.213831653698747
1619,0.31136890709875936
1620,0.7369294557778285
1621,0.3211647583282333
1622,0.35641174262463265
1623,0.14699452516900857
1624,0.33569315960727114
1625,0.2916715250764392
1626,0.7931459736195929
1627,0.790889968884845
1628,0.32860431511352983
1629,0.3234714242124063
1630,0.6940801451085735
1631,0.35373888761080574
1632,0.26816139090561636
1633,0.32458407833889374
1634,0.324727099078323
1635,0.27661787422519407
1636,0.8159860441817965
1637,0.8427118809887645
1638,0.2978963630158432
1639,0.3391964406935507
1640,0.7591476068432363
1641,0.3230268363014521
1642,0.2883701352194076
1643,0.35654062146113324
1644,0.39641360506853623
1645,0.30197431741925373
1646,0.25871644890537504
1647,0.3668089968445831
1648,0.792322572791802
1649,0.2374757529564147
1650,0.7018726432765245
1651,0.70759548715671
1652,0.3434141362793374
1653,0.39406501097347174
1654,0.32868212713950956
1655,0.2787424224464919
1656,0.6810291169683113
1657,0.7712633474704773
1658,0.2687211360214321
1659,0.8447916559890456
1660,0.33924331441578576
1661,0.2577216171454011
1662,0.8553669694740296
1663,0.2421747237880193
1664,0.3250017515008227
1665,0.6974042739999724
1666,0.7726849946600161
1667,0.6986387702168356
1668,0.805780589044324
1669,0.3331314419470579
1670,0.31864310569653936
1671,0.7043774944213359
1672,0.2924445258293429
1673,0.803512991185521
1674,0.3250648784900815
1675,0.7197918423112346
1676,0.2876278310251868
1677,0.3065024028109059
1678,0.8682413426519627
1679,0.3054130913579988
1680,0.34911894060546994
1681,0.3290709577749953
1682,0.3092546521939596
1683,0.2886400804187312
1684,0.28406889482993164
1685,0.31244858809829235
1686,0.2758026721662094
1687,0.26505041401012613
1688,0.3108296402927116
1689,0.28646276493287187
1690,0.27345925669222076
1691,0.7713616186568535
1692,0.3280569565509122
1693,0.30886706836534655
1694,0.3238120143859175
1695,0.3598960905819891
1696,0.36184651894701697
1697,0.8427703671471304
1698,0.8426092110898122
1699,0.4212570944539834
1700,0.7302563829729432
1701,0.3318047305627681
1702,0.7557919555043883
1703,0.7045410755777738
1704,0.27750721613801066
1705,0.8471398932193217
1706,0.3399441185705813
1707,0.2798488471915195
1708,0.3367046629303016
1709,0.7657786012372195
1710,0.8076670312565216
1711,0.7608841679456387
1712,0.8164734620439463
1713,0.784691667297227
1714,0.36985681250704056
1715,0.3231697719648868
1716,0.2407682194063002
1717,0.8238831066756325
1718,0.3043914362629195
1719,0.3466426029008733
1720,0.8449264815110006
1721,0.7927090991151635
1722,0.2865598917781947
1723,0.3411059498160945
1724,0.3312662008370133
1725,0.27747525391698147
1726,0.7782106857258442
1727,0.33089681981988067
1728,0.8090974062102507
1729,0.8022004196032241
1730,0.341780623307958
1731,0.7829482686574769
1732,0.3765179770081118
1733,0.2621691240415794
1734,0.7367453525661429
1735,0.7929999316455015
1736,0.7460668146793398
1737,0.32898684419283
1738,0.8354756893480363
1739,0.31941109594935496
1740,0.6714646725552973
1741,0.8062534301844575
1742,0.8706478299016283
1743,0.7722729742853188
1744,0.31307462083615184
1745,0.8215137375539461
1746,0.23194641007414477
1747,0.7797233937108375
1748,0.29502899162993684
1749,0.32479079522651866
1750,0.3034693984062339
1751,0.27940171986217793
1752,0.7997527866344419
1753,0.28250601882548687
1754,0.796666001914813
1755,0.30594390879588906
1756,0.28893040136474984
1757,0.31904594297579203
1758,0.33610757465261754
1759,0.8220840099462975
1760,0.7170916434532735
1761,0.7229179931052034
1762,0.2601669222436645
1763,0.7944511861275205
1764,0.7614831036281464
1765,0.32265950607949223
1766,0.7750675488450527
1767,0.852222824163989
1768,0.7128623299196568
1769,0.29344416646288796
1770,0.7405350813729781
1771,0.3030320756511779
1772,0.28916245194702045
1773,0.7724100308569378
1774,0.3045729621784365
1775,0.30494032639521024
1776,0.284901924383176
1777,0.6527546354435835
1778,0.3173813081568311
1779,0.7134946278613717
1780,0.7281457633590592
1781,0.34702446883965465
1782,0.26658000510353963
1783,0.2878139648643394
1784,0.28922790189186176
1785,0.3132483034099934
1786,0.3401497004150797
1787,0.18602478915861254
1788,0.7408439769896653
1789,0.7215018915729914
1790,0.30844415660122626
1791,0.807793563209162
1792,0.3221563615671352
1793,0.721469559682408
1794,0.7425008542324779
1795,0.7367964890919818
1796,0.6786529518290966
1797,0.7973245075234997
1798,0.8380387554973519
1799,0.7987230252252424
1800,0.8072592229760284
1801,0.7139042012732543
1802,0.7294434340258145
1803,0.33643675636054343
1804,0.29941518907331294
1805,0.3112724463331509
1806,0.3828411490708944
1807,0.6864439414743391
1808,0.25520467351387277
1809,0.32796006626042573
1810,0.23874255451812032
1811,0.3412931807941144
1812,0.8102870228817142
1813,0.34205723901027996
1814,0.33537668661355113
1815,0.8016207918451079
1816,0.7330451082529981
1817,0.8125124284512834
1818,0.27151690061813905
1819,0.31581413203697706
1820,0.71944144256858
1821,0.8449144446187415
1822,0.7261959269141517
1823,0.3548988210879715
1824,0.7356535370005153
1825,0.3413392225553752
1826,0.660287832442986
1827,0.8312415187367994
1828,0.7255859795052145
1829,0.6945226589103023
1830,0.7860443311643586
1831,0.21325454763671392
1832,0.6814256061263536
1833,0.7860667340820942
1834,0.7264631316194917
1835,0.2944240995023077
1836,0.8231584097318315
1837,0.3088406802364385
1838,0.2569287831608767
1839,0.7912782173305409
1840,0.3746897491758992
1841,0.3039676823592128
1842,0.3108956653552287
1843,0.7206742793021662
1844,0.7712745362582832
1845,0.7767104760911758
1846,0.34113388683649565
1847,0.8003195388969283
1848,0.7367026748929097
1849,0.2959085236019285
1850,0.28303119333641863
1851,0.7293790369780924
1852,0.8045725342564136
1853,0.2952341325312168
1854,0.7796038823645062
1855,0.3576144185823963
1856,0.29343057633333985
1857,0.2635642283486529
1858,0.7137751224470847
1859,0.3187160048823231
1860,0.2753480204984936
1861,0.7661937700348685
1862,0.14275634977417584
1863,0.12915046509476247
1864,0.36277355215876805
1865,0.349281577831118
1866,0.7384256530000542
1867,0.8121397657939079
1868,0.8569435581789484
1869,0.3402216826131861
1870,0.697222373375123
1871,0.300032903012143
1872,0.8208105446252841
1873,0.7837914143175995
1874,0.7885134838200178
1875,0.5714776620940593
1876,0.3655835823844857
1877,0.29896068805481163
1878,0.33374664855896363
1879,0.32211559953246693
1880,0.7119476800800146
1881,0.7295601602798697
1882,0.3445500991990221
1883,0.6061213639631535
1884,0.3663180366177558
1885,0.3291150713731025
1886,0.3606930179219464
1887,0.7668092768287811
1888,0.7554606352527486
1889,0.8771932589771905
1890,0.8118703913794897
1891,0.31774213958246583
1892,0.8266435280751685
1893,0.30265826762897824
1894,0.332819917808399
1895,0.8209985590844493
1896,0.7359949417004958
1897,0.2215982433823481
1898,0.8103294599548886
1899,0.8072219759666425
1900,0.18065000094737269
1901,0.7841628061464656
1902,0.7234019341179964
1903,0.7741742349345201
1904,0.8066412188986899
1905,0.7753817754184801
1906,0.8310101543299726
1907,0.31791038652715065
1908,0.34591707543862915
1909,0.7915667179562289
1910,0.32357766075984956
1911,0.6061144518393644
1912,0.8854634301621661
1913,0.7399791221924927
1914,0.6912060602986206
1915,0.2623222132919326
1916,0.713517260736091
1917,0.7882110115104027
1918,0.7744634893335895
1919,0.7678812413006998
1920,0.7355203744704777
1921,0.33396189450010033
1922,0.7724248908406012
1923,0.2886253477055183
1924,0.2753530802306317
1925,0.7915306864822207
1926,0.3084654726258546
1927,0.7799367235225831
1928,0.7892578169821992
1929,0.75115729179721
1930,0.7994992119415358
1931,0.72202751183339
1932,0.8064127773821272
1933,0.8153036647144639
1934,0.80465426183332
1935,0.2932148541171573
1936,0.7369208369529292
1937,0.650609633363548
1938,0.32255270188891577
1939,0.7326026374181013
1940,0.772566412320508
1941,0.8395944591156064
1942,0.8031152997791834
1943,0.7761660127789543
1944,0.8002689786991793
1945,0.30524191102389603
1946,0.6999029482395992
1947,0.35762544342507313
1948,0.3480137826664652
1949,0.8299718240307229
1950,0.8120764290247962
1951,0.3171612801859071
1952,0.6114658316245789
1953,0.6911777259090105
1954,0.3220837526588224
1955,0.8758419515388252
1956,0.7864159765895569
1957,0.7108289635781492
1958,0.7410316212354858
1959,0.6294424975334416
1960,0.327458507778544
1961,0.7465167913775161
1962,0.3161449623519801
1963,0.7160431198849108
1964,0.8077884583386131
1965,0.22458480931504898
1966,0.778461931472411
1967,0.30729446303838187
1968,0.7428963012054093
1969,0.7925845638208915
1970,0.10530215158388855
1971,0.33077671169953743
1972,0.3663916587691097
1973,0.7300144071897738
1974,0.746215135432095
1975,0.31204853564045637
1976,0.2956580681848417
1977,0.3380590604668762
1978,0.26562791012507597
1979,0.3568026914729951
1980,0.7778473703656335
1981,0.7774442030373584
1982,0.6853361583744344
1983,0.31360074971583474
1984,0.7060337827247619
1985,0.2787490542143575
1986,0.26513002303747735
1987,0.8262664137745391
1988,0.7963763286731402
1989,0.7483427038091258
1990,0.16849944878265008
1991,0.7472048736994555
1992,0.7662587438844803
1993,0.3191220174575269
1994,0.3214891757428927
1995,0.7549226412643759
1996,0.7882232309779293
1997,0.31695994695112045
1998,0.2925927375363222
1999,0.8259575958396942
2000,0.7622768264278044
2001,0.6613095661841355
2002,0.2769936563465968
2003,0.786977291623154
2004,0.7278145451323843
2005,0.3516101175146185
2006,0.3112805335400685
2007,0.34763945387120143
2008,0.741579485106185
2009,0.7409603267946239
2010,0.8259027551477183
2011,0.31543034249176904
2012,0.33403281630539294
2013,0.7763686532399701
2014,0.791552968260555
2015,0.2990308834050703
2016,0.8370150693329516
2017,0.872093336290559
2018,0.31565674273821254
2019,0.7430682845451224
2020,0.7846715020841829
2021,0.28451709078182763
2022,0.2759346590929174
2023,0.32559378330035
2024,0.31906458242220354
2025,0.7870845152438172
2026,0.32496434815445413
2027,0.2742098940108287
2028,0.808158788583996
2029,0.8148373141193177
2030,0.7744024043147355
2031,0.2681807060168904
2032,0.8546380312012819
2033,0.8167694783904457
2034,0.7264422493980298
2035,0.7439669614730874
2036,0.8246645817003471
2037,0.8291764132097004
2038,0.754838535942778
2039,0.7495375149835205
2040,0.7950374204882995
2041,0.8551796476601178
2042,0.14713776668434786
2043,0.8179105413810268
2044,0.3646505149045585
2045,0.8435747756907588
2046,0.3075464991793396
2047,0.1131865011305158
2048,0.7645458620520234
2049,0.8309622986672331
2050,0.7232708178213125
2051,0.3485643186420559
2052,0.789571759312422
2053,0.3235088750824809
2054,0.7361365951410963
2055,0.7316304001244562
2056,0.7900648032009421
2057,0.796453520964866
2058,0.7682660649383736
2059,0.8007515244819973
2060,0.8139789537045931
2061,0.8754966761208988
2062,0.8280342887661764
2063,0.21138696342697144
2064,0.6816148873334824
2065,0.7543375305776081
2066,0.7625938551320449
2067,0.13379727693441548
2068,0.7791804476962214
2069,0.7051382038104628
2070,0.2901438194833066
2071,0.32531783989988466
2072,0.7622764812120812
2073,0.8175739215841153
2074,0.7114894505874765
2075,0.7711292000230606
2076,0.3243468097182291
2077,0.733114145842946
2078,0.33690895005263805
2079,0.6763588977006207
2080,0.7927793772893484
2081,0.8019199477025296
2082,0.7526469513432817
2083,0.5381012078840606
2084,0.7855867297554048
2085,0.7954602550763249
2086,0.2996314433833269
2087,0.7994874074060402
2088,0.3248214677346224
2089,0.34450565251820814
2090,0.4152851574275147
2091,0.6448280324721265
2092,0.30303720110325244
2093,0.8234925272676202
2094,0.28970462441129313
2095,0.27232897300859493
2096,0.7438714560692244
2097,0.7846804911551619
2098,0.28625397678953485
2099,0.336579295037193
2100,0.7918872254193837
2101,0.28535046127062613
2102,0.7416011751591902
2103,0.6957579324883386
2104,0.32327170677633865
2105,0.683245364547264
2106,0.7889776818847904
2107,0.7955839607229723
2108,0.818335337997633
2109,0.33068809253770703
2110,0.6528934665254416
2111,0.33785913172096627
2112,0.6790180187881059
2113,0.7114105985176877
2114,0.8416744292194803
2115,0.34374538745367983
2116,0.7508309367226812
2117,0.7442416430421616
2118,0.3399787264057203
2119,0.8033601180566133
2120,0.6716979403089669
2121,0.32364062326825105
2122,0.32459526987682946
2123,0.3039947338166147
2124,0.7822804527037508
2125,0.34139337896511907
2126,0.8559658988018491
2127,0.2626534911745339
2128,0.7842025146402687
2129,0.33242148613062805
2130,0.3340201348362101
2131,0.21745870455932886
2132,0.7887010874295173
2133,0.7247047282688629
2134,0.7560076231138899
2135,0.7955675314516133
2136,0.8121391160396739
2137,0.7249659185911502
2138,0.7485580637936281
2139,0.36244327105360247
2140,0.7449034579114054
2141,0.7430370240849513
2142,0.7644053921394341
2143,0.8115876879030436
2144,0.31388636247570884
2145,0.7653794373556829
2146,0.7272784870070805
2147,0.8220456641250653
2148,0.8408244557030027
2149,0.6506515859752658
2150,0.6991551252780257
2151,0.7963212210389533
2152,0.29898932955234025
2153,0.2937625788504267
2154,0.3558441359098414
2155,0.7542793600781934
2156,0.2965300406131966
2157,0.7850497017418224
2158,0.6835317661083933
2159,0.6419923507501615
2160,0.7871600520701904
2161,0.8026281558328963
2162,0.7624177454962691
2163,0.7823428841296007
2164,0.6706424761172147
2165,0.7526051726706033
2166,0.7020531939715793
2167,0.23694708490565178
2168,0.30924107242684346
2169,0.7475957487706131
2170,0.7715940953012537
2171,0.3184471907291994
2172,0.3580191456006451
2173,0.7001177768815918
2174,0.3090501025463472
2175,0.8131062126819092
2176,0.7817172856082072
2177,0.7441221159645028
2178,0.8097675380935281
2179,0.3350129492649306
2180,0.8401608028231262
2181,0.747284163059046
2182,0.8157633297396232
2183,0.864152811492265
2184,0.27559465393800936
2185,0.18211919072867042
2186,0.32481330688113597
2187,0.3194391272856958
2188,0.22213370426301066
2189,0.32819055225962673
2190,0.7444248112738303
2191,0.7635588761619742
2192,0.827088508313487
2193,0.609990919789917
2194,0.32023931071673
2195,0.1392675935684673
2196,0.7347174637220216
2197,0.7676004611528171
2198,0.7900548234310754
2199,0.8354065407851158
2200,0.7938001932168542
2201,0.3425915477126741
2202,0.7172926019738644
2203,0.7896967420024573
2204,0.33069051024745616
2205,0.8154901795490818
2206,0.2429816660608924
2207,0.8258296166620295
2208,0.7772394672885645
2209,0.8157028322541514
2210,0.8271250567090642
2211,0.8099675433681128
2212,0.3188128098712186
2213,0.74907131097993
2214,0.341345615273701
2215,0.7630159195609156
2216,0.8312459604515113
2217,0.676270665454951
2218,0.7989829019635499
2219,0.27502609301483166
2220,0.7721318878723711
2221,0.8257819293466693
2222,0.7603774572263549
2223,0.33663173683218517
2224,0.6638365439577542
2225,0.3030007754515633
2226,0.8329350332700353
2227,0.8121148549784153
2228,0.7877329256746171
2229,0.6822456598863128
2230,0.7473579445064905
2231,0.7476636374053329
2232,0.7236466116473312
2233,0.1338154953550187
2234,0.2997186826549944
2235,0.7918762100465185
2236,0.3377890402591778
2237,0.310113095850738
2238,0.8058620232733621
2239,0.7383529819995417
2240,0.8023270598879977
2241,0.8396721921407454
2242,0.8159284921986864
2243,0.8081587808057437
2244,0.28142851635731553
2245,0.8536671980744522
2246,0.7053546603162979
2247,0.7262743481908801
2248,0.7815002686808534
2249,0.30915169481037663
2250,0.7839225697407795
2251,0.3750749059570629
2252,0.7269761024970128
2253,0.743151378749468
2254,0.6825744971428523
2255,0.30011031562690166
2256,0.8658135952350962
2257,0.7470528106586781
2258,0.6809243366054774
2259,0.7009389270204458
2260,0.33278729252363726
2261,0.3274889490330048
2262,0.7659277806409096
2263,0.699979527088677
2264,0.7194627945925545
2265,0.8343206146988772
2266,0.8016579503381281
2267,0.7656707638120716
2268,0.7316207294160473
2269,0.7949460762422813
2270,0.789558694455592
2271,0.7331145045763632
2272,0.7710972394374421
2273,0.8177186134591643
2274,0.7687017642426808
2275,0.2930162779306623
2276,0.8487055367816317
2277,0.8217913106407827
2278,0.2769635632462611
2279,0.7180872896321377
2280,0.34558187666301743
2281,0.3004568115251874
2282,0.7518745264228834
2283,0.2729993513426013
2284,0.3307014316780693
2285,0.7302281997201117
2286,0.83628288027422
2287,0.3191499597340444
2288,0.7683431247628453
2289,0.7942482752665474
2290,0.7520237563936634
2291,0.32304414806737325
2292,0.708145101591787
2293,0.7966850884554497
2294,0.7870289434257245
2295,0.7381729387995871
2296,0.7587077528146744
2297,0.72586480541919
2298,0.7764221221340074
2299,0.8038703613203474
2300,0.7711240135883163
2301,0.8169657413758931
2302,0.7169691032172376
2303,0.3473472305833536
2304,0.8637520584012885
2305,0.8161701118923246
2306,0.7754068254440792
2307,0.292438524752086
2308,0.7273181029634214
2309,0.7962620522963998
2310,0.29469212873993345
2311,0.7835847965443133
2312,0.7952189739738017
2313,0.7688246908292594
2314,0.735885285449499
2315,0.7554727883008485
2316,0.30833809981790294
2317,0.7753098132643311
2318,0.833081979591486
2319,0.33673618242953973
2320,0.2950825632195249
2321,0.2601749335883028
2322,0.35828143735243445
2323,0.7476062666872977
2324,0.13146261370180934
2325,0.13146261370180945
2326,0.8107295807822458
2327,0.7045785591829247
2328,0.723089343882679
2329,0.7900569925343067
2330,0.7904865664303568
2331,0.7996464209323486
2332,0.3560450737780027
2333,0.3237466190741566
2334,0.31810860972540933
2335,0.822030715680127
2336,0.8133503821996705
2337,0.3264711344836911
2338,0.5952677510515882
2339,0.7537767578202533
2340,0.8568315009649985
2341,0.8737605217154402
2342,0.7529926071011206
2343,0.8145885429372925
2344,0.8102871299897528
2345,0.7796426349522013
2346,0.8234056002974404
2347,0.6554192544648901
2348,0.19898232326377585
2349,0.856710385059681
2350,0.7426688480900178
2351,0.35769346095808113
2352,0.78028065172248
2353,0.7597710012438922
2354,0.2670879806455103
2355,0.7349381216763824
2356,0.7641847769640205
2357,0.7848647561536718
2358,0.8166500039176671
2359,0.8070171337678137
2360,0.7741050351845222
2361,0.2895370459856306
2362,0.8056130477058242
2363,0.7684123765315176
2364,0.7131710716212
2365,0.28690067619507104
2366,0.6838986729046918
2367,0.775158283851968
2368,0.732134656409226
2369,0.706392771627451
2370,0.32612489658617777
2371,0.7574438806874387
2372,0.7755208419287095
2373,0.3590017767328675
2374,0.6514242255414301
2375,0.7534700033602197
2376,0.7991161159880442
2377,0.308940908087189
2378,0.734111912176924
2379,0.3127631759452077
2380,0.2835064389367541
2381,0.140063464826719
2382,0.7893159401716445
2383,0.7773675249255498
2384,0.8153728673905819
2385,0.718981211495874
2386,0.7987036132839725
2387,0.6654116394416734
2388,0.7305117185041534
2389,0.7776151320872788
2390,0.7704517419002842
2391,0.7812826168465183
2392,0.7228907276270493
2393,0.8114882174757608
2394,0.7442349031797695
2395,0.5824096751635562
2396,0.7620257637263108
2397,0.7125783820066217
2398,0.8329910414801535
2399,0.7274765747468919
2400,0.7870998921307663
2401,0.6810828144969335
2402,0.7634719581375289
2403,0.2915116857627636
2404,0.3348044144297761
2405,0.8094758176631829
2406,0.8190442420884624
2407,0.7584307279931705
2408,0.2834609804516431
2409,0.7828333097456143
2410,0.8128355248071357
2411,0.28573133731909567
2412,0.7488593928607667
2413,0.760852000129209
2414,0.8249098553255597
2415,0.8672552590613183
2416,0.7888579341046189
2417,0.8552246614653924
2418,0.8162715379630843
2419,0.3206737577656177
2420,0.7755101236828026
2421,0.7252209360787499
2422,0.7477531209645281
2423,0.32512320337534506
2424,0.7486351062916362
2425,0.19007641683110565
2426,0.8196087050752747
2427,0.7788627255558409
2428,0.6387959147558094
2429,0.7747902188521395
2430,0.7480558526050075
2431,0.30423698414588307
2432,0.7329449854286931
2433,0.7702614349753681
2434,0.7387201110192608
2435,0.6199982101510505
2436,0.30577093422004387
2437,0.7711228028889876
2438,0.794475158260174
2439,0.8415076358028063
2440,0.7972272549723947
2441,0.35511969822469963
2442,0.7824836568994077
2443,0.8033100159211225
2444,0.7623328216205182
2445,0.842866259159525
2446,0.8436149596512779
2447,0.7665450385098139
2448,0.7550434011097864
2449,0.7720613728326029
2450,0.7566871140199318
2451,0.8012506369633194
2452,0.7036987136335833
2453,0.35565797120990983
2454,0.7141286819592038
2455,0.8457384493295608
2456,0.7005780681691776
2457,0.6994757907929653
2458,0.32187266396050007
2459,0.7094689883399226
2460,0.8344297040105864
2461,0.3178263191912659
2462,0.3002754506974145
2463,0.6822787414239369
2464,0.2764950532101824
2465,0.27912118220890664
2466,0.7249032040450094
2467,0.8256845577603088
2468,0.8317076307574428
2469,0.6885012569875709
2470,0.6720738539265526
2471,0.8179683163519325
2472,0.7285158755558369
2473,0.679198778374531
2474,0.29078494711906766
2475,0.7526252143674945
2476,0.7499560328520063
2477,0.3144877699856035
2478,0.6844921950887057
2479,0.7843967165260554
2480,0.8151792248250537
2481,0.7712183127429098
2482,0.8025917676295843
2483,0.7718223890913113
2484,0.7578409855325158
2485,0.7462278770764599
2486,0.7297191988492664
2487,0.19699577775691995
2488,0.8263881281300716
2489,0.8025871165543725
2490,0.2919301487918553
2491,0.7814190332523427
2492,0.1581449097267643
2493,0.7842032687089517
2494,0.7675643621147019
2495,0.3253582605344306
2496,0.8463267056728803
2497,0.321278493872596
2498,0.7687135899635278
2499,0.7876668177480707
2500,0.7566825233316369
2501,0.3550948165424508
2502,0.8024505269187925
2503,0.3409564990841443
2504,0.7120777021722249
2505,0.1714322181609928
2506,0.727531084965994
2507,0.71177264696939
2508,0.7960977957555926
2509,0.7092169956667944
2510,0.7396922220608895
2511,0.7552306226274428
2512,0.8182952624892688
2513,0.748976507609054
2514,0.6639529581326586
2515,0.7185968751134106
2516,0.7554400509798079
2517,0.8105404618731905
2518,0.8166957012456729
2519,0.7430087584806894
2520,0.30240213343082795
2521,0.7252143543948979
2522,0.6347685149243505
2523,0.3267391409813737
2524,0.7913145334966875
2525,0.8384237393164774
2526,0.7609955967766914
2527,0.7232464993206886
2528,0.7056022878436791
2529,0.8235616739588147
2530,0.3316967085215258
2531,0.7272653521808077
2532,0.720953531416091
2533,0.7611909822452215
2534,0.6580355517878771
2535,0.6985456147036645
2536,0.30366019305611663
2537,0.7976395047322881
2538,0.8083256381391004
2539,0.8299369154814096
2540,0.6887217417113158
2541,0.2238545481508853
2542,0.679311701158251
2543,0.7933580548433036
2544,0.23100800396185064
2545,0.31460370300292567
2546,0.821782418453725
2547,0.7992412734067755
2548,0.7859860337353594
2549,0.3321313210814046
2550,0.31795551172251085
2551,0.7921554485027781
2552,0.8078347839605767
2553,0.7563787242290134
2554,0.2534729860813531
2555,0.33165076181460834
2556,0.62193252177878
2557,0.759394801144799
2558,0.3358879236947455
2559,0.3921478776035411
2560,0.6979401694267929
2561,0.7284109074226707
2562,0.8111912739678552
2563,0.7014191262069824
2564,0.6417731659131805
2565,0.791669824415376
2566,0.3328470117843663
2567,0.31191422347525427
2568,0.8054495950105983
2569,0.35433864181080327
2570,0.34032123924956537
2571,0.7773400264758703
2572,0.7860888500991022
2573,0.6052167090380904
2574,0.14997054601115717
2575,0.3735878416489408
2576,0.7647587322622127
2577,0.7166777329792757
2578,0.6609799848240404
2579,0.7149644056740004
2580,0.777320343045158
2581,0.8462289020851119
2582,0.7740885804710916
2583,0.8120002073962127
2584,0.7308191627167416
2585,0.7325374571060465
2586,0.792325900409488
2587,0.6539714621058335
2588,0.7854102658455763
2589,0.7805674030170385
2590,0.8141527151385408
2591,0.7061177943455406
2592,0.31623272764487087
2593,0.8300754181155166
2594,0.8454793231312699
2595,0.7750437468609981
2596,0.8136675440439206
2597,0.8197298822243474
2598,0.664946440496577
2599,0.8257645566798278
2600,0.7274114473987101
2601,0.7715268989088295
2602,0.7675469768478939
2603,0.8331759705799093
2604,0.8133873454841141
2605,0.3439097817460371
2606,0.7546656726393558
2607,0.8737266232233066
2608,0.7442993176599972
2609,0.3270621175088407
2610,0.8156033286149816
2611,0.7795434873245126
2612,0.8145577346638009
2613,0.8019189295454006
2614,0.6881690518936994
2615,0.8189107547700514
2616,0.8136937142213303
2617,0.27769761559965683
2618,0.32981502599790197
2619,0.6958111139163504
2620,0.7807234210549923
2621,0.7166764123392261
2622,0.25589605693714085
2623,0.32803172393288077
2624,0.9050665508102296
2625,0.7673356966186655
2626,0.7928250454534157
2627,0.7168917112910287
2628,0.2981902126554608
2629,0.7726479027252189
2630,0.3235729646465644
2631,0.8413836355940698
2632,0.83867568364221
2633,0.332354771897071
2634,0.8003328372972762
2635,0.8509543025099802
2636,0.7595249041034003
2637,0.7840961270542018
2638,0.10910236555356621
2639,0.8029053058983936
2640,0.7894078646798389
2641,0.3718027042915608
2642,0.6857243710670569
2643,0.7359538382893194
2644,0.692137571652654
2645,0.7431835310852152
2646,0.6908930722930782
2647,0.3330559336089791
2648,0.6582869476936755
2649,0.7718256564213348
2650,0.8199066797455951
2651,0.704501811971164
2652,0.7643533474109432
2653,0.7726044380810118
2654,0.8174546376729065
2655,0.7932896000368153
2656,0.757214914688274
2657,0.7299688105559223
2658,0.29141564313101115
2659,0.7545563873845641
2660,0.773140552370032
2661,0.7630911267159581
2662,0.8001494403919017
2663,0.8184096290341846
2664,0.7019856333329916
2665,0.6963724971820752
2666,0.3069755201145459
2667,0.769674202140168
2668,0.7694297382916879
2669,0.7314250742295739
2670,0.1824601901951393
2671,0.8033007801125308
2672,0.3225226785083436
2673,0.8441318967494444
2674,0.7824959629585353
2675,0.7491631238933183
2676,0.7738367936996813
2677,0.7839573556588014
2678,0.782523296273552
2679,0.7975096393011362
2680,0.11504473864567606
2681,0.7419695739807406
2682,0.6849786235204272
2683,0.7871225397492766
2684,0.27068354188629057
2685,0.790255209426792
2686,0.7410971212924731
2687,0.8104582360625053
2688,0.6802659854211122
2689,0.31536439625399293
2690,0.7377170304393135
2691,0.7080493538899268
2692,0.6711271170464674
2693,0.7699323590585265
2694,0.7530161246174638
2695,0.7117993427715837
2696,0.7972475710740758
2697,0.690596409413929
2698,0.7209017577742864
2699,0.7737757234452852
2700,0.31413515837188083
2701,0.2935995288748852
2702,0.7794624424820585
2703,0.19251148188217265
2704,0.6816585594953714
2705,0.8454941633422104
2706,0.706830088006119
2707,0.7593367399371812
2708,0.7640676298405581
2709,0.8066108250858074
2710,0.7680234386650017
2711,0.7738062724660553
2712,0.7898588289943325
2713,0.7246864798203142
2714,0.3363088050566305
2715,0.30924826282895984
2716,0.8295898797153045
2717,0.7973509719611557
2718,0.687179407734236
2719,0.29335527828556385
2720,0.7574726973365531
2721,0.7878622483215685
2722,0.7776637201031392
2723,0.7514457061193455
2724,0.7638724151623659
2725,0.6773475807733229
2726,0.6644451450678119
2727,0.7553839581676856
2728,0.7646381822684521
2729,0.7314000862537171
2730,0.7812445716609696
2731,0.7561280025709136
2732,0.7642728649508546
2733,0.7932368820518071
2734,0.7352540427304709
2735,0.3237690378820636
2736,0.7251969367949874
2737,0.7609635675530212
2738,0.7736618979257188
2739,0.3104965200166612
2740,0.7530620995302504
2741,0.7668138124985197
2742,0.7761980274401115
2743,0.803924013558048
2744,0.8693056032457508
2745,0.8351761056217272
2746,0.6760085563635368
2747,0.32021679746445364
2748,0.29274701775535006
2749,0.7452942754170487
2750,0.7412420871619775
2751,0.8609270626936186
2752,0.6683267607307518
2753,0.3087599096586412
2754,0.27483362670790606
2755,0.8047585854629905
2756,0.7498427528055127
2757,0.29934121378182366
2758,0.18911640516722628
2759,0.7771978598200773
2760,0.7458145330609443
2761,0.7464699215741146
2762,0.7388564512290939
2763,0.6925446469574166
2764,0.5989834120253611
2765,0.8234095825111779
2766,0.7647434505573675
2767,0.6640799866195447
2768,0.7957955803972425
2769,0.7720123425874365
2770,0.7388255745597228
2771,0.7896712797730276
2772,0.7998839590568639
2773,0.6389498086531471
2774,0.25387326049608777
2775,0.7857703802492447
2776,0.7732769061659122
2777,0.3298125062452243
2778,0.7286163139280092
2779,0.7784362588958048
2780,0.7365870839711681
2781,0.7231500587783554
2782,0.8109729939903055
2783,0.7185862792893315
2784,0.7542076053133043
2785,0.767796256726391
2786,0.7016087258577446
2787,0.777760682209328
2788,0.8242666745694259
2789,0.7528022159129114
2790,0.7630045738014445
2791,0.7272175061198549
2792,0.21463298337956435
2793,0.7312086239972342
2794,0.7314002251626965
2795,0.7753763671573153
2796,0.7969207179774331
2797,0.7217291550662822
2798,0.2743565241392344
2799,0.7437697101593098
2800,0.7835642143041706
2801,0.619668126690545
2802,0.3478081043674881
2803,0.7656089217151202
2804,0.7438181470227876
2805,0.7834080654337773
2806,0.7753183323742818
2807,0.8129283910925066
2808,0.7371710665584016
2809,0.31174442918145195
2810,0.6445652549356468
2811,0.6337215669953472
2812,0.7431345691549012
2813,0.23269711241236268
2814,0.7780090577880913
2815,0.7991014660701593
2816,0.7221501536235901
2817,0.8253863049277027
2818,0.7512228341245192
2819,0.752025871197734
2820,0.28394444138087205
2821,0.8153196278879713
2822,0.7477113663497733
2823,0.3141701754027429
2824,0.7041666146477209
2825,0.33153308377839236
2826,0.7417995022718232
2827,0.6090392077842286
2828,0.8018478603548906
2829,0.3422706772833091
2830,0.8009971688128915
2831,0.7451833154322263
2832,0.6601100828466133
2833,0.7037200318958743
2834,0.7976855654239987
2835,0.6140062986535153
2836,0.7377448026829558
2837,0.7225240392722535
2838,0.7984135438902487
2839,0.6772302298126406
2840,0.6362503340030377
2841,0.7908167839664211
2842,0.7507404880110577
2843,0.7529094960338134
2844,0.7274558035555557
2845,0.260027844047513
2846,0.6958658004465492
2847,0.8136094850117441
2848,0.7549445925403642
2849,0.7824652575697525
2850,0.7709615940254223
2851,0.8017548211041655
2852,0.7402635396868155
2853,0.7207430289473161
2854,0.709628247897517
2855,0.7838918816202713
2856,0.7214893599855777
2857,0.7361406653358037
2858,0.32093669060156266
2859,0.7115827483409205
2860,0.6667794020820548
2861,0.6720966703937711
2862,0.8187551586329969
2863,0.765947839135959
2864,0.7245133364309969
2865,0.7635015153679169
2866,0.7353674695495139
2867,0.30167760697864804
2868,0.7509894010865453
2869,0.6442278674550955
2870,0.7248566454063186
2871,0.7475056165659204
2872,0.354447360536262
2873,0.7860913565153658
2874,0.7081560311251633
2875,0.8476102868353914
2876,0.8429426242163303
2877,0.7741582914395482
2878,0.14313897052496857
2879,0.769920795526435
2880,0.2774751363473253
2881,0.8293143245650854
2882,0.30402178724429246
2883,0.7721788612731455
2884,0.35307966508981176
2885,0.680147078513432
2886,0.2865840093064911
2887,0.8286774881708878
2888,0.7388063234950906
2889,0.27527384906819574
2890,0.27442202391484083
2891,0.8042901468647553
2892,0.7605983856995524
2893,0.8248919892859424
2894,0.2923457806750077
2895,0.34758990930663425
2896,0.8229144838428514
2897,0.7950828861098383
2898,0.7934109852841927
2899,0.7531788032701581
2900,0.30911431791750965
2901,0.7796914050632674
2902,0.681451735402647
2903,0.7578132877928723
2904,0.7381820904439407
2905,0.6249198645900176
2906,0.6645550919370619
2907,0.7781848730854005
2908,0.7648384659823908
2909,0.7459275912036568
2910,0.5981185288499491
2911,0.6673627706992125
2912,0.8039612008272438
2913,0.6802021930594557
2914,0.3362926070700396
2915,0.3264253434019308
2916,0.7249981606167296
2917,0.668911978043739
2918,0.7014899925592021
2919,0.7078094936500091
2920,0.7199710060928667
2921,0.8178566670523181
2922,0.784445692477541
2923,0.15262334839783387
2924,0.7961454460689704
2925,0.3605600223183308
2926,0.7756904609022316
2927,0.7296250179167306
2928,0.7797395504981148
2929,0.8093474174371843
2930,0.816279592556417
2931,0.770428782388342
2932,0.24139377314538046
2933,0.6575082288857339
2934,0.8502444658570671
2935,0.6925899102443376
2936,0.7372744784204939
2937,0.766579249419907
2938,0.6921896931924789
2939,0.7142971819343087
2940,0.7763553119932946
2941,0.8120862315099093
2942,0.34357935348946705
2943,0.7280014038128417
2944,0.7935617512189383
2945,0.8298368054351127
2946,0.8212795537525224
2947,0.7533919797679681
2948,0.3064080372237516
2949,0.7849058852330433
2950,0.3270857147028614
2951,0.8240937041425808
2952,0.8579721748759914
2953,0.7596018435571836
2954,0.6689262690996287
2955,0.8042500428092333
2956,0.7512992666467041
2957,0.3059944814963821
2958,0.7824193409793863
2959,0.760657829529938
2960,0.7714536621249684
2961,0.843327864134152
2962,0.7888314716884717
2963,0.8261757124550445
2964,0.44698816833801314
2965,0.7832489733612655
2966,0.7158102946332754
2967,0.7976183024521282
2968,0.8289311207235961
2969,0.8096817722449914
2970,0.7976042306765244
2971,0.8043272925449272
2972,0.7554054011410566
2973,0.7674122587466017
2974,0.7356830615189343
2975,0.7960096800889375
2976,0.7105929337640039
2977,0.7358234577743389
2978,0.7995339382779946
2979,0.8151969208366735
2980,0.25350601553229574
2981,0.8346381030970195
2982,0.6917312226193879
2983,0.6447872712769067
2984,0.7627964148559775
2985,0.7438663685287966
2986,0.17963058939165105
2987,0.7297788418177924
2988,0.7669033681620533
2989,0.7705262758820505
2990,0.7552648528093203
2991,0.3243875524293285
2992,0.7723366895853919
2993,0.7801093924844865
2994,0.707977244908418
2995,0.7694978553042044
2996,0.7465152237745385
2997,0.3461535514324629
2998,0.7677377290879115
2999,0.7170379310347815
3000,0.25093292908578635
3001,0.7882985134691578
3002,0.7193690481306385
3003,0.8338948811366842
3004,0.22110445543505197
3005,0.7665185347236231
3006,0.7555058197135585
3007,0.7111510518712979
3008,0.7596791727191673
3009,0.7230385986208795
3010,0.3539837597104447
3011,0.7381396337525999
3012,0.7742187966735019
3013,0.8417005552953789
3014,0.7838802631111882
3015,0.704074237140684
3016,0.6939379720317839
3017,0.7619362100838302
3018,0.6114765333914702
3019,0.768934872802272
3020,0.6664488792318437
3021,0.7729370129361298
3022,0.7915423597769571
3023,0.7944600070905878
3024,0.8494199542734262
3025,0.8237362016761921
3026,0.7175361482795014
3027,0.6956755910261055
3028,0.7262818058638688
3029,0.8208127323709258
3030,0.8350386960718716
3031,0.8143623476335248
3032,0.7844040743497179
3033,0.7418046544594499
3034,0.775650005483884
3035,0.8117012727534434
3036,0.7169765116687802
3037,0.24336955466432916
3038,0.758529409154558
3039,0.7085472150285138
3040,0.7113610060451658
3041,0.7015984936351796
3042,0.30749278135545083
3043,0.7976679593422698
3044,0.31277771360054246
3045,0.8382462376090767
3046,0.6602356825071921
3047,0.7283568289234529
3048,0.7613134270688925
3049,0.7089080861771002
3050,0.7516011714233679
3051,0.7362875366982383
3052,0.16366267913075117
3053,0.834196496344674
3054,0.6930116602313396
3055,0.7213539806161515
3056,0.30553933782470655
3057,0.7501353366192712
3058,0.14357258602715653
3059,0.7910187580505107
3060,0.7488228278841156
3061,0.7708324177138852
3062,0.7863495243089469
3063,0.7505697599246424
3064,0.7236568353431557
3065,0.7749572811568608
3066,0.7935355083687794
3067,0.630356306592627
3068,0.7330995500078428
3069,0.7715885942413266
3070,0.7068062719779175
3071,0.7306833576571962
3072,0.6888784232745223
3073,0.7730641448428648
3074,0.7176067825459048
3075,0.6202516804462673
3076,0.8153922437994341
3077,0.8069420746710388
3078,0.7977588950214125
3079,0.7042874671106254
3080,0.3753189725910305
3081,0.8220150457218187
3082,0.7560065815044049
3083,0.6410649999347044
3084,0.24380231774199534
3085,0.7754337283899397
3086,0.7642560081850448
3087,0.6803644756021846
3088,0.31645484467630697
3089,0.8033015796699984
3090,0.32855726551078934
3091,0.7804141374508989
3092,0.316255109376715
3093,0.6265133440304881
3094,0.8082096388187058
3095,0.2548002276274432
3096,0.759677553426039
3097,0.6695383784053741
3098,0.6923214180277075
3099,0.7567322850880496
3100,0.8164318217334199
3101,0.7619992684555499
3102,0.7185755079573579
3103,0.7837028271373097
3104,0.7680963449005066
3105,0.8037731739463319
3106,0.7558906005228341
3107,0.23422316092846482
3108,0.36039822466131766
3109,0.7770152248821556
3110,0.2825600164781639
3111,0.1876024879314624
3112,0.7598589728697859
3113,0.26304967928265055
3114,0.7268443520858852
3115,0.7213238519567896
3116,0.6886547526886154
3117,0.7226665834074355
3118,0.6985068757096944
3119,0.33965834365846587
3120,0.7311151916334326
3121,0.34875095327661776
3122,0.6665653708017976
3123,0.7138269723810958
3124,0.30817376828229
3125,0.7396422845171865
3126,0.8451091845014773
3127,0.7996719448725538
3128,0.7785778247410426
3129,0.7957074590218631
3130,0.7423997974877063
3131,0.7766829925851708
3132,0.7094878305468016
3133,0.74277379145993
3134,0.762158370575923
3135,0.7443891263302099
3136,0.8097381300698149
3137,0.748838802549429
3138,0.2322458211912067
3139,0.7061327765989289
3140,0.788323211692805
3141,0.2847794720379053
3142,0.6905965538771832
3143,0.7898857311814721
3144,0.7898068196734511
3145,0.7242027831632473
3146,0.34200759817412735
3147,0.3599301708464576
3148,0.8278153787256685
3149,0.806003719853899
3150,0.7509630551353588
3151,0.3428247748594268
3152,0.32189306081618324
3153,0.7362906346140334
3154,0.6452825046628733
3155,0.7228683440518836
3156,0.7372435834628472
3157,0.735012048232807
3158,0.7154344212700354
3159,0.796117691382558
3160,0.6688288698022601
3161,0.8025363354007026
3162,0.35615754153415374
3163,0.8289912893598218
3164,0.808949582335875
3165,0.7315618747906355
3166,0.7397547818125633
3167,0.7576109838453126
3168,0.7590157302065919
3169,0.23410864471406329
3170,0.7271821404583557
3171,0.7858743755826483
3172,0.27158933040231903
3173,0.7954322745914396
3174,0.6857933981171782
3175,0.7785126876582031
3176,0.8008817434346698
3177,0.7862921640153179
3178,0.76869163588771
3179,0.6576992136049566
3180,0.7708917471827804
3181,0.7359925160618958
3182,0.7764646419301454
3183,0.7531857312937594
3184,0.7551888294074643
3185,0.8069332274979526
3186,0.8275012183959002
3187,0.7866948583340431
3188,0.8181486585870378
3189,0.8036273556164731
3190,0.6654944554888316
3191,0.6968214679011067
3192,0.8166693243157319
3193,0.7868674724629506
3194,0.1066420188635937
3195,0.2956792218761025
3196,0.7618135795915064
3197,0.8237488512559958
3198,0.8130413307362685
3199,0.8057735564066653
3200,0.20849064233156306
3201,0.26393844186130366
3202,0.8004446461779645
3203,0.7714544042346252
3204,0.7837639922733269
3205,0.772161472708988
3206,0.8080761906849467
3207,0.7805903966291332
3208,0.7518785279795189
3209,0.7070571471027909
3210,0.764467966322262
3211,0.756397585095729
3212,0.7412124054700675
3213,0.7588908853990514
3214,0.8166821615483519
3215,0.7268331022504751
3216,0.8224236646415546
3217,0.8155285944223055
3218,0.6714538272892896
3219,0.8177295064554303
3220,0.7549605512670515
3221,0.7671186585055336
3222,0.3381712714523095
3223,0.7126849457251657
3224,0.7723023985161273
3225,0.659124573164995
3226,0.766811558913362
3227,0.6856513263579938
3228,0.8278431018779742
3229,0.7624369348882165
3230,0.7927856819611471
3231,0.6896413202257639
3232,0.7863721353944746
3233,0.7340318020484866
3234,0.7567337965170013
3235,0.6778411991430856
3236,0.8332997412294958
3237,0.7698299974835197
3238,0.7339181146552044
3239,0.7374837460000204
3240,0.3414106691185729
3241,0.2448750805827171
3242,0.7818177518224638
3243,0.7711765197372803
3244,0.3486445427749007
3245,0.7758877656161123
3246,0.7564620104128955
3247,0.2909930474954842
3248,0.7574305635925176
3249,0.7065014263043301
3250,0.6620505054527086
3251,0.8061176973620303
3252,0.6957522855963495
3253,0.7189944109832257
3254,0.7637637974544957
3255,0.7267242976593129
3256,0.3118572626723761
3257,0.17670109072631837
3258,0.26161760367454606
3259,0.806778985750307
3260,0.7529935951415946
3261,0.32681914603406653
3262,0.6879470204184966
3263,0.7162222830717129
3264,0.7473955814322146
3265,0.6544199551112393
3266,0.7654821869127458
3267,0.7703254435161581
3268,0.6564756407310454
3269,0.7039154896915908
3270,0.2724209663098314
3271,0.7240119365183171
3272,0.7647595022527255
3273,0.6969478171228323
3274,0.779481229672542
3275,0.280519652328773
3276,0.7270284061169788
3277,0.7998996582518397
3278,0.14326535064837334
3279,0.7755133396092392
3280,0.7606166272066837
3281,0.8312909551337473
3282,0.7756754162840384
3283,0.7724901731588957
3284,0.7606029414163474
3285,0.8056547353821261
3286,0.8028207014295204
3287,0.7443458399511341
3288,0.7481740819329503
3289,0.7474236519983298
3290,0.7363534195517751
3291,0.7985730781107147
3292,0.7823629567265468
3293,0.832391463324318
3294,0.7755169452415216
3295,0.8158345636932219
3296,0.8202664263430245
3297,0.7774447400773316
3298,0.8180711180656992
3299,0.7641451866243344
3300,0.8195944962302507
3301,0.7859361730662957
3302,0.6961515887336619
3303,0.8287399146546095
3304,0.6989429515566874
3305,0.7626251792681271
3306,0.8053512420590673
3307,0.8274519372928786
3308,0.37843737627823915
3309,0.28560559219268167
3310,0.8034161228094877
3311,0.6547137115775213
3312,0.7652895892685965
3313,0.8326265805059511
3314,0.7688509894074926
3315,0.7863872355155066
3316,0.7242551684828161
3317,0.8137354905443578
3318,0.3386592151321116
3319,0.8093984836025333
3320,0.6858778892376085
3321,0.7674677332867603
3322,0.32485801547512955
3323,0.8390128382162748
3324,0.7854597009400882
3325,0.7517968173937508
3326,0.8417704718254586
3327,0.7407453616353767
3328,0.8343649626371107
3329,0.32604409804043377
3330,0.730525966001851
3331,0.7451932465726749
3332,0.2821403623579449
3333,0.7286099152992584
3334,0.8059795895462755
3335,0.6371027109149131
3336,0.6704070605281547
3337,0.7181134608119221
3338,0.7401566472193511
3339,0.8051549431038025
3340,0.7239685355639509
3341,0.270956311475533
3342,0.7515531442370368
3343,0.8253426374371533
3344,0.7330400198400099
3345,0.6514427065529493
3346,0.7742756039139587
3347,0.7835737685893239
3348,0.8338436188822536
3349,0.7820631613254493
3350,0.7192545311219963
3351,0.8231730422195355
3352,0.7891988335152894
3353,0.7864138851652666
3354,0.7491277221816202
3355,0.6865463782629943
3356,0.7270491942007026
3357,0.8010835808508502
3358,0.8040562627598032
3359,0.7679718991179096
3360,0.7123055149142918
3361,0.7576664776696915
3362,0.6411808181777695
3363,0.7247111551813176
3364,0.1387563748311323
3365,0.742211930796505
3366,0.8350857024708378
3367,0.7512622342123917
3368,0.8196206065308395
3369,0.719379134626033
3370,0.7162364372947235
3371,0.7233151534996095
3372,0.73691738621489
3373,0.7882531169239452
3374,0.7445768654525274
3375,0.7845566664229605
3376,0.7575250297016675
3377,0.7482445455896506
3378,0.8330195191927501
3379,0.79820320056734
3380,0.7513228086172489
3381,0.8078774689160158
3382,0.13850799008079653
3383,0.6241311909146493
3384,0.7657660732917778
3385,0.7508778282904529
3386,0.2819047931821148
3387,0.7697259947851753
3388,0.7410069288816475
3389,0.644188452529517
3390,0.8287734397468204
3391,0.7198151672187916
3392,0.789439018698933
3393,0.7989558427295679
3394,0.36414378858796276
3395,0.304729220020173
3396,0.7376651459281591
3397,0.34024448954081576
3398,0.6982220619952377
3399,0.7447665951043273
3400,0.786759025278142
3401,0.7827277056263532
3402,0.8151681486207079
3403,0.7292897040551727
3404,0.30571826295760357
3405,0.7524321972720918
3406,0.7898487343685884
3407,0.7282335918782152
3408,0.7977989249396761
3409,0.7784465295616414
3410,0.828854918934377
3411,0.7663978330199327
3412,0.815508140475275
3413,0.7344754265747522
3414,0.32827381206063927
3415,0.7838634165961097
3416,0.7768213932782492
3417,0.8178644771149466
3418,0.8247197164573743
3419,0.7107712801561951
3420,0.7997154688944659
3421,0.7208564364964017
3422,0.8135400333793021
3423,0.800682888016109
3424,0.7589108170334669
3425,0.6500237893832534
3426,0.7128228245936703
3427,0.3280017629946331
3428,0.6731111692771535
3429,0.7545357938864055
3430,0.3131675978320887
3431,0.8135582679937862
3432,0.7761236908411926
3433,0.7819591819994166
3434,0.32262601188915996
3435,0.8024996331993596
3436,0.7263369307910401
3437,0.6884606618762932
3438,0.7613351100785611
3439,0.6641905568925425
3440,0.6522831364725883
3441,0.2656236095512585
3442,0.7885786922460248
3443,0.7566485025015938
3444,0.7426341299340279
3445,0.7278014358608221
3446,0.6435442257365697
3447,0.7030995401190894
3448,0.7876646347030775
3449,0.8205634223454609
3450,0.740912247414754
3451,0.7093414526162829
3452,0.7348150032039199
3453,0.8119381457700862
3454,0.6856409363495568
3455,0.7881323458693007
3456,0.729726456124398
3457,0.7907298693983521
3458,0.7981245211474094
3459,0.7598467846322609
3460,0.7917852162242898
3461,0.7102251963018974
3462,0.29795210586376386
3463,0.3616230302943851
3464,0.6831068353385648
3465,0.7377610882702151
3466,0.7892549679773365
3467,0.7560976028748176
3468,0.28436841062502527
3469,0.341029418035578
3470,0.7930047775471063
3471,0.7459446980462021
3472,0.2603822179937471
3473,0.3450136585017601
3474,0.7906166437596164
3475,0.32231410161123614
3476,0.7968055370681246
3477,0.7099483696242744
3478,0.82272022333539
3479,0.7433773123401657
3480,0.6336694247451462
3481,0.7061002820035238
3482,0.7445701061670131
3483,0.6972211049608883
3484,0.33066202863320837
3485,0.7064505369430577
3486,0.2978400692561266
3487,0.7369244440594831
3488,0.7158597445518634
3489,0.7479467164797032
3490,0.2562488869381974
3491,0.8601591736265238
3492,0.2758256563505212
3493,0.2701302848324444
3494,0.24042263234091757
3495,0.6196816974487582
3496,0.8213714574095294
3497,0.7764318408127336
3498,0.3147193941949634
3499,0.7222421418838989
3500,0.7532598942798884
3501,0.7723516569989215
3502,0.7093973805629618
3503,0.2705781185579827
3504,0.760058282410897
3505,0.13571117645497677
3506,0.13571117645497902
3507,0.7441420615130284
3508,0.6377606353855831
3509,0.3231749592846768
3510,0.27536500284897214
3511,0.7991103680467007
3512,0.3203567890158005
3513,0.7799128059159047
3514,0.7957491708134162
3515,0.7247538287826252
3516,0.811407126104484
3517,0.8221802324578503
3518,0.7404403364750124
3519,0.7206019906649415
3520,0.6818179027725341
3521,0.7939053025310105
3522,0.797754598508106
3523,0.7375958362984346
3524,0.8273601388762382
3525,0.8275981214121868
3526,0.6871831760663772
3527,0.6723584300663384
3528,0.7340066429313187
3529,0.8028387734862235
3530,0.7952617065282962
3531,0.8408551225774076
3532,0.8187963103640621
3533,0.7805011489518702
3534,0.8224224350251
3535,0.6690058551388711
3536,0.6900377944946977
3537,0.709693172302189
3538,0.7878796972448396
3539,0.31714427423889635
3540,0.7450349729811115
3541,0.8360559111353525
3542,0.29584905597432615
3543,0.7401372694061623
3544,0.8114731445795287
3545,0.7998498652596425
3546,0.7493037122234019
3547,0.8591263690144779
3548,0.746704680017923
3549,0.7546537367830698
3550,0.7724078175771008
3551,0.7079608602323072
3552,0.7020942139607075
3553,0.7202791227260299
3554,0.788235487473755
3555,0.8080985041125087
3556,0.6837419747694523
3557,0.7183978533625819
3558,0.7679224651624706
3559,0.728581106549847
3560,0.7939773376945004
3561,0.6773869206839837
3562,0.7772325136414235
3563,0.7922655338308541
3564,0.7699484352583295
3565,0.65807273798656
3566,0.7330472002380842
3567,0.7219198072634987
3568,0.8233717728963904
3569,0.7307043412002759
3570,0.7667607213923096
3571,0.770673270299721
3572,0.3750017135760266
3573,0.7652554168517192
3574,0.33344412451435845
3575,0.7865554157030641
3576,0.7518914283981272
3577,0.6646539773857036
3578,0.7270888357620285
3579,0.7079470993653614
3580,0.7619040657715624
3581,0.8025167634972202
3582,0.7048468914043589
3583,0.29262817692461957
3584,0.7853324911454186
3585,0.29910573900519255
3586,0.7298335351674827
3587,0.8170833322500145
3588,0.8376947608660545
3589,0.6444603079083719
3590,0.7248503632881946
3591,0.822173891206526
3592,0.7430944458231552
3593,0.7902662341759273
3594,0.7144864628747036
3595,0.7401067565465234
3596,0.7118694235475829
3597,0.7079026782218351
3598,0.7324588598400334
3599,0.7595133968288657
3600,0.7962317112894745
3601,0.6430642056333502
3602,0.7422072402669457
3603,0.7613813802579155
3604,0.7358742138938079
3605,0.6942414555146825
3606,0.7976439065024499
3607,0.342082759575249
3608,0.8208087408618377
3609,0.7119835282348184
3610,0.7476395150631387
3611,0.7043285875163646
3612,0.7845889538884108
3613,0.8353476224681831
3614,0.7013501126209605
3615,0.7159072425644558
3616,0.7067314781291977
3617,0.7680585649103829
3618,0.7804772718833176
3619,0.7358922817493023
3620,0.764941522643745
3621,0.342095875481458
3622,0.2964916628962507
3623,0.19602110539294756
3624,0.7961959621067903
3625,0.8354367435048282
3626,0.7361851693838382
3627,0.718526826929547
3628,0.7466904981933236
3629,0.7926017936921357
3630,0.7798465511088392
3631,0.7184692422037278
3632,0.7442604816788922
3633,0.7913446577463953
3634,0.768125698992926
3635,0.6890391683855535
3636,0.750118635256873
3637,0.8035889895380001
3638,0.7443632424933543
3639,0.7337702590369848
3640,0.3390329137516918
3641,0.8076468002304188
3642,0.28975220874000607
3643,0.3520267366141274
3644,0.7942400856402736
3645,0.798254595108206
3646,0.7671422275109375
3647,0.34682792144938807
3648,0.7281304455791936
3649,0.3375831215503056
3650,0.34016417226362905
3651,0.7601727746956014
3652,0.3287027466418152
3653,0.8313629040075635
3654,0.7063831773914061
3655,0.7140446041572202
3656,0.7405142166507962
3657,0.8304603410137742
3658,0.7218092111127955
3659,0.823117243158077
3660,0.2649620289990882
3661,0.709762184952759
3662,0.7838209543453766
3663,0.2575857818193761
3664,0.6802759868998707
3665,0.2858352506158265
3666,0.7681949365431555
3667,0.7383402186126162
3668,0.3122360069188736
3669,0.8223505254375422
3670,0.6940474867547715
3671,0.794048486568619
3672,0.7797068054720686
3673,0.6115829422051561
3674,0.14658207284268177
3675,0.8336439147961381
3676,0.774283708058826
3677,0.7660206187742495
3678,0.7876811256716717
3679,0.724979651661966
3680,0.7708113794845484
3681,0.8014119997189808
3682,0.7290944041034215
3683,0.29525377330136837
3684,0.34762313220982793
3685,0.5583861913000838
3686,0.2722468975079775
3687,0.8222533992530848
3688,0.7583448598294769
3689,0.708097870350033
3690,0.7745924289944985
3691,0.764962292654684
3692,0.6903541747875248
3693,0.8466889233145495
3694,0.733979500970367
3695,0.30563841005810694
3696,0.8142530797916447
3697,0.810523481762121
3698,0.7303357532387816
3699,0.7052670821134461
3700,0.786456674044737
3701,0.698226182002571
3702,0.8189716383412966
3703,0.7638184429001365
3704,0.9275380499910173
3705,0.7723497549941948
3706,0.7814855424732288
3707,0.7577703379472723
3708,0.3362482650409149
3709,0.7076178918302406
3710,0.699687417710908
3711,0.3143459715121238
3712,0.8103239282346454
3713,0.8010443934624789
3714,0.6859086997560458
3715,0.8170715038089503
3716,0.2581715964472002
3717,0.7895505865643987
3718,0.7629894031548173
3719,0.7129620856899561
3720,0.7606502198292103
3721,0.778728108261101
3722,0.7275117395982715
3723,0.31361082843026544
3724,0.6885308543691452
3725,0.7316886114843826
3726,0.7278884756696893
3727,0.6630965553065388
3728,0.7548568466875136
3729,0.7703276105477809
3730,0.7069283095171054
3731,0.763901244620535
3732,0.33659613196153854
3733,0.31846029745958476
3734,0.7622125592031659
3735,0.6849591705188804
3736,0.790057060052583
3737,0.7400435879513324
3738,0.27707510453281814
3739,0.7305204611964876
3740,0.7841933134319578
3741,0.69222082829456
3742,0.7257567596780877
3743,0.3521606884268053
3744,0.7728101258907396
3745,0.329936602983538
3746,0.7738295763975724
3747,0.8321481380757191
3748,0.7977216616462235
3749,0.7121915039671041
3750,0.8332980800066673
3751,0.8255745888225315
3752,0.7588064133960157
3753,0.7792461532816652
3754,0.7401725097071568
3755,0.3015970419062232
3756,0.708414131659667
3757,0.780099962376872
3758,0.31422679105206136
3759,0.8041775091815561
3760,0.7261849663657928
3761,0.7819181765614985
3762,0.2309694814092572
3763,0.1420070277606627
3764,0.2884750500233967
3765,0.7737631029474452
3766,0.8167418024649503
3767,0.6750088082853674
3768,0.7230389351897016
3769,0.8034486244478476
3770,0.7451398232392453
3771,0.7566669825873692
3772,0.7895865009805181
3773,0.7142672935189204
3774,0.17140498613870686
3775,0.35195060310089293
3776,0.742201626105626
3777,0.782098306213391
3778,0.6680860520583964
3779,0.7153816303579859
3780,0.3106587133013926
3781,0.686320430934967
3782,0.6554252179096945
3783,0.7908478944378058
3784,0.7490893867563261
3785,0.14887589951988603
3786,0.26418652875420673
3787,0.6877590203320985
3788,0.736262057796489
3789,0.7548546643706671
3790,0.35214402610781304
3791,0.3052444530003855
3792,0.7907776433997283
3793,0.6301090690492609
3794,0.7767313106025118
3795,0.7083112579850651
3796,0.7963584110182194
3797,0.7002607779747878
3798,0.7763870715103687
3799,0.7986689250102817
3800,0.8172897869754667
3801,0.7238765677230874
3802,0.7675607821502051
3803,0.3280988295000326
3804,0.7001747820514662
3805,0.7947200503474049
3806,0.802452953107961
3807,0.7819573961605997
3808,0.7587931039372804
3809,0.7728315553590237
3810,0.10635474324865432
3811,0.806759372522255
3812,0.7986153734471205
3813,0.8200331851703949
3814,0.34395565554609286
3815,0.3249410347347636
3816,0.717146400530154
3817,0.7090121583172866
3818,0.8061355405491392
3819,-0.3155081509010666
3820,0.8722073759566352
3821,0.6633833691041834
3822,0.8025792967393718
3823,0.3110348904477218
3824,0.6531012500204222
3825,0.27515606343735044
3826,0.7630900337184533
3827,0.7481050459222157
3828,0.7737325481977241
3829,0.8698222820470246
3830,0.7991796010247113
3831,0.6993445395585484
3832,0.7791701912932029
3833,0.7984879889038221
3834,0.6900345261699949
3835,0.8002528248570636
3836,0.7632688683419888
3837,0.8236451297321942
3838,0.8077230396096701
3839,0.7519205438080248
3840,0.7371310379435566
3841,0.7231839453493064
3842,0.6610132303973375
3843,0.7519373438096735
3844,0.7521304543948876
3845,0.8127990261632354
3846,0.8206027050828307
3847,0.8384718086352191
3848,0.6581311734198648
3849,0.7131573806350925
3850,0.697978076532568
3851,0.7538245995906205
3852,0.6846371517390794
3853,0.7927872771856749
3854,0.3009384708461501
3855,0.6730030347578384
3856,0.817605154273299
3857,0.7332372949080068
3858,0.8007507024260003
3859,0.3260499846354679
3860,0.6341421529667802
3861,0.8173496640297522
3862,0.3216452275865769
3863,0.7835122040536736
3864,0.70060863381187
3865,0.7057058653917917
3866,0.5480475259623043
3867,0.8000587910218024
3868,0.8229923599557866
3869,0.6584120755358905
3870,0.8663328851699896
3871,0.7590502810057972
3872,0.7966256372933281
3873,0.6334356567361753
3874,0.7484755009213475
3875,0.829074925400805
3876,0.7721551206324777
3877,0.6858914288839387
3878,0.8179758377867515
3879,0.7863803792116592
3880,0.30303333335734733
3881,0.7349436475743049
3882,0.7133248469810046
3883,0.3348425235944538
3884,0.8145713013434723
3885,0.8333758593758877
3886,0.7556400004967684
3887,0.8093292074477838
3888,0.8122914787183957
3889,0.7420923181327613
3890,0.7077285905520899
3891,0.807727981329478
3892,0.7223284912474471
3893,0.7290701826474484
3894,0.7749177560827984
3895,0.669846165086434
3896,0.7905434821665485
3897,0.7810412890010523
3898,0.8209140543567276
3899,0.7166832041681899
3900,0.751774408884608
3901,0.6626919492593261
3902,0.7219246258025791
3903,0.7369522786675826
3904,0.6799037044959527
3905,0.6869371885781866
3906,0.7448964229084543
3907,0.3622210735781356
3908,0.6655040561877081
3909,0.29212718104358926
3910,0.7342308540264558
3911,0.6211232583845712
3912,0.6271900374179316
3913,0.5734714926838378
3914,0.2796785236034608
3915,0.7693178367641917
3916,0.21607258411773633
3917,0.7147182046104472
3918,0.7011074334157908
3919,0.7261656472094143
3920,0.7685859716506226
3921,0.29383748610025895
3922,0.7482273552619767
3923,0.6861203106670629
3924,0.7997546614069984
3925,0.8349118577122121
3926,0.7420782039225798
3927,0.7627160563484805
3928,0.7189412351286247
3929,0.7713455719725665
3930,0.7036272684019597
3931,0.7802730755194273
3932,0.7557195777041109
3933,0.7532954667140199
3934,0.6934769417783405
3935,0.7707018356663223
3936,0.6774214786342266
3937,0.7648934887165781
3938,0.84156199942871
3939,0.6924929975457804
3940,0.730056958318533
3941,0.7428537227199479
3942,0.6924379328934481
3943,0.7166315402362722
3944,0.8105189238854775
3945,0.3284145723333379
3946,0.8412217453772687
3947,0.7711935530171303
3948,0.23097227718135224
3949,0.6235971802686974
3950,0.8044889438546932
3951,0.7981953019868149
3952,0.6530024709188434
3953,0.8180035776071902
3954,0.7884145061873002
3955,0.7137507908301366
3956,0.7361627716822532
3957,0.7357341588426757
3958,0.6367635120181923
3959,0.3310594930022901
3960,0.7428788408613474
3961,0.8141996591783951
3962,0.3267578560803616
3963,0.6993683735154256
3964,0.7772360201592435
3965,0.7422052676490937
3966,0.6888365498348297
3967,0.33857295224652995
3968,0.7597114736456667
3969,0.8170607645208597
3970,0.7699938542907719
3971,0.7708343661892724
3972,0.20655740802329944
3973,0.639804772305525
3974,0.756503752770589
3975,0.751609464356545
3976,0.29656917698102603
3977,0.7855307249680704
3978,0.3371446476373043
3979,0.739069111877657
3980,0.8171205541899926
3981,0.8613280952334093
3982,0.8222826859257937
3983,0.7918494362312339
3984,0.7580609629344286
3985,0.7780941038266309
3986,0.27841384014840054
3987,0.7955449334509996
3988,0.7590366433046241
3989,0.7095958930124923
3990,0.7910426163311388
3991,0.7903571266338356
3992,0.6339166370296914
3993,0.7192607446878443
3994,0.7644983171335944
3995,0.7464154164834357
3996,0.7893654330278927
3997,0.3020974250066251
3998,0.6932025438364491
3999,0.6697318574750952
4000,0.6505085282409092
4001,0.7582613553931433
4002,0.7205226618402105
4003,0.7386545462548244
4004,0.7811006704477057
4005,0.6333248063009466
4006,0.7487441227859998
4007,0.8068778190559404
4008,0.6779690689339608
4009,0.8160024859279492
4010,0.7044170702966375
4011,0.6952378251542064
4012,0.815310839856809
4013,0.6563009134877071
4014,0.7041821132637309
4015,0.7624454293371256
4016,0.7500138915398229
4017,0.7950955355798867
4018,0.8119588356611078
4019,0.8444925583921059
4020,0.2842307579330902
4021,0.725463271057348
4022,0.8133479350558879
4023,0.26741948593316506
4024,0.7667341949097323
4025,0.847468443068418
4026,0.7690570582364687
4027,0.3011471554875108
4028,0.7834910918517709
4029,0.8130264761752622
4030,0.7643829439594906
4031,0.7441615006059437
4032,0.23715981385172197
4033,0.7277185254847324
4034,0.2906159721500551
4035,0.32309758101850367
4036,0.30439477876821736
4037,0.7425269235287311
4038,0.6855042265202563
4039,0.7256662309979961
4040,0.7517429488127065
4041,0.7760927182879407
4042,0.7640325460739766
4043,0.7653514556976868
4044,0.32731292002335677
4045,0.7906098340445367
4046,0.808468336588844
4047,0.7433753247136938
4048,0.7273216987696883
4049,0.6936941740353537
4050,0.2590089375056548
4051,0.8332259264437154
4052,0.803726377947925
4053,0.7880596009935132
4054,0.8203111814352787
4055,0.7497867399961334
4056,0.7166126494068694
4057,0.8371122060641721
4058,0.7720733103586214
4059,0.7451662145113302
4060,0.7859033270797648
4061,0.2922361272060893
4062,0.7596217973369072
4063,0.7299465127690788
4064,0.7237505600615476
4065,0.7239098248905814
4066,0.26022278405611987
4067,0.725528816888464
4068,0.7544690316306969
4069,0.7290100546481757
4070,0.7507490608736775
4071,0.7554258039900242
4072,0.7088646437657523
4073,0.22428047409826407
4074,0.7167441314765773
4075,0.6609843025326859
4076,0.2785245308703511
4077,0.7269888740432658
4078,0.7229230439623968
4079,0.2965567444362101
4080,0.7300993909352342
4081,0.7781603513565775
4082,0.8069617310535948
4083,0.8092268059574077
4084,0.7664675841051628
4085,0.5773877114798686
4086,0.7856243385576616
4087,0.30520498609386487
4088,0.7716135530177239
4089,0.6389731824730543
4090,0.7387651775817744
4091,0.34904025424989515
4092,0.8378030890388715
4093,0.3185613297139932
4094,0.7788253768823179
4095,0.7618391642514358
4096,0.6889634503104728
4097,0.6927312574402057
4098,0.8205729347370844
4099,0.7757683129315855
4100,0.21160277030846383
4101,0.7368167037188754
4102,0.6953480781968905
4103,0.3450314520173044
4104,0.6799444648072098
4105,0.6848036579723215
4106,0.8244444590661838
4107,0.704830224441778
4108,0.7633381160971642
4109,0.7618085316726916
4110,0.8372390063311567
4111,0.7924164036106626
4112,0.7759936265165599
4113,0.8325586558240523
4114,0.7870753596480271
4115,0.725236939206876
4116,0.8163006919899867
4117,0.7739135915056762
4118,0.719127298099823
4119,0.7347096186454346
4120,0.3056426798774893
4121,0.8069930801349509
4122,0.6720744232045279
4123,0.7072315461536343
4124,0.7273491134412803
4125,0.8284614595371925
4126,0.78611014886171
4127,0.762056550372965
4128,0.803917538038109
4129,0.7641207972552413
4130,0.7597063377809904
4131,0.30530983818944096
4132,0.23022902421999733
4133,0.8045980112038937
4134,0.7406094396705202
4135,0.7471452724451294
4136,0.731510840537397
4137,0.8398298869687473
4138,0.816057933234484
4139,0.7033830481462464
4140,0.7242887074592469
4141,0.33681376494357607
4142,0.7259455405897544
4143,0.6506873892684856
4144,0.8284944391657822
4145,0.7069772416972245
4146,0.6349356226319478
4147,0.7847684807007704
4148,0.8146690364776302
4149,0.7860599127607995
4150,0.7176475079543874
4151,0.7155599477314847
4152,0.8537910146676143
4153,0.7459169342725133
4154,0.6990192674944696
4155,0.665287503311271
4156,0.7887417873901735
4157,0.7526698289805166
4158,0.28889400147295974
4159,0.7626669341747193
4160,0.7368298854416284
4161,0.7727098887856629
4162,0.7956437420616472
4163,0.7832999277764533
4164,0.7814900662399289
4165,0.7943613236035592
4166,0.6940979186725643
4167,0.7793551895888251
4168,0.618220983321881
4169,0.7639915937024554
4170,0.6823149275559314
4171,0.7689993363407412
4172,0.7640165280604819
4173,0.6974968827428355
4174,0.7509774064670176
4175,0.7728658183629465
4176,0.6897973220512629
4177,0.7254080054849785
4178,0.25760178343109696
4179,0.7704551681905273
4180,0.3366804055529712
4181,0.7331627156517436
4182,0.3056906862218302
4183,0.8144865681483465
4184,0.31791645513158906
4185,0.7812192392691547
4186,0.5430480514725902
4187,0.6927391173371544
4188,0.7319731665274818
4189,0.3174894489588942
4190,0.7250658018521823
4191,0.7156703628289693
4192,0.721860762081507
4193,0.36816310361676124
4194,0.7014107768915268
4195,0.8086180940139517
4196,0.8438633795747112
4197,0.6374255446872569
4198,0.7968921719763122
4199,0.29176070137686266
4200,0.7999812448312873
4201,0.7237208923960572
4202,0.8389949151463953
4203,0.8109436463343548
4204,0.1343572193341203
4205,0.7542858322813717
4206,0.7120231376793698
4207,0.6515180401345595
4208,0.7665060248154784
4209,0.830738582763205
4210,0.7912558965590235
4211,0.711841152683314
4212,0.7051194476688886
4213,0.3514842024683142
4214,0.8180826321540556
4215,0.7324184016669668
4216,0.22728305720559291
4217,0.7920079948877314
4218,0.8094482448260968
4219,0.7055754192525824
4220,0.7718620998075121
4221,0.6808691743702604
4222,0.772443300258978
4223,0.7500169337709873
4224,0.800675840479969
4225,0.7959585084047114
4226,0.33267435858951894
4227,0.3671290003901066
4228,0.7816449101447345
4229,0.8030949851823088
4230,0.6647605499811869
4231,0.7067196795863759
4232,0.285897049864147
4233,0.6965368314992302
4234,0.7816492984038034
4235,0.7753877062011109
4236,0.6996739051312784
4237,0.6877415142021341
4238,0.8080892288787472
4239,0.7644145198398499
4240,0.8107211586201555
4241,0.7060272836877498
4242,0.7006305169181443
4243,0.31463924549140054
4244,0.8042194490742054
4245,0.7692988036355843
4246,0.3237133642641003
4247,0.8593011644570278
4248,0.7674418581739253
4249,0.7341444454589064
4250,0.7780397596716012
4251,0.7366346979524658
4252,0.7445706270592943
4253,0.6721192819838456
4254,0.7622947557614658
4255,0.8294548007966517
4256,0.18330131595080412
4257,0.7908814759366105
4258,0.7670525226023452
4259,0.7890300270157372
4260,0.7721794985402911
4261,0.8209017394838979
4262,0.6906178478238235
4263,0.7827450992594983
4264,0.6386797291735999
4265,0.756910520470098
4266,0.7699607422677365
4267,0.7818929151741658
4268,0.32705051425550985
4269,0.7829938309841574
4270,0.7460322492546239
4271,0.33786466225858036
4272,0.7441150914780503
4273,0.7710926040209802
4274,0.7191355028162245
4275,0.7717756282991689
4276,0.8289559301013313
4277,0.8217571646823699
4278,0.3248265886059678
4279,0.7280942175687924
4280,0.7152792897946263
4281,0.7333574231105389
4282,0.8359864463218016
4283,0.8003879879612231
4284,0.8164481108343731
4285,0.7419801195771938
4286,0.31535639445310965
4287,0.7182144463139091
4288,0.7380911181571461
4289,0.8157623488281255
4290,0.33708463445113096
4291,0.6795812975237139
4292,0.7196332510650304
4293,0.7597683479990339
4294,0.6827293855269547
4295,0.7692067488901884
4296,0.758228817640553
4297,0.825058085570691
4298,0.6913847980953283
4299,0.7183871314771656
4300,0.6865227522464722
4301,0.3644300490301068
4302,0.6969915442220622
4303,0.7346132258150057
4304,0.7683920949571276
4305,0.7854217752309549
4306,0.7980377594808077
4307,0.6998462354829248
4308,0.6928420179886655
4309,0.654757989534098
4310,0.7508421634086055
4311,0.7357008813419289
4312,0.7045011113869196
4313,0.2578502203660007
4314,0.7579657470972179
4315,0.7206753229230187
4316,0.3357458418296882
4317,0.7404266536303389
4318,0.7125019648690943
4319,0.6726778707268423
4320,0.7017635931081554
4321,0.810642461841648
4322,0.7469987714163073
4323,0.6720969343271884
4324,0.704340078446677
4325,0.756016724827373
4326,0.2706526324068185
4327,0.8013690486177053
4328,0.7263092144404939
4329,0.7553920298840475
4330,0.7001836444209976
4331,0.7808296720622041
4332,0.72970265173333
4333,0.7217153556659698
4334,0.7076135266406467
4335,0.7732942538574262
4336,0.779458872385447
4337,0.6812403429399297
4338,0.729429723354745
4339,0.7699417324029323
4340,0.7779785497224408
4341,0.8381373280258215
4342,0.705923305339584
4343,0.3101958823102618
4344,0.32405653090702713
4345,0.6293420283777658
4346,0.744821662433314
4347,0.7450131641687263
4348,0.7781360860449884
4349,0.6414537295145096
4350,0.8029394067435147
4351,0.6783151609896363
4352,0.7795892868860733
4353,0.7346985775499186
4354,0.7872541130028993
4355,0.7753741644949321
4356,0.719611478531516
4357,0.6840536932243563
4358,0.8081106393847107
4359,0.7854117986619126
4360,0.7705585915784972
4361,0.7674581548591791
4362,0.7784830458928722
4363,0.8252461915574867
4364,0.7834248354959934
4365,0.7663490502630732
4366,0.6766505559171915
4367,0.7490509109873275
4368,0.30615035777799443
4369,0.7635512820026866
4370,0.7808643455813656
4371,0.7980982417370599
4372,0.7800052442221809
4373,0.8029823059219433
4374,0.7692938760524677
4375,0.8319270042942648
4376,0.8009491226506921
4377,0.7848729124052535
4378,0.776367749361179
4379,0.7516207565905999
4380,0.7382922526793089
4381,0.6772195235897738
4382,0.5773661024464645
4383,0.694764968831563
4384,0.7895634723362311
4385,0.6676532002120155
4386,0.8023512335706018
4387,0.8183407396920233
4388,0.8546092519806073
4389,0.6375210436772207
4390,0.8077877427355724
4391,0.7279508642011465
4392,0.6950992948833208
4393,0.8079050181436932
4394,0.33975573994684927
4395,0.7430215844732265
4396,0.6857548642588568
4397,0.8228434160107708
4398,0.7337999386635243
4399,0.734008794025626
4400,0.309500648971962
4401,0.3199774685673508
4402,0.8048649898762577
4403,0.6822343645119742
4404,0.6966522527029909
4405,0.6374245727250621
4406,0.7027284670889112
4407,0.7791553077417945
4408,0.6740514144489002
4409,0.777879501522003
4410,0.7364605472395337
4411,0.315247745560092
4412,0.7492929876615004
4413,0.6926501308820836
4414,0.7613647700253443
4415,0.6984942093954731
4416,0.6176496794571074
4417,0.7656270614448342
4418,0.772898666171796
4419,0.7189115028071786
4420,0.30817682307911376
4421,0.7767405599017043
4422,0.7774469224102115
4423,0.698712623535963
4424,0.7482077063467091
4425,0.701209605368112
4426,0.7570404197342316
4427,0.7029402343094608
4428,0.3079255220298949
4429,0.7995014348074995
4430,0.7652990198876777
4431,0.7768234888277185
4432,0.6793569031642003
4433,0.7069378370441938
4434,0.3289423869627707
4435,0.7747576806033766
4436,0.730687334277705
4437,0.7701902555083973
4438,0.7405710434437869
4439,0.7895200601543112
4440,0.7803496956321477
4441,0.32812440638004964
4442,0.6978309466794126
4443,0.8167725767804404
4444,0.3006001057930631
4445,0.3575862229427009
4446,0.8145838214069653
4447,0.7583397985169015
4448,0.7927203899302876
4449,0.6618344629504128
4450,0.7922340677045436
4451,0.8268283758928494
4452,0.7323680141338311
4453,0.7722878349463314
4454,0.6699986447732605
4455,0.768080292757399
4456,0.801905346704604
4457,0.3217730871852336
4458,0.7787228267420621
4459,0.32964716722641396
4460,0.7444668378005082
4461,0.8565929648733699
4462,0.6211797767271298
4463,0.33789519832127934
4464,0.8193914448446564
4465,0.7711196420457916
4466,0.7894287169417066
4467,0.762380210769909
4468,0.8122923271540505
4469,0.6995079947750247
4470,0.7995942972663368
4471,0.807347174739943
4472,0.8443953777945308
4473,0.7504775129203303
4474,0.1121970641489347
4475,0.7819717960749999
4476,0.7202065969759797
4477,0.7479147336744331
4478,0.7950171709746621
4479,0.669062997833929
4480,0.7578112675236606
4481,0.725862728976473
4482,0.783034701029469
4483,0.7904084490998168
4484,0.7547591776435689
4485,0.7509130800417742
4486,0.8282769538831141
4487,0.7877056509741928
4488,0.7036455629061384
4489,0.7363158935970099
4490,0.8281274260606174
4491,0.7072254007550408
4492,0.6159623510739904
4493,0.7163187401773934
4494,0.5962409855472497
4495,0.6605933896143623
4496,0.7425570612961913
4497,0.7954974109549025
4498,0.7535508501178986
4499,0.831938545752306
4500,0.7422627863732829
4501,0.8243489804648437
4502,0.7900344083673669
4503,0.7196984951203919
4504,0.7904921917326515
4505,0.8105367502043683
4506,0.8358211431339951
4507,0.8140362881834522
4508,0.7823922129158898
4509,0.7377377777077334
4510,0.6869903753891748
4511,0.7464244394038145
4512,0.7016085550373289
4513,0.3172075725488112
4514,0.8457510347263986
4515,0.6829306132996084
4516,0.3438055238124083
4517,0.8315431698016488
4518,0.8174489869964052
4519,0.7665234467922454
4520,0.7260798542904283
4521,0.7261831862750574
4522,0.742027036361256
4523,0.7619300292193076
4524,0.6999532707760684
4525,0.2779389095855803
4526,0.32197798765592117
4527,0.733810571983419
4528,0.7923815994504464
4529,0.6917542423044659
4530,0.7817023517775757
4531,0.6994160657495624
4532,0.708013269490549
4533,0.7336042150697185
4534,0.8057851700723571
4535,0.7629426031343924
4536,0.7372243765575689
4537,0.7174140141342373
4538,0.7126771016955166
4539,0.6792753733090514
4540,0.7594876829989458
4541,0.7872672986152188
4542,0.6154053888702523
4543,0.7515289906309903
4544,0.30554357775097285
4545,0.7594760324833282
4546,0.7769513245995358
4547,0.8108596383288941
4548,0.758329838654676
4549,0.7923456296118784
4550,0.7587536258601846
4551,0.6892300320796785
4552,0.7243321452604171
4553,0.8461618877981067
4554,0.8065096357254788
4555,0.7496692246217987
4556,0.8089771633090475
4557,0.7240771098011646
4558,0.7033752151790675
4559,0.7406360973505497
4560,0.7210333550459997
4561,0.23513248257681316
4562,0.3312855687173909
4563,0.7448882882322183
4564,0.707070069665011
4565,0.7064607486309306
4566,0.6464826441252826
4567,0.7915688391691776
4568,0.76716475378372
4569,0.757233341504804
4570,0.825801448130261
4571,0.714255347105765
4572,0.7811402765696868
4573,0.804843434405934
4574,0.3620501406039705
4575,0.30954915469627176
4576,0.5547120269411983
4577,0.3055277485390745
4578,0.7449832850113517
4579,0.6957122386758234
4580,0.8453432612924262
4581,0.6591357502719464
4582,0.7711601301558121
4583,0.701510850084426
4584,0.6930097488715098
4585,0.30796386068887194
4586,0.742532446693155
4587,0.666675880430779
4588,0.7690745111629699
4589,0.6944544284773351
4590,0.75034636501431
4591,0.7843785316695049
4592,0.7242460744118946
4593,0.7315603764709234
4594,0.7370471999236794
4595,0.7957861856437847
4596,0.6966968106370072
4597,0.7490679494220819
4598,0.6743511880262142
4599,0.7943481094119145
4600,0.8177826920931063
4601,0.6833589596367315
4602,0.5194523013183987
4603,0.8271781444210052
4604,0.8241910361244349
4605,0.7237257554195914
4606,0.6280068302816106
4607,0.8370838106070441
4608,0.2887035976042909
4609,0.7725620600201258
4610,0.7621198241410737
4611,0.7574447555565595
4612,0.749275931166674
4613,0.7055570204272088
4614,0.8026769681533698
4615,0.7696868348955739
4616,0.6613003224910674
4617,0.746208093846913
4618,0.7229111399904034
4619,0.767940530370066
4620,0.6794861812333478
4621,0.29549860892308477
4622,0.76977178357954
4623,0.33719117149516536
4624,0.80470515673849
4625,0.7643150527732648
4626,0.7037833190763751
4627,0.8062754116543072
4628,0.7338053220255512
4629,0.7864233270971911
4630,0.6542098725785858
4631,0.8354888167722503
4632,0.6963780522169236
4633,0.7061924391865252
4634,0.822292881553286
4635,0.707586939457764
4636,0.8077172155096475
4637,0.348303480778578
4638,0.7485547821700602
4639,0.7570785523950663
4640,0.7730081183655375
4641,0.7130239536761905
4642,0.7907183685385896
4643,0.6927225826985557
4644,0.8051024414437319
4645,0.7537263141154332
4646,0.3232522577622575
4647,0.3074367130996093
4648,0.760617913838577
4649,0.8074239816682638
4650,0.8227241723028449
4651,0.7383683105328528
4652,0.6686910706093726
4653,0.7073353268294185
4654,0.6457466983398702
4655,0.7382386608991194
4656,0.8488009794040039
4657,0.7378277073294243
4658,0.7121501627819413
4659,0.5300341690917736
4660,0.6907976779012821
4661,0.8270612241160337
4662,0.7262753730225963
4663,0.7040199516959545
4664,0.8038747733637543
4665,0.8119330749040248
4666,0.7693772949659065
4667,0.8213896632508227
4668,0.8052441199691712
4669,0.6858565121754624
4670,0.7510540014624898
4671,0.7648741642911078
4672,0.7571960200909041
4673,0.6780001524297158
4674,0.7850424964196223
4675,0.7627177958300164
4676,0.7383418269948626
4677,0.7003335541477129
4678,0.6642054129080138
4679,0.7426951810282577
4680,0.7624310429530372
4681,0.7139486102533547
4682,0.722618288997733
4683,0.745066230864944
4684,0.763559162781923
4685,0.7543586559458898
4686,0.742310687698797
4687,0.7130329693487436
4688,0.272332375125812
4689,0.8008906555389786
4690,0.7574847288485611
4691,0.788118331943305
4692,0.7422242606643178
4693,0.737537387797147
4694,0.7296582301019108
4695,0.8109752704428309
4696,0.7327632124748406
4697,0.7134143716375836
4698,0.6863609638798047
4699,0.7645652239060049
4700,0.7546267698980035
4701,0.7702957927401693
4702,0.7563886648571421
4703,0.8284869702732208
4704,0.7066962167492274
4705,0.8051850162135308
4706,0.701359867427219
4707,0.708714329434824
4708,0.7094826518954708
4709,0.6307347867466073
4710,0.3297537556302985
4711,0.793050733950009
4712,0.8087070672388184
4713,0.6657929724023299
4714,0.7175553366927445
4715,0.6741828127428671
4716,0.6740365453273924
4717,0.7847457696654655
4718,0.3133752713665315
4719,0.7068363907953036
4720,0.8002510198872743
4721,0.7006178732407974
4722,0.7204176608205535
4723,0.7201499584029737
4724,0.3087838955939553
4725,0.8007090938743457
4726,0.727354156263725
4727,0.7497093856326043
4728,0.7815636689789104
4729,0.74811400819305
4730,0.7865599556254402
4731,0.7528487030901851
4732,0.7484291188400485
4733,0.7462717447578509
4734,0.762456985610315
4735,0.6557656075253722
4736,0.7039150100971003
4737,0.7411010705607104
4738,0.7456297386922462
4739,0.6856205956237783
4740,0.7062211295937043
4741,0.6852242364330284
4742,0.8144442994431276
4743,0.30573390169097486
4744,0.762594865043684
4745,0.6801741147570919
4746,0.7336735330025546
4747,0.677714743268299
4748,0.8121365434082967
4749,0.6998469566274623
4750,0.793607850867513
4751,0.5428413543043661
4752,0.7803453347540615
4753,0.5905052489214663
4754,0.2803464169236844
4755,0.7118724971260598
4756,0.7073578109089861
4757,0.7609043804106566
4758,0.7348940940310354
4759,0.8019618926693082
4760,0.2612694015709707
4761,0.8251823929283156
4762,0.7435108377696587
4763,0.7866708649388651
4764,0.8235801294801921
4765,0.7173766384216329
4766,0.6930575073131775
4767,0.6856691592293775
4768,0.13868292988000383
4769,0.811261888324835
4770,0.7992185659581181
4771,0.28589237975632487
4772,0.30712082551134534
4773,0.2659854148615436
4774,0.7266592327177693
4775,0.704749800526455
4776,0.7410814513005813
4777,0.6701738204713532
4778,0.27938205140579486
4779,0.7281439347113264
4780,0.7580395436835278
4781,0.6884307603268502
4782,0.7880162453949789
4783,0.6817038460470454
4784,0.8276265430300027
4785,0.7708166371370546
4786,0.3126931159493004
4787,0.7187855774116501
4788,0.7725294611154295
4789,0.2975543663757855
4790,0.7214046885381968
4791,0.6869948365475614
4792,0.3336366308544387
4793,0.7230070319978482
4794,0.6501019110281583
4795,0.8118469446782176
4796,0.7917497019114681
4797,0.678314648950451
4798,0.6614605583177108
4799,0.5918828521900128
4800,0.7072396090686318
4801,0.7567150896118577
4802,0.7654126292505034
4803,0.7552865920988489
4804,0.28298166445317197
4805,0.8253651458176802
4806,0.8044918885580019
4807,0.8234276708055207
4808,0.7255150725447238
4809,0.8042377096752142
4810,0.772036240870746
4811,0.820465170905071
4812,0.7826640637058734
4813,0.6830770501480294
4814,0.7924944139974157
4815,0.7999687665128231
4816,0.3154815006517787
4817,0.31410237638161714
4818,0.6977799215986699
4819,0.786831510074484
4820,0.6480125096320226
4821,0.8004702264027798
4822,0.7648647842400361
4823,0.7428886819514743
4824,0.7438972203086803
4825,0.6946717500157644
4826,0.7691034234637807
4827,0.7697481663596187
4828,0.7623808061020249
4829,0.7369125886174083
4830,0.8266995826996075
4831,0.7335822993352198
4832,0.2930248229994691
4833,0.33066355300732064
4834,0.34843524800587117
4835,0.7889560285319898
4836,0.7070395675651489
4837,0.7821111169926611
4838,0.6941102536215997
4839,0.8671039395200241
4840,0.7293793608918547
4841,0.7390518094398117
4842,0.71591667975175
4843,0.7623725850952208
4844,0.7563070573150967
4845,0.613993425577847
4846,0.7997998959703405
4847,0.69950739166051
4848,0.8178257930796384
4849,0.7231041801228544
4850,0.7452329997757553
4851,0.8723330279804642
4852,0.636104666671816
4853,0.761193105728885
4854,0.32320652527639315
4855,0.8274064330556362
4856,0.3912993241040438
4857,0.785810364239047
4858,0.7778430219720742
4859,0.724891882429607
4860,0.758814836188106
4861,0.7817227605744601
4862,0.8149657970560757
4863,0.6032720098968785
4864,0.6675687547963309
4865,0.7664642712300033
4866,0.7226753754342485
4867,0.7030928129041071
4868,0.7288140568164835
4869,0.8294006945706134
4870,0.7986712722433439
4871,0.7563223161841043
4872,0.7592632344788665
4873,0.7843784050277266
4874,0.6943969123265441
4875,0.7792080199266721
4876,0.7299348053979454
4877,0.727407149853805
4878,0.7674842434164585
4879,0.7412929070312225
4880,0.8210768884501505
4881,0.4941606636542852
4882,0.7888639637663929
4883,0.8106665929182774
4884,0.8244692377450645
4885,0.318467919834213
4886,0.7729241492586121
4887,0.2656943312638885
4888,0.6562457781889078
4889,0.685981764684104
4890,0.7457017207912541
4891,0.3184455612275036
4892,0.7549436408139031
4893,0.8073829976196538
4894,0.6944047990355551
4895,0.26218488380858573
4896,0.817447978551602
4897,0.7318615686884897
4898,0.6907175741104654
4899,0.7446791467075761
4900,0.686328381035998
4901,0.7964817246841673
4902,0.7620120588680587
4903,0.8392067803453362
4904,0.6783044050525906
4905,0.7346530950899154
4906,0.7599970098445917
4907,0.774458684962776
4908,0.7347812094859778
4909,0.7582950480011965
4910,0.7539510413011379
4911,0.7916782482535838
4912,0.6621410948605158
4913,0.7943965068220122
4914,0.3217731201988355
4915,0.6723122842534669
4916,0.7482997007869361
4917,0.7648029877979946
4918,0.7545466993070056
4919,0.6528996143111265
4920,0.7916402595769365
4921,0.778866880706011
4922,0.8106719640047467
4923,0.7291932945961572
4924,0.1259259599549296
4925,0.3730420293931139
4926,0.8388264822137287
4927,0.27738852093637956
4928,0.8349912874207206
4929,0.792260683162514
4930,0.7316975647190446
4931,0.32681442762809304
4932,0.5931985919889945
4933,0.7690016028460136
4934,0.8253040995937586
4935,0.8026805156402519
4936,0.7741001026390196
4937,0.27318569001852033
4938,0.20343826597180573
4939,0.6367169589484655
4940,0.7417187163289781
4941,0.7934319013176394
4942,0.6785266100468957
4943,0.7232325603194051
4944,0.8211443680193993
4945,0.7218091599801748
4946,0.6696048631379751
4947,0.8205086251897498
4948,0.6671165818804772
4949,0.7213170023623247
4950,0.09416487453181895
4951,0.7405276158406169
4952,0.6742101058907227
4953,0.7358309683674058
4954,0.7902536135514707
4955,0.7528692178815638
4956,0.3291259421022419
4957,0.7950953456289153
4958,0.7953222526155023
4959,0.7206345844691507
4960,0.32712275831352366
4961,0.7846756237910656
4962,0.8410510142465897
4963,0.7610817270976762
4964,0.6834719268911577
4965,0.740483432542112
4966,0.7548806349030058
4967,0.7310718708161319
4968,0.5992457941486816
4969,0.8062032289471995
4970,0.6969661238304525
4971,0.7213108733374495
4972,0.8008338327833048
4973,0.6880302637959521
4974,0.6411509277235103
4975,0.7230259009350317
4976,0.6497496669817381
4977,0.7275889911873649
4978,0.2623798473443724
4979,0.8019818112289421
4980,0.2628869372243996
4981,0.8093591053932435
4982,0.7058852691739219
4983,0.33367986020286444
4984,0.6424789500624926
4985,0.6246279932385483
4986,0.7050164108203351
4987,0.7528375989280283
4988,0.28299323335584065
4989,0.7390078428791976
4990,0.3382814005128399
4991,0.8297927524722603
4992,0.7587367905870318
4993,0.8052073581794885
4994,0.2680234242009413
4995,0.745136073674868
4996,0.7688616043801448
4997,0.7656343218086953
4998,0.7068786342384766
4999,0.8271894591818896
5000,0.6635424045360976
5001,0.7945923640722581
5002,0.7789956429850262
5003,0.7524140416001037
5004,0.7925809261456096
5005,0.764458777574756
5006,0.29760644248650686
5007,0.8383199398545216
5008,0.8203571674336002
5009,0.7458477610709131
5010,0.7455224197857956
5011,0.7643511313902042
5012,0.7801029940714616
5013,0.8254046694762575
5014,0.8053006181153101
5015,0.6462201018843527
5016,0.37603750454487045
5017,0.7211963368020108
5018,0.6733546525207312
5019,0.710852497689303
5020,0.8041555218509375
5021,0.7140972954464123
5022,0.8380296845845782
5023,0.7773566735770681
5024,0.24852439849008956
5025,0.8371868425117935
5026,0.7017890245243864
5027,0.5972607725344659
5028,0.18302090704700424
5029,0.3455012345859623
5030,0.7981835476552005
5031,0.6626373887900807
5032,0.8559517852582942
5033,0.8448543320727404
5034,0.7609082502876938
5035,0.7768102240300752
5036,0.29828920195195896
5037,0.8274692805414252
5038,0.6762692455096277
5039,0.7202156750638321
5040,0.7179156890110966
5041,0.7982433589234517
5042,0.7611305818030635
5043,0.80983020394361
5044,0.7994449303736646
5045,0.7803144984065316
5046,0.7264223745048424
5047,0.8478493053018761
5048,0.2991761438209194
5049,0.22531594966950655
5050,0.6328386299702815
5051,0.6915933152214939
5052,0.7190971026200635
5053,0.8408633125219959
5054,0.7033640672509497
5055,0.7613070383305834
5056,0.6583648534795964
5057,0.7964959446868948
5058,0.744895853409143
5059,0.6912971344921449
5060,0.7144517083186851
5061,0.7013665211896855
5062,0.7473987733041539
5063,0.7387228258592659
5064,0.7338013771022028
5065,0.6741411095529525
5066,0.67826066322362
5067,0.7700411969921587
5068,0.7836502320643366
5069,0.8357995244320405
5070,0.8528968322727882
5071,0.7714648740971325
5072,0.8237317838549137
5073,0.6665732422712617
5074,0.2961234453803481
5075,0.3081525119861183
5076,0.7281591749406237
5077,0.7393345225573862
5078,0.7562065628797974
5079,0.25825795190839373
5080,0.7153867405767248
5081,0.7510641851546772
5082,0.8007280014737498
5083,0.8499379141600842
5084,0.7631031966489604
5085,0.7686368144579085
5086,0.8072644077285914
5087,0.7329426822160602
5088,0.6951253636274427
5089,0.7709877241791238
5090,0.7798704490586124
5091,0.7219367356636083
5092,0.7917260978586016
5093,0.7277814667850766
5094,0.27753154479813613
5095,0.7739399030119898
5096,0.7159168290001676
5097,0.36104545743417055
5098,0.7627265899762722
5099,0.7925777529709003
5100,0.2926181982919872
5101,0.586976136354533
5102,0.3143721064015453
5103,0.302682128980603
5104,0.806981825072236
5105,0.759285188699556
5106,0.2999732289827772
5107,0.8015998672986414
5108,0.29378748767074947
5109,0.27084672396218007
5110,0.7909014579016623
5111,0.7416225460238433
5112,0.6903040006672808
5113,0.664172480481182
5114,0.6909590276584727
5115,0.7320599834006589
5116,0.6985645836001071
5117,0.7779475522726714
5118,0.7105509737728151
5119,0.7156249974930899
5120,0.7492777224861935
5121,0.7790147502691847
5122,0.6289581070571492
5123,0.6745812836705044
5124,0.6852491262276734
5125,0.6848955716062125
5126,0.7594123593178225
5127,0.770391087179988
5128,0.8454817208419538
5129,0.2684797073912374
5130,0.7730165646817809
5131,0.7340392649463883
5132,0.8009467091263776
5133,0.7431432362505506
5134,0.32182633732828114
5135,0.6379634039004207
5136,0.7461039021503507
5137,0.7631593061529107
5138,0.6247626298616331
5139,0.7088049433522775
5140,0.34150113596433307
5141,0.7629060074597279
5142,0.7350216531695916
5143,0.7364110066364716
5144,0.7926101362065052
5145,0.7901570637717019
5146,0.3269951961118122
5147,0.3290061797102433
5148,0.7114477882537582
5149,0.8231293993046621
5150,0.7955151638148706
5151,0.8001804354374772
5152,0.7625138126998041
5153,0.146737493615083
5154,0.6954676026971904
5155,0.765616441034053
5156,0.7480237402734152
5157,0.7256618296246757
5158,0.7571460374790308
5159,0.784957894858869
5160,0.26777078144008276
5161,0.7212679660092083
5162,0.5782643685024795
5163,0.7466460355185882
5164,0.7950792907242713
5165,0.7910819906281675
5166,0.6781511746084133
5167,0.7477858770806365
5168,0.7728974318469681
5169,0.6981097652547398
5170,0.7256143374644451
5171,0.26177082556080283
5172,0.29968827888481964
5173,0.7262977202144711
5174,0.7426913194901413
5175,0.7466124620227351
5176,0.8281375717387082
5177,0.7215295216051882
5178,0.7225009929024521
5179,0.7482549821329678
5180,0.8146072144979662
5181,0.8352751948904368
5182,0.771306614008571
5183,0.7989615960295755
5184,0.8179455194080159
5185,0.6757024231494928
5186,0.7544114170295037
5187,0.8523425008884952
5188,0.7837633767659521
5189,0.7877585413377085
5190,0.7026327679941481
5191,0.802813041540796
5192,0.8369228132415893
5193,0.806814419633586
5194,0.7065246698720251
5195,0.7340196094313752
5196,0.8385440710771584
5197,0.6383665172952065
5198,0.7867897184450395
5199,0.7730516918428085
5200,0.2773384157736478
5201,0.7842603840224753
5202,0.7558123205356527
5203,0.7334933964875829
5204,0.7756470492281294
5205,0.7915644392114938
5206,0.7672511047040363
5207,0.23793656115448164
5208,0.7728011415948988
5209,0.7804650870764694
5210,0.7516711115847067
5211,0.7788852484153198
5212,0.7613718655192075
5213,0.8078394982951922
5214,0.7068821128489327
5215,0.8364043551235067
5216,0.675943686274394
5217,0.7918472543696796
5218,0.7031168820056468
5219,0.8006554704805754
5220,0.7515609002167253
5221,0.662514921983344
5222,0.8157518858397916
5223,0.573419909858408
5224,0.7161887041849251
5225,0.7701158722163999
5226,0.7791121362759581
5227,0.7178925460662003
5228,0.6961375782958054
5229,0.7965304792738154
5230,0.6476054098754667
5231,0.8078245552968434
5232,0.3265569218907373
5233,0.6724578383265373
5234,0.7579576032993377
5235,0.6760656776158893
5236,0.7943405587839152
5237,0.2941171841210533
5238,0.7034101713344871
5239,0.7633926208774623
5240,0.7493712020143913
5241,0.808594741964935
5242,0.7021402778692063
5243,0.3471011315674095
5244,0.8189588537421157
5245,0.7979046616877551
5246,0.7857000344979747
5247,0.7315695401483269
5248,0.713414014269275
5249,0.7729689350556506
5250,0.7028219684911242
5251,0.7605255787332895
5252,0.7766451482443303
5253,0.32433698965211377
5254,0.7336061059231765
5255,0.824725060026626
5256,0.7647770084438842
5257,0.7978949438915309
5258,0.7612247962979942
5259,0.7612566070181327
5260,0.648186851121252
5261,0.14314975269643845
5262,0.7444262666115181
5263,0.6324334360654701
5264,0.8161336218216244
5265,0.8161946014663638
5266,0.6247900285179065
5267,0.7698125370802859
5268,0.7577310060586828
5269,0.7635395748472562
5270,0.7075162409062113
5271,0.3029837301159133
5272,0.6802546559057872
5273,0.8557226076722244
5274,0.7912635017075724
5275,0.7425787019977532
5276,0.6660026778316324
5277,0.8315053830907634
5278,0.2813841256986641
5279,0.8013707461465504
5280,0.24503956637360508
5281,0.8056901607675495
5282,0.7425955366531771
5283,0.7168798553574495
5284,0.7168963245699884
5285,0.7680016600769275
5286,0.32616902883776255
5287,0.7148390921370678
5288,0.7131362756577684
5289,0.7386294372433735
5290,0.7060468986101939
5291,0.34012397958164264
5292,0.7698824862326135
5293,0.6633586135506903
5294,0.8339432637393966
5295,0.7199394375534316
5296,0.6158302613461711
5297,0.8004217592678109
5298,0.7590288076112977
5299,0.7269738169064734
5300,0.7472593202287944
5301,0.7771113896609303
5302,0.6529660782118121
5303,0.624527854212641
5304,0.8294591570669455
5305,0.29614140865881516
5306,0.8219546741592354
5307,0.7831646473834681
5308,0.23805540198837785
5309,0.7674641377941201
5310,0.7666528230402636
5311,0.8008643040385826
5312,0.664239421901869
5313,0.7465108155084151
5314,0.7583290613941311
5315,0.7771381143615377
5316,0.7423913503122067
5317,0.7426983752415655
5318,0.6079187887721413
5319,0.32648503586505473
5320,0.797216930791934
5321,0.8033666437327932
5322,0.7501476420238392
5323,0.7627397792547346
5324,0.7575600989401745
5325,0.7037797142478733
5326,0.6341858114263156
5327,0.7579147726780517
5328,0.31499407428243986
5329,0.6973539588820589
5330,0.860990668397432
5331,0.744969472590363
5332,0.7633164341781696
5333,0.7440659451298075
5334,0.6976183086796296
5335,0.7502531179412909
5336,0.7153939599647516
5337,0.7798492578435701
5338,0.7819649627961582
5339,0.7806840321785021
5340,0.7520629666329551
5341,0.7033694651032611
5342,0.7977692294241312
5343,0.686676054498688
5344,0.7503270284771832
5345,0.735671739173415
5346,0.7139611924402056
5347,0.6330971858259954
5348,0.7693864890928681
5349,0.80388671403293
5350,0.7490303390377484
5351,0.7072549024283268
5352,0.8241605282624294
5353,0.8346590920147232
5354,0.7031862265629719
5355,0.6895818536505077
5356,0.7252941980936771
5357,0.7207949235318404
5358,0.8208395945264076
5359,0.8170917716906461
5360,0.7650345747693337
5361,0.2732989955828202
5362,0.7559234953045331
5363,0.7712390143003675
5364,0.7559727705841067
5365,0.29128914996946625
5366,0.78851871978102
5367,0.8526193837328931
5368,0.7188602535625539
5369,0.8199193619145122
5370,0.6981275891895155
5371,0.7274699334863081
5372,0.7125102923675182
5373,0.7583377564528208
5374,0.6276970722179055
5375,0.6734445723442616
5376,0.7559501294333011
5377,0.7752126147616266
5378,0.8318429707217447
5379,0.8553347365605574
5380,0.8055982786936535
5381,0.7612172626236836
5382,0.6506639498711647
5383,0.23047979278316083
5384,0.7270370687165748
5385,0.803429453561403
5386,0.7739947911846603
5387,0.7882587856473525
5388,0.6336108898473768
5389,0.7670377256839491
5390,0.7379470025259308
5391,0.7732798988985119
5392,0.3191695005593138
5393,0.6910748368975466
5394,0.7876925276035458
5395,0.3265814063692675
5396,0.6959877027418392
5397,0.7796105893051172
5398,0.7760416505252888
5399,0.7931389858945121
5400,0.6645699120454657
5401,0.8001166137213307
5402,0.7911261279041164
5403,0.7457063524051675
5404,0.8091813003670275
5405,0.6169108455731741
5406,0.6178641834218566
5407,0.7272581819331271
5408,0.7555593136519113
5409,0.7973964025826656
5410,0.7491925529676916
5411,0.6640481828431093
5412,0.249902775585181
5413,0.6357151634783059
5414,0.8136970722406124
5415,0.2670343332194591
5416,0.8278443900273712
5417,0.7087680658361201
5418,0.7682658391883882
5419,0.7221043653147549
5420,0.809311335368739
5421,0.6750459263276603
5422,0.7696319889989177
5423,0.7862752046075172
5424,0.7885144294901744
5425,0.7941536743571082
5426,0.7980278802169598
5427,0.6743447815857015
5428,0.8358109347579883
5429,0.33026458876063935
5430,0.7293630893205876
5431,0.7771138923111488
5432,0.29862387142631097
5433,0.8165544350621166
5434,0.6396467049050998
5435,0.7124989566945937
5436,0.7790080499928937
5437,0.3214261367461768
5438,0.6218738880445526
5439,0.680308536177439
5440,0.6858729650643243
5441,0.30742837552092944
5442,0.7481154921940828
5443,0.7447469487838111
5444,0.7061430256121427
5445,0.6804414473541791
5446,0.3237448260920095
5447,0.793394790387684
5448,0.32271721457093716
5449,0.7123961057713384
5450,0.30988970620530076
5451,0.7632504598364582
5452,0.7684247170209935
5453,0.6830357298017047
5454,0.7101002350078955
5455,0.8482679184541569
5456,0.6433673677941625
5457,0.6781811192592498
5458,0.275191466315908
5459,0.747326909634192
5460,0.7614301915751396
5461,0.7595032208732756
5462,0.7151669285882452
5463,0.8205116815004686
5464,0.6935181482834554
5465,0.7236830055875777
5466,0.756047832538765
5467,0.3569262484990739
5468,0.33518621076405747
5469,0.7667125228382385
5470,0.8324302393238752
5471,0.7975102426988976
5472,0.7242713107138766
5473,0.7523300605576818
5474,0.752183105725318
5475,0.8182347065743997
5476,0.7089559858081624
5477,0.738113772837174
5478,0.7739308419276003
5479,0.7771024918257784
5480,0.8049655073014255
5481,0.7965069660417272
5482,0.7423321896627412
5483,0.7767171091313568
5484,0.3385204489722247
5485,0.35296242792456306
5486,0.17124174059128663
5487,0.7698395781777786
5488,0.2928829130744756
5489,0.7533080063880171
5490,0.19140494231095034
5491,0.7185544971965204
5492,0.7430984217511228
5493,0.6956977884689346
5494,0.7942172129651073
5495,0.2521160285511071
5496,0.35677580912902473
5497,0.27244527575177613
5498,0.8395540724815537
5499,0.750886235438294
5500,0.787954069756089
5501,0.752571591807401
5502,0.7740140304837377
5503,0.7718675698086646
5504,0.674524121234535
5505,0.7836976561073857
5506,0.6952409540749895
5507,0.7426155774385439
5508,0.7772836551482858
5509,0.3472623504744861
5510,0.27729711211682795
5511,0.7780150975039933
5512,0.784186714840167
5513,0.7231517368835451
5514,0.32636787929044503
5515,0.7440006635505526
5516,0.7657314745148276
5517,0.2759307476193284
5518,0.6604994850084944
5519,0.7787961064289102
5520,0.8435754094782852
5521,0.8219903557478748
5522,0.6371647347631869
5523,0.8325140765004131
5524,0.8074079310408098
5525,0.3258592042130914
5526,0.5586992766375546
5527,0.7281138558946497
5528,0.7475734863682167
5529,0.776264813826554
5530,0.3517907759018854
5531,0.7008144815205335
5532,0.7013607591050157
5533,0.7550249161341879
5534,0.7565588938668266
5535,0.6670291493194135
5536,0.7989412988130549
5537,0.30169217540843973
5538,0.21655584299148103
5539,0.32368279317315257
5540,0.7949917502005006
5541,0.7330261946649435
5542,0.8058662774096969
5543,0.27098687571693547
5544,0.808441778401323
5545,0.692597464968534
5546,0.8341811460510257
5547,0.75650784684182
5548,0.6495046338303521
5549,0.6123362063138431
5550,0.3113558375810042
5551,0.6838957949651783
5552,0.7833898585174833
5553,0.7436781437529781
5554,0.6808566467445683
5555,0.6822320370273696
5556,0.3130353039305564
5557,0.7838649110266593
5558,0.8065293442314575
5559,0.7083229794263042
5560,0.645824599786898
5561,0.7233976860400544
5562,0.20846732043115213
5563,0.813814912722459
5564,0.696743206964422
5565,0.8141324446324445
5566,0.6861052136954415
5567,0.6830937412252619
5568,0.6806497341379284
5569,0.711722983974468
5570,0.7365748795568863
5571,0.3304604952845101
5572,0.7186189614209716
5573,0.6945950851734759
5574,0.7835665185003005
5575,0.7871375213148718
5576,0.7647058703324006
5577,0.7021102557424244
5578,0.6938371397419939
5579,0.6469050579105526
5580,0.7875555651829305
5581,0.2611899587300128
5582,0.7902659974159393
5583,0.7053797413105589
5584,0.7091565812986651
5585,0.8111215331266217
5586,0.7727563120117948
5587,0.8187375335873258
5588,0.758843874871113
5589,0.8117666617875534
5590,0.2806357758806303
5591,0.7396748235361399
5592,0.7610064629354432
5593,0.689469667445153
5594,0.7824645587288036
5595,0.5747847649131786
5596,0.729822012840616
5597,0.7669061456617304
5598,0.678530155389339
5599,0.7555877836917343
5600,0.6868795679002861
5601,0.7443684328514274
5602,0.7921627393789143
5603,0.7279557116179128
5604,0.6786212146559055
5605,0.6933043138188328
5606,0.8228179305008767
5607,0.8205388012880956
5608,0.7878906603143516
5609,0.7757997055386848
5610,0.751748541934368
5611,0.8018219205471399
5612,0.7545748081555277
5613,0.775623731200011
5614,0.33560113397405733
5615,0.6477375587693601
5616,0.7259697640387479
5617,0.7226918459398861
5618,0.7938278210722481
5619,0.7634860368588622
5620,0.3118648168576076
5621,0.32380661064230926
5622,0.31653157742093496
5623,0.7892014266556945
5624,0.81907601023584
5625,0.6853494933273013
5626,0.8289639597764353
5627,0.32246964729136485
5628,0.7477035440614953
5629,0.7087409706405704
5630,0.7285097778398141
5631,0.7741491399323931
5632,0.7831088740200588
5633,0.8140960920944051
5634,0.7310363170681926
5635,0.7574807756960918
5636,0.7957271698858035
5637,0.7109425628241167
5638,0.7446635686381918
5639,0.7793888308546038
5640,0.8642948693765593
5641,0.7644762009782442
5642,0.7352602293705869
5643,0.5758741186299958
5644,0.6955215175244268
5645,0.3178054535388206
5646,0.7332683833964304
5647,0.7854034301827727
5648,0.701999212441999
5649,0.6684499594269585
5650,0.6920304971677632
5651,0.7438427347394418
5652,0.8167038125124314
5653,0.7069330575739312
5654,0.7191859174880642
5655,0.8321028144725946
5656,0.7594501245503167
5657,0.5968536121367989
5658,0.8113399450084643
5659,0.7430814377011501
5660,0.809883408941872
5661,0.782622816079922
5662,0.7041406652374397
5663,0.7339859117478401
5664,0.695146780164344
5665,0.6516010854328942
5666,0.7011967437322587
5667,0.7501292528625328
5668,0.672987417695002
5669,0.78787243109068
5670,0.7982053216003726
5671,0.78857630803754
5672,0.3225493321212619
5673,0.7696436012821386
5674,0.7937036659389307
5675,0.7741846059153675
5676,0.7570636294887331
5677,0.2491223161779572
5678,0.841839495682618
5679,0.31441820739242715
5680,0.6955103376377738
5681,0.7590570622264208
5682,0.31519370467563296
5683,0.7175446274285489
5684,0.28222485979255346
5685,0.8039697519529139
5686,0.8008035621426262
5687,0.6484245380095429
5688,0.7781085839626325
5689,0.7427018574061155
5690,0.7911342461347974
5691,0.7052473720401591
5692,0.777865910405868
5693,0.6483200407034906
5694,0.7576836602058225
5695,0.34348993824693
5696,0.8081586775050285
5697,0.7835674163072028
5698,0.7587118939252907
5699,0.7365036720945422
5700,0.7294834445898896
5701,0.7539995574879623
5702,0.7716008670550834
5703,0.8396489697735128
5704,0.6438791124860318
5705,0.2974216213078765
5706,0.6718298484419822
5707,0.700443676112747
5708,0.3485455026281693
5709,0.7873553539987144
5710,0.3124608361079065
5711,0.7490853928838904
5712,0.19048774021980755
5713,0.758487750571052
5714,0.2929372132237569
5715,0.7469733817311566
5716,0.8007584528078688
5717,0.785056972835483
5718,0.7564160676675956
5719,0.7216602184668028
5720,0.7555584425336973
5721,0.7779199510427965
5722,0.7733150049127551
5723,0.7715742362466375
5724,0.24174346877413352
5725,0.7347368796563969
5726,0.7224278086334626
5727,0.7841293589423755
5728,0.7528895761998291
5729,0.32291730527657453
5730,0.7300783090252799
5731,0.7227499583304251
5732,0.6554444655532782
5733,0.8169453191126067
5734,0.6852418878226668
5735,0.32104683189311883
5736,0.2634835707425878
5737,0.7814892596235171
5738,0.8313650670858531
5739,0.33828208720675174
5740,0.7987815704455916
5741,0.7368394033880713
5742,0.6936757798420534
5743,0.3456215194153906
5744,0.7743762418329607
5745,0.6406542078399851
5746,0.7712472216751278
5747,0.8953544312470728
5748,0.7962902010235932
5749,0.8041978275993854
5750,0.7348890478956683
5751,0.3524655294769996
5752,0.8343375053012867
5753,0.7992493642308831
5754,0.7110651728380748
5755,0.3020108672377486
5756,0.784238513799997
5757,0.342648543757004
5758,0.7759879565498932
5759,0.7314101135556933
5760,0.8340865793504126
5761,0.819016537050723
5762,0.7534948461940185
5763,0.7825922660267088
5764,0.6683605190789801
5765,0.7693420905479182
5766,0.7633585509768687
5767,0.14626209384007396
5768,0.23534070197242707
5769,0.727512605896841
5770,0.7697055246156488
5771,0.8087472055147263
5772,0.7107829411594131
5773,0.7623298385361634
5774,0.7655128321868584
5775,0.8052981837055756
5776,0.7922693929586492
5777,0.7006081887574679
5778,0.6828358726115146
5779,0.7343979202479419
5780,0.36102115784925587
5781,0.7536708982979499
5782,0.7595450226892002
5783,0.5525472825639556
5784,0.7397903088028568
5785,0.7544340372691313
5786,0.7940958842530517
5787,0.7905529284827492
5788,0.7302435355670327
5789,0.6793663099364492
5790,0.7698568576134711
5791,0.7595070704916982
5792,0.8169202763305251
5793,0.8110251838863471
5794,0.6969510452100596
5795,0.7032244551190966
5796,0.7295664742473584
5797,0.615371432201764
5798,0.3371611065440985
5799,0.74558331340043
5800,0.7269043267389079
5801,0.7698181365067607
5802,0.34145129234593213
5803,0.8119626113915764
5804,0.7867456013146028
5805,0.7767725344750697
5806,0.8271515202095151
5807,0.7628694166202739
5808,0.7743556849596896
5809,0.3107032765472695
5810,0.7214781565200473
5811,0.7197399231024465
5812,0.7195093633151594
5813,0.7228553178239234
5814,0.6489966655301138
5815,0.8153095200309686
5816,0.3580776435069695
5817,0.7465992001898492
5818,0.7495627992558401
5819,0.7820129982899441
5820,0.6475965164707298
5821,0.6731778060401314
5822,0.673115058061851
5823,0.7522961199993885
5824,0.8396827853875293
5825,0.7180440802311957
5826,0.6604732416779422
5827,0.6799334520116975
5828,0.7933473440778621
5829,0.7186101239653024
5830,0.7751262515092847
5831,0.839620540341863
5832,0.7530207395928005
5833,0.7557775560775946
5834,0.711271558485389
5835,0.7462494707900489
5836,0.7562340662479277
5837,0.33374392235826766
5838,0.7654049297238621
5839,0.7065383833442239
5840,0.7539795322568011
5841,0.7308512708273118
5842,0.7546658214161852
5843,0.6575064942320833
5844,0.8027392121030081
5845,0.7033283794550963
5846,0.7529209216707873
5847,0.7559830529816176
5848,0.7629236434853687
5849,0.69700227777043
5850,0.7989478006081475
5851,0.8057882908382545
5852,0.6738087588923696
5853,0.30266997809323615
5854,0.7792022459500718
5855,0.6783901220023737
5856,0.7176006164463297
5857,0.7215970857676169
5858,0.3043933237863519
5859,0.675621488462744
5860,0.7830933907716943
5861,0.794844249948555
5862,0.6629427482458305
5863,0.7399745551274229
5864,0.7880773233412798
5865,0.7588762407236277
5866,0.7155968516127785
5867,0.6810050118952476
5868,0.691878641644308
5869,0.8327927073718399
5870,0.8083976753678589
5871,0.7028171783640769
5872,0.7792829820925435
5873,0.7757036279554305
5874,0.29765661939757315
5875,0.7953721992290245
5876,0.28004735780530865
5877,0.819544559621883
5878,0.7027408827276237
5879,0.30910577221785207
5880,0.7347665152357274
5881,0.7033696297524642
5882,0.6768401748867753
5883,0.7906212243963177
5884,0.7642993922227016
5885,0.8508431483684314
5886,0.3477831223722638
5887,0.7688147675710729
5888,0.2739702340779703
5889,0.7528155347302512
5890,0.29128575023817965
5891,0.14285906700629464
5892,0.6958236405232819
5893,0.7792976056062978
5894,0.776564338338824
5895,0.7154687641258244
5896,0.7376634188668274
5897,0.7753586855207417
5898,0.7504878608498164
5899,0.7323732222546699
5900,0.8319100712316119
5901,0.7432190320726667
5902,0.32444032158141656
5903,0.810980929086557
5904,0.7057905290541548
5905,0.27751350787359685
5906,0.7227354309982865
5907,0.733362898011821
5908,0.30551432173936754
5909,0.655267825400348
5910,0.7921034951999723
5911,0.6736568545286429
5912,0.7710687184457568
5913,0.7790200120740047
5914,0.7868851323682988
5915,0.7789978344291538
5916,0.7172487332740889
5917,0.7170837473672668
5918,0.6012955967298168
5919,0.7343018765149546
5920,0.7791017397912261
5921,0.7417691731199422
5922,0.3128612968191926
5923,0.7762456540779843
5924,0.7467328518443607
5925,0.7751890561566532
5926,0.8435903531014541
5927,0.7324100683439324
5928,0.8139768725785889
5929,0.7092031837645282
5930,0.8073225082153807
5931,0.7805044309948854
5932,0.8054721952689012
5933,0.31079575208368254
5934,0.7855557257616071
5935,0.7501359648781872
5936,0.7604943095663371
5937,0.745879708805528
5938,0.7291819171883461
5939,0.33755385627833884
5940,0.7365938415833468
5941,0.7090032864720749
5942,0.7728124190472758
5943,0.8014041197733683
5944,0.6344589640296122
5945,0.7810028459592735
5946,0.710396299622146
5947,0.31844570773679237
5948,0.8101576404672248
5949,0.7503093823642526
5950,0.7769878552421757
5951,0.31660628345076475
5952,0.7557791992759092
5953,0.7655383341430606
5954,0.794885556612101
5955,0.721756350799256
5956,0.7945373438060959
5957,0.7035004187934255
5958,0.7507597783775257
5959,0.7502554605263937
5960,0.8207277446556797
5961,0.7672331796435781
5962,0.7936016933516252
5963,0.79341882811394
5964,0.814568377055085
5965,0.855314709248491
5966,0.31523679367560825
5967,0.7597496346282149
5968,0.7566631910113883
5969,0.31596811555956594
5970,0.7816542463555594
5971,0.33303196452379763
5972,0.6853141396029975
5973,0.7125477693189646
5974,0.3271888037039578
5975,0.7513374317613465
5976,0.36008715935945934
5977,0.7604381703855053
5978,0.7081607014439699
5979,0.7127371169624296
5980,0.27451057906641874
5981,0.8008360706566034
5982,0.8495733441176668
5983,0.8142570095462985
5984,0.665603688167657
5985,0.7129184879445674
5986,0.797737993015687
5987,0.1720780559334834
5988,0.7520207744184484
5989,0.683550629699346
5990,0.7320695833006466
5991,0.692820560184746
5992,0.7277549063697645
5993,0.78163465767587
5994,0.8763425358802083
5995,0.761533533302536
5996,0.7292153492355751
5997,0.7706430175192371
5998,0.8068012470077607
5999,0.7571721410333319
6000,0.788339222187659
6001,0.3344896085490258
6002,0.7890371918089784
6003,0.8137787212165482
6004,0.8169512509732462
6005,0.8173182899800068
6006,0.7227799222829536
6007,0.7103857395431856
6008,0.3113261354268546
6009,0.3063813893820118
6010,0.7762652920802706
6011,0.7917977283289642
6012,0.7252248371272584
6013,0.8080410885600587
6014,0.3267037555070582
6015,0.8296875677264665
6016,0.8220201530301808
6017,0.7870609121262603
6018,0.8352096855245377
6019,0.7681542047182394
6020,0.8665913119619146
6021,0.7254277514485231
6022,0.7775792625951728
6023,0.788726402985471
6024,0.32139679123677495
6025,0.34276911070633637
6026,0.5681479241381786
6027,0.7823335726773616
6028,0.7807439851703979
6029,0.8574054875660162
6030,0.7975980652372529
6031,0.7679410724328491
6032,0.20971218422433519
6033,0.7956286847868644
6034,0.726649869433294
6035,0.809539431454801
6036,0.7476908904310435
6037,0.7975012457417026
6038,0.7573463561657898
6039,0.8182943048330752
6040,0.8472244107615263
6041,0.7853578840013014
6042,0.6865669985133502
6043,0.7647421852766894
6044,0.7701672677899588
6045,0.689607545987693
6046,0.7347417997394242
6047,0.6855597213900847
6048,0.7679640788360961
6049,0.8126911629039033
6050,0.8462096642100967
6051,0.744631598108332
6052,0.3199179260569101
6053,0.8260988900813373
6054,0.7470662248134131
6055,0.8193065817547971
6056,0.7657723404796906
6057,0.35783225102837707
6058,0.7229261478287872
6059,0.7779943615064854
6060,0.7780823674211322
6061,0.7629749257920212
6062,0.22382665631518484
6063,0.770943714419888
6064,0.28499081501349427
6065,0.74114582341967
6066,0.7691899011535279
6067,0.24203982652743386
6068,0.8657737481047696
6069,0.7864717192037242
6070,0.33177808350475
6071,0.7744398303420561
6072,0.7869988625837955
6073,0.7932157852162699
6074,0.702524289188217
6075,0.7724319834115357
6076,0.7432840398758914
6077,0.77891524602739
6078,0.6146326698402234
6079,0.7052973015973875
6080,0.7314827974161072
6081,0.27136535951299534
6082,0.810710875805582
6083,0.7957049585468644
6084,0.7042332125138622
6085,0.7512636020795936
6086,0.7810127911041664
6087,0.7701161805644667
6088,0.6240401211111323
6089,0.7103077625708896
6090,0.7453755807721968
6091,0.7516300644482731
6092,0.8065520787895969
6093,0.826525384624442
6094,0.7939348685851415
6095,0.8016215855301023
6096,0.8377405689347757
6097,0.7979491675185125
6098,0.7465652106908774
6099,0.6980936781230301
6100,0.08280195482509169
6101,0.08280195482509092
6102,0.22935360335909166
6103,0.7651934017425429
6104,0.7378241726669663
6105,0.6683807797376072
6106,0.7663836147683439
6107,0.756129603605434
6108,0.8087618544768699
6109,0.7319259680751746
6110,0.832457409774772
6111,0.7311882661343417
6112,0.6940348846005746
6113,0.6571175040023322
6114,0.7755961675303595
6115,0.31524846872650547
6116,0.3445201820134662
6117,0.7848633540224386
6118,0.6710933245612654
6119,0.791558566329607
6120,0.7131629760854109
6121,0.7604834517270113
6122,0.8481835310140378
6123,0.8157850831273439
6124,0.8323439112152713
6125,0.7335244628859869
6126,0.8319317311201933
6127,0.294597496726431
6128,0.8174823417193431
6129,0.7631901646578688
6130,0.7737811013859326
6131,0.7677060003808696
6132,0.3332824393058436
6133,0.7870746803324855
6134,0.8267334401961995
6135,0.8285443702862587
6136,0.7761274900875804
6137,0.7946294294786693
6138,0.7616774620310268
6139,0.7419853194263848
6140,0.7335512965796879
6141,0.2857346580526347
6142,0.32982201302253344
6143,0.8021469916944487
6144,0.7646324757631281
6145,0.8383158700435887
6146,0.8159697945170472
6147,0.786651190748298
6148,0.7127167625081844
6149,0.32690132077679146
6150,0.7501249180806939
6151,0.31641988660568515
6152,0.7536930802908994
6153,0.7762256722888767
6154,0.8147780934329949
6155,0.7805400176990731
6156,0.7189277695676196
6157,0.754809773316376
6158,0.6730553617853867
6159,0.6760835618805165
6160,0.7846532695437812
6161,0.8028513509677739
6162,0.7526583798807855
6163,0.7705778690863981
6164,0.7368386506719796
6165,0.7719928216063875
6166,0.7854149223148015
6167,0.7943982373205488
6168,0.2728604986675633
6169,0.7703522817376478
6170,0.833154369802066
6171,0.7729407971078132
6172,0.8003464626153111
6173,0.7889768490696095
6174,0.7831872868839472
6175,0.7254411623281659
6176,0.7714899598070998
6177,0.7565933561214586
6178,0.2773885483189758
6179,0.7254968948217426
6180,0.8062660824132428
6181,0.7495530484853984
6182,0.7659274671396121
6183,0.7189146541581412
6184,0.7332473074551847
6185,0.7310087246283767
6186,0.2583522205321378
6187,0.7662121140820151
6188,0.7603546738602966
6189,0.6965430573397102
6190,0.71858031538116
6191,0.3013123472590893
6192,0.8186642405037374
6193,0.7355206690203413
6194,0.7309616809190934
6195,0.39273260042060776
6196,0.8009688804683643
6197,0.864653103658397
6198,0.8486683017795866
6199,0.6953589288091574
6200,0.21681050918769496
6201,0.7631243912663336
6202,0.7194203378923242
6203,0.7363310719589724
6204,0.7202830854820196
6205,0.7450258999193585
6206,0.7559317965621767
6207,0.3395417859012472
6208,0.8509780917721935
6209,0.6904868248663518
6210,0.3149833145541475
6211,0.33457718730305425
6212,0.7702392699547399
6213,0.793838650699101
6214,0.8071668764374732
6215,0.8480384692442797
6216,0.2643360736779769
6217,0.26504441452088245
6218,0.6721143248357416
6219,0.813666336792406
6220,0.7996528647601985
6221,0.6644276576593416
6222,0.8616320460813912
6223,0.31242920082149206
6224,0.7550372514713262
6225,0.7214587601826095
6226,0.8035922151228709
6227,0.8097533609935839
6228,0.7282338650037369
6229,0.8015881657207788
6230,0.8169005891062785
6231,0.38237863884226886
6232,0.8103357781667896
6233,0.7354954239299294
6234,0.7482201431196656
6235,0.8392139637406538
6236,0.25587713743368856
6237,0.8024151377238947
6238,0.698497016364847
6239,0.8036067945820458
6240,0.8019049501549951
6241,0.8068821878860684
6242,0.7376677689140388
6243,0.750009225027935
6244,0.3303549398018271
6245,0.631366112951161
6246,0.7716428682622677
6247,0.7363800389344647
6248,0.6809040478813092
6249,0.3317446789073638
6250,0.8100313670629521
6251,0.7436674576352008
6252,0.7671057553516688
6253,0.6795210326139423
6254,0.7478325617039137
6255,0.790100346265922
6256,0.6715704119181473
6257,0.7494916438157966
6258,0.7459749564578024
6259,0.8337455134440753
6260,0.8241741655951567
6261,0.7831972998492189
6262,0.7453377330998651
6263,0.3052789666901429
6264,0.8237204482996825
6265,0.7544840483081775
6266,0.33423985838209264
6267,0.7309774353449762
6268,0.8167462820427887
6269,0.7088166364706249
6270,0.7633270229775702
6271,0.7639601185118431
6272,0.743960804198802
6273,0.8023075258975733
6274,0.7153241231794817
6275,0.7374372316792633
6276,0.3415521563035106
6277,0.7745014594831712
6278,0.7344710266649648
6279,0.7249595764036697
6280,0.7446494974500864
6281,0.28405059789926107
6282,0.7956811311360852
6283,0.37179971092319586
6284,0.7525358580514258
6285,0.8438742257847385
6286,0.7253158552695653
6287,0.8028831793614257
6288,0.8052299727026688
6289,0.6877377077819284
6290,0.7845501215335601
6291,0.7640952237066574
6292,0.812149215049654
6293,0.7125520364570792
6294,0.7321433819170304
6295,0.8004642356061803
6296,0.6943648366671628
6297,0.817828603434661
6298,0.6465701670225042
6299,0.8358907351264593
6300,0.7383858688214356
6301,0.7779181515004109
6302,0.8092620009032235
6303,0.8460930741806274
6304,0.7848656792922222
6305,0.7985088229333008
6306,0.8051945646788811
6307,0.6749907101739197
6308,0.7154767752881672
6309,0.7936290513411117
6310,0.36115368726046226
6311,0.7286875588199117
6312,0.7752840337852901
6313,0.29524158083706353
6314,0.711461692703252
6315,0.7597837758304148
6316,0.7585566330690803
6317,0.28516796940683975
6318,0.7778058821751732
6319,0.34695669556332065
6320,0.6609916139772082
6321,0.7908792486537088
6322,0.2774158641550691
6323,0.8179985899926954
6324,0.8266211550841914
6325,0.7095229679196907
6326,0.7210012220931156
6327,0.7883962603483514
6328,0.7889527320255995
6329,0.8199267950689823
6330,0.7908169813620831
6331,0.32368750162731946
6332,0.28451819588992305
6333,0.7188365014159923
6334,0.7850807157204797
6335,0.8359489933055134
6336,0.7614381391784829
6337,0.765936634185296
6338,0.7025426221546106
6339,0.28978345404647876
6340,0.8536031018756922
6341,0.6720647506799304
6342,0.3045335447656878
6343,0.7864956613567751
6344,0.6861571788494857
6345,0.6706360970839171
6346,0.763243707011339
6347,0.7505650276296245
6348,0.2763605319551822
6349,0.20344422251881475
6350,0.7106325476905087
6351,0.8321497054258915
6352,0.7899493317711593
6353,0.1493023057248851
6354,0.8001163395963937
6355,0.6114607413750062
6356,0.708239636764697
6357,0.31394842228133685
6358,0.8102586290989142
6359,0.29448968311207213
6360,0.3327984292084327
6361,0.8217735421564585
6362,0.8160029142052505
6363,0.3069453077165758
6364,0.7575496554402965
6365,0.7827891757712403
6366,0.6499360394044762
6367,0.7371520382256536
6368,0.7990771363279091
6369,0.6510640188597208
6370,0.5005980650351118
6371,0.6970353153366832
6372,0.10289824421201654
6373,0.7895590707545587
6374,0.3625281254386843
6375,0.7798099716244129
6376,0.3165009567961974
6377,0.78408769340794
6378,0.7188410155157785
6379,0.8506941742272197
6380,0.7729931398208328
6381,0.8211109894645778
6382,0.34320160580243986
6383,0.7017780201304298
6384,0.7789770351297759
6385,0.6911471323453787
6386,0.8458589525108385
6387,0.7646058355367803
6388,0.7289809811633546
6389,0.3697323994826031
6390,0.37099729990657104
6391,0.32920349883587696
6392,0.7458837893475868
6393,0.7775338865595364
6394,0.7646613742480497
6395,0.8396183721964576
6396,0.3099662677413339
6397,0.7993114001711183
6398,0.8091196392771406
6399,0.7495495253797889
6400,0.3307717957996525
6401,0.730215201380299
6402,0.2822658090322951
6403,0.17753412195350018
6404,0.7417072028039544
6405,0.2708864799764001
6406,0.7728444492314799
6407,0.8144071609885941
6408,0.78804032802077
6409,0.8389840677204297
6410,0.29080825590309445
6411,0.821570236711515
6412,0.6731639096083287
6413,0.7702963187493309
6414,0.7735697125371666
6415,0.8434809416492581
6416,0.82100864604408
6417,0.802741774024764
6418,0.1796396958452197
6419,0.8264742046850869
6420,0.8184967500075954
6421,0.7755468496099657
6422,0.38688963289776057
6423,0.8133764151532126
6424,0.752984644449166
6425,0.7998786644206612
6426,0.7971853035028198
6427,0.816976872337514
6428,0.26669167645708475
6429,0.6425475485589267
6430,0.3297340262251727
6431,0.26639404373295467
6432,0.8211141456279615
6433,0.815240518982429
6434,0.7656303323605016
6435,0.3115976347050524
6436,0.8218030487611203
6437,0.8031106734447376
6438,0.8210377405013924
6439,0.8042852620751779
6440,0.7637338986196259
6441,0.7883602812952041
6442,0.24294990515457818
6443,0.7363278392048589
6444,0.7549298213265414
6445,0.7721577206813146
6446,0.7570274867076767
6447,0.30148934884517564
6448,0.8023443837674453
6449,0.7824788114564031
6450,0.8274446875363689
6451,0.28813153479609765
6452,0.7493501342935787
6453,0.7820800082289585
6454,0.773254714452565
6455,0.7580474370674108
6456,0.3035754238792792
6457,0.13826605155667301
6458,0.7562301802281842
6459,0.32031008009737083
6460,0.7394050030551341
6461,0.7110026027842336
6462,0.7712768824997212
6463,0.7555649826798604
6464,0.3142637451228727
6465,0.7582448142162215
6466,0.7781079766073722
6467,0.5979080170305913
6468,0.7921618523781341
6469,0.7721889528469653
6470,0.2957147688609443
6471,0.34905022267178115
6472,0.7900742381190842
6473,0.7488851526297843
6474,0.7785666458677808
6475,0.8218549345988962
6476,0.767193200769604
6477,0.7884433938814575
6478,0.7429388077823755
6479,0.7720489840798763
6480,0.22823088575939884
6481,0.8118065597684752
6482,0.6668967396378437
6483,0.3076389778130486
6484,0.7236575687450804
6485,0.8163413873931998
6486,0.7185333145183761
6487,0.32493712751880816
6488,0.8071075425053953
6489,0.8104802563887715
6490,0.7967443234815152
6491,0.7404707474093706
6492,0.8124670988051098
6493,0.8142137610666579
6494,0.7337611112342968
6495,0.7499581346157576
6496,0.7097551694267507
6497,0.7488619592185771
6498,0.6968464726402493
6499,0.24978062008093085
6500,0.7858674406242799
6501,0.3321057069004711
6502,0.7357938911805618
6503,0.7846621337859483
6504,0.7828584425311664
6505,0.6938048711394239
6506,0.7152711759536746
6507,0.8269216641408769
6508,0.7731940264370009
6509,0.783084842117355
6510,0.7507683126646504
6511,0.8126584800134414
6512,0.7723306425992845
6513,0.7773044062891291
6514,0.3153071078655246
6515,0.758121381206871
6516,0.8039663943631598
6517,0.7534530328074633
6518,0.3182523646575138
6519,0.7865791327656516
6520,0.30724323943223086
6521,0.691234608992045
6522,0.2922861971267629
6523,0.7879280559395501
6524,0.8002433603114989
6525,0.808581942087289
6526,0.7507332907635975
6527,0.7521714608219994
6528,0.2543490667144322
6529,0.7219938905061596
6530,0.33582255457141363
6531,0.7739343605860388
6532,0.7342042352840792
6533,0.7305957992511489
6534,0.7143231068141996
6535,0.7319712748704842
6536,0.7202530492601337
6537,0.7044899871755729
6538,0.6956240089133675
6539,0.7884836940071723
6540,0.6884822761465125
6541,0.7661936470929052
6542,0.7754169744109283
6543,0.761412430285677
6544,0.28632296271348484
6545,0.7939865366085465
6546,0.7608095727505738
6547,0.6901898042820457
6548,0.7446693322535272
6549,0.764319976034607
6550,0.680862951125414
6551,0.7712509392780295
6552,0.7384961554040687
6553,0.6862784823262192
6554,0.7212414132575106
6555,0.7560877423175807
6556,0.3224105727436175
6557,0.7406410019341688
6558,0.7538840867650382
6559,0.8076031580599048
6560,0.3308658752465878
6561,0.8201019478208779
6562,0.7618760831894758
6563,0.7637806680247456
6564,0.7721284988241767
6565,0.7100959886533927
6566,0.2958822662408596
6567,0.3165268048622598
6568,0.778298343413581
6569,0.7161185222862199
6570,0.7508596331325263
6571,0.6948914965915233
6572,0.6088051556911198
6573,0.8319621485342109
6574,0.7327705410629336
6575,0.8232843934261971
6576,0.8097450420593467
6577,0.8193533121527007
6578,0.7765396673078455
6579,0.8022218607685583
6580,0.2838006852946725
6581,0.8251697654107939
6582,0.29492980819844844
6583,0.3156144263054931
6584,0.7923877447439615
6585,0.8058354641480484
6586,0.8482027677362101
6587,0.7788188685495272
6588,0.735730573208936
6589,0.7729292811878485
6590,0.3157043978133858
6591,0.726659846985187
6592,0.32177138844280767
6593,0.7564020777742398
6594,0.6192982228074457
6595,0.8126855568645613
6596,0.7677945814055235
6597,0.7198613908835328
6598,0.7965551153455188
6599,0.3467137635418239
6600,0.7842530613104789
6601,0.7080508228219039
6602,0.26769607667100076
6603,0.7511715916620582
6604,0.8286117836503932
6605,0.8365020669077622
6606,0.7065533343040288
6607,0.860607919258483
6608,0.3337023560437595
6609,0.7373223225279809
6610,0.1414309375302828
6611,0.30987609180269565
6612,0.692210796926313
6613,0.7808966477838629
6614,0.1437186976331471
6615,0.8126982498560543
6616,0.8363687136537946
6617,0.2754105094084372
6618,0.868875370540497
6619,0.29563976203358405
6620,0.33616703906229944
6621,0.8118423933976271
6622,0.29624830618115794
6623,0.6508002276833338
6624,0.29488360611780956
6625,0.6968107308382339
6626,0.7991465845071204
6627,0.767168260164064
6628,0.2795815551583235
6629,0.7646228349845672
6630,0.7453671264077433
6631,0.7765244494474534
6632,0.7826453097346192
6633,0.7399815624996109
6634,0.3189949650607346
6635,0.7125807044529657
6636,0.7762057557119019
6637,0.7700770685973106
6638,0.718235518822717
6639,0.8163915674827489
6640,0.7809081022587664
6641,0.737997021816284
6642,0.7154013627383411
6643,0.6932693404388314
6644,0.7663958507532361
6645,0.32029446146957347
6646,0.8035246287418122
6647,0.6733126245885008
6648,0.8589432778487611
6649,0.7420464931221905
6650,0.24305322420596717
6651,0.7190501978482633
6652,0.8036906728003678
6653,0.7761735336395741
6654,0.8039196700394156
6655,0.7623538595727917
6656,0.73520910961154
6657,0.2540071349287488
6658,0.2717247783098793
6659,0.7938386641894282
6660,0.77032980545097
6661,0.8045916945503481
6662,0.7686536892593886
6663,0.7713601748363987
6664,0.8271667093599646
6665,0.6403475969886925
6666,0.7590824337593098
6667,0.8020137649344887
6668,0.7545506589659154
6669,0.7742012317721974
6670,0.7206424112227192
6671,0.7281138218501421
6672,0.4052728165611769
6673,0.7590323319982857
6674,0.7310052469456135
6675,0.6910928511029689
6676,0.7432090087239162
6677,0.7020232710153251
6678,0.8414420273525339
6679,0.7461968695010596
6680,0.6605599758784091
6681,0.7755400498904514
6682,0.7952621082534536
6683,0.7945554663729898
6684,0.7462192187916047
6685,0.7579542836329128
6686,0.4105046708869216
6687,0.33869336002434636
6688,0.6352243905672414
6689,0.7674549041419516
6690,0.7070108214392659
6691,0.771879469285184
6692,0.8005037321872802
6693,0.7040333433237791
6694,0.1379718387477963
6695,0.3282788454781582
6696,0.33361122068469623
6697,0.7371434641996926
6698,0.8025895260108231
6699,0.30641975890336076
6700,0.6620795033948718
6701,0.8601634099370309
6702,0.2340516504242186
6703,0.7935876032773069
6704,0.8037445758427677
6705,0.7729304787201167
6706,0.75219089309736
6707,0.3184230478905811
6708,0.8173497018121026
6709,0.3255724779263553
6710,0.7299208347920744
6711,0.20876319405779153
6712,0.3297747601682032
6713,0.5952296993759033
6714,0.8069923502781988
6715,0.6961965365056357
6716,0.3268127385703571
6717,0.30706491856288254
6718,0.838595114667434
6719,0.16820600321728563
6720,0.2894408520404572
6721,0.7753059916160393
6722,0.657009077182024
6723,0.3629858714054211
6724,0.7607224343032191
6725,0.7925620114020012
6726,0.7898926088000078
6727,0.14426162330945894
6728,0.7408460454296714
6729,0.7330651311866846
6730,0.7279705927665352
6731,0.794241211996535
6732,0.3322984863184258
6733,0.8366033166668119
6734,0.314037029819976
6735,0.7907223362134299
6736,0.7888537881927242
6737,0.7621287973290124
6738,0.7205649925244958
6739,0.729519244317136
6740,0.6973693270130371
6741,0.7836612290625745
6742,0.7337142552599952
6743,0.6984553406213312
6744,0.7567870241926211
6745,0.707100497174803
6746,0.8617579096843747
6747,0.7208798559276451
6748,0.6844710819238811
6749,0.744526289129165
6750,0.6726493270238318
6751,0.3150210897315298
6752,0.1386713531300817
6753,0.33974086965511163
6754,0.8051141275382145
6755,0.7012165996784123
6756,0.32867826868489014
6757,0.7930895636168971
6758,0.7591286230476332
6759,0.8078801967955985
6760,0.7872334307371698
6761,0.32727535475948316
6762,0.7895085601736831
6763,0.17172979068495314
6764,0.35200290991923566
6765,0.8173864788785047
6766,0.8192567352103756
6767,0.3404002877540208
6768,0.3245632311383141
6769,0.8228540159701547
6770,0.6786588003449708
6771,0.2822948405272694
6772,0.7170375611620454
6773,0.7817520917195983
6774,0.307997205313808
6775,0.7971608841503619
6776,0.6454641869406164
6777,0.8893067948048964
6778,0.6969685866770502
6779,0.8552994378823278
6780,0.7826594775366457
6781,0.7884504778399707
6782,0.7867554015233517
6783,0.7405499372054273
6784,0.7933395872811048
6785,0.3076706077248526
6786,0.27100293885266863
6787,0.73528830192147
6788,0.7460937585081069
6789,0.7823865751496961
6790,0.7129742943038396
6791,0.7925502309916526
6792,0.3498434493456076
6793,0.8585557264605369
6794,0.7827060701509165
6795,0.732362376525592
6796,0.3149753221557132
6797,0.8007118976795916
6798,0.717467558837538
6799,0.8276086428683684
6800,0.8359176544636135
6801,0.28744465029654365
6802,0.7574737015037968
6803,0.7702994701005808
6804,0.7240408582583768
6805,0.3594492012777091
6806,0.7034621678623912
6807,0.7566820483943406
6808,0.7939493211293893
6809,0.798873043562912
6810,0.810990529520153
6811,0.3386475201225998
6812,0.326537735711398
6813,0.8343073152647617
6814,0.7490228246610788
6815,0.7427862066258818
6816,0.6924589229689997
6817,0.7760270077441801
6818,0.7112750480292959
6819,0.7940614400741807
6820,0.6771437690815212
6821,0.14388922602271137
6822,0.29067514282039536
6823,0.7032922227027129
6824,0.6534318533741699
6825,0.3406780310851
6826,0.7671848971496276
6827,0.7863208437008421
6828,0.7075145466396404
6829,0.8002208202517567
6830,0.3315096536740783
6831,0.8283099904876315
6832,0.7483123257822162
6833,0.6784482261816039
6834,0.24546006954136101
6835,0.35303740638521
6836,0.6793061397874348
6837,0.765055387522185
6838,0.6955087412960614
6839,0.7334010533581102
6840,0.7904050661661535
6841,0.7857422270628311
6842,0.7644587091549666
6843,0.8142210894585815
6844,0.6346954721814015
6845,0.6336147156978785
6846,0.7881386408393951
6847,0.6817825240287031
6848,0.8927192490976865
6849,0.23981118209685223
6850,0.8200064557826432
6851,0.3501506130936587
6852,0.7314661286639296
6853,0.34794269909651687
6854,0.2941367170876781
6855,0.8051523838005423
6856,0.7791901232917403
6857,0.6654623066470319
6858,0.7789027905109613
6859,0.23235960633437927
6860,0.8227069966311559
6861,0.7606475300557721
6862,0.8284682964160119
6863,0.30991113237352075
6864,0.31019947340974835
6865,0.3593762652693005
6866,0.1961158007643712
6867,0.7778020863066283
6868,0.8172952613980728
6869,0.7360949000887604
6870,0.777761196310152
6871,0.802260151929379
6872,0.6528334096182421
6873,0.31320612202084486
6874,0.3153546430139647
6875,0.7703351409650732
6876,0.7690913073196426
6877,0.3130404715343713
6878,0.34255132669773763
6879,0.3441295634793397
6880,0.7828678709978717
6881,0.7948931437681455
6882,0.31381369036137013
6883,0.717400798457668
6884,0.2950626332431283
6885,0.3129317313007954
6886,0.6983954517673252
6887,0.7907177886177349
6888,0.8052426447531328
6889,0.258528088948004
6890,0.3136837682292161
6891,0.7840151531017366
6892,0.808915614000415
6893,0.8083324054277826
6894,0.3198271480185854
6895,0.8291766459099638
6896,0.7561955944372161
6897,0.24594423725973824
6898,0.7796639278190081
6899,0.26942131568694694
6900,0.7774732222791298
6901,0.7512081768709811
6902,0.30485932899809043
6903,0.2692613939441661
6904,0.8257391308928846
6905,0.8456382511322796
6906,0.7681908252896988
6907,0.7564572071083786
6908,0.6669015585484409
6909,0.639270692254785
6910,0.11249894029241977
6911,0.6537242482673752
6912,0.7099377484836693
6913,0.7588472873372386
6914,0.7266410122447743
6915,0.28533421780918267
6916,0.7342900655075705
6917,0.7836131179794854
6918,0.8334793813313247
6919,0.2881062884211588
6920,0.768339997056577
6921,0.3403405259268393
6922,0.7592042176165564
6923,0.6282622933803544
6924,0.6705530028706546
6925,0.26052546568058077
6926,0.6803418159949146
6927,0.7855266086887478
6928,0.8431329125164607
6929,0.7026976495520865
6930,0.7336155725320198
6931,0.7905745571407679
6932,0.35972796339518737
6933,0.7608004171987601
6934,0.2904794338722705
6935,0.28652055044807057
6936,0.34035235671014497
6937,0.7765778192390351
6938,0.288324812069055
6939,0.14533905922597368
6940,0.8165683106904295
6941,0.758678314742926
6942,0.789570572535861
6943,0.7933703937941452
6944,0.7103472993375616
6945,0.762494772229816
6946,0.2986471916998678
6947,0.7895763898481554
6948,0.34556482252922543
6949,0.8455266806215003
6950,0.3018746600944286
6951,0.6736252621813549
6952,0.7210843208287573
6953,0.6914947596637807
6954,0.8242647112584279
6955,0.8044035694469738
6956,0.8401825418537524
6957,0.8061506342657695
6958,0.7818057141910708
6959,0.8193247943961348
6960,0.811862741388667
6961,0.09597881093955175
6962,0.7471975870720924
6963,0.8221129439508177
6964,0.7285750864034979
6965,0.8392409993000504
6966,0.7435612199748843
6967,0.2504169369683625
6968,0.7545642067158347
6969,0.8265124281871771
6970,0.34066170707829974
6971,0.722977068377935
6972,0.7365606659867608
6973,0.7573208229804025
6974,0.8011190757011848
6975,0.8072207790134523
6976,0.816519538768053
6977,0.34857578288034685
6978,0.77183556109287
6979,0.7973029507843243
6980,0.7798729002891401
6981,0.726915763746002
6982,0.7953912019084739
6983,0.7820445675750239
6984,0.723557555578973
6985,0.8467409469503827
6986,0.24762766602999453
6987,0.8271541385587236
6988,0.7534430260845979
6989,0.7037159264087796
6990,0.8069696856720681
6991,0.30141308388670235
6992,0.8166611536650157
6993,0.8239344099884123
6994,0.1693803050131633
6995,0.2629773665666256
6996,0.6334329966914775
6997,0.7828603414286925
6998,0.30872063635315145
6999,0.3184984378480346
7000,0.8004232172941054
7001,0.7933364134345593
7002,0.7717426825363964
7003,0.7196399065412153
7004,0.8255960615675244
7005,0.7410148746644291
7006,0.3330915096821704
7007,0.814192808599846
7008,0.8295555607563312
7009,0.25834250579318807
7010,0.7442113858421097
7011,0.8301283644398386
7012,0.8580983434094811
7013,0.7019487491712674
7014,0.31639178072131313
7015,0.3472218548449776
7016,0.28755571262043506
7017,0.7971648751681821
7018,0.8005711141724277
7019,0.8112093830536772
7020,0.7612685634478489
7021,0.7399566257336685
7022,0.7232414814697373
7023,0.7252008793347916
7024,0.8342182300984481
7025,0.32185232065870645
7026,0.7712503076988285
7027,0.8107205242562703
7028,0.7293405903007204
7029,0.8156085596404308
7030,0.31861877873854844
7031,0.8124733967535056
7032,0.3231774928427518
7033,0.8267405344648344
7034,0.8026725667928326
7035,0.8055203116048832
7036,0.2701387968848822
7037,0.7681245670083358
7038,0.3417578740386392
7039,0.7326021242350139
7040,0.7816053532245707
7041,0.8770228167136038
7042,0.3088436109594946
7043,0.7323041750188977
7044,0.3012994282175671
7045,0.34018355378659343
7046,0.74483186153025
7047,0.7998353596568469
7048,0.3395290328518143
7049,0.8071895119381913
7050,0.2793082567294753
7051,0.8226481800821597
7052,0.8494112269653922
7053,0.26264801431571516
7054,0.8195778166969186
7055,0.7963465457826211
7056,0.8214043679497509
7057,0.6834130275806312
7058,0.7941497207891477
7059,0.25755967552761994
7060,0.7694663704396703
7061,0.3102561236878686
7062,0.25413510419679836
7063,0.8367987603605029
7064,0.7894948039408047
7065,0.7912497543897574
7066,0.2894555668649008
7067,0.8451138673636233
7068,0.29267590984515257
7069,0.7862034450410145
7070,0.8483629589049493
7071,0.6753961152375317
7072,0.7545663054878358
7073,0.7910665856260544
7074,0.31556353888929417
7075,0.7467313363859671
7076,0.3226081649380437
7077,0.7396120920284324
7078,0.5969215055605833
7079,0.237055088103797
7080,0.27831374579567664
7081,0.70342029139004
7082,0.6488012543698145
7083,0.8157578925869399
7084,0.3274403221633945
7085,0.7247465011370835
7086,0.7930665525359798
7087,0.24812240599388607
7088,0.7685926370930184
7089,0.7851822915466302
7090,0.3704160518723593
7091,0.7890910066395762
7092,0.8450282934545394
7093,0.7871935128653608
7094,0.8095241036353391
7095,0.8042005065329729
7096,0.8498356303181627
7097,0.228458151748576
7098,0.7283899843205212
7099,0.34519331628458616
7100,0.745935360872757
7101,0.24292453716696655
7102,0.810438081667013
7103,0.7146969689541356
7104,0.3254363147949745
7105,0.7891123957910823
7106,0.7841691902139315
7107,0.7703564918917888
7108,0.8424446346285955
7109,0.8371197423561986
7110,0.3617662725077288
7111,0.7670634425956762
7112,0.3296122270094915
7113,0.7063699620710505
7114,0.7931584505037824
7115,0.8016959869111806
7116,0.32741346611126254
7117,0.7323036306727129
7118,0.8520757940429398
7119,0.8301358261383006
7120,0.3088724328043265
7121,0.8130028126653298
7122,0.35277185476882766
7123,0.7804632147051268
7124,0.8234923421411545
7125,0.690011134826187
7126,0.2568786817892685
7127,0.786434642069164
7128,0.29892168957229454
7129,0.29144172933587625
7130,0.6907569353534603
7131,0.800971268899904
7132,0.7791259991420875
7133,0.3077592861344056
7134,0.8068008428797216
7135,0.2289853614733548
7136,0.8194402645190547
7137,0.82699238124852
7138,0.7022377751745071
7139,0.801602586455396
7140,0.29578970466686644
7141,0.7586743700916514
7142,0.7957514223514016
7143,0.7872322853409307
7144,0.7856450690074859
7145,0.2869573710178735
7146,0.3021010071297865
7147,0.8384480538775609
7148,0.6439352657904822
7149,0.8095451921911545
7150,0.8024952575650828
7151,0.2953574005226402
7152,0.2875933857272011
7153,0.30919695328757996
7154,0.7930596005163087
7155,0.7410839883737956
7156,0.7873991108793552
7157,0.7735438177556422
7158,0.8100466099995955
7159,0.31956518499719266
7160,0.8380188978800327
7161,0.7894150390190874
7162,0.2989290030563204
7163,0.7859043646510252
7164,0.7139796682739319
7165,0.7602511012778168
7166,0.8237802482012193
7167,0.7971044666959258
7168,0.3332820968875075
7169,0.7821015526402052
7170,0.13670502422381214
7171,0.8590203731958925
7172,0.3339656147740784
7173,0.7693297233259511
7174,0.7821309371306632
7175,0.8063731048693201
7176,0.8640876564696709
7177,0.7571798973373162
7178,0.31164048933969346
7179,0.3071739639551608
7180,0.7065226289290615
7181,0.35448835114314375
7182,0.8345764468651387
7183,0.28091973831584305
7184,0.35543027345944833
7185,0.8029595201211233
7186,0.33404341892916967
7187,0.3497374440587603
7188,0.27796435950937265
7189,0.3166850742067546
7190,0.791494885397151
7191,0.7394806729208385
7192,0.7750255814607646
7193,0.252379098505746
7194,0.24447338567760063
7195,0.762797098157131
7196,0.7756407653941779
7197,0.7187026030793413
7198,0.8403361906472231
7199,0.32681675726177156
7200,0.7043618974166898
7201,0.7942039203119733
7202,0.3389206059947326
7203,0.7650367480721321
7204,0.2805344197588466
7205,0.8338622225890308
7206,0.7312771335308066
7207,0.7458705298820887
7208,0.33249869481222827
7209,0.3305789686070737
7210,0.8277587424381698
7211,0.7920881520490681
7212,0.3480928156294329
7213,0.7535262813389543
7214,0.3557183525376902
7215,0.728197287942305
7216,0.3482275558382732
7217,0.28480975565619976
7218,0.3193903383688778
7219,0.7069033438466731
7220,0.28714403731707855
7221,0.7503103761722213
7222,0.28154979841671773
7223,0.7876861352758256
7224,0.7714651003529224
7225,0.3599805049557887
7226,0.7705157518557239
7227,0.7707666796985787
7228,0.8400452614153037
7229,0.2938248834984474
7230,0.29586577751359616
7231,0.8126982879965289
7232,0.7869394386784045
7233,0.831377078405085
7234,0.3090481841223413
7235,0.8845605040767861
7236,0.8029825122110297
7237,0.34564522313590523
7238,0.33341817844158905
7239,0.35249059169486396
7240,0.8375212449631612
7241,0.6994540281312629
7242,0.8133124592361397
7243,0.3531568569499815
7244,0.3535976309788682
7245,0.7893527722853696
7246,0.30967835185030246
7247,0.8154569960283203
7248,0.3567260092880157
7249,0.8369317396159328
7250,0.7655232913725197
7251,0.30254994802305135
7252,0.7149428238480992
7253,0.27306374122725585
7254,0.322920276521655
7255,0.8478006645127453
7256,0.6685057529828466
7257,0.7505815665573315
7258,0.843408322845772
7259,0.7319414011472506
7260,0.8391547914503213
7261,0.7580192098442409
7262,0.8050105426134936
7263,0.23222960881694982
7264,0.15040772011533685
7265,0.8177298264887541
7266,0.7891505489374835
7267,0.7717084307093866
7268,0.720501407292903
7269,0.7749486258831857
7270,0.3456471522249845
7271,0.31518946668355685
7272,0.7890700482474461
7273,0.6797002763244985
7274,0.8356508549852124
7275,0.8178645505441362
7276,0.7928900088635776
7277,0.31518122549711386
7278,0.8258542294105594
7279,0.2823838234313089
7280,0.8290537547577204
7281,0.6390863749381082
7282,0.39129801333160397
7283,0.27514605440884427
7284,0.7481226159343565
7285,0.7341920930378664
7286,0.3357665184332728
7287,0.3239563028092873
7288,0.2999485637364394
7289,0.7499206101126502
7290,0.8113931752072963
7291,0.8247975380668172
7292,0.3319170941885374
7293,0.812636326142924
7294,0.2776401087069833
7295,0.7337044658191204
7296,0.3115998989619231
7297,0.7914869361651583
7298,0.26206557710173867
7299,0.8108152155748923
7300,0.7756561142470305
7301,0.8195763684934744
7302,0.8026609055873707
7303,0.8226562726618748
7304,0.8298610727626213
7305,0.3425390550104849
7306,0.3552316182637193
7307,0.3381301945540058
7308,0.1996842616799043
7309,0.32545357817100107
7310,0.34443489754704343
7311,0.306691873406351
7312,0.7896237091243042
7313,0.7409379194798048
7314,0.7268452439355055
7315,0.29850009418539836
7316,0.7689648711270738
7317,0.7094344679717495
7318,0.6909542159180112
7319,0.7565135135693748
7320,0.8572081576827211
7321,0.8149452691625348
7322,0.8386768099265685
7323,0.8067787255432797
7324,0.8254036156286759
7325,0.6747397198391147
7326,0.3182298501831735
7327,0.7191215656647421
7328,0.7600357875722819
7329,0.34912930570462003
7330,0.8143443181677682
7331,0.31666537841834197
7332,0.7965093177028058
7333,0.14681464175197545
7334,0.7622772198837453
7335,0.8007607558931259
7336,0.2805146947867514
7337,0.3397633326849354
7338,0.851754316541335
7339,0.30628691598203867
7340,0.7596572301436665
7341,0.33680319340630854
7342,0.7246588858978292
7343,0.3209542291100183
7344,0.26131960802111615
7345,0.31586233115279655
7346,0.6864927418408011
7347,0.8023305922838593
7348,0.8504844629141277
7349,0.7745044835519731
7350,0.819138444948254
7351,0.22511840513672693
7352,0.3249215493628692
7353,0.3077790484486212
7354,0.8167448747292262
7355,0.7418330618705958
7356,0.7936742161663838
7357,0.734316208400589
7358,0.8122917159779581
7359,0.2606644258676227
7360,0.30447996231104824
7361,0.729887706753925
7362,0.8327660030501787
7363,0.7994913219655226
7364,0.3665441977369617
7365,0.2816477861353636
7366,0.2917284507305239
7367,0.6636758368791182
7368,0.7595525896634786
7369,0.7361460920015837
7370,0.2990688774081129
7371,0.8050904545531452
7372,0.8164609724045061
7373,0.26216289879277166
7374,0.8366322953014398
7375,0.32498739059426673
7376,0.320378903475973
7377,0.8008149687055114
7378,0.793710421465034
7379,0.8171684082153012
7380,0.8035961337374824
7381,0.8176859378022592
7382,0.2923794336071701
7383,0.7441142548119577
7384,0.7794699682221821
7385,0.7525893490282024
7386,0.31181714458150755
7387,0.7849290523950329
7388,0.3496539120814864
7389,0.3246856399108066
7390,0.3072259098197243
7391,0.8424036643645829
7392,0.8328937032306432
7393,0.3379225327235748
7394,0.7956004272172246
7395,0.2699405073918491
7396,0.8456066515946211
7397,0.33603595211269466
7398,0.29706823573372854
7399,0.6620212700050404
7400,0.7949557749144693
7401,0.7835065162194262
7402,0.7906951408781412
7403,0.7961538246762174
7404,0.6515381568148538
7405,0.3141957152257245
7406,0.8049637207188204
7407,0.36470787618651107
7408,0.84369330230724
7409,0.7985618425572211
7410,0.7577967159133304
7411,0.3401067430255996
7412,0.8396731891538101
7413,0.8165911932306541
7414,0.7737872120217237
7415,0.7250803897098811
7416,0.2745543807335977
7417,0.33263021642614254
7418,0.80446729217972
7419,0.8100187440411486
7420,0.31839813421957874
7421,0.7637388911396683
7422,0.2402214137442852
7423,0.7590898143366407
7424,0.840323275892685
7425,0.8222860516525273
7426,0.33186585632545784
7427,0.29863652002192836
7428,0.8578992226408129
7429,0.29555490760985076
7430,0.26548637113832024
7431,0.71401776598778
7432,0.825473309490903
7433,0.3088890129700326
7434,0.8075311949110519
7435,0.32599444634893054
7436,0.6879297002086422
7437,0.7677974141346562
7438,0.251653403087895
7439,0.2759868113646456
7440,0.3029417580368677
7441,0.3579881171176294
7442,0.7987792228398516
7443,0.748935172040361
7444,0.7217836226526322
7445,0.28432951984261684
7446,0.2904551560693066
7447,0.8130090061121014
7448,0.3068185682692104
7449,0.7277747679576844
7450,0.3349572363386747
7451,0.7914272265326282
7452,0.7821237864584181
7453,0.7429332575881803
7454,0.7446582804564748
7455,0.31163136594278895
7456,0.7114094646538512
7457,0.8499690114845435
7458,0.2956045949431739
7459,0.8404816408617075
7460,0.32915485091018687
7461,0.7932935807969382
7462,0.7649400863994174
7463,0.8465685450799721
7464,0.3194135719276558
7465,0.5900316666439619
7466,0.3319755732499638
7467,0.7845809636445208
7468,0.268035894906479
7469,0.709114189222218
7470,0.30967135970268733
7471,0.771046467337801
7472,0.8357811791212478
7473,0.3245330364174261
7474,0.8515342035091881
7475,0.23492085687236156
7476,0.6913092000858383
7477,0.8312012775346188
7478,0.8177086531014188
7479,0.31109497904001004
7480,0.23639326098180619
7481,0.30912379980505145
7482,0.14959771668501573
7483,0.3217048163259881
7484,0.8530478273031794
7485,0.8092850400638937
7486,0.7181715220326188
7487,0.32111725243179373
7488,0.2666832067315307
7489,0.3286733827609125
7490,0.7326602595841444
7491,0.6521899891600074
7492,0.3150385178731889
7493,0.19446863254459743
7494,0.3111574059289122
7495,0.31960133594686824
7496,0.8129454016029812
7497,0.7952661785640665
7498,0.28757473253505716
7499,0.7920507899945687
7500,0.7881207031622406
7501,0.8221035950807603
7502,0.3041753268601733
7503,0.8148012231831872
7504,0.25468097305598797
7505,0.33986098863872016
7506,0.6344186414692295
7507,0.8268659671956722
7508,0.2892464183337406
7509,0.792919591795137
7510,0.2985618141612917
7511,0.751232640743848
7512,0.281424565537361
7513,0.35002237588794516
7514,0.7653814410286316
7515,0.3376956490741102
7516,0.7348896068934391
7517,0.26552226554034003
7518,0.7880748606522521
7519,0.8372839900402285
7520,0.7890997143284
7521,0.32016647352310906
7522,0.28745460437414555
7523,0.3424165408690977
7524,0.7564195665795181
7525,0.356327677053203
7526,0.17126964608587908
7527,0.832425065409624
7528,0.3126422739516275
7529,0.34315789368548616
7530,0.7592021895766508
7531,0.854228767542053
7532,0.791327650584408
7533,0.3123499765083989
7534,0.3340976019648611
7535,0.7234185291950231
7536,0.8328745702157931
7537,0.34758745451255757
7538,0.77228267798643
7539,0.7879632712306457
7540,0.7713898905781459
7541,0.35138253896940785
7542,0.8483171707576638
7543,0.28526016487846123
7544,0.2874399277962231
7545,0.3063654867920167
7546,0.8423136226536331
7547,0.3399456848564906
7548,0.7983451681582747
7549,0.7617813620722945
7550,0.8141683140832756
7551,0.8273256620536734
7552,0.8012702874131865
7553,0.2909226754089548
7554,0.25857711416351836
7555,0.7102067889323507
7556,0.22831253768776624
7557,0.28267052209762733
7558,0.7308516121436045
7559,0.30989174417564247
7560,0.8554808821498112
7561,0.8232592452789036
7562,0.7637482185553218
7563,0.8010311205585602
7564,0.32389892342778864
7565,0.7982443911264722
7566,0.2321911840130665
7567,0.3331887424707443
7568,0.31978982223474844
7569,0.774233051960614
7570,0.8134538261702338
7571,0.7315466641662216
7572,0.3161497065140361
7573,0.7195314569650028
7574,0.8078443497841955
7575,0.19412056482528214
7576,0.22478442597768786
7577,0.8488782692413045
7578,0.8320303286434034
7579,0.8628583474349811
7580,0.725282573504183
7581,0.2851747072169119
7582,0.3182752154363704
7583,0.7924216914984692
7584,0.2881265128840471
7585,0.2674893535226551
7586,0.39794175622138855
7587,0.3336150626858783
7588,0.09174251114444171
7589,0.32004931475913895
7590,0.8244136308857293
7591,0.8220074008863857
7592,0.27617713872951366
7593,0.32727909898502733
7594,0.29673534570943916
7595,0.2911113949986908
7596,0.3060208088011095
7597,0.3079891916556022
7598,0.8078292929000045
7599,0.2794969346317686
7600,0.3238058823133016
7601,0.29848729777546196
7602,0.3889976541924543
7603,0.7815662978665096
7604,0.7338371244913825
7605,0.32158118263885305
7606,0.8072023549168901
7607,0.31966650559143617
7608,0.766016130608321
7609,0.8364229350041728
7610,0.7919812179965438
7611,0.2821037419849504
7612,0.3414548125999095
7613,0.24395359692393312
7614,0.333258658206206
7615,0.8407710343648317
7616,0.3385290616409197
7617,0.3147324319794951
7618,0.3053652714537543
7619,0.31907564553528056
7620,0.3544044076115286
7621,0.843412211679545
7622,0.2917084187848034
7623,0.875365470404626
7624,0.35269621568141485
7625,0.2658973457746916
7626,0.6979306696360175
7627,0.31823450935810677
7628,0.34287019736618457
7629,0.29550984593978546
7630,0.28937574579018793
7631,0.3292575121184891
7632,0.6596092914723564
7633,0.3480155305199292
7634,0.27596326621816236
7635,0.846724091950339
7636,0.31640138957553854
7637,0.332065348865575
7638,0.32207109498357295
7639,0.34521422382887657
7640,0.8177850001919105
7641,0.3176389238316796
7642,0.39609343731583635
7643,0.8329813294912378
7644,0.30961357984704824
7645,0.35167725786131493
7646,0.2505898532077168
7647,0.3566972689790227
7648,0.3154917271306711
7649,0.24060459457001593
7650,0.7932252485283098
7651,0.29809110134438327
7652,0.772681424348177
7653,0.3882053553979515
7654,0.2620901268679131
7655,0.32164322672471035
7656,0.7705752574252651
7657,0.3621057241828351
7658,0.23145710456651314
7659,0.3106421716663294
7660,0.2787100186992111
7661,0.8599110685040624
7662,0.27451399484265426
7663,0.3303457593742718
7664,0.30313231723240264
7665,0.3037082734917416
7666,0.3253179030471945
7667,0.24568215299721516
7668,0.283446023712808
7669,0.7824757853011581
7670,0.27848599745861036
7671,0.7985429623941314
7672,0.33280216533851015
7673,0.830036448028099
7674,0.8145027491253148
7675,0.2526845151341663
7676,0.38059265116697044
7677,0.30352633874425744
7678,0.30419717461954454
7679,0.3542769326988836
7680,0.35580364934621145
7681,0.3291354308310612
7682,0.30979126696485554
7683,0.30379235108752084
7684,0.8237554419993757
7685,0.29307821591562316
7686,0.3101700118203437
7687,0.3246289684315243
7688,0.781456918172848
7689,0.27135276439561357
7690,0.7662636280177426
7691,0.26808135613585404
7692,0.3279507409121996
7693,0.3252257481464014
7694,0.8260196250747871
7695,0.37112662541243907
7696,0.33575492648560956
7697,0.30329657650338765
7698,0.3625585550704641
7699,0.7963415512463792
7700,0.3382081630422203
7701,0.7986480781928852
7702,0.7012142644684488
7703,0.2943822341099615
7704,0.2956251704401003
7705,0.2755436221645492
7706,0.3495271856533854
7707,0.2907537139437525
7708,0.3348208440547494
7709,0.827188683505581
7710,0.3127036191053924
7711,0.2895175107725048
7712,0.7060016761086799
7713,0.8283819277721641
7714,0.8240430350784782
7715,0.32549075536907635
7716,0.2109531377303566
7717,0.3360064751411982
7718,0.2727170820974852
7719,0.32804026159553323
7720,0.34179717000637694
7721,0.8500989888416285
7722,0.3160036685979562
7723,0.29978201084420675
7724,0.3731465495716257
7725,0.2790449558409175
7726,0.2232398899955468
7727,0.34359120453344344
7728,0.3091672205240414
7729,0.3335333071158873
7730,0.7606910556489845
7731,0.11220228465991994
7732,0.2964036537785348
7733,0.2779744445065834
7734,0.31116456330354914
7735,0.3362636307941067
7736,0.8847089679570893
7737,0.24030222197696147
7738,0.37024391678725
7739,0.7855895081609612
7740,0.32341283212268107
7741,0.3231325981456164
7742,0.32917264288116416
7743,0.3268253695789028
7744,0.28618535035088527
7745,0.32415457659341296
7746,0.3509254156942912
7747,0.3272871393917167
7748,0.2804860303396565
7749,0.30308688370545483
7750,0.31500259037555967
7751,0.3574218379405205
7752,0.7808388546200136
7753,0.30547979713553025
7754,0.13525314148958514
7755,0.341895656729055
7756,0.2344116049674135
7757,0.33327797375456036
7758,0.1946506563982157
7759,0.3397825623715785
7760,0.3297567801588019
7761,0.33889714462823567
7762,0.265739335177413
7763,0.2884630556119985
7764,0.15571160831839798
7765,0.3576714644951823
7766,0.7489800379045745
7767,0.3106654586295446
7768,0.2653165086657099
7769,0.3308351788269881
7770,0.7537251340174197
7771,0.18410430619306187
7772,0.8411475028812809
7773,0.17063090819993906
7774,0.7487683348328565
7775,0.8441549536399955
7776,0.8046847327389721
7777,0.3041608086225859
7778,0.23219124071101765
7779,0.26870079134321356
7780,0.35419659083647864
7781,0.2944061844600732
7782,0.28316198746389154
7783,0.15004461048559303
7784,0.3450719861685834
7785,0.34715754092566714
7786,0.7934768926376208
7787,0.3198130307581984
7788,0.3288629882442269
7789,0.3322963482176641
7790,0.24272917974914276
7791,0.3042610054334418
7792,0.30063557122974577
7793,0.30689130535591375
7794,0.31392707449455565
7795,0.32506796183997994
7796,0.22009584810449176
7797,0.33244151429961016
7798,0.3476876400095157
7799,0.3329644828669491
7800,0.3309077155436861
7801,0.3118731232272255
7802,0.7867899097878
7803,0.8446776453780912
7804,0.8421954572788081
7805,0.3186665841534842
7806,0.309895650584996
7807,0.3060688791031639
7808,0.2943206099523187
7809,0.31582755793591244
7810,0.35974755027168526
7811,0.3224874392206372
7812,0.2965277377308373
7813,0.40762112862341443
7814,0.3114469764012189
7815,0.8448985996524914
7816,0.26838845760506796
7817,0.8768012932150725
7818,0.8046138381815063
7819,0.3119995706906686
7820,0.3111482872179424
7821,0.3400382778609382
7822,0.3196432834987502
7823,0.3341312690127289
7824,0.268170031245762
7825,0.810290883090137
7826,0.3515763952454133
7827,0.31510216336492125
7828,0.3071231492438586
7829,0.2909805209240783
7830,0.32881425234203004
7831,0.8063830397659356
7832,0.8611010113223817
7833,0.14183855999232758
7834,0.8385085961694718
7835,0.33563184386879025
7836,0.28509468123290066
7837,0.2794003643526601
7838,0.3279536315089804
7839,0.29534883377591864
7840,0.33431900383158897
7841,0.15183139104335433
7842,0.8154081092341916
7843,0.3596398949350767
7844,0.31801007439462636
7845,0.30479103762292015
7846,0.7805875486706498
7847,0.7906245599241128
7848,0.38368450576544033
7849,0.31722301564113725
7850,0.2655132750407845
7851,0.31505584481031873
7852,0.8345761832120371
7853,0.3014568818264231
7854,0.3395298244485524
7855,0.7665650613721116
7856,0.34771149596360146
7857,0.32059464817961913
7858,0.3454866499730821
7859,0.3527562182841611
7860,0.33916817620840845
7861,0.31665324725495003
7862,0.2608033300968584
7863,0.24006782049786926
7864,0.31546940277917207
7865,0.27723929061798597
7866,0.3502810719916248
7867,0.315794354901982
7868,0.31125581587330925
7869,0.3294854946457918
7870,0.3094292465149493
7871,0.2911462313885054
7872,0.24353615981617474
7873,0.23972363246431644
7874,0.28831163332473453
7875,0.325461808377113
7876,0.33880177697378505
7877,0.29140068057693663
7878,0.337484255329583
7879,0.35894369071417803
7880,0.2987556978352303
7881,0.704952356359013
7882,0.3431378426217729
7883,0.3279864423371778
7884,0.30740929767813
7885,0.18862918275974536
7886,0.8238680276334683
7887,0.26256860232212903
7888,0.838510198847097
7889,0.7097134973217165
7890,0.3149406554728013
7891,0.2827217415244606
7892,0.29363139948063605
7893,0.30689328602743426
7894,0.35327098991322947
7895,0.12687540771239839
7896,0.3254229410078955
7897,0.35150534593834526
7898,0.3561525992303654
7899,0.3156212316772989
7900,0.8361801024686504
7901,0.29172766922124455
7902,0.26821118016122225
7903,0.32022087700460405
7904,0.2895262245934944
7905,0.2862751646086719
7906,0.24915781306844825
7907,0.26577938464492973
7908,0.19869774209412286
7909,0.3483897808293297
7910,0.8433404319466382
7911,0.3178611819242821
7912,0.2890063112991943
7913,0.827391068101985
7914,0.10436110279664323
7915,0.36506967523935835
7916,0.3344235988848784
7917,0.302924221990361
7918,0.2795330802834503
7919,0.2831426238047687
7920,0.35400315167647073
7921,0.2681226088646459
7922,0.30260527175158175
7923,0.32028960901812126
7924,0.30370189479378296
7925,0.34095182068673197
7926,0.09664890820150392
7927,0.32835085923628216
7928,0.30513146780928435
7929,0.32387045769196365
7930,0.33554980588147987
7931,0.32769073229687085
7932,0.3254035216993949
7933,0.299592700424002
7934,0.7966102831646289
7935,0.3083781020946205
7936,0.3072060959465038
7937,0.32580244006344283
7938,0.31730032695475624
7939,0.31202125629288047
7940,0.21716153778196617
7941,0.2896036019290695
7942,0.7716489070666157
7943,0.338999212515806
7944,0.8093659058676481
7945,0.28590614484659194
7946,0.16744006932917216
7947,0.7627264234257315
7948,0.7828901416069468
7949,0.22654459167911248
7950,0.24094352879748346
7951,0.8667807134899328
7952,0.32831674813468875
7953,0.32963705725042464
7954,0.3335024730561679
7955,0.3416330194781768
7956,0.2465453081818908
7957,0.31043164694965
7958,0.27359526193115596
7959,0.33550978858755026
7960,0.27340476038448575
7961,0.2741381446506426
7962,0.32160599205464346
7963,0.31323438283273414
7964,0.8001510739460138
7965,0.32571220086886166
7966,0.32463764499873515
7967,0.32888124984623673
7968,0.33796643845327956
7969,0.3118055361861163
7970,0.32531313820606217
7971,0.30795062779071275
7972,0.3619091365362743
7973,0.3071689626636963
7974,0.27401910353954795
7975,0.33173034299295057
7976,0.32584339936986356
7977,0.1489522368533972
7978,0.34402609843361326
7979,0.31955858142403626
7980,0.2670871589010252
7981,0.20409379909686934
7982,0.31097063152001736
7983,0.39228394019787893
7984,0.3190460833101125
7985,0.17452533103475154
7986,0.3211610406122777
7987,0.2579364142374257
7988,0.32227124829612763
7989,0.311697721830666
7990,0.2648776224635583
7991,0.24103201455487222
7992,0.26846382023093657
7993,0.7656370344479071
7994,0.3368667585452728
7995,0.2823556817415895
7996,0.3362334387930879
7997,0.2722523198380746
7998,0.3333885085700794
7999,0.7601789153669711
8000,0.3396804494856681
8001,0.3471058748762189
8002,0.31813895202425624
8003,0.3410146508909222
8004,0.3196961166265924
8005,0.2535268629677076
8006,0.31886832381656643
8007,0.21234559903855263
8008,0.3256711814271486
8009,0.2000723141641978
8010,0.32238207869598523
8011,0.8073284544917567
8012,0.18214827006445078
8013,0.30468036809253124
8014,0.2792051637211629
8015,0.3655969106116755
8016,0.25686462517145714
8017,0.3254851229845902
8018,0.8096564053182782
8019,0.3211631155717245
8020,0.2927885161904056
8021,0.2758427139110837
8022,0.30230944706498764
8023,0.30033251115175075
8024,0.12475260816427168
8025,0.3346868936362112
8026,0.2891493693638539
8027,0.29942927118687557
8028,0.2724671036160177
8029,0.3139423303918745
8030,0.7308001252368402
8031,0.3603585936526396
8032,0.32323855817813796
8033,0.2887501348407676
8034,0.3401720997407019
8035,0.3447531564952741
8036,0.3048909045419531
8037,0.28050373901221864
8038,0.3659840950353624
8039,0.11064580986767357
8040,0.3284173880157813
8041,0.11032270928989041
8042,0.2475610279929425
8043,0.3462699390797234
8044,0.3258810713460572
8045,0.2958432507432069
8046,0.3969383729853872
8047,0.2965892731323601
8048,0.30140092654486944
8049,0.903307296017288
8050,0.29039394630752474
8051,0.30916795544769216
8052,0.7849123702293587
8053,0.7401168226990656
8054,0.24073991597809064
8055,0.7865110352787553
8056,0.743120630141902
8057,0.26155323916335044
8058,0.2979449094644109
8059,0.3024366731049578
8060,0.10146391657761383
8061,0.31338524634062503
8062,0.10446651446621315
8063,0.3510494352351238
8064,0.3500912231199833
8065,0.33179199146073174
8066,0.33265311687705057
8067,0.3391549635477407
8068,0.3294991629757766
8069,0.340851284705415
8070,0.3371349570627051
8071,0.3372635942903847
8072,0.2698537434154118
8073,0.19112900390463516
8074,0.3538137627041914
8075,0.27816734038915114
8076,0.2985125579013767
8077,0.3251269433217622
8078,0.3066375142001761
8079,0.3398488189576941
8080,0.7531918963184254
8081,0.7975925866091527
8082,0.24535272241186404
8083,0.25720085067033016
8084,0.3046593563133634
8085,0.32095779284947584
8086,0.3307583297383297
8087,0.29293322405404687
8088,0.3289042911723306
8089,0.3327658556045524
8090,0.30200041993172305
8091,0.3353108120252025
8092,0.2625911098572492
8093,0.20340559849855414
8094,0.28770393779104925
8095,0.2029297377516666
8096,0.30145912222177407
8097,0.26978724243073304
8098,0.2427642924133423
8099,0.354757269811801
8100,0.23372830195875263
8101,0.2729418147391489
8102,0.31580747615147275
8103,0.3174993287774472
8104,0.3115469380763884
8105,0.30763931695868396
8106,0.29303760482863495
8107,0.34553524245629136
8108,0.2838654116086954
8109,0.3019577032005954
8110,0.20331303193446407
8111,0.3202534631121119
8112,0.3290779707365159
8113,0.3622452345453376
8114,0.2762846988822456
8115,0.2963528568437566
8116,0.2747365281642866
8117,0.8750134483272448
8118,0.32177924734278607
8119,0.3067634615359694
8120,0.3346704960816061
8121,0.2558782199376276
8122,0.26215815550099436
8123,0.35658682759624916
8124,0.29896072565416076
8125,0.31988011795238935
8126,0.34519099308428
8127,0.21061200623252987
8128,0.33557149274746445
8129,0.3631435513904353
8130,0.18649251840631878
8131,0.7436450956164447
8132,0.2994035509544218
8133,0.30659640568315066
8134,0.3337503112757104
8135,0.7654278012709766
8136,0.2556293592938482
8137,0.8406824936457772
8138,0.2882796615419159
8139,0.7904631520750199
8140,0.265785899678836
8141,0.31899212728553306
8142,0.10125673533290155
8143,0.1834408529581629
8144,0.35025136152309705
8145,0.28519349696351776
8146,0.34927425490558167
8147,0.3091862728241223
8148,0.28645011145027194
8149,0.2538482304686649
8150,0.3180630256034738
8151,0.8096016082147058
8152,0.31213065693464526
8153,0.32554079695131005
8154,0.8279576677629186
8155,0.35537825068071627
8156,0.2777603664822607
8157,0.31176536146961453
8158,0.2505689963365359
8159,0.3302379270376315
8160,0.23356202376328458
8161,0.35511804150496085
8162,0.37563240271040627
8163,0.3290190480856755
8164,0.2575409872424987
8165,0.26731513625502223
8166,0.3280372566384517
8167,0.27965215871895094
8168,0.29857008247969474
8169,0.3072814866469428
8170,0.33812100190932237
8171,0.33306982069276747
8172,0.2922321716706441
8173,0.3081652029001398
8174,0.29758836092069635
8175,0.31371012655892927
8176,0.8129468317209655
8177,0.2955353076544673
8178,0.29707392145171047
8179,0.23758448123822706
8180,0.3270308126970682
8181,0.3221309108387184
8182,0.7981900843218236
8183,0.3077576596463053
8184,0.332799526793884
8185,0.3165082828507481
8186,0.27399949837291043
8187,0.34186561286362105
8188,0.3302895547463536
8189,0.3088857488807824
8190,0.26610936503480914
8191,0.3327203848294496
8192,0.33178257584029375
8193,0.12415164462256752
8194,0.34729402855177166
8195,0.33697990469559813
8196,0.30289569360213286
8197,0.30915817367880993
8198,0.3269613516777987
8199,0.3158439770981136
8200,0.820958276338399
8201,0.3647095346971793
8202,0.3972640171882479
8203,0.36647831137101294
8204,0.6130875979224164
8205,0.2793126217667866
8206,0.3357286729414946
8207,0.32126460199929324
8208,0.2891273300323893
8209,0.3028696354641125
8210,0.15121182808772457
8211,0.2891109574478488
8212,0.363868926920216
8213,0.12095678510444612
8214,0.3476581750013392
8215,0.3846823926776688
8216,0.1385171636267971
8217,0.3122197520462346
8218,0.33746039365739516
8219,0.2531803705330129
8220,0.3337810931193487
8221,0.3216284942173449
8222,0.32753584930485097
8223,0.3217742477419173
8224,0.22898739912548927
8225,0.0961124685131908
8226,0.6430468325630482
8227,0.3084884946896444
8228,0.2724840694044582
8229,0.2776783563774359
8230,0.7161775638640029
8231,0.325102798979046
8232,0.3013163555233174
8233,0.3035146372536541
8234,0.2962209868483749
8235,0.3246056227334799
8236,0.2966297832664422
8237,0.3466382737082258
8238,0.30136614405513895
8239,0.8053690302739442
8240,0.31538141800397756
8241,0.3250873714632578
8242,0.3282595919965916
8243,0.15588092279009097
8244,0.22677661609622546
8245,0.11924328436231386
8246,0.3495008480715033
8247,0.3705976126906692
8248,0.30993237711673416
8249,0.29503991532445106
8250,0.3025235646116299
8251,0.29148403813092366
8252,0.3580580249629614
8253,0.2508761542136618
8254,0.33084164870760735
8255,0.3166668681232421
8256,0.2779242231241957
8257,0.2575440792266312
8258,0.3441315879985214
8259,0.2703597947780334
8260,0.773653971200518
8261,0.3310257071706458
8262,0.31477935063200946
8263,0.2977745441077509
8264,0.3601325744335995
8265,0.329987227440511
8266,0.3609421798042331
8267,0.29667264466343685
8268,0.3083028308068815
8269,0.3119433103377592
8270,0.32501356063266
8271,0.28762573419308407
8272,0.35751080249946915
8273,0.2828359569590062
8274,0.34028207734993077
8275,0.28081439699658217
8276,0.33487622493758995
8277,0.1988032247846696
8278,0.2974957386213709
8279,0.31593296363708656
8280,0.3297408795002613
8281,0.32708055122242985
8282,0.3275987746942406
8283,0.25056948856879063
8284,0.3419712884049139
8285,0.28193742777587494
8286,0.3387965685863822
8287,0.25367384649923413
8288,0.39321555149213794
8289,0.2922893539451805
8290,0.2539512118458011
8291,0.24578126699280245
8292,0.26921631096034687
8293,0.3182990698810752
8294,0.29990146036603255
8295,0.2680118894380414
8296,0.7608506222131649
8297,0.14295658737066186
8298,0.31098767639387853
8299,0.227636047104527
8300,0.25884449988255603
8301,0.32076921886015847
8302,0.30427080410831747
8303,0.2983890506274457
8304,0.33418304053442804
8305,0.26519043972993234
8306,0.23523143283649092
8307,0.297510479325946
8308,0.34071273818810216
8309,0.32819119561452115
8310,0.33049565848918266
8311,0.2897364687155146
8312,0.2972661207445758
8313,0.3432876693504932
8314,0.7688390651750142
8315,0.32915358896509683
8316,0.33612232637597084
8317,0.3111966121824092
8318,0.319866659979404
8319,0.3562801445280775
8320,0.7561352002292995
8321,0.37929573203596834
8322,0.0992355508410574
8323,0.09923555084105769
8324,0.3002263529673015
8325,0.296820604704065
8326,0.3221325534329331
8327,0.2897827928059244
8328,0.3673297345869637
8329,0.3753738376444629
8330,0.37496698360284275
8331,0.31786111771336256
8332,0.32977951684294715
8333,0.3222797624193634
8334,0.35133642181927843
8335,0.29523903155404374
8336,0.3134292763329545
8337,0.2632928821758214
8338,0.29304260302425134
8339,0.31730299883949786
8340,0.3135421253240356
8341,0.16207378914768167
8342,0.3142579182110912
8343,0.3383757640693522
8344,0.32655298356123275
8345,0.31332807914506533
8346,0.3272226938163765
8347,0.13424665906106245
8348,0.31366825377744645
8349,0.8571973873647822
8350,0.2832096299978644
8351,0.3129765036155904
8352,0.33470524271961083
8353,0.29002544123176566
8354,0.32997480067887536
8355,0.2893337099629051
8356,0.3149815184260541
8357,0.3303592025963655
8358,0.269602148188458
8359,0.33560303902693506
8360,0.2715281928249136
8361,0.34102553768334226
8362,0.2978634917102089
8363,0.0950650306316362
8364,0.09506503063163506
8365,0.280011648585114
8366,0.3281220061028216
8367,0.32575132661231704
8368,0.3079911390932551
8369,0.30862921521307574
8370,0.3020362737720458
8371,0.33102420300221647
8372,0.32995694551528315
8373,0.3383707444689352
8374,0.32392319126397867
8375,0.3426819327557553
8376,0.2411070963592481
8377,0.2894704245105933
8378,0.30471039618811985
8379,0.29735102121374235
8380,0.4044143109433584
8381,0.32365158407712746
8382,0.3399799597884542
8383,0.27595686248711115
8384,0.32679387376736563
8385,0.1025939632924241
8386,0.29274756465004576
8387,0.3331544108465331
8388,0.18073021785445192
8389,0.3235351335337959
8390,0.3133943866105966
8391,0.28717935266088573
8392,0.3039063890332288
8393,0.4075626451884643
8394,0.2883217636324653
8395,0.2953759776658606
8396,0.3135128237917508
8397,0.3678156166952998
8398,0.09886585967204264
8399,0.24537786753394025
8400,0.3434139765437954
8401,0.3234200473682715
8402,0.3226874984843134
8403,0.2753735647049281
8404,0.2896855752774953
8405,0.35508031165168064
8406,0.36477756409847095
8407,0.32637495593795046
8408,0.3226102332267237
8409,0.32410742226588324
8410,0.26862114834754236
8411,0.27585439227662706
8412,0.806799837793981
8413,0.3278052199795661
8414,0.3044312135812512
8415,0.342770440450559
8416,0.2993379692319615
8417,0.3096436438739802
8418,0.1304870520245022
8419,0.1304870520244986
8420,0.30665304182852887
8421,0.3995878723233779
8422,0.2054067689488161
8423,0.2584136150013706
8424,0.24133415160735777
8425,0.1207309195606173
8426,0.32565595292167626
8427,0.3222594971227059
8428,0.27244777745197674
8429,0.300892608137365
8430,0.29639673347175016
8431,0.3032697670183552
8432,0.32905082357902893
8433,0.27598888457445664
8434,0.3642933152993082
8435,0.2750029449562259
8436,0.30430215974065034
8437,0.21634937553205635
8438,0.27635682906568465
8439,0.2851370299035815
8440,0.29130265328432736
8441,0.2447347126321041
8442,0.31523995329275967
8443,0.3301039490867956
8444,0.26466701653925107
8445,0.1327937280258736
8446,0.3098742444526554
8447,0.33271567165259275
8448,0.10246565967176291
8449,0.10246565967176356
8450,0.29086317926288496
8451,0.295252642240019
8452,0.3088487830407574
8453,0.2845103290218286
8454,0.3002125000137197
8455,0.365925636759786
8456,0.3372073098447771
8457,0.3125591130745033
8458,0.3183761476213132
8459,0.363431394801696
8460,0.3088021002107919
8461,0.3406125948798729
8462,0.27217544315810854
8463,0.3001816762546459
8464,0.3035283421392925
8465,0.3111691772796341
8466,0.28733074491934507
8467,0.29636474253914186
8468,0.2952102976612418
8469,0.29558195804992615
8470,0.3172073133210493
8471,0.3178043131535204
8472,0.8045560860041497
8473,0.34416878242422855
8474,0.32958390862611225
8475,0.314411029515835
8476,0.2461862803190858
8477,0.3562614936623335
8478,0.3770151575844242
8479,0.28681283688035336
8480,0.32856728376795874
8481,0.30397978026882144
8482,0.19757486724388856
8483,0.34051912180436716
8484,0.25970565510954025
8485,0.10246137095206374
8486,0.30643358870698356
8487,0.29908648222397155
8488,0.35687008231362455
8489,0.24097152662335064
8490,0.1700314097342099
8491,0.2701562511930526
8492,0.38531638240363214
8493,0.32232143337579205
8494,0.30274462671530483
8495,0.16398008138183545
8496,0.3044591027243676
8497,0.3048408775105451
8498,0.33870181526140464
8499,0.30648742251460875
8500,0.3264339760631742
8501,0.34560949870088253
8502,0.3230830893150595
8503,0.3506029022518568
8504,0.32896254714944123
8505,0.3252261420474899
8506,0.3050323082769427
8507,0.33175177835974723
8508,0.3512306360344614
8509,0.12875594944010027
8510,0.3018944299830098
8511,0.353382495297459
8512,0.2961258770574879
8513,0.3457851859637926
8514,0.3450838805372915
8515,0.3469335780949783
8516,0.31802009044943735
8517,0.31822616709167645
8518,0.36177445674108255
8519,0.40028912545843676
8520,0.2633247525206218
8521,0.3443369729338693
8522,0.17270029296203818
8523,0.33361720016379615
8524,0.30298958133946574
8525,0.3488377553987283
8526,0.3103567288123793
8527,0.2595248269755528
8528,0.30803460567921387
8529,0.059004519773309595
8530,0.05900451977330931
8531,0.30992384829768754
8532,0.24655925794660116
8533,0.2876513441924039
8534,0.3235538418464105
8535,0.3311758836102283
8536,0.1915140906779491
8537,0.3167868784982415
8538,0.2827244214149609
8539,0.316395115795304
8540,0.3037087815206488
8541,0.35958387234558215
8542,0.30076317314298495
8543,0.3113988601232358
8544,0.34507903909096715
8545,0.26706662082987714
8546,0.3358272864562398
8547,0.3480948140069636
8548,0.306114712524769
8549,0.31505930943190696
8550,0.7953358943130662
8551,0.2856392819331657
8552,0.35948938503532757
8553,0.3115994255818257
8554,0.29141555944738984
8555,0.2672478454245847
8556,0.26923977592132997
8557,0.20808909364139727
8558,0.35260354285791773
8559,0.35396299743001886
8560,0.2682753984539702
8561,0.29361140613452635
8562,0.31640002615756324
8563,0.2917262541203745
8564,0.28887528677586066
8565,0.3245805994498715
8566,0.31336666416006687
8567,0.23633190724341477
8568,0.1791867444013716
8569,0.3043232526346805
8570,0.8012163097928791
8571,0.3420756747115932
8572,0.11143542326753114
8573,0.32500206842147655
8574,0.27288968571829425
8575,0.292633318319342
8576,0.2897268053814361
8577,0.30384193425230294
8578,0.3198851164712385
8579,0.3270966039750621
8580,0.361091576468919
8581,0.3336166558150874
8582,0.31013077811456236
8583,0.3365218435940034
8584,0.3553424503666381
8585,0.30011844598825455
8586,0.30431259971121805
8587,0.3346136277271859
8588,0.29464436223738544
8589,0.30718468405911403
8590,0.23784507069042798
8591,0.3187949464760001
8592,0.31701484655571466
8593,0.24109094666267727
8594,0.3279917306635118
8595,0.2790792559422081
8596,0.33686820578498483
8597,0.36927978062904454
8598,0.322245546749144
8599,0.3535014947381817
8600,0.20692910144784868
8601,0.27207032748003307
8602,0.2485184004912174
8603,0.27470537002408896
8604,0.35789510285211895
8605,0.32147565989715843
8606,0.2760416513196952
8607,0.3401216805643627
8608,0.3319627803739155
8609,0.32436429259010613
8610,0.27494439271644
8611,0.26845264214387016
8612,0.36820374379826903
8613,0.2728716957614336
8614,0.28913561840360436
8615,0.32115300297688637
8616,0.32110141260338704
8617,0.3357856946903317
8618,0.323761598411976
8619,0.15081735361767318
8620,0.2875565693682594
8621,0.2993869727482233
8622,0.25915612243444697
8623,0.37255664775407976
8624,0.30586819384644465
8625,0.32398614034018647
8626,0.3346446707401554
8627,0.330590070610161
8628,0.331304865874325
8629,0.31085934494597806
8630,0.30670353092864217
8631,0.25552284771855416
8632,0.310475000292315
8633,0.21407835303891987
8634,0.23347293599437932
8635,0.3346521645151108
8636,0.32564462489887275
8637,0.2745410171417593
8638,0.3657211100902333
8639,0.2800569954693865
8640,0.7797383086690107
8641,0.32406138285594316
8642,0.2750120313093386
8643,0.2964530606594912
8644,0.27377265287065855
8645,0.346872332304547
8646,0.29866777841477266
8647,0.3217906596538536
8648,0.21605484151256402
8649,0.3283334584336424
8650,0.32085398132487974
8651,0.2649141465560048
8652,0.3529438451878546
8653,0.32418648512293813
8654,0.31864280330062295
8655,0.32039745579502654
8656,0.3978592978538574
8657,0.31383716041315945
8658,0.19929475836268168
8659,0.3488773534247388
8660,0.2331110741898557
8661,0.3316765666436523
8662,0.29901477639502705
8663,0.3008910582160259
8664,0.3332812839443002
8665,0.3076564164057898
8666,0.3144030654676402
8667,0.27312144564286
8668,0.3525408128335578
8669,0.26510558878452894
8670,0.339764188079086
8671,0.1595880639787446
8672,0.15958806397874578
8673,0.3292959936241837
8674,0.34712098024868504
8675,0.24550665737667238
8676,0.3770857075142943
8677,0.10904340431344815
8678,0.2662287692773039
8679,0.3172321001989795
8680,0.2949639713344235
8681,0.3166887404823066
8682,0.2976732987350235
8683,0.3225149103222195
8684,0.3049848005662346
8685,0.2693226618533222
8686,0.347546079825203
8687,0.28622770693014016
8688,0.3161006594887789
8689,0.2857128752444425
8690,0.31981077821229187
8691,0.3558302113806817
8692,0.3529170190595081
8693,0.34867636102563015
8694,0.3560540753143135
8695,0.3369802033498532
8696,0.29831475247299494
8697,0.3234340617553719
8698,0.3038329644588103
8699,0.29287634141528235
8700,0.306925301067546
8701,0.34278957910445307
8702,0.23577136426909265
8703,0.2994009544040276
8704,0.3069100609910168
8705,0.329086189801223
8706,0.2755262696261073
8707,0.2963493485393445
8708,0.3129408794326596
8709,0.34791070402750274
8710,0.10819250858999772
8711,0.10819250858999613
8712,0.3318022768347378
8713,0.349422899630166
8714,0.3120322011686289
8715,0.3424368705653087
8716,0.329063247236942
8717,0.24233285994872542
8718,0.30331694061933634
8719,0.30209435950967395
8720,0.18605359380825
8721,0.3114111396912955
8722,0.25142317196556563
8723,0.3025551915508971
8724,0.25108906062518416
8725,0.30923718087199237
8726,0.27231075195014437
8727,0.2205613854940226
8728,0.30461304755049995
8729,0.29941420117974715
8730,0.22229833842914806
8731,0.3515852097105821
8732,0.2858457042937915
8733,0.25438542793660307
8734,0.31725683898938883
8735,0.2887286803471607
8736,0.14655237319955533
8737,0.14655237319955722
8738,0.31686560689112736
8739,0.33957538139154425
8740,0.33163916987065856
8741,0.3204117634754148
8742,0.3411637471157743
8743,0.41940952471076876
8744,0.34758413295911883
8745,0.2955316624313862
8746,0.7846049808153334
8747,0.34780931743426174
8748,0.2594145823087377
8749,0.3329180417811704
8750,0.3242712782213643
8751,0.29495864549793205
8752,0.22558762062678486
8753,0.3176897271283184
8754,0.29377199958238076
8755,0.321505928108008
8756,0.18939114844344343
8757,0.23506324172904802
8758,0.20724482478186845
8759,0.3306599431538012
8760,0.27085748452956365
8761,0.2541389249537819
8762,0.3828051894401782
8763,0.35768565296522387
8764,0.32318464619401277
8765,0.19544798349712847
8766,0.3319908499125395
8767,0.3132662444928887
8768,0.28228927191749215
8769,0.29482177300064877
8770,0.32299784244354485
8771,0.12087503733262699
8772,0.29165128161354703
8773,0.3110520974549937
8774,0.3394820701015609
8775,0.30557823280674645
8776,0.293381221671875
8777,0.3522902892406138
8778,0.324399116268445
8779,0.3247612458589476
8780,0.18855182498007975
8781,0.2443847577967791
8782,0.2944889498899238
8783,0.10949971882911748
8784,0.34049409412097725
8785,0.3279738343767358
8786,0.3012690275681904
8787,0.3277240443407454
8788,0.3060409484593205
8789,0.3435564983763107
8790,0.2755705418711843
8791,0.32456533019818373
8792,0.2716931862599099
8793,0.308480818791261
8794,0.2907346853539078
8795,0.37150313151364117
8796,0.2970263254947347
8797,0.29860368847428714
8798,0.3615608473605545
8799,0.30154177126543624
8800,0.2917083917792736
8801,0.3139931747183516
8802,0.28172416633780695
8803,0.3760874897170515
8804,0.31830284006854154
8805,0.24110488537624986
8806,0.31420539634674793
8807,0.3171361106878386
8808,0.28132719857328253
8809,0.30200510706419775
8810,0.7155745313987768
8811,0.1285863025701559
8812,0.12858630257015585
8813,0.3057264355760769
8814,0.38301968966267647
8815,0.27752327907025265
8816,0.401832254283746
8817,0.22617308514079199
8818,0.36209350113003685
8819,0.3843080999533362
8820,0.30643732238221966
8821,0.17520525000181325
8822,0.3403299441739502
8823,0.13148363612922664
8824,0.32387437820001863
8825,0.32378527607161495
8826,0.30842036202723294
8827,0.32346168759730426
8828,0.17459059432166316
8829,0.30662628602484604
8830,0.3134893090205425
8831,0.3189281715078211
8832,0.37648510612305536
8833,0.36098844879709824
8834,0.28566203190643746
8835,0.3109423258879252
8836,0.30043678293018394
8837,0.33661560122393586
8838,0.2962962568098153
8839,0.09355838108392993
8840,0.09355838108393034
8841,0.3274923254713128
8842,0.2689246432942268
8843,0.34423778867050847
8844,0.30592557014646193
8845,0.35788531716293004
8846,0.30225668533889305
8847,0.24125066327869474
8848,0.2681647913516979
8849,0.28401635991254537
8850,0.3598473716945995
8851,0.280275492973032
8852,0.3567174330704552
8853,0.28464040395166434
8854,0.2786290619449172
8855,0.2620284741333399
8856,0.3634648085303318
8857,0.32779333496444946
8858,0.3512116595537551
8859,0.32613802452942386
8860,0.28939432227402623
8861,0.31275950607430414
8862,0.2973271057847638
8863,0.33139080794731884
8864,0.3072583521234437
8865,0.3323415938938504
8866,0.23444575261054912
8867,0.7670484163736271
8868,0.35747828498768136
8869,0.34440063216040373
8870,0.2725892867676406
8871,0.3772744232042857
8872,0.1484089032223357
8873,0.3124016621382523
8874,0.2331784438764181
8875,0.08484947011609083
8876,0.32229341631478053
8877,0.33432783454036236
8878,0.21339906488828864
8879,0.35489490112655026
8880,0.2766976822542363
8881,0.2871813022974773
8882,0.3136132127384344
8883,0.3687744615084624
8884,0.31509746938045974
8885,0.33724549321333325
8886,0.2741374010860233
8887,0.3162877684512449
8888,0.32205512039932443
8889,0.2558778132217737
8890,0.28285540722890734
8891,0.3292426983855317
8892,0.3076319733289813
8893,0.31733977454696927
8894,0.2922589615061823
8895,0.2739435126292097
8896,0.2762417194109402
8897,0.3650208091498474
8898,0.39839043614869707
8899,0.30088629798764277
8900,0.31146560942104634
8901,0.2463088398378193
8902,0.3107662268206631
8903,0.29005755454793136
8904,0.34755917186406987
8905,0.28328330572163374
8906,0.1934827311854924
8907,0.22461495874859527
8908,0.33271085147460505
8909,0.29147579355138276
8910,0.3237749215478006
8911,0.3152459746697864
8912,0.293803546785577
8913,0.3486906147553337
8914,0.2510464732725712
8915,0.2941674714907609
8916,0.3248074954621223
8917,0.29417401742331034
8918,0.24109693539664068
8919,0.3428183812866309
8920,0.20893388035437963
8921,0.277174045231732
8922,0.34370668704592144
8923,0.2984611857558213
8924,0.3187678191726092
8925,0.2968656818875923
8926,0.1929480876868851
8927,0.2654408794539636
8928,0.36232775905798587
8929,0.2929378595590189
8930,0.28957271710428295
8931,0.2992645262780513
8932,0.28922891817701124
8933,0.3471558482709427
8934,0.21776638067183388
8935,0.38790035141302354
8936,0.4196928497640007
8937,0.3693312467596228
8938,0.2467890597476382
8939,0.29958410840248384
8940,0.31392210113335967
8941,0.2944622296971087
8942,0.35145727388598075
8943,0.2711948017085122
8944,0.3216520500178958
8945,0.3505971353185608
8946,0.3070351487842938
8947,0.3315996395599361
8948,0.34826661108251555
8949,0.3923352005877061
8950,0.30041506151029884
8951,0.3389397374210122
8952,0.33275363936143165
8953,0.2975534765564675
8954,0.35428481039980936
8955,0.24736140316197378
8956,0.28881040019494997
8957,0.13339549420723018
8958,0.2625717024476148
8959,0.30945764394550757
8960,0.3391771052174488
8961,0.12721628901074047
8962,0.2902887186583426
8963,0.3257639462995723
8964,0.3757435281533554
8965,0.33849983980927756
8966,0.28705892363087754
8967,0.30158225142550216
8968,0.39477952552084583
8969,0.30134273464047884
8970,0.26556638770508956
8971,0.3740864885675162
8972,0.3556221494276765
8973,0.2886399902975263
8974,0.3166064878192067
8975,0.3394438461726088
8976,0.3069426953523431
8977,0.06331120210855265
8978,0.3039989428698742
8979,0.282366237901616
8980,0.30826131309749694
8981,0.3420410716397283
8982,0.335345125956178
8983,0.33970201196929367
8984,0.3120656268257832
8985,0.318926177782225
8986,0.2856097596833673
8987,0.3041007818862326
8988,0.33674028260013494
8989,0.3139619949723706
8990,0.29754638194959393
8991,0.33003542761993765
8992,0.3620482619183021
8993,0.2962240654491212
8994,0.33090094878054216
8995,0.29970316116161066
8996,0.326676298294226
8997,0.31717002243482845
8998,0.3561521227810724
8999,0.36183754360018383
9000,0.35378945463168276
9001,0.3028952497668357
9002,0.18963420639669482
9003,0.3287290077045743
9004,0.21269548859555032
9005,0.308574381032093
9006,0.21167696052187002
9007,0.3284311353787474
9008,0.2708875676194772
9009,0.2586811566481549
9010,0.2738413069353765
9011,0.2462113013126567
9012,0.27714506126940835
9013,0.2685504030697231
9014,0.38570520388677854
9015,0.24707856492207772
9016,0.2859753371573348
9017,0.3007993196224252
9018,0.2624310548845655
9019,0.3064511690706727
9020,0.3274508644227357
9021,0.23650847360162622
9022,0.20294402695363148
9023,0.3326928579048138
9024,0.14025940488885047
9025,0.18250316358422344
9026,0.33977777722333763
9027,0.27977834122996365
9028,0.3122207479269023
9029,0.3321711232688494
9030,0.34465078677900796
9031,0.2983350811074502
9032,0.3437567581691548
9033,0.34521810989575724
9034,0.23108590762580503
9035,0.28832593571470116
9036,0.3526181440705152
9037,0.39849646520063964
9038,0.3000108826127247
9039,0.28948656548022306
9040,0.23493570085639873
9041,0.296076095809026
9042,0.34325391527193405
9043,0.32785185367225206
9044,0.2497758172885696
9045,0.2792950961850115
9046,0.3240864237732929
9047,0.2889463083559845
9048,0.2911539725224548
9049,0.2465314751034184
9050,0.18810064433735016
9051,0.2112582154683641
9052,0.31968599822470745
9053,0.3396105329310558
9054,0.3969873837711525
9055,0.1029271185258373
9056,0.3695163358824801
9057,0.22625794798046994
9058,0.3067563767748742
9059,0.2941930871551995
9060,0.29224922775933204
9061,0.4297436104186203
9062,0.3025280082318294
9063,0.2798131865026725
9064,0.2352982930479039
9065,0.30348312423971535
9066,0.32659779232067526
9067,0.2601991847450686
9068,0.26876810945390833
9069,0.41062935479835055
9070,0.28994027927402655
9071,0.3247198410500819
9072,0.3081391371624013
9073,0.3369929022135088
9074,0.1422307093760993
9075,0.14223070937609947
9076,0.27856088839374255
9077,0.2671034662626661
9078,0.10577068054067874
9079,0.36296198716273353
9080,0.17936739248102582
9081,0.31299332461483803
9082,0.26840511396140715
9083,0.36545315208854773
9084,0.33487681315446866
9085,0.29371012683536285
9086,0.2978151924017226
9087,0.32638999104918986
9088,0.39522600778770833
9089,0.31145419014057085
9090,0.28976078102838987
9091,0.23001802753070721
9092,0.28520658612774197
9093,0.32399638951604104
9094,0.2610786642011986
9095,0.34502483480033763
9096,0.3098206408306925
9097,0.3064144811506376
9098,0.31189498593965753
9099,0.3703256164948659
9100,0.31673355348457255
9101,0.34886835409492806
9102,0.21639899640634233
9103,0.3210550857504561
9104,0.3706272310480953
9105,0.2604536904982826
9106,0.3592609461262094
9107,0.2632284185741755
9108,0.36093610044356267
9109,0.40874100171631117
9110,0.32265101279520275
9111,0.3387591295105299
9112,0.3422962799631463
9113,0.2700307474093585
9114,0.3172095207859494
9115,0.22251934632430334
9116,0.31821606336609226
9117,0.36436191663487477
9118,0.25101373369660385
9119,0.2969953690536028
9120,0.3025255279587555
9121,0.34086130471893333
9122,0.2959189012151537
9123,0.32082857799300524
9124,0.33347402231713347
9125,0.24264709509843158
9126,0.7448830238601678
9127,0.2868636914465041
9128,0.2822987509503445
9129,0.2693519129018351
9130,0.308642019567808
9131,-0.09062832961580594
9132,0.28505676480296444
9133,0.3731470551916802
9134,0.3103579255470059
9135,0.3094205670641444
9136,0.370914726286491
9137,0.29615437129766864
9138,0.2737873347104534
9139,0.29900377943059325
9140,0.35338895606150966
9141,0.1794497368327815
9142,0.3484692238982639
9143,0.37733131333297537
9144,0.12980034626370351
9145,0.24183306636192878
9146,0.34183121920506115
9147,0.29131863757262855
9148,0.30993447379288286
9149,0.19866014125514445
9150,0.29231980351478637
9151,0.3209379355644508
9152,0.25438529158740686
9153,0.30666279918107126
9154,0.2663099756523249
9155,0.3602746853465035
9156,0.2964708043800876
9157,0.3044950380485131
9158,0.2725368196378673
9159,0.2827482477363711
9160,0.7896733812639626
9161,0.2896464025386581
9162,0.2691286627377275
9163,0.13967255084663643
9164,0.3027685265763141
9165,0.32925004105977757
9166,0.30038006630300146
9167,0.3536394441128212
9168,0.3660213806824835
9169,0.14092469365128862
9170,0.3309378242962405
9171,0.30373948169046344
9172,0.28493792177083516
9173,0.7660451698780111
9174,0.35497986651826413
9175,0.3559746641520898
9176,0.2911982917867492
9177,0.2891687014896198
9178,0.37432853004474376
9179,0.35881898704901066
9180,0.3526363948970248
9181,0.3193255474987481
9182,0.2630971993914461
9183,0.3018696578978449
9184,0.2613005852355124
9185,0.32960992510375603
9186,0.3135055670420576
9187,0.3459950397789255
9188,0.18308702648883315
9189,0.2804740976273929
9190,0.35243664549623677
9191,0.20842723765807697
9192,0.11931753454096405
9193,0.340613041294746
9194,0.3299946965182717
9195,0.4380614870237917
9196,0.18421076097953623
9197,0.3351522371348442
9198,0.3058033432082987
9199,0.3127968308996645
9200,0.3060666820606353
9201,0.1057557881328943
9202,0.424278273629487
9203,0.11563550456152166
9204,0.18268678931923174
9205,0.3514906253113619
9206,0.2633266729401595
9207,0.3668497833330077
9208,0.26512702273603284
9209,0.1883786131029479
9210,0.34267476547351994
9211,0.3747188252168082
9212,0.32814347864788973
9213,0.40962137570308416
9214,0.13787496646743064
9215,0.12094536875206738
9216,0.15558036659792757
9217,0.05927807677250069
9218,0.17075183163723487
9219,0.09713437575684007
9220,0.32458430224298185
9221,0.2995269207427223
9222,0.3244037574023493
9223,0.2986666977082589
9224,0.2813402871303704
9225,0.26983009910930783
9226,0.37155695145532647
9227,0.28846181873474747
9228,0.3771171364195454
9229,0.29975107727389366
9230,0.26510887591528126
9231,0.16986782209191034
9232,0.3836355614218065
9233,0.22941080011953963
9234,0.3208984273206182
9235,0.15162044636305316
9236,0.27974013241608436
9237,0.2662586036639939
9238,0.19070140339800357
9239,0.32325622188787195
9240,0.3569317568794866
9241,0.3950081949733012
9242,0.4695857019388419
9243,0.3304075645923757
9244,0.36086672593473534
9245,0.3119783091790903
9246,0.30761752372047574
9247,0.762377373098679
9248,0.4256534053716835
9249,0.32200969617626274
9250,0.3921978692538607
9251,0.12067364999383358
9252,0.13558168819431227
9253,0.3092693820776568
9254,0.3565685972852739
9255,0.29147671181861406
9256,0.12600636518592906
9257,0.38948343617739933
9258,0.30462506983880344
9259,0.2626965726765674
9260,0.3594211105612015
9261,0.3436384244146442
9262,0.375027244533696
9263,0.12104091849452189
9264,0.31530029798936177
9265,0.372565144342852
9266,0.1427716142240311
9267,0.29774983736390126
9268,0.15407384025477372
9269,0.12389319568719043
9270,0.3266923088627548
9271,0.0765363713948637
9272,0.3348561019650137
9273,0.14379482689401785
9274,0.14201752999539566
9275,0.37904225044926126
9276,0.28723567450479864
9277,0.29325601433939197
9278,0.19251339134209175
9279,0.1380119443992187
9280,0.09487972197160899
9281,0.09487972197160963
9282,0.27795105269031595
9283,0.16153053080525476
9284,0.6348093301346336
9285,0.17902517694948253
9286,0.17074053395128486
9287,0.4716074565257098
9288,0.20246465590131418
9289,0.1862226924804078
9290,0.17478587846409976
9291,0.31028464708631137
9292,0.30541133902326817
9293,0.35643331513236
9294,0.14695024260033737
9295,0.29341943441094515
9296,0.12191668199907763
9297,0.22207268641693614
9298,0.3784097344592611
9299,0.3040032044038513
9300,0.30612296715085296
9301,0.41879809920229744
9302,0.16040851549761417
9303,0.22560849610986924
9304,0.16454680894203033
9305,0.16459910001773995
9306,0.3426404171786592
9307,0.35724597670789776
9308,0.36286257197399036
9309,0.1577137226193423
9310,0.14765373828182993
9311,0.7549713597506575
9312,0.1539365825495944
9313,0.3944624877206038
9314,0.40976869663218674
9315,0.3848499072618767
9316,0.12465227182313877
9317,0.3711749209342446
9318,0.17665665585254095
9319,0.1496094921589736
9320,0.17963286165885678
9321,0.309997051471199
9322,0.16701776572628108
9323,0.18004719746192743
9324,0.17306611604475228
9325,0.33247628188048933
9326,0.148764734864678
9327,0.14317622308886904
9328,0.1707708149629123
9329,0.17127365044102005
9330,0.32531408947006074
9331,0.7524764851077511
9332,0.3693288580758886
9333,0.4703083010148808
9334,0.15236440899957762
9335,0.33396211387503116
9336,0.34447218798047574
9337,0.6002416778186418
9338,0.1619177421565252
9339,0.17806499368090423
9340,0.11125018811930713
9341,0.34449151205457507
9342,0.15042453527349745
9343,0.440225237449221
9344,0.29279759396918537
9345,0.3259324711634991
9346,0.20153541843462233
9347,0.3900895231878628
9348,0.4778833281015983
9349,0.34816847452182265
9350,0.1375111774185031
9351,0.34666224575422777
9352,0.08084868071444555
9353,0.0808486807144455
9354,0.35635109258366915
9355,0.23622721984380404
9356,0.4525292116298515
9357,0.24065458007432863
9358,0.41623952927186403
9359,0.1105449738286586
9360,0.16529696009921546
9361,0.3422658691240245
9362,0.3624809063961272
9363,0.1139836086862543
9364,0.3823254895419225
9365,0.1446752842226197
9366,0.3000340168051648
9367,0.35081027181180807
9368,0.16547850367407432
9369,0.16273225508279576
9370,0.3907678320267074
9371,0.11419624237815534
9372,0.3994837105030967
9373,0.4374849252775581
9374,0.4101815183546172
9375,0.10527403620149438
9376,0.25762104500184696
9377,0.2994289688892394
9378,0.12222261254394913
9379,0.14028868785641066
9380,0.3516643071350143
9381,0.13491394362425171
9382,0.3244366205960338
9383,0.3239300796322604
9384,0.08021615614007832
9385,0.08021615614007874
9386,0.12122260731724319
9387,0.09482777568603644
9388,0.3252621130969981
9389,0.16076494792228396
9390,0.1597123381851343
9391,0.17483016526787384
9392,0.14793686497691835
9393,0.3022597216453574
9394,0.3197122206239164
9395,0.6676440436933219
9396,0.1668397804150511
9397,0.1828432089502397
9398,0.136021433570304
9399,0.1082867259980056
9400,0.13240899844893236
9401,0.13240899844893117
9402,0.08444630529286168
9403,0.3071901017521368
9404,0.360326721208901
9405,0.20588329991002896
9406,0.6683173168446407
9407,0.12269287155276319
9408,0.10693946880992201
9409,0.3219257565940506
9410,0.20893350242834138
9411,0.14900781114197215
9412,0.3273674182801129
9413,0.6121435874954373
9414,0.17932762963454535
9415,0.21293530916862013
9416,0.10243912036609722
9417,0.3335867895115019
9418,0.2282698136473485
9419,0.15317907098361502
9420,0.14916386184492406
9421,0.6246625551650145
9422,0.17685605693603856
9423,0.1768560569360376
9424,0.35998962750749297
9425,0.34933311915362686
9426,0.1776677590376553
9427,0.31597339143864567
9428,0.29853567585256924
9429,0.13146502556793688
9430,0.21104701452994415
9431,0.26357995944753326
9432,0.16176088581632955
9433,0.6727107386214397
9434,0.5039994431633824
9435,0.17584224404554516
9436,0.3291180741971657
9437,0.3209363603038128
9438,0.17579450527085044
9439,0.6360472710426079
9440,0.135472628004942
9441,0.11205153046611437
9442,0.15194665646303737
9443,0.13786095306464272
9444,0.3142453983820787
9445,0.13746672828161333
9446,0.6113529142296812
9447,0.12524124217412377
9448,0.3445492982021928
9449,0.3007255370006129
9450,0.14797798760786754
9451,0.31069354231280943
9452,0.3444655929896283
9453,0.11909980500845331
9454,0.3588259502009331
9455,0.11832061261500637
9456,0.18970542462524584
9457,0.1530001072024366
9458,0.6905902505919937
9459,0.6623794992904121
9460,0.1570115703186927
9461,0.12303190940972465
9462,0.12953442710670543
9463,0.1313362637424343
9464,0.6953352761139422
9465,0.1836323599187879
9466,0.367325764804023
9467,0.11344029373021507
9468,0.12546619616755877
9469,0.32851462344376914
9470,0.3162697296171804
9471,0.6040880315899549
9472,0.6937947253576405
9473,0.13915044736343835
9474,0.501505944485884
9475,0.07721114355729701
9476,0.10371180797940685
9477,0.32573306185016127
9478,0.3530489911263433
9479,0.5541370135745031
9480,0.15079323436449288
9481,0.4514206421272906
9482,0.18212569125099426
9483,0.37660915944041673
9484,0.31350692924700546
9485,0.5455330963586111
9486,0.23585719643114947
9487,0.13361869858401149
9488,0.15627892809650487
9489,0.34975481118988205
9490,0.20146806142149015
9491,0.34404766549369586
9492,0.3394492850634896
9493,0.1721127341154744
9494,0.36341132030798556
9495,0.1881523295751206
9496,0.205306782493061
9497,0.20415159872670222
9498,0.12551568981344746
9499,0.16612360091989276
9500,0.16612360091989187
9501,0.32998599057262584
9502,0.35069190469967115
9503,0.2957775809731402
9504,0.07516389443707391
9505,0.10035222274660824
9506,0.12437730241338497
9507,0.3861657406497412
9508,0.12380450787688284
9509,0.6421017077950316
9510,0.15414751809876476
9511,0.16155845267400312
9512,0.35494591204237685
9513,0.1709326484449358
9514,0.08794788691802205
9515,0.1385013959164708
9516,0.18913365421833256
9517,0.20232607497029786
9518,0.35732623380791195
9519,0.193188687273028
9520,0.16282064275129945
9521,0.16282064275130004
9522,0.34262715798320353
9523,0.18939890031790016
9524,0.22893510440496545
9525,0.35699265315437206
9526,0.33093605117279024
9527,0.2332228853390489
9528,0.1811732538765225
9529,0.4089768168367191
9530,0.33160986778167084
9531,0.14420827799021585
9532,0.10003548987561033
9533,0.1752117771016835
9534,0.2632016422776981
9535,0.39795355336601207
9536,0.16397170568662942
9537,0.14396522893792713
9538,0.37662850658579133
9539,0.1655636573966292
9540,0.2336431310667496
9541,0.3278750670825199
9542,0.3988771651009342
9543,0.3757733400767507
9544,0.3722159092940872
9545,0.38036287681393144
9546,0.1388160455555551
9547,0.2489564504844444
9548,0.3615318633334674
9549,0.5792126172136094
9550,0.14267458721873943
9551,0.10705357016480282
9552,0.1788076472927033
9553,0.092029673779437
9554,0.16394073770133194
9555,0.049502636657906274
9556,0.2684149556047109
9557,0.08971976205574163
9558,0.14563587216268692
9559,0.09466124907990947
9560,0.1485837895627059
9561,0.10219064778491573
9562,0.17736557436001474
9563,0.16794890189520845
9564,0.1086239310622347
9565,0.044477323102889
9566,0.0444773231028891
9567,0.14134730670682857
9568,0.10366520608469583
9569,0.35053471914001744
9570,0.17961444288839867
9571,0.17761217800969908
9572,0.32932593411389516
9573,0.3739700407667954
9574,0.5932903597748265
9575,0.11941328528632277
9576,0.12042624820959102
9577,0.17521935895251248
9578,0.3623851069745237
9579,0.12488433693305431
9580,0.32572031616541497
9581,0.39407099321699285
9582,0.34708778622205155
9583,0.384803492529423
9584,0.34613966137781466
9585,0.1537596561311749
9586,0.163546411570996
9587,0.3086897201978771
9588,0.35707050997117007
9589,0.07484948128299106
9590,0.10965574295239672
9591,0.3114286902226251
9592,0.14441992409270057
9593,0.1689866412221506
9594,0.21066083814575653
9595,0.249733028816366
9596,0.18131337002327094
9597,0.2643751000967345
9598,0.08804464519546376
9599,0.22254266913965748
9600,0.3085583640078007
9601,0.37782874019652163
9602,0.33774507094045064
9603,0.3512146688010373
9604,0.10910473796285398
9605,0.2129440639137372
9606,0.10105207605318603
9607,0.13547973928600623
9608,0.16240992607792717
9609,0.13518381919061254
9610,0.15628210161722908
9611,0.1947082476521847
9612,0.21233491298694893
9613,0.7328374615983986
9614,0.21257182856092235
9615,0.1812603956838033
9616,0.35122780545397414
9617,0.3465389054368562
9618,0.1905563721800412
9619,0.14795893325921003
9620,0.4038669886299625
9621,0.3345006236355128
9622,0.3755568180632185
9623,0.1359173779095768
9624,0.11883492722316456
9625,0.1396710360272468
9626,0.34307612754584754
9627,0.09221071225734696
9628,0.1103171524522708
9629,0.345141900412698
9630,0.3231036822119804
9631,0.1626322138261071
9632,0.19069278255985994
9633,0.21318585855643168
9634,0.13810610120556463
9635,0.35732127670865754
9636,0.14275031194505064
9637,0.22766836135827134
9638,0.18365933748985006
9639,0.08817388728139368
9640,0.13074856200006296
9641,0.12128419632029164
9642,0.13080882494466806
9643,0.11319985268425084
9644,0.06764242087470232
9645,0.25896277735016526
9646,0.17821230341075422
9647,0.012096283221347596
9648,0.06613450315889721
9649,0.06613450315889897
9650,0.36343237984319254
9651,0.23850125467803795
9652,0.11437906778680687
9653,0.08629656496258475
9654,0.008891700275180738
9655,0.008891700275179422
9656,0.3918079483483564
9657,0.12675458913170268
9658,0.1686236441559822
9659,0.3853262130116816
9660,0.18159682534033736
9661,0.15239253326789975
9662,0.03110799053559598
9663,0.3466247244947394
9664,0.4215218297720624
9665,-0.035523222169381245
9666,0.3393316567816093
9667,0.3393316567816098
9668,-0.1672172646757084
9669,-0.16721726467570858
