epoch,split,lr,loss,balanced_loss,raw_loss,masked_loss,unmasked_loss,jigsaw_loss,coverage_loss,masked_loss_norm,unmasked_loss_norm,jigsaw_loss_norm,coverage_loss_norm,peak_bin_frac,masked_peak_bins_mean,jigsaw_token_accuracy,mask_ratio
1,train,2.9999999999999997e-05,1.531065558106446,1.531065558106446,5.2268940791610845,0.0322077276439152,0.02761998654474035,5.191924359187607,0.0,0.5044669346991649,0.3950738643934904,0.9870912341539525,0.0,0.171875,8.788266185886604,0.024817264446419133,0.3989940465481813
1,val,2.9999999999999997e-05,1.5084650829190114,1.5084650829190114,5.031775927934491,0.0071601814315578,0.001876750321616037,5.024428062751645,0.0,0.5008361373768478,0.23232318802935178,0.9843966267148002,0.0,0.17187500024428132,8.71516393442623,0.044222472143954916,0.3957668191096822
2,train,5.9999999999999995e-05,1.9358417455815087,1.9358417455815087,4.973277994423858,0.008068465346793743,0.003464301277436932,4.964863101312937,0.0,0.8629426143386147,0.7996964804397142,0.9929294896519874,0.0,0.171875,8.822400140368249,0.04375295929056554,0.40078306592200413
2,val,5.9999999999999995e-05,1.6826568451084074,1.6826568451084074,4.891270754767246,0.004943962735658298,0.00048186436064587144,4.8862786293029785,0.0,0.6753100801686771,0.16000206389876662,0.9913465693348744,0.0,0.17187500024428132,8.71516393442623,0.06092809458247951,0.3957668191096822
3,train,8.999999999999999e-05,2.0441169049129013,2.0441169049129013,4.883401334778337,0.006134584736586971,0.0021704952372045617,4.8770497042285506,0.0,0.9566306457046635,0.9042115997184407,0.9970651079307903,0.0,0.171875,8.760933198219488,0.0546932168120195,0.39850509265237605
3,val,8.999999999999999e-05,1.7303238892164388,1.7303238892164388,4.8151342360699765,0.004281939144750111,0.0004012696530868406,4.810812152800013,0.0,0.7186669746383292,0.21372839271045121,0.9902840803881161,0.0,0.17187500024428132,8.71516393442623,0.07351934714395492,0.3957668191096822
4,train,0.00011999999999999999,2.0012939261996054,2.0012939261996054,4.831787631531392,0.004646774882658516,0.0011534075173818745,4.827025504151652,0.0,0.9181470742895583,0.8472894696164722,0.9984179107118244,0.0,0.171875,8.775223830514703,0.06073687425699116,0.4004000409329233
4,val,0.00011999999999999999,1.8363781268479393,1.8363781268479393,4.781466007232666,0.0033013206127969945,0.0002489196714853532,4.7781397710081,0.0,0.8170065723481725,0.28100032518144513,0.9912715300184781,0.0,0.17187500024428132,8.71516393442623,0.07815401671362705,0.3957668191096822
5,train,0.00015,2.054317123633771,2.054317123633771,4.794579458630775,0.0036818882953644967,0.00048264201424057663,4.790849307351861,0.0,0.9732010798020796,0.8283583571102994,0.9982802114210838,0.0,0.171875,8.784090909090908,0.06603222050942666,0.3989590731534091
5,val,0.00015,1.9876789538586725,1.9876789538586725,4.740787052717365,0.0034365195601598407,0.00015405374345346735,4.737335126908099,0.0,0.9559736652452437,0.4051781316272548,0.9911874601098357,0.0,0.17187500024428132,8.71516393442623,0.08261458600153689,0.3957668191096822
6,train,0.00017999999999999998,2.0667415837611047,2.0667415837611047,4.762658123142463,0.003254649211548669,0.000241494829326768,4.759379317937803,0.0,0.9812830462436045,0.8667755880631691,0.9987809778737627,0.0,0.171875,8.774276859504132,0.06971702890947831,0.39908147978881175
6,val,0.00017999999999999998,1.9104924612357967,1.9104924612357967,4.717949257522333,0.0029837139061514714,5.859771188058448e-05,4.7149597074164715,0.0,0.8883216337102359,0.2970991122429488,0.9924608986885821,0.0,0.17187500024428132,8.71516393442623,0.08602855244620902,0.3957668191096822
7,train,0.00020999999999999998,2.0402601198716597,2.0402601198716597,4.7348912648918215,0.0030243496876209974,0.0001337698247745029,4.731853520574648,0.0,0.9535989507663348,0.8790510240172552,0.9987560606692448,0.0,0.171875,8.83363464450048,0.07271506569602272,0.40077835801711753
7,val,0.00020999999999999998,2.056764569438872,2.056764569438872,4.6869625654376925,0.002800685805879289,4.003819046121236e-05,4.684157879626165,0.0,1.0278869202879608,0.3682707086449764,0.9920505871538257,0.0,0.17187500024428132,8.71516393442623,0.09005487160604508,0.3957668191096822
8,train,0.00023999999999999998,2.067127259802227,2.067127259802227,4.713389713902119,0.0027846230852055895,8.191966046355491e-05,4.710596908222545,0.0,0.9770419339010538,0.9069248080746202,0.9993928436898003,0.0,0.171875,8.860537190082646,0.07661534670340128,0.4022980157501441
8,val,0.00023999999999999998,2.1113338802681594,2.1113338802681594,4.68194251764016,0.0026386059385525885,3.5392804510011645e-05,4.67930037076356,0.0,1.0658958568924763,0.514426867981426,0.9939953469839252,0.0,0.17187500024428132,8.71516393442623,0.09194395972079918,0.3957668191096822
9,train,0.00027,2.11303829407889,2.11303829407889,4.69229820149004,0.0026107168119508498,5.39515543599663e-05,4.689682087622399,0.0,1.0213791609795626,0.9282154615752953,0.9988375988380969,0.0,0.171875,8.800576793260811,0.07896099670613108,0.398514844908202
9,val,0.00027,1.9057033824138954,1.9057033824138954,4.654589418505059,0.002460341200186703,1.851318549716914e-05,4.652127258113174,0.0,0.8735605825166233,0.3823336924685807,0.9939094312855454,0.0,0.17187500024428132,8.71516393442623,0.09513679879610656,0.3957668191096822
10,train,0.0003,2.0793395244385584,2.0793395244385584,4.679760359535533,0.0025417798979030844,4.282976380847144e-05,4.677214275706898,0.0,0.9857785347079443,0.9408866965081081,0.9994723252521074,0.0,0.171875,8.778581268531232,0.0817606271791064,0.4005749075373342
10,val,0.0003,1.903378740685885,1.903378740685885,4.65031620713531,0.0023294982641599462,1.3160545587779183e-05,4.647985403655006,0.0,0.8719701527572069,0.35795920354421024,0.9956126740721406,0.0,0.17187500024428132,8.71516393442623,0.09949230756915983,0.3957668191096822
11,train,0.0003,2.055933490272396,2.055933490272396,4.659522844740182,0.00234625266272236,2.826494835987004e-05,4.657173765592338,0.0,0.9621236974542792,0.9471484691150918,0.9990949453401171,0.0,0.171875,8.814006545326926,0.08539087386909595,0.40168093846849173
11,val,0.0003,1.9939439707115048,1.9939439707115048,4.618552590979904,0.002111637109860045,1.788709964710536e-05,4.616439225243741,0.0,0.9377245746675085,0.6293686882394259,0.9932825233115524,0.0,0.17187500024428132,8.71516393442623,0.10255607229764344,0.3957668191096822
12,train,0.0002999951495796209,2.115225746119318,2.115225746119318,4.645663856474822,0.0023332745934093817,1.9573304436848093e-05,4.64332862530858,0.0,1.024183951256689,0.9142746324381552,0.9996143286385812,0.0,0.171875,8.785511363636363,0.08776082021515232,0.3999850690857438
12,val,0.0002999951495796209,1.8841157643521418,1.8841157643521418,4.604074790829518,0.002190266651880057,8.208369450346896e-06,4.601883731904577,0.0,0.8481432150621884,0.4393756931922475,0.9920349795310224,0.0,0.17187500024428132,8.71516393442623,0.10650334592725409,0.3957668191096822
13,train,0.0002999805986332205,2.0627295158126135,2.0627295158126135,4.632544381559388,0.002187433867611391,1.5392985062120233e-05,4.630355419206225,0.0,0.9676797005755842,0.9553308262805308,0.9995167282494631,0.0,0.171875,8.786630512269076,0.09043400873206864,0.39911678938333656
13,val,0.0002999805986332205,1.9518042939608213,1.9518042939608213,4.588188312092766,0.0020225861655609285,8.011956301519692e-06,4.5861649278734555,0.0,0.9078030249134439,0.5299522686200063,0.9910060294338914,0.0,0.17187500024428132,8.71516393442623,0.11116703221055328,0.3957668191096822
14,train,0.00029995634810498883,2.080330530966609,2.080330530966609,4.6214007858402475,0.0021837828630362137,1.4990932830803728e-05,4.619215494345043,0.0,0.9838205232354235,0.9687458291526668,0.9996354286828317,0.0,0.171875,8.748235194151066,0.0934943417625979,0.3997180613358159
14,val,0.00029995634810498883,2.0139379325460216,2.0139379325460216,4.582907356199671,0.0020174675537120612,7.133479260521766e-06,4.580889178104088,0.0,0.9679064652958854,0.5438419780770286,0.9916472718363902,0.0,0.17187500024428132,8.71516393442623,0.11238573418288934,0.3957668191096822
15,train,0.0002999223995685079,2.0957023614694266,2.0957023614694266,4.613950118545659,0.002154751670689222,1.1242965815316075e-05,4.611794235292545,0.0,1.0019183020946407,0.9426430796296144,0.9995197481360317,0.0,0.171875,8.786630510298673,0.0950402294185536,0.3997073003575822
15,val,0.0002999223995685079,2.0396270478358036,2.0396270478358036,4.574657705963635,0.0021422038429233506,5.094297320596763e-06,4.57251501083374,0.0,0.9962004828648489,0.5124431325763953,0.9921822626082624,0.0,0.17187500024428132,8.71516393442623,0.11475609951331968,0.3957668191096822
16,train,0.0002998787552266496,2.0724391838735787,2.0724391838735787,4.60397033454958,0.0020510378247511783,9.226583332830076e-06,4.601918378152138,0.0,0.9768451723185453,0.9577717438709638,0.9998168361581061,0.0,0.171875,8.841554752066116,0.09724514543517562,0.40036977556618775
16,val,0.0002998787552266496,2.1793355199157216,2.1793355199157216,4.564760176861872,0.0022114914666372734,4.160735342651844e-06,4.56254825435701,0.0,1.1372015241716729,0.5122170448303223,0.9909122947786675,0.0,0.17187500024428132,8.71516393442623,0.11655213402920082,0.3957668191096822
17,train,0.0002998254179114328,2.104684981432828,2.104684981432828,4.593849649114057,0.0020166699099162023,7.843461887678733e-06,4.5918321905057295,0.0,1.004795928139332,1.006249808329196,0.9992640725344666,0.0,0.171875,8.809357784996347,0.09973068867833161,0.4003247138389871
17,val,0.0002998254179114328,1.9466487677370916,1.9466487677370916,4.548394523683141,0.0018075263818542733,4.764589739054037e-06,4.546586513519287,0.0,0.8992222982351897,0.5638864079459769,0.9910378270461911,0.0,0.17187500024428132,8.71516393442623,0.12115978803790983,0.3957668191096822
18,train,0.0002997623910838393,2.1026632780871117,2.1026632780871117,4.588412738043415,0.0019680321541776465,6.9800966444324505e-06,4.586443981848473,0.0,1.004137758873711,0.9852106344601339,1.0000044503980432,0.0,0.171875,8.76726067558793,0.10092928131257208,0.3992751781359192
18,val,0.0002997623910838393,2.0395736264400797,2.0395736264400797,4.544971176835357,0.0018670033228385156,1.2262703078659634e-05,4.54310293666652,0.0,0.8993497339428448,1.4997029148164343,0.9902535989636281,0.0,0.17187500024428132,8.71516393442623,0.12347011878842214,0.3957668191096822
19,train,0.00029968967883358983,2.0980771922868144,2.0980771922868144,4.575597808380757,0.00192786496558827,6.343330921879912e-06,4.573669317340062,0.0,1.0041517191681981,0.9448723578748625,0.9994382360749994,0.0,0.171875,8.776730371900827,0.10361407152261616,0.4000866262873342
19,val,0.00029968967883358983,2.0577883798567975,2.0577883798567975,4.526657464074307,0.0020195190044745926,7.815631731512544e-06,4.5246371753880235,0.0,0.9445693795798255,1.2425328883968416,0.9889656950215824,0.0,0.17187500024428132,8.71516393442623,0.12594454405737704,0.3957668191096822
20,train,0.00029960728587887794,2.073632605312284,2.073632605312284,4.57049821428031,0.001954540995397982,6.410340525006117e-06,4.568543038092369,0.0,0.9767796570850797,0.9724137802754552,0.9996115700765089,0.0,0.171875,8.791580578512397,0.10515045922649793,0.39938985020661155
20,val,0.00029960728587887794,2.22221839427948,2.22221839427948,4.525162032393158,0.002169991893022031,6.335957625167078e-06,4.52299144619801,0.0,1.1186330767928576,1.1308437849654527,0.9905009445596914,0.0,0.17187500024428132,8.71516393442623,0.12690009445440573,0.3957668191096822
21,train,0.0002995152175660644,2.0691194795379952,2.0691194795379952,4.560895346412974,0.0018425805350834857,7.3000165301448215e-06,4.559052024005858,0.0,0.9717785858910931,0.9804788436278824,0.9992930219193136,0.0,0.171875,8.881198347107437,0.10869091866183872,0.40306641974232416
21,val,0.0002995152175660644,2.059891046070662,2.059891046070662,4.505939960479736,0.0017141652156095035,3.6869829407388338e-06,4.50422541039889,0.0,0.9995786381549523,0.7047414359499197,0.9898382610962039,0.0,0.17187500024428132,8.71516393442623,0.13265841124487704,0.3957668191096822
22,train,0.00029941347986933015,2.12828917592025,2.12828917592025,4.549792872972725,0.0018439810294446281,4.894464480886267e-06,4.547948403791948,0.0,1.0255566259061009,1.0319221783275447,0.9995403348906966,0.0,0.171875,8.789385330578513,0.11124464306087534,0.39901186944532
22,val,0.00029941347986933015,2.104921856864554,2.104921856864554,4.49337830309008,0.001897786003461138,9.425855579570825e-06,4.491479568794126,0.0,0.964772171661502,1.5087293875022012,0.9892767364861536,0.0,0.17187500024428132,8.71516393442623,0.1337980676869877,0.3957668191096822
23,train,0.00029930207939028844,2.104161733930761,2.104161733930761,4.5454548410147675,0.0018775323749816214,6.942074037397106e-06,4.543576620827037,0.0,1.0078122684778261,0.9645412362311497,0.9998953394160783,0.0,0.171875,8.759297520661157,0.11278069447264198,0.39987073333795403
23,val,0.00029930207939028844,1.9206162808371372,1.9206162808371372,4.481528266531522,0.0017507708083731352,4.986056745885852e-06,4.479776999989494,0.0,0.843210126532883,0.9020090406058264,0.9872052513185094,0.0,0.17187500024428132,8.71516393442623,0.13815557761270492,0.3957668191096822
24,train,0.0002991810233575568,2.060950677256939,2.060950677256939,4.532530069351196,0.0017627745350603445,4.654798987367256e-06,4.530766828001038,0.0,0.967384271508406,0.9397758691271475,0.9995888168654166,0.0,0.171875,8.855113636363637,0.11619496410173819,0.4004726778130886
24,val,0.0002991810233575568,1.9883988138105049,1.9883988138105049,4.473318639348765,0.0016388089527742417,3.444792467190218e-06,4.47167944517292,0.0,0.9188506075593291,0.8212685135544323,0.9874213621264598,0.0,0.17187500024428132,8.71516393442623,0.1411713146772541,0.3957668191096822
25,train,0.00029905031962628776,2.0974059055659398,2.0974059055659398,4.520823969328699,0.0018608538714845564,4.004956416575015e-06,4.518962716268113,0.0,1.0008112144125394,0.9710978437061152,0.9994849023247553,0.0,0.171875,8.79980199987238,0.11944773442242757,0.39860194182592973
25,val,0.00029905031962628776,1.9158139854181009,1.9158139854181009,4.468443753289395,0.0015845436528401419,2.472516732760581e-06,4.466858949817595,0.0,0.8600561398951734,0.66892023555568,0.9888658171794453,0.0,0.17187500024428132,8.71516393442623,0.14392490074282788,0.3957668191096822
26,train,0.00029890997667765903,2.091870528607329,2.091870528607329,4.515141640812898,0.0017980276024900377,5.5195664863502255e-06,4.513343072134601,0.0,0.9887267598682199,1.0333643715736294,0.9998073348821688,0.0,0.171875,8.804536847043629,0.12123288663704533,0.3998616537279334
26,val,0.00029890997667765903,1.9983452402177404,1.9983452402177404,4.4537458419799805,0.0016933145587424152,2.5216011740443807e-06,4.452052280551097,0.0,0.9565830548278621,0.5523959784234156,0.9865225915048943,0.0,0.17187500024428132,8.71516393442623,0.14502953701331966,0.3957668191096822
27,train,0.0002987600036183235,2.085708582696836,2.085708582696836,4.502301663406624,0.0017056999088761451,3.580285975613527e-06,4.500595609018625,0.0,0.9900795119114159,0.9647858628064148,0.9991504860318396,0.0,0.171875,8.839531681754373,0.1241302910791941,0.4005375802516937
27,val,0.0002987600036183235,2.4859570655666414,2.4859570655666414,4.439507930005183,0.0019590603178138003,1.3553258847169956e-05,4.437547496107758,0.0,1.153682253888396,3.4483549223571526,0.9874393050787879,0.0,0.17187500024428132,8.71516393442623,0.1462552430199795,0.3957668191096822
28,train,0.000298600410179818,2.096532942342364,2.096532942342364,4.494012507525357,0.0017044153745182258,4.7627754921367424e-06,4.492307601881421,0.0,0.9872298289921658,1.0927592467916898,1.0000271880922238,0.0,0.171875,8.800964187984624,0.12659927242058366,0.39952268162049537
28,val,0.000298600410179818,1.9950696347189731,1.9950696347189731,4.433955513063024,0.0015671679675655409,2.591657705840485e-06,4.432388094604993,0.0,0.9697107135272417,0.3920401813553982,0.9861548992454029,0.0,0.17187500024428132,8.71516393442623,0.1500974561347336,0.3957668191096822
29,train,0.00029843120671793215,2.0898804093195387,2.0898804093195387,4.481921834393966,0.0016753590545012839,3.373862296405808e-06,4.480246149803981,0.0,1.004108283514819,0.864314763629732,0.9993406502175922,0.0,0.171875,8.783660470946762,0.1291299615024535,0.4004541822701446
29,val,0.00029843120671793215,1.9818895762083961,1.9818895762083961,4.410423364795622,0.001558627854063191,2.3085380193986594e-06,4.408864513772433,0.0,0.9318003175688572,0.6597191300548491,0.9841173506173931,0.0,0.17187500024428132,8.71516393442623,0.15703545242059427,0.3957668191096822
30,train,0.000298252404212036,2.1128260547464546,2.1128260547464546,4.470534777838337,0.0016826476994613263,4.525784978502712e-06,4.468851670745976,0.0,0.9991241107302263,1.1460772183808414,0.9990942194934719,0.0,0.171875,8.834581611570249,0.132920950897469,0.3992593729298962
30,val,0.000298252404212036,2.0466843159472354,2.0466843159472354,4.400476932525635,0.0014806738148107515,1.4282054150096316e-05,4.3989948522849165,0.0,0.8829701059177274,1.774012393638736,0.9863129512208407,0.0,0.17187500024428132,8.71516393442623,0.16121686091188525,0.3957668191096822
31,train,0.0002980640142643679,2.0638528549966733,2.0638528549966733,4.457967314838378,0.00156237839019765,3.4959556077493206e-06,4.456404599276456,0.0,0.9849910965143156,0.793625621386796,0.9994991970948937,0.0,0.171875,8.806172520661157,0.13578539975911133,0.4000311397816524
31,val,0.0002980640142643679,2.0016732606731478,2.0016732606731478,4.380031898373463,0.0015071256632046377,1.6288040271439192e-06,4.378524600482378,0.0,0.9626509200354092,0.5487149010916226,0.9841508601532608,0.0,0.17187500024428132,8.71516393442623,0.16488497374487704,0.3957668191096822
32,train,0.00029786604909928175,2.099685769928388,2.099685769928388,4.447090428722792,0.00156457523030252,2.5660856380462303e-06,4.44552559694968,0.0,1.0050065144280758,0.9484806208571127,0.9998311984144952,0.0,0.171875,8.886320592943301,0.13884926371830553,0.4026053773223861
32,val,0.00029786604909928175,1.9625148695023333,1.9625148695023333,4.374018630043405,0.0014944806652998582,1.284358539638173e-06,4.3725240425985366,0.0,0.9245628426309491,0.5433447556417497,0.9836175666480768,0.0,0.17187500024428132,8.71516393442623,0.1665439293032787,0.3957668191096822
33,train,0.00029765852156245334,2.0801366759725837,2.0801366759725837,4.435094133881498,0.0015228474474211862,2.5047496958807244e-06,4.433571035211736,0.0,0.9828716438910192,0.979862236286983,0.9992788145857409,0.0,0.171875,8.886535813985777,0.1410610734923812,0.40403188494118775
33,val,0.00029765852156245334,2.0362360008427354,2.0362360008427354,4.366072521835077,0.0014645379164530971,1.631196089531796e-06,4.364607850059134,0.0,0.9768209789620071,0.7407892297525875,0.9853360858119902,0.0,0.17187500024428132,8.71516393442623,0.16931552574282788,0.3957668191096822
34,train,0.0002974414451200471,2.0969095008432372,2.0969095008432372,4.434786906912307,0.0015905630743046377,7.209998053695919e-06,4.433195624469725,0.0,1.0124223437929942,0.8472442018283792,0.9997627373076667,0.0,0.171875,8.788094008264462,0.14102828601175102,0.40072455287964875
34,val,0.0002974414451200471,2.2695038142751476,2.2695038142751476,4.345401584124956,0.0019762148473747685,2.2761460990832495e-06,4.343425164457227,0.0,1.2264690936588851,0.6133509757088833,0.9816996347708781,0.0,0.17187500024428132,8.71516393442623,0.17307569159836064,0.3957668191096822
35,train,0.0002972148338578423,2.07985529673001,2.07985529673001,4.4102690416919295,0.0014373019584435355,3.342295526579634e-06,4.408831411156773,0.0,0.9843379313295538,0.9622628313204473,0.9992910857535591,0.0,0.171875,8.781120867768594,0.14741772530246372,0.3995257081571689
35,val,0.0002972148338578423,2.253017026869977,2.253017026869977,4.327954831670542,0.001521835227680133,8.311312456975966e-06,4.326432157735356,0.0,1.0161930674412212,2.5553907683638277,0.9812848978355283,0.0,0.17187500024428132,8.71516393442623,0.17729312083760246,0.3957668191096822
36,train,0.00029697870248031897,2.076032593723171,2.076032593723171,4.402728620639517,0.0014284912060007207,5.246307902633674e-06,4.401299606670033,0.0,0.9808518108257578,0.9578892934051427,0.999391851592655,0.0,0.171875,8.768164601207765,0.14890417518201937,0.39847180074896693
36,val,0.00029697870248031897,2.013231212975549,2.013231212975549,4.319751012520712,0.0013397486649499443,1.5233729579792496e-06,4.318411123557169,0.0,0.9787442991968061,0.5207955167918908,0.9824073646889359,0.0,0.17187500024428132,8.71516393442623,0.18045794377561475,0.3957668191096822
37,train,0.0002967330663097039,2.1156714484711325,2.1156714484711325,4.384066010309645,0.0015593178027640444,2.2773896327920784e-06,4.3825064631533035,0.0,1.0273358945018989,0.8915352509780363,0.9991820260020327,0.0,0.171875,8.803891185886604,0.15368980218556302,0.3994113722862291
37,val,0.0002967330663097039,1.9184004127002152,1.9184004127002152,4.3000341790621395,0.001426844948284389,9.551488011445636e-07,4.298607232140713,0.0,0.8828749099715811,0.5366872260805036,0.9818567946308949,0.0,0.17187500024428132,8.71516393442623,0.1833526111039959,0.3957668191096822
38,train,0.00029647794128497614,2.0619336277985374,2.0619336277985374,4.372238090215635,0.0014164363388126054,2.377747996659249e-06,4.370821410959417,0.0,0.9622962375071423,1.0014209775638974,0.9994952880646572,0.0,0.171875,8.83105199987238,0.1562247788610537,0.40147816051136365
38,val,0.00029647794128497614,1.9879201064344312,1.9879201064344312,4.286146390633505,0.0013122523182499237,8.822181114022091e-07,4.284834009702088,0.0,0.9611691812999913,0.4560128914528206,0.9811496343769011,0.0,0.17187500024428132,8.71516393442623,0.18798127721567623,0.3957668191096822
39,train,0.00029621334396083294,2.0889629357117268,2.0889629357117268,4.357519295589983,0.0014565608785045141,1.8397572974261359e-06,4.356062569894081,0.0,0.9926784772518252,0.9693743810673391,0.999347014368073,0.0,0.171875,8.856749313921968,0.15930276665805784,0.4009888704158058
39,val,0.00029621334396083294,2.0102686647508965,2.0102686647508965,4.276977023140329,0.0012856182235781654,1.8689624528365056e-06,4.2756912278347325,0.0,0.9196785204723233,1.0837609494318727,0.9822140384892948,0.0,0.17187500024428132,8.71516393442623,0.19020255667264344,0.3957668191096822
40,train,0.00029593929150661545,2.0882714789761,2.0882714789761,4.355413470386473,0.0013111314783450063,3.0309696604238654e-06,4.354102040125319,0.0,0.9893383670690631,0.9918764910914681,0.9997454615663891,0.0,0.171875,8.779829545454545,0.1600917679958107,0.39883834800936957
40,val,0.00029593929150661545,1.9963154695073113,1.9963154695073113,4.269898797644943,0.0012413906949747843,1.512839749458911e-06,4.268657277842037,0.0,0.9310580702101598,0.8342915763620471,0.9818282342347943,0.0,0.17187500024428132,8.71516393442623,0.19131719870645492,0.3957668191096822
41,train,0.00029565580170519477,2.0991695350851893,2.0991695350851893,4.345239584110985,0.0013273788740173413,2.519167191926236e-06,4.343911951238459,0.0,0.9927451032991251,1.063980068549637,1.0000264181578455,0.0,0.171875,8.764807165161637,0.16126144030862602,0.3992321340998342
41,val,0.00029565580170519477,2.038233950489857,2.038233950489857,4.274333414484243,0.0013301156692161057,9.251106177066877e-07,4.273003210786913,0.0,1.023208315255212,0.32330907685834853,0.9826947304069019,0.0,0.17187500024428132,8.71516393442623,0.18999243564293034,0.3957668191096822
42,train,0.00029536289295181776,2.11174550677134,2.11174550677134,4.335303517412548,0.0013752217038461461,1.8632052523353497e-06,4.333928096392923,0.0,1.0252192463756593,0.873002656727783,0.9992259937869615,0.0,0.171875,8.803331611570249,0.16361070541310901,0.40013639591942146
42,val,0.00029536289295181776,1.898313817430715,1.898313817430715,4.2452035497446525,0.001298283679090196,9.403783089927871e-07,4.243905153430876,0.0,0.8605744877799613,0.5800199371869447,0.9797373306555827,0.0,0.17187500024428132,8.71516393442623,0.19407478707735656,0.3957668191096822
43,train,0.0002950605842529138,2.101122539890699,2.101122539890699,4.324858249711596,0.0013321734760880224,2.3454706782250613e-06,4.32352582482267,0.0,0.9945686115952562,1.0655358241609305,1.000000340633156,0.0,0.171875,8.789815772663463,0.16675065310040782,0.39979708761223093
43,val,0.0002950605842529138,1.9394878188117606,1.9394878188117606,4.248990910952209,0.0013608155899955967,1.2610440483170307e-06,4.2476299629836785,0.0,0.9071732803446347,0.5172367843448139,0.9805908613517637,0.0,0.17187500024428132,8.71516393442623,0.19595386942879098,0.3957668191096822
44,train,0.00029474889522486093,2.0776706973383248,2.0776706973383248,4.31657154303937,0.001302945083642209,2.1085869480069327e-06,4.315268396346037,0.0,0.975630204909104,1.030785947668651,0.9989618974283707,0.0,0.171875,8.850206611570249,0.1677204058928923,0.4007793668626754
44,val,0.00029474889522486093,2.480540326384247,2.480540326384247,4.249743344353848,0.0012731470776431752,1.6479710181750412e-05,4.2484685475709005,0.0,0.948380206940604,5.4633947825822675,0.9858206442145051,0.0,0.17187500024428132,8.71516393442623,0.19520443775614754,0.3957668191096822
45,train,0.0002944278460927137,2.0752236808627105,2.0752236808627105,4.30682760427806,0.0013023738411143575,2.2988529337908403e-06,4.305524981711522,0.0,0.9853388699125653,0.9061750284403809,0.9992673057169954,0.0,0.171875,8.78013085530809,0.17018232531537694,0.39997128157083656
45,val,0.0002944278460927137,2.0222420379763744,2.0222420379763744,4.206673286000236,0.0012429382444023476,1.2057004244256785e-06,4.2054302262478185,0.0,0.982176923360981,0.6069775619467751,0.9793673675568377,0.0,0.17187500024428132,8.71516393442623,0.20422463338883196,0.3957668191096822
46,train,0.00029409745768889015,2.099480266413413,2.099480266413413,4.303557321059802,0.00121371674087776,3.3269625489519365e-06,4.302343264098995,0.0,0.9965478381342139,1.0219713124977656,1.0007353006315625,0.0,0.171875,8.794851929688257,0.16997921109692124,0.3990545772816524
46,val,0.00029409745768889015,2.0317539289349416,2.0317539289349416,4.215382411831715,0.0012152517828937681,2.321981774971913e-06,4.214166953915456,0.0,0.9717127622150984,0.8220188099829877,0.9778392881643577,0.0,0.17187500024428132,8.71516393442623,0.20008725025614754,0.3957668191096822
47,train,0.0002937577514518203,2.0896339431281916,2.0896339431281916,4.284296021973791,0.0012993538804633219,1.6355060005732285e-06,4.282996508700789,0.0,1.0067535151134839,0.8444224120664202,0.9984381831874533,0.0,0.171875,8.851928375969248,0.1751022969395661,0.40219982140812993
47,val,0.0002937577514518203,2.050687813368,2.050687813368,4.1877965301763815,0.001201575250769431,2.106590610220919e-06,4.186594744197658,0.0,0.9170415269546821,1.5468667706505197,0.9789596072963027,0.0,0.17187500024428132,8.71516393442623,0.20700423443903687,0.3957668191096822
48,train,0.0002934087494245552,2.112134409344886,2.112134409344886,4.272539379182926,0.001223836956672709,2.981829471426044e-06,4.271315243618547,0.0,0.997196767817844,1.1473024972091037,1.0002073941151959,0.0,0.171875,8.855802342911398,0.17736194282770157,0.4027368635678094
48,val,0.0002934087494245552,2.001608143087293,2.001608143087293,4.185016421021008,0.0012959454668548386,9.322619027935601e-07,4.1837203932590175,0.0,0.9951242521160939,0.29202706159138286,0.9772811834929419,0.0,0.17187500024428132,8.71516393442623,0.20585357165727458,0.3957668191096822
49,train,0.00029305047425333603,2.055253347089468,2.055253347089468,4.272685785924107,0.0012880902937497975,2.0787895298909003e-06,4.2713974684723155,0.0,0.9748286822856951,0.8114775202491067,0.9992769153650142,0.0,0.171875,8.777935607374207,0.1772888015863324,0.3995482389591942
49,val,0.00029305047425333603,1.9840825639787267,1.9840825639787267,4.170411492957443,0.0011050913585006397,7.613883641453391e-07,4.1693063329477775,0.0,0.9488647858627507,0.5782366170257819,0.9773941215921621,0.0,0.17187500024428132,8.71516393442623,0.2106293224897541,0.3957668191096822
50,train,0.0002926829491861255,2.112569108974835,2.112569108974835,4.264324533052681,0.0012645248589702412,2.7513496669869274e-06,4.2630597284017515,0.0,1.0104110981068335,1.0246650411570368,0.9996915070478581,0.0,0.171875,8.845127413095522,0.17858432738248967,0.40184538029442146
50,val,0.0002926829491861255,1.9217816806230388,1.9217816806230388,4.170918034725502,0.0011186946176763501,8.498525412729488e-07,4.169799265314321,0.0,0.8935445048769967,0.49242566061801596,0.9789946020626631,0.0,0.17187500024428132,8.71516393442623,0.21071937435963115,0.3957668191096822
51,train,0.0002923061980710982,2.1009207195486903,2.1009207195486903,4.241541464466694,0.0011987896325366865,1.951987401571011e-06,4.2403424672844,0.0,0.9893988107354188,1.1258358593322029,0.9989383193579587,0.0,0.171875,8.760804065988083,0.18360089603041815,0.39791357295572266
51,val,0.0002923061980710982,1.9273019677302876,1.9273019677302876,4.162225129174405,0.001106281275288431,1.0434793440537282e-06,4.161118734078329,0.0,0.9173818001004516,0.27832785908316005,0.9820873795962725,0.0,0.17187500024428132,8.71516393442623,0.21470166816086064,0.3957668191096822
52,train,0.0002919202453550944,2.0906837754998326,2.0906837754998326,4.244311293294607,0.0011582481366974756,2.4848265403036275e-06,4.243152793773935,0.0,0.997262158546566,0.9371524489492424,0.9997063739733263,0.0,0.171875,8.738980718880645,0.18344225506644604,0.39800605042414233
52,val,0.0002919202453550944,2.4206554342488773,2.4206554342488773,4.162496809099541,0.0010833093475695456,1.6162360329648527e-05,4.16141188730959,0.0,0.9013262650028604,5.3575307658461275,0.9835760837695637,0.0,0.17187500024428132,8.71516393442623,0.2178434778432377,0.3957668191096822
53,train,0.00029152511608203255,2.0752871652280005,2.0752871652280005,4.225915510792378,0.0011130020538083285,1.7353849021817064e-06,4.224802336416954,0.0,0.9825065571907138,0.9335561875592578,0.9994249826620433,0.0,0.171875,8.816201793260811,0.1873331201716888,0.4007921455320248
53,val,0.00029152511608203255,2.5934376403933666,2.5934376403933666,4.126553816873519,0.0010601173672199126,1.5445947879090423e-05,4.125492135032278,0.0,0.9528071264751622,6.627762817945636,0.9778542020281807,0.0,0.17187500024428132,8.71516393442623,0.21800056832735656,0.3957668191096822
54,train,0.000291120835891285,2.1127344192552173,2.1127344192552173,4.222934677581157,0.001103694847744528,2.545048566618849e-06,4.2218307305958644,0.0,1.0022837334920551,1.1049881208041483,0.9999518675252426,0.0,0.171875,8.791623623903133,0.18796886097301135,0.4000711572810638
54,val,0.000291120835891285,1.9088009244105855,1.9088009244105855,4.111261813366999,0.001009760299014294,1.8245979591767059e-06,4.110251919167941,0.0,0.8921835784052239,0.42148275746673836,0.9744690695747,0.0,0.17187500024428132,8.71516393442623,0.2221809762423156,0.3957668191096822
55,train,0.0002907074310160141,2.059964495749513,2.059964495749513,4.2227754336743315,0.0011469814625726473,1.8962106583909521e-06,4.22162825016936,0.0,0.986907044471788,0.7337496731399504,0.9996824902443846,0.0,0.171875,8.793646694214877,0.18755313261481357,0.3997614416948035
55,val,0.0002907074310160141,2.034310682875211,2.034310682875211,4.122609075952749,0.0010442835957262299,9.657484931684862e-07,4.121564708772253,0.0,0.9757896407705838,0.798422028783892,0.9786788410827761,0.0,0.17187500024428132,8.71516393442623,0.22143454629866804,0.3957668191096822
56,train,0.0002902849282814695,2.1046847252806358,2.1046847252806358,4.207174035143261,0.00107688873295272,1.4726304622238162e-06,4.206096986108575,0.0,1.0011451119972654,1.0381532334838033,0.9997242893561844,0.0,0.171875,8.765754132231406,0.19120817994775852,0.39858983567923556
56,val,0.0002902849282814695,1.9812670789781164,1.9812670789781164,4.103399417439445,0.0010261454292168444,9.774235802077053e-07,4.102373201338971,0.0,0.9436671450489857,0.6215592349161867,0.9754440159094139,0.0,0.17187500024428132,8.71516393442623,0.22058505699282788,0.3957668191096822
57,train,0.00028985335510324837,2.104609499292925,2.104609499292925,4.198076060980805,0.0010735020539357734,1.7401202185264392e-06,4.197002381332649,0.0,0.9985846983007163,1.0662976986120556,0.9993950310817434,0.0,0.171875,8.83440943788891,0.19290455387643546,0.4004958812609192
57,val,0.00028985335510324837,1.9604761776376942,1.9604761776376942,4.094813471934835,0.0010302160894231046,8.681592345562764e-07,4.093783159725001,0.0,0.9481446210478173,0.3602252849301354,0.9763090121941488,0.0,0.17187500024428132,8.71516393442623,0.22625632364241804,0.3957668191096822
58,train,0.0002894127394855157,2.076070267799472,2.076070267799472,4.195790519399091,0.0010845802499708712,1.3302128292166306e-06,4.1947057897394355,0.0,0.9870057395420784,0.8924782584028795,0.9998167016782051,0.0,0.171875,8.810821280991735,0.19309001329762876,0.39949712415864647
58,val,0.0002894127394855157,2.0099717749923958,2.0099717749923958,4.094463532088233,0.0009762177365015215,1.2953899406548757e-06,4.0934872158238145,0.0,0.9465255351340185,0.8632932002427148,0.9771169218860689,0.0,0.17187500024428132,8.71516393442623,0.22920902439805327,0.3957668191096822
59,train,0.00028896311001918754,2.1246562299649576,2.1246562299649576,4.189683957533403,0.0010421498768100868,1.968771814358097e-06,4.188641607268782,0.0,1.0140095779225846,1.1090694402367616,0.9997397092255679,0.0,0.171875,8.860881545326926,0.19415098250158563,0.40191230042414233
59,val,0.00028896311001918754,2.042459108790413,2.042459108790413,4.0694175391900735,0.0011124419464470178,2.0514579136197726e-06,4.068304855315412,0.0,0.9976090256307946,0.7250155410805686,0.9723485268530299,0.0,0.17187500024428132,8.71516393442623,0.22819243884477458,0.3957668191096822
60,train,0.00028850449588007564,2.0862011131176277,2.0862011131176277,4.189001812422571,0.0011099794548108774,1.5465300768204738e-06,4.18789170399185,0.0,0.997794763238962,0.887388870735799,0.9996674632237963,0.0,0.171875,8.781809574316355,0.19424926089353797,0.3989856394608159
60,val,0.00028850449588007564,1.9312419695932357,1.9312419695932357,4.072105145845257,0.0010158157870211624,9.275381270914504e-07,4.071089275547715,0.0,0.9088096354828507,0.47825308657083354,0.9746070250135953,0.0,0.17187500024428132,8.71516393442623,0.2317254738729508,0.3957668191096822
61,train,0.0002880369268269942,2.0859295578042336,2.0859295578042336,4.182131012609182,0.001069591435496041,3.5693393772456424e-06,4.181061057019825,0.0,0.9842858724603968,1.011314731922524,1.0005122189186821,0.0,0.171875,8.767346764399,0.19475376772240174,0.39879126859105324
61,val,0.0002880369268269942,2.0339707585631825,2.0339707585631825,4.07763032835038,0.001062501518658866,1.3798396081688596e-06,4.076567688926321,0.0,1.0090992748737335,0.5142440165652603,0.9734470697700001,0.0,0.17187500024428132,8.71516393442623,0.22836653912653687,0.3957668191096822
62,train,0.00028756043319982905,2.1017794811035975,2.1017794811035975,4.168460126750725,0.000991858255497203,3.3831426641895143e-06,4.167467919262973,0.0,0.9891398206722638,1.1367593358986634,0.9989637291628467,0.0,0.171875,8.773200758232559,0.19731522665536108,0.39942717749225204
62,val,0.00028756043319982905,1.9703842733727126,1.9703842733727126,4.079286364258313,0.0009815919916260011,9.140731810371332e-07,4.078304701164121,0.0,0.9776196357656698,0.13913553928742645,0.9788510809179212,0.0,0.17187500024428132,8.71516393442623,0.22660752593493852,0.3957668191096822
63,train,0.00028707504591756876,2.081758591261777,2.081758591261777,4.16052516235793,0.001050358601847725,1.295896517382242e-06,4.159474680246401,0.0,1.0131061811092472,0.6930465809385146,0.9993477498204255,0.0,0.171875,8.783617425556026,0.19831347927327983,0.3995737964210431
63,val,0.00028707504591756876,1.962684332347307,1.962684332347307,4.031744487950059,0.0010022842000834034,9.321242792853421e-07,4.030742090256488,0.0,0.9303722293650518,0.6176078138781376,0.9705513217410103,0.0,0.17187500024428132,8.71516393442623,0.23663530193391394,0.3957668191096822
64,train,0.00028658079647629864,2.0822376392104407,2.0822376392104407,4.147130627277469,0.0009613235799541836,1.605285872832317e-06,4.146169140319194,0.0,0.9775898111753227,1.0504327793259265,0.999604540176628,0.0,0.171875,8.80109332218643,0.2019306109710173,0.39956976103881175
64,val,0.00028658079647629864,1.9535837916077161,1.9535837916077161,4.025484468116135,0.0009197433690013761,7.396633080014774e-07,4.024564649237961,0.0,0.9471030181548634,0.3552862764870534,0.970952139526117,0.0,0.17187500024428132,8.71516393442623,0.2396980660860656,0.3957668191096822
65,train,0.0002860777169471565,2.122671069685093,2.122671069685093,4.153881435551919,0.0010050151113243696,5.17436208113861e-06,4.152875898298153,0.0,1.017100694258351,1.041911652296289,1.001379209609071,0.0,0.171875,8.806473830514703,0.20034630307235007,0.4005621287448347
65,val,0.0002860777169471565,2.0490998186048914,2.0490998186048914,4.0418485500773444,0.0011113826424020846,1.2867291441013593e-06,4.040737046570074,0.0,1.0453377996311812,0.3553258698494708,0.9682294237809103,0.0,0.17187500024428132,8.71516393442623,0.2316534323770492,0.3957668191096822
66,train,0.0002855658399742521,2.077269912751253,2.077269912751253,4.144460077128135,0.0010124805981335653,2.3076999145476384e-06,4.143447359731375,0.0,0.9880282891190741,0.9067678435528574,0.998564837885297,0.0,0.171875,8.814264809789737,0.20134615313169385,0.4009165698585431
66,val,0.0002855658399742521,1.891958191746571,1.891958191746571,4.031212275145484,0.0008990341099933339,7.79694022132956e-07,4.030313167415682,0.0,0.8890499286964292,0.3031405068811823,0.9725942220844206,0.0,0.17187500024428132,8.71516393442623,0.23785300332991804,0.3957668191096822
67,train,0.00028504519877254865,2.104916915913259,2.104916915913259,4.139426006758509,0.000982956942036163,5.146579321214917e-06,4.138442545882927,0.0,0.9995720303994565,1.0547966747737128,0.9998652193664519,0.0,0.171875,8.787663570120316,0.20208521655275802,0.399839122802758
67,val,0.00028504519877254865,2.1873977047498108,2.1873977047498108,4.040158607920662,0.0009734798332515982,1.080842746171688e-05,4.03918402703082,0.0,0.9595667451131539,2.524531122113838,0.9753778293484547,0.0,0.17187500024428132,8.71516393442623,0.23567574923155737,0.3957668191096822
68,train,0.00028451582712570766,2.051121268390624,2.051121268390624,4.126640372039858,0.000978147081741178,1.4043193618442071e-06,4.125662086423763,0.0,0.9839067183250239,0.684359162799583,0.9987786311255998,0.0,0.171875,8.894498966942148,0.20489695323400262,0.4024779264591942
68,val,0.00028451582712570766,1.973811972336691,1.973811972336691,4.00599546119815,0.000885545216466407,6.048374371693783e-07,4.005109872974333,0.0,0.9375987248342545,0.6321911308609072,0.9729941350514771,0.0,0.17187500024428132,8.71516393442623,0.24302298123719263,0.3957668191096822
69,train,0.0002839777593838967,2.114676384886434,2.114676384886434,4.1176753812585,0.0009336725612409597,2.527372531100193e-06,4.116741460216932,0.0,1.0020210508965264,1.1296229752257836,0.999693037803508,0.0,0.171875,8.750903925619834,0.2071390283748138,0.3990586126638838
69,val,0.0002839777593838967,1.9440598292428939,1.9440598292428939,3.987706090583176,0.0008761204071113932,1.4783676488895865e-06,3.9868298202264505,0.0,0.9121373198071464,0.6190625443810323,0.9700162527991123,0.0,0.17187500024428132,8.71516393442623,0.24291591956967212,0.3957668191096822
70,train,0.0002834310304615603,2.0804530160486205,2.0804530160486205,4.111221012990336,0.0009449352885496395,1.302125004992211e-06,4.1102759552396035,0.0,0.9966427468317599,0.8363076997074214,1.0001794949543377,0.0,0.171875,8.767906338715356,0.20708362591907012,0.4001841479835431
70,val,0.0002834310304615603,2.1945643679040376,2.1945643679040376,3.97901424423593,0.0009374363303993691,2.8375726421964814e-06,3.9780765478728246,0.0,0.9842063217866616,2.433361707163639,0.9670218727627738,0.0,0.17187500024428132,8.71516393442623,0.2464809730404713,0.3957668191096822
71,train,0.00028287567583515485,2.078647389392222,2.078647389392222,4.107796097589919,0.0009256122164305084,1.862282793693279e-06,4.106870306424858,0.0,0.9866848171742495,0.9261411057154009,0.9993484638446619,0.0,0.171875,8.784478305785123,0.20842858520913715,0.3994127174546896
71,val,0.00028287567583515485,1.9814168058457922,1.9814168058457922,3.977300718182423,0.000836503749224739,7.151784582108166e-07,3.9764641464733685,0.0,0.9318166961435412,0.7986126737516435,0.9697388342169465,0.0,0.17187500024428132,8.71516393442623,0.2458366018826844,0.3957668191096822
72,train,0.0002823117315408462,2.106186501250779,2.106186501250779,4.098881767801017,0.0009025091692383886,1.8294506748000737e-06,4.097979070726505,0.0,0.9919727774690991,1.1413758114472894,1.0000761387761958,0.0,0.171875,8.794981061919662,0.21016161371607425,0.3993474786931818
72,val,0.0002823117315408462,2.0349128832582566,2.0349128832582566,3.9996444983560533,0.0009032575834397471,5.233090102599996e-07,3.9987411772618526,0.0,1.034851671242323,0.2526273649246966,0.9747984800182405,0.0,0.17187500024428132,8.71516393442623,0.2408937548027664,0.3957668191096822
73,train,0.0002817392341721715,2.109328164542017,2.109328164542017,4.11007764221223,0.0009626659140383347,2.063502582043741e-06,4.109114776958119,0.0,1.0246662384222363,0.84391136042589,1.0002707915365203,0.0,0.171875,8.768035470946762,0.20728657203764955,0.3985434287835744
73,val,0.0002817392341721715,1.9774728739847902,1.9774728739847902,3.968515513373203,0.0009435071103221386,7.221353760795581e-07,3.967571930807145,0.0,0.9443845045371134,0.6718783285774168,0.9659005374204918,0.0,0.17187500024428132,8.71516393442623,0.24878530033299182,0.3957668191096822
74,train,0.0002811582208776644,2.080992073559564,2.080992073559564,4.093647360801697,0.000870579235979225,1.699315005169425e-06,4.092776613787186,0.0,0.9745741296898235,1.0700541521645774,0.9994125265227861,0.0,0.171875,8.80496728912858,0.21060281548618284,0.3999729629390496
74,val,0.0002811582208776644,2.10937352258651,2.10937352258651,3.9946168563405022,0.0009438489729798109,1.2279612670666762e-06,3.9936728711988105,0.0,1.063577666634419,0.7072293152574634,0.975072913482541,0.0,0.17187500024428132,8.71516393442623,0.24238961641905737,0.3957668191096822
75,train,0.00028056872935844514,2.1010901110231384,2.1010901110231384,4.092140659813054,0.0009005630254401048,1.7031313644971561e-06,4.0912399163916096,0.0,0.999110693281347,1.0249742901275967,0.9994819834212626,0.0,0.171875,8.804665979275034,0.21076002729333138,0.400662004455062
75,val,0.00028056872935844514,1.9655962381206575,1.9655962381206575,3.9653078923459915,0.0008618510137388452,6.6103200238178e-07,3.9644459740060274,0.0,0.966352429057731,0.2883472669808591,0.9704090825846938,0.0,0.17187500024428132,8.71516393442623,0.24988593429815573,0.3957668191096822
76,train,0.00027997079786577355,2.0879059340343002,2.0879059340343002,4.08809441771389,0.000931502092453605,1.3200263415155333e-06,4.0871627813528395,0.0,1.0085957488737816,0.7952512205262815,0.9997850626953377,0.0,0.171875,8.815642218944454,0.21228767161773257,0.4009656669679752
76,val,0.00027997079786577355,2.005117181871758,2.005117181871758,3.9715502340285505,0.0009243912182817022,4.884394884617801e-07,3.9706258070273477,0.0,0.9816315843433631,0.5053870712147385,0.972946894950554,0.0,0.17187500024428132,8.71516393442623,0.24980688876793034,0.3957668191096822
77,train,0.0002793644651985673,2.0943337974469522,2.0943337974469522,4.079437721859325,0.0008867851269435261,1.5525152861073366e-06,4.078550792922658,0.0,0.9877044435374993,1.066935341712857,0.999935816634785,0.0,0.171875,8.727272727272727,0.21354452508293892,0.39835847384673506
77,val,0.0002793644651985673,1.9272438854467673,1.9272438854467673,3.973414421081543,0.0008170642135244962,6.104089448690204e-07,3.9725973058919437,0.0,0.9123053208726352,0.4120638868847831,0.9737321587859608,0.0,0.17187500024428132,8.71516393442623,0.25165495325307374,0.3957668191096822
78,train,0.0002787497707008843,2.0841627047081626,2.0841627047081626,4.07757013198758,0.0008647898143524889,8.675512142210871e-07,4.0767052488878734,0.0,0.9941708911056361,0.9005734155739634,0.9999344723283752,0.0,0.171875,8.805526859504132,0.21401540374706599,0.40035699689683835
78,val,0.0002787497707008843,1.9696069779943248,1.9696069779943248,3.9570964828866426,0.0008221423013906804,6.198746288579268e-07,3.9562742749198536,0.0,0.9367051095258995,0.6286252629561503,0.9700393461790241,0.0,0.17187500024428132,8.71516393442623,0.2532478707735656,0.3957668191096822
79,train,0.00027812675425936966,2.099824963029751,2.099824963029751,4.079973220825195,0.0008656107303436292,1.5981699926276798e-06,4.0791074392224145,0.0,1.0100317723002314,0.8981952480663938,0.9999736643527165,0.0,0.171875,8.807980371900827,0.2139034218901445,0.39917765643971026
79,val,0.00027812675425936966,1.9358874129467323,1.9358874129467323,3.9469309400339596,0.0008373796509494853,5.191219431298287e-07,3.9460935240886252,0.0,0.9010604698149884,0.6716366288114767,0.9676632763909512,0.0,0.17187500024428132,8.71516393442623,0.25224229155993855,0.3957668191096822
80,train,0.0002774954563006674,2.0904554571987184,2.0904554571987184,4.066520966774176,0.0008153510231847975,1.0631980923427581e-06,4.065705511195601,0.0,0.9797352439115855,1.111070186392335,0.9996131895002255,0.0,0.171875,8.775654272599654,0.21627530190816596,0.39865003021295403
80,val,0.0002774954563006674,2.0556795772958973,2.0556795772958973,3.9406265899783275,0.0007667131011076576,2.7550188611175906e-06,3.9398595974093578,0.0,0.9053905997119966,1.82315337755641,0.9679736280050434,0.0,0.17187500024428132,8.71516393442623,0.25423844134221313,0.3957668191096822
81,train,0.0002768559177887973,2.1006960927947493,2.1006960927947493,4.06944347216078,0.0008597169360068957,1.382634014831179e-06,4.068583623436857,0.0,1.0007550635121085,0.9999243982813575,0.9999485860678775,0.0,0.171875,8.884512743674033,0.21599080739927687,0.4031397291451446
81,val,0.0002768559177887973,2.027921905283068,2.027921905283068,3.9482807683163004,0.0008273261783407909,1.603404449329513e-06,3.947453276055758,0.0,0.9634567015483732,0.9438748144712604,0.9700777247303822,0.0,0.17187500024428132,8.71516393442623,0.2529326892289959,0.3957668191096822
82,train,0.000276208180222497,2.070755210297167,2.070755210297167,4.064619627865878,0.000846408832864451,8.250416503080697e-07,4.063773133537986,0.0,0.9869652726679794,0.8438289393324497,0.9994070372305626,0.0,0.171875,8.804752066115702,0.21676324677368827,0.4005833145015496
82,val,0.000276208180222497,2.005859691588605,2.005859691588605,3.9428167460394685,0.0007843105313291804,6.023769777047925e-07,3.942032380182235,0.0,0.9627564583645493,0.7152323507871784,0.9715799982430505,0.0,0.17187500024428132,8.71516393442623,0.2530187387935451,0.3957668191096822
83,train,0.00027555228563252884,2.1087583500491687,2.1087583500491687,4.060499232662611,0.0008230364851630485,1.1117222949308575e-06,4.059676078725452,0.0,1.0038874439956729,1.0501234484605553,0.9998585601483495,0.0,0.171875,8.804407714812223,0.21689759145590884,0.3997661495996901
83,val,0.00027555228563252884,2.1750170011989405,2.1750170011989405,3.928917728486608,0.0007861986022526551,3.477985247910943e-06,3.9281311934111547,0.0,0.93852904536685,2.676649664269119,0.9688229746505862,0.0,0.17187500024428132,8.71516393442623,0.25795758356813525,0.3957668191096822
84,train,0.000274888276578953,2.100801636857435,2.100801636857435,4.061917163123769,0.0008349181716917237,9.585918700506136e-07,4.061082151310503,0.0,1.0146816550207531,0.8611177920309965,1.0000082003183601,0.0,0.171875,8.75275482225024,0.2176478362280475,0.3977871309380886
84,val,0.000274888276578953,2.075207495298542,2.075207495298542,3.9611435835478734,0.0008209407029933007,1.412357160826686e-06,3.960322501229458,0.0,0.896473402371172,2.020178333657687,0.9767162584867634,0.0,0.17187500024428132,8.71516393442623,0.25466168513063525,0.3957668191096822
85,train,0.0002742161961483652,2.0800903671043964,2.0800903671043964,4.0580831411456275,0.0008077021696160293,1.0159313771654608e-06,4.057275325798791,0.0,0.9755542651434576,1.041018010540442,1.0004342966828466,0.0,0.171875,8.762482783025947,0.2190266758942407,0.4001612808586152
85,val,0.0002742161961483652,1.983139329269284,1.983139329269284,3.9325847821157485,0.0007738649055980085,6.331623580990708e-07,3.931810848048476,0.0,0.9470209049396827,0.6851873578595333,0.967599699731733,0.0,0.17187500024428132,8.71516393442623,0.2564487144595287,0.3957668191096822
86,train,0.0002735360879511016,2.096931907263669,2.096931907263669,4.056610356677663,0.00085443195904709,9.568017468861272e-07,4.05575583394894,0.0,1.0009517573620663,0.9645163450113012,0.9995285107577143,0.0,0.171875,8.80092114456429,0.21774788009972612,0.39951326568757206
86,val,0.0002735360879511016,1.9845161633413346,1.9845161633413346,3.9295559046698396,0.0008036380330268599,4.27157712159837e-07,3.9287522308162,0.0,0.9698334170169518,0.45589670587758546,0.9690930804268258,0.0,0.17187500024428132,8.71516393442623,0.25383320792776637,0.3957668191096822
87,train,0.00027284799611840846,2.0937994920517786,2.0937994920517786,4.058693889744026,0.0008189472506228788,1.2354364455094666e-06,4.057874825375139,0.0,0.9910320714731847,1.0266614085879207,1.0001012815916834,0.0,0.171875,8.838369491671727,0.21805961337710214,0.401780814178719
87,val,0.00027284799611840846,2.0165825066019276,2.0165825066019276,3.9456351585075504,0.0008013276182893725,4.7059593066105813e-07,3.9448338023951797,0.0,1.0054399258777744,0.3857677102577491,0.9725658014172414,0.0,0.17187500024428132,8.71516393442623,0.25436051165471313,0.3957668191096822
88,train,0.00027215196529957865,2.082119689007436,2.082119689007436,4.050474671292896,0.0008067024565274896,1.0676630825275034e-06,4.049667877599227,0.0,0.9953667685266369,0.8700269593680201,0.9997502205785641,0.0,0.171875,8.777462123839323,0.21905324220164749,0.39837797811208675
88,val,0.00027215196529957865,1.9918789101428673,1.9918789101428673,3.9343802342649368,0.0007572500097191297,3.7576387209817947e-07,3.933622946504687,0.0,0.9670495913654077,0.5383801709433071,0.9709913095489877,0.0,0.17187500024428132,8.71516393442623,0.2592133068647541,0.3957668191096822
89,train,0.0002714480406590546,2.1128849943807304,2.1128849943807304,4.04633015640511,0.0008047181602532799,8.269680839909845e-07,4.045525353802137,0.0,1.012808616742615,1.0055722694012745,0.9995191555377866,0.0,0.171875,8.803977272727273,0.21991160160992757,0.40162915114528874
89,val,0.0002714480406590546,2.0007878756913984,2.0007878756913984,3.9170708382715946,0.0008196956616421764,4.831209013609921e-07,3.9162510965691237,0.0,0.9705597728979393,0.6123368930621226,0.9689944181285921,0.0,0.17187500024428132,8.71516393442623,0.2595565045466188,0.3957668191096822
90,train,0.0002707362678734975,2.0909553510098418,2.0909553510098418,4.040392246128114,0.0008266063705077087,7.915736657810721e-07,4.039565574039113,0.0,0.9834158209976086,1.0762504234540562,0.9999144914721655,0.0,0.171875,8.734245867768594,0.22101191585221566,0.3976052024147727
90,val,0.0002707362678734975,2.0138476520288187,2.0138476520288187,3.9173044806621116,0.0007614145622222272,1.1584097610913706e-06,3.9165429521779545,0.0,0.9536878295609208,0.9069182921628482,0.9694679985280896,0.0,0.17187500024428132,8.71516393442623,0.2589131339651639,0.3957668191096822
91,train,0.0002700166931288234,2.0830226570121515,2.0830226570121515,4.043970185863085,0.0007849598344567439,8.485579335905461e-07,4.043185131608947,0.0,1.001031622167461,0.8156146843078708,1.0004295701822958,0.0,0.171875,8.808410813985777,0.22000323845581574,0.4000651042077167
91,val,0.0002700166931288234,2.011768597071288,2.011768597071288,3.9216747401190584,0.0007963632777348527,3.789753656829056e-07,3.920878339986332,0.0,0.9844776548323084,0.5881300959430757,0.9684779321561094,0.0,0.17187500024428132,8.71516393442623,0.2594124215548156,0.3957668191096822
92,train,0.0002692893631172062,2.1094835701067587,2.1094835701067587,4.037966365656577,0.0007991398710416907,8.253334622233809e-07,4.037167143230596,0.0,1.0100663539545596,1.0006552927257601,0.9993516957956897,0.0,0.171875,8.784994834710744,0.22195039443240677,0.4005459872159091
92,val,0.0002692893631172062,1.9519147403904649,1.9519147403904649,3.9244596840905364,0.0007926330860650747,4.254390830737975e-07,3.9236670087595455,0.0,0.9198145402259514,0.5983180423251918,0.9722683859653161,0.0,0.17187500024428132,8.71516393442623,0.2582427478227459,0.3957668191096822
93,train,0.0002685543250340482,2.0729511961464056,2.0729511961464056,4.034340552062043,0.0007747299694994942,9.562718454888019e-07,4.0335657133543785,0.0,0.9746418449996916,0.9828665683831065,1.000022695576849,0.0,0.171875,8.858772384233712,0.22244960488366686,0.40239688261481354
93,val,0.0002685543250340482,2.001307002833632,2.001307002833632,3.9079298425893314,0.0007530825124809243,4.2322391134833e-07,3.9071767134744615,0.0,0.9858911227984507,0.47348668927051984,0.9680672053430901,0.0,0.17187500024428132,8.71516393442623,0.2613485367571721,0.3957668191096822
94,train,0.00026781162657491713,2.0702326036681815,2.0702326036681815,4.034181635241863,0.0007528365658950215,8.303257738893726e-07,4.033428718235867,0.0,0.9811635431179331,0.8941407573124593,0.9996549957547306,0.0,0.171875,8.786286157024794,0.2223318221032127,0.399905034086921
94,val,0.00026781162657491713,2.0745983201949323,2.0745983201949323,3.9136452205845567,0.0007177272756187031,4.6185846072223255e-07,3.9129274477724167,0.0,1.02590233331821,0.7755760530956456,0.9711383669102778,0.0,0.17187500024428132,8.71516393442623,0.26240714651639346,0.3957668191096822
95,train,0.0002670613159324517,2.1340187004775055,2.1340187004775055,4.024266987792717,0.0007729664519967989,7.829470842236243e-07,4.023493937224396,0.0,1.0276935093166415,1.0659368432257785,0.9997315000404011,0.0,0.171875,8.826489326382472,0.22370477685751008,0.4018447077717663
95,val,0.0002670613159324517,1.925512644111133,1.925512644111133,3.908784104175255,0.0007195176530942382,6.05995050132971e-07,3.9080645178185134,0.0,0.8893231505253276,0.6497856017018928,0.9712109380081052,0.0,0.17187500024428132,8.71516393442623,0.2618738393314549,0.3957668191096822
96,train,0.0002663034417932343,2.0618765171894355,2.0618765171894355,4.026796289711944,0.0007345382798143686,6.536917633015082e-07,4.026061674780097,0.0,0.9744542062528863,0.8727492318173086,1.000147384060316,0.0,0.171875,8.847365702479339,0.2238705637903253,0.4020982643296896
96,val,0.0002663034417932343,2.0777460551652753,2.0777460551652753,3.9032585308200023,0.0007363277574291177,4.4989081225437865e-07,3.9025221457246873,0.0,1.0250619215066317,0.8356339071617752,0.9691207526160068,0.0,0.17187500024428132,8.71516393442623,0.2621920226050205,0.3957668191096822
97,train,0.0002655380533346318,2.099050418404508,2.099050418404508,4.0223994363438,0.0007440743926760533,6.443585293765849e-07,4.021655307328405,0.0,1.0003384717486121,0.9896864381210864,0.9997433044693687,0.0,0.171875,8.756198347107437,0.22471891885454004,0.39886188778010284
97,val,0.0002655380533346318,2.009207311223765,2.009207311223765,3.908195526873479,0.0006993124418945403,4.100562349418903e-07,3.907496186553455,0.0,0.9645836885835304,0.7304537858142227,0.9715782384403416,0.0,0.17187500024428132,8.71516393442623,0.261687732133709,0.3957668191096822
98,train,0.0002647652002216043,2.1123242560497,2.1123242560497,4.018153897986925,0.0007491546572611305,6.492528663600316e-07,4.0174046813949085,0.0,1.0069291467262693,1.0529052572063178,1.0001045780733597,0.0,0.171875,8.777677342911398,0.22506209450566078,0.40026485562817127
98,val,0.0002647652002216043,2.000629880389229,2.000629880389229,3.8922994684000485,0.0007138439090578954,7.446070006407071e-07,3.8915855532786887,0.0,0.9420629168143038,0.9145198405766096,0.9671149849891663,0.0,0.17187500024428132,8.71516393442623,0.2645653896644467,0.3957668191096822
99,train,0.0002639849326034828,2.0864915044839716,2.0864915044839716,4.021035836747855,0.0007597678834052895,5.702233704502481e-07,4.020276028262682,0.0,0.9964945858175104,0.9066441307875736,0.999332510981678,0.0,0.171875,8.786027892561984,0.22410251421869293,0.39914705475007206
99,val,0.0002639849326034828,1.9449072861280599,1.9449072861280599,3.8844847640053173,0.0006841536698152967,3.963928722747428e-07,3.8838005769448203,0.0,0.9067780399908785,0.6976929282555815,0.9683599569758431,0.0,0.17187500024428132,8.71516393442623,0.26493360175461067,0.3957668191096822
100,train,0.000263197301110715,2.0907176565532843,2.0907176565532843,4.018718901744559,0.0007484880420821911,6.273561843240601e-07,4.017970351148243,0.0,0.992645218352641,0.9782747073360711,1.0002449667158206,0.0,0.171875,8.809573004068422,0.22550127858465369,0.4002766254519628
100,val,0.000263197301110715,2.045055676679142,2.045055676679142,3.8798889058535218,0.0007439340234802822,3.8893615631601933e-07,3.8791449499911947,0.0,1.0096491541041703,0.6938379582811575,0.9660227279194066,0.0,0.17187500024428132,8.71516393442623,0.26649350025614754,0.3957668191096822
101,train,0.0002624023568515796,2.0999420457635045,2.0999420457635045,4.018818413915713,0.0007562519442953924,8.07140241438578e-07,4.018062074322346,0.0,1.0024931473919183,0.9741109562806847,1.0000377977189938,0.0,0.171875,8.745265152828752,0.22481223706864129,0.39850845551195224
101,val,0.0002624023568515796,1.9525319982747562,1.9525319982747562,3.8850142486759873,0.0006937267161909583,3.681468132019857e-07,3.884320477970311,0.0,0.9203679278248647,0.6504048607388481,0.9671235915090217,0.0,0.17187500024428132,8.71516393442623,0.2656730276639344,0.3957668191096822
102,train,0.00026160015140887043,2.077646167810298,2.077646167810298,4.011725988269838,0.0007278896425177212,5.80665116577312e-07,4.010998041176599,0.0,0.9830022437020767,0.9503689274068706,0.9996070292862979,0.0,0.171875,8.844826103241976,0.22662908380681818,0.4012545331204233
102,val,0.00026160015140887043,2.0127269537722476,2.0127269537722476,3.903261083071349,0.0006690119215684225,4.0646373529621907e-07,3.9025920219108707,0.0,0.9558272777033634,0.8334811500838546,0.9735515625750433,0.0,0.17187500024428132,8.71516393442623,0.26223404681096313,0.3957668191096822
103,train,0.0002607907368365491,2.101243699877715,2.101243699877715,4.010461277212978,0.0007336191345469965,5.538375363171739e-07,4.009727598221834,0.0,1.0026500060046015,0.9864355185307747,0.999950141453546,0.0,0.171875,8.808539946217183,0.22673787102718984,0.39958455739927684
103,val,0.0002607907368365491,2.06219036266452,2.06219036266452,3.877919544939135,0.000705392345391046,5.662380831903438e-07,3.877214111265589,0.0,0.982626767920666,1.1211190360491392,0.9674516857647505,0.0,0.17187500024428132,8.71516393442623,0.26726494460809425,0.3957668191096822
104,train,0.00025997416565636715,2.1013324137561575,2.1013324137561575,4.009539321434399,0.0007526716807893716,5.575201238193322e-07,4.0087865778237335,0.0,1.0027686669067903,0.9823258014257289,1.0003311656230738,0.0,0.171875,8.768595041322314,0.22684951656120866,0.39932293020004084
104,val,0.00025997416565636715,2.0104633960567537,2.0104633960567537,3.8796639286103796,0.0007050681933684305,4.3384979560824666e-07,3.878958803708436,0.0,0.9602582821103393,0.8390689130689277,0.9662982332901876,0.0,0.17187500024428132,8.71516393442623,0.26675064837346313,0.3957668191096822
105,train,0.0002591504908544583,2.1036261093517967,2.1036261093517967,4.00766962323307,0.0007328756595192062,5.850499522564348e-07,4.006936675260875,0.0,0.9975715286968169,1.0610244126359294,0.9999521327905418,0.0,0.171875,8.735924586776859,0.2288519910051803,0.39791222778726215
105,val,0.0002591504908544583,2.0141179385732433,2.0141179385732433,3.8955119320603666,0.0006902219215217123,7.852993101990802e-07,3.8948216242868394,0.0,0.9434262206319903,1.0022005067497004,0.9704716596447054,0.0,0.17187500024428132,8.71516393442623,0.26776823450307374,0.3957668191096822
106,train,0.0002583197658779003,2.0795999336833795,2.0795999336833795,4.003400639068982,0.0007301804532387394,5.700174492931708e-07,4.002670392517216,0.0,0.9870013082322996,0.9310917632638915,0.9994894436075668,0.0,0.171875,8.83518423127734,0.22829401530017537,0.3997614416948035
106,val,0.0002583197658779003,2.0257478639727733,2.0257478639727733,3.8849288049291393,0.000684140105760412,4.1698067238790887e-07,3.884244613960141,0.0,0.98777878773017,0.6769593792860625,0.9702731263442118,0.0,0.17187500024428132,8.71516393442623,0.2668807232966188,0.3957668191096822
107,train,0.0002574820446312461,2.0906583681579463,2.0906583681579463,4.001750707626343,0.0007279975044402517,4.89199522719953e-07,4.001022652161023,0.0,1.000767273720631,0.9023764114980856,0.9996534622897787,0.0,0.171875,8.779528239541802,0.22906687504742757,0.3987788261214564
107,val,0.0002574820446312461,2.049340572513518,2.049340572513518,3.87320354727448,0.0006939033051135904,3.8879822203271627e-07,3.8725096163202504,0.0,0.9892038825105448,0.9114530408968691,0.9689913802459592,0.0,0.17187500024428132,8.71516393442623,0.2704277663934426,0.3957668191096822
108,train,0.00025663738147302704,2.103807616824946,2.103807616824946,3.9974824613776088,0.0007139293527209454,5.108687054729679e-07,3.9967684834456643,0.0,1.0042872660416218,0.9964805822973409,0.9998722953244674,0.0,0.171875,8.814953512396695,0.2290919280249225,0.3992159925709086
108,val,0.00025663738147302704,1.9981758125492783,1.9981758125492783,3.8824141572733395,0.0006759271073845963,4.3535937975991786e-07,3.881738170248563,0.0,0.9332291547392235,0.9304052874690196,0.9719061421566322,0.0,0.17187500024428132,8.71516393442623,0.26824951171875,0.3957668191096822
109,train,0.000255785831212225,2.105049777129465,2.105049777129465,3.9981900640755645,0.0007046257095913641,6.426233604093975e-07,3.9974853726457957,0.0,0.9964993091161586,1.0795833038643372,1.000592136924917,0.0,0.171875,8.850249656960983,0.23013280442923553,0.40149026665805787
109,val,0.000255785831212225,2.007640955878086,2.007640955878086,3.8825728307004836,0.0007100349285479513,4.335271817163615e-07,3.881862742001893,0.0,0.9853501056061417,0.5319863850953149,0.969092209808162,0.0,0.17187500024428132,8.71516393442623,0.2677482229764344,0.3957668191096822
110,train,0.00025492744910471604,2.07499289167814,2.07499289167814,3.997251237719512,0.0007173714281130997,4.3235366746095437e-07,3.9965338293185906,0.0,0.9917204995785863,0.8378457987357762,0.9994877993075315,0.0,0.171875,8.830922867640975,0.23026815789543892,0.4010863922351648
110,val,0.00025492744910471604,2.0257252220247612,2.0257252220247612,3.8651104325153787,0.0006755549366658432,3.6285614367473304e-07,3.864434844157735,0.0,0.9692737670218359,0.8927394835675349,0.9671775092844104,0.0,0.17187500024428132,8.71516393442623,0.26957827708760246,0.3957668191096822
111,train,0.0002540622908496851,2.1245901638811286,2.1245901638811286,3.996521349780816,0.0007372325064262283,5.598026882745021e-07,3.9957840600289587,0.0,1.023961943289465,1.0048432095238,1.0001439097499059,0.0,0.171875,8.82007576020296,0.22957751906115162,0.4013554176762084
111,val,0.0002540622908496851,1.933057777217177,1.933057777217177,3.8751749796945543,0.0006885692862732733,4.690458917004852e-07,3.8744863564850855,0.0,0.8635042133878489,1.0055638815535874,0.9689971775305076,0.0,0.17187500024428132,8.71516393442623,0.2696963450947746,0.3957668191096822
112,train,0.00025319041258601145,2.07768120745982,2.07768120745982,3.9918718820761057,0.000710310474805888,4.871507725697071e-07,3.9911615227864794,0.0,0.9820443698443657,0.9615149424095785,0.9994853360593812,0.0,0.171875,8.761837123839323,0.23042890060046486,0.40000726368801653
112,val,0.00025319041258601145,1.9730560642773989,1.9730560642773989,3.8653788722929407,0.0006775002865517726,3.829851174557797e-07,3.8647013335931497,0.0,0.9149084403866627,0.8914675409676599,0.9690008612929798,0.0,0.17187500024428132,8.71516393442623,0.2714653640496926,0.3957668191096822
113,train,0.00025231187088862615,2.0864735570820896,2.0864735570820896,3.9903146787123247,0.0006861523675784269,4.6271237029633227e-07,3.9896284834412503,0.0,0.9859669557041373,1.0022838524550446,1.0002782103443935,0.0,0.171875,8.826403239541802,0.23114560131938006,0.4003610322790698
113,val,0.00025231187088862615,2.0309670557741257,2.0309670557741257,3.8725443785307836,0.0006731195314730074,4.6990306925710654e-07,3.8718712056269413,0.0,0.9656943248920753,0.9581426792457456,0.9694584578764244,0.0,0.17187500024428132,8.71516393442623,0.2722378089779713,0.3957668191096822
114,train,0.000251426722764841,2.0914976572202257,2.0914976572202257,3.992361967228661,0.0007124779326696919,4.364819985043637e-07,3.991649441482607,0.0,0.9963214573535052,0.9541438152967405,0.9997618259969822,0.0,0.171875,8.837551652892563,0.23103151765982965,0.40182184064683835
114,val,0.000251426722764841,2.0012356023319433,2.0012356023319433,3.8546663972197988,0.0006590539393431247,3.670225486880778e-07,3.854007318371632,0.0,0.9526209762839021,0.8250131909964514,0.9661133035284574,0.0,0.17187500024428132,8.71516393442623,0.2722298043673156,0.3957668191096822
115,train,0.0002505350256506493,2.0991172972789482,2.0991172972789482,3.9861345222173643,0.0007055476695118272,5.16395330360726e-07,3.9854289214473124,0.0,0.9966333057762178,1.0284671014990687,0.9996372796287222,0.0,0.171875,8.742682508200653,0.23154619711736016,0.398688702543905
115,val,0.0002505350256506493,2.0230586040215415,2.0230586040215415,3.8694530666851605,0.0006708430343872455,4.3767123422006335e-07,3.868782184163078,0.0,0.9757992791347816,0.7571128377171813,0.9715480276795684,0.0,0.17187500024428132,8.71516393442623,0.27017762231045084,0.3957668191096822
116,train,0.00024963683740699885,2.0744634689378345,2.0744634689378345,3.989609968563742,0.0006861656012825576,4.81922262287494e-07,3.9889237594998574,0.0,0.981306680839909,0.9303971895994234,1.0001170657390406,0.0,0.171875,8.818397041194695,0.23136510927815082,0.39899202885706564
116,val,0.00024963683740699885,2.1309653559669117,2.1309653559669117,3.8565406369381265,0.00068125839881431,3.983188006896689e-07,3.855859330443085,0.0,1.0757534943643163,0.8747564241534374,0.9677362266134043,0.0,0.17187500024428132,8.71516393442623,0.27356757492315575,0.3957668191096822
117,train,0.0002487322163160377,2.1027335573819057,2.1027335573819057,3.9883180551292483,0.0006864934089095216,4.30116288649808e-07,3.9876315288307254,0.0,1.0074845242106225,0.9537035962027952,0.9998786722825579,0.0,0.171875,8.798811983471074,0.23172156808297495,0.39988653854397704
117,val,0.0002487322163160377,2.1397153158656885,2.1397153158656885,3.8586223281797816,0.0006610539280923969,7.274898462873964e-07,3.857961213002439,0.0,0.9947557551938979,1.7612304101224805,0.9688365264017074,0.0,0.17187500024428132,8.71516393442623,0.2712882620389344,0.3957668191096822
118,train,0.0002478212210773321,2.0942000776283014,2.0942000776283014,3.9843526556472146,0.0006747782736206582,4.781380093324199e-07,3.9836778197406737,0.0,0.9962489772434077,0.9814506883709884,0.9998060238262838,0.0,0.171875,8.79902720648395,0.2322970303622159,0.4007534732010739
118,val,0.0002478212210773321,2.0708571965577174,2.0708571965577174,3.864953001991647,0.0006534238939925448,4.6946449735335846e-07,3.86429952793434,0.0,0.989147842418952,1.1035911948954473,0.971350227223068,0.0,0.17187500024428132,8.71516393442623,0.27135730180584017,0.3957668191096822
119,train,0.0002469039108040575,2.0907423146500075,2.0907423146500075,3.9785477927893647,0.0006726640190020943,5.19432460430662e-07,3.9778750681680095,0.0,0.9928239879529338,0.9797001146087961,0.9999483025763646,0.0,0.171875,8.806689049586776,0.23356741919251514,0.40017540469642515
119,val,0.0002469039108040575,2.1191974526546042,2.1191974526546042,3.8524135487978577,0.0006717509216987757,4.914269017948844e-07,3.8517417438694688,0.0,1.0455445231961422,1.052200770768963,0.9684328661590326,0.0,0.17187500024428132,8.71516393442623,0.2708500096055328,0.3957668191096822
120,train,0.000245980345019163,2.095313276141143,2.095313276141143,3.9806095085853386,0.0007029919860324599,6.060411077075612e-07,3.979906449633196,0.0,1.003160561658134,0.9218252696527922,0.9999701870867044,0.0,0.171875,8.820893595041323,0.2330498813597624,0.4009340565559293
120,val,0.000245980345019163,2.0181190478997153,2.0181190478997153,3.8534429268758803,0.0006369606877551185,3.128085831453749e-07,3.8528059388770433,0.0,0.9673311983952757,0.8195267314793634,0.968835175037384,0.0,0.17187500024428132,8.71516393442623,0.27243792424436475,0.3957668191096822
121,train,0.00024505058365150887,2.0931486935654946,2.0931486935654946,3.979768787533784,0.000658809326200415,4.877508174540106e-07,3.9791099296128456,0.0,0.9966899838821948,0.9668718250083529,0.9997715184018632,0.0,0.171875,8.791580578512397,0.23366342762038728,0.3987825251807851
121,val,0.00024505058365150887,2.1016099472514918,2.1016099472514918,3.854133672401553,0.0006263496682952448,6.304014574033929e-07,3.8535072568987236,0.0,0.9585989933522021,1.7291362881660461,0.9700973268415107,0.0,0.17187500024428132,8.71516393442623,0.2737056544569672,0.3957668191096822
122,train,0.00024411468703197789,2.0873077098003106,2.0873077098003106,3.9802133790717638,0.0006647960152736796,1.318434008961383e-06,3.979548445417861,0.0,0.9987160302390737,0.8821165467466204,1.0003800244370769,0.0,0.171875,8.812370867768594,0.23262751139392537,0.39987712261105374
122,val,0.00024411468703197789,2.0044880929540416,2.0044880929540416,3.855318003013486,0.0006591631779466283,3.159535929935522e-07,3.854658818635784,0.0,1.0079140907428303,0.28014652479867463,0.9685593374439927,0.0,0.17187500024428132,8.71516393442623,0.27313332479508196,0.3957668191096822
123,train,0.00024317271588956046,2.083741796903374,2.083741796903374,3.98187362359575,0.0006763046872677004,6.599301557010462e-07,3.981197248805653,0.0,1.0022230840418949,0.8147187919532957,1.000046835457983,0.0,0.171875,8.896866392498174,0.2332281948121126,0.40165638997535075
123,val,0.00024317271588956046,2.0258001010926043,2.0258001010926043,3.847262585749392,0.0006300719019758409,5.647772418044161e-07,3.846632453261829,0.0,0.9471360576934502,1.12352804277764,0.9663112329655006,0.0,0.17187500024428132,8.71516393442623,0.27422295242059425,0.3957668191096822
124,train,0.0002422247313474141,2.0838489685176818,2.0838489685176818,3.9744689730573293,0.0006530838189906372,4.763392839030274e-07,3.9738158440786946,0.0,0.9864922867826194,0.977027868805838,0.999653894054003,0.0,0.171875,8.805139462809917,0.23426268188175092,0.39942751381515473
124,val,0.0002422247313474141,2.03736192476554,2.03736192476554,3.842874011055368,0.0006271222509447577,3.69617708651142e-07,3.842246864662796,0.0,1.0004781665372067,0.7003097998314216,0.9668527773169221,0.0,0.17187500024428132,8.71516393442623,0.27677842437243855,0.3957668191096822
125,train,0.00024127079491889733,2.093203155955007,2.093203155955007,3.972679352957355,0.000669459897610128,6.82432866976665e-07,3.9720098371348107,0.0,1.0020118498605144,0.9088083507477744,1.000310466062924,0.0,0.171875,8.789514462809917,0.2350328514152322,0.3981314835962185
125,val,0.00024127079491889733,2.0279420379732476,2.0279420379732476,3.8361241231199172,0.0006423455116255056,3.359660845918653e-07,3.8354817335722875,0.0,1.0027629122382304,0.6151565337767366,0.9636634744581629,0.0,0.17187500024428132,8.71516393442623,0.2766503506019467,0.3957668191096822
126,train,0.00024031096850357783,2.087597493790398,2.087597493790398,3.972987039030091,0.0006675095198058316,4.570430851044349e-07,3.97231948474222,0.0,0.997912564430355,0.9044419115732524,0.9992407395327387,0.0,0.171875,8.76777720648395,0.23484730794410075,0.3996054069562392
126,val,0.00024031096850357783,1.9982013506967513,1.9982013506967513,3.8334266474989596,0.0006067121201519259,3.196148214578525e-07,3.8328199191171617,0.0,0.9480889454239705,0.8350703740706209,0.9666053613678354,0.0,0.17187500024428132,8.71516393442623,0.2794229476178279,0.3957668191096822
127,train,0.00023934531438321628,2.1071150238848917,2.1071150238848917,3.9666849433883162,0.0006422035517324963,4.952790321264112e-07,3.966042697922257,0.0,1.003269334469945,1.034554525840381,1.000390236289048,0.0,0.171875,8.827479338842975,0.23635687709839875,0.40194996403268546
127,val,0.00023934531438321628,1.9989491153935917,1.9989491153935917,3.8435220562043737,0.0006294163071825246,4.1281028786931424e-07,3.842892599887535,0.0,0.9578653236881631,0.7381132894852123,0.9672724653462894,0.0,0.17187500024428132,8.71516393442623,0.2750674388447746,0.3957668191096822
128,train,0.00023837389521772471,2.08290178322595,2.08290178322595,3.9646688226825937,0.0006510100790688168,4.2297135229741684e-07,3.9640177783887247,0.0,0.9921305874162469,0.9158341842742006,0.9991877734168502,0.0,0.171875,8.782928719008265,0.23685070699896693,0.39936429286791275
128,val,0.00023837389521772471,2.09626883756919,2.09626883756919,3.831834562489244,0.0006640235949250426,3.7066760287006383e-07,3.8311704924849215,0.0,1.0383320445897148,0.8974575488293757,0.968191035458299,0.0,0.17187500024428132,8.71516393442623,0.27942394819415983,0.3957668191096822
129,train,0.00023739677404110068,2.107169940451945,2.107169940451945,3.9667044030733347,0.0006456213219385702,4.35213879436391e-07,3.966058745857113,0.0,1.0071186117889468,0.9977306232225797,1.0002782694564378,0.0,0.171875,8.777677342911398,0.23620697948311972,0.4000139894071689
129,val,0.00023739677404110068,1.9890380140210762,1.9890380140210762,3.8304691705547396,0.0006128628490126279,5.167029131989991e-07,3.8298562628323913,0.0,0.910771239976414,1.117437690007882,0.9665230043598863,0.0,0.17187500024428132,8.71516393442623,0.2790767482069672,0.3957668191096822
130,train,0.00023641401425733701,2.076966893081823,2.076966893081823,3.9668473034850824,0.0006357121458354075,4.109018975725106e-07,3.9662115514771012,0.0,0.9842011561571073,0.9245539952900784,1.0003103352775258,0.0,0.171875,8.823648417291562,0.23652005792895625,0.40091858754965887
130,val,0.00023641401425733701,2.121943624293218,2.121943624293218,3.834988293100576,0.0006769608823605431,2.9033569172147284e-07,3.834311293773964,0.0,1.0752391453649177,0.8054792099311704,0.9661565569580578,0.0,0.17187500024428132,8.71516393442623,0.2761200451460041,0.3957668191096822
131,train,0.0002354256796363078,2.097240513021296,2.097240513021296,3.9613717045665773,0.0006288949337408855,4.372410282653543e-07,3.9607427622661118,0.0,0.996235108079989,1.0119343467734077,0.9998119571977411,0.0,0.171875,8.805569904894869,0.2370253213919884,0.3994261686466942
131,val,0.0002354256796363078,2.0552413776272633,2.0552413776272633,3.8273644134646556,0.0006287826256650943,3.4928104416029203e-07,3.826735602050531,0.0,1.0096043563279948,0.8050182696248664,0.9651351795821893,0.0,0.17187500024428132,8.71516393442623,0.28029645075563525,0.3957668191096822
132,train,0.0002344318343096302,2.0872119670071876,2.0872119670071876,3.9662963211043807,0.0006489461677029637,3.992850279758401e-07,3.9656473220872486,0.0,0.992078812161753,0.9508940682184598,1.0000437512870664,0.0,0.171875,8.806775140368249,0.23716706419286648,0.4006253498152268
132,val,0.0002344318343096302,2.028194480255002,2.028194480255002,3.8318956210965016,0.0005946950345265785,3.269073351837088e-07,3.8313008879051833,0.0,0.977557965477959,0.8456688650318833,0.9660696201637143,0.0,0.17187500024428132,8.71516393442623,0.2783873511142418,0.3957668191096822
133,train,0.00023343254276650323,2.0923909027714376,2.0923909027714376,3.9605424680000496,0.0006328458110763392,3.5634841073164926e-07,3.95990959376343,0.0,0.9979608322470641,0.9495513739664693,0.9994749343099673,0.0,0.171875,8.791107094977512,0.23733159013030944,0.39919379796863586
133,val,0.00023343254276650323,2.0462454225196214,2.0462454225196214,3.830798321082944,0.0006080974992192885,3.0008120794062676e-07,3.830190201274684,0.0,0.9912661719517629,0.8668909268301042,0.9682901462570566,0.0,0.17187500024428132,8.71516393442623,0.27968309746413933,0.3957668191096822
134,train,0.00023242786984952314,2.094708136290558,2.094708136290558,3.958085049282421,0.0006226464996089358,4.08275823345749e-07,3.9574623600510526,0.0,0.9974470782624788,0.9747768794455804,0.9997833752927702,0.0,0.171875,8.778366049459159,0.238121011717753,0.39874788823206564
134,val,0.00023242786984952314,2.0708492251693227,2.0708492251693227,3.8265381992840375,0.0006233115533088166,2.8880703590387933e-07,3.825914848046225,0.0,1.0193633544640464,0.8324785828590393,0.9682380048955073,0.0,0.17187500024428132,8.71516393442623,0.279876208696209,0.3957668191096822
135,train,0.00023141788075047574,2.109434732228271,2.109434732228271,3.9599607424302534,0.0006255935192058125,3.6558813482492236e-07,3.959335110404275,0.0,1.0078168384546091,1.0129962139878392,1.000318265650883,0.0,0.171875,8.790074037126272,0.23748510275497908,0.4001437941612291
135,val,0.00023141788075047574,2.1087357685214183,2.1087357685214183,3.839791028226008,0.0006446374337414096,5.699558179733939e-07,3.839146336571115,0.0,1.0065295041584579,1.3215333379682948,0.970052927243905,0.0,0.17187500024428132,8.71516393442623,0.2762451171875,0.3957668191096822
136,train,0.00023040264100610626,2.0905848327747063,2.0905848327747063,3.9573469654587674,0.0006461138868308049,3.788964965029806e-07,3.956700814656975,0.0,0.9965613777479849,0.9423090334027266,0.9997925396300544,0.0,0.171875,8.717200413223141,0.23742003221649768,0.3988679408534499
136,val,0.00023040264100610626,1.9829619947026988,1.9829619947026988,3.8322825353653704,0.0005986467452307583,3.175838394159267e-07,3.8316838545877427,0.0,0.9278706111868874,0.8593934276064888,0.9691520499401405,0.0,0.17187500024428132,8.71516393442623,0.27840436091188525,0.3957668191096822
137,train,0.0002293822164938668,2.089165974747051,2.089165974747051,3.9594063285953744,0.0006395427561615216,3.781892122809732e-07,3.9587667471121164,0.0,0.9922610701115664,0.9675825297339888,1.0001466473764624,0.0,0.171875,8.781594355244282,0.23825981203189567,0.4010130827091942
137,val,0.0002293822164938668,2.059327532033451,2.059327532033451,3.8372617315073483,0.0006123953882975076,4.297922322300602e-07,3.8366492928051557,0.0,0.9721907792521305,1.1743868384204927,0.9696980675712961,0.0,0.17187500024428132,8.71516393442623,0.2788236023949795,0.3957668191096822
138,train,0.00022835667342764173,2.0908961951240035,2.0908961951240035,3.956873844477756,0.0006197311812992523,3.663386908059249e-07,3.9562540783369835,0.0,0.9929039197519791,0.9788097824193229,1.000111295664606,0.0,0.171875,8.791236227208918,0.23829394468098633,0.4004514920563737
138,val,0.00022835667342764173,2.014261925806765,2.014261925806765,3.8320087761175436,0.0005983007596099566,2.7440173196692575e-07,3.831410458830536,0.0,0.9745182917743432,0.7190877467882438,0.9678348508037504,0.0,0.17187500024428132,8.71516393442623,0.2800933337602459,0.3957668191096822
139,train,0.0002273260783534509,2.103439048302075,2.103439048302075,3.9548276140670144,0.0006205085388380911,3.564595175945696e-07,3.9542070587804496,0.0,1.0071731427730608,0.9637307628127169,0.9998928330653956,0.0,0.171875,8.871255165289256,0.2383523736118285,0.4008775612046896
139,val,0.0002273260783534509,1.9938765197503763,1.9938765197503763,3.8279456506009963,0.0005867607616265991,4.2037610452008846e-07,3.827358832124804,0.0,0.9124562965064752,1.1410362085358041,0.967316596234431,0.0,0.17187500024428132,8.71516393442623,0.2803674916752049,0.3957668191096822
140,train,0.00022629049814513176,2.0955637846111266,2.0955637846111266,3.953756760959783,0.0006115264531074877,4.062748777473719e-07,3.9531451985855734,0.0,0.9990107067360365,0.9688181803246175,0.9996712609263491,0.0,0.171875,8.828512396694215,0.23937013067982413,0.3993753901690491
140,val,0.00022629049814513176,1.994205334147469,1.994205334147469,3.8287380992389117,0.0006148035568375995,2.612701816498556e-07,3.8281232646254244,0.0,0.9526814232107068,0.7244938001280925,0.969074516999917,0.0,0.17187500024428132,8.71516393442623,0.2805415919569672,0.3957668191096822
141,train,0.00022524999999999997,2.091727511941894,2.091727511941894,3.958094202782497,0.0006146408063802129,3.697796456254418e-07,3.957479523233146,0.0,0.9916381099499947,0.9953443978197318,1.0005549561878866,0.0,0.171875,8.784693528798002,0.23811739670836235,0.4006263586607846
141,val,0.00022524999999999997,2.0421542417807657,2.0421542417807657,3.8351837689759303,0.0005929110076499828,5.04448748739885e-07,3.8345908063356995,0.0,0.9500163813106349,1.2409103639790269,0.9680468166460756,0.0,0.17187500024428132,8.71516393442623,0.2779761142418033,0.3957668191096822
142,train,0.00022420465143448915,2.0803621130541337,2.0803621130541337,3.9532703269611704,0.0006072681888116308,3.6714504118633106e-07,3.9526630285357642,0.0,0.9839615045992796,0.9652518127575394,0.9998754245683181,0.0,0.171875,8.774492082517009,0.2388932829922881,0.39934546100206614
142,val,0.00022420465143448915,2.0753522388270644,2.0753522388270644,3.8201888584699786,0.0006025151917844492,2.9536991426121843e-07,3.8195863278185733,0.0,1.0359977557033788,0.7451026552036161,0.9648442317227848,0.0,0.17187500024428132,8.71516393442623,0.2805145763960041,0.3957668191096822
143,train,0.00022315452027976958,2.10409342897825,2.10409342897825,3.951943517716463,0.0006318814759787311,3.8615832312510345e-07,3.9513115991245615,0.0,1.0027122555439136,1.01469838372932,0.9999113348889942,0.0,0.171875,8.831008954481645,0.2400305882588891,0.40227750251608446
143,val,0.00022315452027976958,2.031432294454731,2.031432294454731,3.8132285446417136,0.0005839422505471061,4.69064919801984e-07,3.8126445637374626,0.0,0.9727077391303953,0.9521922811132962,0.9635053237930673,0.0,0.17187500024428132,8.71516393442623,0.28340023853739754,0.3957668191096822
144,train,0.00022209967467734707,2.0855460743273584,2.0855460743273584,3.9551004979236066,0.0005948196402423792,3.9040921310121225e-07,3.9545056406131462,0.0,0.9922191902133058,0.931723174846862,1.000154571346015,0.0,0.171875,8.859676309853546,0.23865469095628122,0.4013093471034499
144,val,0.00022209967467734707,2.037275748174699,2.037275748174699,3.8135422565897956,0.0005890200139771476,2.7158145272909174e-07,3.812953218084867,0.0,1.0066522154651705,0.6778440299581309,0.962839138312418,0.0,0.17187500024428132,8.71516393442623,0.28298199763063525,0.3957668191096822
145,train,0.00022104018307464104,2.108020773111296,2.108020773111296,3.949587022962649,0.0006059818646884023,3.45519153857495e-07,3.948981003327803,0.0,1.0129136422202607,0.9542003865084372,0.9996870908855406,0.0,0.171875,8.827178032930233,0.23975643441696798,0.4002130681818182
145,val,0.00022104018307464104,2.001262189912014,2.001262189912014,3.819110893812336,0.0006009580815100248,3.0025929790598804e-07,3.8185099070189428,0.0,0.9546171592884376,0.8091919060613288,0.9657258420694069,0.0,0.17187500024428132,8.71516393442623,0.28038350089651637,0.3957668191096822
146,train,0.00021997611422054335,2.077066669286775,2.077066669286775,3.9484739579445076,0.000618630219351939,3.305181812574916e-07,3.9478552962137647,0.0,0.9843587217744717,0.9303859025239944,0.9996693589963204,0.0,0.171875,8.833763776731885,0.24005622970910112,0.4019590436427061
146,val,0.00021997611422054335,2.0867993870719532,2.0867993870719532,3.8197855753976793,0.0006003331852939408,2.996278637369198e-07,3.819185210055992,0.0,1.0210898401307278,0.9824285907823531,0.9674666817071008,0.0,0.17187500024428132,8.71516393442623,0.28269183049436475,0.3957668191096822
147,train,0.00021890753716095708,2.1111685677993397,2.1111685677993397,3.947502355930234,0.0006134939856956182,3.375533395793234e-07,3.9468888280805476,0.0,1.0124570123912875,0.9835481010685282,1.0003567458676899,0.0,0.171875,8.786974863572555,0.24064043539861016,0.3991544529918797
147,val,0.00021890753716095708,2.007761525326088,2.007761525326088,3.8272243093271725,0.0006021074430642985,2.8668199733981995e-07,3.8266221656173958,0.0,0.9525425429226922,0.8758362736858305,0.9676353530805619,0.0,0.17187500024428132,8.71516393442623,0.2803604876408812,0.3957668191096822
148,train,0.0002178345212343162,2.0787911503768166,2.0787911503768166,3.947158470626705,0.0005786307819941936,3.368836801219605e-07,3.946579811001612,0.0,0.9823377526496068,0.9679858547843192,0.9996548184185974,0.0,0.171875,8.87525826446281,0.24073341728980877,0.40233063500774796
148,val,0.0002178345212343162,2.0739401950210823,2.0739401950210823,3.8189764726357383,0.0005922077171653357,2.9306304291881653e-07,3.8183842330682474,0.0,1.016371871604294,0.9037703754471951,0.967191294568484,0.0,0.17187500024428132,8.71516393442623,0.2831661036757172,0.3957668191096822
149,train,0.00021675713606708657,2.129983874884519,2.129983874884519,3.9485524547986746,0.000627126880009343,3.868893274363645e-07,3.947925291770746,0.0,1.0296678034480937,0.9993977662452982,1.000376300131979,0.0,0.171875,8.821797520661157,0.24053433845358446,0.401188958159163
149,val,0.00021675713606708657,1.9319522595796428,1.9319522595796428,3.8317917018640237,0.0006053675914118371,2.9177125735505337e-07,3.8311863062811677,0.0,0.8851456783834051,0.7818138770392684,0.9686252113248481,0.0,0.17187500024428132,8.71516393442623,0.2813610639728484,0.3957668191096822
150,train,0.0002156754515692477,2.065714765186152,2.065714765186152,3.9469912406826806,0.0006134893658834564,3.7171042078319464e-07,3.9463777177589985,0.0,0.9706626990117317,0.9528246359391646,0.9997696044031253,0.0,0.171875,8.780001723076687,0.24020015836254624,0.3990653382598861
150,val,0.0002156754515692477,1.9926874090413578,1.9926874090413578,3.8106602567141175,0.0005625031027774953,2.9997256385964557e-07,3.8100977217564815,0.0,0.9414909613914177,0.8681569451191387,0.9643807518677633,0.0,0.17187500024428132,8.71516393442623,0.28286593077612704,0.3957668191096822
151,train,0.00021458953792975657,2.0991473656055355,2.0991473656055355,3.945931255324813,0.000583023013626918,3.432699904895472e-07,3.945348199734018,0.0,1.0018789063800464,0.974980213179076,0.999770438621852,0.0,0.171875,8.759771008136845,0.24056317466349642,0.399027674651343
151,val,0.00021458953792975657,2.019342735165455,2.019342735165455,3.80898506914983,0.0005683377587912055,4.1766799458706433e-07,3.808416690982756,0.0,0.9362016755049346,1.1810077809896626,0.9650402743308271,0.0,0.17187500024428132,8.71516393442623,0.2832851722592213,0.3957668191096822
152,train,0.0002134994656119931,2.0946911351739868,2.0946911351739868,3.946136312051253,0.0005917569829491621,3.658872037304673e-07,3.945544514774291,0.0,0.9983127258779588,0.9626494519227793,1.0001134544857277,0.0,0.171875,8.823906681754373,0.2409509076190389,0.4012451171875
152,val,0.0002134994656119931,1.9885673347066661,1.9885673347066661,3.81192319510413,0.000574397389799906,2.6495270589532353e-07,3.811348774394051,0.0,0.9452247800397091,0.7810857022394899,0.9652339913805977,0.0,0.17187500024428132,8.71516393442623,0.28369841028432374,0.3957668191096822
153,train,0.00021240530534918776,2.084136332362151,2.084136332362151,3.9424070632162174,0.0005846786599467732,3.469046483021035e-07,3.9418223574141824,0.0,0.9846360976538382,0.9975338408277055,0.9997468433104271,0.0,0.171875,8.778624313921968,0.2414361622707903,0.4003963418735946
153,val,0.00021240530534918776,2.070273645588609,2.070273645588609,3.813146778794586,0.0005889436352681216,2.8352975533141674e-07,3.8125578145511816,0.0,1.0312295350872103,0.7230374539484743,0.9667403717510036,0.0,0.17187500024428132,8.71516393442623,0.28383048636014346,0.3957668191096822
154,train,0.00021130712813983212,2.086425993068159,2.086425993068159,3.942744721065868,0.0005831662039917101,3.191330564072626e-07,3.9421615167097612,0.0,0.994005909636001,0.929036658903784,0.9995164147093276,0.0,0.171875,8.773889462809917,0.24129963185915276,0.39974530016587784
154,val,0.00021130712813983212,2.0971942299702127,2.0971942299702127,3.8340978231586393,0.0005793356628645761,2.8565060355705385e-07,3.8335184660114225,0.0,1.033638243792487,0.8918603863872465,0.9743699470504386,0.0,0.17187500024428132,8.71516393442623,0.28226258324795084,0.3957668191096822
155,train,0.00021020500524307145,2.1260006481950935,2.1260006481950935,3.943272378819048,0.0005789395560768302,3.269272865941463e-07,3.9426934039297183,0.0,1.0256225379291646,0.9989401879143124,1.0004840897134513,0.0,0.171875,8.73816288010148,0.24123287989088327,0.39830668640038197
155,val,0.00021020500524307145,2.0627352624643045,2.0627352624643045,3.8071304383825084,0.0006032089965673713,5.962431059481891e-07,3.8065271768413607,0.0,0.9385752604633081,1.5896938365013873,0.9651906031077025,0.0,0.17187500024428132,8.71516393442623,0.28407462698514346,0.3957668191096822
156,train,0.0002090990081740812,2.071300296251439,2.071300296251439,3.945448571985418,0.0005836327155438167,4.751595670976081e-07,3.944864894732956,0.0,0.9789763964897344,0.9218030639054361,1.0001435925152675,0.0,0.171875,8.712078169357678,0.24064480704216917,0.39715424845041325
156,val,0.0002090990081740812,2.0254371830674467,2.0254371830674467,3.814557939279275,0.0005825112936884684,2.395185635548126e-07,3.8139753927949998,0.0,0.9963574302001078,0.6269381139122072,0.9663859547161665,0.0,0.17187500024428132,8.71516393442623,0.2816192126664959,0.3957668191096822
157,train,0.00020798920869942618,2.0817854222187324,2.0817854222187324,3.940302799555881,0.0005769582613455979,3.0051908551002285e-07,3.9397258137868456,0.0,0.99065982396445,0.9146227942517966,0.9996633224250856,0.0,0.171875,8.797262396694215,0.2416781171047983,0.40125520564307854
157,val,0.00020798920869942618,2.07592646802058,2.07592646802058,3.8170181219695043,0.0005723837110381878,2.647316113209809e-07,3.816445710229092,0.0,1.0168387328014998,0.9047455865828717,0.968613187797734,0.0,0.17187500024428132,8.71516393442623,0.2836453797387295,0.3957668191096822
158,train,0.00020687567883240386,2.1041448776386984,2.1041448776386984,3.9423590130057216,0.0005796652247317227,4.931212538911661e-07,3.9417793051270413,0.0,1.002771965235718,1.0136243319215854,1.0000104773635707,0.0,0.171875,8.790676652892563,0.24219960620826927,0.39989259161732416
158,val,0.00020687567883240386,2.000217187600058,2.000217187600058,3.8060319032825407,0.0005571958103186649,2.5318308545496116e-07,3.8054746917036715,0.0,0.9692171953740667,0.6522904898299545,0.9657709491057475,0.0,0.17187500024428132,8.71516393442623,0.28428474801485654,0.3957668191096822
159,train,0.00020575849082837163,2.0768347402249487,2.0768347402249487,3.9371335673923333,0.0005579389910038545,3.383800582251143e-07,3.9365755999383847,0.0,0.9844236413309396,0.9282845839981205,0.9995826487698831,0.0,0.171875,8.779829545454545,0.24230923411274743,0.3996861146008673
159,val,0.00020575849082837163,2.133377528581463,2.133377528581463,3.8119285145743946,0.0005724579200805088,2.973504973904143e-07,3.811356016846954,0.0,1.0696969584363405,0.9442932771854713,0.9692512398860493,0.0,0.17187500024428132,8.71516393442623,0.2842447249615779,0.3957668191096822
160,train,0.00020463771718005807,2.1093371919363983,2.1093371919363983,3.9366390005616116,0.0005904309637267297,3.271976667788708e-07,3.936048533305649,0.0,1.0109072085008148,0.9835376606499853,1.0000762205478573,0.0,0.171875,8.778366049459159,0.2431914694915133,0.3995694247159091
160,val,0.00020463771718005807,2.0591497499434674,2.0591497499434674,3.808653241298238,0.0005638840936074705,3.6562633291120364e-07,3.8080893110056393,0.0,0.9834807871795092,1.076214033072112,0.9680475543756955,0.0,0.17187500024428132,8.71516393442623,0.28513924020235654,0.3957668191096822
161,train,0.00020351343061285904,2.1017409646806637,2.1017409646806637,3.9333257221978557,0.0005771157798147568,3.154886838312773e-07,3.932748566974293,0.0,1.006259386204491,0.9585493091216757,0.9996266483275358,0.0,0.171875,8.819473140495868,0.24404755899728822,0.40106352498708675
161,val,0.00020351343061285904,1.985147186967193,1.985147186967193,3.8016641491749246,0.0005526554021224777,3.1763981271114227e-07,3.8011114636405567,0.0,0.9189194157475331,0.9817951976275835,0.968048246180425,0.0,0.17187500024428132,8.71516393442623,0.2866611168032787,0.3957668191096822
162,train,0.00020238570408011877,2.086228169685553,2.086228169685553,3.934317259749105,0.0005395069833453322,3.2362079834657445e-07,3.933777719489799,0.0,0.9848561822629172,1.0131822941470738,1.000053756246882,0.0,0.171875,8.749655648696521,0.24236942852331586,0.39786077666381175
162,val,0.00020238570408011877,2.0510027799449984,2.0510027799449984,3.8013138302036973,0.0005506753867118024,4.271516783707038e-07,3.800763114553983,0.0,0.9801905008613087,1.0311757404296125,0.9676947124668809,0.0,0.17187500024428132,8.71516393442623,0.28544141425461067,0.3957668191096822
163,train,0.0002012546107583959,2.0878553557987054,2.0878553557987054,3.9385654946004065,0.0005965639297342436,3.404821743041162e-07,3.9379688984106394,0.0,0.993644172987662,0.9378499393620767,1.0004261906974572,0.0,0.171875,8.897641185886604,0.24260936560463314,0.4011960200780679
163,val,0.0002012546107583959,2.032167934980549,2.032167934980549,3.795010781678997,0.0005479701508416748,2.9964648811036583e-07,3.7944627785291827,0.0,0.9834727043988275,0.8464427424258874,0.9640509427570906,0.0,0.17187500024428132,8.71516393442623,0.2876797035092213,0.3957668191096822
164,train,0.00020012022404271496,2.1126840690935937,2.1126840690935937,3.935426704154527,0.0005834034197527939,3.1055827177102055e-07,3.9348432741874504,0.0,1.0198888194955085,0.9275108302427717,1.0000441579286716,0.0,0.171875,8.823949727145108,0.24318625716384779,0.40086982663997933
164,val,0.00020012022404271496,1.9635990897163016,1.9635990897163016,3.8067008354624763,0.0005520561277736589,3.25546709677092e-07,3.8061487440203057,0.0,0.8848370978089629,1.1196081276799812,0.966801173374301,0.0,0.17187500024428132,8.71516393442623,0.2851142257940574,0.3957668191096822
165,train,0.00019898261754180456,2.085319198852728,2.085319198852728,3.9340400666244757,0.000565128349629327,3.1798804656091306e-07,3.9334749032643215,0.0,0.9873972197702109,0.9800553916653326,0.999916442415931,0.0,0.171875,8.809702136299826,0.2432303100454906,0.40170683225324333
165,val,0.00019898261754180456,2.3561130253995053,2.3561130253995053,3.8003488603185436,0.0005901773533207502,1.2295194178626784e-06,3.799758559367696,0.0,0.9941111969166114,3.964330876459841,0.9655687369284083,0.0,0.17187500024428132,8.71516393442623,0.28572157562756145,0.3957668191096822
166,train,0.00019784186507332017,2.0887471600012346,2.0887471600012346,3.9340308274119353,0.0005711339337631968,3.07154247439556e-07,3.9334596681200766,0.0,0.9927865641176208,0.9621372653925715,0.9997468689256463,0.0,0.171875,8.805914256198347,0.24346881796998426,0.39947324818816066
166,val,0.00019784186507332017,2.0015005205498366,2.0015005205498366,3.7993383290337737,0.0005485474520370547,2.713020069874995e-07,3.7987897669682735,0.0,0.9453363980426163,0.8964333514698216,0.9665208038736562,0.0,0.17187500024428132,8.71516393442623,0.2853503618084016,0.3957668191096822
167,train,0.0001966980406590546,2.08589495558384,2.08589495558384,3.931614464964748,0.0005568499892876938,2.8772190295670545e-07,3.931057583202015,0.0,0.9887389766036971,0.9716535365778552,0.9999906263075584,0.0,0.171875,8.804752066115702,0.24466993271811935,0.39958253970816116
167,val,0.0001966980406590546,2.1068932990558813,2.1068932990558813,3.8056477796835977,0.0005861028623824451,2.656410470826515e-07,3.8050616451951322,0.0,1.0537021604717756,0.8503795324778948,0.9681531972572451,0.0,0.17187500024428132,8.71516393442623,0.2856945600665984,0.3957668191096822
168,train,0.00019555121852013514,2.093700243914423,2.093700243914423,3.9297634520806555,0.0005527723888233535,3.001321221744517e-07,3.9292106529897897,0.0,0.9971492339756863,0.9669398707299193,0.9998570212647935,0.0,0.171875,8.827436297393042,0.24379240518266504,0.40147446145203486
168,val,0.00019555121852013514,2.067098859880791,2.067098859880791,3.804420498550915,0.0005631619863036532,2.524737208223534e-07,3.8038573030565606,0.0,1.0178819323172335,0.8069537589784528,0.9685215451678292,0.0,0.17187500024428132,8.71516393442623,0.2841986984503074,0.3957668191096822
169,train,0.0001944014730722068,2.102367196201293,2.102367196201293,3.9294752394857486,0.0005634637745068416,2.984561632032156e-07,3.9289117430852465,0.0,1.0036741171247703,0.9821750710079492,1.0004755669881489,0.0,0.171875,8.846332644628099,0.24432515974872368,0.4005540579803719
169,val,0.0001944014730722068,2.068489959982575,2.068489959982575,3.7960184206728074,0.0005712248382566985,3.381733003353758e-07,3.79544716975728,0.0,1.0048352895212955,0.9954978452354181,0.9641048771436097,0.0,0.17187500024428132,8.71516393442623,0.2884061219262295,0.3957668191096822
170,train,0.000193248878920604,2.0765643725710468,2.0765643725710468,3.9276094328273428,0.0005518947738801968,2.9764902911178865e-07,3.927057510565135,0.0,0.983487351743643,0.9386522829040023,0.9992117913793926,0.0,0.171875,8.810476929688257,0.24445538487562463,0.4002002895124688
170,val,0.000193248878920604,2.1341659475545414,2.1341659475545414,3.8140312179190214,0.000563561413236741,2.7997180250652296e-07,3.8134676237575342,0.0,1.0667558527383647,0.9495805169715256,0.9724520444869995,0.0,0.17187500024428132,8.71516393442623,0.2856405289446721,0.3957668191096822
171,train,0.00019209351085550965,2.1138451596922128,2.1138451596922128,3.929467861317406,0.0005615506399242969,2.92619498688795e-07,3.9289062771915404,0.0,1.0167300164206954,0.9659265851186327,1.0005224935772006,0.0,0.171875,8.86445420241553,0.24438215946116723,0.40244631604714826
171,val,0.00019209351085550965,2.113536828854045,2.113536828854045,3.8022995229627266,0.0005765899769641214,4.7415462874044756e-07,3.8017228978579163,0.0,0.9940462415335608,1.5253994279220455,0.9669506305553874,0.0,0.17187500024428132,8.71516393442623,0.286896252241291,0.3957668191096822
172,train,0.00019093544384710166,2.0717521846787004,2.0717521846787004,3.9277081883643286,0.0005515481969283909,2.9964769345692616e-07,3.927156606981577,0.0,0.9762505558896656,0.9612440103588026,0.9993772221005652,0.0,0.171875,8.808798210679992,0.2446533707547779,0.3987643659607438
172,val,0.00019093544384710166,2.101605311768954,2.101605311768954,3.802980055574511,0.0005534621824884452,2.2915937347347683e-07,3.802426572705879,0.0,1.056435655374996,0.7506860787751245,0.9701010467576199,0.0,0.17187500024428132,8.71516393442623,0.2857265785092213,0.3957668191096822
173,train,0.00018977475304068875,2.111003392491459,2.111003392491459,3.926402632855187,0.0005478978186267551,2.941757217547265e-07,3.92585470558198,0.0,1.0116037328627483,0.9892836364586491,1.0004712973744416,0.0,0.171875,8.81017561983471,0.24423327069144604,0.4002910856126754
173,val,0.00018977475304068875,2.057885936049164,2.057885936049164,3.791777798386871,0.0005551349187029342,3.4229167149495894e-07,3.791222623137177,0.0,0.9940435725157378,0.9885589079778703,0.9649864738104773,0.0,0.17187500024428132,8.71516393442623,0.28803190637807374,0.3957668191096822
174,train,0.00018861151375183387,2.0761250346160134,2.0761250346160134,3.9260842327244028,0.0005457375379238847,2.9072911935363365e-07,3.9255384650112184,0.0,0.9833905572487303,0.9287273383830205,0.9998617386522372,0.0,0.171875,8.80040461563867,0.24517494390818698,0.40049117335603257
174,val,0.00018861151375183387,2.109146849053805,2.109146849053805,3.7929606594023157,0.0005471190431949179,2.640611308483816e-07,3.7924135122142855,0.0,1.0510963836654288,0.921085642009485,0.9659418971812139,0.0,0.17187500024428132,8.71516393442623,0.2872704677894467,0.3957668191096822
175,train,0.00018744580146146762,2.0982569727030667,2.0982569727030667,3.925997139993778,0.0005476846297614061,3.2707041209824856e-07,3.9254494205979276,0.0,1.002049458051516,0.9659186941533049,0.99961564486677,0.0,0.171875,8.834925966814529,0.24506918328606392,0.4003963418735946
175,val,0.00018744580146146762,2.1129402117651015,2.1129402117651015,3.795074642681685,0.000562418828819512,2.393505584040377e-07,3.7945122327960905,0.0,1.0604812160867159,0.8415517494326732,0.9683038162403419,0.0,0.17187500024428132,8.71516393442623,0.2875756435706967,0.3957668191096822
176,train,0.0001862776918109899,2.108419925220742,2.108419925220742,3.9295516152027226,0.0005351044734904335,2.8467909036528207e-07,3.929016477805524,0.0,1.0091516570118833,0.9869094414651887,1.0005773224613883,0.0,0.171875,8.844567838779165,0.2443059916831245,0.4017064959303407
176,val,0.0001862776918109899,2.029620307390807,2.029620307390807,3.8003012313217415,0.0005525884375483806,2.3661191167387887e-07,3.7997486317744023,0.0,0.9884892159798107,0.7425805486616541,0.9668730409418951,0.0,0.17187500024428132,8.71516393442623,0.28767570120389346,0.3957668191096822
177,train,0.00018510726059736194,2.0877976688471707,2.0877976688471707,3.926910055570366,0.0005456747156221512,2.931969727426781e-07,3.92636435189523,0.0,0.9915209199525108,0.9626829343393815,1.0000084577020534,0.0,0.171875,8.794981061919662,0.2452011738926911,0.40007889172262395
177,val,0.00018510726059736194,2.114251054701258,2.114251054701258,3.7909461240299414,0.0005651723057199574,3.3013987481130333e-07,3.7903809117489176,0.0,1.0452376022690633,1.0457335182877838,0.9644400907344506,0.0,0.17187500024428132,8.71516393442623,0.28834608734631145,0.3957668191096822
178,train,0.000183934583768188,2.0932249131281515,2.0932249131281515,3.924472729036631,0.0005369737134834613,2.76231826305324e-07,3.923935730595234,0.0,0.9981083259109623,0.9561022436323244,0.9995063622135761,0.0,0.171875,8.76485020661157,0.245744437225594,0.39952301782024796
178,val,0.000183934583768188,2.0551084065046465,2.0551084065046465,3.8140282748175447,0.0005405025841042278,2.493133336645501e-07,3.8134877525392126,0.0,1.0000987253228173,0.8233032514814471,0.9726793502197891,0.0,0.17187500024428132,8.71516393442623,0.28599673411885246,0.3957668191096822
179,train,0.000182759737416787,2.0984201781020677,2.0984201781020677,3.922656112465977,0.000533641620865284,1.043360016800506e-06,3.9221223622314203,0.0,0.9936304371957937,1.0435091675497776,1.0004388226950465,0.0,0.171875,8.811122590845281,0.24563279169157518,0.39850980068041275
179,val,0.000182759737416787,2.0347121524029093,2.0347121524029093,3.8243938039560788,0.0005557752692915468,2.603555461131482e-07,3.8238379916206737,0.0,1.0500602536514156,0.11452659537069133,0.9731992317027733,0.0,0.17187500024428132,8.71516393442623,0.2853353531634221,0.3957668191096822
180,train,0.00018158279777725497,2.0609466896569435,2.0609466896569435,3.9267385409883233,0.0005648756632581353,2.8715028048650273e-07,3.9261736327951606,0.0,1.0042828224168336,0.5720272178122819,0.9994611397755048,0.0,0.171875,8.811940429624448,0.2451396343136622,0.3996343271545142
180,val,0.00018158279777725497,2.09224139276098,2.09224139276098,3.7877904118084516,0.0005739931342550783,2.467255393505601e-07,3.787216393674006,0.0,1.0453519576885661,0.804504320758288,0.9664390272781497,0.0,0.17187500024428132,8.71516393442623,0.2888613841572746,0.3957668191096822
181,train,0.00018040384121951862,2.0839315061726844,2.0839315061726844,3.9196282901054573,0.0005373280215912213,2.807427715168137e-07,3.919090933050991,0.0,0.9886460454503366,0.9553090516200735,0.9997545635897266,0.0,0.171875,8.744662537062464,0.24595192321075882,0.3985901720021382
181,val,0.00018040384121951862,2.0948977548567975,2.0948977548567975,3.795112015771084,0.0005489566077604188,2.296580030118645e-07,3.7945630276789433,0.0,1.0468242266139045,0.7859269390340711,0.9694808272064709,0.0,0.17187500024428132,8.71516393442623,0.28875232133709017,0.3957668191096822
182,train,0.0001792229442443794,2.0752121259358303,2.0752121259358303,3.921965412857119,0.0005237292145977321,3.1294616326437435e-07,3.9214416505876653,0.0,0.980778466448311,0.940479603188097,1.0003857043656437,0.0,0.171875,8.821280991735538,0.24635697470223608,0.4006098808089564
182,val,0.0001792229442443794,2.172266170626781,2.172266170626781,3.787831771569174,0.0005298890252158687,2.7231211756919887e-07,3.787301856963361,0.0,1.1011071332165452,1.0538409391387564,0.9657749435940727,0.0,0.17187500024428132,8.71516393442623,0.2887353115394467,0.3957668191096822
183,train,0.0001780401834785497,2.1127390945253293,2.1127390945253293,3.923017422029795,0.0005349148475432245,2.978662093763782e-07,3.922482481672744,0.0,1.0140638319421407,0.9864953262500527,1.0000257263006258,0.0,0.171875,8.727487948315202,0.24608282086031497,0.39663738332504084
183,val,0.0001780401834785497,2.0684368590839575,2.0684368590839575,3.7903305350757037,0.0005299790865421051,2.433675167110062e-07,3.7898005266658594,0.0,1.0186628303566918,0.8349308185890073,0.9662809332863229,0.0,0.17187500024428132,8.71516393442623,0.2887783363217213,0.3957668191096822
184,train,0.00017685563566968075,2.1044071769911397,2.1044071769911397,3.920998738816947,0.0005378113428904282,3.0537591969554086e-07,3.9204608931029137,0.0,1.0026320752279818,1.0190259394320575,0.9998725044333245,0.0,0.171875,8.776601239669422,0.24615697107039208,0.39825826181360513
184,val,0.00017685563566968075,2.06691201202205,2.06691201202205,3.787486924499762,0.0005573836054088029,2.3114354123253344e-07,3.7869295292213314,0.0,1.0441657114224356,0.5659748902086352,0.9661488005372344,0.0,0.17187500024428132,8.71516393442623,0.2888573818519467,0.3957668191096822
185,train,0.00017566937768138225,2.085668712115485,2.085668712115485,3.921858068340081,0.0005350578317759281,2.6093929541266036e-07,3.921322982173321,0.0,0.9973467396310538,0.8823925014123444,1.0000827265672447,0.0,0.171875,8.783617425556026,0.2463154438113378,0.3994715666967975
185,val,0.00017566937768138225,2.0695852901114793,2.0695852901114793,3.8076728015649515,0.0005281612443543024,2.916695062375035e-07,3.8071446106082103,0.0,0.9910083828402347,1.076761221299406,0.9709007954988323,0.0,0.17187500024428132,8.71516393442623,0.28851418417008196,0.3957668191096822
186,train,0.00017448148648823515,2.090359031661483,2.090359031661483,3.916542227603187,0.0005224992716896602,2.7915011099727683e-07,3.916019702745863,0.0,0.9932137809016488,0.972842530401285,0.9998610024609842,0.0,0.171875,8.812456958550067,0.24712924597677122,0.4004901645104747
186,val,0.00017448148648823515,2.1070100264471083,2.1070100264471083,3.7927002711374254,0.0005362279096248056,3.0352653648039495e-07,3.792164016942509,0.0,1.0319695844024908,1.0730328628274262,0.9677371441340837,0.0,0.17187500024428132,8.71516393442623,0.2889554383324795,0.3957668191096822
187,train,0.0001732920391707966,2.1051925277907,2.1051925277907,3.9165251402815513,0.0005291566200513962,2.858332383197164e-07,3.9159959584228266,0.0,1.008450055787386,0.9662001004888991,1.0001224604519932,0.0,0.171875,8.78934228912858,0.2467414288481405,0.40045552743860513
187,val,0.0001732920391707966,2.0749333960111023,2.0749333960111023,3.812063654915231,0.0005597552803696179,2.2591765433263078e-07,3.811503863725506,0.0,1.0242728131716368,0.7858407771001097,0.9720765039569041,0.0,0.17187500024428132,8.71516393442623,0.2886262487192623,0.3957668191096822
188,train,0.00017210111291059857,2.0876089433007987,2.0876089433007987,3.9175509775965667,0.0005170047793211223,2.599675090147519e-07,3.9170339531149745,0.0,0.9923551261178718,0.9541012913234963,0.9998436905135794,0.0,0.171875,8.893293735409571,0.24726426312007194,0.4009303573734504
188,val,0.00017210111291059857,2.0374332959534693,2.0374332959534693,3.7839698361568765,0.000520570518317266,2.585293466810355e-07,3.783449231601152,0.0,0.9779917373031867,0.937823760704916,0.9656591874654176,0.0,0.17187500024428132,8.71516393442623,0.28896744524846313,0.3957668191096822
189,train,0.00017090878498513936,2.077679739018117,2.077679739018117,3.918108335211257,0.0005087720932922911,2.7643969992813865e-07,3.9175995381410456,0.0,0.980690263027002,0.9708746387199922,0.9999020045453851,0.0,0.171875,8.729855371900827,0.24731932925291297,0.39867390618343984
189,val,0.00017090878498513936,2.1443455844629007,2.1443455844629007,3.7782211694561068,0.0005360067627377442,2.2695874760615207e-07,3.777685134137263,0.0,1.1004998537360644,0.7919921493921124,0.9646465201846889,0.0,0.17187500024428132,8.71516393442623,0.2912167408427254,0.3957668191096822
190,train,0.00016971513276286938,2.10665287212892,2.10665287212892,3.9141950311739584,0.00051877500724109,2.430505156181812e-07,3.913676221508625,0.0,1.0134230827497057,0.9357813027772036,0.999651652229719,0.0,0.171875,8.808970388302134,0.2479017694626958,0.40031361653785075
190,val,0.00016971513276286938,2.029320755942923,2.029320755942923,3.7886319590396567,0.0005137515170824118,2.3126616832862472e-07,3.7881181865441995,0.0,0.9691749102756625,0.911784646941013,0.9689673615283654,0.0,0.17187500024428132,8.71516393442623,0.28850517898309425,0.3957668191096822
191,train,0.00016852023369817075,2.0805377339528612,2.0805377339528612,3.9171480827095095,0.0005091166361629548,3.538265395936532e-07,3.9166389378634365,0.0,0.9806807813319293,0.9940236351214164,1.00045458861619,0.0,0.171875,8.775869491671727,0.24739230245598093,0.4001232809271694
191,val,0.00016852023369817075,2.103940492770711,2.103940492770711,3.7840662901518773,0.0005141044005495878,2.3611152115433067e-07,3.7835521658913036,0.0,1.0614821549321785,0.7683622265448335,0.9656221202162446,0.0,0.17187500024428132,8.71516393442623,0.28969786597079916,0.3957668191096822
192,train,0.00016732416532633148,2.0999138773965442,2.0999138773965442,3.919330411706089,0.0005105507235602699,2.756242101477518e-07,3.91881983437814,0.0,1.0037675509768085,0.9610367567578623,1.0000426518030403,0.0,0.171875,8.793474520533538,0.2468994814009706,0.40089807431559915
192,val,0.00016732416532633148,2.1652841450738127,2.1652841450738127,3.782879415105601,0.0005439814746944753,3.216894676321973e-07,3.7823354025356104,0.0,1.0943487682303443,1.0583656801552068,0.9650988207488763,0.0,0.17187500024428132,8.71516393442623,0.29053534836065575,0.3957668191096822
193,train,0.00016612700525851418,2.0984356807283135,2.0984356807283135,3.914965157666482,0.0005218097973761172,2.521417709259792e-07,3.9144433283608806,0.0,1.006444575126506,0.9246339698222058,0.9995277142229159,0.0,0.171875,8.795669768467423,0.2475659919918076,0.40074809265038197
193,val,0.00016612700525851418,2.4881117324360082,2.4881117324360082,3.783419374559746,0.000532114634492633,1.2455392910866425e-06,3.7828871383041633,0.0,1.0288097594605117,4.918151439213362,0.9674868143972803,0.0,0.17187500024428132,8.71516393442623,0.29033023021260246,0.3957668191096822
194,train,0.00016492883117672,2.0894878442622415,2.0894878442622415,3.9152475891034464,0.0005026752635387296,2.9895493202376717e-07,3.9147448805738088,0.0,0.9915567336003642,0.9777826858946115,1.0001528386242133,0.0,0.171875,8.812284780927927,0.24762585020262348,0.40077499515754134
194,val,0.00016492883117672,2.115072994935708,2.115072994935708,3.780631467944286,0.000528787828831109,2.465333352108887e-07,3.780102647718836,0.0,1.0576583503699692,0.9137659453954853,0.9660380599928684,0.0,0.17187500024428132,8.71516393442623,0.2920101978739754,0.3957668191096822
195,train,0.00016372972082874808,2.1177726077639365,2.1177726077639365,3.913087976865532,0.0005338924340682474,2.561802432997557e-07,3.912554049294842,0.0,1.0223011842443923,0.9546449117916674,1.0000069400003133,0.0,0.171875,8.797434574316355,0.24805486177609973,0.39986737047837784
195,val,0.00016372972082874808,2.0531310781103667,2.0531310781103667,3.8003232127330344,0.0005305491110642028,3.7275657218817257e-07,3.7997926141394944,0.0,0.9388700318141062,1.432323474375928,0.971028703158019,0.0,0.17187500024428132,8.71516393442623,0.2893086417776639,0.3957668191096822
196,train,0.00016252975202315053,2.0606382661614537,2.0606382661614537,3.9146206989761225,0.0005000832426642676,2.5944000919315097e-07,3.9141205903912377,0.0,0.9650443483236407,0.9574983294837731,0.9998440799141718,0.0,0.171875,8.730630165289256,0.24756632831471026,0.39802622733529935
196,val,0.00016252975202315053,2.298497196103706,2.298497196103706,3.783564247068812,0.00055508294928109,4.487878565676689e-07,3.7830091069956295,0.0,1.1544380095161375,1.7658417058772728,0.9674750048606122,0.0,0.17187500024428132,8.71516393442623,0.2896938636654713,0.3957668191096822
197,train,0.00016132900262418346,2.1106050526800235,2.1106050526800235,3.915395895311655,0.0005305841518710329,2.590168620559866e-07,3.914865278015452,0.0,1.0155849079947827,0.9501383723306261,1.0000063013439335,0.0,0.171875,8.824939739605613,0.2477491815720708,0.4010564630681818
197,val,0.00016132900262418346,2.1055751687190574,2.1055751687190574,3.7993493392819264,0.000542554921579364,2.480032265816217e-07,3.798806761131912,0.0,1.0310633060384968,1.0303595427606926,0.9714759187620194,0.0,0.17187500024428132,8.71516393442623,0.28856721471567626,0.3957668191096822
198,train,0.00016012755054675468,2.077690410712534,2.077690410712534,3.9144268883161306,0.0005136600424716449,2.514821045475243e-07,3.9139132085910515,0.0,0.9809400972502291,0.9648647319433118,1.0002638416841996,0.0,0.171875,8.814953512396695,0.24789613670061442,0.3997577426354747
198,val,0.00016012755054675468,2.20243489546854,2.20243489546854,3.78005979881912,0.0005533260817650981,2.458345851548939e-07,3.7795064449310303,0.0,1.1420568051885387,0.9510406021211968,0.9652740290907563,0.0,0.17187500024428132,8.71516393442623,0.2908585345158812,0.3957668191096822
199,train,0.00015892547375136773,2.1072705619591328,2.1072705619591328,3.9118330508224237,0.0005225889235138431,2.5060521207153727e-07,3.911310437297033,0.0,1.0128926911876222,0.944685352858433,0.9999093376407938,0.0,0.171875,8.844653925619834,0.24793514535446798,0.40087352582245817
199,val,0.00015892547375136773,2.1085034042108255,2.1085034042108255,3.7746476697140054,0.0005223982107203423,3.4875006046611996e-07,3.7741252398881757,0.0,0.9981664297033529,1.4601411721745476,0.9643228679406838,0.0,0.17187500024428132,8.71516393442623,0.29146288262038933,0.3957668191096822
200,train,0.0001577228502390633,2.10037646067044,2.10037646067044,3.9130523204803467,0.0005208272864553338,2.5051493438721925e-07,3.9125314527306676,0.0,1.003262867612287,0.9741717753085223,0.9996964143327445,0.0,0.171875,8.826747590845281,0.24823393180104328,0.39936765560433884
200,val,0.0001577228502390633,2.015534320815665,2.015534320815665,3.790396354237541,0.0005120229950273928,2.391769367041426e-07,3.7898842975741527,0.0,0.952393069619038,0.9334674487348462,0.9697945020237907,0.0,0.17187500024428132,8.71516393442623,0.29093858062243855,0.3957668191096822
201,train,0.00015651975804635755,2.0860310403768683,2.0860310403768683,3.910331752674639,0.0005105897760300605,2.475632751506325e-07,3.9098211379090615,0.0,0.9881522750312631,0.9790928558377195,0.9999694811903741,0.0,0.171875,8.769111570247935,0.24832809069925102,0.3996101148611258
201,val,0.00015651975804635755,2.1581714544139925,2.1581714544139925,3.7891067207836713,0.0005406383303333776,3.787146738432057e-07,3.7885660499822897,0.0,1.054677890949562,1.3389867153324064,0.9695948870455633,0.0,0.17187500024428132,8.71516393442623,0.2890074683017418,0.3957668191096822
202,train,0.00015531627524017884,2.0928621114778125,2.0928621114778125,3.909620761871338,0.0005125041465632895,2.3934292320695216e-07,3.909108235816325,0.0,0.9997820446560205,0.9303886230326881,1.0000411969078473,0.0,0.171875,8.848441805721315,0.24859871352014462,0.40244059917355374
202,val,0.00015531627524017884,2.0702204841082215,2.0702204841082215,3.787233211955086,0.0005217661301521432,2.2563374778044698e-07,3.7867114153064665,0.0,1.008717453870617,0.9258829746089998,0.9689147267185274,0.0,0.17187500024428132,8.71516393442623,0.28964783715420084,0.3957668191096822
203,train,0.00015411247991280178,2.0859810148388886,2.0859810148388886,3.9123615164402104,0.0005098290066523401,2.8895381170985814e-07,3.9118516661904077,0.0,0.9908584880927378,0.9488623374996107,1.000236293008505,0.0,0.171875,8.808669078448586,0.24813926848005657,0.4013665149773448
203,val,0.00015411247991280178,2.1069055697957024,2.1069055697957024,3.7921516191763955,0.0005262713785355789,2.1695313500540728e-07,3.7916253277512846,0.0,1.0561007813352052,0.8177295507954769,0.9690318449598844,0.0,0.17187500024428132,8.71516393442623,0.28911853227459017,0.3957668191096822
204,train,0.00015290845017678004,2.085825036872517,2.085825036872517,3.9084161667784385,0.0005057824007451942,2.455169515331904e-07,3.9079103528960677,0.0,0.9892769486697253,0.9675729720553091,0.9997907931154425,0.0,0.171875,8.822744491671727,0.2490756452576188,0.40033614733987605
204,val,0.00015290845017678004,2.3428977297954874,2.3428977297954874,3.780180919365805,0.0005128741568263589,8.564805715068957e-07,3.7796679481131132,0.0,1.0658967670847157,3.1003402999190035,0.9669669133717896,0.0,0.17187500024428132,8.71516393442623,0.29149690221567626,0.3957668191096822
205,train,0.0001517042641598778,2.106033415833781,2.106033415833781,3.9084692661427267,0.0004935571466849671,2.7065555702979173e-07,3.9079756805719423,0.0,1.0076232982322204,0.9816969416358254,1.0002404234626077,0.0,0.171875,8.795540636236018,0.2484808468129024,0.4007568359375
205,val,0.0001517042641598778,2.0957693584629746,2.0957693584629746,3.778157226374892,0.0005328263836954797,2.3992267646552466e-07,3.7776243725761036,0.0,1.0522788758160637,0.7820133850222728,0.9652891413110202,0.0,0.17187500024428132,8.71516393442623,0.29238741515112704,0.3957668191096822
206,train,0.0001505,2.073694369024482,2.073694369024482,3.909774066988102,0.0004922818303640262,2.3296984819524383e-07,3.9092817562670747,0.0,0.9838937692159464,0.8994405539321505,0.9998565439350349,0.0,0.171875,8.766055442084951,0.2486423460905217,0.3996286104040698
206,val,0.0001505,2.1933263051705283,2.1933263051705283,3.7898685424054257,0.0005245188109912589,2.5081326468546754e-07,3.789344005897397,0.0,1.113976814219209,1.1038748475371813,0.9689619941789596,0.0,0.17187500024428132,8.71516393442623,0.2907604780353484,0.3957668191096822
207,train,0.00014929573584012223,2.103725148133995,2.103725148133995,3.909374284350182,0.0005020949760334535,2.4706946550731876e-07,3.9088721610297843,0.0,1.0053575377572666,0.9823965137162485,1.0001279549165205,0.0,0.171875,8.795153239541802,0.24916450777822288,0.40198056559917356
207,val,0.00014929573584012223,2.1166355140873643,2.1166355140873643,3.7854685900641267,0.0005164404784245264,2.3943845859753685e-07,3.784952124611276,0.0,1.0553662693891368,0.940503224974773,0.9672189237641506,0.0,0.17187500024428132,8.71516393442623,0.2902411789190574,0.3957668191096822
208,train,0.00014809154982321995,2.0919849660770953,2.0919849660770953,3.9060975392002706,0.0004959239411934602,2.608116157570151e-07,3.905601596044115,0.0,0.9963851518128529,0.9648582909471732,0.9991139897630235,0.0,0.171875,8.748794768467423,0.24858274021424537,0.3982720493285124
208,val,0.00014809154982321995,2.1139530666538926,2.1139530666538926,3.7858554183459674,0.000515388251381514,2.0991785126185635e-07,3.7853400081884665,0.0,1.0614860688076644,0.8091512004860112,0.971551881461847,0.0,0.17187500024428132,8.71516393442623,0.2912997886782787,0.3957668191096822
209,train,0.00014688752008719822,2.0970081888939722,2.0970081888939722,3.9079800657004364,0.0004799300461381189,3.0264934559956283e-07,3.9075001034854857,0.0,0.999106848781759,0.9740962581939934,1.0004917181227817,0.0,0.171875,8.744963842975206,0.24933517077737602,0.3979952894459086
209,val,0.00014688752008719822,2.1327036208793766,2.1327036208793766,3.7918493083265963,0.0005307956498505578,2.3082306525890597e-07,3.7913184908569835,0.0,1.0888777902868927,0.7310929791849168,0.9707165262738212,0.0,0.17187500024428132,8.71516393442623,0.2893616723232582,0.3957668191096822
210,train,0.00014568372475982114,2.0872136881528807,2.0872136881528807,3.90818825536523,0.000490035860467806,2.367474937781845e-07,3.9076981968130946,0.0,0.9966434026060026,0.9093781167810614,0.9996324676620073,0.0,0.171875,8.766701103241976,0.24923184821920946,0.3989691616089876
210,val,0.00014568372475982114,2.1409415436572714,2.1409415436572714,3.797464108857952,0.0005237528971743724,1.9704491136020002e-07,3.7969403227821727,0.0,1.0866505782135198,0.803764526472717,0.9739145001427072,0.0,0.17187500024428132,8.71516393442623,0.2901721391521516,0.3957668191096822
211,train,0.00014448024195364245,2.111341060193117,2.111341060193117,3.9052091442849024,0.0004797011514868749,2.5522238788493614e-07,3.9047294185181296,0.0,1.0114372287653695,0.9966596187638842,1.0002378688370885,0.0,0.171875,8.720256545326926,0.24896660594900777,0.39750263649077455
211,val,0.00014448024195364245,2.0239642154975015,2.0239642154975015,3.774136953666562,0.0005025447605818998,2.3240854306259577e-07,3.7736343985698264,0.0,0.978572241595534,0.786018361810778,0.9667901318581378,0.0,0.17187500024428132,8.71516393442623,0.29232938172387296,0.3957668191096822
212,train,0.00014327714976093667,2.075444486515581,2.075444486515581,3.907589468089017,0.0005068677282230236,2.3544569301733164e-07,3.907082574426635,0.0,0.9844438707040362,0.9078439237657657,1.0002162217601271,0.0,0.171875,8.772425966814529,0.24959957242504624,0.4013423026839564
212,val,0.00014327714976093667,2.11680362654514,2.11680362654514,3.78096926798586,0.0005089576631883678,2.1268807940345378e-07,3.7804602794959896,0.0,1.0562097415572307,0.9309700004390029,0.9674969022391272,0.0,0.17187500024428132,8.71516393442623,0.29198718461834017,0.3957668191096822
213,train,0.00014207452624863222,2.091925811669058,2.091925811669058,3.908545360092289,0.00048760078789200634,2.5521996654907705e-07,3.908057734985982,0.0,0.9929987193385431,0.9865791393705636,1.000269176546207,0.0,0.171875,8.711690772663463,0.24962992184171992,0.39739805287566066
213,val,0.00014207452624863222,2.16088532619789,2.16088532619789,3.778871368189327,0.0005236668211644608,2.1095160125092721e-07,3.7783476876430826,0.0,1.1147288015631378,0.8049307465553284,0.9656634623887109,0.0,0.17187500024428132,8.71516393442623,0.29282366643186475,0.3957668191096822
214,train,0.00014087244945324532,2.095617376575785,2.095617376575785,3.9074034582484853,0.000496742544512453,3.6258397772552944e-07,3.9069066737308975,0.0,1.005673370454922,0.9028722825498621,0.999656779953271,0.0,0.171875,8.804407714812223,0.24955963897557298,0.3997614416948035
214,val,0.00014087244945324532,2.1194175520881275,2.1194175520881275,3.780294074386847,0.0005223646609219493,1.9458525341111664e-07,3.7797716836460302,0.0,1.0688981335671222,0.8286096087244691,0.9676584630716042,0.0,0.17187500024428132,8.71516393442623,0.29326191886526637,0.3957668191096822
215,train,0.00013967099737581653,2.091864191796169,2.091864191796169,3.9058753695369752,0.00048456925522124254,2.400994588748564e-07,3.905390773922944,0.0,0.9934700092008292,0.9834333846638025,1.0000508521214004,0.0,0.171875,8.82735020661157,0.24996401788282,0.40098046345159044
215,val,0.00013967099737581653,2.1107255337668245,2.1107255337668245,3.76804895479171,0.0005112874737204068,2.069360794051091e-07,3.7675376563775735,0.0,1.0689288685556317,0.7752101963660756,0.964275637611014,0.0,0.17187500024428132,8.71516393442623,0.29383024622182374,0.3957668191096822
216,train,0.00013847024797684952,2.095366069600602,2.095366069600602,3.90151702668056,0.0004973681803556036,2.3261658998284633e-07,3.9010196392201193,0.0,1.0016599187919917,0.94440456042605,0.9992656966378867,0.0,0.171875,8.865315082644628,0.2503340960411001,0.40299849076704547
216,val,0.00013847024797684952,2.148808846708204,2.148808846708204,3.776699046619603,0.0005259014857879489,2.6324317012554794e-07,3.7761731147766113,0.0,1.0731275824249769,1.056912998684117,0.969989963242265,0.0,0.17187500024428132,8.71516393442623,0.2934750416239754,0.3957668191096822
217,train,0.00013727027917125192,2.0840901924558906,2.0840901924558906,3.903526226351084,0.0004877183953885081,2.3612449469335708e-07,3.9030384780946843,0.0,0.9886986746275721,0.9472162676744225,1.0006698835487209,0.0,0.171875,8.772339876033058,0.25052527233588795,0.40002340521694213
217,val,0.00013727027917125192,2.2085623936574965,2.2085623936574965,3.798005752876157,0.0005336401234552661,2.2437159813881543e-07,3.797472086109099,0.0,1.1412404458053778,0.9509087732580842,0.9722310646635587,0.0,0.17187500024428132,8.71516393442623,0.29132080078125,0.3957668191096822
218,train,0.00013607116882328001,2.101082340252301,2.101082340252301,3.900702387833398,0.00047743609278512857,2.498384372479205e-07,3.900224921131922,0.0,1.005961273573647,0.9533124791442855,0.9997898138259068,0.0,0.171875,8.795153239541802,0.2502723043122567,0.39996993640237605
218,val,0.00013607116882328001,2.1062687244571623,2.1062687244571623,3.782579750311179,0.0005098892102441674,2.0094364642176752e-07,3.782069847232006,0.0,1.0495690752248295,0.8741381910980724,0.9692858330539016,0.0,0.17187500024428132,8.71516393442623,0.2924584560706967,0.3957668191096822
219,train,0.0001348729947414858,2.104795546078485,2.104795546078485,3.90397190456548,0.0004842536813653582,2.3201929886270155e-07,3.9034876252008863,0.0,1.0048141581706764,0.9959241932581279,1.0003889619318906,0.0,0.171875,8.802772041194695,0.25056629868085717,0.40115869279242744
219,val,0.0001348729947414858,2.09633629243882,2.09633629243882,3.7974821153234264,0.0005243011582337442,2.2449597736340365e-07,3.796957782057465,0.0,1.0452249113653527,0.798858320126768,0.971225549940203,0.0,0.17187500024428132,8.71516393442623,0.29030621638063525,0.3957668191096822
220,train,0.0001336758346736685,2.1032787719048742,2.1032787719048742,3.900808926456231,0.00048107927408231005,2.9279659315644376e-07,3.900327826334425,0.0,1.0054566971034058,0.9853689149637853,0.9992851841548258,0.0,0.171875,8.821022727272727,0.24975417800678695,0.4002507317903613
220,val,0.0001336758346736685,2.0260791485426854,2.0260791485426854,3.7670038567214714,0.000528378860851307,1.8475969094182444e-07,3.766475450797159,0.0,1.0145169520964388,0.4473368061370537,0.9668285152951225,0.0,0.17187500024428132,8.71516393442623,0.293671154585041,0.3957668191096822
221,train,0.0001324797663018292,2.0649914421325875,2.0649914421325875,3.9071560457718273,0.00048612153219166867,2.3666909061359945e-07,3.906669901422233,0.0,0.979044351942283,0.8546488548605895,1.000482205517036,0.0,0.171875,8.768465909090908,0.2499504825793022,0.3981479613248967
221,val,0.0001324797663018292,2.1431143479269057,2.1431143479269057,3.785205708175409,0.0005099787837234096,2.379447004457569e-07,3.784695707383703,0.0,1.0758908654822679,0.9803674308980097,0.9691867466832771,0.0,0.17187500024428132,8.71516393442623,0.2930187788165984,0.3957668191096822
222,train,0.00013128486723713062,2.091931836664184,2.091931836664184,3.8998032394519524,0.0004844131171395463,2.4374866044020806e-07,3.899318805410842,0.0,0.9971884368372358,0.9523456897124771,0.9995088291562293,0.0,0.171875,8.719266528925619,0.25077966951634273,0.3982928988854747
222,val,0.00013128486723713062,2.1010662063223418,2.1010662063223418,3.7806578151515273,0.0004957051497796306,1.947012617433831e-07,3.7801620921150585,0.0,1.047775839195877,0.8292166097242324,0.9703686872466666,0.0,0.17187500024428132,8.71516393442623,0.2924434474257172,0.3957668191096822
223,train,0.00013009121501486064,2.096156108477884,2.096156108477884,3.901223267405486,0.0004777363650616228,2.2950410230478605e-07,3.9007455041585875,0.0,1.0007058518730905,0.9509670852629606,1.0003535476597873,0.0,0.171875,8.882532714812223,0.2506243913503718,0.4021557685264871
223,val,0.00013009121501486064,2.124702748705129,2.124702748705129,3.7882501140969698,0.0005072228499348505,2.1934249896164192e-07,3.7877428648901765,0.0,1.0578629394046595,0.9622851277961105,0.9706112810822783,0.0,0.17187500024428132,8.71516393442623,0.29300477074795084,0.3957668191096822
224,train,0.00012889888708940143,2.1026310403484945,2.1026310403484945,3.8989858932731565,0.00048596765488830647,2.1694093221560424e-07,3.89849990655568,0.0,1.0058266551287707,0.9700435749755418,0.9998000286334803,0.0,0.171875,8.802298553719009,0.2510254075211927,0.3993542044123342
224,val,0.00012889888708940143,2.0624557811705793,2.0624557811705793,3.768359442226222,0.0005042183515424917,2.091532502017948e-07,3.76785521038243,0.0,1.0111775686506366,0.8481616104235414,0.966462037602409,0.0,0.17187500024428132,8.71516393442623,0.29296774942366804,0.3957668191096822
225,train,0.00012770796082920335,2.0939743893205627,2.0939743893205627,3.8984654718194127,0.0004815657140012669,2.0486551591969987e-07,3.8979838928900477,0.0,1.0016251386197146,0.9216135316643833,1.0001878984703505,0.0,0.171875,8.730931475142802,0.25097942093679726,0.39715155823664233
225,val,0.00012770796082920335,2.0554519520431267,2.0554519520431267,3.776900858175559,0.0005073073684127207,1.9480513004532068e-07,3.776393538615743,0.0,0.9949253240569693,0.9278062972866121,0.9677459900496436,0.0,0.17187500024428132,8.71516393442623,0.2922153160220287,0.3957668191096822
226,train,0.00012651851351176485,2.08644618820553,2.08644618820553,3.9007606900427954,0.000482081994366224,2.267126859285026e-07,3.900278577134629,0.0,0.9868198022369511,0.9977484357751105,0.9998515433023784,0.0,0.171875,8.757747933884298,0.25040177274341424,0.3976089015972516
226,val,0.00012651851351176485,2.090165327806942,2.090165327806942,3.783684425666684,0.00048422663244533306,3.034379096695867e-07,3.783200177990022,0.0,1.003186030954611,1.1678562838523114,0.9701936528330943,0.0,0.17187500024428132,8.71516393442623,0.29324190733862704,0.3957668191096822
227,train,0.00012533062231861772,2.098546918266076,2.098546918266076,3.899420439704391,0.00048286951413283833,2.2304314096676203e-07,3.898937550458041,0.0,1.0051468774553174,0.9311707709446426,1.0002829602434615,0.0,0.171875,8.78340220648395,0.2508037137098549,0.3991228424566836
227,val,0.00012533062231861772,2.0471061819889504,2.0471061819889504,3.7735380930978746,0.000498370692796135,1.9570325606332145e-07,3.773039704463521,0.0,0.995385330720026,0.85492492650376,0.9662283610125058,0.0,0.17187500024428132,8.71516393442623,0.2934990554559426,0.3957668191096822
228,train,0.00012414436433031927,2.091739123517817,2.091739123517817,3.89871739651546,0.0004754961865270041,2.402870620933995e-07,3.8982418805114496,0.0,0.9916060076764792,1.0045927641066639,0.9996738431374889,0.0,0.171875,8.855501033057852,0.2518893996299791,0.4015719831482438
228,val,0.00012414436433031927,2.112365306400862,2.112365306400862,3.7874605382075077,0.0005018007321298489,3.097151815303673e-07,3.786958694458008,0.0,1.0347062647342682,1.0631159553762342,0.9713474394845181,0.0,0.17187500024428132,8.71516393442623,0.292205310258709,0.3957668191096822
229,train,0.00012295981652145032,2.090774502635987,2.090774502635987,3.8989283723279464,0.00047739176512580394,2.826566913383397e-07,3.898450951930905,0.0,1.0031822544237798,0.8741444334510929,1.0001777981923632,0.0,0.171875,8.805053375969248,0.2506815592858417,0.4006714203879853
229,val,0.00012295981652145032,2.1558628277700453,2.1558628277700453,3.7739773148395974,0.0005536457475038153,2.0575598789789972e-07,3.773423652179906,0.0,1.1133622302383672,0.7548346827264691,0.9670171268650742,0.0,0.17187500024428132,8.71516393442623,0.2940273597592213,0.3957668191096822
230,train,0.00012177705575562059,2.0735164752676467,2.0735164752676467,3.8968236544900687,0.00047352383581176783,2.1288014692080357e-07,3.8963501108579397,0.0,0.9832496471887777,0.9061460579968681,0.9996522204442457,0.0,0.171875,8.759469698283297,0.2516777101627066,0.39895604661673556
230,val,0.00012177705575562059,2.1267284662997135,2.1267284662997135,3.7800911254570133,0.0004943753041605633,1.883882081152538e-07,3.779596719585481,0.0,1.0679476119455744,0.8852483327271509,0.9702560344680411,0.0,0.17187500024428132,8.71516393442623,0.2927025966956967,0.3957668191096822
231,train,0.00012059615878048135,2.1013964010664252,2.1013964010664252,3.8976444764570757,0.0004795215374377387,2.058164554928827e-07,3.897164930982038,0.0,1.0050604518287438,0.9610298956967582,1.0002329627837032,0.0,0.171875,8.836260330578513,0.2511573980662448,0.4005221112454233
231,val,0.00012059615878048135,2.1233185725133925,2.1233185725133925,3.7728671558567735,0.0004946055717586891,2.790080274649643e-07,3.772372507658161,0.0,1.0305520833515731,1.2548786255179858,0.9672786466410903,0.0,0.17187500024428132,8.71516393442623,0.2930688076331967,0.3957668191096822
232,train,0.00011941720222274498,2.0951027559839988,2.0951027559839988,3.8964599577848578,0.0004714975496253753,2.3115470723208896e-07,3.895988433814246,0.0,1.0021481669146168,0.933424093629703,0.9996121826250691,0.0,0.171875,8.828469355244282,0.25194169149911105,0.4001972629757952
232,val,0.00011941720222274498,2.128834315987884,2.128834315987884,3.7650931545945463,0.0005151669816381192,2.4153567207509905e-07,3.764577959404617,0.0,1.053497292956368,1.0821464296247139,0.9671223740108678,0.0,0.17187500024428132,8.71516393442623,0.2947257620389344,0.3957668191096822
233,train,0.00011824026258321299,2.0862659895715634,2.0862659895715634,3.894067588916495,0.00046050166234966707,2.1148305119244137e-07,3.8936070666825477,0.0,0.9907734476584048,0.9568689177351549,0.9998056457554998,0.0,0.171875,8.74690082644628,0.251583635314437,0.3990710550103306
233,val,0.00011824026258321299,2.1144129565504732,2.1144129565504732,3.788492992276051,0.0004964714817851629,1.9264888339596495e-07,3.787996507081829,0.0,1.055553709385825,0.8479457145831624,0.9740646764880321,0.0,0.17187500024428132,8.71516393442623,0.2929817574923156,0.3957668191096822
234,train,0.00011706541623181195,2.090052410590747,2.090052410590747,3.8932590740771333,0.0004724524311494267,2.211680399152894e-07,3.8927865984026067,0.0,0.9948163943842423,0.9499481018663438,1.0002412037415938,0.0,0.171875,8.793861917227753,0.25140532186208675,0.4006135798682851
234,val,0.00011706541623181195,2.1130115673190257,2.1130115673190257,3.766819809303909,0.0004948452907064777,1.840240193380433e-07,3.766324938320723,0.0,1.0623495525023976,0.8332954733098139,0.9673324647496958,0.0,0.17187500024428132,8.71516393442623,0.29392530097336067,0.3957668191096822
235,train,0.00011589273940263804,2.0951557223461874,2.0951557223461874,3.8956203056761054,0.00045230443506888386,2.3230863362637926e-07,3.89516797243071,0.0,0.9947017879525492,1.0044963720662534,1.0000042994160296,0.0,0.171875,8.775654272599654,0.25189974029694706,0.39992050297004134
235,val,0.00011589273940263804,2.112295877738077,2.112295877738077,3.7721348707793187,0.0004929510277045173,1.847749914895385e-07,3.7716419071447653,0.0,1.0799199318299528,0.6370677239582186,0.9686691692618074,0.0,0.17187500024428132,8.71516393442623,0.2928426773821721,0.3957668191096822
236,train,0.00011472230818901012,2.103925644366209,2.103925644366209,3.8948366878446468,0.0004665706661353773,2.0258355184378047e-07,3.8943700967741406,0.0,1.0131261854871245,0.9079789062423155,1.000001565483976,0.0,0.171875,8.857222797456851,0.2523873489627168,0.4016274696539256
236,val,0.00011472230818901012,2.0621534722750305,2.0621534722750305,3.778476163989208,0.0004960048557774424,1.950514707854769e-07,3.7779801360896377,0.0,1.0076203903213876,0.842503194926215,0.9702827588456576,0.0,0.17187500024428132,8.71516393442623,0.29324190733862704,0.3957668191096822
237,train,0.00011355419853853242,2.072895939192496,2.072895939192496,3.897936118535759,0.0004765211580723355,4.768170654345374e-07,3.897459550337358,0.0,0.9864553990196591,0.8617367009855499,1.0002668765950795,0.0,0.171875,8.854511020597348,0.25138556538534557,0.4026770053569936
237,val,0.00011355419853853242,2.1833854542403923,2.1833854542403923,3.7731985654987272,0.000517158791256809,3.1998576227325714e-07,3.7726813652476325,0.0,1.1131426892319665,1.0260623693466187,0.967636519768199,0.0,0.17187500024428132,8.71516393442623,0.2951990346439549,0.3957668191096822
238,train,0.0001123884862481661,2.0805990740287403,2.0805990740287403,3.894820971922441,0.00044560219386827264,2.29749980744525e-07,3.8943753508496877,0.0,0.9886560409275953,0.9193784492321251,1.0000051831410937,0.0,0.171875,8.78245523547338,0.2518940235465026,0.3996393713823035
238,val,0.0001123884862481661,2.205657024852565,2.205657024852565,3.772602886450095,0.0004955494609856062,3.0379126164022087e-07,3.7721072963026705,0.0,1.1202172119109357,1.1798384140749447,0.9674559724135477,0.0,0.17187500024428132,8.71516393442623,0.2935140641009221,0.3957668191096822
239,train,0.00011122524695931128,2.1058576102099145,2.1058576102099145,3.890828654785787,0.00046940197317172147,2.0240841903194654e-07,3.890359239144759,0.0,1.0143725128213237,0.9180722284661836,0.9996778775345195,0.0,0.171875,8.809874313921968,0.25317416444790264,0.399003126158202
239,val,0.00011122524695931128,2.1783227959617237,2.1783227959617237,3.7756255532874436,0.0005044927151413772,3.399285382139154e-07,3.7751210322145554,0.0,1.051133968302461,1.5742759939099922,0.9697612240666249,0.0,0.17187500024428132,8.71516393442623,0.29527407786885246,0.3957668191096822
240,train,0.00011006455615289832,2.081776076111912,2.081776076111912,3.892442267788343,0.0004771282105184206,2.1986902395345785e-07,3.891965123247509,0.0,0.9856064547438267,0.9609111173093812,1.0000785101543774,0.0,0.171875,8.76769111570248,0.2524908396823347,0.3991581520512084
240,val,0.00011006455615289832,2.142621130239768,2.142621130239768,3.758021448479324,0.0004919479745650114,1.9847373475859505e-07,3.7575294736955986,0.0,1.0884736668868142,0.8928723950855068,0.9648602282414671,0.0,0.17187500024428132,8.71516393442623,0.2963536997310451,0.3957668191096822
241,train,0.00010890648914449034,2.0938712082618522,2.0938712082618522,3.893112741226007,0.00044979380534130556,2.1317568906803245e-07,3.8926629251685023,0.0,0.9978606200907841,0.9626390260359472,0.9997466874024099,0.0,0.171875,8.78262741112512,0.25242333114147186,0.3988797106772415
241,val,0.00010890648914449034,2.1603120936722053,2.1603120936722053,3.7725379740605587,0.000494881983957116,2.0962446933108517e-07,3.7720430796263646,0.0,1.1003958534021847,0.9012477163408623,0.9697914573012806,0.0,0.17187500024428132,8.71516393442623,0.2955042104252049,0.3957668191096822
242,train,0.00010775112107939595,2.0971162604891562,2.0971162604891562,3.8943280306729404,0.00044620727759657025,2.1407322844785718e-07,3.893881810598137,0.0,1.0008013112978502,0.9571001709492739,1.0006049386233338,0.0,0.171875,8.83552858258082,0.2522608228951446,0.40040306746959686
242,val,0.00010775112107939595,2.161178600592691,2.161178600592691,3.762773205022343,0.0004975787529981406,2.3730552345755239e-07,3.7622756059052516,0.0,1.0963033789493999,1.0048867014587903,0.9643865364496825,0.0,0.17187500024428132,8.71516393442623,0.2957743660348361,0.3957668191096822
243,train,0.00010659852692779323,2.0973178030045565,2.0973178030045565,3.893438466324294,0.0004843004120149157,3.4738895898732333e-07,3.892954131788459,0.0,1.0147566637717003,0.8285407444292848,0.9997070690324484,0.0,0.171875,8.81663223140496,0.25203332822184915,0.3996639199985946
243,val,0.00010659852692779323,2.048380238110902,2.048380238110902,3.7650105992301564,0.0004898173730728812,1.9532625024149623e-07,3.764520770213643,0.0,0.9917284474998224,0.9030047508536793,0.9663513058521709,0.0,0.17187500024428132,8.71516393442623,0.2949038646260246,0.3957668191096822
244,train,0.00010544878147986485,2.0732695253427362,2.0732695253427362,3.892898591096736,0.00045373812788079517,2.062484271597674e-07,3.8924448352214718,0.0,0.9793576479943331,0.9412206748792947,0.9997898076684022,0.0,0.171875,8.881069214876034,0.2520835182883523,0.4032241359722516
244,val,0.00010544878147986485,2.202613766076135,2.202613766076135,3.764750207056765,0.0005157496140827043,1.830534446354682e-07,3.764234429500142,0.0,1.1465570452760478,0.8878413556052036,0.9672725865098296,0.0,0.17187500024428132,8.71516393442623,0.2958774253970287,0.3957668191096822
245,train,0.00010430195934094536,2.0907235342608996,2.0907235342608996,3.8926748460974574,0.0004471961799951286,2.03335019844554e-07,3.8922276358959103,0.0,0.9941307277965151,0.9660372562891195,0.9999890800349969,0.0,0.171875,8.760416667323467,0.2525707906927944,0.3985901720021382
245,val,0.00010430195934094536,2.2368607833737233,2.2368607833737233,3.7783852483405442,0.0005136961055362261,2.3470072550644842e-07,3.7778715266556038,0.0,1.1601919175171462,1.0584832322402078,0.9708205461502075,0.0,0.17187500024428132,8.71516393442623,0.29302978515625,0.3957668191096822
246,train,0.00010315813492667987,2.1074471394877787,2.1074471394877787,3.8924341241190255,0.0004672672503824107,1.9870140562496332e-07,3.8919668414376,0.0,1.013457993707381,0.9398964207527066,0.999999499518024,0.0,0.171875,8.856835400762638,0.2523639773534349,0.4020384061188737
246,val,0.00010315813492667987,2.11797541086791,2.11797541086791,3.7603622850824574,0.0005074421396635503,1.9737364570413564e-07,3.759854832633597,0.0,1.0574421692089957,0.9434815684302909,0.9661850724063936,0.0,0.17187500024428132,8.71516393442623,0.2946517193903688,0.3957668191096822
247,train,0.00010201738245819545,2.0743911468293055,2.0743911468293055,3.8912783526192025,0.00043616254529184545,2.0348517179419737e-07,3.890842166813937,0.0,0.9789776526206782,0.9500906703885922,1.0004044217019041,0.0,0.171875,8.803030305657504,0.25265687888811444,0.3990491967309605
247,val,0.00010201738245819545,2.180633677810919,2.180633677810919,3.7708557394684337,0.0004861599884518865,2.00969735687306e-07,3.7703695649006326,0.0,1.1167030544554601,0.969865761819433,0.9669440603647076,0.0,0.17187500024428132,8.71516393442623,0.2948208167904713,0.3957668191096822
248,train,0.00010087977595728502,2.1013447031501897,2.1013447031501897,3.8917520686614613,0.0004640926482119359,2.0190427058076968e-07,3.891287961282021,0.0,1.0071329566811726,0.9442961025090257,0.9997821378806406,0.0,0.171875,8.859934574316355,0.25206174412049537,0.40145899244576444
248,val,0.00010087977595728502,2.2094202901496263,2.2094202901496263,3.7614068672305248,0.0005272664074866163,1.8441056460378454e-07,3.760879567412079,0.0,1.152998800160455,0.908823169645716,0.9655391730245997,0.0,0.17187500024428132,8.71516393442623,0.2954491787269467,0.3957668191096822
249,train,9.974538924160416e-05,2.0900973938713387,2.0900973938713387,3.8902332802449378,0.0004672626894393605,1.9636204963229687e-07,3.8897660015043147,0.0,0.9946979449307622,0.9559103947533064,0.9998084062879736,0.0,0.171875,8.81577135117586,0.25275313952737605,0.39988519337551653
249,val,9.974538924160416e-05,2.142861309598704,2.142861309598704,3.768503634656062,0.0004941077807967811,1.7264477725027556e-07,3.7680095101966233,0.0,1.0919269860767928,0.8265797896463363,0.9682763433847271,0.0,0.17187500024428132,8.71516393442623,0.2953531233990779,0.3957668191096822
250,train,9.861429591988125e-05,2.1102173495883783,2.1102173495883783,3.8914643880749535,0.0004599278490035025,1.999583720200278e-07,3.8910044392278373,0.0,1.0150109421123157,0.9532295657583505,0.9998834556784512,0.0,0.171875,8.798553719008265,0.25265301166733434,0.399190098786157
250,val,9.861429591988125e-05,2.0413250766816686,2.0413250766816686,3.7618273789765406,0.0004838131891552084,1.987038815309088e-07,3.76134355732652,0.0,0.9799343552745756,0.9427831739675804,0.9671124024469344,0.0,0.17187500024428132,8.71516393442623,0.29534812051741804,0.3957668191096822
251,train,9.748656938714096e-05,2.084113704271553,2.084113704271553,3.887881548936702,0.00045374204715654205,1.9321195486507664e-07,3.887427792076237,0.0,0.9899875554910376,0.9419623867046735,0.9999299027210424,0.0,0.171875,8.855113636363637,0.2535508841522469,0.40019154622535075
251,val,9.748656938714096e-05,2.0892282431242895,2.0892282431242895,3.7709882103028844,0.0004906015252106686,1.8020802115393425e-07,3.7704976034946127,0.0,1.0306274837157765,0.8880681630040779,0.9697939450623559,0.0,0.17187500024428132,8.71516393442623,0.29377821625256145,0.3957668191096822
252,train,9.636228281994191e-05,2.0811821498161507,2.0811821498161507,3.887754229474659,0.0004593318190920159,1.875404794105157e-07,3.8872948855407965,0.0,0.9877452495669531,0.9349689170841343,0.9999400128510373,0.0,0.171875,8.79063361144263,0.2533522256888634,0.39935454061208675
252,val,9.636228281994191e-05,2.0919800000112563,2.0919800000112563,3.759780059095289,0.00046917216348477076,1.7780851122984504e-07,3.759310863057121,0.0,1.0306928397202102,0.940919322068574,0.9671952323835404,0.0,0.17187500024428132,8.71516393442623,0.2959204501793033,0.3957668191096822
253,train,9.524150917162831e-05,2.0891827502526525,2.0891827502526525,3.8885299371293756,0.00044567731482338563,2.003827882393685e-07,3.888084239210964,0.0,0.9926702388800865,0.9645903367887844,1.0000534818684759,0.0,0.171875,8.792699727145108,0.2533641637356813,0.3989711793001033
253,val,9.524150917162831e-05,2.1477167977661384,2.1477167977661384,3.7603770865768684,0.0004885982558394584,1.7376399493055852e-07,3.759888477012759,0.0,1.0947217208440188,0.8591627908534691,0.967078797152785,0.0,0.17187500024428132,8.71516393442623,0.29652079597848363,0.3957668191096822
254,train,9.41243211675961e-05,2.082632228362659,2.082632228362659,3.8879391940172052,0.0004350750033973624,1.9383735940131605e-07,3.887504097843958,0.0,0.9874850046043554,0.9552829926910479,0.9996189241074334,0.0,0.171875,8.812198694087257,0.253413597106441,0.4009115256307539
254,val,9.41243211675961e-05,2.2011663913726807,2.2011663913726807,3.770381075436952,0.00047787617508905986,2.0396402381258487e-07,3.7699031790748974,0.0,1.131583386268772,0.98109347898452,0.971473653785518,0.0,0.17187500024428132,8.71516393442623,0.2949398853739754,0.3957668191096822
255,train,9.301079130057382e-05,2.1097460453175314,2.1097460453175314,3.8895458022424996,0.000447981391358959,1.8668017123687145e-07,3.889097801909959,0.0,1.0164186511157958,0.9270415665689579,1.000623234786278,0.0,0.171875,8.7872761734261,0.2531621424127216,0.399075090392562
255,val,9.301079130057382e-05,2.094619664989534,2.094619664989534,3.7659053958830286,0.00047711006911532554,1.7519592398312093e-07,3.765428249953223,0.0,1.0333934216225733,0.9389650509005687,0.9673297356386654,0.0,0.17187500024428132,8.71516393442623,0.29595947265625,0.3957668191096822
256,train,9.190099182591881e-05,2.0892403081428905,2.0892403081428905,3.886352240546676,0.0004528140050165686,1.8713565937260188e-07,3.885899409774906,0.0,0.9945049147960568,0.9502868960218981,0.9997067106656792,0.0,0.171875,8.848657024793388,0.2540055372375102,0.4000385379003099
256,val,9.190099182591881e-05,2.1418941900378368,2.1418941900378368,3.777689335776157,0.0004823844582624886,1.9818646466017556e-07,3.7772069446376113,0.0,1.0650310819266273,1.0510887611107749,0.9717542372766088,0.0,0.17187500024428132,8.71516393442623,0.29475577932889346,0.3957668191096822
257,train,9.079499475692851e-05,2.0931779353086615,2.0931779353086615,3.88808584410297,0.00043762805983510775,2.0637556965097668e-07,3.8876481982302074,0.0,0.9932428342251738,1.002557188026176,0.9996793856305525,0.0,0.171875,8.773631198347108,0.2535228046380784,0.39845935840252017
257,val,9.079499475692851e-05,2.141845019137273,2.141845019137273,3.7624725552855947,0.0004821055023415686,2.0933389951879377e-07,3.761990418199633,0.0,1.0875991929749973,0.8488257957286522,0.9693632506933368,0.0,0.17187500024428132,8.71516393442623,0.2964667648565574,0.3957668191096822
258,train,8.969287186016789e-05,2.108253626291417,2.108253626291417,3.8892534370264733,0.00047277671895673003,1.9083116665570773e-07,3.888780645102509,0.0,1.0176968043747028,0.8993678713633009,1.0006200286967695,0.0,0.171875,8.810476929688257,0.2535893885064716,0.39974059226099123
258,val,8.969287186016789e-05,2.023774088406172,2.023774088406172,3.76266520140601,0.0004735365765241784,1.8080982743815751e-07,3.7621916395718933,0.0,0.9631256935049276,0.9420564975894865,0.966442732537379,0.0,0.17187500024428132,8.71516393442623,0.296600842085041,0.3957668191096822
259,train,8.859469465081221e-05,2.0635860340654357,2.0635860340654357,3.8894594178712074,0.00046692121353516093,1.943350419135975e-07,3.888992475084037,0.0,0.9679189145811333,0.9588958298371844,0.9997775367468842,0.0,0.171875,8.830061983471074,0.2532629428569936,0.3992687887396694
259,val,8.859469465081221e-05,2.1600276798498435,2.1600276798498435,3.7667904720931755,0.00046762184871620207,2.1977949951760223e-07,3.766322835547025,0.0,1.0825700163841248,1.0890024275076193,0.9685574261868586,0.0,0.17187500024428132,8.71516393442623,0.2948518346567623,0.3957668191096822
260,train,8.750053438800692e-05,2.090835656016326,2.090835656016326,3.886763603234094,0.0004362868642278616,2.0344773461870733e-07,3.8863272952639365,0.0,0.9940007411497683,0.9700774173598644,0.9998271748546727,0.0,0.171875,8.814695247933884,0.2532842127252216,0.4009888704158058
260,val,8.750053438800692e-05,2.217752480116047,2.217752480116047,3.7553454813410023,0.0004979489556299981,1.7447348361693897e-07,3.754847526550293,0.0,1.1762076108182062,0.7512165996872011,0.966423222276031,0.0,0.17187500024428132,8.71516393442623,0.2970160812628074,0.3957668191096822
261,train,8.641046207024346e-05,2.079467532555919,2.079467532555919,3.884772796276187,0.0004314259881050757,1.8741291150386433e-07,3.88434134731608,0.0,0.9890110275962136,0.9090953620751042,0.9995469650453772,0.0,0.171875,8.79962982225024,0.25383537859956096,0.4007961809142562
261,val,8.641046207024346e-05,2.240122941673779,2.240122941673779,3.7690780905426524,0.0004774305263828089,1.712355849828454e-07,3.768600655383751,0.0,1.1775189090947635,0.9047818477036523,0.9721258702825327,0.0,0.17187500024428132,8.71516393442623,0.2953531233990779,0.3957668191096822
262,train,8.532454843075228e-05,2.118240397331143,2.118240397331143,3.8873055424572023,0.0004382633286252164,1.7972735454166973e-07,3.886867260144762,0.0,1.0226406373760917,0.9547539231452075,1.000124363859823,0.0,0.171875,8.87921832218643,0.25394811715222587,0.4011990466147415
262,val,8.532454843075228e-05,2.12809284006963,2.12809284006963,3.7615565667386917,0.0004815126874924973,2.051035927181266e-07,3.761075039378932,0.0,1.0546656707759763,1.0384654217079037,0.9695806161302035,0.0,0.17187500024428132,8.71516393442623,0.29712614465932374,0.3957668191096822
263,train,8.424286393291345e-05,2.0857369155923196,2.0857369155923196,3.8865442019848784,0.00044363849546927726,2.492085927004207e-07,3.8861005316095905,0.0,0.993397909008767,0.919004296222009,1.0004385803356644,0.0,0.171875,8.836647727272727,0.25383991840457126,0.4001585905216942
263,val,8.424286393291345e-05,2.127309693664801,2.127309693664801,3.771533305527734,0.0004830185033392436,1.7478983296802548e-07,3.7710502460354665,0.0,1.0823928777311669,0.7487674653530121,0.9700400702288894,0.0,0.17187500024428132,8.71516393442623,0.2962826588114754,0.3957668191096822
264,train,8.316547876568378e-05,2.09212161933095,2.09212161933095,3.8875563390984023,0.0004542847860302422,1.828670824903752e-07,3.8871020324959242,0.0,1.0005431167842929,0.9159310735946844,0.99998539686203,0.0,0.171875,8.810649107310397,0.2537685425813533,0.3998529103176653
264,val,8.316547876568378e-05,2.1167045733967766,2.1167045733967766,3.7620738373428093,0.00048107712851173137,1.755393125138459e-07,3.7615927438266943,0.0,1.060361120544496,0.8867432094011151,0.9676691254631418,0.0,0.17187500024428132,8.71516393442623,0.2970821193007172,0.3957668191096822
265,train,8.209246283904292e-05,2.0875530415330052,2.0875530415330052,3.8836896833309456,0.000439330118887265,1.8137268410021738e-07,3.883250337001706,0.0,0.9945498979534985,0.934161588672764,0.999586981682738,0.0,0.171875,8.778968665225447,0.2542646424460017,0.3995092303053407
265,val,8.209246283904292e-05,2.1534220253834957,2.1534220253834957,3.76504777298599,0.0004858121754922217,1.7777977711457574e-07,3.7645619384578017,0.0,1.086981361029578,0.9603832598592414,0.9704023335800797,0.0,0.17187500024428132,8.71516393442623,0.29672391297387296,0.3957668191096822
266,train,8.10238857794566e-05,2.0893793352379286,2.0893793352379286,3.884052834234947,0.00043436687948155285,1.8233137728015592e-07,3.8836184572582404,0.0,0.9935444461658967,0.9571311784184668,1.0001217762300791,0.0,0.171875,8.718793045390736,0.25457948630998944,0.3983719250387397
266,val,8.10238857794566e-05,2.1517638163488417,2.1517638163488417,3.754041929714015,0.000477308000926478,1.8830029673944274e-07,3.7535646196271553,0.0,1.0881404080351844,0.9664559735626471,0.966977816136157,0.0,0.17187500024428132,8.71516393442623,0.2971001296746926,0.3957668191096822
267,train,7.995981692535893e-05,2.0976601440059253,2.0976601440059253,3.8847367398995014,0.00044023182446595034,1.8122798806177893e-07,3.8842964881707815,0.0,1.0042089520653417,0.9342029635324951,1.0000308946637082,0.0,0.171875,8.846892218944454,0.25397602856651813,0.4007060574598549
267,val,7.995981692535893e-05,2.135975329602351,2.135975329602351,3.7712999445493103,0.00048005007986040387,1.8658202222587668e-07,3.77081985942653,0.0,1.0625495988814557,1.0215983898913275,0.9712659042389666,0.0,0.17187500024428132,8.71516393442623,0.2957673620005123,0.3957668191096822
268,train,7.890032532265295e-05,2.0879798649756376,2.0879798649756376,3.8858432139246917,0.00042446568865167394,1.777453861304238e-07,3.8854187175262074,0.0,0.9921083465095394,0.9550285075814271,1.0003686640873428,0.0,0.171875,8.80092114456429,0.2544664114959969,0.4008715081313425
268,val,7.890032532265295e-05,2.1291962510249656,2.1291962510249656,3.7573574840045367,0.0004701575847126956,1.7450606258378564e-07,3.7568873069325432,0.0,1.0723586082458496,0.9092888001535759,0.9659087657928467,0.0,0.17187500024428132,8.71516393442623,0.29744432793288933,0.3957668191096822
269,train,7.784547972023039e-05,2.0880630188737035,2.0880630188737035,3.886587238508808,0.00045411086989776426,1.7414692098656424e-07,3.886133109242463,0.0,0.9955616468979307,0.9254446801814166,0.9999568977139213,0.0,0.171875,8.875516528925619,0.25347320304429233,0.4030785258890183
269,val,7.784547972023039e-05,2.167443537321247,2.167443537321247,3.7527485753669114,0.00048049508887877473,1.744259339805795e-07,3.752268060308988,0.0,1.1018536232534002,1.0067245676869252,0.9649174545632034,0.0,0.17187500024428132,8.71516393442623,0.2970771164190574,0.3957668191096822
270,train,7.679534856551087e-05,2.0791102440889215,2.0791102440889215,3.8850301760287325,0.0004337308692653502,1.7202293372684638e-07,3.8845964295804993,0.0,0.9847497013974781,0.9464034569903839,0.9997201904285052,0.0,0.171875,8.78762052472958,0.25490408236822804,0.3997580788352273
270,val,7.679534856551087e-05,2.2177842054210726,2.2177842054210726,3.7621665391765657,0.0004717526517495452,1.7430665726821092e-07,3.7616947752530456,0.0,1.1495090908691532,0.9960544842188476,0.9686696588015947,0.0,0.17187500024428132,8.71516393442623,0.29587542424436475,0.3957668191096822
271,train,7.575000000000003e-05,2.092644747131127,2.092644747131127,3.88270435352956,0.00043675511305014535,1.745582793389042e-07,3.882267577589051,0.0,0.9978149913805575,0.9497973199718255,0.999850029295141,0.0,0.171875,8.832300276795694,0.2544787698540806,0.3996948578879853
271,val,7.575000000000003e-05,2.2241935632267937,2.2241935632267937,3.753012797871574,0.0004777025904212544,1.6959746597992352e-07,3.752535081300579,0.0,1.1627199464156979,0.9445532716688563,0.9670182915984608,0.0,0.17187500024428132,8.71516393442623,0.29778952676741804,0.3957668191096822
272,train,7.470950185486827e-05,2.0970883788156116,2.0970883788156116,3.8824455590287514,0.00042763670473715504,1.7555957034860588e-07,3.882017905061895,0.0,1.0033601209644443,0.9377642502962065,0.9999518330432167,0.0,0.171875,8.813834367704786,0.25447826543130164,0.4001279889552061
272,val,7.470950185486827e-05,2.1993006721871797,2.1993006721871797,3.760590166342063,0.00047750507226618406,1.651079690308596e-07,3.7601126530131355,0.0,1.134600643251763,0.9550718489240427,0.9691928292884201,0.0,0.17187500024428132,8.71516393442623,0.29648177350153687,0.3957668191096822
273,train,7.367392164654909e-05,2.0855509382634123,2.0855509382634123,3.881486040501555,0.0004258960893633583,2.289024464263161e-07,3.881060121473202,0.0,0.9909634949747196,0.9442437760962927,1.0001630618059931,0.0,0.171875,8.766528925619834,0.2549931129887084,0.399357903471663
273,val,7.367392164654909e-05,2.173365063354617,2.173365063354617,3.755555039546529,0.00046043665259007794,1.6122640464219018e-07,3.755094579008759,0.0,1.1337778964003578,0.7247494454266595,0.9671122001819923,0.0,0.17187500024428132,8.71516393442623,0.2969640512935451,0.3957668191096822
274,train,7.264332657235826e-05,2.117804928259416,2.117804928259416,3.8839140618143,0.0004342220866021292,1.7204059247550624e-07,3.8834798227656973,0.0,1.0266145781790914,0.9119960934170022,0.9999907415760451,0.0,0.171875,8.789686640432059,0.25418124452602764,0.399717052490258
274,val,7.264332657235826e-05,2.062821054067768,2.062821054067768,3.7518479550471073,0.00046544282012008376,1.9342034631865287e-07,3.7513824955361788,0.0,0.9938016441024717,1.0282646075623934,0.9661929470593812,0.0,0.17187500024428132,8.71516393442623,0.29785656538165983,0.3957668191096822
275,train,7.161778350613313e-05,2.0741983026512396,2.0741983026512396,3.8846792406287074,0.0004545878282217078,1.7494710685087355e-07,3.884224631569602,0.0,0.9797598656790316,0.9419151569200941,1.0002469262800926,0.0,0.171875,8.7898588180542,0.25397148869993275,0.40069765037248944
275,val,7.161778350613313e-05,2.172032590772285,2.172032590772285,3.756925149042098,0.00047911346086575726,1.7115087081638044e-07,3.7564459902341247,0.0,1.1132932730385514,0.9242888874694949,0.9663104512652413,0.0,0.17187500024428132,8.71516393442623,0.2973172547387295,0.3957668191096822
276,train,7.059735899389372e-05,2.0938819459647187,2.0938819459647187,3.88338399426011,0.000426611551954334,1.77234707321725e-07,3.882957361946421,0.0,0.9998507870376603,0.945029139765038,0.9995282452461148,0.0,0.171875,8.861096764399,0.25506078975259766,0.40144150587152844
276,val,7.059735899389372e-05,2.139179501377168,2.139179501377168,3.7546214080247724,0.0004679608050462805,1.6953832180038784e-07,3.7541534275305075,0.0,1.0793572292953242,0.9185827941191002,0.9679639788924671,0.0,0.17187500024428132,8.71516393442623,0.2970861216060451,0.3957668191096822
277,train,6.958211924952426e-05,2.095435761715755,2.095435761715755,3.883723057991217,0.00044233249078268064,1.7312262160479548e-07,3.88328070679972,0.0,1.0000497648292337,0.9520132850763227,1.0001846731694277,0.0,0.171875,8.786286157024794,0.2541002846700101,0.40086579125774796
277,val,6.958211924952426e-05,2.151523748382193,2.151523748382193,3.7619409952007357,0.0004736931909154337,1.9560585486510345e-07,3.761467277026567,0.0,1.0805161145866895,1.020509888891314,0.968956648326311,0.0,0.17187500024428132,8.71516393442623,0.2969880651255123,0.3957668191096822
278,train,6.857213015047686e-05,2.0747043426371805,2.0747043426371805,3.883338212966919,0.0004198032171294201,1.7527667415911987e-07,3.8829183943015484,0.0,0.9805007202566163,0.9427043422440852,0.9999331903359121,0.0,0.171875,8.81671832218643,0.2547114769781917,0.3992240633353714
278,val,6.857213015047686e-05,2.262707950638943,2.262707950638943,3.755321096201412,0.0004837327473606059,1.7637981875768524e-07,3.754837348812916,0.0,1.2019788134293479,0.9316963377546091,0.9675595047043972,0.0,0.17187500024428132,8.71516393442623,0.2974523325435451,0.3957668191096822
279,train,6.756745723349672e-05,2.0879544807859687,2.0879544807859687,3.8818734490181788,0.0004105982075427074,1.688704275185151e-07,3.881462835083323,0.0,0.9950080213467937,0.9299638985602323,0.9999500766765973,0.0,0.171875,8.784090909090908,0.254982520110351,0.3987209856017562
279,val,6.756745723349672e-05,2.250361788468283,2.250361788468283,3.748255729675293,0.00047350440629506023,1.6254467143482066e-07,3.7477822225601947,0.0,1.1923620925575007,0.9202916250854242,0.9659705347702151,0.0,0.17187500024428132,8.71516393442623,0.29760241899334017,0.3957668191096822
280,train,6.656816569036981e-05,2.105241387836204,2.105241387836204,3.882565240229457,0.0004158804353931726,1.713072337133593e-07,3.882149338722229,0.0,1.0100012345254914,0.9520594283076357,1.0000342162680034,0.0,0.171875,8.870308198219488,0.2548346401246126,0.4014573110775514
280,val,6.656816569036981e-05,2.1720544275690297,2.1720544275690297,3.758552453556999,0.0004678640584270546,1.6349775851584454e-07,3.7580845707752664,0.0,1.114781580987524,0.8881946684884243,0.9684533769967126,0.0,0.17187500024428132,8.71516393442623,0.2976354380122951,0.3957668191096822
281,train,6.557432036369222e-05,2.1045766591040556,2.1045766591040556,3.881181165206531,0.00043626658108291284,1.683653818162861e-07,3.8807448759551875,0.0,1.0105974634816823,0.9394841064845235,1.0000307779174207,0.0,0.171875,8.753744834710744,0.2551808423124069,0.3983436773631198
281,val,6.557432036369222e-05,2.1073358488864584,2.1073358488864584,3.7504438611327626,0.00046888071080845335,1.7132700329474589e-07,3.749974950415189,0.0,1.0463868418677909,0.9474176715631955,0.9662072355629968,0.0,0.17187500024428132,8.71516393442623,0.29807969390368855,0.3957668191096822
282,train,6.4585985742663e-05,2.0651231284969107,2.0651231284969107,3.8780779523297775,0.00042028613362080335,1.7386762977381776e-07,3.8776576459900407,0.0,0.9710631397637454,0.943273238899294,0.9997326643013758,0.0,0.171875,8.797563706547761,0.25486608255993237,0.40059441180268596
282,val,6.4585985742663e-05,2.249321695233955,2.249321695233955,3.7544802055984245,0.0004617693348783908,1.7833665286955648e-07,3.754018416170214,0.0,1.181503415107727,0.9929974704492287,0.9685185326904547,0.0,0.17187500024428132,8.71516393442623,0.2978235463627049,0.3957668191096822
283,train,6.360322595889932e-05,2.1077835101726627,2.1077835101726627,3.8802468619070765,0.00041892158285106634,1.6528391590556625e-07,3.8798279200703645,0.0,1.0143818879915663,0.931077928705649,1.00029383390403,0.0,0.171875,8.73652720451355,0.25498193157605886,0.39726387641646643
283,val,6.360322595889932e-05,2.170977191846879,2.170977191846879,3.7594021461049065,0.00046382313661017747,1.7504191768906464e-07,3.758938304713515,0.0,1.0991772002861149,1.0342636274509742,0.9683736416160084,0.0,0.17187500024428132,8.71516393442623,0.29741931352459017,0.3957668191096822
284,train,6.262610478227528e-05,2.082192694352678,2.082192694352678,3.8783991573270686,0.0004210343311660084,1.7378396556877727e-07,3.877978115042379,0.0,0.9874677736897114,0.9553130714853934,0.999193613194237,0.0,0.171875,8.758049243737844,0.2553344391101648,0.3990539046358471
284,val,6.262610478227528e-05,2.2471332452336297,2.2471332452336297,3.7518656097474645,0.0004749572492342015,1.584866243051618e-07,3.75139063694438,0.0,1.1883092981870058,0.8854779009936286,0.9702761691124713,0.0,0.17187500024428132,8.71516393442623,0.29711413774334017,0.3957668191096822
285,train,6.165468561678371e-05,2.1168906698542194,2.1168906698542194,3.8805967795947365,0.0004237586010487034,1.6585129784497748e-07,3.880173004363194,0.0,1.0221575084796621,0.9409103961276614,1.0006421173899627,0.0,0.171875,8.742510330578513,0.25493384331218466,0.39842303996243755
285,val,6.165468561678371e-05,2.1277111319244884,2.1277111319244884,3.756533708728728,0.0004819148173841999,1.5719300053239644e-07,3.756051782701836,0.0,1.0707081356009498,0.8860591650009155,0.9683970730812823,0.0,0.17187500024428132,8.71516393442623,0.2968529873206967,0.3957668191096822
286,train,6.068903149642213e-05,2.090256515120672,2.090256515120672,3.8767946791057746,0.00043101976303314436,1.6763820879843427e-07,3.876363650826383,0.0,0.9959724009775919,0.9463479811987601,0.9996493197669668,0.0,0.171875,8.84297520661157,0.255887706787133,0.4008214020532025
286,val,6.068903149642213e-05,2.1126857956901928,2.1126857956901928,3.7598345475118666,0.0004672047853389694,1.7754658292930247e-07,3.759367340900859,0.0,1.043646285768415,0.98115473985672,0.9709240256762895,0.0,0.17187500024428132,8.71516393442623,0.2973062483990779,0.3957668191096822
287,train,5.972920508110267e-05,2.087688761801759,2.087688761801759,3.8800814151763916,0.000435783431219699,1.660940993410579e-07,3.879645613599415,0.0,0.9947505329758668,0.9327689491766543,0.9996613293639884,0.0,0.171875,8.839488636363637,0.255227753692422,0.4023602278518283
287,val,5.972920508110267e-05,2.1125915793121837,2.1125915793121837,3.7605059107796093,0.00046285669072187644,1.5993523235834563e-07,3.7600430386965393,0.0,1.0470576271659038,0.9281893372535706,0.9727150045457433,0.0,0.17187500024428132,8.71516393442623,0.2973262599257172,0.3957668191096822
288,train,5.877526865258588e-05,2.0972975886557714,2.0972975886557714,3.881241079204339,0.0004231821797828552,1.6570360830761004e-07,3.880817873418824,0.0,1.0019110310668788,0.947970923806025,1.0005894608734067,0.0,0.171875,8.756585743801653,0.25568484471849173,0.398918719331095
288,val,5.877526865258588e-05,2.070797576278937,2.070797576278937,3.7579032827596195,0.00045886189776060525,1.5494850901807352e-07,3.757444393439371,0.0,1.0142089299491195,0.8738045829241393,0.969208191652767,0.0,0.17187500024428132,8.71516393442623,0.29784455846567626,0.3957668191096822
289,train,5.782728411043956e-05,2.0801661132780973,2.0801661132780973,3.878390927945287,0.0004206787198801209,1.7153972843472225e-07,3.877970227525254,0.0,0.9845951200763056,0.9551637955933563,1.0000546101696235,0.0,0.171875,8.813834367704786,0.2551500725844675,0.4007793668626754
289,val,5.782728411043956e-05,2.162162917559264,2.162162917559264,3.764287034019095,0.00046469499409527017,1.7683088887519051e-07,3.763822317123413,0.0,1.0975139385364094,0.9406502657249326,0.9705839587039635,0.0,0.17187500024428132,8.71516393442623,0.2974893538678279,0.3957668191096822
290,train,5.68853129680221e-05,2.0990764932198958,2.0990764932198958,3.8776008412857688,0.0004098344823222392,1.6550053290355073e-07,3.8771909967926907,0.0,1.0061041912264075,0.9305578003491252,0.9999165079317802,0.0,0.171875,8.837852962746108,0.25537269112984995,0.40083451704545453
290,val,5.68853129680221e-05,2.1123666137945456,2.1123666137945456,3.7570373660228293,0.0004613659703401757,1.661379091130778e-07,3.756575979170252,0.0,1.0494334976204107,0.938267026768356,0.9691064230731277,0.0,0.17187500024428132,8.71516393442623,0.29802666335809425,0.3957668191096822
291,train,5.594941634849111e-05,2.075924758083564,2.075924758083564,3.8788607120513916,0.0004043944121323033,1.6067219438850245e-07,3.8784563078368004,0.0,0.9824498255144466,0.9331849153376808,1.000156446921924,0.0,0.171875,8.75034435327388,0.25538832823599666,0.39801075832902894
291,val,5.594941634849111e-05,2.1995613457726653,2.1995613457726653,3.761557207732904,0.00046257599882903647,1.577602962218735e-07,3.7610946053364236,0.0,1.1373743791072095,0.9267188408335701,0.9695151047628434,0.0,0.17187500024428132,8.71516393442623,0.29794161436987704,0.3957668191096822
292,train,5.5019654980837e-05,2.1009826157703873,2.1009826157703873,3.8772106771626746,0.0004151063350780698,1.5989548130346897e-07,3.8767955539640315,0.0,1.0062084810054006,0.9435500990260731,1.0004191250840495,0.0,0.171875,8.860020661157025,0.2550611259523502,0.40195130907799587
292,val,5.5019654980837e-05,2.1945721673183756,2.1945721673183756,3.748772343651193,0.0004732140960633663,2.0181982715265074e-07,3.7482991101311858,0.0,1.1135755464678905,1.1678661098245715,0.9642100128971163,0.0,0.17187500024428132,8.71516393442623,0.2982678022540984,0.3957668191096822
293,train,5.409608919594252e-05,2.0938295687525725,2.0938295687525725,3.8788071368351456,0.0004120253445364127,1.6257543651438615e-07,3.8783950953444175,0.0,1.0005331474148538,0.9374187900261446,0.9995545345889635,0.0,0.171875,8.788739669421487,0.25539496984363586,0.39980078667155966
293,val,5.409608919594252e-05,2.1095086551103437,2.1095086551103437,3.7516113773721163,0.00045029052769856865,1.6586132592685137e-07,3.751161063303713,0.0,1.0446048359401892,0.9784051834559832,0.9670633126477726,0.0,0.17187500024428132,8.71516393442623,0.29881111520235654,0.3957668191096822
294,train,5.317877892266788e-05,2.0892399145551948,2.0892399145551948,3.876076208658455,0.00040784115995201554,1.5998723994088818e-07,3.8756683463892663,0.0,0.9952305965433436,0.9417451740789019,0.9998347914415943,0.0,0.171875,8.81542699987238,0.25549484555386315,0.4001310154918797
294,val,5.317877892266788e-05,2.1538638013308167,2.1538638013308167,3.762260468279729,0.0004598438383373966,1.687996829235492e-07,3.7618005979256552,0.0,1.0845484494185837,0.9872750219751577,0.9705878535255057,0.0,0.17187500024428132,8.71516393442623,0.2969100201716188,0.3957668191096822
295,train,5.2267783683962274e-05,2.087222426883445,2.087222426883445,3.875759540510572,0.0004134433901910131,1.6740116325637764e-07,3.875346082301179,0.0,0.9923764690141047,0.9480572818231977,1.000040229933321,0.0,0.171875,8.757274450349414,0.25554520372024253,0.39763008735396643
295,val,5.2267783683962274e-05,2.1766693064423857,2.1766693064423857,3.7582630368529775,0.00046183886011245614,1.5549943624904937e-07,3.7578011809802447,0.0,1.1190258166829095,0.882881860264012,0.9693553027559499,0.0,0.17187500024428132,8.71516393442623,0.2977184858478484,0.3957668191096822
296,train,5.13631625930011e-05,2.103156906021528,2.103156906021528,3.8755673317869834,0.00043177187895211813,1.604568483518156e-07,3.8751355360362156,0.0,1.0099869446813567,0.9323540526973314,0.9999345575482392,0.0,0.171875,8.806775140368249,0.2568238313533058,0.40005535207504084
296,val,5.13631625930011e-05,2.109243142800253,2.109243142800253,3.7604338145646894,0.00046134211307154876,1.5733119573631067e-07,3.7599724589801227,0.0,1.0458836355170265,0.9313870639097496,0.9702207954203497,0.0,0.17187500024428132,8.71516393442623,0.2976714587602459,0.3957668191096822
297,train,5.046497434935069e-05,2.0650471394712273,2.0650471394712273,3.8772903828581504,0.0004085845593338994,1.5550670278747186e-07,3.8768817856292093,0.0,0.972048602074631,0.9331410973032644,0.9996844239471373,0.0,0.171875,8.770316805721315,0.25581422916128616,0.40072657057076444
297,val,5.046497434935069e-05,2.264408299180328,2.264408299180328,3.747166578886939,0.000464537225570148,1.558232725074049e-07,3.7467020261483115,0.0,1.2009530057672595,0.9515975332650982,0.9682955468287233,0.0,0.17187500024428132,8.71516393442623,0.29831082703637296,0.3957668191096822
298,train,4.957327723515897e-05,2.093151791529222,2.093151791529222,3.875371325114542,0.0003951922183411873,1.6861852687675534e-07,3.8749761226748634,0.0,0.9973885049997282,0.9542607500040827,1.000337216479719,0.0,0.171875,8.769197661029406,0.25686931351492226,0.40048041225464875
298,val,4.957327723515897e-05,2.255076187555907,2.255076187555907,3.75421823829901,0.0004595042460170559,1.6079603473126106e-07,3.7537587431610606,0.0,1.1940857724088136,0.924938503836022,0.9684965766844202,0.0,0.17187500024428132,8.71516393442623,0.29808769851434425,0.3957668191096822
299,train,4.868812911137383e-05,2.104022951165507,2.104022951165507,3.875781831662517,0.0004112564125564911,1.5818189510124164e-07,3.8753705615839684,0.0,1.0109108398275928,0.9274505464252362,1.0003670564860352,0.0,0.171875,8.762181475142802,0.2563207537428407,0.3990912319214876
299,val,4.868812911137383e-05,2.175907559082156,2.175907559082156,3.751295847970931,0.000456995919030007,1.6039668140853687e-07,3.7508388503653105,0.0,1.1115383696360666,0.9838828415167137,0.965980914772534,0.0,0.17187500024428132,8.71516393442623,0.2982768074410861,0.3957668191096822
300,train,4.780958741398859e-05,2.1107225294940726,2.1107225294940726,3.875575505997524,0.00043940526389513044,1.5962398060459468e-07,3.875136083807827,0.0,1.016534892241817,0.943553006107157,0.9998323414936539,0.0,0.171875,8.789944904894869,0.25652975287319213,0.3993794255512805
300,val,4.780958741398859e-05,2.067827136790166,2.067827136790166,3.7509716026118545,0.0004546338342584395,1.5674192890061976e-07,3.7505169657410167,0.0,1.0067624601184344,0.9437484584870885,0.966689832874986,0.0,0.17187500024428132,8.71516393442623,0.2983828685322746,0.3957668191096822
301,train,4.693770915031489e-05,2.0765069801945333,2.0765069801945333,3.8754893521632043,0.0004126903810129455,1.580370651166891e-07,3.875076641721174,0.0,0.9819912495445614,0.9450264568171225,1.0000130832195282,0.0,0.171875,8.804881198347108,0.2564919211647727,0.3990811434659091
301,val,4.693770915031489e-05,2.1799098683185263,2.1799098683185263,3.7492482779455965,0.0004668910326875105,1.6684029446878412e-07,3.7487813683806874,0.0,1.1161262803390377,0.9761200967382212,0.9661715939396718,0.0,0.17187500024428132,8.71516393442623,0.29866803278688525,0.3957668191096822
302,train,4.607255089528393e-05,2.0858390173636194,2.0858390173636194,3.8747367908146755,0.0003968958831550977,1.584801154367202e-07,3.8743398790517127,0.0,0.9920991257695128,0.942261924305238,0.9995136933385833,0.0,0.171875,8.780819561855852,0.2564952840243489,0.39998069750375986
302,val,4.607255089528393e-05,2.195934383595576,2.195934383595576,3.746046582206351,0.00046233672669661216,1.5721732788491506e-07,3.7455842338624548,0.0,1.1373750108187315,0.9089989984621767,0.9676594734191895,0.0,0.17187500024428132,8.71516393442623,0.29939445120389346,0.3957668191096822
303,train,4.5214168787775014e-05,2.0912227177422893,2.0912227177422893,3.874700419173753,0.00041246943014398727,1.5604099219724823e-07,3.8742879304018887,0.0,0.9985286104531328,0.9282237378772625,0.999871730311843,0.0,0.171875,8.846375690018835,0.2560577813751441,0.4026867574896694
303,val,4.5214168787775014e-05,2.172097071272428,2.172097071272428,3.7500757506636324,0.00045285780628337755,1.529351366712706e-07,3.7496228804353806,0.0,1.1093505489044502,0.9343940449542687,0.9693071099578358,0.0,0.17187500024428132,8.71516393442623,0.2994734967341188,0.3957668191096822
304,train,4.4362618526972993e-05,2.096064017823905,2.096064017823905,3.8717451785221573,0.00040592928910108424,1.574577665828449e-07,3.8713392354240104,0.0,1.0019971451237182,0.9394226448595031,1.000124603509903,0.0,0.171875,8.741864669421487,0.25597766214165807,0.3981651116993802
304,val,4.4362618526972993e-05,2.162317127477927,2.162317127477927,3.7538420606832035,0.0004551272688301845,1.6117443636187358e-07,3.7533869157071975,0.0,1.0942486299843084,0.9839318463059722,0.9696753308421275,0.0,0.17187500024428132,8.71516393442623,0.2981757492315574,0.3957668191096822
305,train,4.3517955368753906e-05,2.099405336971125,2.099405336971125,3.8767046238765244,0.00042951408784965456,1.533863953170097e-07,3.8762750999986633,0.0,1.0053978894860292,0.9370397411841006,1.0003034740932717,0.0,0.171875,8.778624313921968,0.256147652618156,0.3985555349302686
305,val,4.3517955368753906e-05,2.1228780238354794,2.1228780238354794,3.761920940680582,0.000457198254107574,1.5143419504891456e-07,3.761463716381886,0.0,1.0597885187532081,0.9279191024967881,0.9702975818368255,0.0,0.17187500024428132,8.71516393442623,0.2984429031121926,0.3957668191096822
306,train,4.268023412209973e-05,2.097939758261373,2.097939758261373,3.873879920352589,0.0004113758231675799,1.5578188490515229e-07,3.8734685320499516,0.0,1.00363420762799,0.9438777379999476,0.9999177795796355,0.0,0.171875,8.836518595041323,0.2557903531908004,0.40216451181360513
306,val,4.268023412209973e-05,2.1029223614051693,2.1029223614051693,3.7563402574570453,0.00046111241204389294,1.594918298123361e-07,3.7558791246570524,0.0,1.0386924738766716,0.9498775132366868,0.969242130146652,0.0,0.17187500024428132,8.71516393442623,0.29783555327868855,0.3957668191096822
307,train,4.1849509145541624e-05,2.0728131360258937,2.0728131360258937,3.871148982323891,0.00039737348699478496,1.5654388639369013e-07,3.87075159372377,0.0,0.9794789919675875,0.9354902651191743,0.9997851122016749,0.0,0.171875,8.774621214748414,0.25721602006392047,0.39843312841801604
307,val,4.1849509145541624e-05,2.233163493578551,2.233163493578551,3.745663740595833,0.00047284371212895837,1.5305737226996273e-07,3.7451908783834487,0.0,1.1728317229474177,0.9282958458681576,0.9675021904413817,0.0,0.17187500024428132,8.71516393442623,0.3002259301357582,0.3957668191096822
308,train,4.1025834343632846e-05,2.09294750424456,2.09294750424456,3.8752520645945525,0.0004113951555673564,1.5802123401900748e-07,3.874840660528703,0.0,0.9984177188439802,0.9436870820758757,1.0001610798284042,0.0,0.171875,8.809357784996347,0.2567911279841888,0.40003416631832595
308,val,4.1025834343632846e-05,2.1982458302232084,2.1982458302232084,3.748004241067855,0.00046076172782436443,1.556569377144711e-07,3.747543444398974,0.0,1.138998196261828,0.9191586023471394,0.9673317700135903,0.0,0.17187500024428132,8.71516393442623,0.2998837330302254,0.3957668191096822
309,train,4.0209263163450945e-05,2.0903356021100823,2.0903356021100823,3.8730117654012255,0.0004014145011180427,1.5451607212090186e-07,3.8726103404336722,0.0,0.9961460716714544,0.9419964283458457,0.9999898888848044,0.0,0.171875,8.812715223012876,0.25585273351551086,0.40110354260964826
309,val,4.0209263163450945e-05,2.200068100554044,2.200068100554044,3.752628052820925,0.0004585581763884144,1.5591098295104887e-07,3.752169487906284,0.0,1.14135236574001,0.9015083420472066,0.9685649060812153,0.0,0.17187500024428132,8.71516393442623,0.29946349097079916,0.3957668191096822
310,train,3.939984859112959e-05,2.0761522754164767,2.0761522754164767,3.8724236222338084,0.0004116238232808811,1.8961930698157277e-07,3.872011975808577,0.0,0.9851984538076338,0.9124878908484435,0.9997050328688188,0.0,0.171875,8.790504479211224,0.25625770089547495,0.39975404345299587
310,val,3.939984859112959e-05,2.2755540296679637,2.2755540296679637,3.7576470140550957,0.00045846086176738266,1.5274251307842026e-07,3.7571885312189823,0.0,1.2154657352166098,0.8882164173438901,0.9712666576025916,0.0,0.17187500024428132,8.71516393442623,0.2991913342085041,0.3957668191096822
311,train,3.859764314842037e-05,2.098621455598469,2.098621455598469,3.8746230750044517,0.0004100233064108136,1.514424441865473e-07,3.8742130344564263,0.0,1.0061606586225762,0.9247001682923846,0.9999907819692754,0.0,0.171875,8.871212123839323,0.25683694634555787,0.40249003260588845
311,val,3.859764314842037e-05,2.227147168800479,2.227147168800479,3.7483974284813053,0.00045713157317654583,1.5592384540531996e-07,3.747940294078139,0.0,1.1612846895319517,0.9695235803479054,0.9689101283667517,0.0,0.17187500024428132,8.71516393442623,0.300048828125,0.3957668191096822
312,train,3.7802698889284995e-05,2.0906262959330535,2.0906262959330535,3.8749400052157315,0.0003969069866272082,1.5479970334042288e-07,3.874543085571163,0.0,0.9956185428564214,0.9484360900299609,1.000164146512008,0.0,0.171875,8.760502756134537,0.25656623953630114,0.39980179551711753
312,val,3.7802698889284995e-05,2.2355122957073275,2.2355122957073275,3.7466904061739563,0.00045716047709708517,1.5058695775220168e-07,3.7462332444112807,0.0,1.179291891758559,0.8854523100813881,0.967675157257768,0.0,0.17187500024428132,8.71516393442623,0.2995585457223361,0.3957668191096822
313,train,3.701506739651715e-05,2.075037072512729,2.075037072512729,3.8744368720645745,0.00040256719512399286,3.1231647086697606e-07,3.8740342697821375,0.0,0.9971981818272062,0.7812425158917904,0.9997146353741323,0.0,0.171875,8.762568871837017,0.25663240290870354,0.3973637521266937
313,val,3.701506739651715e-05,2.2258421612567587,2.2258421612567587,3.7510790277699955,0.00045186445831710503,1.4747663904651493e-07,3.7506271268500657,0.0,1.170190140849254,0.8548371352133204,0.9701683042479343,0.0,0.17187500024428132,8.71516393442623,0.2993994540855533,0.3957668191096822
314,train,3.623479977839571e-05,2.1073116931048306,2.1073116931048306,3.8721714256223567,0.00039756739216718115,2.2207959830329067e-07,3.8717738370264856,0.0,1.0196029647322726,0.8737464514522513,1.0003340823098648,0.0,0.171875,8.83027720648395,0.2567234512202996,0.4006226594783058
314,val,3.623479977839571e-05,2.111430615675254,2.111430615675254,3.748222605126803,0.0004531419601007059,1.563341333983354e-07,3.7477694573949596,0.0,1.0553715380488848,0.8823672064015122,0.9678223514166034,0.0,0.17187500024428132,8.71516393442623,0.29981169153432374,0.3957668191096822
315,train,3.546194666536823e-05,2.0857835865217793,2.0857835865217793,3.8730309334668247,0.0004045782817747975,2.1160324190381935e-07,3.872626341078892,0.0,0.9861965390030017,0.9966755270465346,0.9999194930900227,0.0,0.171875,8.798295454545455,0.2569052116437392,0.4005086599302686
315,val,3.546194666536823e-05,2.1803918686069426,2.1803918686069426,3.7508278323001547,0.0004735097312225319,1.4962606285485353e-07,3.7503543134595527,0.0,1.1673518057729377,0.44173384128046816,0.9688666804892118,0.0,0.17187500024428132,8.71516393442623,0.29867203509221313,0.3957668191096822
316,train,3.469655820676565e-05,2.0719671259241657,2.0719671259241657,3.8714824777004146,0.0004100580322714946,1.5925473990780707e-07,3.8710724075963676,0.0,0.9917693106103534,0.8033834761085589,0.9998594648089291,0.0,0.171875,8.809056475142802,0.2568028138196173,0.4006569602272727
316,val,3.469655820676565e-05,2.2144350145683913,2.2144350145683913,3.754750349482552,0.0004516352848560152,1.6399394448611572e-07,3.754298698706705,0.0,1.1456582394779706,0.9822564662479963,0.9705511390185747,0.0,0.17187500024428132,8.71516393442623,0.2998867347592213,0.3957668191096822
317,train,3.393868406754823e-05,2.090162160475392,2.090162160475392,3.8731940630053687,0.000392643472577603,1.7322138073239306e-07,3.8728014023835993,0.0,0.9960991541955097,0.9367602759402646,1.0003869806932024,0.0,0.171875,8.785597454417836,0.2565495935845966,0.398211854917944
317,val,3.393868406754823e-05,2.2129523969087446,2.2129523969087446,3.75064627850642,0.0004503579889462314,1.5423959226035414e-07,3.750195894084993,0.0,1.1562643280771912,0.890570653266594,0.9676310273467518,0.0,0.17187500024428132,8.71516393442623,0.29921434746413933,0.3957668191096822
318,train,3.318837342508284e-05,2.08544434643974,2.08544434643974,3.872818359658738,0.0003995919725323704,1.5086026444595148e-07,3.8724187543569517,0.0,0.9941467805342241,0.9145530465959517,0.9998422673911103,0.0,0.171875,8.792484504132231,0.2568725081514721,0.40006611305327455
318,val,3.318837342508284e-05,2.263725835768903,2.263725835768903,3.7550263834781332,0.00045553347480876494,1.5274957668859063e-07,3.754570843743496,0.0,1.1948317997768276,0.993885941192752,0.9695054341535099,0.0,0.17187500024428132,8.71516393442623,0.29923235783811475,0.3957668191096822
319,train,3.244567496595178e-05,2.0969656878266454,2.0969656878266454,3.8724957783360128,0.00038361410827574146,1.503117254539447e-07,3.8721121470790263,0.0,1.0020745598580227,0.9463734025797568,1.0002537884495475,0.0,0.171875,8.776256888365943,0.256974905975594,0.39786212183227226
319,val,3.244567496595178e-05,2.2474854344227273,2.2474854344227273,3.7408708119001544,0.0004608346208725812,1.51862782079989e-07,3.7404099566037536,0.0,1.1891552952469373,0.9369882569938409,0.9646313131832686,0.0,0.17187500024428132,8.71516393442623,0.30011686731557374,0.3957668191096822
320,train,3.171063688279375e-05,2.0977275149881347,2.0977275149881347,3.871944383156201,0.000395893207248512,1.5304020136746914e-07,3.8715484753127924,0.0,1.0037454893766355,0.9414050315529847,0.9998415235645515,0.0,0.171875,8.887698004068422,0.2572848737732438,0.40229398036791275
320,val,3.171063688279375e-05,2.1748563989264067,2.1748563989264067,3.750299903213001,0.0004464195974192155,1.4867935400146605e-07,3.7498534624693822,0.0,1.1170704355005359,0.899700719802106,0.9678158887097092,0.0,0.17187500024428132,8.71516393442623,0.30019991515112704,0.3957668191096822
321,train,3.098330687117661e-05,2.0978993704496336,2.0978993704496336,3.8726633816711176,0.0003955125040711435,1.4993467416017613e-07,3.8722678580559973,0.0,1.004859684420026,0.9316117546775124,0.9998785050447322,0.0,0.171875,8.764936297393042,0.25670461947760304,0.3995653893336777
321,val,3.098330687117661e-05,2.1757345942200206,2.1757345942200206,3.758488873966405,0.00045707317657929037,1.5265835977478688e-07,3.7580317903737552,0.0,1.1102087106861052,0.9502407019255591,0.9705018254577137,0.0,0.17187500024428132,8.71516393442623,0.29861099993596313,0.3957668191096822
322,train,3.0263732126502453e-05,2.0794089076932796,2.0794089076932796,3.870575535395914,0.0004101279894013173,1.4691220608086996e-07,3.8701653963278146,0.0,0.9876727834959661,0.921066813355635,0.9996294342289286,0.0,0.171875,8.796057165161637,0.25678255279694706,0.3990310375109192
322,val,3.0263732126502453e-05,2.2187466367346342,2.2187466367346342,3.7586182101828154,0.0004505735901222549,1.4997411802059864e-07,3.758167610793817,0.0,1.1455986748953335,1.0084304946367857,0.9723049128641847,0.0,0.17187500024428132,8.71516393442623,0.2992073434298156,0.3957668191096822
323,train,2.9551959340945366e-05,2.095812658140482,2.095812658140482,3.8707789379703113,0.0003955254647765339,1.4631098104967703e-07,3.8703833956363773,0.0,1.0010185598834487,0.9482114166021347,0.9999729547618834,0.0,0.171875,8.790891875905439,0.25681988008258755,0.398354102141601
323,val,2.9551959340945366e-05,2.220156186916789,2.220156186916789,3.75359124824649,0.00046020784221120087,1.4728797294373792e-07,3.753131026127299,0.0,1.156505499218331,0.9252692910491443,0.9711237647494332,0.0,0.17187500024428132,8.71516393442623,0.2990852731173156,0.3957668191096822
324,train,2.884803470042136e-05,2.0879536384393362,2.0879536384393362,3.8710126236450573,0.00040104794240227614,1.4955725905091008e-07,3.8706115661573803,0.0,0.9932494762022633,0.9430079298817422,1.0004033626111086,0.0,0.171875,8.812069561855852,0.2566632568097312,0.3998976358451134
324,val,2.884803470042136e-05,2.2249950522282083,2.2249950522282083,3.754166837598457,0.0004525633942007591,1.472685708172023e-07,3.7537142722333066,0.0,1.1664140190257402,0.8924783600158379,0.9693331845471116,0.0,0.17187500024428132,8.71516393442623,0.2996405929815574,0.3957668191096822
325,train,2.8152003881591582e-05,2.1063035426061014,2.1063035426061014,3.8695280039606015,0.00040484345224608997,1.5265119554450663e-07,3.8691231435980677,0.0,1.0135374370931594,0.9299896540474301,0.9997671354900707,0.0,0.171875,8.758436640432059,0.25739761226433366,0.39859925161215887
325,val,2.8152003881591582e-05,2.1290935883756545,2.1290935883756545,3.7477003238240227,0.00044853175889135753,1.5137383444351174e-07,3.7472517881237093,0.0,1.0648925548694173,0.9543185849658778,0.9687691584962314,0.0,0.17187500024428132,8.71516393442623,0.29960957511526637,0.3957668191096822
326,train,2.746391204889837e-05,2.080457806094619,2.080457806094619,3.8730161396925116,0.0004002723740875598,1.4685878031384561e-07,3.872615856572616,0.0,0.9872157621728487,0.9294589009166749,1.0002961523276714,0.0,0.171875,8.791881888365943,0.2572382987777064,0.39795695331471026
326,val,2.746391204889837e-05,2.1953787021949642,2.1953787021949642,3.758070586157627,0.0004530099132785299,1.512183459107157e-07,3.7576175595893235,0.0,1.1268447114795934,0.9851372867334084,0.9700202570586908,0.0,0.17187500024428132,8.71516393442623,0.29928438780737704,0.3957668191096822
327,train,2.678380385163476e-05,2.0934697754126934,2.0934697754126934,3.8699227118295085,0.00040286011730026347,1.4657595012849474e-07,3.86951984157247,0.0,1.0004515094944268,0.934833491759852,0.999534925399733,0.0,0.171875,8.873923900698827,0.25756667800678695,0.4019681232527268
327,val,2.678380385163476e-05,2.178064528058787,2.178064528058787,3.7520966060826035,0.00045210765875097303,1.4786334529095467e-07,3.751644486286601,0.0,1.1107167318219044,0.9665083269603917,0.9706969622705803,0.0,0.17187500024428132,8.71516393442623,0.29920834400614754,0.3957668191096822
328,train,2.6111723421046982e-05,2.080119397029404,2.080119397029404,3.871005308529562,0.00039404401696847044,1.4919285621059233e-07,3.8706112548339466,0.0,0.9860868314819887,0.9386892104444425,1.000163652926437,0.0,0.171875,8.756844008264462,0.25679650847330565,0.3969692935135739
328,val,2.6111723421046982e-05,2.219282208896074,2.219282208896074,3.74834523826349,0.00044338742486243213,1.4633774620491392e-07,3.7479018383338802,0.0,1.1561004763743916,0.9424543918156233,0.9689363182568159,0.0,0.17187500024428132,8.71516393442623,0.2997176373591188,0.3957668191096822
329,train,2.54477143674711e-05,2.092274753022785,2.092274753022785,3.872516605479658,0.00040616186604833167,1.6656583640002367e-07,3.872110435785341,0.0,0.9948849822125159,0.971795080614484,1.000210260556749,0.0,0.171875,8.791021008136845,0.25746066517327443,0.39880202956928695
329,val,2.54477143674711e-05,2.266826727351204,2.266826727351204,3.75036747729192,0.0004635213395498586,1.5096931896957106e-07,3.7499039329466273,0.0,1.223598597968211,0.7478945592387778,0.9684386614893303,0.0,0.17187500024428132,8.71516393442623,0.2991883324795082,0.3957668191096822
330,train,2.4791819777502998e-05,2.1053458314296627,2.1053458314296627,3.8708783122133616,0.00039743099009044745,1.516396421543279e-07,3.8704808654863974,0.0,1.0159579531466665,0.8941324845818449,0.9999746264012392,0.0,0.171875,8.787878789192389,0.2570039943968954,0.4000523255383673
330,val,2.4791819777502998e-05,2.156040902997627,2.156040902997627,3.7549117432265984,0.0004519013119966448,1.5000242417947267e-07,3.7544598110386582,0.0,1.0937385241516302,0.9257362098967443,0.9697287590777288,0.0,0.17187500024428132,8.71516393442623,0.29896720511014346,0.3957668191096822
331,train,2.4144082211202704e-05,2.091296340315795,2.091296340315795,3.870891071548147,0.0004089058327300028,3.176469691062954e-07,3.8704821373805527,0.0,1.01202202200397,0.7934499398366479,0.9999293298268122,0.0,0.171875,8.790160123966942,0.2565931420434605,0.3999463967547929
331,val,2.4144082211202704e-05,2.065240744684563,2.065240744684563,3.751491026800187,0.0004504074591362742,1.4686142656810412e-07,3.7510406111107497,0.0,1.0159917219740446,0.8007341393681823,0.96917560354608,0.0,0.17187500024428132,8.71516393442623,0.298981213178791,0.3957668191096822
332,train,2.3504543699332627e-05,2.0575422324424935,2.0575422324424935,3.870604232323071,0.0003875720641558436,1.467543886963649e-07,3.870216648440716,0.0,0.9674984299200625,0.8980084006205078,1.0002429645416164,0.0,0.171875,8.780173900698827,0.257142206238321,0.3997637957088218
332,val,2.3504543699332627e-05,2.292350518898886,2.292350518898886,3.752466498828325,0.0004631336966861558,1.5653063538969886e-07,3.7520033531501644,0.0,1.220320597535274,1.037761145927867,0.9682538020806234,0.0,0.17187500024428132,8.71516393442623,0.2992793849257172,0.3957668191096822
333,train,2.28732457406303e-05,2.1030639848433252,2.1030639848433252,3.8695116870659443,0.00039759280209618135,1.482069909956002e-07,3.8691140758104563,0.0,1.0090279032376186,0.9449745282407634,0.9995386272915139,0.0,0.171875,8.819300966814529,0.25696902112527326,0.39994538790923506
333,val,2.28732457406303e-05,2.19988477230072,2.19988477230072,3.750355646258495,0.00045530000507362095,1.4698884260575202e-07,3.7499003253999303,0.0,1.137248068559365,0.9272757988484179,0.9699091256641951,0.0,0.17187500024428132,8.71516393442623,0.2986300108862705,0.3957668191096822
334,train,2.2250229299115623e-05,2.089157809403317,2.089157809403317,3.8717842811395315,0.00039710822392039554,1.4657219655436736e-07,3.8713871585436106,0.0,0.9953976250138165,0.9344658626258866,1.0003135945678743,0.0,0.171875,8.815986570247935,0.257215767852531,0.3988585249205266
334,val,2.2250229299115623e-05,2.1980387656415097,2.1980387656415097,3.7493223088686585,0.0004493670759209218,1.4642153060873677e-07,3.748872928932065,0.0,1.136983281276265,0.9292092186505677,0.9681345458890571,0.0,0.17187500024428132,8.71516393442623,0.299347424116291,0.3957668191096822
335,train,2.1635534801432664e-05,2.087042542528515,2.087042542528515,3.8699993604470877,0.0003934949409762159,1.4378062808670492e-07,3.869605848611879,0.0,0.9939924964973749,0.9323066259957542,0.9998193809316178,0.0,0.171875,8.831439396566596,0.2575517975348086,0.3999776709670863
335,val,2.1635534801432664e-05,2.2367847806117576,2.2367847806117576,3.75097267354121,0.0004543853568468533,1.4724268213438366e-07,3.7505182789974527,0.0,1.172837693671711,0.9453009122707805,0.9694169925861671,0.0,0.17187500024428132,8.71516393442623,0.2991142898309426,0.3957668191096822
336,train,2.1029202134226442e-05,2.079545977194447,2.079545977194447,3.870307430748112,0.0003894385623154885,1.4465887492467722e-07,3.8699179828659562,0.0,0.9866783689122555,0.9288823715418824,0.9999793733447051,0.0,0.171875,8.826015842847587,0.2575711337002841,0.4015766911762805
336,val,2.1029202134226442e-05,2.2953804027838784,2.2953804027838784,3.747834307248475,0.0004509301505721418,1.4451962436240017e-07,3.7473833560943604,0.0,1.231319785118103,0.9536419501070117,0.968696412492971,0.0,0.17187500024428132,8.71516393442623,0.2992733814677254,0.3957668191096822
337,train,2.043127064155484e-05,2.0945343818546327,2.0945343818546327,3.8694179422599224,0.00039199846248288663,2.642290543132152e-07,3.869025912166627,0.0,1.0089788327286067,0.8537600738696816,1.0001795370716693,0.0,0.171875,8.800576793260811,0.25732043557915807,0.4000055823198035
337,val,2.043127064155484e-05,2.243578930370143,2.243578930370143,3.751093524401305,0.00046559050058961283,1.4309737045576812e-07,3.750627920275829,0.0,1.2060352329347954,0.6887493959215821,0.9686687618005471,0.0,0.17187500024428132,8.71516393442623,0.29827180455942626,0.3957668191096822
338,train,1.984177912233557e-05,2.0847511513174073,2.0847511513174073,3.8704697356736366,0.000386673450979408,2.4040973121894557e-07,3.8700830443831515,0.0,1.0044608589046258,0.8035919247579969,0.999931105404846,0.0,0.171875,8.861225896630405,0.257062591550764,0.40105780823664233
338,val,1.984177912233557e-05,2.186357777626788,2.186357777626788,3.755694924807939,0.00045118856455626913,1.4371462545333818e-07,3.755243711784238,0.0,1.1340622853060238,0.8211214307878838,0.9701833539321775,0.0,0.17187500024428132,8.71516393442623,0.2990742667776639,0.3957668191096822
339,train,1.926076582782854e-05,2.0885797601100826,2.0885797601100826,3.866757201754357,0.0003976563654030858,1.44320938054271e-07,3.866359530401624,0.0,0.9977393214367638,0.911427141713702,0.9996977244034286,0.0,0.171875,8.86256026433519,0.2575771867736312,0.4027247574211152
339,val,1.926076582782854e-05,2.1896129240755173,2.1896129240755173,3.749229169282757,0.0004490655628615059,1.4693668748764064e-07,3.7487800903007633,0.0,1.1250795531468314,0.9458136470591436,0.9699520019234203,0.0,0.17187500024428132,8.71516393442623,0.29951151863473363,0.3957668191096822
340,train,1.8688268459153756e-05,2.0884120809145212,2.0884120809145212,3.8707311980980488,0.0003923376542174504,1.4614928122443025e-07,3.870338845844111,0.0,0.9950869000893979,0.930971344270982,1.0002280468783102,0.0,0.171875,8.81344697101057,0.2573137940946689,0.39866785311009273
340,val,1.8688268459153756e-05,2.231523271466865,2.231523271466865,3.7483434559868987,0.00045830821802125875,1.4583699761841984e-07,3.7478851412163405,0.0,1.1669854316555086,0.9591755906089408,0.9686202817275876,0.0,0.17187500024428132,8.71516393442623,0.29962958664190575,0.3957668191096822
341,train,1.8124324164845165e-05,2.1055561831174803,2.1055561831174803,3.8696302530194115,0.0003944634871695899,1.4513341036225176e-07,3.869235775687478,0.0,1.012262593616139,0.9343392047261404,0.9998596603712759,0.0,0.171875,8.765711090781473,0.25772052695435926,0.39815031533891504
341,val,1.8124324164845165e-05,2.1311429445860814,2.1311429445860814,3.7477317638084537,0.0004498491558240589,1.4448794149477748e-07,3.7472819031262006,0.0,1.0669723602591967,0.950427601571943,0.9691278299347299,0.0,0.17187500024428132,8.71516393442623,0.2998897364882172,0.3957668191096822
342,train,1.756896953843971e-05,2.0734229600133975,2.0734229600133975,3.8706464314263713,0.000387401278068173,1.450192705241748e-07,3.8702590160133425,0.0,0.9797520525445623,0.9328557284902935,1.0003853395950695,0.0,0.171875,8.828469355244282,0.25686948161479856,0.3999837240404334
342,val,1.756896953843971e-05,2.2143819195325256,2.2143819195325256,3.749214117644263,0.0004433831250100381,1.447207086555148e-07,3.7487707020806487,0.0,1.150766323824398,0.959542408341267,0.9676613582939398,0.0,0.17187500024428132,8.71516393442623,0.30002381371670084,0.3957668191096822
343,train,1.702224061610332e-05,2.0905142712198996,2.0905142712198996,3.868135409906876,0.0003831040575736672,1.4656032218144074e-07,3.867752288983873,0.0,0.9973300439267119,0.9356870819960744,0.9996155207314767,0.0,0.171875,8.796875,0.2577011907888838,0.40042089036673556
343,val,1.702224061610332e-05,2.238867269187677,2.238867269187677,3.7460758451555596,0.00045092895266325136,1.4306410237895017e-07,3.745624905726949,0.0,1.1756348399842371,0.9455314044092522,0.9686792825089127,0.0,0.17187500024428132,8.71516393442623,0.30040803502817626,0.3957668191096822
344,train,1.6484172874292284e-05,2.0931122357195076,2.0931122357195076,3.869601868400889,0.00039968321081597266,1.720936430348603e-07,3.869202167534631,0.0,0.99714254298486,0.9615501630897364,0.9998146763517837,0.0,0.171875,8.788395318118008,0.2579976231598657,0.39918101917613635
344,val,1.6484172874292284e-05,2.2307173893099925,2.2307173893099925,3.7541507150306077,0.0004535897863460094,1.4177509352301238e-07,3.7536970982786086,0.0,1.1883222270207328,0.7074753627425334,0.9716476280181134,0.0,0.17187500024428132,8.71516393442623,0.2985929895619877,0.3957668191096822
345,train,1.5954801227451268e-05,2.08389000656191,2.08389000656191,3.8675340217007093,0.00038250336966627423,1.4376410488516515e-07,3.8671515027353585,0.0,0.995069124851345,0.8845188827061456,1.000368991666589,0.0,0.171875,8.792957991607919,0.2573229577546277,0.39962827408116713
345,val,1.5954801227451268e-05,2.2458860483325895,2.2458860483325895,3.7483632564544678,0.000445143954225312,1.427507489555954e-07,3.747918089882272,0.0,1.1849767057622065,0.9253288057983898,0.9683764615996939,0.0,0.17187500024428132,8.71516393442623,0.2995995693519467,0.3957668191096822
346,train,1.5434160025747876e-05,2.0879242789646812,2.0879242789646812,3.871083618195589,0.0003960951035269844,1.4440668635162252e-07,3.870687515282434,0.0,0.9948502085671938,0.9354048408260031,0.9995335798618222,0.0,0.171875,8.788524450349414,0.2572914312693698,0.3995428585316524
346,val,1.5434160025747876e-05,2.271069880391731,2.271069880391731,3.7443188682931368,0.0004460165469399577,1.4762379978548302e-07,3.743872841850656,0.0,1.2063726929367566,0.9514370120939661,0.9695534989482066,0.0,0.17187500024428132,8.71516393442623,0.2996786148821721,0.3957668191096822
347,train,1.4922283052843463e-05,2.090361935540664,2.090361935540664,3.868625605401914,0.0003864502071615593,1.4415897230400115e-07,3.8682391407075993,0.0,0.9971585464625319,0.9292677520227827,1.0002766106246916,0.0,0.171875,8.796014119770902,0.2572720109923812,0.3993279744278301
347,val,1.4922283052843463e-05,2.2859993567232224,2.2859993567232224,3.7439520437209333,0.00044869710228474596,1.4738560850457628e-07,3.7435033321380615,0.0,1.2205149311511243,0.9735955205120024,0.9681248723483477,0.0,0.17187500024428132,8.71516393442623,0.29989774109887296,0.3957668191096822
348,train,1.441920352370133e-05,2.1022054336287757,2.1022054336287757,3.8677690600560717,0.00039046955528699846,1.400818661948953e-07,3.8673785767279383,0.0,1.0096283124005498,0.9273982439651962,0.9998372904032715,0.0,0.171875,8.840220388302134,0.2581630738313533,0.4010796665160124
348,val,1.441920352370133e-05,2.215809697010478,2.215809697010478,3.7436928280064317,0.00044847156119639755,1.4672652047816198e-07,3.7432443431166353,0.0,1.1472329350768542,0.9974803484854151,0.9688287387128736,0.0,0.17187500024428132,8.71516393442623,0.29979968461834017,0.3957668191096822
349,train,1.3924954082431155e-05,2.0907074306622024,2.0907074306622024,3.8694497937998498,0.00038145545949199247,1.4618890693026899e-07,3.8690683221028856,0.0,0.995676204315887,0.945172231059429,1.0005140021320218,0.0,0.171875,8.757446627971554,0.25780140269886365,0.39810491728881175
349,val,1.3924954082431155e-05,2.2213626083780507,2.2213626083780507,3.7484998116727737,0.00044960355420490026,1.4417588009437765e-07,3.748050181592097,0.0,1.1609875432780532,0.9277018689718403,0.9676048941299563,0.0,0.17187500024428132,8.71516393442623,0.2998267001793033,0.3957668191096822
350,train,1.3439566800170947e-05,2.089565826349022,2.089565826349022,3.868256400439365,0.0003879450074943506,1.4203437350775024e-07,3.8678684471067317,0.0,0.9973171675993391,0.9266227413553837,0.9995863888381926,0.0,0.171875,8.807636020597348,0.2577840842245039,0.399247266783202
350,val,1.3439566800170947e-05,2.2335005138741164,2.2335005138741164,3.7494875055844665,0.00044990491816682403,1.4248975589236847e-07,3.7490375784576915,0.0,1.1685046411928584,0.9516462058317466,0.9698312458444814,0.0,0.17187500024428132,8.71516393442623,0.2996185803022541,0.3957668191096822
351,train,1.2963073173005777e-05,2.0987239307608485,2.0987239307608485,3.869238825868969,0.0003949669635929706,1.436426399240273e-07,3.868843845099457,0.0,1.0052953724526177,0.9328777995730234,1.0001407782893537,0.0,0.171875,8.832902892561984,0.25765696968421464,0.401085383389607
351,val,1.2963073173005777e-05,2.1702389404421947,2.1702389404421947,3.7452623531466624,0.0004420007134598802,1.4235361823384515e-07,3.744820348552016,0.0,1.1067448815361398,0.9543519313218164,0.9680588753497015,0.0,0.17187500024428132,8.71516393442623,0.3004170402151639,0.3957668191096822
352,train,1.249550411992436e-05,2.0813334515272093,2.0813334515272093,3.868672232982541,0.0003844003183699852,1.412167619645429e-07,3.8682878214465686,0.0,0.9881478915037203,0.932795935918477,0.9999059643134598,0.0,0.171875,8.732911504004612,0.2576082928860483,0.39840656211060926
352,val,1.249550411992436e-05,2.2162872650584236,2.2162872650584236,3.7429284384993258,0.000437738618037671,1.409762296263028e-07,3.7424906941710927,0.0,1.1536087208106869,0.947806786806857,0.9678978460734008,0.0,0.17187500024428132,8.71516393442623,0.30056212378329916,0.3957668191096822
353,train,1.2036889980812436e-05,2.09978020683793,2.09978020683793,3.867036163314315,0.0003917706814740808,1.3739842236595192e-07,3.866644380506405,0.0,1.0069346590475603,0.9254128987138922,1.0003042592982616,0.0,0.171875,8.789901859504132,0.25773834985149796,0.3990586126638838
353,val,1.2036889980812436e-05,2.1974864123297517,2.1974864123297517,3.74275782460072,0.00044940106191893763,1.4160979984991007e-07,3.7423084055791134,0.0,1.1327697219418698,0.9832893228921734,0.9663877545810137,0.0,0.17187500024428132,8.71516393442623,0.3003259877689549,0.3957668191096822
354,train,1.1587260514484265e-05,2.0764743050267875,2.0764743050267875,3.867384987429154,0.00038218321346039,1.4182306834521844e-07,3.8670027935800473,0.0,0.9824707801184378,0.9413059121074755,0.9998729332419466,0.0,0.171875,8.80324552472958,0.25743359450466374,0.3982121912408466
354,val,1.1587260514484265e-05,2.2733103369103103,2.2733103369103103,3.7457837198601394,0.0004440790648690471,1.4161035547103296e-07,3.7453396281258007,0.0,1.2114761584117764,0.9406461500730671,0.9677695651523402,0.0,0.17187500024428132,8.71516393442623,0.2997936811603484,0.3957668191096822
355,train,1.1146644896751631e-05,2.109297234657382,2.109297234657382,3.865948114513366,0.0003815151199391535,1.4125966086476933e-07,3.8655665896155615,0.0,1.0170968273454462,0.9235526525284633,0.9998451419605696,0.0,0.171875,8.866305099045935,0.25806042379584193,0.4014378066890496
355,val,1.1146644896751631e-05,2.184407236146145,2.184407236146145,3.7471898110186466,0.00044825261474976347,1.4274940113756337e-07,3.7467415410964215,0.0,1.115995813588627,0.9954713231227437,0.9688642923949194,0.0,0.17187500024428132,8.71516393442623,0.2997676661757172,0.3957668191096822
356,train,1.0715071718530466e-05,2.082823213466928,2.082823213466928,3.8679261907073093,0.00039225114680959436,2.2422944934795145e-07,3.8675339152990293,0.0,0.9925600396207541,0.9013287683656394,1.0001302979701807,0.0,0.171875,8.81275826446281,0.2574143423275514,0.40090849909408033
356,val,1.0715071718530466e-05,2.1735793254414544,2.1735793254414544,3.745205656426852,0.0004443158316864922,1.4141081946218782e-07,3.744761337999438,0.0,1.1345580537788202,0.7130132840305078,0.9677199359799995,0.0,0.17187500024428132,8.71516393442623,0.3005160972720287,0.3957668191096822
357,train,1.0292568983985955e-05,2.064620679075068,2.064620679075068,3.867369774944526,0.00037133709046737606,1.385743882103969e-07,3.866998428155568,0.0,0.9765936228608297,0.8789566240527413,1.0001313962227056,0.0,0.171875,8.782756545326926,0.2572524226155163,0.3997563974670142
357,val,1.0292568983985955e-05,2.3334058210497997,2.3334058210497997,3.7470154175992874,0.00044652432791094797,1.4547642816434418e-07,3.746568863509131,0.0,1.268686900373365,0.9716961237250782,0.9675492996075115,0.0,0.17187500024428132,8.71516393442623,0.30019391169313525,0.3957668191096822
358,train,9.879164108714937e-06,2.0994651741232753,2.0994651741232753,3.8648799391817454,0.000376410200561239,1.387773798467527e-07,3.8645035195941766,0.0,1.0071022542547587,0.9293391553084712,0.9994290015421623,0.0,0.171875,8.843836090781473,0.25857031123697266,0.40251222720816116
358,val,9.879164108714937e-06,2.2655793897441177,2.2655793897441177,3.744938889487845,0.0004421583705793562,1.4113721799283847e-07,3.7444967011936376,0.0,1.2001257529024218,0.957165501645354,0.9697370959109948,0.0,0.17187500024428132,8.71516393442623,0.30067618948514346,0.3957668191096822
359,train,9.474883917967415e-06,2.1176104900265527,2.1176104900265527,3.864976887860574,0.000406290210332733,1.4216442593571386e-07,3.8645705861493576,0.0,1.0231615968725898,0.9419696834708048,1.0002519318387528,0.0,0.171875,8.86565943788891,0.25768530147134766,0.4027355183993489
359,val,9.474883917967415e-06,2.124394278057286,2.124394278057286,3.747711416150703,0.00044682366414697933,1.4164801586678208e-07,3.7472645689229496,0.0,1.0634849452581563,0.9167153825525378,0.9692377878017113,0.0,0.17187500024428132,8.71516393442623,0.3001068615522541,0.3957668191096822
360,train,9.079754644905583e-06,2.079330735462756,2.079330735462756,3.867072385204725,0.0003820455670746405,1.4203767943995407e-07,3.866690331254124,0.0,0.9869665579854949,0.9211726624610995,1.0002469127335825,0.0,0.171875,8.77815082644628,0.25735507265102764,0.399538823149421
360,val,9.079754644905583e-06,2.195661804715141,2.195661804715141,3.7494537791267772,0.0004488508914574431,1.401848087229915e-07,3.749004907295352,0.0,1.130528962025877,0.9663450375932162,0.9684983306243772,0.0,0.17187500024428132,8.71516393442623,0.30046907018442626,0.3957668191096822
361,train,8.693801928901767e-06,2.0931083771808088,2.0931083771808088,3.8665813207626343,0.0003903546371888793,1.4530554572606588e-07,3.8661909477769836,0.0,0.9975345741865064,0.9520454952293191,1.0003692507743835,0.0,0.171875,8.75129132231405,0.2578141814297881,0.3986110214359504
361,val,8.693801928901767e-06,2.187479068021305,2.187479068021305,3.7503757984911807,0.00044791994210366984,1.4085018575151183e-07,3.7499278568830645,0.0,1.1322627771096152,0.8825354888790944,0.9669627381152794,0.0,0.17187500024428132,8.71516393442623,0.29984270940061475,0.3957668191096822
362,train,8.317050813874547e-06,2.1028133675086598,2.1028133675086598,3.866534740471643,0.0003849738014117268,1.4247928095747469e-07,3.866149746682033,0.0,1.0107526754544787,0.9242390486573385,0.9996367853042508,0.0,0.171875,8.762568871837017,0.25771775262907515,0.3983873940450101
362,val,8.317050813874547e-06,2.1187650062998786,2.1187650062998786,3.7453798270616376,0.0004482518012738466,1.4019649901471342e-07,3.7449315727734174,0.0,1.0589655022152136,0.9239934775672975,0.9674001658549074,0.0,0.17187500024428132,8.71516393442623,0.3000638367699795,0.3957668191096822
363,train,7.949525746663931e-06,2.0853593507088903,2.0853593507088903,3.867270595771222,0.0003995280502381357,1.593518192477825e-07,3.8668710594334876,0.0,0.9871330501373149,0.9883471977365904,0.9993915843569543,0.0,0.171875,8.794378446153372,0.2580044328673812,0.39935016903010284
363,val,7.949525746663931e-06,2.149997242161485,2.149997242161485,3.74377399194436,0.0004471028428791915,1.4033417657077227e-07,3.743326871121516,0.0,1.1134805278699906,0.6662924959034217,0.9698874676813845,0.0,0.17187500024428132,8.71516393442623,0.30085629322489754,0.3957668191096822
364,train,7.591250575444808e-06,2.077758747684069,2.077758747684069,3.8680691758463204,0.00039654553876054463,1.4547956871125235e-07,3.8676726177704235,0.0,0.9887698096923592,0.8845249355331926,1.000536442541879,0.0,0.171875,8.84607438016529,0.2580586583161157,0.4013883732567149
364,val,7.591250575444808e-06,2.2086511185911837,2.2086511185911837,3.744862685438062,0.0004442067259586737,1.399601294023058e-07,3.744418468631682,0.0,1.1544708184531478,0.8658509860273267,0.9675952088637431,0.0,0.17187500024428132,8.71516393442623,0.30049208344006145,0.3957668191096822
365,train,7.242248548179649e-06,2.1024955456907097,2.1024955456907097,3.866861320724172,0.0003945630458414493,1.388344697241145e-07,3.8664667438869635,0.0,1.0110216171534594,0.9140157849828073,1.0000723484626486,0.0,0.171875,8.73575241112512,0.2574219086692353,0.3976089015972516
365,val,7.242248548179649e-06,2.1389088435251207,2.1389088435251207,3.745073764050593,0.00044130930187062314,1.4077792250694326e-07,3.744632447352175,0.0,1.07595231396253,0.9566056010175924,0.9672959671645868,0.0,0.17187500024428132,8.71516393442623,0.3002579485783812,0.3957668191096822
366,train,6.90254231110985e-06,2.071510047952006,2.071510047952006,3.8673912395130503,0.00038250220076263737,1.451661016848117e-07,3.867008723503302,0.0,0.9775037515508241,0.9428801940492362,0.9997182816020713,0.0,0.171875,8.796702826318661,0.258407550779256,0.39980314068557804
366,val,6.90254231110985e-06,2.264846203757114,2.264846203757114,3.746588366930602,0.0004458691130180416,1.4175737549924291e-07,3.7461424929196716,0.0,1.2048073572213533,0.9101383627438154,0.9690250070368658,0.0,0.17187500024428132,8.71516393442623,0.3002359358990779,0.3957668191096822
367,train,6.572153907286278e-06,2.0951306775581737,2.0951306775581737,3.8665704145904414,0.00038782839680404194,1.387832847211383e-07,3.8661825676594885,0.0,1.0030578105163968,0.9172453226383067,1.000348336933073,0.0,0.171875,8.761148417291562,0.2580636184939668,0.39753929125375986
367,val,6.572153907286278e-06,2.2234592359574115,2.2234592359574115,3.744754888972298,0.00044008966875987767,1.4000436802599907e-07,3.7443147839092816,0.0,1.1595766050893752,0.9700356682793039,0.9668790795763985,0.0,0.17187500024428132,8.71516393442623,0.300262951460041,0.3957668191096822
368,train,6.251104775139073e-06,2.085941139331534,2.085941139331534,3.864232571657039,0.00038285428934253384,1.3773714531096118e-07,3.863849704915827,0.0,0.9930558469423578,0.9363694682347873,0.9992483467602533,0.0,0.171875,8.91081267348991,0.25837316591877585,0.4040772829912911
368,val,6.251104775139073e-06,2.2588584579405238,2.2588584579405238,3.746332055232564,0.0004418550051326986,1.3969263964882572e-07,3.745890187435463,0.0,1.193531479014725,0.9445161912284914,0.970875364835145,0.0,0.17187500024428132,8.71516393442623,0.30047607421875,0.3957668191096822
369,train,5.939415747086255e-06,2.090815235267986,2.090815235267986,3.8670089077358405,0.00037284633339563583,1.4349773365889511e-07,3.8666360535897497,0.0,0.9963522233253668,0.9413572911881218,1.0003272812228559,0.0,0.171875,8.822098830514703,0.2583064140120814,0.40052379261363635
369,val,5.939415747086255e-06,2.266792363807803,2.266792363807803,3.7436303154366914,0.00044170104586958246,1.4091259563205403e-07,3.743188600071141,0.0,1.2068851174878292,0.9130778097715534,0.9685994415986733,0.0,0.17187500024428132,8.71516393442623,0.3001118644339139,0.3957668191096822
