bmse_id,simulation,name,inchi,inchi_skeleton,formula,ref_field_mhz,n_sim_points,roi_rmsd,ph,temperature_k,solvent,reference,sim_csv,has_field
bmse000001,simulation_1,1-3-Diaminopropane,InChI=1S/C3H10N2/c4-2-1-3-5/h1-5H2/p+2,1S/C3H10N2/c4-2-1-3-5,C3H10N2,499.84,32768,0.00986,7.4,298,,,/reboxitory/2023/12/GISSMO/bmse000001/simulation_1/B0s/sim_600MHz.csv,True
bmse000001,simulation_2,1-3-Diaminopropane,InChI=1S/C3H10N2/c4-2-1-3-5/h1-5H2,1S/C3H10N2/c4-2-1-3-5,C3H10N2,600.13,32768,0.01801,7.4,298,,,/reboxitory/2023/12/GISSMO/bmse000001/simulation_2/B0s/sim_600MHz.csv,True
bmse000002,simulation_1,2-3-Diphospho-D-glyceric-acid,"InChI=1S/C3H8O10P2/c4-3(5)2(13-15(9,10)11)1-12-14(6,7)8/h2H,1H2,(H,4,5)(H2,6,7,8)(H2,9,10,11)/t2-/m1/s1","1S/C3H8O10P2/c4-3(5)2(13-15(9,10)11)1-12-14(6,7)8",C3H8O10P2,499.84,32768,0.04871,7.4,298,,,/reboxitory/2023/12/GISSMO/bmse000002/simulation_1/B0s/sim_600MHz.csv,True
bmse000003,simulation_1,2-Deoxyguanosine,"InChI=1S/C10H13N5O4/c11-10-13-8-7(9(18)14-10)12-3-15(8)6-1-4(17)5(2-16)19-6/h3-6,16-17H,1-2H2,(H3,11,13,14,18)/t4-,5+,6+/m0/s1",1S/C10H13N5O4/c11-10-13-8-7(9(18)14-10)12-3-15(8)6-1-4(17)5(2-16)19-6,C10H13N5O4,400.13,32768,0.02059,7.4,298,,,/reboxitory/2023/12/GISSMO/bmse000003/simulation_1/B0s/sim_600MHz.csv,True
bmse000005,simulation_1,AMP,"InChI=1S/C10H14N5O7P/c11-8-5-9(13-2-12-8)15(3-14-5)10-7(17)6(16)4(22-10)1-21-23(18,19)20/h2-4,6-7,10,16-17H,1H2,(H2,11,12,13)(H2,18,19,20)/t4-,6-,7-,10-/m1/s1","1S/C10H14N5O7P/c11-8-5-9(13-2-12-8)15(3-14-5)10-7(17)6(16)4(22-10)1-21-23(18,19)20",C10H14N5O7P,499.84,32768,0.01282,7.4,298,,,/reboxitory/2023/12/GISSMO/bmse000005/simulation_1/B0s/sim_600MHz.csv,True
bmse000006,simulation_1,ATP,"InChI=1S/C10H16N5O13P3/c11-8-5-9(13-2-12-8)15(3-14-5)10-7(17)6(16)4(26-10)1-25-30(21,22)28-31(23,24)27-29(18,19)20/h2-4,6-7,10,16-17H,1H2,(H,21,22)(H,23,24)(H2,11,12,13)(H2,18,19,20)/t4-,6-,7-,10-/m1/s1","1S/C10H16N5O13P3/c11-8-5-9(13-2-12-8)15(3-14-5)10-7(17)6(16)4(26-10)1-25-30(21,22)28-31(23,24)27-29(18,19)20",C10H16N5O13P3,499.84,32768,0.02782,7.4,298,,,/reboxitory/2023/12/GISSMO/bmse000006/simulation_1/B0s/sim_600MHz.csv,True
bmse000007,simulation_1,D-3-phosphoglyceric-acid,"InChI=1S/C3H7O7P/c4-2(3(5)6)1-10-11(7,8)9/h2,4H,1H2,(H,5,6)(H2,7,8,9)/t2-/m1/s1","1S/C3H7O7P/c4-2(3(5)6)1-10-11(7,8)9",C3H7O7P,400.13,32768,0.00912,7.4,298,,,/reboxitory/2023/12/GISSMO/bmse000007/simulation_1/B0s/sim_600MHz.csv,True
bmse000015,simulation_1,(+/-)-Glucose,"InChI=1S/C6H12O6/c7-1-2-3(8)4(9)5(10)6(11)12-2/h2-11H,1H2/t2-,3-,4+,5-,6+/m1/s1",1S/C6H12O6/c7-1-2-3(8)4(9)5(10)6(11)12-2,C6H12O6,499.84,32768,0.01206,7.4,298,,,/reboxitory/2023/12/GISSMO/bmse000015/simulation_1/B0s/sim_600MHz.csv,True
bmse000019,simulation_1,D-ornithine,"InChI=1S/C5H12N2O2/c6-3-1-2-4(7)5(8)9/h4H,1-3,6-7H2,(H,8,9)/t4-/m1/s1",1S/C5H12N2O2/c6-3-1-2-4(7)5(8)9,C5H12N2O2,499.84,32768,0.01975,7.4,298,,,/reboxitory/2023/12/GISSMO/bmse000019/simulation_1/B0s/sim_600MHz.csv,True
bmse000025,simulation_1,D-threo-isocitric-acid,"InChI=1S/C6H8O7/c7-3(8)1-2(5(10)11)4(9)6(12)13/h2,4,9H,1H2,(H,7,8)(H,10,11)(H,12,13)/t2-,4-/m1/s1",1S/C6H8O7/c7-3(8)1-2(5(10)11)4(9)6(12)13,C6H8O7,400.13,32768,0.00676,7.4,298,,,/reboxitory/2023/12/GISSMO/bmse000025/simulation_1/B0s/sim_600MHz.csv,True
bmse000028,simulation_1,L-alanine,"InChI=1S/C3H7NO2/c1-2(4)3(5)6/h2H,4H2,1H3,(H,5,6)/t2-/m0/s1",1S/C3H7NO2/c1-2(4)3(5)6,C3H7NO2,400.13,32768,0.00494,7.4,298,,,/reboxitory/2023/12/GISSMO/bmse000028/simulation_1/B0s/sim_600MHz.csv,True
bmse000029,simulation_1,L-arginine,"InChI=1S/C6H14N4O2/c7-4(5(11)12)2-1-3-10-6(8)9/h4H,1-3,7H2,(H,11,12)(H4,8,9,10)/t4-/m0/s1",1S/C6H14N4O2/c7-4(5(11)12)2-1-3-10-6(8)9,C6H14N4O2,499.84,32768,0.00834,7.4,298,,,/reboxitory/2023/12/GISSMO/bmse000029/simulation_1/B0s/sim_600MHz.csv,True
bmse000030,simulation_1,L-asparagine,"InChI=1S/C4H8N2O3/c5-2(4(8)9)1-3(6)7/h2H,1,5H2,(H2,6,7)(H,8,9)/t2-/m0/s1",1S/C4H8N2O3/c5-2(4(8)9)1-3(6)7,C4H8N2O3,499.84,32768,0.01320,7.4,298,,,/reboxitory/2023/12/GISSMO/bmse000030/simulation_1/B0s/sim_600MHz.csv,True
bmse000031,simulation_1,L-aspartic-acid,"InChI=1S/C4H7NO4/c5-2(4(8)9)1-3(6)7/h2H,1,5H2,(H,6,7)(H,8,9)/t2-/m0/s1",1S/C4H7NO4/c5-2(4(8)9)1-3(6)7,C4H7NO4,400.13,32768,0.00535,7.4,298,,,/reboxitory/2023/12/GISSMO/bmse000031/simulation_1/B0s/sim_600MHz.csv,True
bmse000032,simulation_1,L-citrulline,"InChI=1S/C6H13N3O3/c7-4(5(10)11)2-1-3-9-6(8)12/h4H,1-3,7H2,(H,10,11)(H3,8,9,12)/t4-/m0/s1",1S/C6H13N3O3/c7-4(5(10)11)2-1-3-9-6(8)12,C6H13N3O3,499.84,32768,0.02702,7.4,298,,,/reboxitory/2023/12/GISSMO/bmse000032/simulation_1/B0s/sim_600MHz.csv,True
bmse000033,simulation_1,L-cystathionine,"InChI=1S/C7H14N2O4S/c8-4(6(10)11)1-2-14-3-5(9)7(12)13/h4-5H,1-3,8-9H2,(H,10,11)(H,12,13)/t4-,5+/m0/s1",1S/C7H14N2O4S/c8-4(6(10)11)1-2-14-3-5(9)7(12)13,C7H14N2O4S,400.13,32768,0.01694,7.4,298,,,/reboxitory/2023/12/GISSMO/bmse000033/simulation_1/B0s/sim_600MHz.csv,True
bmse000034,simulation_1,L-cysteine,"InChI=1S/C3H7NO2S/c4-2(1-7)3(5)6/h2,7H,1,4H2,(H,5,6)/t2-/m0/s1",1S/C3H7NO2S/c4-2(1-7)3(5)6,C3H7NO2S,499.84,32768,0.01256,7.4,298,,,/reboxitory/2023/12/GISSMO/bmse000034/simulation_1/B0s/sim_600MHz.csv,True
bmse000035,simulation_1,L-cystine,"InChI=1S/C6H12N2O4S2/c7-3(5(9)10)1-13-14-2-4(8)6(11)12/h3-4H,1-2,7-8H2,(H,9,10)(H,11,12)/t3-,4-/m0/s1",1S/C6H12N2O4S2/c7-3(5(9)10)1-13-14-2-4(8)6(11)12,C6H12N2O4S2,499.84,32768,0.01472,12.19,298,,,/reboxitory/2023/12/GISSMO/bmse000035/simulation_1/B0s/sim_600MHz.csv,True
bmse000037,simulation_1,L-glutamic-acid,"InChI=1S/C5H9NO4/c6-3(5(9)10)1-2-4(7)8/h3H,1-2,6H2,(H,7,8)(H,9,10)/t3-/m0/s1",1S/C5H9NO4/c6-3(5(9)10)1-2-4(7)8,C5H9NO4,499.84,32768,0.00829,7.4,298,,,/reboxitory/2023/12/GISSMO/bmse000037/simulation_1/B0s/sim_600MHz.csv,True
bmse000038,simulation_1,L-glutamine,"InChI=1S/C5H10N2O3/c6-3(5(9)10)1-2-4(7)8/h3H,1-2,6H2,(H2,7,8)(H,9,10)/t3-/m0/s1",1S/C5H10N2O3/c6-3(5(9)10)1-2-4(7)8,C5H10N2O3,400.13,32768,0.01157,7.4,298,,,/reboxitory/2023/12/GISSMO/bmse000038/simulation_1/B0s/sim_600MHz.csv,True
bmse000039,simulation_1,L-histidine,"InChI=1S/C6H9N3O2/c7-5(6(10)11)1-4-2-8-3-9-4/h2-3,5H,1,7H2,(H,8,9)(H,10,11)/t5-/m0/s1",1S/C6H9N3O2/c7-5(6(10)11)1-4-2-8-3-9-4,C6H9N3O2,499.84,32768,0.02089,7.4,298,,,/reboxitory/2023/12/GISSMO/bmse000039/simulation_1/B0s/sim_600MHz.csv,True
bmse000040,simulation_1,L-Homoserine,"InChI=1S/C4H9NO3/c5-3(1-2-6)4(7)8/h3,6H,1-2,5H2,(H,7,8)/t3-/m0/s1",1S/C4H9NO3/c5-3(1-2-6)4(7)8,C4H9NO3,400.13,32768,0.02443,7.4,298,,,/reboxitory/2023/12/GISSMO/bmse000040/simulation_1/B0s/sim_600MHz.csv,True
bmse000041,simulation_1,L-isoleucine,"InChI=1S/C6H13NO2/c1-3-4(2)5(7)6(8)9/h4-5H,3,7H2,1-2H3,(H,8,9)/t4-,5-/m0/s1",1S/C6H13NO2/c1-3-4(2)5(7)6(8)9,C6H13NO2,499.84,32768,0.00773,7.4,298,,,/reboxitory/2023/12/GISSMO/bmse000041/simulation_1/B0s/sim_600MHz.csv,True
bmse000042,simulation_1,L-leucine,"InChI=1S/C6H13NO2/c1-4(2)3-5(7)6(8)9/h4-5H,3,7H2,1-2H3,(H,8,9)/t5-/m0/s1",1S/C6H13NO2/c1-4(2)3-5(7)6(8)9,C6H13NO2,899.75,32768,0.03603,7.4,298,,,/reboxitory/2023/12/GISSMO/bmse000042/simulation_1/B0s/sim_600MHz.csv,True
bmse000043,simulation_1,L-lysine,"InChI=1S/C6H14N2O2/c7-4-2-1-3-5(8)6(9)10/h5H,1-4,7-8H2,(H,9,10)/t5-/m0/s1",1S/C6H14N2O2/c7-4-2-1-3-5(8)6(9)10,C6H14N2O2,499.84,32768,0.01184,7.4,298,,,/reboxitory/2023/12/GISSMO/bmse000043/simulation_1/B0s/sim_600MHz.csv,True
bmse000044,simulation_1,L-methionine,"InChI=1S/C5H11NO2S/c1-9-3-2-4(6)5(7)8/h4H,2-3,6H2,1H3,(H,7,8)/t4-/m0/s1",1S/C5H11NO2S/c1-9-3-2-4(6)5(7)8,C5H11NO2S,499.84,32768,0.00553,7.4,298,,,/reboxitory/2023/12/GISSMO/bmse000044/simulation_1/B0s/sim_600MHz.csv,True
bmse000045,simulation_1,L-phenylalanine,"InChI=1S/C9H11NO2/c10-8(9(11)12)6-7-4-2-1-3-5-7/h1-5,8H,6,10H2,(H,11,12)/t8-/m0/s1",1S/C9H11NO2/c10-8(9(11)12)6-7-4-2-1-3-5-7,C9H11NO2,499.84,32768,0.02086,7.4,298,,,/reboxitory/2023/12/GISSMO/bmse000045/simulation_1/B0s/sim_600MHz.csv,True
bmse000046,simulation_1,Malic-acid,"InChI=1S/C4H6O5/c5-2(4(8)9)1-3(6)7/h2,5H,1H2,(H,6,7)(H,8,9)",1S/C4H6O5/c5-2(4(8)9)1-3(6)7,C4H6O5,499.84,32768,0.01153,7.4,298,,,/reboxitory/2023/12/GISSMO/bmse000046/simulation_1/B0s/sim_600MHz.csv,True
bmse000047,simulation_1,L-proline,"InChI=1S/C5H9NO2/c7-5(8)4-2-1-3-6-4/h4,6H,1-3H2,(H,7,8)/t4-/m0/s1",1S/C5H9NO2/c7-5(8)4-2-1-3-6-4,C5H9NO2,499.84,32768,0.01504,7.4,298,,,/reboxitory/2023/12/GISSMO/bmse000047/simulation_1/B0s/sim_600MHz.csv,True
bmse000047,simulation_2,L-proline,"InChI=1S/C5H9NO2/c7-5(8)4-2-1-3-6-4/h4,6H,1-3H2,(H,7,8)/t4-/m0/s1",1S/C5H9NO2/c7-5(8)4-2-1-3-6-4,C5H9NO2,899.75,262144,0.05933,7.4,298,,,/reboxitory/2023/12/GISSMO/bmse000047/simulation_2/B0s/sim_600MHz.csv,True
bmse000048,simulation_1,L-serine,"InChI=1S/C3H7NO3/c4-2(1-5)3(6)7/h2,5H,1,4H2,(H,6,7)/t2-/m0/s1",1S/C3H7NO3/c4-2(1-5)3(6)7,C3H7NO3,499.84,32768,0.01123,7.4,298,,,/reboxitory/2023/12/GISSMO/bmse000048/simulation_1/B0s/sim_600MHz.csv,True
bmse000049,simulation_1,L-threonine,"InChI=1S/C4H9NO3/c1-2(6)3(5)4(7)8/h2-3,6H,5H2,1H3,(H,7,8)/t2-,3+/m1/s1",1S/C4H9NO3/c1-2(6)3(5)4(7)8,C4H9NO3,499.84,32768,0.01334,7.4,298,,,/reboxitory/2023/12/GISSMO/bmse000049/simulation_1/B0s/sim_600MHz.csv,True
bmse000050,simulation_1,L-tryptophan,"InChI=1S/C11H12N2O2/c12-9(11(14)15)5-7-6-13-10-4-2-1-3-8(7)10/h1-4,6,9,13H,5,12H2,(H,14,15)/t9-/m0/s1",1S/C11H12N2O2/c12-9(11(14)15)5-7-6-13-10-4-2-1-3-8(7)10,C11H12N2O2,499.84,32768,0.01856,7.4,298,,,/reboxitory/2023/12/GISSMO/bmse000050/simulation_1/B0s/sim_600MHz.csv,True
bmse000051,simulation_1,L-tyrosine,"InChI=1S/C9H11NO3/c10-8(9(12)13)5-6-1-3-7(11)4-2-6/h1-4,8,11H,5,10H2,(H,12,13)/t8-/m0/s1",1S/C9H11NO3/c10-8(9(12)13)5-6-1-3-7(11)4-2-6,C9H11NO3,499.84,32768,0.01231,11.15,298,,,/reboxitory/2023/12/GISSMO/bmse000051/simulation_1/B0s/sim_600MHz.csv,True
bmse000052,simulation_1,L-valine,"InChI=1S/C5H11NO2/c1-3(2)4(6)5(7)8/h3-4H,6H2,1-2H3,(H,7,8)/t4-/m0/s1",1S/C5H11NO2/c1-3(2)4(6)5(7)8,C5H11NO2,499.84,32768,0.01421,7.4,298,,,/reboxitory/2023/12/GISSMO/bmse000052/simulation_1/B0s/sim_600MHz.csv,True
bmse000058,simulation_1,O-succinyl-L-homoserine,"InChI=1S/C8H13NO6/c9-5(8(13)14)3-4-15-7(12)2-1-6(10)11/h5H,1-4,9H2,(H,10,11)(H,13,14)/t5-/m0/s1",1S/C8H13NO6/c9-5(8(13)14)3-4-15-7(12)2-1-6(10)11,C8H13NO6,400.13,32768,0.01298,7.4,298,,,/reboxitory/2023/12/GISSMO/bmse000058/simulation_1/B0s/sim_600MHz.csv,True
bmse000060,simulation_1,Adenine,"InChI=1S/C5H5N5/c6-4-3-5(9-1-7-3)10-2-8-4/h1-2H,(H3,6,7,8,9,10)",1S/C5H5N5/c6-4-3-5(9-1-7-3)10-2-8-4,C5H5N5,499.84,32768,0.00477,11.6,298,,,/reboxitory/2023/12/GISSMO/bmse000060/simulation_1/B0s/sim_600MHz.csv,True
bmse000061,simulation_1,Adenosine,"InChI=1S/C10H13N5O4/c11-8-5-9(13-2-12-8)15(3-14-5)10-7(18)6(17)4(1-16)19-10/h2-4,6-7,10,16-18H,1H2,(H2,11,12,13)/t4-,6-,7-,10-/m1/s1",1S/C10H13N5O4/c11-8-5-9(13-2-12-8)15(3-14-5)10-7(18)6(17)4(1-16)19-10,C10H13N5O4,499.84,32768,0.00741,7.4,298,,,/reboxitory/2023/12/GISSMO/bmse000061/simulation_1/B0s/sim_600MHz.csv,True
bmse000063,simulation_1,Agmatine,"InChI=1S/C5H14N4/c6-3-1-2-4-9-5(7)8/h1-4,6H2,(H4,7,8,9)",1S/C5H14N4/c6-3-1-2-4-9-5(7)8,C5H14N4,499.84,32768,0.01030,7.4,298,,,/reboxitory/2023/12/GISSMO/bmse000063/simulation_1/B0s/sim_600MHz.csv,True
bmse000064,simulation_1,Alpha-ketoglutaric-acid,"InChI=1S/C5H6O5/c6-3(5(9)10)1-2-4(7)8/h1-2H2,(H,7,8)(H,9,10)",1S/C5H6O5/c6-3(5(9)10)1-2-4(7)8,C5H6O5,400.13,32768,0.01795,7.4,298,,,/reboxitory/2023/12/GISSMO/bmse000064/simulation_1/B0s/sim_600MHz.csv,True
bmse000066,simulation_1,4-Aminobenzoic-acid,"InChI=1S/C7H7NO2/c8-6-3-1-5(2-4-6)7(9)10/h1-4H,8H2,(H,9,10)",1S/C7H7NO2/c8-6-3-1-5(2-4-6)7(9)10,C7H7NO2,499.84,32768,0.01355,7.4,298,,,/reboxitory/2023/12/GISSMO/bmse000066/simulation_1/B0s/sim_600MHz.csv,True
bmse000067,simulation_1,Anthranilic-acid,"InChI=1S/C7H7NO2/c8-6-4-2-1-3-5(6)7(9)10/h1-4H,8H2,(H,9,10)",1S/C7H7NO2/c8-6-4-2-1-3-5(6)7(9)10,C7H7NO2,499.84,32768,0.01169,7.4,298,,,/reboxitory/2023/12/GISSMO/bmse000067/simulation_1/B0s/sim_600MHz.csv,True
bmse000069,simulation_1,Betaine,"InChI=1S/C5H11NO2/c1-6(2,3)4-5(7)8/h4H2,1-3H3","1S/C5H11NO2/c1-6(2,3)4-5(7)8",C5H11NO2,499.84,32768,0.00592,7.4,298,,,/reboxitory/2023/12/GISSMO/bmse000069/simulation_1/B0s/sim_600MHz.csv,True
bmse000070,simulation_1,Betaine-aldehyde,"InChI=1S/C5H12NO/c1-6(2,3)4-5-7/h5H,4H2,1-3H3/q+1","1S/C5H12NO/c1-6(2,3)4-5-7",C5H12NO,400.13,32768,0.14416,7.4,298,,,/reboxitory/2023/12/GISSMO/bmse000070/simulation_1/B0s/sim_600MHz.csv,True
bmse000072,simulation_1,Cadaverine,InChI=1S/C5H14N2/c6-4-2-1-3-5-7/h1-7H2,1S/C5H14N2/c6-4-2-1-3-5-7,C5H14N2,499.84,32768,0.01443,7.4,298,,,/reboxitory/2023/12/GISSMO/bmse000072/simulation_1/B0s/sim_600MHz.csv,True
bmse000073,simulation_1,L-canavanine,"InChI=1S/C5H12N4O3/c6-3(4(10)11)1-2-12-9-5(7)8/h3H,1-2,6H2,(H,10,11)(H4,7,8,9)/t3-/m0/s1",1S/C5H12N4O3/c6-3(4(10)11)1-2-12-9-5(7)8,C5H12N4O3,400.13,32768,0.00810,7.4,298,,,/reboxitory/2023/12/GISSMO/bmse000073/simulation_1/B0s/sim_600MHz.csv,True
bmse000074,simulation_1,D-carnitine,"InChI=1S/C7H15NO3/c1-8(2,3)5-6(9)4-7(10)11/h6,9H,4-5H2,1-3H3/p+1","1S/C7H15NO3/c1-8(2,3)5-6(9)4-7(10)11",C7H15NO3,499.84,32768,0.01387,7.4,298,,,/reboxitory/2023/12/GISSMO/bmse000074/simulation_1/B0s/sim_600MHz.csv,True
bmse000076,simulation_1,Citrate,"InChI=1S/C6H8O7/c7-3(8)1-6(13,5(11)12)2-4(9)10/h13H,1-2H2,(H,7,8)(H,9,10)(H,11,12)","1S/C6H8O7/c7-3(8)1-6(13,5(11)12)2-4(9)10",C6H8O7,499.84,32768,0.00829,7.4,298,,,/reboxitory/2023/12/GISSMO/bmse000076/simulation_1/B0s/sim_600MHz.csv,True
bmse000077,simulation_1,Coumarin,InChI=1S/C9H6O2/c10-9-6-5-7-3-1-2-4-8(7)11-9/h1-6H,1S/C9H6O2/c10-9-6-5-7-3-1-2-4-8(7)11-9,C9H6O2,400.13,32768,0.01443,n/a,298,,,/reboxitory/2023/12/GISSMO/bmse000077/simulation_1/B0s/sim_600MHz.csv,True
bmse000078,simulation_1,Creatine,"InChI=1S/C4H9N3O2/c1-7(4(5)6)2-3(8)9/h2H2,1H3,(H3,5,6)(H,8,9)",1S/C4H9N3O2/c1-7(4(5)6)2-3(8)9,C4H9N3O2,499.84,32768,0.00831,7.4,298,,,/reboxitory/2023/12/GISSMO/bmse000078/simulation_1/B0s/sim_600MHz.csv,True
bmse000079,simulation_1,Creatine-phosphate,"InChI=1S/C4H10N3O5P/c1-7(2-3(8)9)4(5)6-13(10,11)12/h2H2,1H3,(H,8,9)(H4,5,6,10,11,12)","1S/C4H10N3O5P/c1-7(2-3(8)9)4(5)6-13(10,11)12",C4H10N3O5P,400.13,32768,0.00581,7.4,298,,,/reboxitory/2023/12/GISSMO/bmse000079/simulation_1/B0s/sim_600MHz.csv,True
bmse000080,simulation_1,Dehydro-proline,"InChI=1S/C5H7NO2/c7-5(8)4-2-1-3-6-4/h1-2,4,6H,3H2,(H,7,8)/t4-/m0/s1",1S/C5H7NO2/c7-5(8)4-2-1-3-6-4,C5H7NO2,400.13,32768,0.01448,7.4,298,,,/reboxitory/2023/12/GISSMO/bmse000080/simulation_1/B0s/sim_600MHz.csv,True
bmse000083,simulation_1,Fumaric-acid,"InChI=1S/C4H4O4/c5-3(6)1-2-4(7)8/h1-2H,(H,5,6)(H,7,8)/b2-1+",1S/C4H4O4/c5-3(6)1-2-4(7)8,C4H4O4,400.13,32768,0.00913,7.4,298,,,/reboxitory/2023/12/GISSMO/bmse000083/simulation_1/B0s/sim_600MHz.csv,True
bmse000084,simulation_1,Gluconic acid,"InChI=1S/C6H12O7/c7-1-2(8)3(9)4(10)5(11)6(12)13/h2-5,7-11H,1H2,(H,12,13)/t2-,3-,4+,5-/m1/s1",1S/C6H12O7/c7-1-2(8)3(9)4(10)5(11)6(12)13,C6H12O7,400.13,32768,0.00874,7.4,298,,,/reboxitory/2023/12/GISSMO/bmse000084/simulation_1/B0s/sim_600MHz.csv,True
bmse000089,simulation_1,Glycine,"InChI=1S/C2H5NO2/c3-1-2(4)5/h1,3H2,(H,4,5)",1S/C2H5NO2/c3-1-2(4)5,C2H5NO2,499.84,32768,0.01828,7.4,298,,,/reboxitory/2023/12/GISSMO/bmse000089/simulation_1/B0s/sim_600MHz.csv,True
bmse000090,simulation_1,Guanine,"InChI=1S/C5H5N5O/c6-5-9-3-2(4(11)10-5)7-1-8-3/h1H,(H4,6,7,8,9,10,11)",1S/C5H5N5O/c6-5-9-3-2(4(11)10-5)7-1-8-3,C5H5N5O,400.13,32768,0.00389,12.0,298,,,/reboxitory/2023/12/GISSMO/bmse000090/simulation_1/B0s/sim_600MHz.csv,True
bmse000091,simulation_1,Guanosine,"InChI=1S/C10H13N5O5/c11-10-13-7-4(8(19)14-10)12-2-15(7)9-6(18)5(17)3(1-16)20-9/h2-3,5-6,9,16-18H,1H2,(H3,11,13,14,19)/t3-,5-,6-,9-/m1/s1",1S/C10H13N5O5/c11-10-13-7-4(8(19)14-10)12-2-15(7)9-6(18)5(17)3(1-16)20-9,C10H13N5O5,499.84,32768,0.00850,11.36,298,,,/reboxitory/2023/12/GISSMO/bmse000091/simulation_1/B0s/sim_600MHz.csv,True
bmse000092,simulation_1,4-Hydroxy-benzoic acid,"InChI=1S/C7H6O3/c8-6-3-1-5(2-4-6)7(9)10/h1-4,8H,(H,9,10)",1S/C7H6O3/c8-6-3-1-5(2-4-6)7(9)10,C7H6O3,400.13,32768,0.00736,7.4,298,,,/reboxitory/2023/12/GISSMO/bmse000092/simulation_1/B0s/sim_600MHz.csv,True
bmse000093,simulation_1,Trans-3-hydroxycinnamic-acid,"InChI=1S/C9H8O3/c10-8-3-1-2-7(6-8)4-5-9(11)12/h1-6,10H,(H,11,12)/b5-4+",1S/C9H8O3/c10-8-3-1-2-7(6-8)4-5-9(11)12,C9H8O3,400.13,32768,0.01744,7.4,298,,,/reboxitory/2023/12/GISSMO/bmse000093/simulation_1/B0s/sim_600MHz.csv,True
bmse000094,simulation_1,Hypoxanthine,"InChI=1S/C5H4N4O/c10-5-3-4(7-1-6-3)8-2-9-5/h1-2H,(H2,6,7,8,9,10)",1S/C5H4N4O/c10-5-3-4(7-1-6-3)8-2-9-5,C5H4N4O,400.13,32768,0.00936,10.5,298,,,/reboxitory/2023/12/GISSMO/bmse000094/simulation_1/B0s/sim_600MHz.csv,True
bmse000095,simulation_1,I-erythritol,"InChI=1S/C4H10O4/c5-1-3(7)4(8)2-6/h3-8H,1-2H2/t3-,4+",1S/C4H10O4/c5-1-3(7)4(8)2-6,C4H10O4,400.13,32768,0.01307,7.4,298,,,/reboxitory/2023/12/GISSMO/bmse000095/simulation_1/B0s/sim_600MHz.csv,True
bmse000096,simulation_1,Imidazole,"InChI=1S/C3H4N2/c1-2-5-3-4-1/h1-3H,(H,4,5)",1S/C3H4N2/c1-2-5-3-4-1,C3H4N2,400.13,32768,0.00929,7.4,298,,,/reboxitory/2023/12/GISSMO/bmse000096/simulation_1/B0s/sim_600MHz.csv,True
bmse000097,simulation_1,Indole,"InChI=1S/C8H7N/c1-2-4-8-7(3-1)5-6-9-8/h1-6,9H",1S/C8H7N/c1-2-4-8-7(3-1)5-6-9-8,C8H7N,400.13,32768,0.01923,n/a,298,,,/reboxitory/2023/12/GISSMO/bmse000097/simulation_1/B0s/sim_600MHz.csv,True
bmse000098,simulation_1,Inosine,"InChI=1S/C10H12N4O5/c15-1-4-6(16)7(17)10(19-4)14-3-13-5-8(14)11-2-12-9(5)18/h2-4,6-7,10,15-17H,1H2,(H,11,12,18)/t4-,6-,7-,10-/m1/s1",1S/C10H12N4O5/c15-1-4-6(16)7(17)10(19-4)14-3-13-5-8(14)11-2-12-9(5)18,C10H12N4O5,400.13,32768,0.02092,7.4,298,,,/reboxitory/2023/12/GISSMO/bmse000098/simulation_1/B0s/sim_600MHz.csv,True
bmse000100,simulation_1,Meso-erythritol,"InChI=1S/C4H10O4/c5-1-3(7)4(8)2-6/h3-8H,1-2H2/t3-,4+",1S/C4H10O4/c5-1-3(7)4(8)2-6,C4H10O4,400.13,32768,0.01433,7.4,298,,,/reboxitory/2023/12/GISSMO/bmse000100/simulation_1/B0s/sim_600MHz.csv,True
bmse000101,simulation_1,Methyl-oxobutanoic-acid,"InChI=1S/C5H8O3/c1-3(2)4(6)5(7)8/h3H,1-2H3,(H,7,8)",1S/C5H8O3/c1-3(2)4(6)5(7)8,C5H8O3,400.13,32768,0.01713,7.4,298,,,/reboxitory/2023/12/GISSMO/bmse000101/simulation_1/B0s/sim_600MHz.csv,True
bmse000102,simulation_1,Muco-inositol,"InChI=1S/C6H12O6/c7-1-2(8)4(10)6(12)5(11)3(1)9/h1-12H/t1-,2-,3-,4+,5+,6+",1S/C6H12O6/c7-1-2(8)4(10)6(12)5(11)3(1)9,C6H12O6,400.13,32768,0.01005,7.4,298,,,/reboxitory/2023/12/GISSMO/bmse000102/simulation_1/B0s/sim_600MHz.csv,True
bmse000103,simulation_1,Myo-inositol,"InChI=1S/C6H12O6/c7-1-2(8)4(10)6(12)5(11)3(1)9/h1-12H/t1-,2-,3-,4+,5-,6-",1S/C6H12O6/c7-1-2(8)4(10)6(12)5(11)3(1)9,C6H12O6,499.84,32768,0.01059,7.4,298,,,/reboxitory/2023/12/GISSMO/bmse000103/simulation_1/B0s/sim_600MHz.csv,True
bmse000104,simulation_1,Niacin,"InChI=1S/C6H5NO2/c8-6(9)5-2-1-3-7-4-5/h1-4H,(H,8,9)",1S/C6H5NO2/c8-6(9)5-2-1-3-7-4-5,C6H5NO2,400.13,32768,0.01151,7.4,298,,,/reboxitory/2023/12/GISSMO/bmse000104/simulation_1/B0s/sim_600MHz.csv,True
bmse000105,simulation_1,Nicotine,"InChI=1S/C10H14N2/c1-12-7-3-5-10(12)9-4-2-6-11-8-9/h2,4,6,8,10H,3,5,7H2,1H3/t10-/m0/s1",1S/C10H14N2/c1-12-7-3-5-10(12)9-4-2-6-11-8-9,C10H14N2,400.13,32768,0.01151,7.4,298,,,/reboxitory/2023/12/GISSMO/bmse000105/simulation_1/B0s/sim_600MHz.csv,True
bmse000107,simulation_1,Phosphoenolpyruvic-acid,"InChI=1S/C3H5O6P/c1-2(3(4)5)9-10(6,7)8/h1H2,(H,4,5)(H2,6,7,8)","1S/C3H5O6P/c1-2(3(4)5)9-10(6,7)8",C3H5O6P,400.13,32768,0.01054,7.4,298,,,/reboxitory/2023/12/GISSMO/bmse000107/simulation_1/B0s/sim_600MHz.csv,True
bmse000108,simulation_1,Prephenic-acid,"InChI=1S/C10H10O6/c11-6-1-3-10(4-2-6,9(15)16)5-7(12)8(13)14/h1-4,6,11H,5H2,(H,13,14)(H,15,16)/t6-,10+","1S/C10H10O6/c11-6-1-3-10(4-2-6,9(15)16)5-7(12)8(13)14",C10H10O6,400.13,32768,0.01566,7.4,298,,,/reboxitory/2023/12/GISSMO/bmse000108/simulation_1/B0s/sim_600MHz.csv,True
bmse000109,simulation_1,Putrescine,InChI=1S/C4H12N2/c5-3-1-2-4-6/h1-6H2,1S/C4H12N2/c5-3-1-2-4-6,C4H12N2,499.84,32768,0.00776,7.4,298,,,/reboxitory/2023/12/GISSMO/bmse000109/simulation_1/B0s/sim_600MHz.csv,True
bmse000110,simulation_1,Pyridoxal,"InChI=1S/C8H9NO3/c1-5-8(12)7(4-11)6(3-10)2-9-5/h2,4,10,12H,3H2,1H3",1S/C8H9NO3/c1-5-8(12)7(4-11)6(3-10)2-9-5,C8H9NO3,400.13,32768,0.01694,7.4,298,,,/reboxitory/2023/12/GISSMO/bmse000110/simulation_1/B0s/sim_600MHz.csv,True
bmse000111,simulation_1,Pyridoxal-5-phosphate,"InChI=1S/C8H10NO6P/c1-5-8(11)7(3-10)6(2-9-5)4-15-16(12,13)14/h2-3,11H,4H2,1H3,(H2,12,13,14)","1S/C8H10NO6P/c1-5-8(11)7(3-10)6(2-9-5)4-15-16(12,13)14",C8H10NO6P,400.13,32768,0.01525,7.4,298,,,/reboxitory/2023/12/GISSMO/bmse000111/simulation_1/B0s/sim_600MHz.csv,True
bmse000112,simulation_1,Pyruvic-acid,"InChI=1S/C3H4O3/c1-2(4)3(5)6/h1H3,(H,5,6)",1S/C3H4O3/c1-2(4)3(5)6,C3H4O3,499.84,32768,0.00374,7.4,298,,,/reboxitory/2023/12/GISSMO/bmse000112/simulation_1/B0s/sim_600MHz.csv,True
bmse000113,simulation_1,Scyllo-inositol,InChI=1S/C6H12O6/c7-1-2(8)4(10)6(12)5(11)3(1)9/h1-12H,1S/C6H12O6/c7-1-2(8)4(10)6(12)5(11)3(1)9,C6H12O6,400.13,32768,0.00335,7.4,298,,,/reboxitory/2023/12/GISSMO/bmse000113/simulation_1/B0s/sim_600MHz.csv,True
bmse000114,simulation_1,Shikimic-acid,"InChI=1S/C7H10O5/c8-4-1-3(7(11)12)2-5(9)6(4)10/h1,4-6,8-10H,2H2,(H,11,12)/t4-,5-,6-/m1/s1",1S/C7H10O5/c8-4-1-3(7(11)12)2-5(9)6(4)10,C7H10O5,400.13,32768,0.01388,7.4,298,,,/reboxitory/2023/12/GISSMO/bmse000114/simulation_1/B0s/sim_600MHz.csv,True
bmse000118,simulation_1,Succinic acid disodium salt,"InChI=1S/C4H6O4/c5-3(6)1-2-4(7)8/h1-2H2,(H,5,6)(H,7,8)",1S/C4H6O4/c5-3(6)1-2-4(7)8,C4H6O4,400.13,32768,0.00270,,,,,/reboxitory/2023/12/GISSMO/bmse000118/simulation_1/B0s/sim_600MHz.csv,True
bmse000119,simulation_1,Sucrose,"InChI=1S/C12H22O11/c13-1-4-6(16)8(18)9(19)11(21-4)23-12(3-15)10(20)7(17)5(2-14)22-12/h4-11,13-20H,1-3H2/t4-,5-,6-,7-,8+,9-,10+,11-,12+/m1/s1",1S/C12H22O11/c13-1-4-6(16)8(18)9(19)11(21-4)23-12(3-15)10(20)7(17)5(2-14)22-12,C12H22O11,600.13,32768,0.00904,7.4,298,,,/reboxitory/2023/12/GISSMO/bmse000119/simulation_1/B0s/sim_600MHz.csv,True
bmse000120,simulation_1,Taurine,"InChI=1S/C2H7NO3S/c3-1-2-7(4,5)6/h1-3H2,(H,4,5,6)","1S/C2H7NO3S/c3-1-2-7(4,5)6",C2H7NO3S,499.84,32768,0.01243,7.4,298,,,/reboxitory/2023/12/GISSMO/bmse000120/simulation_1/B0s/sim_600MHz.csv,True
bmse000121,simulation_1,L-threitol,"InChI=1S/C4H10O4/c5-1-3(7)4(8)2-6/h3-8H,1-2H2/t3-,4+",1S/C4H10O4/c5-1-3(7)4(8)2-6,C4H10O4,400.13,32768,0.01341,7.4,298,,,/reboxitory/2023/12/GISSMO/bmse000121/simulation_1/B0s/sim_600MHz.csv,True
bmse000123,simulation_1,Trans-4-hydroxy-L-proline,"InChI=1S/C5H9NO3/c7-3-1-4(5(8)9)6-2-3/h3-4,6-7H,1-2H2,(H,8,9)/t3-,4+/m1/s1",1S/C5H9NO3/c7-3-1-4(5(8)9)6-2-3,C5H9NO3,499.84,32768,0.02756,7.4,298,,,/reboxitory/2023/12/GISSMO/bmse000123/simulation_1/B0s/sim_600MHz.csv,True
bmse000124,simulation_1,Trans-Cinnamic acid,"InChI=1S/C9H8O2/c10-9(11)7-6-8-4-2-1-3-5-8/h1-7H,(H,10,11)/b7-6+",1S/C9H8O2/c10-9(11)7-6-8-4-2-1-3-5-8,C9H8O2,400.13,32768,0.00603,7.4,298,,,/reboxitory/2023/12/GISSMO/bmse000124/simulation_1/B0s/sim_600MHz.csv,True
bmse000127,simulation_1,Xanthine,"InChI=1S/C5H4N4O2/c10-4-2-3(7-1-6-2)8-5(11)9-4/h1H,(H3,6,7,8,9,10,11)",1S/C5H4N4O2/c10-4-2-3(7-1-6-2)8-5(11)9-4,C5H4N4O2,400.13,32768,0.00269,10.5,298,,,/reboxitory/2023/12/GISSMO/bmse000127/simulation_1/B0s/sim_600MHz.csv,True
bmse000128,simulation_1,Xanthosine,"InChI=1S/C10H12N4O6/c15-1-3-5(16)6(17)9(20-3)14-2-11-4-7(14)12-10(19)13-8(4)18/h2-3,5-6,9,15-17H,1H2,(H2,12,13,18,19)/t3-,5-,6-,9-/m1/s1",1S/C10H12N4O6/c15-1-3-5(16)6(17)9(20-3)14-2-11-4-7(14)12-10(19)13-8(4)18,C10H12N4O6,400.13,32768,0.01905,10.5,298,,,/reboxitory/2023/12/GISSMO/bmse000128/simulation_1/B0s/sim_600MHz.csv,True
bmse000130,simulation_1,Pyridoxamine,"InChI=1S/C8H12N2O2/c1-5-8(12)7(2-9)6(4-11)3-10-5/h3,11-12H,2,4,9H2,1H3",1S/C8H12N2O2/c1-5-8(12)7(2-9)6(4-11)3-10-5,C8H12N2O2,400.13,32768,0.00805,7.4,298,,,/reboxitory/2023/12/GISSMO/bmse000130/simulation_1/B0s/sim_600MHz.csv,True
bmse000131,simulation_1,Pyridoxamine-5-phosphate,"InChI=1S/C8H13N2O5P/c1-5-8(11)7(2-9)6(3-10-5)4-15-16(12,13)14/h3,11H,2,4,9H2,1H3,(H2,12,13,14)","1S/C8H13N2O5P/c1-5-8(11)7(2-9)6(3-10-5)4-15-16(12,13)14",C8H13N2O5P,400.13,32768,0.03191,7.4,298,,,/reboxitory/2023/12/GISSMO/bmse000131/simulation_1/B0s/sim_600MHz.csv,True
bmse000132,simulation_1,Homovanillic-acid,"InChI=1S/C9H10O4/c1-13-8-4-6(5-9(11)12)2-3-7(8)10/h2-4,10H,5H2,1H3,(H,11,12)",1S/C9H10O4/c1-13-8-4-6(5-9(11)12)2-3-7(8)10,C9H10O4,400.13,32768,0.00850,7.4,298,,,/reboxitory/2023/12/GISSMO/bmse000132/simulation_1/B0s/sim_600MHz.csv,True
bmse000133,simulation_1,Isonicotinic-acid,"InChI=1S/C6H5NO2/c8-6(9)5-1-3-7-4-2-5/h1-4H,(H,8,9)",1S/C6H5NO2/c8-6(9)5-1-3-7-4-2-5,C6H5NO2,400.13,32768,0.01586,7.4,298,,,/reboxitory/2023/12/GISSMO/bmse000133/simulation_1/B0s/sim_600MHz.csv,True
bmse000134,simulation_1,Ethacrynic-acid,"InChI=1S/C13H12Cl2O4/c1-3-7(2)13(18)8-4-5-9(12(15)11(8)14)19-6-10(16)17/h4-5H,2-3,6H2,1H3,(H,16,17)",1S/C13H12Cl2O4/c1-3-7(2)13(18)8-4-5-9(12(15)11(8)14)19-6-10(16)17,C13H12Cl2O4,400.13,32768,0.00850,7.4,298,,,/reboxitory/2023/12/GISSMO/bmse000134/simulation_1/B0s/sim_600MHz.csv,True
bmse000137,simulation_1,Itaconic-acid,"InChI=1S/C5H6O4/c1-3(5(8)9)2-4(6)7/h1-2H2,(H,6,7)(H,8,9)",1S/C5H6O4/c1-3(5(8)9)2-4(6)7,C5H6O4,400.13,32768,0.00751,7.4,298,,,/reboxitory/2023/12/GISSMO/bmse000137/simulation_1/B0s/sim_600MHz.csv,True
bmse000142,simulation_1,(+-)-Acetylcarnitine,"InChI=1S/C9H17NO4/c1-7(11)14-8(5-9(12)13)6-10(2,3)4/h8H,5-6H2,1-4H3/t8-/m0/s1","1S/C9H17NO4/c1-7(11)14-8(5-9(12)13)6-10(2,3)4",C9H17NO4,400.13,32768,0.01554,7.4,298,,,/reboxitory/2023/12/GISSMO/bmse000142/simulation_1/B0s/sim_600MHz.csv,True
bmse000143,simulation_1,5-Acetylamido-2-chloroaniline,"InChI=1S/C8H9ClN2O/c1-5(12)11-6-2-3-7(9)8(10)4-6/h2-4H,10H2,1H3,(H,11,12)",1S/C8H9ClN2O/c1-5(12)11-6-2-3-7(9)8(10)4-6,C8H9ClN2O,400.13,32768,0.01636,7.4,298,,,/reboxitory/2023/12/GISSMO/bmse000143/simulation_1/B0s/sim_600MHz.csv,True
bmse000144,simulation_1,Dihydroxyacetone,"InChI=1S/C3H6O3/c4-1-3(6)2-5/h4-5H,1-2H2",1S/C3H6O3/c4-1-3(6)2-5,C3H6O3,400.13,32768,0.00314,7.4,298,,,/reboxitory/2023/12/GISSMO/bmse000144/simulation_1/B0s/sim_600MHz.csv,True
bmse000145,simulation_1,N-acetyl-L-glutamine,"InChI=1S/C7H12N2O4/c1-4(10)9-5(7(12)13)2-3-6(8)11/h5H,2-3H2,1H3,(H2,8,11)(H,9,10)(H,12,13)",1S/C7H12N2O4/c1-4(10)9-5(7(12)13)2-3-6(8)11,C7H12N2O4,499.84,32768,0.01252,7.4,298,,,/reboxitory/2023/12/GISSMO/bmse000145/simulation_1/B0s/sim_600MHz.csv,True
bmse000146,simulation_1,ADA,"InChI=1S/C6H10N2O5/c7-4(9)1-8(2-5(10)11)3-6(12)13/h1-3H2,(H2,7,9)(H,10,11)(H,12,13)",1S/C6H10N2O5/c7-4(9)1-8(2-5(10)11)3-6(12)13,C6H10N2O5,400.13,32768,0.00402,7.4,298,,,/reboxitory/2023/12/GISSMO/bmse000146/simulation_1/B0s/sim_600MHz.csv,True
bmse000147,simulation_1,4-Aminoantipyrine,"InChI=1S/C11H13N3O/c1-8-10(12)11(15)14(13(8)2)9-6-4-3-5-7-9/h3-7H,12H2,1-2H3",1S/C11H13N3O/c1-8-10(12)11(15)14(13(8)2)9-6-4-3-5-7-9,C11H13N3O,400.13,32768,0.01193,7.4,298,,,/reboxitory/2023/12/GISSMO/bmse000147/simulation_1/B0s/sim_600MHz.csv,True
bmse000150,simulation_1,4-Hydroxycinnamic-acid,"InChI=1S/C9H8O3/c10-8-4-1-7(2-5-8)3-6-9(11)12/h1-6,10H,(H,11,12)/b6-3+",1S/C9H8O3/c10-8-4-1-7(2-5-8)3-6-9(11)12,C9H8O3,400.13,32768,0.01145,7.4,298,,,/reboxitory/2023/12/GISSMO/bmse000150/simulation_1/B0s/sim_600MHz.csv,True
bmse000152,simulation_1,Trigonelline,"InChI=1S/C7H7NO2/c1-8-4-2-3-6(5-8)7(9)10/h2-5H,1H3",1S/C7H7NO2/c1-8-4-2-3-6(5-8)7(9)10,C7H7NO2,400.13,32768,0.00562,7.4,298,,,/reboxitory/2023/12/GISSMO/bmse000152/simulation_1/B0s/sim_600MHz.csv,True
bmse000153,simulation_1,L-methionine-methylsulfonium-iodide,"InChI=1S/C6H13NO2S.HI/c1-10(2)4-3-5(7)6(8)9;/h5H,3-4,7H2,1-2H3;1H/t5-;/m0./s1",1S/C6H13NO2S.HI/c1-10(2)4-3-5(7)6(8)9;,C6H13NO2S.HI,400.13,32768,0.01632,7.4,298,,,/reboxitory/2023/12/GISSMO/bmse000153/simulation_1/B0s/sim_600MHz.csv,True
bmse000154,simulation_1,4-2-Aminoethyl-morpholine,InChI=1S/C6H14N2O/c7-1-2-8-3-5-9-6-4-8/h1-7H2,1S/C6H14N2O/c7-1-2-8-3-5-9-6-4-8,C6H14N2O,400.13,32768,0.01789,7.4,298,,,/reboxitory/2023/12/GISSMO/bmse000154/simulation_1/B0s/sim_600MHz.csv,True
bmse000155,simulation_1,Creatinine,"InChI=1S/C4H7N3O/c1-7-2-3(8)6-4(7)5/h2H2,1H3,(H2,5,6,8)",1S/C4H7N3O/c1-7-2-3(8)6-4(7)5,C4H7N3O,499.84,32768,0.01304,7.4,298,,,/reboxitory/2023/12/GISSMO/bmse000155/simulation_1/B0s/sim_600MHz.csv,True
bmse000156,simulation_1,Trimethyl phosphonoacetate,"InChI=1S/C5H11O5P/c1-8-5(6)4-11(7,9-2)10-3/h4H2,1-3H3","1S/C5H11O5P/c1-8-5(6)4-11(7,9-2)10-3",C5H11O5P,400.13,32768,0.00812,,,,,/reboxitory/2023/12/GISSMO/bmse000156/simulation_1/B0s/sim_600MHz.csv,True
bmse000157,simulation_1,N-acetyl-L-alanine,"InChI=1S/C5H9NO3/c1-3(5(8)9)6-4(2)7/h3H,1-2H3,(H,6,7)(H,8,9)/t3-/m0/s1",1S/C5H9NO3/c1-3(5(8)9)6-4(2)7,C5H9NO3,400.13,32768,0.01476,7.4,298,,,/reboxitory/2023/12/GISSMO/bmse000157/simulation_1/B0s/sim_600MHz.csv,True
bmse000158,simulation_1,Uridine,"InChI=1S/C9H12N2O6/c12-3-4-6(14)7(15)8(17-4)11-2-1-5(13)10-9(11)16/h1-2,4,6-8,12,14-15H,3H2,(H,10,13,16)/t4-,6-,7-,8-/m1/s1",1S/C9H12N2O6/c12-3-4-6(14)7(15)8(17-4)11-2-1-5(13)10-9(11)16,C9H12N2O6,499.84,32768,0.00649,7.4,298,,,/reboxitory/2023/12/GISSMO/bmse000158/simulation_1/B0s/sim_600MHz.csv,True
bmse000159,simulation_1,Beta-alanine,"InChI=1S/C3H7NO2/c4-2-1-3(5)6/h1-2,4H2,(H,5,6)",1S/C3H7NO2/c4-2-1-3(5)6,C3H7NO2,499.84,32768,0.00562,7.4,298,,,/reboxitory/2023/12/GISSMO/bmse000159/simulation_1/B0s/sim_600MHz.csv,True
bmse000160,simulation_1,Sarcosine,"InChI=1S/C3H7NO2/c1-4-2-3(5)6/h4H,2H2,1H3,(H,5,6)",1S/C3H7NO2/c1-4-2-3(5)6,C3H7NO2,400.13,32768,0.00426,7.4,298,,,/reboxitory/2023/12/GISSMO/bmse000160/simulation_1/B0s/sim_600MHz.csv,True
bmse000161,simulation_1,3-Hydroxybutyrate,"InChI=1S/C4H8O3/c1-3(5)2-4(6)7/h3,5H,2H2,1H3,(H,6,7)",1S/C4H8O3/c1-3(5)2-4(6)7,C4H8O3,499.84,32768,0.00653,7.4,298,,,/reboxitory/2023/12/GISSMO/bmse000161/simulation_1/B0s/sim_600MHz.csv,True
bmse000162,simulation_1,L-ornithine,"InChI=1S/C5H12N2O2/c6-3-1-2-4(7)5(8)9/h4H,1-3,6-7H2,(H,8,9)/t4-/m0/s1",1S/C5H12N2O2/c6-3-1-2-4(7)5(8)9,C5H12N2O2,400.13,32768,0.01571,7.4,298,,,/reboxitory/2023/12/GISSMO/bmse000162/simulation_1/B0s/sim_600MHz.csv,True
bmse000166,simulation_1,D-xylonate-cadmium,"InChI=1S/C5H10O6/c6-1-2(7)3(8)4(9)5(10)11/h2-4,6-9H,1H2,(H,10,11)/t2-,3+,4+/m1/s1",1S/C5H10O6/c6-1-2(7)3(8)4(9)5(10)11,C5H10O6,400.13,32768,0.01694,7.4,298,,,/reboxitory/2023/12/GISSMO/bmse000166/simulation_1/B0s/sim_600MHz.csv,True
bmse000167,simulation_1,L-tartaric-acid,"InChI=1S/C4H6O6/c5-1(3(7)8)2(6)4(9)10/h1-2,5-6H,(H,7,8)(H,9,10)",1S/C4H6O6/c5-1(3(7)8)2(6)4(9)10,C4H6O6,400.13,32768,0.01278,7.4,298,,,/reboxitory/2023/12/GISSMO/bmse000167/simulation_1/B0s/sim_600MHz.csv,True
bmse000168,simulation_1,Acetylcholine,"InChI=1S/C7H16NO2/c1-7(9)10-6-5-8(2,3)4/h5-6H2,1-4H3/q+1","1S/C7H16NO2/c1-7(9)10-6-5-8(2,3)4",C7H16NO2,400.13,32768,0.02091,7.4,298,,,/reboxitory/2023/12/GISSMO/bmse000168/simulation_1/B0s/sim_600MHz.csv,True
bmse000169,simulation_1,L-selenomethionine,"InChI=1S/C5H11NO2Se/c1-9-3-2-4(6)5(7)8/h4H,2-3,6H2,1H3,(H,7,8)/t4-/m0/s1",1S/C5H11NO2Se/c1-9-3-2-4(6)5(7)8,C5H11NO2Se,400.13,32768,0.01443,7.4,298,,,/reboxitory/2023/12/GISSMO/bmse000169/simulation_1/B0s/sim_600MHz.csv,True
bmse000172,simulation_1,L-kynurenine,"InChI=1S/C10H12N2O3/c11-7-4-2-1-3-6(7)9(13)5-8(12)10(14)15/h1-4,8H,5,11-12H2,(H,14,15)/t8-/m0/s1",1S/C10H12N2O3/c11-7-4-2-1-3-6(7)9(13)5-8(12)10(14)15,C10H12N2O3,400.13,32768,0.01257,7.4,298,,,/reboxitory/2023/12/GISSMO/bmse000172/simulation_1/B0s/sim_600MHz.csv,True
bmse000173,simulation_1,4-Hydroxyphenethyl-alcohol,"InChI=1S/C8H10O2/c9-6-5-7-1-3-8(10)4-2-7/h1-4,9-10H,5-6H2",1S/C8H10O2/c9-6-5-7-1-3-8(10)4-2-7,C8H10O2,400.13,32768,0.01502,7.4,298,,,/reboxitory/2023/12/GISSMO/bmse000173/simulation_1/B0s/sim_600MHz.csv,True
bmse000174,simulation_1,5-Acetylamino-2-nitrobenzoic-acid,"InChI=1S/C9H8N2O5/c1-5(12)10-6-2-3-8(11(15)16)7(4-6)9(13)14/h2-4H,1H3,(H,10,12)(H,13,14)",1S/C9H8N2O5/c1-5(12)10-6-2-3-8(11(15)16)7(4-6)9(13)14,C9H8N2O5,400.13,32768,0.00902,7.4,298,,,/reboxitory/2023/12/GISSMO/bmse000174/simulation_1/B0s/sim_600MHz.csv,True
bmse000175,simulation_1,Inosine-5-monophosphate,"InChI=1S/C10H13N4O8P/c15-6-4(1-21-23(18,19)20)22-10(7(6)16)14-3-13-5-8(14)11-2-12-9(5)17/h2-4,6-7,10,15-16H,1H2,(H,11,12,17)(H2,18,19,20)/t4-,6-,7-,10-/m1/s1","1S/C10H13N4O8P/c15-6-4(1-21-23(18,19)20)22-10(7(6)16)14-3-13-5-8(14)11-2-12-9(5)17",C10H13N4O8P,400.13,32768,0.02691,7.4,298,,,/reboxitory/2023/12/GISSMO/bmse000175/simulation_1/B0s/sim_600MHz.csv,True
bmse000176,simulation_1,"2-Amino-5-ethyl-1,3,4-thiadiazole","InChI=1S/C4H7N3S/c1-2-3-6-7-4(5)8-3/h2H2,1H3,(H2,5,7)",1S/C4H7N3S/c1-2-3-6-7-4(5)8-3,C4H7N3S,400.13,32768,0.02072,7.4,298,,,/reboxitory/2023/12/GISSMO/bmse000176/simulation_1/B0s/sim_600MHz.csv,True
bmse000177,simulation_1,Indole-3-acetic-acid,"InChI=1S/C10H9NO2/c12-10(13)5-7-6-11-9-4-2-1-3-8(7)9/h1-4,6,11H,5H2,(H,12,13)",1S/C10H9NO2/c12-10(13)5-7-6-11-9-4-2-1-3-8(7)9,C10H9NO2,400.13,32768,0.01586,7.4,298,,,/reboxitory/2023/12/GISSMO/bmse000177/simulation_1/B0s/sim_600MHz.csv,True
bmse000178,simulation_1,Alpha-naphthoic-acid,"InChI=1S/C11H8O2/c12-11(13)10-7-3-5-8-4-1-2-6-9(8)10/h1-7H,(H,12,13)",1S/C11H8O2/c12-11(13)10-7-3-5-8-4-1-2-6-9(8)10,C11H8O2,400.13,32768,0.01899,7.4,298,,,/reboxitory/2023/12/GISSMO/bmse000178/simulation_1/B0s/sim_600MHz.csv,True
bmse000179,simulation_1,Propionic-acid,"InChI=1S/C3H6O2/c1-2-3(4)5/h2H2,1H3,(H,4,5)",1S/C3H6O2/c1-2-3(4)5,C3H6O2,400.13,32768,0.01507,7.4,298,,,/reboxitory/2023/12/GISSMO/bmse000179/simulation_1/B0s/sim_600MHz.csv,True
bmse000180,simulation_1,Cytosine,"InChI=1S/C4H5N3O/c5-3-1-2-6-4(8)7-3/h1-2H,(H3,5,6,7,8)",1S/C4H5N3O/c5-3-1-2-6-4(8)7-3,C4H5N3O,400.13,32768,0.01002,7.4,298,,,/reboxitory/2023/12/GISSMO/bmse000180/simulation_1/B0s/sim_600MHz.csv,True
bmse000182,simulation_1,L-ascorbate,"InChI=1S/C6H8O6/c7-1-2(8)5-3(9)4(10)6(11)12-5/h2,5,7-8,10-11H,1H2/t2-,5+/m0/s1",1S/C6H8O6/c7-1-2(8)5-3(9)4(10)6(11)12-5,C6H8O6,400.13,32768,0.01232,7.4,298,,,/reboxitory/2023/12/GISSMO/bmse000182/simulation_1/B0s/sim_600MHz.csv,True
bmse000183,simulation_1,Succinic-acid,"InChI=1S/C4H6O4/c5-3(6)1-2-4(7)8/h1-2H2,(H,5,6)(H,7,8)",1S/C4H6O4/c5-3(6)1-2-4(7)8,C4H6O4,499.84,32768,0.01078,7.4,298,,,/reboxitory/2023/12/GISSMO/bmse000183/simulation_1/B0s/sim_600MHz.csv,True
bmse000184,simulation_1,Glycerol,"InChI=1S/C3H8O3/c4-1-3(6)2-5/h3-6H,1-2H2",1S/C3H8O3/c4-1-3(6)2-5,C3H8O3,499.84,32768,0.01133,7.4,298,,,/reboxitory/2023/12/GISSMO/bmse000184/simulation_1/B0s/sim_600MHz.csv,True
bmse000185,simulation_1,L-Glutathione reduced,"InChI=1S/C10H17N3O6S/c11-5(10(18)19)1-2-7(14)13-6(4-20)9(17)12-3-8(15)16/h5-6,20H,1-4,11H2,(H,12,17)(H,13,14)(H,15,16)(H,18,19)/t5-,6-/m0/s1",1S/C10H17N3O6S/c11-5(10(18)19)1-2-7(14)13-6(4-20)9(17)12-3-8(15)16,C10H17N3O6S,499.84,32768,0.01986,7.4,298,,,/reboxitory/2023/12/GISSMO/bmse000185/simulation_1/B0s/sim_600MHz.csv,True
bmse000187,simulation_1,Uracil,"InChI=1S/C4H4N2O2/c7-3-1-2-5-4(8)6-3/h1-2H,(H2,5,6,7,8)",1S/C4H4N2O2/c7-3-1-2-5-4(8)6-3,C4H4N2O2,499.84,32768,0.01065,7.4,298,,,/reboxitory/2023/12/GISSMO/bmse000187/simulation_1/B0s/sim_600MHz.csv,True
bmse000190,simulation_1,Cytidine,"InChI=1S/C9H13N3O5/c10-5-1-2-12(9(16)11-5)8-7(15)6(14)4(3-13)17-8/h1-2,4,6-8,13-15H,3H2,(H2,10,11,16)/t4-,6-,7-,8-/m1/s1",1S/C9H13N3O5/c10-5-1-2-12(9(16)11-5)8-7(15)6(14)4(3-13)17-8,C9H13N3O5,499.84,32768,0.00737,7.4,298,,,/reboxitory/2023/12/GISSMO/bmse000190/simulation_1/B0s/sim_600MHz.csv,True
bmse000191,simulation_1,Acetic-acid,"InChI=1S/C2H4O2/c1-2(3)4/h1H3,(H,3,4)",1S/C2H4O2/c1-2(3)4,C2H4O2,400.13,32768,0.00796,7.4,298,,,/reboxitory/2023/12/GISSMO/bmse000191/simulation_1/B0s/sim_600MHz.csv,True
bmse000193,simulation_1,DL-alpha-glycerol-phosphate,"InChI=1S/C3H9O6P/c4-1-3(5)2-9-10(6,7)8/h3-5H,1-2H2,(H2,6,7,8)/t3-/m0/s1","1S/C3H9O6P/c4-1-3(5)2-9-10(6,7)8",C3H9O6P,400.13,32768,0.01098,7.4,298,,,/reboxitory/2023/12/GISSMO/bmse000193/simulation_1/B0s/sim_600MHz.csv,True
bmse000195,simulation_1,N-alpha-acetyl-DL-ornithine,"InChI=1S/C7H14N2O3/c1-5(10)9-6(7(11)12)3-2-4-8/h6H,2-4,8H2,1H3,(H,9,10)(H,11,12)/t6-/m0/s1",1S/C7H14N2O3/c1-5(10)9-6(7(11)12)3-2-4-8,C7H14N2O3,400.13,32768,0.00678,7.4,298,,,/reboxitory/2023/12/GISSMO/bmse000195/simulation_1/B0s/sim_600MHz.csv,True
bmse000199,simulation_1,Citraconic-acid,"InChI=1S/C5H6O4/c1-3(5(8)9)2-4(6)7/h2H,1H3,(H,6,7)(H,8,9)/b3-2-",1S/C5H6O4/c1-3(5(8)9)2-4(6)7,C5H6O4,400.13,32768,0.00602,7.4,298,,,/reboxitory/2023/12/GISSMO/bmse000199/simulation_1/B0s/sim_600MHz.csv,True
bmse000200,simulation_1,Homogentisic-acid,"InChI=1S/C8H8O4/c9-6-1-2-7(10)5(3-6)4-8(11)12/h1-3,9-10H,4H2,(H,11,12)",1S/C8H8O4/c9-6-1-2-7(10)5(3-6)4-8(11)12,C8H8O4,400.13,32768,0.01043,7.4,298,,,/reboxitory/2023/12/GISSMO/bmse000200/simulation_1/B0s/sim_600MHz.csv,True
bmse000202,simulation_1,HEPES,"InChI=1S/C8H18N2O4S/c11-7-5-9-1-3-10(4-2-9)6-8-15(12,13)14/h11H,1-8H2,(H,12,13,14)","1S/C8H18N2O4S/c11-7-5-9-1-3-10(4-2-9)6-8-15(12,13)14",C8H18N2O4S,499.84,32768,0.07981,7.4,298,,,/reboxitory/2023/12/GISSMO/bmse000202/simulation_1/B0s/sim_600MHz.csv,True
bmse000203,simulation_1,Formate,"InChI=1S/CH2O2/c2-1-3/h1H,(H,2,3)",1S/CH2O2/c2-1-3,CH2O2,400.13,32768,0.00677,7.4,298,,,/reboxitory/2023/12/GISSMO/bmse000203/simulation_1/B0s/sim_600MHz.csv,True
bmse000206,simulation_1,Caffeine,"InChI=1S/C8H10N4O2/c1-10-4-9-6-5(10)7(13)12(3)8(14)11(6)2/h4H,1-3H3",1S/C8H10N4O2/c1-10-4-9-6-5(10)7(13)12(3)8(14)11(6)2,C8H10N4O2,400.13,32768,0.01212,7.4,298,,,/reboxitory/2023/12/GISSMO/bmse000206/simulation_1/B0s/sim_600MHz.csv,True
bmse000207,simulation_1,Tryptamine,"InChI=1S/C10H12N2/c11-6-5-8-7-12-10-4-2-1-3-9(8)10/h1-4,7,12H,5-6,11H2",1S/C10H12N2/c11-6-5-8-7-12-10-4-2-1-3-9(8)10,C10H12N2,400.13,32768,0.02010,7.4,298,,,/reboxitory/2023/12/GISSMO/bmse000207/simulation_1/B0s/sim_600MHz.csv,True
bmse000208,simulation_1,L-lactic-acid,"InChI=1S/C3H6O3/c1-2(4)3(5)6/h2,4H,1H3,(H,5,6)/t2-/m0/s1",1S/C3H6O3/c1-2(4)3(5)6,C3H6O3,499.84,32768,0.00736,7.4,298,,,/reboxitory/2023/12/GISSMO/bmse000208/simulation_1/B0s/sim_600MHz.csv,True
bmse000209,simulation_1,D-Citrulline,"InChI=1S/C6H13N3O3/c7-4(5(10)11)2-1-3-9-6(8)12/h4H,1-3,7H2,(H,10,11)(H3,8,9,12)/t4-/m0/s1",1S/C6H13N3O3/c7-4(5(10)11)2-1-3-9-6(8)12,C6H13N3O3,400.13,32768,0.02761,7.4,298,,,/reboxitory/2023/12/GISSMO/bmse000209/simulation_1/B0s/sim_600MHz.csv,True
bmse000209,simulation_2,D-Citrulline,"InChI=1S/C6H13N3O3/c7-4(5(10)11)2-1-3-9-6(8)12/h4H,1-3,7H2,(H,10,11)(H3,8,9,12)/t4-/m0/s1",1S/C6H13N3O3/c7-4(5(10)11)2-1-3-9-6(8)12,C6H13N3O3,899.75,32768,0.03847,7.4,298,,,/reboxitory/2023/12/GISSMO/bmse000209/simulation_2/B0s/sim_600MHz.csv,True
bmse000211,simulation_1,L-carnitine,"InChI=1S/C7H15NO3/c1-8(2,3)5-6(9)4-7(10)11/h6,9H,4-5H2,1-3H3/t6-/m1/s1","1S/C7H15NO3/c1-8(2,3)5-6(9)4-7(10)11",C7H15NO3,400.13,32768,0.02189,7.4,298,,,/reboxitory/2023/12/GISSMO/bmse000211/simulation_1/B0s/sim_600MHz.csv,True
bmse000212,simulation_1,Maleic-acid,"InChI=1S/C4H4O4/c5-3(6)1-2-4(7)8/h1-2H,(H,5,6)(H,7,8)/b2-1-",1S/C4H4O4/c5-3(6)1-2-4(7)8,C4H4O4,400.13,32768,0.00982,7.4,298,,,/reboxitory/2023/12/GISSMO/bmse000212/simulation_1/B0s/sim_600MHz.csv,True
bmse000220,simulation_1,Phenylacetic-acid,"InChI=1S/C8H8O2/c9-8(10)6-7-4-2-1-3-5-7/h1-5H,6H2,(H,9,10)",1S/C8H8O2/c9-8(10)6-7-4-2-1-3-5-7,C8H8O2,400.13,32768,0.01362,7.4,298,,,/reboxitory/2023/12/GISSMO/bmse000220/simulation_1/B0s/sim_600MHz.csv,True
bmse000222,simulation_1,DL-serine,"InChI=1S/C3H7NO3/c4-2(1-5)3(6)7/h2,5H,1,4H2,(H,6,7)/t2-/m0/s1",1S/C3H7NO3/c4-2(1-5)3(6)7,C3H7NO3,400.13,32768,0.00718,7.4,298,,,/reboxitory/2023/12/GISSMO/bmse000222/simulation_1/B0s/sim_600MHz.csv,True
bmse000223,simulation_1,4-Nitrophenol,"InChI=1S/C6H5NO3/c8-6-3-1-5(2-4-6)7(9)10/h1-4,8H",1S/C6H5NO3/c8-6-3-1-5(2-4-6)7(9)10,C6H5NO3,400.13,32768,0.02111,7.4,298,,,/reboxitory/2023/12/GISSMO/bmse000223/simulation_1/B0s/sim_600MHz.csv,True
bmse000224,simulation_1,Trimethylamine,InChI=1S/C3H9N/c1-4(2)3/h1-3H3,1S/C3H9N/c1-4(2)3,C3H9N,400.13,32768,0.00236,7.4,298,,,/reboxitory/2023/12/GISSMO/bmse000224/simulation_1/B0s/sim_600MHz.csv,True
bmse000225,simulation_1,D-L-glyceraldehyde,"InChI=1S/C3H6O3/c4-1-3(6)2-5/h1,3,5-6H,2H2/t3-/m1/s1",1S/C3H6O3/c4-1-3(6)2-5,C3H6O3,400.13,32768,0.01985,7.4,298,,,/reboxitory/2023/12/GISSMO/bmse000225/simulation_1/B0s/sim_600MHz.csv,True
bmse000227,simulation_1,Biotin,"InChI=1S/C10H16N2O3S/c13-8(14)4-2-1-3-7-9-6(5-16-7)11-10(15)12-9/h6-7,9H,1-5H2,(H,13,14)(H2,11,12,15)/t6-,7-,9-/m0/s1",1S/C10H16N2O3S/c13-8(14)4-2-1-3-7-9-6(5-16-7)11-10(15)12-9,C10H16N2O3S,600.13,32768,0.01918,7.4,298,,,/reboxitory/2023/12/GISSMO/bmse000227/simulation_1/B0s/sim_600MHz.csv,True
bmse000230,simulation_1,D-glucono-1-5-lactone,"InChI=1S/C6H10O6/c7-1-2-3(8)4(9)5(10)6(11)12-2/h2-5,7-10H,1H2/t2-,3-,4+,5-/m1/s1",1S/C6H10O6/c7-1-2-3(8)4(9)5(10)6(11)12-2,C6H10O6,400.13,32768,0.01396,7.4,298,,,/reboxitory/2023/12/GISSMO/bmse000230/simulation_1/B0s/sim_600MHz.csv,True
bmse000236,simulation_1,D-alanine,"InChI=1S/C3H7NO2/c1-2(4)3(5)6/h2H,4H2,1H3,(H,5,6)/t2-/m1/s1",1S/C3H7NO2/c1-2(4)3(5)6,C3H7NO2,400.13,32768,0.00726,7.4,298,,,/reboxitory/2023/12/GISSMO/bmse000236/simulation_1/B0s/sim_600MHz.csv,True
bmse000238,simulation_1,L-malic-acid,"InChI=1S/C4H6O5/c5-2(4(8)9)1-3(6)7/h2,5H,1H2,(H,6,7)(H,8,9)/t2-/m0/s1",1S/C4H6O5/c5-2(4(8)9)1-3(6)7,C4H6O5,400.13,32768,0.01120,7.4,298,,,/reboxitory/2023/12/GISSMO/bmse000238/simulation_1/B0s/sim_600MHz.csv,True
bmse000239,simulation_1,D-saccharate,"InChI=1S/C6H10O8/c7-1(3(9)5(11)12)2(8)4(10)6(13)14/h1-4,7-10H,(H,11,12)(H,13,14)/t1-,2-,3-,4+/m0/s1",1S/C6H10O8/c7-1(3(9)5(11)12)2(8)4(10)6(13)14,C6H10O8,400.13,32768,0.01557,7.4,298,,,/reboxitory/2023/12/GISSMO/bmse000239/simulation_1/B0s/sim_600MHz.csv,True
bmse000241,simulation_1,N-N-dimethylglycine,"InChI=1S/C4H9NO2/c1-5(2)3-4(6)7/h3H2,1-2H3,(H,6,7)",1S/C4H9NO2/c1-5(2)3-4(6)7,C4H9NO2,400.13,32768,0.00207,7.4,298,,,/reboxitory/2023/12/GISSMO/bmse000241/simulation_1/B0s/sim_600MHz.csv,True
bmse000242,simulation_1,Isethionic-acid,"InChI=1S/C2H6O4S/c3-1-2-7(4,5)6/h3H,1-2H2,(H,4,5,6)","1S/C2H6O4S/c3-1-2-7(4,5)6",C2H6O4S,400.13,32768,0.01077,7.4,298,,,/reboxitory/2023/12/GISSMO/bmse000242/simulation_1/B0s/sim_600MHz.csv,True
bmse000243,simulation_1,Tyramine,"InChI=1S/C8H11NO/c9-6-5-7-1-3-8(10)4-2-7/h1-4,10H,5-6,9H2",1S/C8H11NO/c9-6-5-7-1-3-8(10)4-2-7,C8H11NO,499.84,32768,0.00628,7.4,298,,,/reboxitory/2023/12/GISSMO/bmse000243/simulation_1/B0s/sim_600MHz.csv,True
bmse000244,simulation_1,Thymidine,"InChI=1S/C10H14N2O5/c1-5-3-12(10(16)11-9(5)15)8-2-6(14)7(4-13)17-8/h3,6-8,13-14H,2,4H2,1H3,(H,11,15,16)/t6-,7+,8+/m0/s1",1S/C10H14N2O5/c1-5-3-12(10(16)11-9(5)15)8-2-6(14)7(4-13)17-8,C10H14N2O5,400.13,32768,0.01561,7.4,298,,,/reboxitory/2023/12/GISSMO/bmse000244/simulation_1/B0s/sim_600MHz.csv,True
bmse000245,simulation_1,Glycolate,"InChI=1S/C2H4O3/c3-1-2(4)5/h3H,1H2,(H,4,5)",1S/C2H4O3/c3-1-2(4)5,C2H4O3,400.13,32768,0.00978,7.4,298,,,/reboxitory/2023/12/GISSMO/bmse000245/simulation_1/B0s/sim_600MHz.csv,True
bmse000246,simulation_1,L-carnosine,"InChI=1S/C9H14N4O3/c10-2-1-8(14)13-7(9(15)16)3-6-4-11-5-12-6/h4-5,7H,1-3,10H2,(H,11,12)(H,13,14)(H,15,16)/t7-/m0/s1",1S/C9H14N4O3/c10-2-1-8(14)13-7(9(15)16)3-6-4-11-5-12-6,C9H14N4O3,400.13,32768,0.01994,7.4,298,,,/reboxitory/2023/12/GISSMO/bmse000246/simulation_1/B0s/sim_600MHz.csv,True
bmse000248,simulation_1,1-3-Dimethylurea,"InChI=1S/C3H8N2O/c1-4-3(6)5-2/h1-2H3,(H2,4,5,6)",1S/C3H8N2O/c1-4-3(6)5-2,C3H8N2O,400.13,32768,0.00863,7.4,298,,,/reboxitory/2023/12/GISSMO/bmse000248/simulation_1/B0s/sim_600MHz.csv,True
bmse000249,simulation_1,Methyl-4-aminobutyrate,"InChI=1S/C5H11NO2/c1-8-5(7)3-2-4-6/h2-4,6H2,1H3",1S/C5H11NO2/c1-8-5(7)3-2-4-6,C5H11NO2,400.13,32768,0.01294,7.4,298,,,/reboxitory/2023/12/GISSMO/bmse000249/simulation_1/B0s/sim_600MHz.csv,True
bmse000252,simulation_1,Salicylate,"InChI=1S/C7H6O3/c8-6-4-2-1-3-5(6)7(9)10/h1-4,8H,(H,9,10)",1S/C7H6O3/c8-6-4-2-1-3-5(6)7(9)10,C7H6O3,400.13,32768,0.01443,7.4,298,,,/reboxitory/2023/12/GISSMO/bmse000252/simulation_1/B0s/sim_600MHz.csv,True
bmse000258,simulation_1,Glycolaldehyde,"InChI=1S/C2H4O2/c3-1-2-4/h1,4H,2H2",1S/C2H4O2/c3-1-2-4,C2H4O2,400.13,32768,0.00886,7.4,298,,,/reboxitory/2023/12/GISSMO/bmse000258/simulation_1/B0s/sim_600MHz.csv,True
bmse000259,simulation_1,4-Hydroxybenzaldehyde,"InChI=1S/C7H6O2/c8-5-6-1-3-7(9)4-2-6/h1-5,9H",1S/C7H6O2/c8-5-6-1-3-7(9)4-2-6,C7H6O2,400.13,32768,0.01065,7.4,298,,,/reboxitory/2023/12/GISSMO/bmse000259/simulation_1/B0s/sim_600MHz.csv,True
bmse000262,simulation_1,3-4-Hydroxyphenyl-pyruvate,"InChI=1S/C9H8O4/c10-7-3-1-6(2-4-7)5-8(11)9(12)13/h1-4,10H,5H2,(H,12,13)",1S/C9H8O4/c10-7-3-1-6(2-4-7)5-8(11)9(12)13,C9H8O4,400.13,32768,0.18191,7.4,298,,,/reboxitory/2023/12/GISSMO/bmse000262/simulation_1/B0s/sim_600MHz.csv,True
bmse000264,simulation_1,4-Nitrophenyl-phosphate,"InChI=1S/C6H6NO6P/c8-7(9)5-1-3-6(4-2-5)13-14(10,11)12/h1-4H,(H2,10,11,12)","1S/C6H6NO6P/c8-7(9)5-1-3-6(4-2-5)13-14(10,11)12",C6H6NO6P,400.13,32768,0.01534,7.4,298,,,/reboxitory/2023/12/GISSMO/bmse000264/simulation_1/B0s/sim_600MHz.csv,True
bmse000265,simulation_1,4-Nitrocatechol,"InChI=1S/C6H5NO4/c8-5-2-1-4(7(10)11)3-6(5)9/h1-3,8-9H",1S/C6H5NO4/c8-5-2-1-4(7(10)11)3-6(5)9,C6H5NO4,400.13,32768,0.01443,7.4,298,,,/reboxitory/2023/12/GISSMO/bmse000265/simulation_1/B0s/sim_600MHz.csv,True
bmse000267,simulation_1,Formamide,"InChI=1S/CH3NO/c2-1-3/h1H,(H2,2,3)",1S/CH3NO/c2-1-3,CH3NO,400.13,32768,0.01009,7.4,298,,,/reboxitory/2023/12/GISSMO/bmse000267/simulation_1/B0s/sim_600MHz.csv,True
bmse000269,simulation_1,R-Lactate,"InChI=1S/C3H6O3/c1-2(4)3(5)6/h2,4H,1H3,(H,5,6)/t2-/m1/s1",1S/C3H6O3/c1-2(4)3(5)6,C3H6O3,400.13,32768,0.00805,7.4,298,,,/reboxitory/2023/12/GISSMO/bmse000269/simulation_1/B0s/sim_600MHz.csv,True
bmse000270,simulation_1,GDP,"InChI=1S/C10H15N5O11P2/c11-10-13-7-4(8(18)14-10)12-2-15(7)9-6(17)5(16)3(25-9)1-24-28(22,23)26-27(19,20)21/h2-3,5-6,9,16-17H,1H2,(H,22,23)(H2,19,20,21)(H3,11,13,14,18)/t3-,5-,6-,9-/m1/s1","1S/C10H15N5O11P2/c11-10-13-7-4(8(18)14-10)12-2-15(7)9-6(17)5(16)3(25-9)1-24-28(22,23)26-27(19,20)21",C10H15N5O11P2,400.13,32768,0.03181,7.4,298,,,/reboxitory/2023/12/GISSMO/bmse000270/simulation_1/B0s/sim_600MHz.csv,True
bmse000273,simulation_1,D-Aspartate,"InChI=1S/C4H7NO4/c5-2(4(8)9)1-3(6)7/h2H,1,5H2,(H,6,7)(H,8,9)/t2-/m1/s1",1S/C4H7NO4/c5-2(4(8)9)1-3(6)7,C4H7NO4,400.13,32768,0.02072,7.4,298,,,/reboxitory/2023/12/GISSMO/bmse000273/simulation_1/B0s/sim_600MHz.csv,True
bmse000274,simulation_1,Thiamin,"InChI=1S/C12H17N4OS/c1-8-11(3-4-17)18-7-16(8)6-10-5-14-9(2)15-12(10)13/h5,7,17H,3-4,6H2,1-2H3,(H2,13,14,15)/q+1",1S/C12H17N4OS/c1-8-11(3-4-17)18-7-16(8)6-10-5-14-9(2)15-12(10)13,C12H17N4OS,400.13,32768,0.07637,7.4,298,,,/reboxitory/2023/12/GISSMO/bmse000274/simulation_1/B0s/sim_600MHz.csv,True
bmse000276,simulation_1,Ethanolamine,"InChI=1S/C2H7NO/c3-1-2-4/h4H,1-3H2",1S/C2H7NO/c3-1-2-4,C2H7NO,499.84,32768,0.01814,7.4,298,,,/reboxitory/2023/12/GISSMO/bmse000276/simulation_1/B0s/sim_600MHz.csv,True
bmse000279,simulation_1,Urocanate,"InChI=1S/C6H6N2O2/c9-6(10)2-1-5-3-7-4-8-5/h1-4H,(H,7,8)(H,9,10)/b2-1+",1S/C6H6N2O2/c9-6(10)2-1-5-3-7-4-8-5,C6H6N2O2,400.13,32768,0.02810,7.4,298,,,/reboxitory/2023/12/GISSMO/bmse000279/simulation_1/B0s/sim_600MHz.csv,True
bmse000280,simulation_1,UMP,"InChI=1S/C9H13N2O9P/c12-5-1-2-11(9(15)10-5)8-7(14)6(13)4(20-8)3-19-21(16,17)18/h1-2,4,6-8,13-14H,3H2,(H,10,12,15)(H2,16,17,18)/t4-,6-,7-,8-/m1/s1","1S/C9H13N2O9P/c12-5-1-2-11(9(15)10-5)8-7(14)6(13)4(20-8)3-19-21(16,17)18",C9H13N2O9P,400.13,32768,0.01490,7.4,298,,,/reboxitory/2023/12/GISSMO/bmse000280/simulation_1/B0s/sim_600MHz.csv,True
bmse000281,simulation_1,Nicotinamide,"InChI=1S/C6H6N2O/c7-6(9)5-2-1-3-8-4-5/h1-4H,(H2,7,9)",1S/C6H6N2O/c7-6(9)5-2-1-3-8-4-5,C6H6N2O,400.13,32768,0.01182,7.4,298,,,/reboxitory/2023/12/GISSMO/bmse000281/simulation_1/B0s/sim_600MHz.csv,True
bmse000282,simulation_1,DL-Alanine,"InChI=1S/C3H7NO2/c1-2(4)3(5)6/h2H,4H2,1H3,(H,5,6)",1S/C3H7NO2/c1-2(4)3(5)6,C3H7NO2,499.84,32768,0.01447,7.4,298,,,/reboxitory/2023/12/GISSMO/bmse000282/simulation_1/B0s/sim_600MHz.csv,True
bmse000283,simulation_1,Orotate,"InChI=1S/C5H4N2O4/c8-3-1-2(4(9)10)6-5(11)7-3/h1H,(H,9,10)(H2,6,7,8,11)",1S/C5H4N2O4/c8-3-1-2(4(9)10)6-5(11)7-3,C5H4N2O4,400.13,32768,0.01298,7.4,298,,,/reboxitory/2023/12/GISSMO/bmse000283/simulation_1/B0s/sim_600MHz.csv,True
bmse000284,simulation_1,Benzonitrile,InChI=1S/C7H5N/c8-6-7-4-2-1-3-5-7/h1-5H,1S/C7H5N/c8-6-7-4-2-1-3-5-7,C7H5N,400.13,32768,0.01415,7.4,298,,,/reboxitory/2023/12/GISSMO/bmse000284/simulation_1/B0s/sim_600MHz.csv,True
bmse000285,simulation_1,Choline,"InChI=1S/C5H14NO/c1-6(2,3)4-5-7/h7H,4-5H2,1-3H3/q+1","1S/C5H14NO/c1-6(2,3)4-5-7",C5H14NO,499.84,32768,0.02577,7.4,298,,,/reboxitory/2023/12/GISSMO/bmse000285/simulation_1/B0s/sim_600MHz.csv,True
bmse000286,simulation_1,Acetophenone,"InChI=1S/C8H8O/c1-7(9)8-5-3-2-4-6-8/h2-6H,1H3",1S/C8H8O/c1-7(9)8-5-3-2-4-6-8,C8H8O,400.13,32768,0.01295,7.4,298,,,/reboxitory/2023/12/GISSMO/bmse000286/simulation_1/B0s/sim_600MHz.csv,True
bmse000287,simulation_1,Pantothenate,"InChI=1S/C9H17NO5/c1-9(2,5-11)7(14)8(15)10-4-3-6(12)13/h7,11,14H,3-5H2,1-2H3,(H,10,15)(H,12,13)/t7-/m0/s1","1S/C9H17NO5/c1-9(2,5-11)7(14)8(15)10-4-3-6(12)13",C9H17NO5,400.13,32768,0.01005,7.4,298,,,/reboxitory/2023/12/GISSMO/bmse000287/simulation_1/B0s/sim_600MHz.csv,True
bmse000288,simulation_1,Pyridoxine,"InChI=1S/C8H11NO3/c1-5-8(12)7(4-11)6(3-10)2-9-5/h2,10-12H,3-4H2,1H3",1S/C8H11NO3/c1-5-8(12)7(4-11)6(3-10)2-9-5,C8H11NO3,400.13,32768,0.01200,7.4,298,,,/reboxitory/2023/12/GISSMO/bmse000288/simulation_1/B0s/sim_600MHz.csv,True
bmse000290,simulation_1,Phenol,"InChI=1S/C6H6O/c7-6-4-2-1-3-5-6/h1-5,7H",1S/C6H6O/c7-6-4-2-1-3-5-6,C6H6O,400.13,32768,0.01429,7.4,298,,,/reboxitory/2023/12/GISSMO/bmse000290/simulation_1/B0s/sim_600MHz.csv,True
bmse000291,simulation_1,Selenomethionine,"InChI=1S/C5H11NO2Se/c1-9-3-2-4(6)5(7)8/h4H,2-3,6H2,1H3,(H,7,8)/t4-/m1/s1",1S/C5H11NO2Se/c1-9-3-2-4(6)5(7)8,C5H11NO2Se,400.13,32768,0.00632,7.4,298,,,/reboxitory/2023/12/GISSMO/bmse000291/simulation_1/B0s/sim_600MHz.csv,True
bmse000293,simulation_1,Hydroquinone,"InChI=1S/C6H6O2/c7-5-1-2-6(8)4-3-5/h1-4,7-8H",1S/C6H6O2/c7-5-1-2-6(8)4-3-5,C6H6O2,400.13,32768,0.01338,7.4,298,,,/reboxitory/2023/12/GISSMO/bmse000293/simulation_1/B0s/sim_600MHz.csv,True
bmse000294,simulation_1,Methanol,"InChI=1S/CH4O/c1-2/h2H,1H3",1S/CH4O/c1-2,CH4O,400.13,32768,0.00293,7.4,298,,,/reboxitory/2023/12/GISSMO/bmse000294/simulation_1/B0s/sim_600MHz.csv,True
bmse000297,simulation_1,Ethanol,"InChI=1S/C2H6O/c1-2-3/h3H,2H2,1H3",1S/C2H6O/c1-2-3,C2H6O,400.13,32768,0.00504,7.4,298,,,/reboxitory/2023/12/GISSMO/bmse000297/simulation_1/B0s/sim_600MHz.csv,True
bmse000299,simulation_1,Folate,"InChI=1S/C19H19N7O6/c20-19-25-15-14(17(30)26-19)23-11(8-22-15)7-21-10-3-1-9(2-4-10)16(29)24-12(18(31)32)5-6-13(27)28/h1-4,8,12,21H,5-7H2,(H,24,29)(H,27,28)(H,31,32)(H3,20,22,25,26,30)/t12-/m1/s1",1S/C19H19N7O6/c20-19-25-15-14(17(30)26-19)23-11(8-22-15)7-21-10-3-1-9(2-4-10)16(29)24-12(18(31)32)5-6-13(27)28,C19H19N7O6,400.13,32768,0.05130,7.4,298,,,/reboxitory/2023/12/GISSMO/bmse000299/simulation_1/B0s/sim_600MHz.csv,True
bmse000300,simulation_1,Benzoate,"InChI=1S/C7H6O2/c8-7(9)6-4-2-1-3-5-6/h1-5H,(H,8,9)",1S/C7H6O2/c8-7(9)6-4-2-1-3-5-6,C7H6O2,400.13,32768,0.02013,7.4,298,,,/reboxitory/2023/12/GISSMO/bmse000300/simulation_1/B0s/sim_600MHz.csv,True
bmse000302,simulation_1,1-2-Propanediol,"InChI=1S/C3H8O2/c1-3(5)2-4/h3-5H,2H2,1H3",1S/C3H8O2/c1-3(5)2-4,C3H8O2,499.84,65536,0.01350,7.4,298,,,/reboxitory/2023/12/GISSMO/bmse000302/simulation_1/B0s/sim_600MHz.csv,True
bmse000303,simulation_1,1-3-Propanediol,"InChI=1S/C3H8O2/c4-2-1-3-5/h4-5H,1-3H2",1S/C3H8O2/c4-2-1-3-5,C3H8O2,499.84,65536,0.01403,7.4,298,,,/reboxitory/2023/12/GISSMO/bmse000303/simulation_1/B0s/sim_600MHz.csv,True
bmse000304,simulation_1,"1,4-Benzoquinone",InChI=1S/C6H4O2/c7-5-1-2-6(8)4-3-5/h1-4H,1S/C6H4O2/c7-5-1-2-6(8)4-3-5,C6H4O2,499.84,65536,0.00506,,,,,/reboxitory/2023/12/GISSMO/bmse000304/simulation_1/B0s/sim_600MHz.csv,True
bmse000305,simulation_1,1-Amino-2-propanol,"InChI=1S/C3H9NO/c1-3(5)2-4/h3,5H,2,4H2,1H3",1S/C3H9NO/c1-3(5)2-4,C3H9NO,499.84,65536,0.00993,7.4,298,,,/reboxitory/2023/12/GISSMO/bmse000305/simulation_1/B0s/sim_600MHz.csv,True
bmse000307,simulation_1,2-Amino-1-phenylethanol,"InChI=1S/C8H11NO/c9-6-8(10)7-4-2-1-3-5-7/h1-5,8,10H,6,9H2/t8-/m1/s1",1S/C8H11NO/c9-6-8(10)7-4-2-1-3-5-7,C8H11NO,499.84,65536,0.00807,7.4,298,,,/reboxitory/2023/12/GISSMO/bmse000307/simulation_1/B0s/sim_600MHz.csv,True
bmse000308,simulation_1,2-Aminoethyl-dihydrogen-phosphate,"InChI=1S/C2H8NO4P/c3-1-2-7-8(4,5)6/h1-3H2,(H2,4,5,6)","1S/C2H8NO4P/c3-1-2-7-8(4,5)6",C2H8NO4P,499.84,65536,0.01211,7.4,298,,,/reboxitory/2023/12/GISSMO/bmse000308/simulation_1/B0s/sim_600MHz.csv,True
bmse000309,simulation_1,2-Aminoethylphosphonic-acid,"InChI=1S/C2H8NO3P/c3-1-2-7(4,5)6/h1-3H2,(H2,4,5,6)","1S/C2H8NO3P/c3-1-2-7(4,5)6",C2H8NO3P,499.84,65536,0.01444,7.4,298,,,/reboxitory/2023/12/GISSMO/bmse000309/simulation_1/B0s/sim_600MHz.csv,True
bmse000310,simulation_1,2-Aminophenol,"InChI=1S/C6H7NO/c7-5-3-1-2-4-6(5)8/h1-4,8H,7H2",1S/C6H7NO/c7-5-3-1-2-4-6(5)8,C6H7NO,499.84,65536,0.00726,7.4,298,,,/reboxitory/2023/12/GISSMO/bmse000310/simulation_1/B0s/sim_600MHz.csv,True
bmse000311,simulation_1,Cytidine-5-monophosphate,"InChI=1S/C9H14N3O8P/c10-5-1-2-12(9(15)11-5)8-7(14)6(13)4(20-8)3-19-21(16,17)18/h1-2,4,6-8,13-14H,3H2,(H2,10,11,15)(H2,16,17,18)/t4-,6-,7-,8-/m1/s1","1S/C9H14N3O8P/c10-5-1-2-12(9(15)11-5)8-7(14)6(13)4(20-8)3-19-21(16,17)18",C9H14N3O8P,499.84,65536,0.00905,7.4,298,,,/reboxitory/2023/12/GISSMO/bmse000311/simulation_1/B0s/sim_600MHz.csv,True
bmse000312,simulation_1,6-Aminopenicillanic-acid,"InChI=1S/C8H12N2O3S/c1-8(2)4(7(12)13)10-5(11)3(9)6(10)14-8/h3-4,6H,9H2,1-2H3,(H,12,13)/t3-,4+,6-/m1/s1",1S/C8H12N2O3S/c1-8(2)4(7(12)13)10-5(11)3(9)6(10)14-8,C8H12N2O3S,499.84,65536,0.00780,7.4,298,,,/reboxitory/2023/12/GISSMO/bmse000312/simulation_1/B0s/sim_600MHz.csv,True
bmse000316,simulation_1,Epinephrine,"InChI=1S/C9H13NO3/c1-10-5-9(13)6-2-3-7(11)8(12)4-6/h2-4,9-13H,5H2,1H3/t9-/m0/s1",1S/C9H13NO3/c1-10-5-9(13)6-2-3-7(11)8(12)4-6,C9H13NO3,499.84,65536,0.01486,7.4,298,,,/reboxitory/2023/12/GISSMO/bmse000316/simulation_1/B0s/sim_600MHz.csv,True
bmse000318,simulation_1,Sinapic-acid,"InChI=1S/C11H12O5/c1-15-8-5-7(3-4-10(12)13)6-9(16-2)11(8)14/h3-6,14H,1-2H3,(H,12,13)/b4-3+",1S/C11H12O5/c1-15-8-5-7(3-4-10(12)13)6-9(16-2)11(8)14,C11H12O5,499.84,65536,0.01620,7.4,298,,,/reboxitory/2023/12/GISSMO/bmse000318/simulation_1/B0s/sim_600MHz.csv,True
bmse000319,simulation_1,3-Methyl-2-oxopentanoic-acid,"InChI=1S/C6H10O3/c1-3-4(2)5(7)6(8)9/h4H,3H2,1-2H3,(H,8,9)",1S/C6H10O3/c1-3-4(2)5(7)6(8)9,C6H10O3,499.84,65536,0.01836,7.4,298,,,/reboxitory/2023/12/GISSMO/bmse000319/simulation_1/B0s/sim_600MHz.csv,True
bmse000320,simulation_1,2-Deoxyuridine,"InChI=1S/C9H12N2O5/c12-4-6-5(13)3-8(16-6)11-2-1-7(14)10-9(11)15/h1-2,5-6,8,12-13H,3-4H2,(H,10,14,15)/t5-,6+,8+/m0/s1",1S/C9H12N2O5/c12-4-6-5(13)3-8(16-6)11-2-1-7(14)10-9(11)15,C9H12N2O5,499.84,65536,0.00895,7.4,298,,,/reboxitory/2023/12/GISSMO/bmse000320/simulation_1/B0s/sim_600MHz.csv,True
bmse000321,simulation_1,3-Hydroxyanthranilic-acid,"InChI=1S/C7H7NO3/c8-6-4(7(10)11)2-1-3-5(6)9/h1-3,9H,8H2,(H,10,11)",1S/C7H7NO3/c8-6-4(7(10)11)2-1-3-5(6)9,C7H7NO3,499.84,65536,0.00951,7.4,298,,,/reboxitory/2023/12/GISSMO/bmse000321/simulation_1/B0s/sim_600MHz.csv,True
bmse000322,simulation_1,3-4-Dihydroxy-L-phenylalanine,"InChI=1S/C9H11NO4/c10-6(9(13)14)3-5-1-2-7(11)8(12)4-5/h1-2,4,6,11-12H,3,10H2,(H,13,14)/t6-/m0/s1",1S/C9H11NO4/c10-6(9(13)14)3-5-1-2-7(11)8(12)4-5,C9H11NO4,499.84,65536,0.01065,7.4,298,,,/reboxitory/2023/12/GISSMO/bmse000322/simulation_1/B0s/sim_600MHz.csv,True
bmse000323,simulation_1,2-Deoxycytidine,"InChI=1S/C9H13N3O4/c10-7-1-2-12(9(15)11-7)8-3-5(14)6(4-13)16-8/h1-2,5-6,8,13-14H,3-4H2,(H2,10,11,15)/t5-,6+,8+/m1/s1",1S/C9H13N3O4/c10-7-1-2-12(9(15)11-7)8-3-5(14)6(4-13)16-8,C9H13N3O4,499.84,65536,0.01450,7.4,298,,,/reboxitory/2023/12/GISSMO/bmse000323/simulation_1/B0s/sim_600MHz.csv,True
bmse000324,simulation_1,3-Hydroxybenzoic-acid,"InChI=1S/C7H6O3/c8-6-3-1-2-5(4-6)7(9)10/h1-4,8H,(H,9,10)",1S/C7H6O3/c8-6-3-1-2-5(4-6)7(9)10,C7H6O3,499.84,65536,0.01410,7.4,298,,,/reboxitory/2023/12/GISSMO/bmse000324/simulation_1/B0s/sim_600MHz.csv,True
bmse000325,simulation_1,2-Ketobutyric-acid,"InChI=1S/C4H6O3/c1-2-3(5)4(6)7/h2H2,1H3,(H,6,7)",1S/C4H6O3/c1-2-3(5)4(6)7,C4H6O3,499.84,65536,0.00822,7.4,298,,,/reboxitory/2023/12/GISSMO/bmse000325/simulation_1/B0s/sim_600MHz.csv,True
bmse000326,simulation_1,2-5-Dihydroxybenzoic-acid,"InChI=1S/C7H6O4/c8-4-1-2-6(9)5(3-4)7(10)11/h1-3,8-9H,(H,10,11)",1S/C7H6O4/c8-4-1-2-6(9)5(3-4)7(10)11,C7H6O4,499.84,65536,0.00664,7.4,298,,,/reboxitory/2023/12/GISSMO/bmse000326/simulation_1/B0s/sim_600MHz.csv,True
bmse000327,simulation_1,3-5-Diiodo-L-tyrosine,"InChI=1S/C9H9I2NO3/c10-5-1-4(2-6(11)8(5)13)3-7(12)9(14)15/h1-2,7,13H,3,12H2,(H,14,15)/t7-/m0/s1",1S/C9H9I2NO3/c10-5-1-4(2-6(11)8(5)13)3-7(12)9(14)15,C9H9I2NO3,499.84,65536,0.01913,7.4,298,,,/reboxitory/2023/12/GISSMO/bmse000327/simulation_1/B0s/sim_600MHz.csv,True
bmse000328,simulation_1,3-4-Dihydroxybenzoic-acid,"InChI=1S/C7H6O4/c8-5-2-1-4(7(10)11)3-6(5)9/h1-3,8-9H,(H,10,11)",1S/C7H6O4/c8-5-2-1-4(7(10)11)3-6(5)9,C7H6O4,499.84,65536,0.03348,7.4,298,,,/reboxitory/2023/12/GISSMO/bmse000328/simulation_1/B0s/sim_600MHz.csv,True
bmse000329,simulation_1,3-4-Dihydroxyphenylacetic-acid,"InChI=1S/C8H8O4/c9-6-2-1-5(3-7(6)10)4-8(11)12/h1-3,9-10H,4H2,(H,11,12)",1S/C8H8O4/c9-6-2-1-5(3-7(6)10)4-8(11)12,C8H8O4,499.84,65536,0.01392,7.4,298,,,/reboxitory/2023/12/GISSMO/bmse000329/simulation_1/B0s/sim_600MHz.csv,True
bmse000330,simulation_1,2-Furoic-acid,"InChI=1S/C5H4O3/c6-5(7)4-2-1-3-8-4/h1-3H,(H,6,7)",1S/C5H4O3/c6-5(7)4-2-1-3-8-4,C5H4O3,499.84,65536,0.00664,7.4,298,,,/reboxitory/2023/12/GISSMO/bmse000330/simulation_1/B0s/sim_600MHz.csv,True
bmse000331,simulation_1,3-2-Hydroxyphenylpropionic-acid,"InChI=1S/C9H10O3/c10-8-4-2-1-3-7(8)5-6-9(11)12/h1-4,10H,5-6H2,(H,11,12)",1S/C9H10O3/c10-8-4-2-1-3-7(8)5-6-9(11)12,C9H10O3,499.84,65536,0.01281,7.4,298,,,/reboxitory/2023/12/GISSMO/bmse000331/simulation_1/B0s/sim_600MHz.csv,True
bmse000333,simulation_1,3-Ureidopropionic acid,"InChI=1S/C4H8N2O3/c5-4(9)6-2-1-3(7)8/h1-2H2,(H,7,8)(H3,5,6,9)",1S/C4H8N2O3/c5-4(9)6-2-1-3(7)8,C4H8N2O3,499.84,65536,0.00478,7.4,298,,,/reboxitory/2023/12/GISSMO/bmse000333/simulation_1/B0s/sim_600MHz.csv,True
bmse000334,simulation_1,3-Methylcatechol,"InChI=1S/C7H8O2/c1-5-3-2-4-6(8)7(5)9/h2-4,8-9H,1H3",1S/C7H8O2/c1-5-3-2-4-6(8)7(5)9,C7H8O2,499.84,65536,0.00662,7.4,298,,,/reboxitory/2023/12/GISSMO/bmse000334/simulation_1/B0s/sim_600MHz.csv,True
bmse000335,simulation_1,3-Hydroxy-3-methylglutaric-acid,"InChI=1S/C6H10O5/c1-6(11,2-4(7)8)3-5(9)10/h11H,2-3H2,1H3,(H,7,8)(H,9,10)","1S/C6H10O5/c1-6(11,2-4(7)8)3-5(9)10",C6H10O5,499.84,65536,0.00516,7.4,298,,,/reboxitory/2023/12/GISSMO/bmse000335/simulation_1/B0s/sim_600MHz.csv,True
bmse000336,simulation_1,3-5-Dichlorocatechol,"InChI=1S/C6H4Cl2O2/c7-3-1-4(8)6(10)5(9)2-3/h1-2,9-10H",1S/C6H4Cl2O2/c7-3-1-4(8)6(10)5(9)2-3,C6H4Cl2O2,499.84,65536,0.00662,7.4,298,,,/reboxitory/2023/12/GISSMO/bmse000336/simulation_1/B0s/sim_600MHz.csv,True
bmse000337,simulation_1,3-Iodo-L-tyrosine,"InChI=1S/C9H10INO3/c10-6-3-5(1-2-8(6)12)4-7(11)9(13)14/h1-3,7,12H,4,11H2,(H,13,14)/t7-/m0/s1",1S/C9H10INO3/c10-6-3-5(1-2-8(6)12)4-7(11)9(13)14,C9H10INO3,499.84,65536,0.01213,7.4,298,,,/reboxitory/2023/12/GISSMO/bmse000337/simulation_1/B0s/sim_600MHz.csv,True
bmse000338,simulation_1,2-Hydroxyisocaproic-acid,"InChI=1S/C6H12O3/c1-4(2)3-5(7)6(8)9/h4-5,7H,3H2,1-2H3,(H,8,9)",1S/C6H12O3/c1-4(2)3-5(7)6(8)9,C6H12O3,499.84,65536,0.01963,7.4,298,,,/reboxitory/2023/12/GISSMO/bmse000338/simulation_1/B0s/sim_600MHz.csv,True
bmse000339,simulation_1,3-Hydroxyphenylacetic-acid,"InChI=1S/C8H8O3/c9-7-3-1-2-6(4-7)5-8(10)11/h1-4,9H,5H2,(H,10,11)",1S/C8H8O3/c9-7-3-1-2-6(4-7)5-8(10)11,C8H8O3,499.84,65536,0.01213,7.4,298,,,/reboxitory/2023/12/GISSMO/bmse000339/simulation_1/B0s/sim_600MHz.csv,True
bmse000340,simulation_1,Gamma-Aminobutyric-acid,"InChI=1S/C4H9NO2/c5-3-1-2-4(6)7/h1-3,5H2,(H,6,7)",1S/C4H9NO2/c5-3-1-2-4(6)7,C4H9NO2,499.84,32768,0.00536,7.4,298,,,/reboxitory/2023/12/GISSMO/bmse000340/simulation_1/B0s/sim_600MHz.csv,True
bmse000341,simulation_1,6-Hydroxynicotinic-acid,"InChI=1S/C6H5NO3/c8-5-2-1-4(3-7-5)6(9)10/h1-3H,(H,7,8)(H,9,10)",1S/C6H5NO3/c8-5-2-1-4(3-7-5)6(9)10,C6H5NO3,499.84,65536,0.00777,7.4,298,,,/reboxitory/2023/12/GISSMO/bmse000341/simulation_1/B0s/sim_600MHz.csv,True
bmse000342,simulation_1,L-Dihydroorotic-acid,"InChI=1S/C5H6N2O4/c8-3-1-2(4(9)10)6-5(11)7-3/h2H,1H2,(H,9,10)(H2,6,7,8,11)/t2-/m0/s1",1S/C5H6N2O4/c8-3-1-2(4(9)10)6-5(11)7-3,C5H6N2O4,499.84,65536,0.01268,7.4,298,,,/reboxitory/2023/12/GISSMO/bmse000342/simulation_1/B0s/sim_600MHz.csv,True
bmse000343,simulation_1,Vanillin,"InChI=1S/C8H8O3/c1-11-8-4-6(5-9)2-3-7(8)10/h2-5,10H,1H3",1S/C8H8O3/c1-11-8-4-6(5-9)2-3-7(8)10,C8H8O3,499.84,65536,0.00434,7.4,298,,,/reboxitory/2023/12/GISSMO/bmse000343/simulation_1/B0s/sim_600MHz.csv,True
bmse000344,simulation_1,4-Guanidinobutyric-acid,"InChI=1S/C5H11N3O2/c6-5(7)8-3-1-2-4(9)10/h1-3H2,(H,9,10)(H4,6,7,8)",1S/C5H11N3O2/c6-5(7)8-3-1-2-4(9)10,C5H11N3O2,499.84,65536,0.01213,7.4,298,,,/reboxitory/2023/12/GISSMO/bmse000344/simulation_1/B0s/sim_600MHz.csv,True
bmse000345,simulation_1,Valeric-acid,"InChI=1S/C5H10O2/c1-2-3-4-5(6)7/h2-4H2,1H3,(H,6,7)",1S/C5H10O2/c1-2-3-4-5(6)7,C5H10O2,499.84,65536,0.00366,7.4,298,,,/reboxitory/2023/12/GISSMO/bmse000345/simulation_1/B0s/sim_600MHz.csv,True
bmse000347,simulation_1,Trans-2-Hydroxycinnamic-acid,"InChI=1S/C9H8O3/c10-8-4-2-1-3-7(8)5-6-9(11)12/h1-6,10H,(H,11,12)/b6-5+",1S/C9H8O3/c10-8-4-2-1-3-7(8)5-6-9(11)12,C9H8O3,499.84,65536,0.01832,7.4,298,,,/reboxitory/2023/12/GISSMO/bmse000347/simulation_1/B0s/sim_600MHz.csv,True
bmse000348,simulation_1,DL-3-aminoisobutyric acid,"InChI=1S/C4H9NO2/c1-3(2-5)4(6)7/h3H,2,5H2,1H3,(H,6,7)/t3-/m1/s1",1S/C4H9NO2/c1-3(2-5)4(6)7,C4H9NO2,499.84,65536,0.00641,,,,,/reboxitory/2023/12/GISSMO/bmse000348/simulation_1/B0s/sim_600MHz.csv,True
bmse000350,simulation_1,M-Cresol,"InChI=1S/C7H8O/c1-6-3-2-4-7(8)5-6/h2-5,8H,1H3",1S/C7H8O/c1-6-3-2-4-7(8)5-6,C7H8O,499.84,65536,0.01769,7.4,298,,,/reboxitory/2023/12/GISSMO/bmse000350/simulation_1/B0s/sim_600MHz.csv,True
bmse000351,simulation_1,Hexanoic-acid,"InChI=1S/C6H12O2/c1-2-3-4-5-6(7)8/h2-5H2,1H3,(H,7,8)",1S/C6H12O2/c1-2-3-4-5-6(7)8,C6H12O2,499.84,65536,0.01625,7.4,298,,,/reboxitory/2023/12/GISSMO/bmse000351/simulation_1/B0s/sim_600MHz.csv,True
bmse000352,simulation_1,DL-threo-beta-Methylaspartate,"InChI=1S/C5H9NO4/c1-2(4(7)8)3(6)5(9)10/h2-3H,6H2,1H3,(H,7,8)(H,9,10)/t2-,3+/m0/s1",1S/C5H9NO4/c1-2(4(7)8)3(6)5(9)10,C5H9NO4,499.84,65536,0.01030,7.4,298,,,/reboxitory/2023/12/GISSMO/bmse000352/simulation_1/B0s/sim_600MHz.csv,True
bmse000354,simulation_1,Pimelic-acid,"InChI=1S/C7H12O4/c8-6(9)4-2-1-3-5-7(10)11/h1-5H2,(H,8,9)(H,10,11)",1S/C7H12O4/c8-6(9)4-2-1-3-5-7(10)11,C7H12O4,499.84,65536,0.01216,7.4,298,,,/reboxitory/2023/12/GISSMO/bmse000354/simulation_1/B0s/sim_600MHz.csv,True
bmse000355,simulation_1,4-Methyl-5-thiazoleethanol,"InChI=1S/C6H9NOS/c1-5-6(2-3-8)9-4-7-5/h4,8H,2-3H2,1H3",1S/C6H9NOS/c1-5-6(2-3-8)9-4-7-5,C6H9NOS,499.84,65536,0.01213,7.4,298,,,/reboxitory/2023/12/GISSMO/bmse000355/simulation_1/B0s/sim_600MHz.csv,True
bmse000356,simulation_1,P-Anisic-acid,"InChI=1S/C8H8O3/c1-11-7-4-2-6(3-5-7)8(9)10/h2-5H,1H3,(H,9,10)",1S/C8H8O3/c1-11-7-4-2-6(3-5-7)8(9)10,C8H8O3,499.84,65536,0.00993,7.4,298,,,/reboxitory/2023/12/GISSMO/bmse000356/simulation_1/B0s/sim_600MHz.csv,True
bmse000358,simulation_1,Chlorohydroquinone,"InChI=1S/C6H5ClO2/c7-5-3-4(8)1-2-6(5)9/h1-3,8-9H",1S/C6H5ClO2/c7-5-3-4(8)1-2-6(5)9,C6H5ClO2,499.84,65536,0.02418,7.4,298,,,/reboxitory/2023/12/GISSMO/bmse000358/simulation_1/B0s/sim_600MHz.csv,True
bmse000359,simulation_1,D-3-Phenyllactic acid,"InChI=1S/C9H10O3/c10-8(9(11)12)6-7-4-2-1-3-5-7/h1-5,8,10H,6H2,(H,11,12)/t8-/m1/s1",1S/C9H10O3/c10-8(9(11)12)6-7-4-2-1-3-5-7,C9H10O3,499.84,65536,0.01626,,,,,/reboxitory/2023/12/GISSMO/bmse000359/simulation_1/B0s/sim_600MHz.csv,True
bmse000360,simulation_1,2-Chloroethanol,"InChI=1S/C2H5ClO/c3-1-2-4/h4H,1-2H2",1S/C2H5ClO/c3-1-2-4,C2H5ClO,400.13,32768,0.02773,7.4,298,,,/reboxitory/2023/12/GISSMO/bmse000360/simulation_1/B0s/sim_600MHz.csv,True
bmse000361,simulation_1,2-Hydroxybutanoic-acid,"InChI=1S/C4H8O3/c1-2-3(5)4(6)7/h3,5H,2H2,1H3,(H,6,7)/t3-/m1/s1",1S/C4H8O3/c1-2-3(5)4(6)7,C4H8O3,400.13,32768,0.00883,7.4,298,,,/reboxitory/2023/12/GISSMO/bmse000361/simulation_1/B0s/sim_600MHz.csv,True
bmse000362,simulation_1,2-Hydroxyethylacetylene,"InChI=1S/C4H6O/c1-2-3-4-5/h1,5H,3-4H2",1S/C4H6O/c1-2-3-4-5,C4H6O,499.84,65536,0.01702,7.4,298,,,/reboxitory/2023/12/GISSMO/bmse000362/simulation_1/B0s/sim_600MHz.csv,True
bmse000363,simulation_1,2-Propyn-1-ol,"InChI=1S/C3H4O/c1-2-3-4/h1,4H,3H2",1S/C3H4O/c1-2-3-4,C3H4O,499.84,65536,0.01268,7.4,298,,,/reboxitory/2023/12/GISSMO/bmse000363/simulation_1/B0s/sim_600MHz.csv,True
bmse000364,simulation_1,5-Hydroxyindoleacetate,"InChI=1S/C10H9NO3/c12-7-1-2-9-8(4-7)6(5-11-9)3-10(13)14/h1-2,4-5,11-12H,3H2,(H,13,14)",1S/C10H9NO3/c12-7-1-2-9-8(4-7)6(5-11-9)3-10(13)14,C10H9NO3,499.84,65536,0.01372,7.4,298,,,/reboxitory/2023/12/GISSMO/bmse000364/simulation_1/B0s/sim_600MHz.csv,True
bmse000365,simulation_1,Arbutin,"InChI=1S/C12H16O7/c13-5-8-9(15)10(16)11(17)12(19-8)18-7-3-1-6(14)2-4-7/h1-4,8-17H,5H2/t8-,9-,10+,11-,12-/m1/s1",1S/C12H16O7/c13-5-8-9(15)10(16)11(17)12(19-8)18-7-3-1-6(14)2-4-7,C12H16O7,499.84,65536,0.00683,7.4,298,,,/reboxitory/2023/12/GISSMO/bmse000365/simulation_1/B0s/sim_600MHz.csv,True
bmse000367,simulation_1,Chloroacetic-acid,"InChI=1S/C2H3ClO2/c3-1-2(4)5/h1H2,(H,4,5)",1S/C2H3ClO2/c3-1-2(4)5,C2H3ClO2,499.84,65536,0.01650,7.4,298,,,/reboxitory/2023/12/GISSMO/bmse000367/simulation_1/B0s/sim_600MHz.csv,True
bmse000368,simulation_1,Cis-3-chloroacrylic-acid,"InChI=1S/C3H3ClO2/c4-2-1-3(5)6/h1-2H,(H,5,6)/b2-1-",1S/C3H3ClO2/c4-2-1-3(5)6,C3H3ClO2,400.13,32768,0.02024,7.4,298,,,/reboxitory/2023/12/GISSMO/bmse000368/simulation_1/B0s/sim_600MHz.csv,True
bmse000369,simulation_1,Cis-3-hexen-1-ol,"InChI=1S/C6H12O/c1-2-3-4-5-6-7/h3-4,7H,2,5-6H2,1H3/b4-3-",1S/C6H12O/c1-2-3-4-5-6-7,C6H12O,499.84,65536,0.01816,7.4,298,,,/reboxitory/2023/12/GISSMO/bmse000369/simulation_1/B0s/sim_600MHz.csv,True
bmse000371,simulation_1,Diethanolamine,"InChI=1S/C4H11NO2/c6-3-1-5-2-4-7/h5-7H,1-4H2",1S/C4H11NO2/c6-3-1-5-2-4-7,C4H11NO2,499.84,65536,0.01098,7.4,298,,,/reboxitory/2023/12/GISSMO/bmse000371/simulation_1/B0s/sim_600MHz.csv,True
bmse000373,simulation_1,Isovaleric-acid,"InChI=1S/C5H10O2/c1-4(2)3-5(6)7/h4H,3H2,1-2H3,(H,6,7)",1S/C5H10O2/c1-4(2)3-5(6)7,C5H10O2,400.13,32768,0.00327,7.4,298,,,/reboxitory/2023/12/GISSMO/bmse000373/simulation_1/B0s/sim_600MHz.csv,True
bmse000376,simulation_1,N-carbamyl-L-glutamate,"InChI=1S/C6H10N2O5/c7-6(13)8-3(5(11)12)1-2-4(9)10/h3H,1-2H2,(H,9,10)(H,11,12)(H3,7,8,13)/t3-/m0/s1",1S/C6H10N2O5/c7-6(13)8-3(5(11)12)1-2-4(9)10,C6H10N2O5,499.84,65536,0.01728,7.4,298,,,/reboxitory/2023/12/GISSMO/bmse000376/simulation_1/B0s/sim_600MHz.csv,True
bmse000377,simulation_1,Phenethylamine,"InChI=1S/C8H11N/c9-7-6-8-4-2-1-3-5-8/h1-5H,6-7,9H2",1S/C8H11N/c9-7-6-8-4-2-1-3-5-8,C8H11N,499.84,65536,0.02645,7.4,298,,,/reboxitory/2023/12/GISSMO/bmse000377/simulation_1/B0s/sim_600MHz.csv,True
bmse000378,simulation_1,Suberic-acid,"InChI=1S/C8H14O4/c9-7(10)5-3-1-2-4-6-8(11)12/h1-6H2,(H,9,10)(H,11,12)",1S/C8H14O4/c9-7(10)5-3-1-2-4-6-8(11)12,C8H14O4,499.84,65536,0.03496,7.4,298,,,/reboxitory/2023/12/GISSMO/bmse000378/simulation_1/B0s/sim_600MHz.csv,True
bmse000379,simulation_1,Triethanolamine,"InChI=1S/C6H15NO3/c8-4-1-7(2-5-9)3-6-10/h8-10H,1-6H2",1S/C6H15NO3/c8-4-1-7(2-5-9)3-6-10,C6H15NO3,499.84,65536,0.00685,7.4,298,,,/reboxitory/2023/12/GISSMO/bmse000379/simulation_1/B0s/sim_600MHz.csv,True
bmse000380,simulation_1,L-Cysteic-acid,"InChI=1S/C3H7NO5S/c4-2(3(5)6)1-10(7,8)9/h2H,1,4H2,(H,5,6)(H,7,8,9)/t2-/m0/s1","1S/C3H7NO5S/c4-2(3(5)6)1-10(7,8)9",C3H7NO5S,499.84,65536,0.01701,7.4,298,,,/reboxitory/2023/12/GISSMO/bmse000380/simulation_1/B0s/sim_600MHz.csv,True
bmse000381,simulation_1,R-Pantolactone,"InChI=1S/C6H10O3/c1-6(2)3-9-5(8)4(6)7/h4,7H,3H2,1-2H3/t4-/m0/s1",1S/C6H10O3/c1-6(2)3-9-5(8)4(6)7,C6H10O3,499.84,65536,0.01090,7.4,298,,,/reboxitory/2023/12/GISSMO/bmse000381/simulation_1/B0s/sim_600MHz.csv,True
bmse000382,simulation_1,N-Acetyl-L-glutamic-acid,"InChI=1S/C7H11NO5/c1-4(9)8-5(7(12)13)2-3-6(10)11/h5H,2-3H2,1H3,(H,8,9)(H,10,11)(H,12,13)/t5-/m0/s1",1S/C7H11NO5/c1-4(9)8-5(7(12)13)2-3-6(10)11,C7H11NO5,499.84,65536,0.01328,7.4,298,,,/reboxitory/2023/12/GISSMO/bmse000382/simulation_1/B0s/sim_600MHz.csv,True
bmse000383,simulation_1,4-Methyl-2-oxovaleric-acid,"InChI=1S/C6H10O3/c1-4(2)3-5(7)6(8)9/h4H,3H2,1-2H3,(H,8,9)",1S/C6H10O3/c1-4(2)3-5(7)6(8)9,C6H10O3,499.84,65536,0.01492,7.4,298,,,/reboxitory/2023/12/GISSMO/bmse000383/simulation_1/B0s/sim_600MHz.csv,True
bmse000384,simulation_1,Guanidineacetic-acid,"InChI=1S/C3H7N3O2/c4-3(5)6-1-2(7)8/h1H2,(H,7,8)(H4,4,5,6)",1S/C3H7N3O2/c4-3(5)6-1-2(7)8,C3H7N3O2,499.84,65536,0.00229,7.4,298,,,/reboxitory/2023/12/GISSMO/bmse000384/simulation_1/B0s/sim_600MHz.csv,True
bmse000385,simulation_1,Pyrocatechol,"InChI=1S/C6H6O2/c7-5-3-1-2-4-6(5)8/h1-4,7-8H",1S/C6H6O2/c7-5-3-1-2-4-6(5)8,C6H6O2,499.84,65536,0.01772,7.4,298,,,/reboxitory/2023/12/GISSMO/bmse000385/simulation_1/B0s/sim_600MHz.csv,True
bmse000386,simulation_1,Malonic acid,"InChI=1S/C3H4O4/c4-2(5)1-3(6)7/h1H2,(H,4,5)(H,6,7)",1S/C3H4O4/c4-2(5)1-3(6)7,C3H4O4,499.84,65536,0.06168,,,,,/reboxitory/2023/12/GISSMO/bmse000386/simulation_1/B0s/sim_600MHz.csv,True
bmse000388,simulation_1,Cysteamine,"InChI=1S/C2H7NS/c3-1-2-4/h4H,1-3H2",1S/C2H7NS/c3-1-2-4,C2H7NS,499.84,65536,0.00840,7.4,298,,,/reboxitory/2023/12/GISSMO/bmse000388/simulation_1/B0s/sim_600MHz.csv,True
bmse000389,simulation_1,Gallic-acid,"InChI=1S/C7H6O5/c8-4-1-3(7(11)12)2-5(9)6(4)10/h1-2,8-10H,(H,11,12)",1S/C7H6O5/c8-4-1-3(7(11)12)2-5(9)6(4)10,C7H6O5,499.84,65536,0.00977,7.4,298,,,/reboxitory/2023/12/GISSMO/bmse000389/simulation_1/B0s/sim_600MHz.csv,True
bmse000390,simulation_1,DL-2-Aminobutyric-acid,"InChI=1S/C4H9NO2/c1-2-3(5)4(6)7/h3H,2,5H2,1H3,(H,6,7)",1S/C4H9NO2/c1-2-3(5)4(6)7,C4H9NO2,499.84,65536,0.00699,7.4,298,,,/reboxitory/2023/12/GISSMO/bmse000390/simulation_1/B0s/sim_600MHz.csv,True
bmse000391,simulation_1,Phthalic-acid,"InChI=1S/C8H6O4/c9-7(10)5-3-1-2-4-6(5)8(11)12/h1-4H,(H,9,10)(H,11,12)",1S/C8H6O4/c9-7(10)5-3-1-2-4-6(5)8(11)12,C8H6O4,499.84,65536,0.01569,7.4,298,,,/reboxitory/2023/12/GISSMO/bmse000391/simulation_1/B0s/sim_600MHz.csv,True
bmse000392,simulation_1,Acrylamide,"InChI=1S/C3H5NO/c1-2-3(4)5/h2H,1H2,(H2,4,5)",1S/C3H5NO/c1-2-3(4)5,C3H5NO,499.84,65536,0.01581,7.4,298,,,/reboxitory/2023/12/GISSMO/bmse000392/simulation_1/B0s/sim_600MHz.csv,True
bmse000394,simulation_1,6-Aminohexanoic-acid,"InChI=1S/C6H13NO2/c7-5-3-1-2-4-6(8)9/h1-5,7H2,(H,8,9)",1S/C6H13NO2/c7-5-3-1-2-4-6(8)9,C6H13NO2,499.84,65536,0.02784,7.4,298,,,/reboxitory/2023/12/GISSMO/bmse000394/simulation_1/B0s/sim_600MHz.csv,True
bmse000395,simulation_1,4-Chlorophenylacetate,"InChI=1S/C8H7ClO2/c9-7-3-1-6(2-4-7)5-8(10)11/h1-4H,5H2,(H,10,11)",1S/C8H7ClO2/c9-7-3-1-6(2-4-7)5-8(10)11,C8H7ClO2,499.84,65536,0.01090,7.4,298,,,/reboxitory/2023/12/GISSMO/bmse000395/simulation_1/B0s/sim_600MHz.csv,True
bmse000398,simulation_1,Methylmalonic-acid,"InChI=1S/C4H6O4/c1-2(3(5)6)4(7)8/h2H,1H3,(H,5,6)(H,7,8)",1S/C4H6O4/c1-2(3(5)6)4(7)8,C4H6O4,499.84,65536,0.06749,7.4,298,,,/reboxitory/2023/12/GISSMO/bmse000398/simulation_1/B0s/sim_600MHz.csv,True
bmse000399,simulation_1,O-Phospho-L-serine,"InChI=1S/C3H8NO6P/c4-2(3(5)6)1-10-11(7,8)9/h2H,1,4H2,(H,5,6)(H2,7,8,9)/t2-/m0/s1","1S/C3H8NO6P/c4-2(3(5)6)1-10-11(7,8)9",C3H8NO6P,499.84,65536,0.02634,7.4,298,,,/reboxitory/2023/12/GISSMO/bmse000399/simulation_1/B0s/sim_600MHz.csv,True
bmse000400,simulation_1,Ethanesulfonic-acid,"InChI=1S/C2H6O3S/c1-2-6(3,4)5/h2H2,1H3,(H,3,4,5)/p-1","1S/C2H6O3S/c1-2-6(3,4)5",C2H6O3S,499.84,65536,0.00945,7.4,298,,,/reboxitory/2023/12/GISSMO/bmse000400/simulation_1/B0s/sim_600MHz.csv,True
bmse000402,simulation_1,Butyric-acid,"InChI=1S/C4H8O2/c1-2-3-4(5)6/h2-3H2,1H3,(H,5,6)",1S/C4H8O2/c1-2-3-4(5)6,C4H8O2,499.84,65536,0.00358,7.4,298,,,/reboxitory/2023/12/GISSMO/bmse000402/simulation_1/B0s/sim_600MHz.csv,True
bmse000403,simulation_1,Ala-Ala,"InChI=1S/C6H12N2O3/c1-3(7)5(9)8-4(2)6(10)11/h3-4H,7H2,1-2H3,(H,8,9)(H,10,11)/t3-,4-/m0/s1",1S/C6H12N2O3/c1-3(7)5(9)8-4(2)6(10)11,C6H12N2O3,499.84,65536,0.00850,7.4,298,,,/reboxitory/2023/12/GISSMO/bmse000403/simulation_1/B0s/sim_600MHz.csv,True
bmse000404,simulation_1,Norepinephrine,"InChI=1S/C8H11NO3/c9-4-8(12)5-1-2-6(10)7(11)3-5/h1-3,8,10-12H,4,9H2/t8-/m0/s1",1S/C8H11NO3/c9-4-8(12)5-1-2-6(10)7(11)3-5,C8H11NO3,499.84,65536,0.01756,7.4,298,,,/reboxitory/2023/12/GISSMO/bmse000404/simulation_1/B0s/sim_600MHz.csv,True
bmse000405,simulation_1,Cyclohexanone,InChI=1S/C6H10O/c7-6-4-2-1-3-5-6/h1-5H2,1S/C6H10O/c7-6-4-2-1-3-5-6,C6H10O,499.84,65536,0.02982,7.4,298,,,/reboxitory/2023/12/GISSMO/bmse000405/simulation_1/B0s/sim_600MHz.csv,True
bmse000406,simulation_1,Glutaric-acid,"InChI=1S/C5H8O4/c6-4(7)2-1-3-5(8)9/h1-3H2,(H,6,7)(H,8,9)",1S/C5H8O4/c6-4(7)2-1-3-5(8)9,C5H8O4,499.84,65536,0.01386,7.4,298,,,/reboxitory/2023/12/GISSMO/bmse000406/simulation_1/B0s/sim_600MHz.csv,True
bmse000407,simulation_1,Benzyl-alcohol,"InChI=1S/C7H8O/c8-6-7-4-2-1-3-5-7/h1-5,8H,6H2",1S/C7H8O/c8-6-7-4-2-1-3-5-7,C7H8O,499.84,65536,0.01081,7.4,298,,,/reboxitory/2023/12/GISSMO/bmse000407/simulation_1/B0s/sim_600MHz.csv,True
bmse000408,simulation_1,Hippuric-acid,"InChI=1S/C9H9NO3/c11-8(12)6-10-9(13)7-4-2-1-3-5-7/h1-5H,6H2,(H,10,13)(H,11,12)",1S/C9H9NO3/c11-8(12)6-10-9(13)7-4-2-1-3-5-7,C9H9NO3,499.84,65536,0.00805,7.4,298,,,/reboxitory/2023/12/GISSMO/bmse000408/simulation_1/B0s/sim_600MHz.csv,True
bmse000409,simulation_1,Dl-Indole-3-lactic-acid,"InChI=1S/C11H11NO3/c13-10(11(14)15)5-7-6-12-9-4-2-1-3-8(7)9/h1-4,6,10,12-13H,5H2,(H,14,15)/t10-/m0/s1",1S/C11H11NO3/c13-10(11(14)15)5-7-6-12-9-4-2-1-3-8(7)9,C11H11NO3,499.84,65536,0.01090,7.4,298,,,/reboxitory/2023/12/GISSMO/bmse000409/simulation_1/B0s/sim_600MHz.csv,True
bmse000410,simulation_1,Kynurenic-acid,"InChI=1S/C10H7NO3/c12-9-5-8(10(13)14)11-7-4-2-1-3-6(7)9/h1-5H,(H,11,12)(H,13,14)",1S/C10H7NO3/c12-9-5-8(10(13)14)11-7-4-2-1-3-6(7)9,C10H7NO3,499.84,65536,0.01090,7.4,298,,,/reboxitory/2023/12/GISSMO/bmse000410/simulation_1/B0s/sim_600MHz.csv,True
bmse000412,simulation_1,Dihydrocoumarin,"InChI=1S/C9H8O2/c10-9-6-5-7-3-1-2-4-8(7)11-9/h1-4H,5-6H2",1S/C9H8O2/c10-9-6-5-7-3-1-2-4-8(7)11-9,C9H8O2,499.84,65536,0.01090,7.4,298,,,/reboxitory/2023/12/GISSMO/bmse000412/simulation_1/B0s/sim_600MHz.csv,True
bmse000413,simulation_1,Tropic-acid,"InChI=1S/C9H10O3/c10-6-8(9(11)12)7-4-2-1-3-5-7/h1-5,8,10H,6H2,(H,11,12)/t8-/m1/s1",1S/C9H10O3/c10-6-8(9(11)12)7-4-2-1-3-5-7,C9H10O3,499.84,65536,0.01356,7.4,298,,,/reboxitory/2023/12/GISSMO/bmse000413/simulation_1/B0s/sim_600MHz.csv,True
bmse000414,simulation_1,P-Toluic-acid,"InChI=1S/C8H8O2/c1-6-2-4-7(5-3-6)8(9)10/h2-5H,1H3,(H,9,10)",1S/C8H8O2/c1-6-2-4-7(5-3-6)8(9)10,C8H8O2,499.84,65536,0.01090,7.4,298,,,/reboxitory/2023/12/GISSMO/bmse000414/simulation_1/B0s/sim_600MHz.csv,True
bmse000415,simulation_1,Resorcinol,"InChI=1S/C6H6O2/c7-5-2-1-3-6(8)4-5/h1-4,7-8H",1S/C6H6O2/c7-5-2-1-3-6(8)4-5,C6H6O2,499.84,65536,0.01275,7.4,298,,,/reboxitory/2023/12/GISSMO/bmse000415/simulation_1/B0s/sim_600MHz.csv,True
bmse000417,simulation_1,Quinaldic-acid,"InChI=1S/C10H7NO2/c12-10(13)9-6-5-7-3-1-2-4-8(7)11-9/h1-6H,(H,12,13)",1S/C10H7NO2/c12-10(13)9-6-5-7-3-1-2-4-8(7)11-9,C10H7NO2,499.84,65536,0.01090,7.4,298,,,/reboxitory/2023/12/GISSMO/bmse000417/simulation_1/B0s/sim_600MHz.csv,True
bmse000418,simulation_1,Phosphonoacetic acid,"InChI=1S/C2H5O5P/c3-2(4)1-8(5,6)7/h1H2,(H,3,4)(H2,5,6,7)","1S/C2H5O5P/c3-2(4)1-8(5,6)7",C2H5O5P,499.84,65536,0.00472,,,,,/reboxitory/2023/12/GISSMO/bmse000418/simulation_1/B0s/sim_600MHz.csv,True
bmse000419,simulation_1,5-Aminovaleric acid,"InChI=1S/C5H11NO2/c6-4-2-1-3-5(7)8/h1-4,6H2,(H,7,8)",1S/C5H11NO2/c6-4-2-1-3-5(7)8,C5H11NO2,499.84,65536,0.02468,,,,,/reboxitory/2023/12/GISSMO/bmse000419/simulation_1/B0s/sim_600MHz.csv,True
bmse000420,simulation_1,4-Chlorocatechol,"InChI=1S/C6H5ClO2/c7-4-1-2-5(8)6(9)3-4/h1-3,8-9H",1S/C6H5ClO2/c7-4-1-2-5(8)6(9)3-4,C6H5ClO2,499.84,65536,0.03030,7.4,298,,,/reboxitory/2023/12/GISSMO/bmse000420/simulation_1/B0s/sim_600MHz.csv,True
bmse000421,simulation_1,5-Methylcytosine,"InChI=1S/C5H7N3O/c1-3-2-7-5(9)8-4(3)6/h2H,1H3,(H3,6,7,8,9)",1S/C5H7N3O/c1-3-2-7-5(9)8-4(3)6,C5H7N3O,499.84,65536,,7.4,298,,,/reboxitory/2023/12/GISSMO/bmse000421/simulation_1/B0s/sim_600MHz.csv,True
bmse000422,simulation_1,4-Hydroxy-3-methoxycinnamaldehyde,"InChI=1S/C10H10O3/c1-13-10-7-8(3-2-6-11)4-5-9(10)12/h2-7,12H,1H3/b3-2+",1S/C10H10O3/c1-13-10-7-8(3-2-6-11)4-5-9(10)12,C10H10O3,499.84,65536,0.01424,7.4,298,,,/reboxitory/2023/12/GISSMO/bmse000422/simulation_1/B0s/sim_600MHz.csv,True
bmse000423,simulation_1,N-acetyl-L-aspartic-acid,"InChI=1S/C6H9NO5/c1-3(8)7-4(6(11)12)2-5(9)10/h4H,2H2,1H3,(H,7,8)(H,9,10)(H,11,12)/t4-/m0/s1",1S/C6H9NO5/c1-3(8)7-4(6(11)12)2-5(9)10,C6H9NO5,499.84,65536,0.01535,7.4,298,,,/reboxitory/2023/12/GISSMO/bmse000423/simulation_1/B0s/sim_600MHz.csv,True
bmse000424,simulation_1,Adipic-acid,"InChI=1S/C6H10O4/c7-5(8)3-1-2-4-6(9)10/h1-4H2,(H,7,8)(H,9,10)",1S/C6H10O4/c7-5(8)3-1-2-4-6(9)10,C6H10O4,499.84,65536,0.00740,7.4,298,,,/reboxitory/2023/12/GISSMO/bmse000424/simulation_1/B0s/sim_600MHz.csv,True
bmse000425,simulation_1,Dihydrouracil,"InChI=1S/C4H6N2O2/c7-3-1-2-5-4(8)6-3/h1-2H2,(H2,5,6,7,8)",1S/C4H6N2O2/c7-3-1-2-5-4(8)6-3,C4H6N2O2,499.84,65536,0.00384,7.4,298,,,/reboxitory/2023/12/GISSMO/bmse000425/simulation_1/B0s/sim_600MHz.csv,True
bmse000426,simulation_1,Trimethylamine-N-oxide,"InChI=1S/C3H9NO/c1-4(2,3)5/h1-3H3","1S/C3H9NO/c1-4(2,3)5",C3H9NO,499.84,65536,0.00448,7.4,298,,,/reboxitory/2023/12/GISSMO/bmse000426/simulation_1/B0s/sim_600MHz.csv,True
bmse000428,simulation_1,R-Citramalic-acid,"InChI=1S/C5H8O5/c1-5(10,4(8)9)2-3(6)7/h10H,2H2,1H3,(H,6,7)(H,8,9)/t5-/m1/s1","1S/C5H8O5/c1-5(10,4(8)9)2-3(6)7",C5H8O5,499.84,65536,0.00468,7.4,298,,,/reboxitory/2023/12/GISSMO/bmse000428/simulation_1/B0s/sim_600MHz.csv,True
bmse000429,simulation_1,DL-2-Aminoadipic acid,"InChI=1S/C6H11NO4/c7-4(6(10)11)2-1-3-5(8)9/h4H,1-3,7H2,(H,8,9)(H,10,11)/t4-/m0/s1",1S/C6H11NO4/c7-4(6(10)11)2-1-3-5(8)9,C6H11NO4,499.84,65536,0.02072,7.4,298,,,/reboxitory/2023/12/GISSMO/bmse000429/simulation_1/B0s/sim_600MHz.csv,True
bmse000430,simulation_1,DL-homocysteine,"InChI=1S/C4H9NO2S/c5-3(1-2-8)4(6)7/h3,8H,1-2,5H2,(H,6,7)/t3-/m1/s1",1S/C4H9NO2S/c5-3(1-2-8)4(6)7,C4H9NO2S,499.84,65536,0.01395,7.4,298,,,/reboxitory/2023/12/GISSMO/bmse000430/simulation_1/B0s/sim_600MHz.csv,True
bmse000432,simulation_1,Pyridine,InChI=1S/C5H5N/c1-2-4-6-5-3-1/h1-5H,1S/C5H5N/c1-2-4-6-5-3-1,C5H5N,499.84,65536,0.00834,7.4,298,,,/reboxitory/2023/12/GISSMO/bmse000432/simulation_1/B0s/sim_600MHz.csv,True
bmse000433,simulation_1,O-Cresol,"InChI=1S/C7H8O/c1-6-4-2-3-5-7(6)8/h2-5,8H,1H3",1S/C7H8O/c1-6-4-2-3-5-7(6)8,C7H8O,499.84,65536,0.02072,7.4,298,,,/reboxitory/2023/12/GISSMO/bmse000433/simulation_1/B0s/sim_600MHz.csv,True
bmse000434,simulation_1,Acetylcholine,"InChI=1S/C7H16NO2/c1-7(9)10-6-5-8(2,3)4/h5-6H2,1-4H3/q+1","1S/C7H16NO2/c1-7(9)10-6-5-8(2,3)4",C7H16NO2,499.84,65536,0.01670,7.4,298,,,/reboxitory/2023/12/GISSMO/bmse000434/simulation_1/B0s/sim_600MHz.csv,True
bmse000435,simulation_1,Glutaconic-acid,"InChI=1S/C5H6O4/c6-4(7)2-1-3-5(8)9/h1-2H,3H2,(H,6,7)(H,8,9)/b2-1+",1S/C5H6O4/c6-4(7)2-1-3-5(8)9,C5H6O4,499.84,65536,0.01679,7.4,298,,,/reboxitory/2023/12/GISSMO/bmse000435/simulation_1/B0s/sim_600MHz.csv,True
bmse000437,simulation_1,Allantoin,"InChI=1S/C4H6N4O3/c5-3(10)6-1-2(9)8-4(11)7-1/h1H,(H3,5,6,10)(H2,7,8,9,11)/t1-/m1/s1",1S/C4H6N4O3/c5-3(10)6-1-2(9)8-4(11)7-1,C4H6N4O3,499.84,65536,0.03664,7.4,298,,,/reboxitory/2023/12/GISSMO/bmse000437/simulation_1/B0s/sim_600MHz.csv,True
bmse000438,simulation_1,4-Chlorobenzoic-acid,"InChI=1S/C7H5ClO2/c8-6-3-1-5(2-4-6)7(9)10/h1-4H,(H,9,10)",1S/C7H5ClO2/c8-6-3-1-5(2-4-6)7(9)10,C7H5ClO2,499.84,65536,0.01736,7.4,298,,,/reboxitory/2023/12/GISSMO/bmse000438/simulation_1/B0s/sim_600MHz.csv,True
bmse000439,simulation_1,Isobutyric-acid,"InChI=1S/C4H8O2/c1-3(2)4(5)6/h3H,1-2H3,(H,5,6)",1S/C4H8O2/c1-3(2)4(5)6,C4H8O2,499.84,65536,0.01145,7.4,298,,,/reboxitory/2023/12/GISSMO/bmse000439/simulation_1/B0s/sim_600MHz.csv,True
bmse000440,simulation_1,D-Glucosaminic-acid,"InChI=1S/C6H13NO6/c7-3(6(12)13)5(11)4(10)2(9)1-8/h2-5,8-11H,1,7H2,(H,12,13)/t2-,3-,4-,5-/m1/s1",1S/C6H13NO6/c7-3(6(12)13)5(11)4(10)2(9)1-8,C6H13NO6,499.84,65536,0.01315,7.4,298,,,/reboxitory/2023/12/GISSMO/bmse000440/simulation_1/B0s/sim_600MHz.csv,True
bmse000441,simulation_1,4-Hydroxyphenylacetonitrile,"InChI=1S/C8H7NO/c9-6-5-7-1-3-8(10)4-2-7/h1-4,10H,5H2",1S/C8H7NO/c9-6-5-7-1-3-8(10)4-2-7,C8H7NO,499.84,65536,0.01443,7.4,298,,,/reboxitory/2023/12/GISSMO/bmse000441/simulation_1/B0s/sim_600MHz.csv,True
bmse000442,simulation_1,L-homocitrulline,"InChI=1S/C7H15N3O3/c8-5(6(11)12)3-1-2-4-10-7(9)13/h5H,1-4,8H2,(H,11,12)(H3,9,10,13)/t5-/m0/s1",1S/C7H15N3O3/c8-5(6(11)12)3-1-2-4-10-7(9)13,C7H15N3O3,499.84,65536,0.00993,7.4,298,,,/reboxitory/2023/12/GISSMO/bmse000442/simulation_1/B0s/sim_600MHz.csv,True
bmse000443,simulation_1,5-Hydroxymethyluracil,"InChI=1S/C5H6N2O3/c8-2-3-1-6-5(10)7-4(3)9/h1,8H,2H2,(H2,6,7,9,10)",1S/C5H6N2O3/c8-2-3-1-6-5(10)7-4(3)9,C5H6N2O3,499.84,65536,0.00532,7.4,298,,,/reboxitory/2023/12/GISSMO/bmse000443/simulation_1/B0s/sim_600MHz.csv,True
bmse000444,simulation_1,4-Hydroxy-3-methoxybenzyl-alcohol,"InChI=1S/C8H10O3/c1-11-8-4-6(5-9)2-3-7(8)10/h2-4,9-10H,5H2,1H3",1S/C8H10O3/c1-11-8-4-6(5-9)2-3-7(8)10,C8H10O3,499.84,65536,0.00932,7.4,298,,,/reboxitory/2023/12/GISSMO/bmse000444/simulation_1/B0s/sim_600MHz.csv,True
bmse000445,simulation_1,D-Panthenol,"InChI=1S/C9H19NO4/c1-9(2,6-12)7(13)8(14)10-4-3-5-11/h7,11-13H,3-6H2,1-2H3,(H,10,14)/t7-/m0/s1","1S/C9H19NO4/c1-9(2,6-12)7(13)8(14)10-4-3-5-11",C9H19NO4,499.84,65536,0.01736,7.4,298,,,/reboxitory/2023/12/GISSMO/bmse000445/simulation_1/B0s/sim_600MHz.csv,True
bmse000446,simulation_1,Propanol,"InChI=1S/C3H8O/c1-2-3-4/h4H,2-3H2,1H3",1S/C3H8O/c1-2-3-4,C3H8O,499.84,65536,0.00631,7.4,298,,,/reboxitory/2023/12/GISSMO/bmse000446/simulation_1/B0s/sim_600MHz.csv,True
bmse000447,simulation_1,Butanol,"InChI=1S/C4H10O/c1-2-3-4-5/h5H,2-4H2,1H3",1S/C4H10O/c1-2-3-4-5,C4H10O,499.84,65536,0.01737,7.4,298,,,/reboxitory/2023/12/GISSMO/bmse000447/simulation_1/B0s/sim_600MHz.csv,True
bmse000448,simulation_1,L-Histidinol,"InChI=1S/C6H11N3O/c7-5(3-10)1-6-2-8-4-9-6/h2,4-5,10H,1,3,7H2,(H,8,9)/t5-/m0/s1",1S/C6H11N3O/c7-5(3-10)1-6-2-8-4-9-6,C6H11N3O,499.84,65536,0.00817,7.4,298,,,/reboxitory/2023/12/GISSMO/bmse000448/simulation_1/B0s/sim_600MHz.csv,True
bmse000449,simulation_1,Ntau-Methyl-L-histidine,"InChI=1S/C7H11N3O2/c1-10-3-5(9-4-10)2-6(8)7(11)12/h3-4,6H,2,8H2,1H3,(H,11,12)/t6-/m0/s1",1S/C7H11N3O2/c1-10-3-5(9-4-10)2-6(8)7(11)12,C7H11N3O2,499.84,65536,0.00931,7.4,298,,,/reboxitory/2023/12/GISSMO/bmse000449/simulation_1/B0s/sim_600MHz.csv,True
bmse000450,simulation_1,D-Methionine,"InChI=1S/C5H11NO2S/c1-9-3-2-4(6)5(7)8/h4H,2-3,6H2,1H3,(H,7,8)/t4-/m1/s1",1S/C5H11NO2S/c1-9-3-2-4(6)5(7)8,C5H11NO2S,499.84,65536,0.00915,7.4,298,,,/reboxitory/2023/12/GISSMO/bmse000450/simulation_1/B0s/sim_600MHz.csv,True
bmse000452,simulation_1,Hypotaurine,"InChI=1S/C2H7NO2S/c3-1-2-6(4)5/h1-3H2,(H,4,5)",1S/C2H7NO2S/c3-1-2-6(4)5,C2H7NO2S,499.84,65536,0.02063,7.4,298,,,/reboxitory/2023/12/GISSMO/bmse000452/simulation_1/B0s/sim_600MHz.csv,True
bmse000453,simulation_1,Ureidosuccinic-acid,"InChI=1S/C5H8N2O5/c6-5(12)7-2(4(10)11)1-3(8)9/h2H,1H2,(H,8,9)(H,10,11)(H3,6,7,12)/t2-/m1/s1",1S/C5H8N2O5/c6-5(12)7-2(4(10)11)1-3(8)9,C5H8N2O5,499.84,65536,0.03148,7.4,298,,,/reboxitory/2023/12/GISSMO/bmse000453/simulation_1/B0s/sim_600MHz.csv,True
bmse000454,simulation_1,Purine,"InChI=1S/C5H4N4/c1-4-5(8-2-6-1)9-3-7-4/h1-3H,(H,6,7,8,9)",1S/C5H4N4/c1-4-5(8-2-6-1)9-3-7-4,C5H4N4,499.84,65536,0.02063,7.4,298,,,/reboxitory/2023/12/GISSMO/bmse000454/simulation_1/B0s/sim_600MHz.csv,True
bmse000455,simulation_1,4-Hydroxyphenylacetic-acid,"InChI=1S/C8H8O3/c9-7-3-1-6(2-4-7)5-8(10)11/h1-4,9H,5H2,(H,10,11)",1S/C8H8O3/c9-7-3-1-6(2-4-7)5-8(10)11,C8H8O3,499.84,65536,0.01305,7.4,298,,,/reboxitory/2023/12/GISSMO/bmse000455/simulation_1/B0s/sim_600MHz.csv,True
bmse000457,simulation_1,5-Hydroxy-L-tryptophan,"InChI=1S/C11H12N2O3/c12-9(11(15)16)3-6-5-13-10-2-1-7(14)4-8(6)10/h1-2,4-5,9,13-14H,3,12H2,(H,15,16)/t9-/m0/s1",1S/C11H12N2O3/c12-9(11(15)16)3-6-5-13-10-2-1-7(14)4-8(6)10,C11H12N2O3,499.84,65536,0.02063,7.4,298,,,/reboxitory/2023/12/GISSMO/bmse000457/simulation_1/B0s/sim_600MHz.csv,True
bmse000458,simulation_1,P-Cresol,"InChI=1S/C7H8O/c1-6-2-4-7(8)5-3-6/h2-5,8H,1H3",1S/C7H8O/c1-6-2-4-7(8)5-3-6,C7H8O,499.84,65536,0.02063,7.4,298,,,/reboxitory/2023/12/GISSMO/bmse000458/simulation_1/B0s/sim_600MHz.csv,True
bmse000459,simulation_1,Ferulic-acid,"InChI=1S/C10H10O4/c1-14-9-6-7(2-4-8(9)11)3-5-10(12)13/h2-6,11H,1H3,(H,12,13)/b5-3+",1S/C10H10O4/c1-14-9-6-7(2-4-8(9)11)3-5-10(12)13,C10H10O4,499.84,65536,0.02063,7.4,298,,,/reboxitory/2023/12/GISSMO/bmse000459/simulation_1/B0s/sim_600MHz.csv,True
bmse000460,simulation_1,Maleamic-acid,"InChI=1S/C4H5NO3/c5-3(6)1-2-4(7)8/h1-2H,(H2,5,6)(H,7,8)/b2-1-",1S/C4H5NO3/c5-3(6)1-2-4(7)8,C4H5NO3,499.84,65536,0.02063,7.4,298,,,/reboxitory/2023/12/GISSMO/bmse000460/simulation_1/B0s/sim_600MHz.csv,True
bmse000461,simulation_1,4-Chlorophenol,"InChI=1S/C6H5ClO/c7-5-1-3-6(8)4-2-5/h1-4,8H",1S/C6H5ClO/c7-5-1-3-6(8)4-2-5,C6H5ClO,499.84,65536,0.00627,7.4,298,,,/reboxitory/2023/12/GISSMO/bmse000461/simulation_1/B0s/sim_600MHz.csv,True
bmse000462,simulation_1,4-Aminophenol,"InChI=1S/C6H7NO/c7-5-1-3-6(8)4-2-5/h1-4,8H,7H2",1S/C6H7NO/c7-5-1-3-6(8)4-2-5,C6H7NO,499.84,65536,0.00683,7.4,298,,,/reboxitory/2023/12/GISSMO/bmse000462/simulation_1/B0s/sim_600MHz.csv,True
bmse000463,simulation_1,Trans-trans-Muconic-acid,"InChI=1S/C6H6O4/c7-5(8)3-1-2-4-6(9)10/h1-4H,(H,7,8)(H,9,10)/b3-1+,4-2+",1S/C6H6O4/c7-5(8)3-1-2-4-6(9)10,C6H6O4,499.84,65536,0.00888,7.4,298,,,/reboxitory/2023/12/GISSMO/bmse000463/simulation_1/B0s/sim_600MHz.csv,True
bmse000464,simulation_1,Acetyl-L-carnitine,"InChI=1S/C9H17NO4/c1-7(11)14-8(5-9(12)13)6-10(2,3)4/h8H,5-6H2,1-4H3/t8-/m1/s1","1S/C9H17NO4/c1-7(11)14-8(5-9(12)13)6-10(2,3)4",C9H17NO4,499.84,65536,0.01866,7.4,298,,,/reboxitory/2023/12/GISSMO/bmse000464/simulation_1/B0s/sim_600MHz.csv,True
bmse000465,simulation_1,Phthalaldehydic-acid,"InChI=1S/C8H6O3/c9-5-6-3-1-2-4-7(6)8(10)11/h1-5H,(H,10,11)",1S/C8H6O3/c9-5-6-3-1-2-4-7(6)8(10)11,C8H6O3,499.84,65536,0.01603,7.4,298,,,/reboxitory/2023/12/GISSMO/bmse000465/simulation_1/B0s/sim_600MHz.csv,True
bmse000466,simulation_1,DL-beta-leucine,"InChI=1S/C6H13NO2/c1-4(2)5(7)3-6(8)9/h4-5H,3,7H2,1-2H3,(H,8,9)/t5-/m1/s1",1S/C6H13NO2/c1-4(2)5(7)3-6(8)9,C6H13NO2,499.84,65536,0.00996,7.4,298,,,/reboxitory/2023/12/GISSMO/bmse000466/simulation_1/B0s/sim_600MHz.csv,True
bmse000467,simulation_1,Acetaldehyde-oxime-mixture,"InChI=1S/C2H5NO/c1-2-3-4/h2,4H,1H3/b3-2+",1S/C2H5NO/c1-2-3-4,C2H5NO,499.84,65536,0.02098,7.4,298,,,/reboxitory/2023/12/GISSMO/bmse000467/simulation_1/B0s/sim_600MHz.csv,True
bmse000468,simulation_1,4-Acetamidobutyric-acid,"InChI=1S/C6H11NO3/c1-5(8)7-4-2-3-6(9)10/h2-4H2,1H3,(H,7,8)(H,9,10)",1S/C6H11NO3/c1-5(8)7-4-2-3-6(9)10,C6H11NO3,499.84,65536,0.00866,7.4,298,,,/reboxitory/2023/12/GISSMO/bmse000468/simulation_1/B0s/sim_600MHz.csv,True
bmse000471,simulation_1,Glyoxylic-acid,"InChI=1S/C2H2O3/c3-1-2(4)5/h1H,(H,4,5)",1S/C2H2O3/c3-1-2(4)5,C2H2O3,499.84,65536,0.00796,7.4,298,,,/reboxitory/2023/12/GISSMO/bmse000471/simulation_1/B0s/sim_600MHz.csv,True
bmse000473,simulation_1,3-2-Hydroxyethyl-indole,"InChI=1S/C10H11NO/c12-6-5-8-7-11-10-4-2-1-3-9(8)10/h1-4,7,11-12H,5-6H2",1S/C10H11NO/c12-6-5-8-7-11-10-4-2-1-3-9(8)10,C10H11NO,499.84,65536,0.01905,n/a,298,,,/reboxitory/2023/12/GISSMO/bmse000473/simulation_1/B0s/sim_600MHz.csv,True
bmse000475,simulation_1,4-Methylcatechol,"InChI=1S/C7H8O2/c1-5-2-3-6(8)7(9)4-5/h2-4,8-9H,1H3",1S/C7H8O2/c1-5-2-3-6(8)7(9)4-5,C7H8O2,499.84,65536,0.01443,7.4,298,,,/reboxitory/2023/12/GISSMO/bmse000475/simulation_1/B0s/sim_600MHz.csv,True
bmse000479,simulation_1,N-acetyl-D-Phenyl-alanine,"InChI=1S/C11H13NO3/c1-8(13)12-10(11(14)15)7-9-5-3-2-4-6-9/h2-6,10H,7H2,1H3,(H,12,13)(H,14,15)/t10-/m1/s1",1S/C11H13NO3/c1-8(13)12-10(11(14)15)7-9-5-3-2-4-6-9,C11H13NO3,499.84,65536,0.01946,7.4,298,,,/reboxitory/2023/12/GISSMO/bmse000479/simulation_1/B0s/sim_600MHz.csv,True
bmse000481,simulation_1,Phenyl-acetate,"InChI=1S/C8H8O2/c1-7(9)10-8-5-3-2-4-6-8/h2-6H,1H3",1S/C8H8O2/c1-7(9)10-8-5-3-2-4-6-8,C8H8O2,499.84,65536,0.01018,n/a,298,,,/reboxitory/2023/12/GISSMO/bmse000481/simulation_1/B0s/sim_600MHz.csv,True
bmse000483,simulation_1,R-(+)-2-Pyrrolidinone-5-carboxylate,"InChI=1S/C5H7NO3/c7-4-2-1-3(6-4)5(8)9/h3H,1-2H2,(H,6,7)(H,8,9)/t3-/m1/s1",1S/C5H7NO3/c7-4-2-1-3(6-4)5(8)9,C5H7NO3,499.84,32768,0.01066,7.4,298,,,/reboxitory/2023/12/GISSMO/bmse000483/simulation_1/B0s/sim_600MHz.csv,True
bmse000486,simulation_1,Vanillic acid,"InChI=1S/C8H8O4/c1-12-7-4-5(8(10)11)2-3-6(7)9/h2-4,9H,1H3,(H,10,11)",1S/C8H8O4/c1-12-7-4-5(8(10)11)2-3-6(7)9,C8H8O4,499.84,65536,0.00511,7.4,298,,,/reboxitory/2023/12/GISSMO/bmse000486/simulation_1/B0s/sim_600MHz.csv,True
bmse000488,simulation_1,3-Indoleacetonitrile,"InChI=1S/C10H8N2/c11-6-5-8-7-12-10-4-2-1-3-9(8)10/h1-4,7,12H,5H2",1S/C10H8N2/c11-6-5-8-7-12-10-4-2-1-3-9(8)10,C10H8N2,499.84,65536,0.01609,n/a,298,,,/reboxitory/2023/12/GISSMO/bmse000488/simulation_1/B0s/sim_600MHz.csv,True
bmse000496,simulation_1,Indanone,"InChI=1S/C9H8O/c10-9-6-5-7-3-1-2-4-8(7)9/h1-4H,5-6H2",1S/C9H8O/c10-9-6-5-7-3-1-2-4-8(7)9,C9H8O,400.13,32768,0.01897,n/a,298,,,/reboxitory/2023/12/GISSMO/bmse000496/simulation_1/B0s/sim_600MHz.csv,True
bmse000503,simulation_1,P-cymene,"InChI=1S/C10H14/c1-8(2)10-6-4-9(3)5-7-10/h4-8H,1-3H3",1S/C10H14/c1-8(2)10-6-4-9(3)5-7-10,C10H14,400.13,32768,0.01162,n/a,298,,,/reboxitory/2023/12/GISSMO/bmse000503/simulation_1/B0s/sim_600MHz.csv,True
bmse000505,simulation_1,4-Isopropylbenzyl alcohol,"InChI=1S/C10H14O/c1-8(2)10-5-3-9(7-11)4-6-10/h3-6,8,11H,7H2,1-2H3",1S/C10H14O/c1-8(2)10-5-3-9(7-11)4-6-10,C10H14O,400.13,32768,,,,,,/reboxitory/2023/12/GISSMO/bmse000505/simulation_1/B0s/sim_600MHz.csv,True
bmse000506,simulation_1,Biphenyl,InChI=1S/C12H10/c1-3-7-11(8-4-1)12-9-5-2-6-10-12/h1-10H,1S/C12H10/c1-3-7-11(8-4-1)12-9-5-2-6-10-12,C12H10,400.13,32768,0.01727,n/a,298,,,/reboxitory/2023/12/GISSMO/bmse000506/simulation_1/B0s/sim_600MHz.csv,True
bmse000508,simulation_1,Cuminaldehyde,"InChI=1S/C10H12O/c1-8(2)10-5-3-9(7-11)4-6-10/h3-8H,1-2H3",1S/C10H12O/c1-8(2)10-5-3-9(7-11)4-6-10,C10H12O,400.13,32768,0.01561,n/a,298,,,/reboxitory/2023/12/GISSMO/bmse000508/simulation_1/B0s/sim_600MHz.csv,True
bmse000513,simulation_1,1-4-Cyclohexanedione,InChI=1S/C6H8O2/c7-5-1-2-6(8)4-3-5/h1-4H2,1S/C6H8O2/c7-5-1-2-6(8)4-3-5,C6H8O2,499.84,65536,0.01027,n/a,298,,,/reboxitory/2023/12/GISSMO/bmse000513/simulation_1/B0s/sim_600MHz.csv,True
bmse000514,simulation_1,2-Indanone,"InChI=1S/C9H8O/c10-9-5-7-3-1-2-4-8(7)6-9/h1-4H,5-6H2",1S/C9H8O/c10-9-5-7-3-1-2-4-8(7)6-9,C9H8O,499.84,65536,0.02115,n/a,298,,,/reboxitory/2023/12/GISSMO/bmse000514/simulation_1/B0s/sim_600MHz.csv,True
bmse000516,simulation_1,3-Methylindole,"InChI=1S/C9H9N/c1-7-6-10-9-5-3-2-4-8(7)9/h2-6,10H,1H3",1S/C9H9N/c1-7-6-10-9-5-3-2-4-8(7)9,C9H9N,499.84,65536,0.01850,n/a,298,,,/reboxitory/2023/12/GISSMO/bmse000516/simulation_1/B0s/sim_600MHz.csv,True
bmse000517,simulation_1,4-4-Dichlorobenzophenone,InChI=1S/C13H8Cl2O/c14-11-5-1-9(2-6-11)13(16)10-3-7-12(15)8-4-10/h1-8H,1S/C13H8Cl2O/c14-11-5-1-9(2-6-11)13(16)10-3-7-12(15)8-4-10,C13H8Cl2O,499.84,65536,0.01247,n/a,298,,,/reboxitory/2023/12/GISSMO/bmse000517/simulation_1/B0s/sim_600MHz.csv,True
bmse000518,simulation_1,4-Chloroacetophenone,"InChI=1S/C8H7ClO/c1-6(10)7-2-4-8(9)5-3-7/h2-5H,1H3",1S/C8H7ClO/c1-6(10)7-2-4-8(9)5-3-7,C8H7ClO,499.84,65536,0.01325,n/a,298,,,/reboxitory/2023/12/GISSMO/bmse000518/simulation_1/B0s/sim_600MHz.csv,True
bmse000520,simulation_1,4-Methylbenzyl-alcohol,"InChI=1S/C8H10O/c1-7-2-4-8(6-9)5-3-7/h2-5,9H,6H2,1H3",1S/C8H10O/c1-7-2-4-8(6-9)5-3-7,C8H10O,499.84,32768,0.01895,n/a,298,,,/reboxitory/2023/12/GISSMO/bmse000520/simulation_1/B0s/sim_600MHz.csv,True
bmse000521,simulation_1,9-Fluorenone,InChI=1S/C13H8O/c14-13-11-7-3-1-5-9(11)10-6-2-4-8-12(10)13/h1-8H,1S/C13H8O/c14-13-11-7-3-1-5-9(11)10-6-2-4-8-12(10)13,C13H8O,499.84,65536,0.02120,n/a,298,,,/reboxitory/2023/12/GISSMO/bmse000521/simulation_1/B0s/sim_600MHz.csv,True
bmse000524,simulation_1,Fluorene,"InChI=1S/C13H10/c1-3-7-12-10(5-1)9-11-6-2-4-8-13(11)12/h1-8H,9H2",1S/C13H10/c1-3-7-12-10(5-1)9-11-6-2-4-8-13(11)12,C13H10,499.84,65536,0.02413,n/a,298,,,/reboxitory/2023/12/GISSMO/bmse000524/simulation_1/B0s/sim_600MHz.csv,True
bmse000526,simulation_1,O-xylene,"InChI=1S/C8H10/c1-7-5-3-4-6-8(7)2/h3-6H,1-2H3",1S/C8H10/c1-7-5-3-4-6-8(7)2,C8H10,499.84,65536,0.00762,n/a,298,,,/reboxitory/2023/12/GISSMO/bmse000526/simulation_1/B0s/sim_600MHz.csv,True
bmse000527,simulation_1,P-tolualdehyde,"InChI=1S/C8H8O/c1-7-2-4-8(6-9)5-3-7/h2-6H,1H3",1S/C8H8O/c1-7-2-4-8(6-9)5-3-7,C8H8O,499.84,65536,0.01713,n/a,298,,,/reboxitory/2023/12/GISSMO/bmse000527/simulation_1/B0s/sim_600MHz.csv,True
bmse000531,simulation_1,1-Methylnaphthalene,"InChI=1S/C11H10/c1-9-5-4-7-10-6-2-3-8-11(9)10/h2-8H,1H3",1S/C11H10/c1-9-5-4-7-10-6-2-3-8-11(9)10,C11H10,499.84,65536,0.01713,n/a,298,,,/reboxitory/2023/12/GISSMO/bmse000531/simulation_1/B0s/sim_600MHz.csv,True
bmse000532,simulation_1,1-Naphthaldehyde,InChI=1S/C11H8O/c12-8-10-6-3-5-9-4-1-2-7-11(9)10/h1-8H,1S/C11H8O/c12-8-10-6-3-5-9-4-1-2-7-11(9)10,C11H8O,499.84,65536,0.02224,n/a,298,,,/reboxitory/2023/12/GISSMO/bmse000532/simulation_1/B0s/sim_600MHz.csv,True
bmse000536,simulation_1,2-Hexenal,"InChI=1S/C6H10O/c1-2-3-4-5-6-7/h4-6H,2-3H2,1H3/b5-4+",1S/C6H10O/c1-2-3-4-5-6-7,C6H10O,499.84,65536,0.01360,n/a,298,,,/reboxitory/2023/12/GISSMO/bmse000536/simulation_1/B0s/sim_600MHz.csv,True
bmse000537,simulation_1,2-Methylnaphthalene,"InChI=1S/C11H10/c1-9-6-7-10-4-2-3-5-11(10)8-9/h2-8H,1H3",1S/C11H10/c1-9-6-7-10-4-2-3-5-11(10)8-9,C11H10,400.13,32768,0.01645,n/a,298,,,/reboxitory/2023/12/GISSMO/bmse000537/simulation_1/B0s/sim_600MHz.csv,True
bmse000538,simulation_1,3-Hydroxy-2-methyl-4-pyrone,"InChI=1S/C6H6O3/c1-4-6(8)5(7)2-3-9-4/h2-3,8H,1H3",1S/C6H6O3/c1-4-6(8)5(7)2-3-9-4,C6H6O3,400.13,32768,0.00764,n/a,298,,,/reboxitory/2023/12/GISSMO/bmse000538/simulation_1/B0s/sim_600MHz.csv,True
bmse000539,simulation_1,3-Isochromanone,"InChI=1S/C9H8O2/c10-9-5-7-3-1-2-4-8(7)6-11-9/h1-4H,5-6H2",1S/C9H8O2/c10-9-5-7-3-1-2-4-8(7)6-11-9,C9H8O2,400.13,32768,0.01285,n/a,298,,,/reboxitory/2023/12/GISSMO/bmse000539/simulation_1/B0s/sim_600MHz.csv,True
bmse000540,simulation_1,3-Methylbenzyl-alcohol,"InChI=1S/C8H10O/c1-7-3-2-4-8(5-7)6-9/h2-5,9H,6H2,1H3",1S/C8H10O/c1-7-3-2-4-8(5-7)6-9,C8H10O,499.84,65536,0.03040,n/a,298,,,/reboxitory/2023/12/GISSMO/bmse000540/simulation_1/B0s/sim_600MHz.csv,True
bmse000545,simulation_1,Cyclohexane,InChI=1S/C6H12/c1-2-4-6-5-3-1/h1-6H2,1S/C6H12/c1-2-4-6-5-3-1,C6H12,499.84,65536,0.00484,n/a,298,,,/reboxitory/2023/12/GISSMO/bmse000545/simulation_1/B0s/sim_600MHz.csv,True
bmse000548,simulation_1,Dibenzofuran,InChI=1S/C12H8O/c1-3-7-11-9(5-1)10-6-2-4-8-12(10)13-11/h1-8H,1S/C12H8O/c1-3-7-11-9(5-1)10-6-2-4-8-12(10)13-11,C12H8O,400.13,32768,0.01055,n/a,298,,,/reboxitory/2023/12/GISSMO/bmse000548/simulation_1/B0s/sim_600MHz.csv,True
bmse000552,simulation_1,M-tolualdehyde,"InChI=1S/C8H8O/c1-7-3-2-4-8(5-7)6-9/h2-6H,1H3",1S/C8H8O/c1-7-3-2-4-8(5-7)6-9,C8H8O,499.84,65536,0.01131,n/a,298,,,/reboxitory/2023/12/GISSMO/bmse000552/simulation_1/B0s/sim_600MHz.csv,True
bmse000553,simulation_1,M-toluic-acid,"InChI=1S/C8H8O2/c1-6-3-2-4-7(5-6)8(9)10/h2-5H,1H3,(H,9,10)",1S/C8H8O2/c1-6-3-2-4-7(5-6)8(9)10,C8H8O2,400.13,32768,0.01514,n/a,298,,,/reboxitory/2023/12/GISSMO/bmse000553/simulation_1/B0s/sim_600MHz.csv,True
bmse000554,simulation_1,M-xylene,"InChI=1S/C8H10/c1-7-4-3-5-8(2)6-7/h3-6H,1-2H3",1S/C8H10/c1-7-4-3-5-8(2)6-7,C8H10,499.84,65536,0.01714,n/a,298,,,/reboxitory/2023/12/GISSMO/bmse000554/simulation_1/B0s/sim_600MHz.csv,True
bmse000556,simulation_1,O-tolualdehyde,"InChI=1S/C8H8O/c1-7-4-2-3-5-8(7)6-9/h2-6H,1H3",1S/C8H8O/c1-7-4-2-3-5-8(7)6-9,C8H8O,499.84,65536,0.02072,n/a,298,,,/reboxitory/2023/12/GISSMO/bmse000556/simulation_1/B0s/sim_600MHz.csv,True
bmse000557,simulation_1,O-toluic-acid,"InChI=1S/C8H8O2/c1-6-4-2-3-5-7(6)8(9)10/h2-5H,1H3,(H,9,10)",1S/C8H8O2/c1-6-4-2-3-5-7(6)8(9)10,C8H8O2,499.84,65536,0.01541,n/a,298,,,/reboxitory/2023/12/GISSMO/bmse000557/simulation_1/B0s/sim_600MHz.csv,True
bmse000560,simulation_1,Phenanthrene,InChI=1S/C14H10/c1-3-7-13-11(5-1)9-10-12-6-2-4-8-14(12)13/h1-10H,1S/C14H10/c1-3-7-13-11(5-1)9-10-12-6-2-4-8-14(12)13,C14H10,499.84,65536,0.01545,n/a,298,,,/reboxitory/2023/12/GISSMO/bmse000560/simulation_1/B0s/sim_600MHz.csv,True
bmse000564,simulation_1,9-Hydroxyfluorene,"InChI=1S/C13H10O/c14-13-11-7-3-1-5-9(11)10-6-2-4-8-12(10)13/h1-8,13-14H",1S/C13H10O/c14-13-11-7-3-1-5-9(11)10-6-2-4-8-12(10)13,C13H10O,400.13,32768,0.02791,n/a,298,,,/reboxitory/2023/12/GISSMO/bmse000564/simulation_1/B0s/sim_600MHz.csv,True
bmse000567,simulation_1,Tetrabromobisphenol-A,"InChI=1S/C15H12Br4O2/c1-15(2,7-3-9(16)13(20)10(17)4-7)8-5-11(18)14(21)12(19)6-8/h3-6,20-21H,1-2H3","1S/C15H12Br4O2/c1-15(2,7-3-9(16)13(20)10(17)4-7)8-5-11(18)14(21)12(19)6-8",C15H12Br4O2,499.84,65536,0.00649,n/a,298,,,/reboxitory/2023/12/GISSMO/bmse000567/simulation_1/B0s/sim_600MHz.csv,True
bmse000568,simulation_1,1-2-Dichloroethane,InChI=1S/C2H4Cl2/c3-1-2-4/h1-2H2,1S/C2H4Cl2/c3-1-2-4,C2H4Cl2,400.13,32768,0.00862,n/a,298,,,/reboxitory/2023/12/GISSMO/bmse000568/simulation_1/B0s/sim_600MHz.csv,True
bmse000570,simulation_1,2-Hydroxy-3-methylbutyric-acid,"InChI=1S/C5H10O3/c1-3(2)4(6)5(7)8/h3-4,6H,1-2H3,(H,7,8)/t4-/m0/s1",1S/C5H10O3/c1-3(2)4(6)5(7)8,C5H10O3,499.84,65536,0.00678,7.4,298,,,/reboxitory/2023/12/GISSMO/bmse000570/simulation_1/B0s/sim_600MHz.csv,True
bmse000573,simulation_1,3-Hydroxymandelic-acid,"InChI=1S/C8H8O4/c9-6-3-1-2-5(4-6)7(10)8(11)12/h1-4,7,9-10H,(H,11,12)/t7-/m1/s1",1S/C8H8O4/c9-6-3-1-2-5(4-6)7(10)8(11)12,C8H8O4,400.13,32768,0.01404,7.4,298,,,/reboxitory/2023/12/GISSMO/bmse000573/simulation_1/B0s/sim_600MHz.csv,True
bmse000574,simulation_1,3-Methyl-2-oxopentanoic acid,"InChI=1S/C6H10O3/c1-3-4(2)5(7)6(8)9/h4H,3H2,1-2H3,(H,8,9)/t4-/m1/s1",1S/C6H10O3/c1-3-4(2)5(7)6(8)9,C6H10O3,499.84,65536,0.00772,7.4,298,,,/reboxitory/2023/12/GISSMO/bmse000574/simulation_1/B0s/sim_600MHz.csv,True
bmse000576,simulation_1,Acetosyringone,"InChI=1S/C10H12O4/c1-6(11)7-4-8(13-2)10(12)9(5-7)14-3/h4-5,12H,1-3H3",1S/C10H12O4/c1-6(11)7-4-8(13-2)10(12)9(5-7)14-3,C10H12O4,499.84,65536,0.00257,n/a,298,,,/reboxitory/2023/12/GISSMO/bmse000576/simulation_1/B0s/sim_600MHz.csv,True
bmse000578,simulation_1,Ethylmalonic acid,"InChI=1S/C5H8O4/c1-2-3(4(6)7)5(8)9/h3H,2H2,1H3,(H,6,7)(H,8,9)",1S/C5H8O4/c1-2-3(4(6)7)5(8)9,C5H8O4,499.84,65536,0.02072,7.4,298,,,/reboxitory/2023/12/GISSMO/bmse000578/simulation_1/B0s/sim_600MHz.csv,True
bmse000579,simulation_1,Monoethyl-malonate,"InChI=1S/C5H8O4/c1-2-9-5(8)3-4(6)7/h2-3H2,1H3,(H,6,7)",1S/C5H8O4/c1-2-9-5(8)3-4(6)7,C5H8O4,499.84,65536,0.01897,7.4,298,,,/reboxitory/2023/12/GISSMO/bmse000579/simulation_1/B0s/sim_600MHz.csv,True
bmse000581,simulation_1,3-Methyl-2-butenoic-acid,"InChI=1S/C5H8O2/c1-4(2)3-5(6)7/h3H,1-2H3,(H,6,7)",1S/C5H8O2/c1-4(2)3-5(6)7,C5H8O2,499.84,65536,0.00916,7.4,298,,,/reboxitory/2023/12/GISSMO/bmse000581/simulation_1/B0s/sim_600MHz.csv,True
bmse000582,simulation_1,4-Hydroxybenzaldehyde,"InChI=1S/C7H6O2/c8-5-6-1-3-7(9)4-2-6/h1-5,9H",1S/C7H6O2/c8-5-6-1-3-7(9)4-2-6,C7H6O2,499.84,65536,0.00812,n/a,298,,,/reboxitory/2023/12/GISSMO/bmse000582/simulation_1/B0s/sim_600MHz.csv,True
bmse000583,simulation_1,4-Hydroxy-benzoic acid,"InChI=1S/C7H6O3/c8-6-3-1-5(2-4-6)7(9)10/h1-4,8H,(H,9,10)",1S/C7H6O3/c8-6-3-1-5(2-4-6)7(9)10,C7H6O3,499.84,65536,0.00484,n/a,298,,,/reboxitory/2023/12/GISSMO/bmse000583/simulation_1/B0s/sim_600MHz.csv,True
bmse000584,simulation_1,Acetovanillone,"InChI=1S/C9H10O3/c1-6(10)7-3-4-8(11)9(5-7)12-2/h3-5,11H,1-2H3",1S/C9H10O3/c1-6(10)7-3-4-8(11)9(5-7)12-2,C9H10O3,499.84,65536,0.02786,n/a,298,,,/reboxitory/2023/12/GISSMO/bmse000584/simulation_1/B0s/sim_600MHz.csv,True
bmse000585,simulation_1,Dihydroconiferyl-alcohol,"InChI=1S/C10H14O3/c1-13-10-7-8(3-2-6-11)4-5-9(10)12/h4-5,7,11-12H,2-3,6H2,1H3",1S/C10H14O3/c1-13-10-7-8(3-2-6-11)4-5-9(10)12,C10H14O3,499.84,65536,0.01540,n/a,298,,,/reboxitory/2023/12/GISSMO/bmse000585/simulation_1/B0s/sim_600MHz.csv,True
bmse000587,simulation_1,Ferulic acid,"InChI=1S/C10H10O4/c1-14-9-6-7(2-4-8(9)11)3-5-10(12)13/h2-6,11H,1H3,(H,12,13)/b5-3+",1S/C10H10O4/c1-14-9-6-7(2-4-8(9)11)3-5-10(12)13,C10H10O4,499.84,65536,0.00500,n/a,298,,,/reboxitory/2023/12/GISSMO/bmse000587/simulation_1/B0s/sim_600MHz.csv,True
bmse000589,simulation_1,Methyl-sinapate,"InChI=1S/C12H14O5/c1-15-9-6-8(4-5-11(13)17-3)7-10(16-2)12(9)14/h4-7,14H,1-3H3/b5-4+",1S/C12H14O5/c1-15-9-6-8(4-5-11(13)17-3)7-10(16-2)12(9)14,C12H14O5,499.84,65536,0.01797,n/a,298,,,/reboxitory/2023/12/GISSMO/bmse000589/simulation_1/B0s/sim_600MHz.csv,True
bmse000590,simulation_1,Palmitic-acid,"InChI=1S/C16H32O2/c1-2-3-4-5-6-7-8-9-10-11-12-13-14-15-16(17)18/h2-15H2,1H3,(H,17,18)",1S/C16H32O2/c1-2-3-4-5-6-7-8-9-10-11-12-13-14-15-16(17)18,C16H32O2,400.13,32768,0.03463,n/a,298,,,/reboxitory/2023/12/GISSMO/bmse000590/simulation_1/B0s/sim_600MHz.csv,True
bmse000591,simulation_1,P-coumaric-acid,"InChI=1S/C9H8O3/c10-8-4-1-7(2-5-8)3-6-9(11)12/h1-6,10H,(H,11,12)/b6-3+",1S/C9H8O3/c10-8-4-1-7(2-5-8)3-6-9(11)12,C9H8O3,499.84,65536,0.01897,n/a,298,,,/reboxitory/2023/12/GISSMO/bmse000591/simulation_1/B0s/sim_600MHz.csv,True
bmse000592,simulation_1,P-coumaryl-alcohol,"InChI=1S/C9H10O2/c10-7-1-2-8-3-5-9(11)6-4-8/h1-6,10-11H,7H2/b2-1+",1S/C9H10O2/c10-7-1-2-8-3-5-9(11)6-4-8,C9H10O2,499.84,65536,0.01584,n/a,298,,,/reboxitory/2023/12/GISSMO/bmse000592/simulation_1/B0s/sim_600MHz.csv,True
bmse000593,simulation_1,P-hydroxyacetophenone,"InChI=1S/C8H8O2/c1-6(9)7-2-4-8(10)5-3-7/h2-5,10H,1H3",1S/C8H8O2/c1-6(9)7-2-4-8(10)5-3-7,C8H8O2,499.84,65536,0.02303,n/a,298,,,/reboxitory/2023/12/GISSMO/bmse000593/simulation_1/B0s/sim_600MHz.csv,True
bmse000594,simulation_1,Sinapinic-acid,"InChI=1S/C11H12O5/c1-15-8-5-7(3-4-10(12)13)6-9(16-2)11(8)14/h3-6,14H,1-2H3,(H,12,13)/b4-3+",1S/C11H12O5/c1-15-8-5-7(3-4-10(12)13)6-9(16-2)11(8)14,C11H12O5,499.84,65536,0.01435,n/a,298,,,/reboxitory/2023/12/GISSMO/bmse000594/simulation_1/B0s/sim_600MHz.csv,True
bmse000595,simulation_1,Syringaldehyde,"InChI=1S/C9H10O4/c1-12-7-3-6(5-10)4-8(13-2)9(7)11/h3-5,11H,1-2H3",1S/C9H10O4/c1-12-7-3-6(5-10)4-8(13-2)9(7)11,C9H10O4,499.84,65536,0.01318,n/a,298,,,/reboxitory/2023/12/GISSMO/bmse000595/simulation_1/B0s/sim_600MHz.csv,True
bmse000597,simulation_1,Vanillin,"InChI=1S/C8H8O3/c1-11-8-4-6(5-9)2-3-7(8)10/h2-5,10H,1H3",1S/C8H8O3/c1-11-8-4-6(5-9)2-3-7(8)10,C8H8O3,499.84,65536,0.00540,n/a,298,,,/reboxitory/2023/12/GISSMO/bmse000597/simulation_1/B0s/sim_600MHz.csv,True
bmse000599,simulation_1,4-Isopropylbenzyl alcohol,"InChI=1S/C10H14O/c1-8(2)10-5-3-9(7-11)4-6-10/h3-6,8,11H,7H2,1-2H3",1S/C10H14O/c1-8(2)10-5-3-9(7-11)4-6-10,C10H14O,400.13,32768,0.06537,n/a,298,,,/reboxitory/2023/12/GISSMO/bmse000599/simulation_1/B0s/sim_600MHz.csv,True
bmse000601,simulation_1,Coniferaldehyde,"InChI=1S/C10H10O3/c1-13-10-7-8(3-2-6-11)4-5-9(10)12/h2-7,12H,1H3/b3-2+",1S/C10H10O3/c1-13-10-7-8(3-2-6-11)4-5-9(10)12,C10H10O3,499.84,65536,0.01088,n/a,298,,,/reboxitory/2023/12/GISSMO/bmse000601/simulation_1/B0s/sim_600MHz.csv,True
bmse000602,simulation_1,Coniferyl-alcohol,"InChI=1S/C10H12O3/c1-13-10-7-8(3-2-6-11)4-5-9(10)12/h2-5,7,11-12H,6H2,1H3/b3-2+",1S/C10H12O3/c1-13-10-7-8(3-2-6-11)4-5-9(10)12,C10H12O3,499.84,65536,0.02313,n/a,298,,,/reboxitory/2023/12/GISSMO/bmse000602/simulation_1/B0s/sim_600MHz.csv,True
bmse000603,simulation_1,Cyclohexanecarboxylic acid,"InChI=1S/C7H12O2/c8-7(9)6-4-2-1-3-5-6/h6H,1-5H2,(H,8,9)",1S/C7H12O2/c8-7(9)6-4-2-1-3-5-6,C7H12O2,400.13,32768,0.01968,n/a,298,,,/reboxitory/2023/12/GISSMO/bmse000603/simulation_1/B0s/sim_600MHz.csv,True
bmse000605,simulation_1,Methyl-4-coumarate,"InChI=1S/C10H10O3/c1-13-10(12)7-4-8-2-5-9(11)6-3-8/h2-7,11H,1H3/b7-4+",1S/C10H10O3/c1-13-10(12)7-4-8-2-5-9(11)6-3-8,C10H10O3,499.84,65536,0.01072,n/a,298,,,/reboxitory/2023/12/GISSMO/bmse000605/simulation_1/B0s/sim_600MHz.csv,True
bmse000606,simulation_1,Sinapaldehyde,"InChI=1S/C11H12O4/c1-14-9-6-8(4-3-5-12)7-10(15-2)11(9)13/h3-7,13H,1-2H3/b4-3+",1S/C11H12O4/c1-14-9-6-8(4-3-5-12)7-10(15-2)11(9)13,C11H12O4,499.84,65536,0.02003,n/a,298,,,/reboxitory/2023/12/GISSMO/bmse000606/simulation_1/B0s/sim_600MHz.csv,True
bmse000607,simulation_1,Syringic-acid,"InChI=1S/C9H10O5/c1-13-6-3-5(9(11)12)4-7(14-2)8(6)10/h3-4,10H,1-2H3,(H,11,12)",1S/C9H10O5/c1-13-6-3-5(9(11)12)4-7(14-2)8(6)10,C9H10O5,499.84,65536,0.00958,n/a,298,,,/reboxitory/2023/12/GISSMO/bmse000607/simulation_1/B0s/sim_600MHz.csv,True
bmse000609,simulation_1,Methyl-ferulate,"InChI=1S/C11H12O4/c1-14-10-7-8(3-5-9(10)12)4-6-11(13)15-2/h3-7,12H,1-2H3/b6-4+",1S/C11H12O4/c1-14-10-7-8(3-5-9(10)12)4-6-11(13)15-2,C11H12O4,499.84,65536,,n/a,298,,,/reboxitory/2023/12/GISSMO/bmse000609/simulation_1/B0s/sim_600MHz.csv,True
bmse000610,simulation_1,N-acetylglycine,"InChI=1S/C4H7NO3/c1-3(6)5-2-4(7)8/h2H2,1H3,(H,5,6)(H,7,8)",1S/C4H7NO3/c1-3(6)5-2-4(7)8,C4H7NO3,400.13,32768,0.01696,7.4,298,,,/reboxitory/2023/12/GISSMO/bmse000610/simulation_1/B0s/sim_600MHz.csv,True
bmse000611,simulation_1,P-coumaraldehyde,"InChI=1S/C9H8O2/c10-7-1-2-8-3-5-9(11)6-4-8/h1-7,11H/b2-1+",1S/C9H8O2/c10-7-1-2-8-3-5-9(11)6-4-8,C9H8O2,499.84,65536,0.00746,n/a,298,,,/reboxitory/2023/12/GISSMO/bmse000611/simulation_1/B0s/sim_600MHz.csv,True
bmse000614,simulation_1,Vanillic acid,"InChI=1S/C8H8O4/c1-12-7-4-5(8(10)11)2-3-6(7)9/h2-4,9H,1H3,(H,10,11)",1S/C8H8O4/c1-12-7-4-5(8(10)11)2-3-6(7)9,C8H8O4,499.84,65536,0.00461,n/a,298,,,/reboxitory/2023/12/GISSMO/bmse000614/simulation_1/B0s/sim_600MHz.csv,True
bmse000615,simulation_1,2-Furoylglycine,"InChI=1S/C7H7NO4/c9-6(10)4-8-7(11)5-2-1-3-12-5/h1-3H,4H2,(H,8,11)(H,9,10)",1S/C7H7NO4/c9-6(10)4-8-7(11)5-2-1-3-12-5,C7H7NO4,499.84,65536,0.01178,7.4,298,,,/reboxitory/2023/12/GISSMO/bmse000615/simulation_1/B0s/sim_600MHz.csv,True
bmse000617,simulation_1,2-Phenylbutyric-acid,"InChI=1S/C10H12O2/c1-2-9(10(11)12)8-6-4-3-5-7-8/h3-7,9H,2H2,1H3,(H,11,12)/t9-/m0/s1",1S/C10H12O2/c1-2-9(10(11)12)8-6-4-3-5-7-8,C10H12O2,499.84,65536,0.01243,7.4,298,,,/reboxitory/2023/12/GISSMO/bmse000617/simulation_1/B0s/sim_600MHz.csv,True
bmse000618,simulation_1,3-Hydroxy-4-methoxycinnamic-acid,"InChI=1S/C10H10O4/c1-14-9-4-2-7(6-8(9)11)3-5-10(12)13/h2-6,11H,1H3,(H,12,13)/b5-3+",1S/C10H10O4/c1-14-9-4-2-7(6-8(9)11)3-5-10(12)13,C10H10O4,499.84,65536,0.00669,7.4,298,,,/reboxitory/2023/12/GISSMO/bmse000618/simulation_1/B0s/sim_600MHz.csv,True
bmse000619,simulation_1,3-Methyladipic-acid,"InChI=1S/C7H12O4/c1-5(4-7(10)11)2-3-6(8)9/h5H,2-4H2,1H3,(H,8,9)(H,10,11)/t5-/m1/s1",1S/C7H12O4/c1-5(4-7(10)11)2-3-6(8)9,C7H12O4,499.84,65536,0.01422,7.4,298,,,/reboxitory/2023/12/GISSMO/bmse000619/simulation_1/B0s/sim_600MHz.csv,True
bmse000620,simulation_1,3-Methylsalicylic-acid,"InChI=1S/C8H8O3/c1-5-3-2-4-6(7(5)9)8(10)11/h2-4,9H,1H3,(H,10,11)",1S/C8H8O3/c1-5-3-2-4-6(7(5)9)8(10)11,C8H8O3,499.84,65536,0.00959,7.4,298,,,/reboxitory/2023/12/GISSMO/bmse000620/simulation_1/B0s/sim_600MHz.csv,True
bmse000621,simulation_1,3-Pyridine-aldoxime,"InChI=1S/C6H6N2O/c9-8-5-6-2-1-3-7-4-6/h1-5,9H/b8-5+",1S/C6H6N2O/c9-8-5-6-2-1-3-7-4-6,C6H6N2O,499.84,65536,0.01428,7.4,298,,,/reboxitory/2023/12/GISSMO/bmse000621/simulation_1/B0s/sim_600MHz.csv,True
bmse000622,simulation_1,3-Pyridinecarbonitrile,"InChI=1S/C6H4N2/c7-4-6-2-1-3-8-5-6/h1-3,5H",1S/C6H4N2/c7-4-6-2-1-3-8-5-6,C6H4N2,499.84,65536,0.02174,7.4,298,,,/reboxitory/2023/12/GISSMO/bmse000622/simulation_1/B0s/sim_600MHz.csv,True
bmse000623,simulation_1,4-Hydroxybenzyl-alcohol,"InChI=1S/C7H8O2/c8-5-6-1-3-7(9)4-2-6/h1-4,8-9H,5H2",1S/C7H8O2/c8-5-6-1-3-7(9)4-2-6,C7H8O2,499.84,65536,0.00737,7.4,298,,,/reboxitory/2023/12/GISSMO/bmse000623/simulation_1/B0s/sim_600MHz.csv,True
bmse000624,simulation_1,4-Methylsalicylic-acid,"InChI=1S/C8H8O3/c1-5-2-3-6(8(10)11)7(9)4-5/h2-4,9H,1H3,(H,10,11)",1S/C8H8O3/c1-5-2-3-6(8(10)11)7(9)4-5,C8H8O3,499.84,65536,0.01297,7.4,298,,,/reboxitory/2023/12/GISSMO/bmse000624/simulation_1/B0s/sim_600MHz.csv,True
bmse000625,simulation_1,4-Methylvaleric-acid,"InChI=1S/C6H12O2/c1-5(2)3-4-6(7)8/h5H,3-4H2,1-2H3,(H,7,8)",1S/C6H12O2/c1-5(2)3-4-6(7)8,C6H12O2,499.84,65536,0.01129,n/a,298,,,/reboxitory/2023/12/GISSMO/bmse000625/simulation_1/B0s/sim_600MHz.csv,True
bmse000626,simulation_1,5-Methoxytryptamine,"InChI=1S/C11H14N2O/c1-14-9-2-3-11-10(6-9)8(4-5-12)7-13-11/h2-3,6-7,13H,4-5,12H2,1H3",1S/C11H14N2O/c1-14-9-2-3-11-10(6-9)8(4-5-12)7-13-11,C11H14N2O,499.84,65536,0.01892,N/A,298,,,/reboxitory/2023/12/GISSMO/bmse000626/simulation_1/B0s/sim_600MHz.csv,True
bmse000629,simulation_1,L-4-hydroxyphenylglycine,"InChI=1S/C8H9NO3/c9-7(8(11)12)5-1-3-6(10)4-2-5/h1-4,7,10H,9H2,(H,11,12)/t7-/m0/s1",1S/C8H9NO3/c9-7(8(11)12)5-1-3-6(10)4-2-5,C8H9NO3,499.84,65536,0.00917,7.4,298,,,/reboxitory/2023/12/GISSMO/bmse000629/simulation_1/B0s/sim_600MHz.csv,True
bmse000631,simulation_1,O-phospho-DL-threonine,"InChI=1S/C4H10NO6P/c1-2(3(5)4(6)7)11-12(8,9)10/h2-3H,5H2,1H3,(H,6,7)(H2,8,9,10)/t2-,3+/m1/s1","1S/C4H10NO6P/c1-2(3(5)4(6)7)11-12(8,9)10",C4H10NO6P,499.84,65536,0.01313,7.4,298,,,/reboxitory/2023/12/GISSMO/bmse000631/simulation_1/B0s/sim_600MHz.csv,True
bmse000632,simulation_1,Sulfoacetic-acid,"InChI=1S/C2H4O5S/c3-2(4)1-8(5,6)7/h1H2,(H,3,4)(H,5,6,7)","1S/C2H4O5S/c3-2(4)1-8(5,6)7",C2H4O5S,499.84,65536,0.00640,7.4,298,,,/reboxitory/2023/12/GISSMO/bmse000632/simulation_1/B0s/sim_600MHz.csv,True
bmse000634,simulation_1,4-4-DDT,"InChI=1S/C14H9Cl5/c15-11-5-1-9(2-6-11)13(14(17,18)19)10-3-7-12(16)8-4-10/h1-8,13H","1S/C14H9Cl5/c15-11-5-1-9(2-6-11)13(14(17,18)19)10-3-7-12(16)8-4-10",C14H9Cl5,499.84,32768,0.01394,n/a,298,,,/reboxitory/2023/12/GISSMO/bmse000634/simulation_1/B0s/sim_600MHz.csv,True
bmse000635,simulation_1,4-Chlorophenoxyacetic acid,"InChI=1S/C8H7ClO3/c9-6-1-3-7(4-2-6)12-5-8(10)11/h1-4H,5H2,(H,10,11)",1S/C8H7ClO3/c9-6-1-3-7(4-2-6)12-5-8(10)11,C8H7ClO3,499.84,32768,0.00727,,,,,/reboxitory/2023/12/GISSMO/bmse000635/simulation_1/B0s/sim_600MHz.csv,True
bmse000636,simulation_1,Phenylacetylglycine,"InChI=1S/C10H11NO3/c12-9(11-7-10(13)14)6-8-4-2-1-3-5-8/h1-5H,6-7H2,(H,11,12)(H,13,14)",1S/C10H11NO3/c12-9(11-7-10(13)14)6-8-4-2-1-3-5-8,C10H11NO3,499.84,32768,0.01164,,,,,/reboxitory/2023/12/GISSMO/bmse000636/simulation_1/B0s/sim_600MHz.csv,True
bmse000637,simulation_1,Phosphonoacetic acid,"InChI=1S/C2H5O5P/c3-2(4)1-8(5,6)7/h1H2,(H,3,4)(H2,5,6,7)","1S/C2H5O5P/c3-2(4)1-8(5,6)7",C2H5O5P,499.84,32768,0.00679,,,,,/reboxitory/2023/12/GISSMO/bmse000637/simulation_1/B0s/sim_600MHz.csv,True
bmse000639,simulation_1,1-Methylnicotinamide,"InChI=1S/C7H8N2O/c1-9-4-2-3-6(5-9)7(8)10/h2-5H,1H3,(H-,8,10)/p+1",1S/C7H8N2O/c1-9-4-2-3-6(5-9)7(8)10,C7H8N2O,400.13,32768,0.02214,n/a,298,,,/reboxitory/2023/12/GISSMO/bmse000639/simulation_1/B0s/sim_600MHz.csv,True
bmse000640,simulation_1,2-4-5-Trichlorophenoxyacetic-acid,"InChI=1S/C8H5Cl3O3/c9-4-1-6(11)7(2-5(4)10)14-3-8(12)13/h1-2H,3H2,(H,12,13)",1S/C8H5Cl3O3/c9-4-1-6(11)7(2-5(4)10)14-3-8(12)13,C8H5Cl3O3,400.13,32768,0.01897,n/a,298,,,/reboxitory/2023/12/GISSMO/bmse000640/simulation_1/B0s/sim_600MHz.csv,True
bmse000641,simulation_1,3-Ureidopropionic acid,"InChI=1S/C4H8N2O3/c5-4(9)6-2-1-3(7)8/h1-2H2,(H,7,8)(H3,5,6,9)",1S/C4H8N2O3/c5-4(9)6-2-1-3(7)8,C4H8N2O3,400.13,32768,0.00432,N/A,298,,,/reboxitory/2023/12/GISSMO/bmse000641/simulation_1/B0s/sim_600MHz.csv,True
bmse000645,simulation_1,Indole-3-carboxaldehyde,"InChI=1S/C9H7NO/c11-6-7-5-10-9-4-2-1-3-8(7)9/h1-6,10H",1S/C9H7NO/c11-6-7-5-10-9-4-2-1-3-8(7)9,C9H7NO,400.13,32768,0.01399,n/a,298,,,/reboxitory/2023/12/GISSMO/bmse000645/simulation_1/B0s/sim_600MHz.csv,True
bmse000646,simulation_1,Indole-3-pyruvic-acid,"InChI=1S/C11H9NO3/c13-10(11(14)15)5-7-6-12-9-4-2-1-3-8(7)9/h1-4,6,12H,5H2,(H,14,15)",1S/C11H9NO3/c13-10(11(14)15)5-7-6-12-9-4-2-1-3-8(7)9,C11H9NO3,400.13,32768,0.08575,n/a,298,,,/reboxitory/2023/12/GISSMO/bmse000646/simulation_1/B0s/sim_600MHz.csv,True
bmse000647,simulation_1,Metaldehyde,"InChI=1S/C2H4O/c1-2-3/h2H,1H3",1S/C2H4O/c1-2-3,C2H4O,400.13,32768,0.00780,n/a,298,,,/reboxitory/2023/12/GISSMO/bmse000647/simulation_1/B0s/sim_600MHz.csv,True
bmse000648,simulation_1,Rosmarinic-acid,"InChI=1S/C18H16O8/c19-12-4-1-10(7-14(12)21)3-6-17(23)26-16(18(24)25)9-11-2-5-13(20)15(22)8-11/h1-8,16,19-22H,9H2,(H,24,25)/b6-3+/t16-/m1/s1",1S/C18H16O8/c19-12-4-1-10(7-14(12)21)3-6-17(23)26-16(18(24)25)9-11-2-5-13(20)15(22)8-11,C18H16O8,400.13,32768,0.02584,n/a,298,,,/reboxitory/2023/12/GISSMO/bmse000648/simulation_1/B0s/sim_600MHz.csv,True
bmse000653,simulation_1,O-O-diethyl-thiophosphate,"InChI=1S/C4H11O3PS.K/c1-3-6-8(5,9)7-4-2;/h3-4H2,1-2H3,(H,5,9);/q;+1/p-1","1S/C4H11O3PS.K/c1-3-6-8(5,9)7-4-2;",C4H11O3PS.K,499.84,32768,0.01347,7.4,298,,,/reboxitory/2023/12/GISSMO/bmse000653/simulation_1/B0s/sim_600MHz.csv,True
bmse000654,simulation_1,2-Methylglutaric-acid,"InChI=1S/C6H10O4/c1-4(6(9)10)2-3-5(7)8/h4H,2-3H2,1H3,(H,7,8)(H,9,10)/t4-/m1/s1",1S/C6H10O4/c1-4(6(9)10)2-3-5(7)8,C6H10O4,499.84,32768,0.01600,7.4,298,,,/reboxitory/2023/12/GISSMO/bmse000654/simulation_1/B0s/sim_600MHz.csv,True
bmse000655,simulation_1,Cis-1-2-dihydronaphthalene-1-2-diol,"InChI=1S/C10H10O2/c11-9-6-5-7-3-1-2-4-8(7)10(9)12/h1-6,9-12H/t9-,10+/m0/s1",1S/C10H10O2/c11-9-6-5-7-3-1-2-4-8(7)10(9)12,C10H10O2,499.84,32768,0.01512,7.4,298,,,/reboxitory/2023/12/GISSMO/bmse000655/simulation_1/B0s/sim_600MHz.csv,True
bmse000658,simulation_1,Phenylacetylglycine,"InChI=1S/C10H11NO3/c12-9(11-7-10(13)14)6-8-4-2-1-3-5-8/h1-5H,6-7H2,(H,11,12)(H,13,14)",1S/C10H11NO3/c12-9(11-7-10(13)14)6-8-4-2-1-3-5-8,C10H11NO3,499.84,32768,0.01600,7.4,298,,,/reboxitory/2023/12/GISSMO/bmse000658/simulation_1/B0s/sim_600MHz.csv,True
bmse000659,simulation_1,2-Phenylethanol,"InChI=1S/C8H10O/c9-7-6-8-4-2-1-3-5-8/h1-5,9H,6-7H2",1S/C8H10O/c9-7-6-8-4-2-1-3-5-8,C8H10O,499.84,32768,0.01282,7.4,298,,,/reboxitory/2023/12/GISSMO/bmse000659/simulation_1/B0s/sim_600MHz.csv,True
bmse000660,simulation_1,Phosphonoacetic-acid,"InChI=1S/C2H5O5P/c3-2(4)1-8(5,6)7/h1H2,(H,3,4)(H2,5,6,7)","1S/C2H5O5P/c3-2(4)1-8(5,6)7",C2H5O5P,499.84,32768,0.01479,7.4,298,,,/reboxitory/2023/12/GISSMO/bmse000660/simulation_1/B0s/sim_600MHz.csv,True
bmse000661,simulation_1,2-5-Dichlorohydroquinone,"InChI=1S/C6H4Cl2O2/c7-3-1-5(9)4(8)2-6(3)10/h1-2,9-10H",1S/C6H4Cl2O2/c7-3-1-5(9)4(8)2-6(3)10,C6H4Cl2O2,499.84,32768,0.00906,n/a,298,,,/reboxitory/2023/12/GISSMO/bmse000661/simulation_1/B0s/sim_600MHz.csv,True
bmse000662,simulation_1,4-Isopropylbenzoic-acid,"InChI=1S/C10H12O2/c1-7(2)8-3-5-9(6-4-8)10(11)12/h3-7H,1-2H3,(H,11,12)",1S/C10H12O2/c1-7(2)8-3-5-9(6-4-8)10(11)12,C10H12O2,499.84,32768,0.01115,n/a,298,,,/reboxitory/2023/12/GISSMO/bmse000662/simulation_1/B0s/sim_600MHz.csv,True
bmse000666,simulation_1,Carbazole,"InChI=1S/C12H9N/c1-3-7-11-9(5-1)10-6-2-4-8-12(10)13-11/h1-8,13H",1S/C12H9N/c1-3-7-11-9(5-1)10-6-2-4-8-12(10)13-11,C12H9N,499.84,32768,0.01616,n/a,298,,,/reboxitory/2023/12/GISSMO/bmse000666/simulation_1/B0s/sim_600MHz.csv,True
bmse000668,simulation_1,Benzamide,"InChI=1S/C7H7NO/c8-7(9)6-4-2-1-3-5-6/h1-5H,(H2,8,9)",1S/C7H7NO/c8-7(9)6-4-2-1-3-5-6,C7H7NO,499.84,32768,0.01647,n/a,298,,,/reboxitory/2023/12/GISSMO/bmse000668/simulation_1/B0s/sim_600MHz.csv,True
bmse000670,simulation_1,P-hydroxyacetophenone,"InChI=1S/C8H8O2/c1-6(9)7-2-4-8(10)5-3-7/h2-5,10H,1H3",1S/C8H8O2/c1-6(9)7-2-4-8(10)5-3-7,C8H8O2,499.84,65536,0.00679,n/a,298,,,/reboxitory/2023/12/GISSMO/bmse000670/simulation_1/B0s/sim_600MHz.csv,True
bmse000672,simulation_1,2-4-Dichlorobenzoic-acid,"InChI=1S/C7H4Cl2O2/c8-4-1-2-5(7(10)11)6(9)3-4/h1-3H,(H,10,11)",1S/C7H4Cl2O2/c8-4-1-2-5(7(10)11)6(9)3-4,C7H4Cl2O2,499.84,32768,0.01647,n/a,298,,,/reboxitory/2023/12/GISSMO/bmse000672/simulation_1/B0s/sim_600MHz.csv,True
bmse000673,simulation_1,2-5-Dichlorophenol,"InChI=1S/C6H4Cl2O/c7-4-1-2-5(8)6(9)3-4/h1-3,9H",1S/C6H4Cl2O/c7-4-1-2-5(8)6(9)3-4,C6H4Cl2O,499.84,32768,0.01214,n/a,298,,,/reboxitory/2023/12/GISSMO/bmse000673/simulation_1/B0s/sim_600MHz.csv,True
bmse000674,simulation_1,2-6-Dichlorophenol,"InChI=1S/C6H4Cl2O/c7-4-2-1-3-5(8)6(4)9/h1-3,9H",1S/C6H4Cl2O/c7-4-2-1-3-5(8)6(4)9,C6H4Cl2O,499.84,32768,0.01679,n/a,298,,,/reboxitory/2023/12/GISSMO/bmse000674/simulation_1/B0s/sim_600MHz.csv,True
bmse000675,simulation_1,Hydrocinnamic-acid,"InChI=1S/C9H10O2/c10-9(11)7-6-8-4-2-1-3-5-8/h1-5H,6-7H2,(H,10,11)",1S/C9H10O2/c10-9(11)7-6-8-4-2-1-3-5-8,C9H10O2,499.84,32768,0.00814,n/a,298,,,/reboxitory/2023/12/GISSMO/bmse000675/simulation_1/B0s/sim_600MHz.csv,True
bmse000676,simulation_1,Nitrobenzene,InChI=1S/C6H5NO2/c8-7(9)6-4-2-1-3-5-6/h1-5H,1S/C6H5NO2/c8-7(9)6-4-2-1-3-5-6,C6H5NO2,499.84,32768,0.01679,n/a,298,,,/reboxitory/2023/12/GISSMO/bmse000676/simulation_1/B0s/sim_600MHz.csv,True
bmse000677,simulation_1,Salicylaldehyde,"InChI=1S/C7H6O2/c8-5-6-3-1-2-4-7(6)9/h1-5,9H",1S/C7H6O2/c8-5-6-3-1-2-4-7(6)9,C7H6O2,499.84,32768,0.01679,N/A,298,,,/reboxitory/2023/12/GISSMO/bmse000677/simulation_1/B0s/sim_600MHz.csv,True
bmse000678,simulation_1,2-4-6-Trichlorophenol,"InChI=1S/C6H3Cl3O/c7-3-1-4(8)6(10)5(9)2-3/h1-2,10H",1S/C6H3Cl3O/c7-3-1-4(8)6(10)5(9)2-3,C6H3Cl3O,499.84,32768,0.01207,n/a,298,,,/reboxitory/2023/12/GISSMO/bmse000678/simulation_1/B0s/sim_600MHz.csv,True
bmse000679,simulation_1,2-Naphthaldehyde,InChI=1S/C11H8O/c12-8-9-5-6-10-3-1-2-4-11(10)7-9/h1-8H,1S/C11H8O/c12-8-9-5-6-10-3-1-2-4-11(10)7-9,C11H8O,499.84,32768,0.01207,n/a,298,,,/reboxitory/2023/12/GISSMO/bmse000679/simulation_1/B0s/sim_600MHz.csv,True
bmse000680,simulation_1,3-4-Dihydroxyhydrocinnamate,"InChI=1S/C9H10O4/c10-7-3-1-6(5-8(7)11)2-4-9(12)13/h1,3,5,10-11H,2,4H2,(H,12,13)",1S/C9H10O4/c10-7-3-1-6(5-8(7)11)2-4-9(12)13,C9H10O4,499.84,32768,0.01207,n/a,298,,,/reboxitory/2023/12/GISSMO/bmse000680/simulation_1/B0s/sim_600MHz.csv,True
bmse000681,simulation_1,4-Ethylphenol,"InChI=1S/C8H10O/c1-2-7-3-5-8(9)6-4-7/h3-6,9H,2H2,1H3",1S/C8H10O/c1-2-7-3-5-8(9)6-4-7,C8H10O,499.84,32768,0.01207,n/a,298,,,/reboxitory/2023/12/GISSMO/bmse000681/simulation_1/B0s/sim_600MHz.csv,True
bmse000682,simulation_1,Homoveratric-acid,"InChI=1S/C10H12O4/c1-13-8-4-3-7(6-10(11)12)5-9(8)14-2/h3-5H,6H2,1-2H3,(H,11,12)",1S/C10H12O4/c1-13-8-4-3-7(6-10(11)12)5-9(8)14-2,C10H12O4,499.84,32768,0.02304,n/a,298,,,/reboxitory/2023/12/GISSMO/bmse000682/simulation_1/B0s/sim_600MHz.csv,True
bmse000684,simulation_1,"DL-3,4-dihydroxymandelic acid","InChI=1S/C8H8O5/c9-5-2-1-4(3-6(5)10)7(11)8(12)13/h1-3,7,9-11H,(H,12,13)/t7-/m1/s1",1S/C8H8O5/c9-5-2-1-4(3-6(5)10)7(11)8(12)13,C8H8O5,499.84,32768,0.01019,n/a,298,,,/reboxitory/2023/12/GISSMO/bmse000684/simulation_1/B0s/sim_600MHz.csv,True
bmse000687,simulation_1,N-3-indolylacetyl-L-alanine,"InChI=1S/C13H14N2O3/c1-8(13(17)18)15-12(16)6-9-7-14-11-5-3-2-4-10(9)11/h2-5,7-8,14H,6H2,1H3,(H,15,16)(H,17,18)/t8-/m0/s1",1S/C13H14N2O3/c1-8(13(17)18)15-12(16)6-9-7-14-11-5-3-2-4-10(9)11,C13H14N2O3,499.84,32768,0.01990,n/a,298,,,/reboxitory/2023/12/GISSMO/bmse000687/simulation_1/B0s/sim_600MHz.csv,True
bmse000688,simulation_1,1-4-Dihydroxy-2-naphthoic-acid,"InChI=1S/C11H8O4/c12-9-5-8(11(14)15)10(13)7-4-2-1-3-6(7)9/h1-5,12-13H,(H,14,15)",1S/C11H8O4/c12-9-5-8(11(14)15)10(13)7-4-2-1-3-6(7)9,C11H8O4,499.84,32768,0.01086,n/a,298,,,/reboxitory/2023/12/GISSMO/bmse000688/simulation_1/B0s/sim_600MHz.csv,True
bmse000689,simulation_1,1-Hydroxy-2-naphthoic-acid,"InChI=1S/C11H8O3/c12-10-8-4-2-1-3-7(8)5-6-9(10)11(13)14/h1-6,12H,(H,13,14)",1S/C11H8O3/c12-10-8-4-2-1-3-7(8)5-6-9(10)11(13)14,C11H8O3,499.84,32768,0.01046,n/a,298,,,/reboxitory/2023/12/GISSMO/bmse000689/simulation_1/B0s/sim_600MHz.csv,True
bmse000690,simulation_1,1-Naphthalenemethanol,"InChI=1S/C11H10O/c12-8-10-6-3-5-9-4-1-2-7-11(9)10/h1-7,12H,8H2",1S/C11H10O/c12-8-10-6-3-5-9-4-1-2-7-11(9)10,C11H10O,499.84,32768,0.01875,n/a,298,,,/reboxitory/2023/12/GISSMO/bmse000690/simulation_1/B0s/sim_600MHz.csv,True
bmse000691,simulation_1,2-4-Dichlorophenol,"InChI=1S/C6H4Cl2O/c7-4-1-2-6(9)5(8)3-4/h1-3,9H",1S/C6H4Cl2O/c7-4-1-2-6(9)5(8)3-4,C6H4Cl2O,499.84,32768,0.01059,n/a,298,,,/reboxitory/2023/12/GISSMO/bmse000691/simulation_1/B0s/sim_600MHz.csv,True
bmse000692,simulation_1,2-Amino-3-methoxybenzoic-acid,"InChI=1S/C8H9NO3/c1-12-6-4-2-3-5(7(6)9)8(10)11/h2-4H,9H2,1H3,(H,10,11)",1S/C8H9NO3/c1-12-6-4-2-3-5(7(6)9)8(10)11,C8H9NO3,499.84,32768,0.00809,n/a,298,,,/reboxitory/2023/12/GISSMO/bmse000692/simulation_1/B0s/sim_600MHz.csv,True
bmse000693,simulation_1,2-Naphthoic-acid,"InChI=1S/C11H8O2/c12-11(13)10-6-5-8-3-1-2-4-9(8)7-10/h1-7H,(H,12,13)",1S/C11H8O2/c12-11(13)10-6-5-8-3-1-2-4-9(8)7-10,C11H8O2,499.84,32768,0.00982,n/a,298,,,/reboxitory/2023/12/GISSMO/bmse000693/simulation_1/B0s/sim_600MHz.csv,True
bmse000694,simulation_1,5-Methoxy-3-indoleacetic-acid,"InChI=1S/C11H11NO3/c1-15-8-2-3-10-9(5-8)7(6-12-10)4-11(13)14/h2-3,5-6,12H,4H2,1H3,(H,13,14)",1S/C11H11NO3/c1-15-8-2-3-10-9(5-8)7(6-12-10)4-11(13)14,C11H11NO3,499.84,32768,0.01760,n/a,298,,,/reboxitory/2023/12/GISSMO/bmse000694/simulation_1/B0s/sim_600MHz.csv,True
bmse000695,simulation_1,Benzylsuccinic-acid,"InChI=1S/C11H12O4/c12-10(13)7-9(11(14)15)6-8-4-2-1-3-5-8/h1-5,9H,6-7H2,(H,12,13)(H,14,15)/t9-/m0/s1",1S/C11H12O4/c12-10(13)7-9(11(14)15)6-8-4-2-1-3-5-8,C11H12O4,499.84,32768,0.01449,n/a,298,,,/reboxitory/2023/12/GISSMO/bmse000695/simulation_1/B0s/sim_600MHz.csv,True
bmse000696,simulation_1,Indole-3-acetamide,"InChI=1S/C10H10N2O/c11-10(13)5-7-6-12-9-4-2-1-3-8(7)9/h1-4,6,12H,5H2,(H2,11,13)",1S/C10H10N2O/c11-10(13)5-7-6-12-9-4-2-1-3-8(7)9,C10H10N2O,499.84,32768,0.01600,n/a,298,,,/reboxitory/2023/12/GISSMO/bmse000696/simulation_1/B0s/sim_600MHz.csv,True
bmse000699,simulation_1,Thiamine-monophosphate,"InChI=1S/C12H17N4O4PS/c1-8-11(3-4-20-21(17,18)19)22-7-16(8)6-10-5-14-9(2)15-12(10)13/h5,7H,3-4,6H2,1-2H3,(H3-,13,14,15,17,18,19)/p+1","1S/C12H17N4O4PS/c1-8-11(3-4-20-21(17,18)19)22-7-16(8)6-10-5-14-9(2)15-12(10)13",C12H17N4O4PS,499.84,32768,0.00959,7.4,298,,,/reboxitory/2023/12/GISSMO/bmse000699/simulation_1/B0s/sim_600MHz.csv,True
bmse000701,simulation_1,4-Phenylbutyric-acid,"InChI=1S/C10H12O2/c11-10(12)8-4-7-9-5-2-1-3-6-9/h1-3,5-6H,4,7-8H2,(H,11,12)",1S/C10H12O2/c11-10(12)8-4-7-9-5-2-1-3-6-9,C10H12O2,499.84,32768,0.01295,n/a,298,,,/reboxitory/2023/12/GISSMO/bmse000701/simulation_1/B0s/sim_600MHz.csv,True
bmse000703,simulation_1,4-Hydroxy-3-methoxymandelic-acid,"InChI=1S/C9H10O5/c1-14-7-4-5(2-3-6(7)10)8(11)9(12)13/h2-4,8,10-11H,1H3,(H,12,13)/t8-/m1/s1",1S/C9H10O5/c1-14-7-4-5(2-3-6(7)10)8(11)9(12)13,C9H10O5,499.84,32768,0.01571,7.4,298,,,/reboxitory/2023/12/GISSMO/bmse000703/simulation_1/B0s/sim_600MHz.csv,True
bmse000705,simulation_1,Cis-aconitic-acid,"InChI=1S/C6H6O6/c7-4(8)1-3(6(11)12)2-5(9)10/h1H,2H2,(H,7,8)(H,9,10)(H,11,12)/b3-1-",1S/C6H6O6/c7-4(8)1-3(6(11)12)2-5(9)10,C6H6O6,499.84,32768,0.02662,7.4,298,,,/reboxitory/2023/12/GISSMO/bmse000705/simulation_1/B0s/sim_600MHz.csv,True
bmse000706,simulation_1,L-cysteinesulfinic-acid,"InChI=1S/C3H7NO4S/c4-2(3(5)6)1-9(7)8/h2H,1,4H2,(H,5,6)(H,7,8)/t2-/m0/s1",1S/C3H7NO4S/c4-2(3(5)6)1-9(7)8,C3H7NO4S,499.84,32768,0.02542,7.4,298,,,/reboxitory/2023/12/GISSMO/bmse000706/simulation_1/B0s/sim_600MHz.csv,True
bmse000707,simulation_1,N-acetyl-histidine,"InChI=1S/C8H11N3O3/c1-5(12)11-7(8(13)14)2-6-3-9-4-10-6/h3-4,7H,2H2,1H3,(H,9,10)(H,11,12)(H,13,14)/t7-/m0/s1",1S/C8H11N3O3/c1-5(12)11-7(8(13)14)2-6-3-9-4-10-6,C8H11N3O3,499.84,32768,0.00914,7.4,298,,,/reboxitory/2023/12/GISSMO/bmse000707/simulation_1/B0s/sim_600MHz.csv,True
bmse000708,simulation_1,Nicotinuric-acid,"InChI=1S/C8H8N2O3/c11-7(12)5-10-8(13)6-2-1-3-9-4-6/h1-4H,5H2,(H,10,13)(H,11,12)",1S/C8H8N2O3/c11-7(12)5-10-8(13)6-2-1-3-9-4-6,C8H8N2O3,499.84,32768,0.01989,7.4,298,,,/reboxitory/2023/12/GISSMO/bmse000708/simulation_1/B0s/sim_600MHz.csv,True
bmse000709,simulation_1,N-N-dimethylformamide,"InChI=1S/C3H7NO/c1-4(2)3-5/h3H,1-2H3",1S/C3H7NO/c1-4(2)3-5,C3H7NO,499.84,32768,0.02808,n/a,298,,,/reboxitory/2023/12/GISSMO/bmse000709/simulation_1/B0s/sim_600MHz.csv,True
bmse000711,simulation_1,L-Arginine,"InChI=1S/C6H14N4O2/c7-4(5(11)12)2-1-3-10-6(8)9/h4H,1-3,7H2,(H,11,12)(H4,8,9,10)/t4-/m0/s1",1S/C6H14N4O2/c7-4(5(11)12)2-1-3-10-6(8)9,C6H14N4O2,499.84,32768,0.00788,7.4,298,,,/reboxitory/2023/12/GISSMO/bmse000711/simulation_1/B0s/sim_600MHz.csv,True
bmse000715,simulation_1,2-Hydroxyphenylacetic-acid,"InChI=1S/C8H8O3/c9-7-4-2-1-3-6(7)5-8(10)11/h1-4,9H,5H2,(H,10,11)",1S/C8H8O3/c9-7-4-2-1-3-6(7)5-8(10)11,C8H8O3,499.84,32768,0.01632,7.4,298,,,/reboxitory/2023/12/GISSMO/bmse000715/simulation_1/B0s/sim_600MHz.csv,True
bmse000718,simulation_1,Cis-1-3-dichloropropene,"InChI=1S/C3H4Cl2/c4-2-1-3-5/h1-2H,3H2/b2-1-",1S/C3H4Cl2/c4-2-1-3-5,C3H4Cl2,499.84,32768,0.01262,n/a,298,,,/reboxitory/2023/12/GISSMO/bmse000718/simulation_1/B0s/sim_600MHz.csv,True
bmse000722,simulation_1,Epichlorohydrin,"InChI=1S/C3H5ClO/c4-1-3-2-5-3/h3H,1-2H2/t3-/m1/s1",1S/C3H5ClO/c4-1-3-2-5-3,C3H5ClO,499.84,32768,0.01605,n/a,298,,,/reboxitory/2023/12/GISSMO/bmse000722/simulation_1/B0s/sim_600MHz.csv,True
bmse000723,simulation_1,N-2-furoyl-glycine-methyl-ester,"InChI=1S/C8H9NO4/c1-12-7(10)5-9-8(11)6-3-2-4-13-6/h2-4H,5H2,1H3,(H,9,11)",1S/C8H9NO4/c1-12-7(10)5-9-8(11)6-3-2-4-13-6,C8H9NO4,499.84,32768,0.00916,7.4,298,,,/reboxitory/2023/12/GISSMO/bmse000723/simulation_1/B0s/sim_600MHz.csv,True
bmse000725,simulation_1,Sec-butylbenzene,"InChI=1S/C10H14/c1-3-9(2)10-7-5-4-6-8-10/h4-9H,3H2,1-2H3/t9-/m0/s1",1S/C10H14/c1-3-9(2)10-7-5-4-6-8-10,C10H14,499.84,32768,0.01575,n/a,298,,,/reboxitory/2023/12/GISSMO/bmse000725/simulation_1/B0s/sim_600MHz.csv,True
bmse000726,simulation_1,Sulfanilic-acid,"InChI=1S/C6H7NO3S/c7-5-1-3-6(4-2-5)11(8,9)10/h1-4H,7H2,(H,8,9,10)","1S/C6H7NO3S/c7-5-1-3-6(4-2-5)11(8,9)10",C6H7NO3S,499.84,32768,0.00971,7.4,298,,,/reboxitory/2023/12/GISSMO/bmse000726/simulation_1/B0s/sim_600MHz.csv,True
bmse000727,simulation_1,Trans-2-3-dimethylacrylic-acid,"InChI=1S/C5H8O2/c1-3-4(2)5(6)7/h3H,1-2H3,(H,6,7)/b4-3+",1S/C5H8O2/c1-3-4(2)5(6)7,C5H8O2,499.84,32768,0.01447,7.4,298,,,/reboxitory/2023/12/GISSMO/bmse000727/simulation_1/B0s/sim_600MHz.csv,True
bmse000730,simulation_1,2-2-Dimethylsuccinic-acid,"InChI=1S/C6H10O4/c1-6(2,5(9)10)3-4(7)8/h3H2,1-2H3,(H,7,8)(H,9,10)","1S/C6H10O4/c1-6(2,5(9)10)3-4(7)8",C6H10O4,499.84,32768,0.00449,7.4,298,,,/reboxitory/2023/12/GISSMO/bmse000730/simulation_1/B0s/sim_600MHz.csv,True
bmse000731,simulation_1,3-Deazauridine,"InChI=1S/C10H13NO6/c12-4-6-8(15)9(16)10(17-6)11-2-1-5(13)3-7(11)14/h1-2,6,8-10,12,15-16H,3-4H2/t6-,8-,9-,10-/m1/s1",1S/C10H13NO6/c12-4-6-8(15)9(16)10(17-6)11-2-1-5(13)3-7(11)14,C10H13NO6,499.84,32768,0.11739,7.4,298,,,/reboxitory/2023/12/GISSMO/bmse000731/simulation_1/B0s/sim_600MHz.csv,True
bmse000732,simulation_1,6-Ethylmercaptopurine,"InChI=1S/C7H8N4S/c1-2-12-7-5-6(9-3-8-5)10-4-11-7/h3-4H,2H2,1H3,(H,8,9,10,11)",1S/C7H8N4S/c1-2-12-7-5-6(9-3-8-5)10-4-11-7,C7H8N4S,499.84,32768,0.01506,n/a,298,,,/reboxitory/2023/12/GISSMO/bmse000732/simulation_1/B0s/sim_600MHz.csv,True
bmse000734,simulation_1,Bis-2-butoxyethyl-phthalate,"InChI=1S/C20H30O6/c1-3-5-11-23-13-15-25-19(21)17-9-7-8-10-18(17)20(22)26-16-14-24-12-6-4-2/h7-10H,3-6,11-16H2,1-2H3",1S/C20H30O6/c1-3-5-11-23-13-15-25-19(21)17-9-7-8-10-18(17)20(22)26-16-14-24-12-6-4-2,C20H30O6,499.84,32768,0.02058,n/a,298,,,/reboxitory/2023/12/GISSMO/bmse000734/simulation_1/B0s/sim_600MHz.csv,True
bmse000736,simulation_1,3-Methylphenylacetate,"InChI=1S/C9H10O2/c1-7-4-3-5-9(6-7)11-8(2)10/h3-6H,1-2H3",1S/C9H10O2/c1-7-4-3-5-9(6-7)11-8(2)10,C9H10O2,499.84,32768,0.01622,,,,,/reboxitory/2023/12/GISSMO/bmse000736/simulation_1/B0s/sim_600MHz.csv,True
bmse000738,simulation_1,N-methylurea,"InChI=1S/C2H6N2O/c1-4-2(3)5/h1H3,(H3,3,4,5)",1S/C2H6N2O/c1-4-2(3)5,C2H6N2O,499.84,32768,0.00703,7.4,298,,,/reboxitory/2023/12/GISSMO/bmse000738/simulation_1/B0s/sim_600MHz.csv,True
bmse000739,simulation_1,P-fluorobenzoic-acid,"InChI=1S/C7H5FO2/c8-6-3-1-5(2-4-6)7(9)10/h1-4H,(H,9,10)",1S/C7H5FO2/c8-6-3-1-5(2-4-6)7(9)10,C7H5FO2,499.84,32768,0.00546,7.4,298,,,/reboxitory/2023/12/GISSMO/bmse000739/simulation_1/B0s/sim_600MHz.csv,True
bmse000740,simulation_1,D-pinitol,"InChI=1S/C7H14O6/c1-13-7-5(11)3(9)2(8)4(10)6(7)12/h2-12H,1H3/t2-,3-,4+,5+,6-,7-",1S/C7H14O6/c1-13-7-5(11)3(9)2(8)4(10)6(7)12,C7H14O6,499.84,32768,0.00655,7.4,298,,,/reboxitory/2023/12/GISSMO/bmse000740/simulation_1/B0s/sim_600MHz.csv,True
bmse000741,simulation_1,N-methyl-L-aspartic-acid,"InChI=1S/C5H9NO4/c1-6-3(5(9)10)2-4(7)8/h3,6H,2H2,1H3,(H,7,8)(H,9,10)/t3-/m0/s1",1S/C5H9NO4/c1-6-3(5(9)10)2-4(7)8,C5H9NO4,499.84,32768,0.01214,7.4,298,,,/reboxitory/2023/12/GISSMO/bmse000741/simulation_1/B0s/sim_600MHz.csv,True
bmse000742,simulation_1,Phenoxyacetic-acid,"InChI=1S/C8H8O3/c9-8(10)6-11-7-4-2-1-3-5-7/h1-5H,6H2,(H,9,10)",1S/C8H8O3/c9-8(10)6-11-7-4-2-1-3-5-7,C8H8O3,499.84,32768,0.02470,7.4,298,,,/reboxitory/2023/12/GISSMO/bmse000742/simulation_1/B0s/sim_600MHz.csv,True
bmse000743,simulation_1,Phenylglyoxylic-acid,"InChI=1S/C8H6O3/c9-7(8(10)11)6-4-2-1-3-5-6/h1-5H,(H,10,11)",1S/C8H6O3/c9-7(8(10)11)6-4-2-1-3-5-6,C8H6O3,499.84,32768,0.01196,7.4,298,,,/reboxitory/2023/12/GISSMO/bmse000743/simulation_1/B0s/sim_600MHz.csv,True
bmse000744,simulation_1,Histamine,"InChI=1S/C5H9N3/c6-2-1-5-3-7-4-8-5/h3-4H,1-2,6H2,(H,7,8)",1S/C5H9N3/c6-2-1-5-3-7-4-8-5,C5H9N3,499.84,32768,0.00916,7.4,298,,,/reboxitory/2023/12/GISSMO/bmse000744/simulation_1/B0s/sim_600MHz.csv,True
bmse000745,simulation_1,Homoarginine,"InChI=1S/C7H16N4O2/c8-5(6(12)13)3-1-2-4-11-7(9)10/h5H,1-4,8H2,(H,12,13)(H4,9,10,11)/t5-/m0/s1",1S/C7H16N4O2/c8-5(6(12)13)3-1-2-4-11-7(9)10,C7H16N4O2,499.84,32768,0.01195,7.4,298,,,/reboxitory/2023/12/GISSMO/bmse000745/simulation_1/B0s/sim_600MHz.csv,True
bmse000746,simulation_1,Mesaconic-acid,"InChI=1S/C5H6O4/c1-3(5(8)9)2-4(6)7/h2H,1H3,(H,6,7)(H,8,9)/b3-2+",1S/C5H6O4/c1-3(5(8)9)2-4(6)7,C5H6O4,499.84,32768,0.00772,7.4,298,,,/reboxitory/2023/12/GISSMO/bmse000746/simulation_1/B0s/sim_600MHz.csv,True
bmse000750,simulation_1,2-Hydroxyethyl-salicylate,"InChI=1S/C9H10O4/c10-5-6-13-9(12)7-3-1-2-4-8(7)11/h1-4,10-11H,5-6H2",1S/C9H10O4/c10-5-6-13-9(12)7-3-1-2-4-8(7)11,C9H10O4,499.84,16384,0.00916,n/a,298,,,/reboxitory/2023/12/GISSMO/bmse000750/simulation_1/B0s/sim_600MHz.csv,True
bmse000751,simulation_1,Khellin,"InChI=1S/C14H12O5/c1-7-6-9(15)10-11(16-2)8-4-5-18-12(8)14(17-3)13(10)19-7/h4-6H,1-3H3",1S/C14H12O5/c1-7-6-9(15)10-11(16-2)8-4-5-18-12(8)14(17-3)13(10)19-7,C14H12O5,499.84,32768,0.01459,n/a,298,,,/reboxitory/2023/12/GISSMO/bmse000751/simulation_1/B0s/sim_600MHz.csv,True
bmse000754,simulation_1,Precocene-1,"InChI=1S/C12H14O2/c1-12(2)7-6-9-4-5-10(13-3)8-11(9)14-12/h4-8H,1-3H3",1S/C12H14O2/c1-12(2)7-6-9-4-5-10(13-3)8-11(9)14-12,C12H14O2,499.84,32768,0.02070,n/a,298,,,/reboxitory/2023/12/GISSMO/bmse000754/simulation_1/B0s/sim_600MHz.csv,True
bmse000757,simulation_1,Serotonin,"InChI=1S/C10H12N2O/c11-4-3-7-6-12-10-2-1-8(13)5-9(7)10/h1-2,5-6,12-13H,3-4,11H2",1S/C10H12N2O/c11-4-3-7-6-12-10-2-1-8(13)5-9(7)10,C10H12N2O,499.84,32768,0.01495,7.4,298,,,/reboxitory/2023/12/GISSMO/bmse000757/simulation_1/B0s/sim_600MHz.csv,True
bmse000758,simulation_1,5-Methoxypsoralen,"InChI=1S/C12H8O4/c1-14-12-7-2-3-11(13)16-10(7)6-9-8(12)4-5-15-9/h2-6H,1H3",1S/C12H8O4/c1-14-12-7-2-3-11(13)16-10(7)6-9-8(12)4-5-15-9,C12H8O4,499.84,32768,0.02228,n/a,298,,,/reboxitory/2023/12/GISSMO/bmse000758/simulation_1/B0s/sim_600MHz.csv,True
bmse000759,simulation_1,5-Methyluridine,"InChI=1S/C10H14N2O6/c1-4-2-12(10(17)11-8(4)16)9-7(15)6(14)5(3-13)18-9/h2,5-7,9,13-15H,3H2,1H3,(H,11,16,17)/t5-,6-,7-,9-/m1/s1",1S/C10H14N2O6/c1-4-2-12(10(17)11-8(4)16)9-7(15)6(14)5(3-13)18-9,C10H14N2O6,499.84,32768,0.01253,7.4,298,,,/reboxitory/2023/12/GISSMO/bmse000759/simulation_1/B0s/sim_600MHz.csv,True
bmse000760,simulation_1,Homoarginine,"InChI=1S/C7H16N4O2/c8-5(6(12)13)3-1-2-4-11-7(9)10/h5H,1-4,8H2,(H,12,13)(H4,9,10,11)/t5-/m0/s1",1S/C7H16N4O2/c8-5(6(12)13)3-1-2-4-11-7(9)10,C7H16N4O2,499.84,32768,0.01146,,,,,/reboxitory/2023/12/GISSMO/bmse000760/simulation_1/B0s/sim_600MHz.csv,True
bmse000761,simulation_1,Mesaconic acid,"InChI=1S/C5H6O4/c1-3(5(8)9)2-4(6)7/h2H,1H3,(H,6,7)(H,8,9)/b3-2+",1S/C5H6O4/c1-3(5(8)9)2-4(6)7,C5H6O4,499.84,32768,0.00576,,,,,/reboxitory/2023/12/GISSMO/bmse000761/simulation_1/B0s/sim_600MHz.csv,True
bmse000762,simulation_1,Neostigmine,"InChI=1S/C12H19N2O2/c1-13(2)12(15)16-11-8-6-7-10(9-11)14(3,4)5/h6-9H,1-5H3/q+1","1S/C12H19N2O2/c1-13(2)12(15)16-11-8-6-7-10(9-11)14(3,4)5",C12H19N2O2,499.84,32768,0.01696,7.4,298,,,/reboxitory/2023/12/GISSMO/bmse000762/simulation_1/B0s/sim_600MHz.csv,True
bmse000765,simulation_1,Octamethylcyclotetrasiloxane,"InChI=1S/C8H24O4Si4/c1-13(2)9-14(3,4)11-16(7,8)12-15(5,6)10-13/h1-8H3","1S/C8H24O4Si4/c1-13(2)9-14(3,4)11-16(7,8)12-15(5,6)10-13",C8H24O4Si4,499.84,32768,0.02553,n/a,298,,,/reboxitory/2023/12/GISSMO/bmse000765/simulation_1/B0s/sim_600MHz.csv,True
bmse000766,simulation_1,Orthanilic-acid,"InChI=1S/C6H7NO3S/c7-5-3-1-2-4-6(5)11(8,9)10/h1-4H,7H2,(H,8,9,10)","1S/C6H7NO3S/c7-5-3-1-2-4-6(5)11(8,9)10",C6H7NO3S,499.84,32768,0.01678,7.4,298,,,/reboxitory/2023/12/GISSMO/bmse000766/simulation_1/B0s/sim_600MHz.csv,True
bmse000767,simulation_1,Propiolic acid,"InChI=1S/C3H2O2/c1-2-3(4)5/h1H,(H,4,5)",1S/C3H2O2/c1-2-3(4)5,C3H2O2,499.84,32768,0.01059,,,,,/reboxitory/2023/12/GISSMO/bmse000767/simulation_1/B0s/sim_600MHz.csv,True
bmse000768,simulation_1,Saligenin,"InChI=1S/C7H8O2/c8-5-6-3-1-2-4-7(6)9/h1-4,8-9H,5H2",1S/C7H8O2/c8-5-6-3-1-2-4-7(6)9,C7H8O2,499.84,32768,0.01850,7.4,298,,,/reboxitory/2023/12/GISSMO/bmse000768/simulation_1/B0s/sim_600MHz.csv,True
bmse000771,simulation_1,Pyromellitic-acid,"InChI=1S/C10H6O8/c11-7(12)3-1-4(8(13)14)6(10(17)18)2-5(3)9(15)16/h1-2H,(H,11,12)(H,13,14)(H,15,16)(H,17,18)",1S/C10H6O8/c11-7(12)3-1-4(8(13)14)6(10(17)18)2-5(3)9(15)16,C10H6O8,499.84,32768,0.00782,n/a,298,,,/reboxitory/2023/12/GISSMO/bmse000771/simulation_1/B0s/sim_600MHz.csv,True
bmse000772,simulation_1,Salicylhydroxamic-acid,"InChI=1S/C7H7NO3/c9-6-4-2-1-3-5(6)7(10)8-11/h1-4,9,11H,(H,8,10)",1S/C7H7NO3/c9-6-4-2-1-3-5(6)7(10)8-11,C7H7NO3,499.84,32768,0.01391,n/a,298,,,/reboxitory/2023/12/GISSMO/bmse000772/simulation_1/B0s/sim_600MHz.csv,True
bmse000773,simulation_1,Triethylenetetramine,"InChI=1S/C6H18N4/c7-1-3-9-5-6-10-4-2-8/h9-10H,1-8H2",1S/C6H18N4/c7-1-3-9-5-6-10-4-2-8,C6H18N4,499.84,32768,0.08592,7.4,298,,,/reboxitory/2023/12/GISSMO/bmse000773/simulation_1/B0s/sim_600MHz.csv,True
bmse000774,simulation_1,Trimethyl Phosphate,"InChI=1S/C3H9O4P/c1-5-8(4,6-2)7-3/h1-3H3","1S/C3H9O4P/c1-5-8(4,6-2)7-3",C3H9O4P,499.84,32768,0.00736,7.4,298,,,/reboxitory/2023/12/GISSMO/bmse000774/simulation_1/B0s/sim_600MHz.csv,True
bmse000775,simulation_1,3-Methoxybenzamide,"InChI=1S/C8H9NO2/c1-11-7-4-2-3-6(5-7)8(9)10/h2-5H,1H3,(H2,9,10)",1S/C8H9NO2/c1-11-7-4-2-3-6(5-7)8(9)10,C8H9NO2,499.84,32768,0.01788,n/a,298,,,/reboxitory/2023/12/GISSMO/bmse000775/simulation_1/B0s/sim_600MHz.csv,True
bmse000776,simulation_1,L-anserine,"InChI=1S/C10H16N4O3/c1-14-6-12-5-7(14)4-8(10(16)17)13-9(15)2-3-11/h5-6,8H,2-4,11H2,1H3,(H,13,15)(H,16,17)/t8-/m0/s1",1S/C10H16N4O3/c1-14-6-12-5-7(14)4-8(10(16)17)13-9(15)2-3-11,C10H16N4O3,499.84,32768,0.01868,7.4,298,,,/reboxitory/2023/12/GISSMO/bmse000776/simulation_1/B0s/sim_600MHz.csv,True
bmse000777,simulation_1,Tributyl-phosphate,"InChI=1S/C12H27O4P/c1-4-7-10-14-17(13,15-11-8-5-2)16-12-9-6-3/h4-12H2,1-3H3","1S/C12H27O4P/c1-4-7-10-14-17(13,15-11-8-5-2)16-12-9-6-3",C12H27O4P,499.84,32768,0.02830,n/a,298,,,/reboxitory/2023/12/GISSMO/bmse000777/simulation_1/B0s/sim_600MHz.csv,True
bmse000779,simulation_1,Metoclopramide,"InChI=1S/C14H22ClN3O2/c1-4-18(5-2)7-6-17-14(19)10-8-11(15)12(16)9-13(10)20-3/h8-9H,4-7,16H2,1-3H3,(H,17,19)",1S/C14H22ClN3O2/c1-4-18(5-2)7-6-17-14(19)10-8-11(15)12(16)9-13(10)20-3,C14H22ClN3O2,499.84,32768,0.02049,7.4,298,,,/reboxitory/2023/12/GISSMO/bmse000779/simulation_1/B0s/sim_600MHz.csv,True
bmse000780,simulation_1,Tetramethylammonium,"InChI=1S/C4H12N/c1-5(2,3)4/h1-4H3/q+1","1S/C4H12N/c1-5(2,3)4",C4H12N,499.84,32768,0.02054,7.4,298,,,/reboxitory/2023/12/GISSMO/bmse000780/simulation_1/B0s/sim_600MHz.csv,True
bmse000781,simulation_1,Thioacetamide,"InChI=1S/C2H5NS/c1-2(3)4/h1H3,(H2,3,4)",1S/C2H5NS/c1-2(3)4,C2H5NS,499.84,32768,0.01521,7.4,298,,,/reboxitory/2023/12/GISSMO/bmse000781/simulation_1/B0s/sim_600MHz.csv,True
bmse000786,simulation_1,Cacodylic-acid,"InChI=1S/C2H7AsO2/c1-3(2,4)5/h1-2H3,(H,4,5)","1S/C2H7AsO2/c1-3(2,4)5",C2H7AsO2,499.84,32768,,n/a,298,,,/reboxitory/2023/12/GISSMO/bmse000786/simulation_1/B0s/sim_600MHz.csv,True
bmse000787,simulation_1,MES,"InChI=1S/C6H13NO4S/c8-12(9,10)6-3-7-1-4-11-5-2-7/h1-6H2,(H,8,9,10)","1S/C6H13NO4S/c8-12(9,10)6-3-7-1-4-11-5-2-7",C6H13NO4S,499.84,32768,0.02727,7.4,298,,,/reboxitory/2023/12/GISSMO/bmse000787/simulation_1/B0s/sim_600MHz.csv,True
bmse000794,simulation_1,3-Carboxypropyl-trimethyl-ammonium,"InChI=1S/C7H15NO2/c1-8(2,3)6-4-5-7(9)10/h4-6H2,1-3H3/p+1","1S/C7H15NO2/c1-8(2,3)6-4-5-7(9)10",C7H15NO2,499.84,32768,0.01530,7.4,298,,,/reboxitory/2023/12/GISSMO/bmse000794/simulation_1/B0s/sim_600MHz.csv,True
bmse000795,simulation_1,DSS,"InChI=1S/C6H16O3SSi.Na/c1-11(2,3)6-4-5-10(7,8)9;/h4-6H2,1-3H3,(H,7,8,9);/q;+1/p-1","1S/C6H16O3SSi.Na/c1-11(2,3)6-4-5-10(7,8)9;",C6H16O3SSi.Na,499.84,32768,0.01109,7.4,298,,,/reboxitory/2023/12/GISSMO/bmse000795/simulation_1/B0s/sim_600MHz.csv,True
bmse000824,simulation_1,DGMP,"InChI=1S/C10H14N5O7P/c11-10-13-8-7(9(17)14-10)12-3-15(8)6-1-4(16)5(22-6)2-21-23(18,19)20/h3-6,16H,1-2H2,(H2,18,19,20)(H3,11,13,14,17)/t4-,5+,6+/m0/s1","1S/C10H14N5O7P/c11-10-13-8-7(9(17)14-10)12-3-15(8)6-1-4(16)5(22-6)2-21-23(18,19)20",C10H14N5O7P,499.84,32768,0.01403,7.4,298,,,/reboxitory/2023/12/GISSMO/bmse000824/simulation_1/B0s/sim_600MHz.csv,True
bmse000825,simulation_1,Acetamide,"InChI=1S/C2H5NO/c1-2(3)4/h1H3,(H2,3,4)",1S/C2H5NO/c1-2(3)4,C2H5NO,499.84,32768,0.00349,7.4,298,,,/reboxitory/2023/12/GISSMO/bmse000825/simulation_1/B0s/sim_600MHz.csv,True
bmse000826,simulation_1,Acetonitrile,InChI=1S/C2H3N/c1-2-3/h1H3,1S/C2H3N/c1-2-3,C2H3N,499.84,32768,0.00466,7.4,298,,,/reboxitory/2023/12/GISSMO/bmse000826/simulation_1/B0s/sim_600MHz.csv,True
bmse000828,simulation_1,DL-3-aminoisobutyric-acid,"InChI=1S/C4H9NO2/c1-3(2-5)4(6)7/h3H,2,5H2,1H3,(H,6,7)",1S/C4H9NO2/c1-3(2-5)4(6)7,C4H9NO2,499.84,32768,0.01048,7.4,298,,,/reboxitory/2023/12/GISSMO/bmse000828/simulation_1/B0s/sim_600MHz.csv,True
bmse000830,simulation_1,N-acetyl-L-lysine,"InChI=1S/C8H16N2O3/c1-6(11)10-7(8(12)13)4-2-3-5-9/h7H,2-5,9H2,1H3,(H,10,11)(H,12,13)/t7-/m0/s1",1S/C8H16N2O3/c1-6(11)10-7(8(12)13)4-2-3-5-9,C8H16N2O3,499.84,32768,0.01754,7.4,298,,,/reboxitory/2023/12/GISSMO/bmse000830/simulation_1/B0s/sim_600MHz.csv,True
bmse000831,simulation_1,1-2-4-Benzenetriol,"InChI=1S/C6H6O3/c7-4-1-2-5(8)6(9)3-4/h1-3,7-9H",1S/C6H6O3/c7-4-1-2-5(8)6(9)3-4,C6H6O3,499.84,32768,0.01565,7.4,298,,,/reboxitory/2023/12/GISSMO/bmse000831/simulation_1/B0s/sim_600MHz.csv,True
bmse000834,simulation_1,P-xylene,"InChI=1S/C8H10/c1-7-3-5-8(2)6-4-7/h3-6H,1-2H3",1S/C8H10/c1-7-3-5-8(2)6-4-7,C8H10,499.84,32768,0.00790,n/a,298,,,/reboxitory/2023/12/GISSMO/bmse000834/simulation_1/B0s/sim_600MHz.csv,True
bmse000837,simulation_1,"Cis-1,2-Cyclohexanediol","InChI=1S/C6H12O2/c7-5-3-1-2-4-6(5)8/h5-8H,1-4H2/t5-,6+",1S/C6H12O2/c7-5-3-1-2-4-6(5)8,C6H12O2,499.84,32768,0.01654,n/a,298,,,/reboxitory/2023/12/GISSMO/bmse000837/simulation_1/B0s/sim_600MHz.csv,True
bmse000840,simulation_1,Rhodanine,"InChI=1S/C3H3NOS2/c5-2-1-7-3(6)4-2/h1H2,(H,4,5,6)",1S/C3H3NOS2/c5-2-1-7-3(6)4-2,C3H3NOS2,499.84,32768,0.00915,n/a,298,,,/reboxitory/2023/12/GISSMO/bmse000840/simulation_1/B0s/sim_600MHz.csv,True
bmse000841,simulation_1,1-2-4-Trichlorobenzene,InChI=1S/C6H3Cl3/c7-4-1-2-5(8)6(9)3-4/h1-3H,1S/C6H3Cl3/c7-4-1-2-5(8)6(9)3-4,C6H3Cl3,499.84,32768,0.01726,n/a,298,,,/reboxitory/2023/12/GISSMO/bmse000841/simulation_1/B0s/sim_600MHz.csv,True
bmse000842,simulation_1,3-Furoic-acid,"InChI=1S/C5H4O3/c6-5(7)4-1-2-8-3-4/h1-3H,(H,6,7)",1S/C5H4O3/c6-5(7)4-1-2-8-3-4,C5H4O3,499.84,32768,0.01530,n/a,298,,,/reboxitory/2023/12/GISSMO/bmse000842/simulation_1/B0s/sim_600MHz.csv,True
bmse000843,simulation_1,3-Methylsalicylaldehyde,"InChI=1S/C8H8O2/c1-6-3-2-4-7(5-9)8(6)10/h2-5,10H,1H3",1S/C8H8O2/c1-6-3-2-4-7(5-9)8(6)10,C8H8O2,499.84,32768,0.01530,n/a,298,,,/reboxitory/2023/12/GISSMO/bmse000843/simulation_1/B0s/sim_600MHz.csv,True
bmse000844,simulation_1,Isoprene,"InChI=1S/C5H8/c1-4-5(2)3/h4H,1-2H2,3H3",1S/C5H8/c1-4-5(2)3,C5H8,499.84,32768,0.01165,n/a,298,,,/reboxitory/2023/12/GISSMO/bmse000844/simulation_1/B0s/sim_600MHz.csv,True
bmse000845,simulation_1,4-4-DDD,"InChI=1S/C14H10Cl4/c15-11-5-1-9(2-6-11)13(14(17)18)10-3-7-12(16)8-4-10/h1-8,13-14H",1S/C14H10Cl4/c15-11-5-1-9(2-6-11)13(14(17)18)10-3-7-12(16)8-4-10,C14H10Cl4,499.84,32768,0.01925,n/a,298,,,/reboxitory/2023/12/GISSMO/bmse000845/simulation_1/B0s/sim_600MHz.csv,True
bmse000846,simulation_1,Phthalic-acid-diethyl-ester,"InChI=1S/C12H14O4/c1-3-15-11(13)9-7-5-6-8-10(9)12(14)16-4-2/h5-8H,3-4H2,1-2H3",1S/C12H14O4/c1-3-15-11(13)9-7-5-6-8-10(9)12(14)16-4-2,C12H14O4,499.84,32768,0.01693,n/a,298,,,/reboxitory/2023/12/GISSMO/bmse000846/simulation_1/B0s/sim_600MHz.csv,True
bmse000848,simulation_1,2-Thiophenecarboxylic-acid,"InChI=1S/C5H4O2S/c6-5(7)4-2-1-3-8-4/h1-3H,(H,6,7)",1S/C5H4O2S/c6-5(7)4-2-1-3-8-4,C5H4O2S,499.84,32768,0.01165,n/a,298,,,/reboxitory/2023/12/GISSMO/bmse000848/simulation_1/B0s/sim_600MHz.csv,True
bmse000854,simulation_1,ATP,"InChI=1S/C10H16N5O13P3/c11-8-5-9(13-2-12-8)15(3-14-5)10-7(17)6(16)4(26-10)1-25-30(21,22)28-31(23,24)27-29(18,19)20/h2-4,6-7,10,16-17H,1H2,(H,21,22)(H,23,24)(H2,11,12,13)(H2,18,19,20)/t4-,6-,7-,10-/m1/s1","1S/C10H16N5O13P3/c11-8-5-9(13-2-12-8)15(3-14-5)10-7(17)6(16)4(26-10)1-25-30(21,22)28-31(23,24)27-29(18,19)20",C10H16N5O13P3,600.13,32768,0.02956,7.4,298,,,/reboxitory/2023/12/GISSMO/bmse000854/simulation_1/B0s/sim_600MHz.csv,True
bmse000856,simulation_1,Glycerol,"InChI=1S/C3H8O3/c4-1-3(6)2-5/h3-6H,1-2H2",1S/C3H8O3/c4-1-3(6)2-5,C3H8O3,600.13,32768,0.01335,7.4,298,,,/reboxitory/2023/12/GISSMO/bmse000856/simulation_1/B0s/sim_600MHz.csv,True
bmse000857,simulation_1,Acetic acid,"InChI=1S/C2H4O2/c1-2(3)4/h1H3,(H,3,4)",1S/C2H4O2/c1-2(3)4,C2H4O2,600.13,32768,0.01634,7.4,298,,,/reboxitory/2023/12/GISSMO/bmse000857/simulation_1/B0s/sim_600MHz.csv,True
bmse000858,simulation_1,L-Citrulline,"InChI=1S/C6H13N3O3/c7-4(5(10)11)2-1-3-9-6(8)12/h4H,1-3,7H2,(H,10,11)(H3,8,9,12)/t4-/m0/s1",1S/C6H13N3O3/c7-4(5(10)11)2-1-3-9-6(8)12,C6H13N3O3,600.13,32768,0.03094,7.4,298,,,/reboxitory/2023/12/GISSMO/bmse000858/simulation_1/B0s/sim_600MHz.csv,True
bmse000859,simulation_1,L-Threonine,"InChI=1S/C4H9NO3/c1-2(6)3(5)4(7)8/h2-3,6H,5H2,1H3,(H,7,8)/t2-,3+/m1/s1",1S/C4H9NO3/c1-2(6)3(5)4(7)8,C4H9NO3,600.13,32768,0.00865,7.4,298,,,/reboxitory/2023/12/GISSMO/bmse000859/simulation_1/B0s/sim_600MHz.csv,True
bmse000860,simulation_1,L-Valine,"InChI=1S/C5H11NO2/c1-3(2)4(6)5(7)8/h3-4H,6H2,1-2H3,(H,7,8)/t4-/m0/s1",1S/C5H11NO2/c1-3(2)4(6)5(7)8,C5H11NO2,600.13,32768,0.00808,7.4,298,,,/reboxitory/2023/12/GISSMO/bmse000860/simulation_1/B0s/sim_600MHz.csv,True
bmse000861,simulation_1,Adenine,"InChI=1S/C5H5N5/c6-4-3-5(9-1-7-3)10-2-8-4/h1-2H,(H3,6,7,8,9,10)",1S/C5H5N5/c6-4-3-5(9-1-7-3)10-2-8-4,C5H5N5,600.13,32768,0.00625,11.6,298,,,/reboxitory/2023/12/GISSMO/bmse000861/simulation_1/B0s/sim_600MHz.csv,True
bmse000862,simulation_1,"Putrescine (1,4 diaminobutane)",InChI=1S/C4H12N2/c5-3-1-2-4-6/h1-6H2,1S/C4H12N2/c5-3-1-2-4-6,C4H12N2,600.13,32768,0.00871,7.4,298,,,/reboxitory/2023/12/GISSMO/bmse000862/simulation_1/B0s/sim_600MHz.csv,True
bmse000863,simulation_1,Taurine,"InChI=1S/C2H7NO3S/c3-1-2-7(4,5)6/h1-3H2,(H,4,5,6)","1S/C2H7NO3S/c3-1-2-7(4,5)6",C2H7NO3S,600.13,32768,0.00766,7.4,298,,,/reboxitory/2023/12/GISSMO/bmse000863/simulation_1/B0s/sim_600MHz.csv,True
bmse000864,simulation_1,Uridine,"InChI=1S/C9H12N2O6/c12-3-4-6(14)7(15)8(17-4)11-2-1-5(13)10-9(11)16/h1-2,4,6-8,12,14-15H,3H2,(H,10,13,16)/t4-,6-,7-,8-/m1/s1",1S/C9H12N2O6/c12-3-4-6(14)7(15)8(17-4)11-2-1-5(13)10-9(11)16,C9H12N2O6,600.13,32768,0.01322,7.4,298,,,/reboxitory/2023/12/GISSMO/bmse000864/simulation_1/B0s/sim_600MHz.csv,True
bmse000866,simulation_1,L-Isoleucine,"InChI=1S/C6H13NO2/c1-3-4(2)5(7)6(8)9/h4-5H,3,7H2,1-2H3,(H,8,9)/t4-,5-/m0/s1",1S/C6H13NO2/c1-3-4(2)5(7)6(8)9,C6H13NO2,600.13,32768,0.01197,7.4,298,,,/reboxitory/2023/12/GISSMO/bmse000866/simulation_1/B0s/sim_600MHz.csv,True
bmse000867,simulation_1,L-Serine,"InChI=1S/C3H7NO3/c4-2(1-5)3(6)7/h2,5H,1,4H2,(H,6,7)/t2-/m0/s1",1S/C3H7NO3/c4-2(1-5)3(6)7,C3H7NO3,600.13,32768,0.02282,7.4,298,,,/reboxitory/2023/12/GISSMO/bmse000867/simulation_1/B0s/sim_600MHz.csv,True
bmse000868,simulation_1,L-Tryptophan,"InChI=1S/C11H12N2O2/c12-9(11(14)15)5-7-6-13-10-4-2-1-3-8(7)10/h1-4,6,9,13H,5,12H2,(H,14,15)/t9-/m0/s1",1S/C11H12N2O2/c12-9(11(14)15)5-7-6-13-10-4-2-1-3-8(7)10,C11H12N2O2,600.13,32768,0.01366,7.4,298,,,/reboxitory/2023/12/GISSMO/bmse000868/simulation_1/B0s/sim_600MHz.csv,True
bmse000870,simulation_1,Tyramine,"InChI=1S/C8H11NO/c9-6-5-7-1-3-8(10)4-2-7/h1-4,10H,5-6,9H2",1S/C8H11NO/c9-6-5-7-1-3-8(10)4-2-7,C8H11NO,600.13,32768,0.00809,7.4,298,,,/reboxitory/2023/12/GISSMO/bmse000870/simulation_1/B0s/sim_600MHz.csv,True
bmse000871,simulation_1,Gamma-Aminobutyric acid,"InChI=1S/C4H9NO2/c5-3-1-2-4(6)7/h1-3,5H2,(H,6,7)",1S/C4H9NO2/c5-3-1-2-4(6)7,C4H9NO2,600.13,32768,0.01381,7.4,298,,,/reboxitory/2023/12/GISSMO/bmse000871/simulation_1/B0s/sim_600MHz.csv,True
bmse000872,simulation_1,"1,3-Diaminopropane",InChI=1S/C3H10N2/c4-2-1-3-5/h1-5H2,1S/C3H10N2/c4-2-1-3-5,C3H10N2,600.13,32768,0.01815,7.4,298,,,/reboxitory/2023/12/GISSMO/bmse000872/simulation_1/B0s/sim_600MHz.csv,True
bmse000873,simulation_1,AMP,"InChI=1S/C10H14N5O7P/c11-8-5-9(13-2-12-8)15(3-14-5)10-7(17)6(16)4(22-10)1-21-23(18,19)20/h2-4,6-7,10,16-17H,1H2,(H2,11,12,13)(H2,18,19,20)/t4-,6-,7-,10-/m1/s1","1S/C10H14N5O7P/c11-8-5-9(13-2-12-8)15(3-14-5)10-7(17)6(16)4(22-10)1-21-23(18,19)20",C10H14N5O7P,499.84,32768,0.02072,7.4,298,,,/reboxitory/2023/12/GISSMO/bmse000873/simulation_1/B0s/sim_600MHz.csv,True
bmse000875,simulation_1,L-Aspartic acid,"InChI=1S/C4H7NO4/c5-2(4(8)9)1-3(6)7/h2H,1,5H2,(H,6,7)(H,8,9)/t2-/m0/s1",1S/C4H7NO4/c5-2(4(8)9)1-3(6)7,C4H7NO4,600.13,32768,0.01436,7.4,298,,,/reboxitory/2023/12/GISSMO/bmse000875/simulation_1/B0s/sim_600MHz.csv,True
bmse000877,simulation_1,HEPES,"InChI=1S/C8H18N2O4S/c11-7-5-9-1-3-10(4-2-9)6-8-15(12,13)14/h11H,1-8H2,(H,12,13,14)","1S/C8H18N2O4S/c11-7-5-9-1-3-10(4-2-9)6-8-15(12,13)14",C8H18N2O4S,600.13,32768,0.02025,7.4,298,,,/reboxitory/2023/12/GISSMO/bmse000877/simulation_1/B0s/sim_600MHz.csv,True
bmse000878,simulation_1,R-(+)-2-Pyrrolidinone-5-carboxylate,"InChI=1S/C5H7NO3/c7-4-2-1-3(6-4)5(8)9/h3H,1-2H2,(H,6,7)(H,8,9)/t3-/m1/s1",1S/C5H7NO3/c7-4-2-1-3(6-4)5(8)9,C5H7NO3,600.13,32768,0.01307,7.4,298,,,/reboxitory/2023/12/GISSMO/bmse000878/simulation_1/B0s/sim_600MHz.csv,True
bmse000879,simulation_1,2'-Deoxyguanosine 5'-monophosphate,"InChI=1S/C10H14N5O7P/c11-10-13-8-7(9(17)14-10)12-3-15(8)6-1-4(16)5(22-6)2-21-23(18,19)20/h3-6,16H,1-2H2,(H2,18,19,20)(H3,11,13,14,17)/t4-,5+,6+/m0/s1","1S/C10H14N5O7P/c11-10-13-8-7(9(17)14-10)12-3-15(8)6-1-4(16)5(22-6)2-21-23(18,19)20",C10H14N5O7P,600.13,32768,0.01613,7.4,298,,,/reboxitory/2023/12/GISSMO/bmse000879/simulation_1/B0s/sim_600MHz.csv,True
bmse000881,simulation_1,5-6-Dimethylbenzimidazole,"InChI=1S/C9H10N2/c1-6-3-8-9(4-7(6)2)11-5-10-8/h3-5H,1-2H3,(H,10,11)",1S/C9H10N2/c1-6-3-8-9(4-7(6)2)11-5-10-8,C9H10N2,600.13,32768,0.01353,n/a,298,,,/reboxitory/2023/12/GISSMO/bmse000881/simulation_1/B0s/sim_600MHz.csv,True
bmse000897,simulation_1,D-Ornithine,"InChI=1S/C5H12N2O2/c6-3-1-2-4(7)5(8)9/h4H,1-3,6-7H2,(H,8,9)/t4-/m1/s1",1S/C5H12N2O2/c6-3-1-2-4(7)5(8)9,C5H12N2O2,600.13,32768,0.01580,7.4,298,,,/reboxitory/2023/12/GISSMO/bmse000897/simulation_1/B0s/sim_600MHz.csv,True
bmse000899,simulation_1,L-Arginine,"InChI=1S/C6H14N4O2/c7-4(5(11)12)2-1-3-10-6(8)9/h4H,1-3,7H2,(H,11,12)(H4,8,9,10)/t4-/m0/s1",1S/C6H14N4O2/c7-4(5(11)12)2-1-3-10-6(8)9,C6H14N4O2,600.13,32768,0.01629,7.4,298,,,/reboxitory/2023/12/GISSMO/bmse000899/simulation_1/B0s/sim_600MHz.csv,True
bmse000900,simulation_1,L-Phenylalanine,"InChI=1S/C9H11NO2/c10-8(9(11)12)6-7-4-2-1-3-5-7/h1-5,8H,6,10H2,(H,11,12)/t8-/m0/s1",1S/C9H11NO2/c10-8(9(11)12)6-7-4-2-1-3-5-7,C9H11NO2,600.13,32768,0.01863,7.4,298,,,/reboxitory/2023/12/GISSMO/bmse000900/simulation_1/B0s/sim_600MHz.csv,True
bmse000901,simulation_1,Myo-Inositol,"InChI=1S/C6H12O6/c7-1-2(8)4(10)6(12)5(11)3(1)9/h1-12H/t1-,2-,3-,4+,5-,6-",1S/C6H12O6/c7-1-2(8)4(10)6(12)5(11)3(1)9,C6H12O6,600.13,32768,0.01092,7.4,298,,,/reboxitory/2023/12/GISSMO/bmse000901/simulation_1/B0s/sim_600MHz.csv,True
bmse000904,simulation_1,Malic acid,"InChI=1S/C4H6O5/c5-2(4(8)9)1-3(6)7/h2,5H,1H2,(H,6,7)(H,8,9)/t2-/m1/s1",1S/C4H6O5/c5-2(4(8)9)1-3(6)7,C4H6O5,600.13,32768,0.01338,7.4,298,,,/reboxitory/2023/12/GISSMO/bmse000904/simulation_1/B0s/sim_600MHz.csv,True
bmse000905,simulation_1,3-Hydroxybutyrate,"InChI=1S/C4H8O3/c1-3(5)2-4(6)7/h3,5H,2H2,1H3,(H,6,7)/t3-/m0/s1",1S/C4H8O3/c1-3(5)2-4(6)7,C4H8O3,600.13,32768,0.01213,7.4,298,,,/reboxitory/2023/12/GISSMO/bmse000905/simulation_1/B0s/sim_600MHz.csv,True
bmse000906,simulation_1,"L(-)-Glutathione, oxidized","InChI=1S/C20H32N6O12S2/c21-9(19(35)36)1-3-13(27)25-11(17(33)23-5-15(29)30)7-39-40-8-12(18(34)24-6-16(31)32)26-14(28)4-2-10(22)20(37)38/h9-12H,1-8,21-22H2,(H,23,33)(H,24,34)(H,25,27)(H,26,28)(H,29,30)(H,31,32)(H,35,36)(H,37,38)/t9-,10-,11-,12-/m0/s1",1S/C20H32N6O12S2/c21-9(19(35)36)1-3-13(27)25-11(17(33)23-5-15(29)30)7-39-40-8-12(18(34)24-6-16(31)32)26-14(28)4-2-10(22)20(37)38,C20H32N6O12S2,600.13,32768,0.01005,7.4,298,,,/reboxitory/2023/12/GISSMO/bmse000906/simulation_1/B0s/sim_600MHz.csv,True
bmse000909,simulation_1,Dopamine,"InChI=1S/C8H11NO2/c9-4-3-6-1-2-7(10)8(11)5-6/h1-2,5,10-11H,3-4,9H2",1S/C8H11NO2/c9-4-3-6-1-2-7(10)8(11)5-6,C8H11NO2,499.84,32768,0.02307,n/a,298,,,/reboxitory/2023/12/GISSMO/bmse000909/simulation_1/B0s/sim_600MHz.csv,True
bmse000912,simulation_1,L-Asparagine,"InChI=1S/C4H8N2O3/c5-2(4(8)9)1-3(6)7/h2H,1,5H2,(H2,6,7)(H,8,9)/t2-/m0/s1",1S/C4H8N2O3/c5-2(4(8)9)1-3(6)7,C4H8N2O3,600.13,32768,0.01952,7.4,298,,,/reboxitory/2023/12/GISSMO/bmse000912/simulation_1/B0s/sim_600MHz.csv,True
bmse000913,simulation_1,L-Glutamic acid,"InChI=1S/C5H9NO4/c6-3(5(9)10)1-2-4(7)8/h3H,1-2,6H2,(H,7,8)(H,9,10)/t3-/m0/s1",1S/C5H9NO4/c6-3(5(9)10)1-2-4(7)8,C5H9NO4,600.13,32768,0.01754,7.4,298,,,/reboxitory/2023/12/GISSMO/bmse000913/simulation_1/B0s/sim_600MHz.csv,True
bmse000914,simulation_1,L-lysine,"InChI=1S/C6H14N2O2/c7-4-2-1-3-5(8)6(9)10/h5H,1-4,7-8H2,(H,9,10)/t5-/m0/s1",1S/C6H14N2O2/c7-4-2-1-3-5(8)6(9)10,C6H14N2O2,600.13,32768,0.01182,7.4,298,,,/reboxitory/2023/12/GISSMO/bmse000914/simulation_1/B0s/sim_600MHz.csv,True
bmse000915,simulation_1,L-Methionine,"InChI=1S/C5H11NO2S/c1-9-3-2-4(6)5(7)8/h4H,2-3,6H2,1H3,(H,7,8)/t4-/m0/s1",1S/C5H11NO2S/c1-9-3-2-4(6)5(7)8,C5H11NO2S,600.13,32768,0.02317,7.4,298,,,/reboxitory/2023/12/GISSMO/bmse000915/simulation_1/B0s/sim_600MHz.csv,True
bmse000916,simulation_1,4-Aminobenzoic acid,"InChI=1S/C7H7NO2/c8-6-3-1-5(2-4-6)7(9)10/h1-4H,8H2,(H,9,10)",1S/C7H7NO2/c8-6-3-1-5(2-4-6)7(9)10,C7H7NO2,600.13,32768,0.01207,7.4,298,,,/reboxitory/2023/12/GISSMO/bmse000916/simulation_1/B0s/sim_600MHz.csv,True
bmse000917,simulation_1,Anthranilic acid,"InChI=1S/C7H7NO2/c8-6-4-2-1-3-5(6)7(9)10/h1-4H,8H2,(H,9,10)",1S/C7H7NO2/c8-6-4-2-1-3-5(6)7(9)10,C7H7NO2,600.13,32768,0.01526,7.4,298,,,/reboxitory/2023/12/GISSMO/bmse000917/simulation_1/B0s/sim_600MHz.csv,True
bmse000918,simulation_1,Sucrose,"InChI=1S/C12H22O11/c13-1-4-6(16)8(18)9(19)11(21-4)23-12(3-15)10(20)7(17)5(2-14)22-12/h4-11,13-20H,1-3H2/t4-,5-,6-,7-,8+,9-,10+,11-,12+/m1/s1",1S/C12H22O11/c13-1-4-6(16)8(18)9(19)11(21-4)23-12(3-15)10(20)7(17)5(2-14)22-12,C12H22O11,600.13,32768,0.01482,7.4,298,,,/reboxitory/2023/12/GISSMO/bmse000918/simulation_1/B0s/sim_600MHz.csv,True
bmse000919,simulation_1,L-Arginine,"InChI=1S/C6H14N4O2/c7-4(5(11)12)2-1-3-10-6(8)9/h4H,1-3,7H2,(H,11,12)(H4,8,9,10)/t4-/m0/s1",1S/C6H14N4O2/c7-4(5(11)12)2-1-3-10-6(8)9,C6H14N4O2,600.13,32768,0.01332,7.4,298,,,/reboxitory/2023/12/GISSMO/bmse000919/simulation_1/B0s/sim_600MHz.csv,True
bmse000921,simulation_1,L-Phenylalanine,"InChI=1S/C9H11NO2/c10-8(9(11)12)6-7-4-2-1-3-5-7/h1-5,8H,6,10H2,(H,11,12)/t8-/m0/s1",1S/C9H11NO2/c10-8(9(11)12)6-7-4-2-1-3-5-7,C9H11NO2,600.13,32768,0.01863,7.4,298,,,/reboxitory/2023/12/GISSMO/bmse000921/simulation_1/B0s/sim_600MHz.csv,True
bmse000922,simulation_1,Myo-Inositol,"InChI=1S/C6H12O6/c7-1-2(8)4(10)6(12)5(11)3(1)9/h1-12H/t1-,2-,3-,4+,5-,6-",1S/C6H12O6/c7-1-2(8)4(10)6(12)5(11)3(1)9,C6H12O6,600.13,32768,0.01092,,,,,/reboxitory/2023/12/GISSMO/bmse000922/simulation_1/B0s/sim_600MHz.csv,True
bmse000923,simulation_1,L-thyroxine,"InChI=1S/C15H11I4NO4/c16-8-4-7(5-9(17)13(8)21)24-14-10(18)1-6(2-11(14)19)3-12(20)15(22)23/h1-2,4-5,12,21H,3,20H2,(H,22,23)/t12-/m0/s1",1S/C15H11I4NO4/c16-8-4-7(5-9(17)13(8)21)24-14-10(18)1-6(2-11(14)19)3-12(20)15(22)23,C15H11I4NO4,499.84,32768,0.02059,n/a,298,,,/reboxitory/2023/12/GISSMO/bmse000923/simulation_1/B0s/sim_600MHz.csv,True
bmse000925,simulation_1,Nitrosobenzene,InChI=1S/C6H5NO/c8-7-6-4-2-1-3-5-6/h1-5H,1S/C6H5NO/c8-7-6-4-2-1-3-5-6,C6H5NO,499.84,32768,0.01225,n/a,298,,,/reboxitory/2023/12/GISSMO/bmse000925/simulation_1/B0s/sim_600MHz.csv,True
bmse000928,simulation_1,Thiram,InChI=1S/C6H12N2S4/c1-7(2)5(9)11-12-6(10)8(3)4/h1-4H3,1S/C6H12N2S4/c1-7(2)5(9)11-12-6(10)8(3)4,C6H12N2S4,499.84,32768,0.01783,n/a,298,,,/reboxitory/2023/12/GISSMO/bmse000928/simulation_1/B0s/sim_600MHz.csv,True
bmse000929,simulation_1,3-Methoxytyramine,"InChI=1S/C9H13NO2/c1-12-9-6-7(4-5-10)2-3-8(9)11/h2-3,6,11H,4-5,10H2,1H3",1S/C9H13NO2/c1-12-9-6-7(4-5-10)2-3-8(9)11,C9H13NO2,499.84,32768,0.01027,7.4,298,,,/reboxitory/2023/12/GISSMO/bmse000929/simulation_1/B0s/sim_600MHz.csv,True
bmse000930,simulation_1,4-Pyridoxic-acid,"InChI=1S/C8H9NO4/c1-4-7(11)6(8(12)13)5(3-10)2-9-4/h2,10-11H,3H2,1H3,(H,12,13)",1S/C8H9NO4/c1-4-7(11)6(8(12)13)5(3-10)2-9-4,C8H9NO4,499.84,32768,0.01530,7.4,298,,,/reboxitory/2023/12/GISSMO/bmse000930/simulation_1/B0s/sim_600MHz.csv,True
bmse000933,simulation_1,Dopamine,"InChI=1S/C8H11NO2/c9-4-3-6-1-2-7(10)8(11)5-6/h1-2,5,10-11H,3-4,9H2",1S/C8H11NO2/c9-4-3-6-1-2-7(10)8(11)5-6,C8H11NO2,499.84,32768,0.01120,7.4,298,,,/reboxitory/2023/12/GISSMO/bmse000933/simulation_1/B0s/sim_600MHz.csv,True
bmse000936,simulation_1,Agmatine,"InChI=1S/C5H14N4/c6-3-1-2-4-9-5(7)8/h1-4,6H2,(H4,7,8,9)",1S/C5H14N4/c6-3-1-2-4-9-5(7)8,C5H14N4,600.13,32768,0.01556,7.4,298,,,/reboxitory/2023/12/GISSMO/bmse000936/simulation_1/B0s/sim_600MHz.csv,True
bmse000940,simulation_1,Uracil,"InChI=1S/C4H4N2O2/c7-3-1-2-5-4(8)6-3/h1-2H,(H2,5,6,7,8)",1S/C4H4N2O2/c7-3-1-2-5-4(8)6-3,C4H4N2O2,600.13,32768,0.01561,7.4,298,,,/reboxitory/2023/12/GISSMO/bmse000940/simulation_1/B0s/sim_600MHz.csv,True
bmse000942,simulation_1,2-Deoxyinosine,"InChI=1S/C10H12N4O4/c15-2-6-5(16)1-7(18-6)14-4-13-8-9(14)11-3-12-10(8)17/h3-7,15-16H,1-2H2,(H,11,12,17)/t5-,6+,7+/m0/s1",1S/C10H12N4O4/c15-2-6-5(16)1-7(18-6)14-4-13-8-9(14)11-3-12-10(8)17,C10H12N4O4,499.84,32768,0.01756,7.4,298,,,/reboxitory/2023/12/GISSMO/bmse000942/simulation_1/B0s/sim_600MHz.csv,True
bmse000943,simulation_1,5-Methoxy-DL-tryptophan,"InChI=1S/C12H14N2O3/c1-17-8-2-3-11-9(5-8)7(6-14-11)4-10(13)12(15)16/h2-3,5-6,10,14H,4,13H2,1H3,(H,15,16)/t10-/m0/s1",1S/C12H14N2O3/c1-17-8-2-3-11-9(5-8)7(6-14-11)4-10(13)12(15)16,C12H14N2O3,499.84,32768,0.02155,7.4,298,,,/reboxitory/2023/12/GISSMO/bmse000943/simulation_1/B0s/sim_600MHz.csv,True
bmse000944,simulation_1,Ethyl-acetoacetate,"InChI=1S/C6H10O3/c1-3-9-6(8)4-5(2)7/h3-4H2,1-2H3",1S/C6H10O3/c1-3-9-6(8)4-5(2)7,C6H10O3,499.84,32768,0.01497,n/a,298,,,/reboxitory/2023/12/GISSMO/bmse000944/simulation_1/B0s/sim_600MHz.csv,True
bmse000947,simulation_1,L-Proline,"InChI=1S/C5H9NO2/c7-5(8)4-2-1-3-6-4/h4,6H,1-3H2,(H,7,8)/t4-/m0/s1",1S/C5H9NO2/c7-5(8)4-2-1-3-6-4,C5H9NO2,600.13,32768,0.00965,7.4,298,,,/reboxitory/2023/12/GISSMO/bmse000947/simulation_1/B0s/sim_600MHz.csv,True
bmse000948,simulation_1,Betaine,"InChI=1S/C5H11NO2/c1-6(2,3)4-5(7)8/h4H2,1-3H3","1S/C5H11NO2/c1-6(2,3)4-5(7)8",C5H11NO2,600.13,32768,0.01048,7.4,298,,,/reboxitory/2023/12/GISSMO/bmse000948/simulation_1/B0s/sim_600MHz.csv,True
bmse000949,simulation_1,D-Carnitine,"InChI=1S/C7H15NO3/c1-8(2,3)5-6(9)4-7(10)11/h6,9H,4-5H2,1-3H3/p+1/t6-/m1/s1","1S/C7H15NO3/c1-8(2,3)5-6(9)4-7(10)11",C7H15NO3,600.13,32768,0.02326,7.4,298,,,/reboxitory/2023/12/GISSMO/bmse000949/simulation_1/B0s/sim_600MHz.csv,True
bmse000950,simulation_1,Creatine,"InChI=1S/C4H9N3O2/c1-7(4(5)6)2-3(8)9/h2H2,1H3,(H3,5,6)(H,8,9)",1S/C4H9N3O2/c1-7(4(5)6)2-3(8)9,C4H9N3O2,600.13,32768,0.00645,7.4,298,,,/reboxitory/2023/12/GISSMO/bmse000950/simulation_1/B0s/sim_600MHz.csv,True
bmse000952,simulation_1,L-Glutathione reduced,"InChI=1S/C10H17N3O6S/c11-5(10(18)19)1-2-7(14)13-6(4-20)9(17)12-3-8(15)16/h5-6,20H,1-4,11H2,(H,12,17)(H,13,14)(H,15,16)(H,18,19)/t5-,6-/m0/s1",1S/C10H17N3O6S/c11-5(10(18)19)1-2-7(14)13-6(4-20)9(17)12-3-8(15)16,C10H17N3O6S,600.13,32768,0.01496,7.4,298,,,/reboxitory/2023/12/GISSMO/bmse000952/simulation_1/B0s/sim_600MHz.csv,True
bmse000953,simulation_1,Choline,"InChI=1S/C5H14NO/c1-6(2,3)4-5-7/h7H,4-5H2,1-3H3/q+1","1S/C5H14NO/c1-6(2,3)4-5-7",C5H14NO,600.13,32768,0.02707,7.4,298,,,/reboxitory/2023/12/GISSMO/bmse000953/simulation_1/B0s/sim_600MHz.csv,True
bmse000957,simulation_1,5-Aminovaleric-acid,"InChI=1/C5H11NO2/c6-4-2-1-3-5(7)8/h1-4,6H2,(H,7,8)/f/h7H",1/C5H11NO2/c6-4-2-1-3-5(7)8,C5H11NO2,499.84,32768,0.01798,7.4,298,,,/reboxitory/2023/12/GISSMO/bmse000957/simulation_1/B0s/sim_600MHz.csv,True
bmse000962,simulation_1,Gentisaldehyde,"InChI=1S/C7H6O3/c8-4-5-3-6(9)1-2-7(5)10/h1-4,9-10H",1S/C7H6O3/c8-4-5-3-6(9)1-2-7(5)10,C7H6O3,499.84,32768,0.01742,n/a,298,,,/reboxitory/2023/12/GISSMO/bmse000962/simulation_1/B0s/sim_600MHz.csv,True
bmse000966,simulation_1,Trans 4 Hydroxy-L-proline,"InChI=1S/C5H9NO3/c7-3-1-4(5(8)9)6-2-3/h3-4,6-7H,1-2H2,(H,8,9)/t3-,4+/m1/s1",1S/C5H9NO3/c7-3-1-4(5(8)9)6-2-3,C5H9NO3,600.13,32768,0.01816,7.4,298,,,/reboxitory/2023/12/GISSMO/bmse000966/simulation_1/B0s/sim_600MHz.csv,True
bmse000967,simulation_1,Beta-Alanine,"InChI=1S/C3H7NO2/c4-2-1-3(5)6/h1-2,4H2,(H,5,6)",1S/C3H7NO2/c4-2-1-3(5)6,C3H7NO2,600.13,32768,0.00556,7.4,298,,,/reboxitory/2023/12/GISSMO/bmse000967/simulation_1/B0s/sim_600MHz.csv,True
bmse000968,simulation_1,Succinic acid,"InChI=1S/C4H6O4/c5-3(6)1-2-4(7)8/h1-2H2,(H,5,6)(H,7,8)",1S/C4H6O4/c5-3(6)1-2-4(7)8,C4H6O4,600.13,32768,0.00897,7.4,298,,,/reboxitory/2023/12/GISSMO/bmse000968/simulation_1/B0s/sim_600MHz.csv,True
bmse000969,simulation_1,Cytidine,"InChI=1S/C9H13N3O5/c10-5-1-2-12(9(16)11-5)8-7(15)6(14)4(3-13)17-8/h1-2,4,6-8,13-15H,3H2,(H2,10,11,16)/t4-,6-,7-,8-/m1/s1",1S/C9H13N3O5/c10-5-1-2-12(9(16)11-5)8-7(15)6(14)4(3-13)17-8,C9H13N3O5,600.13,32768,0.01235,7.4,298,,,/reboxitory/2023/12/GISSMO/bmse000969/simulation_1/B0s/sim_600MHz.csv,True
bmse000972,simulation_1,Butyraldehyde,"InChI=1S/C4H8O/c1-2-3-4-5/h4H,2-3H2,1H3",1S/C4H8O/c1-2-3-4-5,C4H8O,499.84,32768,0.01171,n/a,298,,,/reboxitory/2023/12/GISSMO/bmse000972/simulation_1/B0s/sim_600MHz.csv,True
bmse000973,simulation_1,Ethyl-4-aminobutyrate,"InChI=1S/C6H13NO2/c1-2-9-6(8)4-3-5-7/h2-5,7H2,1H3",1S/C6H13NO2/c1-2-9-6(8)4-3-5-7,C6H13NO2,499.84,32768,0.01530,n/a,298,,,/reboxitory/2023/12/GISSMO/bmse000973/simulation_1/B0s/sim_600MHz.csv,True
bmse000975,simulation_1,L-cysteine,"InChI=1S/C3H7NO2S/c4-2(1-7)3(5)6/h2,7H,1,4H2,(H,5,6)/t2-/m0/s1",1S/C3H7NO2S/c4-2(1-7)3(5)6,C3H7NO2S,600.13,32768,0.01509,7.4,298,,,/reboxitory/2023/12/GISSMO/bmse000975/simulation_1/B0s/sim_600MHz.csv,True
bmse000976,simulation_1,L-Histidine,"InChI=1S/C6H9N3O2/c7-5(6(10)11)1-4-2-8-3-9-4/h2-3,5H,1,7H2,(H,8,9)(H,10,11)/t5-/m0/s1",1S/C6H9N3O2/c7-5(6(10)11)1-4-2-8-3-9-4,C6H9N3O2,600.13,32768,0.01480,7.4,298,,,/reboxitory/2023/12/GISSMO/bmse000976/simulation_1/B0s/sim_600MHz.csv,True
bmse000977,simulation_1,Glycine,"InChI=1S/C2H5NO2/c3-1-2(4)5/h1,3H2,(H,4,5)",1S/C2H5NO2/c3-1-2(4)5,C2H5NO2,600.13,32768,0.01389,7.4,298,,,/reboxitory/2023/12/GISSMO/bmse000977/simulation_1/B0s/sim_600MHz.csv,True
bmse000978,simulation_1,Inosine,"InChI=1S/C10H12N4O5/c15-1-4-6(16)7(17)10(19-4)14-3-13-5-8(14)11-2-12-9(5)18/h2-4,6-7,10,15-17H,1H2,(H,11,12,18)/t4-,6-,7-,10-/m1/s1",1S/C10H12N4O5/c15-1-4-6(16)7(17)10(19-4)14-3-13-5-8(14)11-2-12-9(5)18,C10H12N4O5,600.13,32768,0.01816,7.4,298,,,/reboxitory/2023/12/GISSMO/bmse000978/simulation_1/B0s/sim_600MHz.csv,True
bmse000979,simulation_1,L-(+) Lactic acid,"InChI=1S/C3H6O3/c1-2(4)3(5)6/h2,4H,1H3,(H,5,6)/t2-/m0/s1",1S/C3H6O3/c1-2(4)3(5)6,C3H6O3,600.13,32768,0.00800,7.4,298,,,/reboxitory/2023/12/GISSMO/bmse000979/simulation_1/B0s/sim_600MHz.csv,True
bmse000982,simulation_1,2-Isopropylmalic-acid,"InChI=1S/C7H12O5/c1-4(2)7(12,6(10)11)3-5(8)9/h4,12H,3H2,1-2H3,(H,8,9)(H,10,11)/t7-/m0/s1","1S/C7H12O5/c1-4(2)7(12,6(10)11)3-5(8)9",C7H12O5,499.84,32768,0.00814,7.4,298,,,/reboxitory/2023/12/GISSMO/bmse000982/simulation_1/B0s/sim_600MHz.csv,True
bmse000984,simulation_1,2-Amino-6-chloropurine,"InChI=1S/C5H4ClN5/c6-3-2-4(9-1-8-2)11-5(7)10-3/h1H,(H3,7,8,9,10,11)",1S/C5H4ClN5/c6-3-2-4(9-1-8-2)11-5(7)10-3,C5H4ClN5,499.84,32768,0.02650,n/a,298,,,/reboxitory/2023/12/GISSMO/bmse000984/simulation_1/B0s/sim_600MHz.csv,True
bmse000985,simulation_1,6-Hydroxyflavanone,"InChI=1S/C15H12O3/c16-11-6-7-14-12(8-11)13(17)9-15(18-14)10-4-2-1-3-5-10/h1-8,15-16H,9H2/t15-/m1/s1",1S/C15H12O3/c16-11-6-7-14-12(8-11)13(17)9-15(18-14)10-4-2-1-3-5-10,C15H12O3,499.84,32768,0.01880,n/a,298,,,/reboxitory/2023/12/GISSMO/bmse000985/simulation_1/B0s/sim_600MHz.csv,True
bmse000986,simulation_1,Esculetin,"InChI=1S/C9H6O4/c10-6-3-5-1-2-9(12)13-8(5)4-7(6)11/h1-4,10-11H",1S/C9H6O4/c10-6-3-5-1-2-9(12)13-8(5)4-7(6)11,C9H6O4,499.84,32768,0.01917,n/a,298,,,/reboxitory/2023/12/GISSMO/bmse000986/simulation_1/B0s/sim_600MHz.csv,True
bmse000988,simulation_1,Harmalol,"InChI=1S/C12H12N2O/c1-7-12-10(4-5-13-7)9-3-2-8(15)6-11(9)14-12/h2-3,6,13-14H,4-5H2,1H3",1S/C12H12N2O/c1-7-12-10(4-5-13-7)9-3-2-8(15)6-11(9)14-12,C12H12N2O,499.84,32768,0.02012,n/a,298,,,/reboxitory/2023/12/GISSMO/bmse000988/simulation_1/B0s/sim_600MHz.csv,True
bmse000989,simulation_1,Lapachol,"InChI=1S/C15H14O3/c1-9(2)7-8-12-13(16)10-5-3-4-6-11(10)14(17)15(12)18/h3-7,16H,8H2,1-2H3",1S/C15H14O3/c1-9(2)7-8-12-13(16)10-5-3-4-6-11(10)14(17)15(12)18,C15H14O3,499.84,32768,0.02383,n/a,298,,,/reboxitory/2023/12/GISSMO/bmse000989/simulation_1/B0s/sim_600MHz.csv,True
bmse000990,simulation_1,5-Aminovaleric acid,"InChI=1S/C5H11NO2/c6-4-2-1-3-5(7)8/h1-4,6H2,(H,7,8)",1S/C5H11NO2/c6-4-2-1-3-5(7)8,C5H11NO2,499.84,32768,0.01972,7.4,298,,,/reboxitory/2023/12/GISSMO/bmse000990/simulation_1/B0s/sim_600MHz.csv,True
bmse001010,simulation_1,Harmalol,"InChI=1S/C12H12N2O/c1-7-12-10(4-5-13-7)9-3-2-8(15)6-11(9)14-12/h2-3,6,13-14H,4-5H2,1H3",1S/C12H12N2O/c1-7-12-10(4-5-13-7)9-3-2-8(15)6-11(9)14-12,C12H12N2O,600.13,32768,0.01516,n/a,298,,,/reboxitory/2023/12/GISSMO/bmse001010/simulation_1/B0s/sim_600MHz.csv,True
bmse001029,simulation_1,4-Chlorobenzaldehyde,InChI=1S/C7H5ClO/c8-7-3-1-6(5-9)2-4-7/h1-5H,1S/C7H5ClO/c8-7-3-1-6(5-9)2-4-7,C7H5ClO,400.13,32768,0.02743,n/a,298,,,/reboxitory/2023/12/GISSMO/bmse001029/simulation_1/B0s/sim_600MHz.csv,True
bmse001104,simulation_1,PENTYL BENZOATE,"InChI=1S/C12H16O2/c1-2-3-7-10-14-12(13)11-8-5-4-6-9-11/h4-6,8-9H,2-3,7,10H2,1H3",1S/C12H16O2/c1-2-3-7-10-14-12(13)11-8-5-4-6-9-11,C12H16O2,499.84,32768,0.02143,,,,,/reboxitory/2023/12/GISSMO/bmse001104/simulation_1/B0s/sim_600MHz.csv,True
bmse001106,simulation_1,"5,10,15,20-Tetraphenyl-21H,23H-porphine zinc","InChI=1S/C44H28N4.Zn/c1-5-13-29(14-6-1)41-33-21-23-35(45-33)42(30-15-7-2-8-16-30)37-25-27-39(47-37)44(32-19-11-4-12-20-32)40-28-26-38(48-40)43(31-17-9-3-10-18-31)36-24-22-34(41)46-36;/h1-28H;/q-2;+2/b41-33-,41-34-,42-35-,42-37-,43-36-,43-38-,44-39-,44-40-;",1S/C44H28N4.Zn/c1-5-13-29(14-6-1)41-33-21-23-35(45-33)42(30-15-7-2-8-16-30)37-25-27-39(47-37)44(32-19-11-4-12-20-32)40-28-26-38(48-40)43(31-17-9-3-10-18-31)36-24-22-34(41)46-36;,C44H28N4.Zn,499.84,32768,0.02012,,,,,/reboxitory/2023/12/GISSMO/bmse001106/simulation_1/B0s/sim_600MHz.csv,True
bmse001108,simulation_1,Nonanal,"InChI=1S/C9H18O/c1-2-3-4-5-6-7-8-9-10/h9H,2-8H2,1H3",1S/C9H18O/c1-2-3-4-5-6-7-8-9-10,C9H18O,499.84,32768,0.01176,,,,,/reboxitory/2023/12/GISSMO/bmse001108/simulation_1/B0s/sim_600MHz.csv,True
bmse001114,simulation_1,3-(1H-indol-3-yl)prop-2-enoic acid,"InChI=1S/C11H9NO2/c13-11(14)6-5-8-7-12-10-4-2-1-3-9(8)10/h1-7,12H,(H,13,14)/b6-5+",1S/C11H9NO2/c13-11(14)6-5-8-7-12-10-4-2-1-3-9(8)10,C11H9NO2,499.84,32768,0.01183,,,,,/reboxitory/2023/12/GISSMO/bmse001114/simulation_1/B0s/sim_600MHz.csv,True
bmse001115,simulation_1,"2-[2,3-Di(hexanoyloxy)propoxy-hydroxyphosphoryl]oxyethyl-trimethylazanium","InChI=1S/C20H40NO8P/c1-6-8-10-12-19(22)26-16-18(29-20(23)13-11-9-7-2)17-28-30(24,25)27-15-14-21(3,4)5/h18H,6-17H2,1-5H3/p+1/t18-/m0/s1","1S/C20H40NO8P/c1-6-8-10-12-19(22)26-16-18(29-20(23)13-11-9-7-2)17-28-30(24,25)27-15-14-21(3,4)5",C20H40NO8P,499.84,32768,0.01563,,,,,/reboxitory/2023/12/GISSMO/bmse001115/simulation_1/B0s/sim_600MHz.csv,True
bmse001121,simulation_1,"5,7-Dihydroxy-2-(4-hydroxyphenyl)chroman-4-one","InChI=1S/C15H12O5/c16-9-3-1-8(2-4-9)13-7-12(19)15-11(18)5-10(17)6-14(15)20-13/h1-6,13,16-18H,7H2/t13-/m0/s1",1S/C15H12O5/c16-9-3-1-8(2-4-9)13-7-12(19)15-11(18)5-10(17)6-14(15)20-13,C15H12O5,499.84,32768,0.01470,,,,,/reboxitory/2023/12/GISSMO/bmse001121/simulation_1/B0s/sim_600MHz.csv,True
bmse001122,simulation_1,"3-(4-Hydroxyphenyl)-1-(2,4,6-trihydroxyphenyl)propan-1-one","InChI=1S/C15H14O5/c16-10-4-1-9(2-5-10)3-6-12(18)15-13(19)7-11(17)8-14(15)20/h1-2,4-5,7-8,16-17,19-20H,3,6H2",1S/C15H14O5/c16-10-4-1-9(2-5-10)3-6-12(18)15-13(19)7-11(17)8-14(15)20,C15H14O5,499.84,32768,0.01828,,,,,/reboxitory/2023/12/GISSMO/bmse001122/simulation_1/B0s/sim_600MHz.csv,True
bmse001124,simulation_1,"5,7-Dihydroxy-2-(4-hydroxyphenyl)chromen-4-one","InChI=1S/C15H10O5/c16-9-3-1-8(2-4-9)13-7-12(19)15-11(18)5-10(17)6-14(15)20-13/h1-7,16-18H",1S/C15H10O5/c16-9-3-1-8(2-4-9)13-7-12(19)15-11(18)5-10(17)6-14(15)20-13,C15H10O5,499.84,32768,0.08590,,,,,/reboxitory/2023/12/GISSMO/bmse001124/simulation_1/B0s/sim_600MHz.csv,True
bmse001125,simulation_1,"(2E)-3,7-dimethylocta-2,6-dien-1-ol","InChI=1S/C10H18O/c1-9(2)5-4-6-10(3)7-8-11/h5,7,11H,4,6,8H2,1-3H3/b10-7+",1S/C10H18O/c1-9(2)5-4-6-10(3)7-8-11,C10H18O,499.84,32768,0.01898,,,,,/reboxitory/2023/12/GISSMO/bmse001125/simulation_1/B0s/sim_600MHz.csv,True
bmse001129,simulation_1,Scopoletin,"InChI=1S/C10H8O4/c1-13-9-4-6-2-3-10(12)14-8(6)5-7(9)11/h2-5,12H,1H3",1S/C10H8O4/c1-13-9-4-6-2-3-10(12)14-8(6)5-7(9)11,C10H8O4,499.84,32768,0.01302,,,,,/reboxitory/2023/12/GISSMO/bmse001129/simulation_1/B0s/sim_600MHz.csv,True
bmse001133,simulation_1,N-(4-aminobutyl)acetamide,"InChI=1S/C6H14N2O/c1-6(9)8-5-3-2-4-7/h2-5,7H2,1H3,(H,8,9)",1S/C6H14N2O/c1-6(9)8-5-3-2-4-7,C6H14N2O,499.84,32768,0.01595,,,,,/reboxitory/2023/12/GISSMO/bmse001133/simulation_1/B0s/sim_600MHz.csv,True
bmse001134,simulation_1,Formiminoglycine,"InChI=1S/C3H6N2O2/c4-2-5-1-3(6)7/h2H,1H2,(H2,4,5)(H,6,7)",1S/C3H6N2O2/c4-2-5-1-3(6)7,C3H6N2O2,499.84,32768,0.03426,,,,,/reboxitory/2023/12/GISSMO/bmse001134/simulation_1/B0s/sim_600MHz.csv,True
bmse001136,simulation_1,"5-[(E)-2-(4-hydroxyphenyl)ethenyl]benzene-1,3-diol","InChI=1S/C14H12O3/c15-12-5-3-10(4-6-12)1-2-11-7-13(16)9-14(17)8-11/h1-9,15-17H/b2-1+",1S/C14H12O3/c15-12-5-3-10(4-6-12)1-2-11-7-13(16)9-14(17)8-11,C14H12O3,499.84,32768,0.00701,,,,,/reboxitory/2023/12/GISSMO/bmse001136/simulation_1/B0s/sim_600MHz.csv,True
bmse001141,simulation_1,"2-Methylnaphthalene-1,4-dione","InChI=1S/C11H8O2/c1-7-6-10(12)8-4-2-3-5-9(8)11(7)13/h2-6H,1H3",1S/C11H8O2/c1-7-6-10(12)8-4-2-3-5-9(8)11(7)13,C11H8O2,499.84,32768,0.05879,,,,,/reboxitory/2023/12/GISSMO/bmse001141/simulation_1/B0s/sim_600MHz.csv,True
bmse001142,simulation_1,2-Amino-3-hydroxybutanoic acid,"InChI=1S/C4H9NO3/c1-2(6)3(5)4(7)8/h2-3,6H,5H2,1H3,(H,7,8)/t2-,3-/m0/s1",1S/C4H9NO3/c1-2(6)3(5)4(7)8,C4H9NO3,499.84,32768,0.01274,,,,,/reboxitory/2023/12/GISSMO/bmse001142/simulation_1/B0s/sim_600MHz.csv,True
bmse001144,simulation_1,2-Amino-3-(3H-imidazol-4-yl)propanoic acid,"InChI=1S/C6H9N3O2/c7-5(6(10)11)1-4-2-8-3-9-4/h2-3,5H,1,7H2,(H,8,9)(H,10,11)/t5-/m1/s1",1S/C6H9N3O2/c7-5(6(10)11)1-4-2-8-3-9-4,C6H9N3O2,499.84,32768,0.01601,,,,,/reboxitory/2023/12/GISSMO/bmse001144/simulation_1/B0s/sim_600MHz.csv,True
bmse001146,simulation_1,"(5Z,8Z,11Z,14Z,17Z)-icosa-5,8,11,14,17-pentaenoic acid","InChI=1S/C20H30O2/c1-2-3-4-5-6-7-8-9-10-11-12-13-14-15-16-17-18-19-20(21)22/h3-4,6-7,9-10,12-13,15-16H,2,5,8,11,14,17-19H2,1H3,(H,21,22)/b4-3-,7-6-,10-9-,13-12-,16-15-",1S/C20H30O2/c1-2-3-4-5-6-7-8-9-10-11-12-13-14-15-16-17-18-19-20(21)22,C20H30O2,499.84,32768,0.01481,,,,,/reboxitory/2023/12/GISSMO/bmse001146/simulation_1/B0s/sim_600MHz.csv,True
bmse001147,simulation_1,"2-(3,4-Dihydroxyphenyl)chroman-3,5,7-triol","InChI=1S/C15H14O6/c16-8-4-11(18)9-6-13(20)15(21-14(9)5-8)7-1-2-10(17)12(19)3-7/h1-5,13,15-20H,6H2/t13-,15+/m0/s1",1S/C15H14O6/c16-8-4-11(18)9-6-13(20)15(21-14(9)5-8)7-1-2-10(17)12(19)3-7,C15H14O6,499.84,32768,0.01537,,,,,/reboxitory/2023/12/GISSMO/bmse001147/simulation_1/B0s/sim_600MHz.csv,True
bmse001148,simulation_1,6-Methylhept-5-en-2-one,"InChI=1S/C8H14O/c1-7(2)5-4-6-8(3)9/h5H,4,6H2,1-3H3",1S/C8H14O/c1-7(2)5-4-6-8(3)9,C8H14O,499.84,32768,0.00948,,,,,/reboxitory/2023/12/GISSMO/bmse001148/simulation_1/B0s/sim_600MHz.csv,True
bmse001150,simulation_1,"4-Amino-1,2-oxazolidin-3-one","InChI=1S/C3H6N2O2/c4-2-1-7-5-3(2)6/h2H,1,4H2,(H,5,6)/t2-/m1/s1",1S/C3H6N2O2/c4-2-1-7-5-3(2)6,C3H6N2O2,499.84,32768,0.02815,,,,,/reboxitory/2023/12/GISSMO/bmse001150/simulation_1/B0s/sim_600MHz.csv,True
bmse001151,simulation_1,Methyldisulfanylmethane,InChI=1S/C2H6S2/c1-3-4-2/h1-2H3,1S/C2H6S2/c1-3-4-2,C2H6S2,499.84,32768,0.01100,,,,,/reboxitory/2023/12/GISSMO/bmse001151/simulation_1/B0s/sim_600MHz.csv,True
bmse001152,simulation_1,Methylsulfanyldisulfanylmethane,InChI=1S/C2H6S3/c1-3-5-4-2/h1-2H3,1S/C2H6S3/c1-3-5-4-2,C2H6S3,499.84,32768,0.00438,,,,,/reboxitory/2023/12/GISSMO/bmse001152/simulation_1/B0s/sim_600MHz.csv,True
bmse001154,simulation_1,2-Methyl-5-propan-2-ylphenol,"InChI=1S/C10H14O/c1-7(2)9-5-4-8(3)10(11)6-9/h4-7,11H,1-3H3",1S/C10H14O/c1-7(2)9-5-4-8(3)10(11)6-9,C10H14O,499.84,32768,0.01085,,,,,/reboxitory/2023/12/GISSMO/bmse001154/simulation_1/B0s/sim_600MHz.csv,True
bmse001156,simulation_1,"(1E,6E)-1,7-bis(4-hydroxy-3-methoxyphenyl)hepta-1,6-diene-3,5-dione","InChI=1S/C21H20O6/c1-26-20-11-14(5-9-18(20)24)3-7-16(22)13-17(23)8-4-15-6-10-19(25)21(12-15)27-2/h3-12,24-25H,13H2,1-2H3",1S/C21H20O6/c1-26-20-11-14(5-9-18(20)24)3-7-16(22)13-17(23)8-4-15-6-10-19(25)21(12-15)27-2,C21H20O6,499.84,32768,0.01347,,,,,/reboxitory/2023/12/GISSMO/bmse001156/simulation_1/B0s/sim_600MHz.csv,True
bmse001157,simulation_1,"4-[4-(3,4-Dihydroxyphenyl)-2,3-dimethylbutyl]benzene-1,2-diol","InChI=1S/C18H22O4/c1-11(7-13-3-5-15(19)17(21)9-13)12(2)8-14-4-6-16(20)18(22)10-14/h3-6,9-12,19-22H,7-8H2,1-2H3/t11-,12+",1S/C18H22O4/c1-11(7-13-3-5-15(19)17(21)9-13)12(2)8-14-4-6-16(20)18(22)10-14,C18H22O4,499.84,32768,0.02485,,,,,/reboxitory/2023/12/GISSMO/bmse001157/simulation_1/B0s/sim_600MHz.csv,True
bmse001158,simulation_1,2-Amino-4-ethylsulfanylbutanoic acid,"InChI=1S/C6H13NO2S/c1-2-10-4-3-5(7)6(8)9/h5H,2-4,7H2,1H3,(H,8,9)/t5-/m0/s1",1S/C6H13NO2S/c1-2-10-4-3-5(7)6(8)9,C6H13NO2S,499.84,32768,0.01312,,,,,/reboxitory/2023/12/GISSMO/bmse001158/simulation_1/B0s/sim_600MHz.csv,True
bmse001159,simulation_1,7-Hydroxyflavone,"InChI=1S/C15H10O3/c16-11-6-7-12-13(17)9-14(18-15(12)8-11)10-4-2-1-3-5-10/h1-9,17H",1S/C15H10O3/c16-11-6-7-12-13(17)9-14(18-15(12)8-11)10-4-2-1-3-5-10,C15H10O3,499.84,32768,0.00999,,,,,/reboxitory/2023/12/GISSMO/bmse001159/simulation_1/B0s/sim_600MHz.csv,True
bmse001162,simulation_1,AZULENE,InChI=1S/C10H8/c1-2-5-9-7-4-8-10(9)6-3-1/h1-8H,1S/C10H8/c1-2-5-9-7-4-8-10(9)6-3-1,C10H8,499.84,32768,0.01037,,,,,/reboxitory/2023/12/GISSMO/bmse001162/simulation_1/B0s/sim_600MHz.csv,True
bmse001166,simulation_1,5-Phenylpentanoic acid,"InChI=1S/C11H14O2/c12-11(13)9-5-4-8-10-6-2-1-3-7-10/h1-3,6-7H,4-5,8-9H2,(H,12,13)",1S/C11H14O2/c12-11(13)9-5-4-8-10-6-2-1-3-7-10,C11H14O2,499.84,32768,0.01954,,,,,/reboxitory/2023/12/GISSMO/bmse001166/simulation_1/B0s/sim_600MHz.csv,True
bmse001167,simulation_1,"3,5,7-Trihydroxy-2-(4-hydroxyphenyl)chromen-4-one","InChI=1S/C15H10O6/c16-8-3-1-7(2-4-8)15-14(20)13(19)12-10(18)5-9(17)6-11(12)21-15/h1-6,16-18,20H",1S/C15H10O6/c16-8-3-1-7(2-4-8)15-14(20)13(19)12-10(18)5-9(17)6-11(12)21-15,C15H10O6,499.84,32768,0.00723,,,,,/reboxitory/2023/12/GISSMO/bmse001167/simulation_1/B0s/sim_600MHz.csv,True
bmse001173,simulation_1,"5,7-Dihydroxy-3-(4-methoxyphenyl)chromen-4-one","InChI=1S/C16H12O5/c1-20-11-4-2-9(3-5-11)12-8-21-14-7-10(17)6-13(18)15(14)16(12)19/h2-8,17-18H,1H3",1S/C16H12O5/c1-20-11-4-2-9(3-5-11)12-8-21-14-7-10(17)6-13(18)15(14)16(12)19,C16H12O5,499.84,32768,0.00920,,,,,/reboxitory/2023/12/GISSMO/bmse001173/simulation_1/B0s/sim_600MHz.csv,True
bmse001174,simulation_1,Genistein,"InChI=1S/C15H10O5/c16-9-3-1-8(2-4-9)11-7-20-13-6-10(17)5-12(18)14(13)15(11)19/h1-7,16-18H",1S/C15H10O5/c16-9-3-1-8(2-4-9)11-7-20-13-6-10(17)5-12(18)14(13)15(11)19,C15H10O5,499.84,32768,0.00784,,,,,/reboxitory/2023/12/GISSMO/bmse001174/simulation_1/B0s/sim_600MHz.csv,True
bmse001176,simulation_1,"2-(3,4-Dihydroxyphenyl)-3,5,7-trihydroxychromen-4-one","InChI=1S/C15H10O7/c16-7-4-10(19)12-11(5-7)22-15(14(21)13(12)20)6-1-2-8(17)9(18)3-6/h1-5,16-19,21H",1S/C15H10O7/c16-7-4-10(19)12-11(5-7)22-15(14(21)13(12)20)6-1-2-8(17)9(18)3-6,C15H10O7,499.84,32768,0.00718,,,,,/reboxitory/2023/12/GISSMO/bmse001176/simulation_1/B0s/sim_600MHz.csv,True
bmse001179,simulation_1,"3,4,5-Trihydroxycyclohexene-1-carboxylic acid","InChI=1S/C7H10O5/c8-4-1-3(7(11)12)2-5(9)6(4)10/h1,4-6,8-10H,2H2,(H,11,12)/t4-,5-,6-/m1/s1",1S/C7H10O5/c8-4-1-3(7(11)12)2-5(9)6(4)10,C7H10O5,499.84,32768,0.01497,,,,,/reboxitory/2023/12/GISSMO/bmse001179/simulation_1/B0s/sim_600MHz.csv,True
bmse001181,simulation_1,3-Methylbutanal,"InChI=1S/C5H10O/c1-5(2)3-4-6/h4-5H,3H2,1-2H3",1S/C5H10O/c1-5(2)3-4-6,C5H10O,499.84,32768,0.01562,,,,,/reboxitory/2023/12/GISSMO/bmse001181/simulation_1/B0s/sim_600MHz.csv,True
bmse001182,simulation_1,"1-(1H-indol-3-yl)-N,N-dimethylmethanamine","InChI=1S/C11H14N2/c1-13(2)8-9-7-12-11-6-4-3-5-10(9)11/h3-7,12H,8H2,1-2H3",1S/C11H14N2/c1-13(2)8-9-7-12-11-6-4-3-5-10(9)11,C11H14N2,499.84,32768,0.03063,,,,,/reboxitory/2023/12/GISSMO/bmse001182/simulation_1/B0s/sim_600MHz.csv,True
bmse001187,simulation_1,"5-Hydroxy-2-methylnaphthalene-1,4-dione","InChI=1S/C11H8O3/c1-6-5-9(13)10-7(11(6)14)3-2-4-8(10)12/h2-5,12H,1H3",1S/C11H8O3/c1-6-5-9(13)10-7(11(6)14)3-2-4-8(10)12,C11H8O3,499.84,32768,0.01563,,,,,/reboxitory/2023/12/GISSMO/bmse001187/simulation_1/B0s/sim_600MHz.csv,True
bmse001189,simulation_1,2-(2-Hydroxy-5-prop-2-enylphenyl)-4-prop-2-enylphenol,"InChI=1S/C18H18O2/c1-3-5-13-7-9-17(19)15(11-13)16-12-14(6-4-2)8-10-18(16)20/h3-4,7-12,19-20H,1-2,5-6H2",1S/C18H18O2/c1-3-5-13-7-9-17(19)15(11-13)16-12-14(6-4-2)8-10-18(16)20,C18H18O2,499.84,32768,0.01999,,,,,/reboxitory/2023/12/GISSMO/bmse001189/simulation_1/B0s/sim_600MHz.csv,True
bmse001190,simulation_1,Ellagic acid,"InChI=1S/C14H6O8/c15-5-1-3-7-8-4(14(20)22-11(7)9(5)17)2-6(16)10(18)12(8)21-13(3)19/h1-2,15-18H",1S/C14H6O8/c15-5-1-3-7-8-4(14(20)22-11(7)9(5)17)2-6(16)10(18)12(8)21-13(3)19,C14H6O8,499.84,32768,0.00883,,,,,/reboxitory/2023/12/GISSMO/bmse001190/simulation_1/B0s/sim_600MHz.csv,True
bmse001191,simulation_1,5-Methylfuran-2-carbaldehyde,"InChI=1S/C6H6O2/c1-5-2-3-6(4-7)8-5/h2-4H,1H3",1S/C6H6O2/c1-5-2-3-6(4-7)8-5,C6H6O2,499.84,32768,0.01216,,,,,/reboxitory/2023/12/GISSMO/bmse001191/simulation_1/B0s/sim_600MHz.csv,True
bmse001192,simulation_1,"5-CHLORO-2-(2,4-DICHLOROPHENOXY)PHENOL","InChI=1S/C12H7Cl3O2/c13-7-1-3-11(9(15)5-7)17-12-4-2-8(14)6-10(12)16/h1-6,16H",1S/C12H7Cl3O2/c13-7-1-3-11(9(15)5-7)17-12-4-2-8(14)6-10(12)16,C12H7Cl3O2,499.84,32768,0.01575,,,,,/reboxitory/2023/12/GISSMO/bmse001192/simulation_1/B0s/sim_600MHz.csv,True
bmse001194,simulation_1,Methyl 4-hydroxybenzoate,"InChI=1S/C8H8O3/c1-11-8(10)6-2-4-7(9)5-3-6/h2-5,9H,1H3",1S/C8H8O3/c1-11-8(10)6-2-4-7(9)5-3-6,C8H8O3,499.84,32768,0.01603,,,,,/reboxitory/2023/12/GISSMO/bmse001194/simulation_1/B0s/sim_600MHz.csv,True
bmse001195,simulation_1,2-Prop-2-enylphenol,"InChI=1S/C9H10O/c1-2-5-8-6-3-4-7-9(8)10/h2-4,6-7,10H,1,5H2",1S/C9H10O/c1-2-5-8-6-3-4-7-9(8)10,C9H10O,499.84,32768,0.01548,,,,,/reboxitory/2023/12/GISSMO/bmse001195/simulation_1/B0s/sim_600MHz.csv,True
bmse001196,simulation_1,5-Hydroxy-2-(hydroxymethyl)pyran-4-one,"InChI=1S/C6H6O4/c7-2-4-1-5(8)6(9)3-10-4/h1,3,7,9H,2H2",1S/C6H6O4/c7-2-4-1-5(8)6(9)3-10-4,C6H6O4,499.84,32768,0.01077,,,,,/reboxitory/2023/12/GISSMO/bmse001196/simulation_1/B0s/sim_600MHz.csv,True
bmse001197,simulation_1,(E)-6-(4-hydroxy-6-methoxy-7-methyl-3-oxo-1H-2-benzofuran-5-yl)-4-methylhex-4-enoic acid,"InChI=1S/C17H20O6/c1-9(5-7-13(18)19)4-6-11-15(20)14-12(8-23-17(14)21)10(2)16(11)22-3/h4,20H,5-8H2,1-3H3,(H,18,19)/b9-4+",1S/C17H20O6/c1-9(5-7-13(18)19)4-6-11-15(20)14-12(8-23-17(14)21)10(2)16(11)22-3,C17H20O6,499.84,32768,0.01164,,,,,/reboxitory/2023/12/GISSMO/bmse001197/simulation_1/B0s/sim_600MHz.csv,True
bmse001198,simulation_1,Acenaphthene,"InChI=1S/C12H10/c1-3-9-4-2-6-11-8-7-10(5-1)12(9)11/h1-6H,7-8H2",1S/C12H10/c1-3-9-4-2-6-11-8-7-10(5-1)12(9)11,C12H10,499.84,32768,0.01642,,,,,/reboxitory/2023/12/GISSMO/bmse001198/simulation_1/B0s/sim_600MHz.csv,True
bmse001200,simulation_1,2-[2-[2-[2-(Bis(carboxymethyl)amino)ethoxy]ethoxy]ethyl-(carboxymethyl)amino]acetic acid,"InChI=1S/C14H24N2O10/c17-11(18)7-15(8-12(19)20)1-3-25-5-6-26-4-2-16(9-13(21)22)10-14(23)24/h1-10H2,(H,17,18)(H,19,20)(H,21,22)(H,23,24)",1S/C14H24N2O10/c17-11(18)7-15(8-12(19)20)1-3-25-5-6-26-4-2-16(9-13(21)22)10-14(23)24,C14H24N2O10,499.84,32768,0.01857,,,,,/reboxitory/2023/12/GISSMO/bmse001200/simulation_1/B0s/sim_600MHz.csv,True
bmse001203,simulation_1,"4-Hydroxy-2,5-dimethylfuran-3-one","InChI=1S/C6H8O3/c1-3-5(7)6(8)4(2)9-3/h3,8H,1-2H3/t3-/m1/s1",1S/C6H8O3/c1-3-5(7)6(8)4(2)9-3,C6H8O3,499.84,32768,0.00808,,,,,/reboxitory/2023/12/GISSMO/bmse001203/simulation_1/B0s/sim_600MHz.csv,True
bmse001295,simulation_1,Desaminotyrosine,"InChI=1S/C9H10O3/c10-8-4-1-7(2-5-8)3-6-9(11)12/h1-2,4-5,10H,3,6H2,(H,11,12)",1S/C9H10O3/c10-8-4-1-7(2-5-8)3-6-9(11)12,C9H10O3,499.84,32768,0.01257,,,,,/reboxitory/2023/12/GISSMO/bmse001295/simulation_1/B0s/sim_600MHz.csv,True
